frame,emulated_seconds,host_seconds
1,0.017502471249,0.005506100
2,0.035004942498,0.031680700
3,0.052507413746,0.048346500
4,0.070009884995,0.076109100
5,0.087512356244,0.093487200
6,0.105014827493,0.109825300
7,0.122517298741,0.128171200
8,0.140019769990,0.144901800
9,0.157522241239,0.161303300
10,0.175024712488,0.193008400
11,0.192527183736,0.208601100
12,0.210029654985,0.222931900
13,0.227532126234,0.245524000
14,0.245034597483,0.259538200
15,0.262537068731,0.274007200
16,0.280039539980,0.287835000
17,0.297542011229,0.301554000
18,0.315044482478,0.317360300
19,0.332546953727,0.335161400
20,0.350049424975,0.356128300
21,0.367551896224,0.371956900
22,0.385054367473,0.389739500
23,0.402556838722,0.406327600
24,0.420059309970,0.424246500
25,0.437561781219,0.441299700
26,0.455064252468,0.458583000
27,0.472566723717,0.476181400
28,0.490069194965,0.495013600
29,0.507571666214,0.514117000
30,0.525074137463,0.532086700
31,0.542576608712,0.551573400
32,0.560079079960,0.568226100
33,0.577581551209,0.586450100
34,0.595084022458,0.603153400
35,0.612586493707,0.620433900
36,0.630088964956,0.640944700
37,0.647591436204,0.656660500
38,0.665093907453,0.673546200
39,0.682596378702,0.690828900
40,0.700098849951,0.708455800
41,0.717601321199,0.726285400
42,0.735103792448,0.743713000
43,0.752606263697,0.761402100
44,0.770108734946,0.780644300
45,0.787611206194,0.797224100
46,0.805113677443,0.814362400
47,0.822616148692,0.832613000
48,0.840118619941,0.848040400
49,0.857621091189,0.866032500
50,0.875123562438,0.883632500
51,0.892626033687,0.900845100
52,0.910128504936,0.917981000
53,0.927630976185,0.936943200
54,0.945133447433,0.953053800
55,0.962635918682,0.970912500
56,0.980138389931,0.988323100
57,0.997640861180,1.006039500
58,1.015143332428,1.023526100
59,1.032645803677,1.040834500
60,1.050148274926,1.058430200
61,1.067650746175,1.076026300
62,1.085153217423,1.093604000
63,1.102655688672,1.111739100
64,1.120158159921,1.133167300
65,1.137660631170,1.148623800
66,1.155163102418,1.166107900
67,1.172665573667,1.182243300
68,1.190168044916,1.198948100
69,1.207670516165,1.216206300
70,1.225172987414,1.233228300
71,1.242675458662,1.250798900
72,1.260177929911,1.268660700
73,1.277680401160,1.285751200
74,1.295182872409,1.303415800
75,1.312685343657,1.320709200
76,1.330187814906,1.338296900
77,1.347690286155,1.356253100
78,1.365192757404,1.373195300
79,1.382695228652,1.390910200
80,1.400197699901,1.409101100
81,1.417700171150,1.425963500
82,1.435202642399,1.443463900
83,1.452705113647,1.461643000
84,1.470207584896,1.480821500
85,1.487710056145,1.497476400
86,1.505212527394,1.514018700
87,1.522714998642,1.531032900
88,1.540217469891,1.548642300
89,1.557719941140,1.565885800
90,1.575222412389,1.583355800
91,1.592724883638,1.601014700
92,1.610227354886,1.618448500
93,1.627729826135,1.636206300
94,1.645232297384,1.653450500
95,1.662734768633,1.671186000
96,1.680237239881,1.688733400
97,1.697739711130,1.705961100
98,1.715242182379,1.723266400
99,1.732744653628,1.741612300
100,1.750247124876,1.758581400
101,1.767749596125,1.776009900
102,1.785252067374,1.793479000
103,1.802754538623,1.811372800
104,1.820257009871,1.831036300
105,1.837759481120,1.847493700
106,1.855261952369,1.864214900
107,1.872764423618,1.880945000
108,1.890266894867,1.898367000
109,1.907769366115,1.915776400
110,1.925271837364,1.933543200
111,1.942774308613,1.950776000
112,1.960276779862,1.968633300
113,1.977779251110,1.985942000
114,1.995281722359,2.003441900
115,2.012784193608,2.021872700
116,2.030286664857,2.038673400
117,2.047789136105,2.055958800
118,2.065291607354,2.073751400
119,2.082794078603,2.091227600
120,2.100296549852,2.109600100
121,2.117799021100,2.126299600
122,2.135301492349,2.144846700
123,2.152803963598,2.162137100
124,2.170306434847,2.181391300
125,2.187808906096,2.198150100
126,2.205311377344,2.214337000
127,2.222813848593,2.231054000
128,2.240316319842,2.248331000
129,2.257818791091,2.265709900
130,2.275321262339,2.283449900
131,2.292823733588,2.300986900
132,2.310326204837,2.318636200
133,2.327828676086,2.336481600
134,2.345331147334,2.353959100
135,2.362833618583,2.371522200
136,2.380336089832,2.389652000
137,2.397838561081,2.406827000
138,2.415341032329,2.423896400
139,2.432843503578,2.441450300
140,2.450345974827,2.458748800
141,2.467848446076,2.476150000
142,2.485350917325,2.493865700
143,2.502853388573,2.511757800
144,2.520355859822,2.530777000
145,2.537858331071,2.547242600
146,2.555360802320,2.564368600
147,2.572863273568,2.581200400
148,2.590365744817,2.598569800
149,2.607868216066,2.616410200
150,2.625370687315,2.635416700
151,2.642873158563,2.651043000
152,2.660375629812,2.668387400
153,2.677878101061,2.685860000
154,2.695380572310,2.704179200
155,2.712883043558,2.721442600
156,2.730385514807,2.738518900
157,2.747887986056,2.756099600
158,2.765390457305,2.773377700
159,2.782892928554,2.791140800
160,2.800395399802,2.808628300
161,2.817897871051,2.826771000
162,2.835400342300,2.844510000
163,2.852902813549,2.861990000
164,2.870405284797,2.880958300
165,2.887907756046,2.897523200
166,2.905410227295,2.914508700
167,2.922912698544,2.931204100
168,2.940415169792,2.948287900
169,2.957917641041,2.966260800
170,2.975420112290,2.983382200
171,2.992922583539,3.001330100
172,3.010425054787,3.018506100
173,3.027927526036,3.035962500
174,3.045429997285,3.053508400
175,3.062932468534,3.071043800
176,3.080434939783,3.088480200
177,3.097937411031,3.105920100
178,3.115439882280,3.123749100
179,3.132942353529,3.141308000
180,3.150444824778,3.159042500
181,3.167947296026,3.176349400
182,3.185449767275,3.194348900
183,3.202952238524,3.212544500
184,3.220454709773,3.231472600
185,3.237957181021,3.247325300
186,3.255459652270,3.264210700
187,3.272962123519,3.281545000
188,3.290464594768,3.298706400
189,3.307967066016,3.316353900
190,3.325469537265,3.333627100
191,3.342972008514,3.351398000
192,3.360474479763,3.368594800
193,3.377976951012,3.386201400
194,3.395479422260,3.403625400
195,3.412981893509,3.421066300
196,3.430484364758,3.438572000
197,3.447986836007,3.455966200
198,3.465489307255,3.474078300
199,3.482991778504,3.491352500
200,3.500494249753,3.508808500
201,3.517996721002,3.526667300
202,3.535499192250,3.544743800
203,3.553001663499,3.562938000
204,3.570504134748,3.581275300
205,3.588006605997,3.598486300
206,3.605509077245,3.614515400
207,3.623011548494,3.631282300
208,3.640514019743,3.648545600
209,3.658016490992,3.666181200
210,3.675518962241,3.683517000
211,3.693021433489,3.701148400
212,3.710523904738,3.719741800
213,3.728026375987,3.736375100
214,3.745528847236,3.753600300
215,3.763031318484,3.771100300
216,3.780533789733,3.788561900
217,3.798036260982,3.806099000
218,3.815538732231,3.823754300
219,3.833041203479,3.841299700
220,3.850543674728,3.859558900
221,3.868046145977,3.876287700
222,3.885548617226,3.894322900
223,3.903051088474,3.911857200
224,3.920553559723,3.930620400
225,3.938056030972,3.947503100
226,3.955558502221,3.964148100
227,3.973060973470,3.981236200
228,3.990563444718,3.999738100
229,4.008065915967,4.016024200
230,4.025568387216,4.033516400
231,4.043070858465,4.051557700
232,4.060573329713,4.069083400
233,4.078075800962,4.086095000
234,4.095578272211,4.103628000
235,4.113080743460,4.121331200
236,4.130583214708,4.138687000
237,4.148085685957,4.156577800
238,4.165588157206,4.174184200
239,4.183090628455,4.191578500
240,4.200593099703,4.208838000
241,4.218095570952,4.226344000
242,4.235598042201,4.245998000
243,4.253100513450,4.262351300
244,4.270602984699,4.280930000
245,4.288105455947,4.298118600
246,4.305607927196,4.314608600
247,4.323110398445,4.331705000
248,4.340612869694,4.348862600
249,4.358115340942,4.365223800
250,4.375617812191,4.382912400
251,4.393120283440,4.400437500
252,4.410622754689,4.417760200
253,4.428125225937,4.435353800
254,4.445627697186,4.452527800
255,4.463130168435,4.470395600
256,4.480632639684,4.488180900
257,4.498135110932,4.505518600
258,4.515637582181,4.522758500
259,4.533140053430,4.540306700
260,4.550642524679,4.558201100
261,4.568144995927,4.575615100
262,4.585647467176,4.593269700
263,4.603149938425,4.612247000
264,4.620652409674,4.630386800
265,4.638154880923,4.646406600
266,4.655657352171,4.663433500
267,4.673159823420,4.680224200
268,4.690662294669,4.697689300
269,4.708164765918,4.715617400
270,4.725667237166,4.734204800
271,4.743169708415,4.750912400
272,4.760672179664,4.768076100
273,4.778174650913,4.785769500
274,4.795677122161,4.803173600
275,4.813179593410,4.820296100
276,4.830682064659,4.837837800
277,4.848184535908,4.855729700
278,4.865687007156,4.872964400
279,4.883189478405,4.890709600
280,4.900691949654,4.908182700
281,4.918194420903,4.925672000
282,4.935696892152,4.943520600
283,4.953199363400,4.960915900
284,4.970701834649,4.979886800
285,4.988204305898,4.996538200
286,5.005706777147,5.013299400
287,5.023209248395,5.030448700
288,5.040711719644,5.047987400
289,5.058214190893,5.065295700
290,5.075716662142,5.082940300
291,5.093219133390,5.100352000
292,5.110721604639,5.118362100
293,5.128224075888,5.135702200
294,5.145726547137,5.153024000
295,5.163229018385,5.170471400
296,5.180731489634,5.188454500
297,5.198233960883,5.205391500
298,5.215736432132,5.222959700
299,5.233238903381,5.240879500
300,5.250741374629,5.258524800
301,5.268243845878,5.276584400
302,5.285746317127,5.294566600
303,5.303248788376,5.311354300
304,5.320751259624,5.330009400
305,5.338253730873,5.346629800
306,5.355756202122,5.363507600
307,5.373258673371,5.380692300
308,5.390761144619,5.398042400
309,5.408263615868,5.415660600
310,5.425766087117,5.433415800
311,5.443268558366,5.450293100
312,5.460771029614,5.467854900
313,5.478273500863,5.485514900
314,5.495775972112,5.503124600
315,5.513278443361,5.520567200
316,5.530780914610,5.538020800
317,5.548283385858,5.556106100
318,5.565785857107,5.573135000
319,5.583288328356,5.590687100
320,5.600790799605,5.609193800
321,5.618293270853,5.626761800
322,5.635795742102,5.646042700
323,5.653298213351,5.664709100
324,5.670800684600,5.680085000
325,5.688303155848,5.696916200
326,5.705805627097,5.713553800
327,5.723308098346,5.730976000
328,5.740810569595,5.748907100
329,5.758313040843,5.765605900
330,5.775815512092,5.783620600
331,5.793317983341,5.800391900
332,5.810820454590,5.818295800
333,5.828322925839,5.835946700
334,5.845825397087,5.853793400
335,5.863327868336,5.871135700
336,5.880830339585,5.888265300
337,5.898332810834,5.906132200
338,5.915835282082,5.923734700
339,5.933337753331,5.941766900
340,5.950840224580,5.959286700
341,5.968342695829,5.976972300
342,5.985845167077,5.996679200
343,6.003347638326,6.011534500
344,6.020850109575,6.029865300
345,6.038352580824,6.046942700
346,6.055855052072,6.064016300
347,6.073357523321,6.080891000
348,6.090859994570,6.097933200
349,6.108362465819,6.115566500
350,6.125864937068,6.133082400
351,6.143367408316,6.150843400
352,6.160869879565,6.168173400
353,6.178372350814,6.185574300
354,6.195874822063,6.203637200
355,6.213377293311,6.220515700
356,6.230879764560,6.238026000
357,6.248382235809,6.255633400
358,6.265884707058,6.274854100
359,6.283387178306,6.291784300
360,6.300889649555,6.308321200
361,6.318392120804,6.325847400
362,6.335894592053,6.344124300
363,6.353397063301,6.361390500
364,6.370899534550,6.380151300
365,6.388402005799,6.396892800
366,6.405904477048,6.413299000
367,6.423406948297,6.430671500
368,6.440909419545,6.448032600
369,6.458411890794,6.465616300
370,6.475914362043,6.483181300
371,6.493416833292,6.500597600
372,6.510919304540,6.518067500
373,6.528421775789,6.535801300
374,6.545924247038,6.553364100
375,6.563426718287,6.570781300
376,6.580929189535,6.588615000
377,6.598431660784,6.605775900
378,6.615934132033,6.623421800
379,6.633436603282,6.640686000
380,6.650939074530,6.658787900
381,6.668441545779,6.676218700
382,6.685944017028,6.693944200
383,6.703446488277,6.713339700
384,6.720948959526,6.730188000
385,6.738451430774,6.746389900
386,6.755953902023,6.763512400
387,6.773456373272,6.780683500
388,6.790958844521,6.798585200
389,6.808461315769,6.816026700
390,6.825963787018,6.833694300
391,6.843466258267,6.850862800
392,6.860968729516,6.868233600
393,6.878471200764,6.886004900
394,6.895973672013,6.903358100
395,6.913476143262,6.921132000
396,6.930978614511,6.938951300
397,6.948481085759,6.955604700
398,6.965983557008,6.973615600
399,6.983486028257,6.992132300
400,7.000988499506,7.009648900
401,7.018490970755,7.026598800
402,7.035993442003,7.044055000
403,7.053495913252,7.063400700
404,7.070998384501,7.081387400
405,7.088500855750,7.097374700
406,7.106003326998,7.114277100
407,7.123505798247,7.131417100
408,7.141008269496,7.149144000
409,7.158510740745,7.166106100
410,7.176013211993,7.184636500
411,7.193515683242,7.201062600
412,7.211018154491,7.218929700
413,7.228520625740,7.235953800
414,7.246023096988,7.253378100
415,7.263525568237,7.271098600
416,7.281028039486,7.288535800
417,7.298530510735,7.306691700
418,7.316032981984,7.324104100
419,7.333535453232,7.340902400
420,7.351037924481,7.359273300
421,7.368540395730,7.377331700
422,7.386042866979,7.395009900
423,7.403545338227,7.413343100
424,7.421047809476,7.429869700
425,7.438550280725,7.446855000
426,7.456052751974,7.463452300
427,7.473555223222,7.480722800
428,7.491057694471,7.498360600
429,7.508560165720,7.515739600
430,7.526062636969,7.533274200
431,7.543565108217,7.551201500
432,7.561067579466,7.568440600
433,7.578570050715,7.585847100
434,7.596072521964,7.603100600
435,7.613574993212,7.620870200
436,7.631077464461,7.638193200
437,7.648579935710,7.655761300
438,7.666082406959,7.673547600
439,7.683584878208,7.691118900
440,7.701087349456,7.708870000
441,7.718589820705,7.726743100
442,7.736092291954,7.743890900
443,7.753594763203,7.763470900
444,7.771097234451,7.779840500
445,7.788599705700,7.796853500
446,7.806102176949,7.813664600
447,7.823604648198,7.831873400
448,7.841107119446,7.848360200
449,7.858609590695,7.865798600
450,7.876112061944,7.883398800
451,7.893614533193,7.900759400
452,7.911117004441,7.918206800
453,7.928619475690,7.935843300
454,7.946121946939,7.953382900
455,7.963624418188,7.971030400
456,7.981126889437,7.988747900
457,7.998629360685,8.005892000
458,8.016131831934,8.023323100
459,8.033634303183,8.041054800
460,8.051136774432,8.058412700
461,8.068639245680,8.076052300
462,8.086141716929,8.094888300
463,8.103644188178,8.113209300
464,8.121146659427,8.130017100
465,8.138649130675,8.146608300
466,8.156151601924,8.163480800
467,8.173654073173,8.180977400
468,8.191156544422,8.198579300
469,8.208659015670,8.216068400
470,8.226161486919,8.234753300
471,8.243663958168,8.251334500
472,8.261166429417,8.269115300
473,8.278668900666,8.286268800
474,8.296171371914,8.304458500
475,8.313673843163,8.321157400
476,8.331176314412,8.339092600
477,8.348678785661,8.356144900
478,8.366181256909,8.374345300
479,8.383683728158,8.391872100
480,8.401186199407,8.409347800
481,8.418688670656,8.427195300
482,8.436191141904,8.444698600
483,8.453693613153,8.463840400
484,8.471196084402,8.480116700
485,8.488698555651,8.496750900
486,8.506201026899,8.513908000
487,8.523703498148,8.531697300
488,8.541205969397,8.548373800
489,8.558708440646,8.566183800
490,8.576210911895,8.583509300
491,8.593713383143,8.601712200
492,8.611215854392,8.618022700
493,8.628718325641,8.634926200
494,8.646220796890,8.652699000
495,8.663723268138,8.670361800
496,8.681225739387,8.687532600
497,8.698728210636,8.704872200
498,8.716230681885,8.722551300
499,8.733733153133,8.740509800
500,8.751235624382,8.757506800
501,8.768738095631,8.775036100
502,8.786240566880,8.793151700
503,8.803743038128,8.812179800
504,8.821245509377,8.829566300
505,8.838747980626,8.846771400
506,8.856250451875,8.863001400
507,8.873752923124,8.880028100
508,8.891255394372,8.897674000
509,8.908757865621,8.915097400
510,8.926260336870,8.932964100
511,8.943762808119,8.950807000
512,8.961265279367,8.967561800
513,8.978767750616,8.984866000
514,8.996270221865,9.002565600
515,9.013772693114,9.020147200
516,9.031275164362,9.037371500
517,9.048777635611,9.055178900
518,9.066280106860,9.072876800
519,9.083782578109,9.090296000
520,9.101285049357,9.108699100
521,9.118787520606,9.126077900
522,9.136289991855,9.145458100
523,9.153792463104,9.162045100
524,9.171294934353,9.178981700
525,9.188797405601,9.195907600
526,9.206299876850,9.212540900
527,9.223802348099,9.231322900
528,9.241304819348,9.247497900
529,9.258807290596,9.265462700
530,9.276309761845,9.282465800
531,9.293812233094,9.300218300
532,9.311314704343,9.317687300
533,9.328817175591,9.335398200
534,9.346319646840,9.353489800
535,9.363822118089,9.370014000
536,9.381324589338,9.387742800
537,9.398827060586,9.404983500
538,9.416329531835,9.422711300
539,9.433832003084,9.440819100
540,9.451334474333,9.458051100
541,9.468836945582,9.476183200
542,9.486339416830,9.493868700
543,9.503841888079,9.513027400
544,9.521344359328,9.529163300
545,9.538846830577,9.546033000
546,9.556349301825,9.562862900
547,9.573851773074,9.580842700
548,9.591354244323,9.597431700
549,9.608856715572,9.615063500
550,9.626359186820,9.632962100
551,9.643861658069,9.649961400
552,9.661364129318,9.667402500
553,9.678866600567,9.685105900
554,9.696369071815,9.702662400
555,9.713871543064,9.720598800
556,9.731374014313,9.737953800
557,9.748876485562,9.756121900
558,9.766378956811,9.772879400
559,9.783881428059,9.790370300
560,9.801383899308,9.808566400
561,9.818886370557,9.826159000
562,9.836388841806,9.843319700
563,9.853891313054,9.862902100
564,9.871393784303,9.879132000
565,9.888896255552,9.895830900
566,9.906398726801,9.912633400
567,9.923901198049,9.930838300
568,9.941403669298,9.948474000
569,9.958906140547,9.965139700
570,9.976408611796,9.982679100
571,9.993911083044,10.000153000
572,10.011413554293,10.017539700
573,10.028916025542,10.035132800
574,10.046418496791,10.052628700
575,10.063920968040,10.070643600
576,10.081423439288,10.087831200
577,10.098925910537,10.105402000
578,10.116428381786,10.122880900
579,10.133930853035,10.140266100
580,10.151433324283,10.158233700
581,10.168935795532,10.175943600
582,10.186438266781,10.193646500
583,10.203940738030,10.212449800
584,10.221443209278,10.229034300
585,10.238945680527,10.247149100
586,10.256448151776,10.262864400
587,10.273950623025,10.280315000
588,10.291453094273,10.297976200
589,10.308955565522,10.315177900
590,10.326458036771,10.332742500
591,10.343960508020,10.350334900
592,10.361462979269,10.368686000
593,10.378965450517,10.386195300
594,10.396467921766,10.402756300
595,10.413970393015,10.420044000
596,10.431472864264,10.437467300
597,10.448975335512,10.455226300
598,10.466477806761,10.473046200
599,10.483980278010,10.490570800
600,10.501482749259,10.508119000
601,10.518985220507,10.526015100
602,10.536487691756,10.543516000
603,10.553990163005,10.562063300
604,10.571492634254,10.579224600
605,10.588995105502,10.596000600
606,10.606497576751,10.612640800
607,10.624000048000,10.630556400
608,10.641502519249,10.648447900
609,10.659004990498,10.665447600
610,10.676507461746,10.683232500
611,10.694009932995,10.700552200
612,10.711512404244,10.717885200
613,10.729014875493,10.735220400
614,10.746517346741,10.752653900
615,10.764019817990,10.770357700
616,10.781522289239,10.787600900
617,10.799024760488,10.805262800
618,10.816527231736,10.823052300
619,10.834029702985,10.840748300
620,10.851532174234,10.858595500
621,10.869034645483,10.876330900
622,10.886537116731,10.893421000
623,10.904039587980,10.912302700
624,10.921542059229,10.929761500
625,10.939044530478,10.945903100
626,10.956547001726,10.963042400
627,10.974049472975,10.980376600
628,10.991551944224,10.998013800
629,11.009054415473,11.015398300
630,11.026556886722,11.032818500
631,11.044059357970,11.050618100
632,11.061561829219,11.068572300
633,11.079064300468,11.085450400
634,11.096566771717,11.102719600
635,11.114069242965,11.120309700
636,11.131571714214,11.138000400
637,11.149074185463,11.155428300
638,11.166576656712,11.173018900
639,11.184079127960,11.190732100
640,11.201581599209,11.208275100
641,11.219084070458,11.226317400
642,11.236586541707,11.243612000
643,11.254089012955,11.262848200
644,11.271591484204,11.279455500
645,11.289093955453,11.296194000
646,11.306596426702,11.312779400
647,11.324098897951,11.330552600
648,11.341601369199,11.348395600
649,11.359103840448,11.366138900
650,11.376606311697,11.384460800
651,11.394108782946,11.400674900
652,11.411611254194,11.418021600
653,11.429113725443,11.435238500
654,11.446616196692,11.452896900
655,11.464118667941,11.470315600
656,11.481621139189,11.487903600
657,11.499123610438,11.505409300
658,11.516626081687,11.523110300
659,11.534128552936,11.540185900
660,11.551631024184,11.557831300
661,11.569133495433,11.575444000
662,11.586635966682,11.592764400
663,11.604138437931,11.610436700
664,11.621640909180,11.630621000
665,11.639143380428,11.647832400
666,11.656645851677,11.665175700
667,11.674148322926,11.681972800
668,11.691650794175,11.698982400
669,11.709153265423,11.716412500
670,11.726655736672,11.733876300
671,11.744158207921,11.751588200
672,11.761660679170,11.769090300
673,11.779163150418,11.786737600
674,11.796665621667,11.804456800
675,11.814168092916,11.822698900
676,11.831670564165,11.839965300
677,11.849173035413,11.857038600
678,11.866675506662,11.875108000
679,11.884177977911,11.893016700
680,11.901680449160,11.910340200
681,11.919182920409,11.927971300
682,11.936685391657,11.946806200
683,11.954187862906,11.963378100
684,11.971690334155,11.980334000
685,11.989192805404,11.996991100
686,12.006695276652,12.014207800
687,12.024197747901,12.031739400
688,12.041700219150,12.049744400
689,12.059202690399,12.066681600
690,12.076705161647,12.084376400
691,12.094207632896,12.102017300
692,12.111710104145,12.119358000
693,12.129212575394,12.137012900
694,12.146715046642,12.154746000
695,12.164217517891,12.172144800
696,12.181719989140,12.189542900
697,12.199222460389,12.206931200
698,12.216724931638,12.224431000
699,12.234227402886,12.241813300
700,12.251729874135,12.260300700
701,12.269232345384,12.278247700
702,12.286734816633,12.296644400
703,12.304237287881,12.313547200
704,12.321739759130,12.330890400
705,12.339242230379,12.347711700
706,12.356744701628,12.365662500
707,12.374247172876,12.383205900
708,12.391749644125,12.399794700
709,12.409252115374,12.417412000
710,12.426754586623,12.435052400
711,12.444257057871,12.451879200
712,12.461759529120,12.469952000
713,12.479262000369,12.486766200
714,12.496764471618,12.504495000
715,12.514266942867,12.521865100
716,12.531769414115,12.539766100
717,12.549271885364,12.556817200
718,12.566774356613,12.574413100
719,12.584276827862,12.592933500
720,12.601779299110,12.609628800
721,12.619281770359,12.626911700
722,12.636784241608,12.645073900
723,12.654286712857,12.661953900
724,12.671789184105,12.679233200
725,12.689291655354,12.697043800
726,12.706794126603,12.714364000
727,12.724296597852,12.731866100
728,12.741799069100,12.749446200
729,12.759301540349,12.766787100
730,12.776804011598,12.784164000
731,12.794306482847,12.801716600
732,12.811808954096,12.819375000
733,12.829311425344,12.836925100
734,12.846813896593,12.854999800
735,12.864316367842,12.871867700
736,12.881818839091,12.890777400
737,12.899321310339,12.907355900
738,12.916823781588,12.924643400
739,12.934326252837,12.942185800
740,12.951828724086,12.960327700
741,12.969331195334,12.977096700
742,12.986833666583,12.994638700
743,13.004336137832,13.012348300
744,13.021838609081,13.029907100
745,13.039341080329,13.047454900
746,13.056843551578,13.065215100
747,13.074346022827,13.082596700
748,13.091848494076,13.102080500
749,13.109350965325,13.118525500
750,13.126853436573,13.135509300
751,13.144355907822,13.152307700
752,13.161858379071,13.169342000
753,13.179360850320,13.186930800
754,13.196863321568,13.205026600
755,13.214365792817,13.221844700
756,13.231868264066,13.239268000
757,13.249370735315,13.256793400
758,13.266873206563,13.274818500
759,13.284375677812,13.291727200
760,13.301878149061,13.309522100
761,13.319380620310,13.327140200
762,13.336883091558,13.345457100
763,13.354385562807,13.362865700
764,13.371888034056,13.381649000
765,13.389390505305,13.399425800
766,13.406892976554,13.415983500
767,13.424395447802,13.432144300
768,13.441897919051,13.449487700
769,13.459400390300,13.467702200
770,13.476902861549,13.484545700
771,13.494405332797,13.501719400
772,13.511907804046,13.519580300
773,13.529410275295,13.537503500
774,13.546912746544,13.555636400
775,13.564415217792,13.573865800
776,13.581917689041,13.590900600
777,13.599420160290,13.607369900
778,13.616922631539,13.624534600
779,13.634425102787,13.642517300
780,13.651927574036,13.659355200
781,13.669430045285,13.677011900
782,13.686932516534,13.694943300
783,13.704434987783,13.712235300
784,13.721937459031,13.729754500
785,13.739439930280,13.747105400
786,13.756942401529,13.764517000
787,13.774444872778,13.782384700
788,13.791947344026,13.799410600
789,13.809449815275,13.817184600
790,13.826952286524,13.834460500
791,13.844454757773,13.851922500
792,13.861957229021,13.869808000
793,13.879459700270,13.886926300
794,13.896962171519,13.905315100
795,13.914464642768,13.922440400
796,13.931967114016,13.939908400
797,13.949469585265,13.959026500
798,13.966972056514,13.975062400
799,13.984474527763,13.992591300
800,14.001976999011,14.009710700
801,14.019479470260,14.026832400
802,14.036981941509,14.044517600
803,14.054484412758,14.062690900
804,14.071986884007,14.079677000
805,14.089489355255,14.096958200
806,14.106991826504,14.114635600
807,14.124494297753,14.132369200
808,14.141996769002,14.149792500
809,14.159499240250,14.167476700
810,14.177001711499,14.185048300
811,14.194504182748,14.203041500
812,14.212006653997,14.220609600
813,14.229509125245,14.239857400
814,14.247011596494,14.256396500
815,14.264514067743,14.275287100
816,14.282016538992,14.293284300
817,14.299519010240,14.308847800
818,14.317021481489,14.325208500
819,14.334523952738,14.342599700
820,14.352026423987,14.359612600
821,14.369528895236,14.377241600
822,14.387031366484,14.394817400
823,14.404533837733,14.412496800
824,14.422036308982,14.429979800
825,14.439538780231,14.447361100
826,14.457041251479,14.464366500
827,14.474543722728,14.482091800
828,14.492046193977,14.500214500
829,14.509548665226,14.516975400
830,14.527051136474,14.534586300
831,14.544553607723,14.552683500
832,14.562056078972,14.570299000
833,14.579558550221,14.586828300
834,14.597061021469,14.604461500
835,14.614563492718,14.621966400
836,14.632065963967,14.639330200
837,14.649568435216,14.657116700
838,14.667070906465,14.675048900
839,14.684573377713,14.691943700
840,14.702075848962,14.710353000
841,14.719578320211,14.727145900
842,14.737080791460,14.744530700
843,14.754583262708,14.761988900
844,14.772085733957,14.779411100
845,14.789588205206,14.796996900
846,14.807090676455,14.814575400
847,14.824593147703,14.831785100
848,14.842095618952,14.849662600
849,14.859598090201,14.866576100
850,14.877100561450,14.884643900
851,14.894603032698,14.902078700
852,14.912105503947,14.919667100
853,14.929607975196,14.936951200
854,14.947110446445,14.955602200
855,14.964612917694,14.972514200
856,14.982115388942,14.989902400
857,14.999617860191,15.007072000
858,15.017120331440,15.024807800
859,15.034622802689,15.042137600
860,15.052125273937,15.060054200
861,15.069627745186,15.078386200
862,15.087130216435,15.094793700
863,15.104632687684,15.112041600
864,15.122135158932,15.130008100
865,15.139637630181,15.147173400
866,15.157140101430,15.164717400
867,15.174642572679,15.182465200
868,15.192145043927,15.199842500
869,15.209647515176,15.217950800
870,15.227149986425,15.235418200
871,15.244652457674,15.254415600
872,15.262154928923,15.270867400
873,15.279657400171,15.287892700
874,15.297159871420,15.305390700
875,15.314662342669,15.322494800
876,15.332164813918,15.339982900
877,15.349667285166,15.357418100
878,15.367169756415,15.374896100
879,15.384672227664,15.393514600
880,15.402174698913,15.410209500
881,15.419677170161,15.427786800
882,15.437179641410,15.445059300
883,15.454682112659,15.463419000
884,15.472184583908,15.479798000
885,15.489687055156,15.497048900
886,15.507189526405,15.515000000
887,15.524691997654,15.532269100
888,15.542194468903,15.550263400
889,15.559696940152,15.567291300
890,15.577199411400,15.585324000
891,15.594701882649,15.602373700
892,15.612204353898,15.619651100
893,15.629706825147,15.637094900
894,15.647209296395,15.654919600
895,15.664711767644,15.672378100
896,15.682214238893,15.690398500
897,15.699716710142,15.709425900
898,15.717219181390,15.726427100
899,15.734721652639,15.743018800
900,15.752224123888,15.759859100
901,15.769726595137,15.777553900
902,15.787229066385,15.794947700
903,15.804731537634,15.812456800
904,15.822234008883,15.830226800
905,15.839736480132,15.847428600
906,15.857238951381,15.864598100
907,15.874741422629,15.882125100
908,15.892243893878,15.899468000
909,15.909746365127,15.917326800
910,15.927248836376,15.934757500
911,15.944751307624,15.953624600
912,15.962253778873,15.970595700
913,15.979756250122,15.987742400
914,15.997258721371,16.004868300
915,16.014761192619,16.022963700
916,16.032263663868,16.040370600
917,16.049766135117,16.057508800
918,16.067268606366,16.075113000
919,16.084771077614,16.092569900
920,16.102273548863,16.110483200
921,16.119776020112,16.127311900
922,16.137278491361,16.146274600
923,16.154780962610,16.162524900
924,16.172283433858,16.179689300
925,16.189785905107,16.197565100
926,16.207288376356,16.215140000
927,16.224790847605,16.232291300
928,16.242293318853,16.250263700
929,16.259795790102,16.267261200
930,16.277298261351,16.284884600
931,16.294800732600,16.302618000
932,16.312303203848,16.319565900
933,16.329805675097,16.338005300
934,16.347308146346,16.354800000
935,16.364810617595,16.372445900
936,16.382313088843,16.389914000
937,16.399815560092,16.407851500
938,16.417318031341,16.424662900
939,16.434820502590,16.441937500
940,16.452322973839,16.460070300
941,16.469825445087,16.477323300
942,16.487327916336,16.495234000
943,16.504830387585,16.512194800
944,16.522332858834,16.530568200
945,16.539835330082,16.547957600
946,16.557337801331,16.565103700
947,16.574840272580,16.582367900
948,16.592342743829,16.599841200
949,16.609845215077,16.617079200
950,16.627347686326,16.635343500
951,16.644850157575,16.652299600
952,16.662352628824,16.669621000
953,16.679855100072,16.687087500
954,16.697357571321,16.704983900
955,16.714860042570,16.722407600
956,16.732362513819,16.740656700
957,16.749864985068,16.757497400
958,16.767367456316,16.774885100
959,16.784869927565,16.792495100
960,16.802372398814,16.809892200
961,16.819874870063,16.827793300
962,16.837377341311,16.845041600
963,16.854879812560,16.862586400
964,16.872382283809,16.880457800
965,16.889884755058,16.899733500
966,16.907387226306,16.916422700
967,16.924889697555,16.933235300
968,16.942392168804,16.950133600
969,16.959894640053,16.967842500
970,16.977397111301,16.986466100
971,16.994899582550,17.003020100
972,17.012402053799,17.020064500
973,17.029904525048,17.037476000
974,17.047406996296,17.055371800
975,17.064909467545,17.072487500
976,17.082411938794,17.089926300
977,17.099914410043,17.107733200
978,17.117416881292,17.125535600
979,17.134919352540,17.142783100
980,17.152421823789,17.159915100
981,17.169924295038,17.178152400
982,17.187426766287,17.195113300
983,17.204929237535,17.212536200
984,17.222431708784,17.230360900
985,17.239934180033,17.247517300
986,17.257436651282,17.265334700
987,17.274939122530,17.282546400
988,17.292441593779,17.299888400
989,17.309944065028,17.317546600
990,17.327446536277,17.335312700
991,17.344949007525,17.352849300
992,17.362451478774,17.370036600
993,17.379953950023,17.387517800
994,17.397456421272,17.406060400
995,17.414958892521,17.422839400
996,17.432461363769,17.440530200
997,17.449963835018,17.457403400
998,17.467466306267,17.475159700
999,17.484968777516,17.494258200
1000,17.502471248764,17.510150200
1001,17.519973720013,17.527147500
1002,17.537476191262,17.545036500
1003,17.554978662511,17.562911100
1004,17.572481133759,17.579782500
1005,17.589983605008,17.597233600
1006,17.607486076257,17.615185600
1007,17.624988547506,17.632609300
1008,17.642491018754,17.650032700
1009,17.659993490003,17.668046600
1010,17.677495961252,17.685181600
1011,17.694998432501,17.702711900
1012,17.712500903750,17.720773800
1013,17.730003374998,17.738011800
1014,17.747505846247,17.755366100
1015,17.765008317496,17.772871900
1016,17.782510788745,17.790602700
1017,17.800013259993,17.808087900
1018,17.817515731242,17.825837300
1019,17.835018202491,17.844018800
1020,17.852520673740,17.860102400
1021,17.870023144988,17.877638300
1022,17.887525616237,17.895304900
1023,17.905028087486,17.912904900
1024,17.922530558735,17.930162600
1025,17.940033029983,17.948263200
1026,17.957535501232,17.965433000
1027,17.975037972481,17.983580200
1028,17.992540443730,18.001562600
1029,18.010042914979,18.018584500
1030,18.027545386227,18.036043900
1031,18.045047857476,18.052859600
1032,18.062550328725,18.070247000
1033,18.080052799974,18.087901200
1034,18.097555271222,18.105959800
1035,18.115057742471,18.123497200
1036,18.132560213720,18.141251900
1037,18.150062684969,18.158144400
1038,18.167565156217,18.175392300
1039,18.185067627466,18.192939400
1040,18.202570098715,18.210407800
1041,18.220072569964,18.227827200
1042,18.237575041212,18.245476200
1043,18.255077512461,18.267476500
1044,18.272579983710,18.282878700
1045,18.290082454959,18.298105600
1046,18.307584926208,18.314984400
1047,18.325087397456,18.333250200
1048,18.342589868705,18.352515400
1049,18.360092339954,18.367852000
1050,18.377594811203,18.385560300
1051,18.395097282451,18.402913200
1052,18.412599753700,18.420344800
1053,18.430102224949,18.437891300
1054,18.447604696198,18.455664800
1055,18.465107167446,18.472663000
1056,18.482609638695,18.491754500
1057,18.500112109944,18.507930100
1058,18.517614581193,18.525278800
1059,18.535117052441,18.542971400
1060,18.552619523690,18.560390000
1061,18.570121994939,18.578061800
1062,18.587624466188,18.595796200
1063,18.605126937437,18.615392800
1064,18.622629408685,18.631913400
1065,18.640131879934,18.648832000
1066,18.657634351183,18.665609300
1067,18.675136822432,18.682692600
1068,18.692639293680,18.700380700
1069,18.710141764929,18.718165300
1070,18.727644236178,18.736359100
1071,18.745146707427,18.752837900
1072,18.762649178675,18.770257300
1073,18.780151649924,18.787502800
1074,18.797654121173,18.805246100
1075,18.815156592422,18.823228300
1076,18.832659063670,18.841974800
1077,18.850161534919,18.858325000
1078,18.867664006168,18.875601300
1079,18.885166477417,18.892756500
1080,18.902668948666,18.910671700
1081,18.920171419914,18.928246900
1082,18.937673891163,18.945852200
1083,18.955176362412,18.963159000
1084,18.972678833661,18.980805100
1085,18.990181304909,18.999574600
1086,19.007683776158,19.016396900
1087,19.025186247407,19.033500000
1088,19.042688718656,19.050485000
1089,19.060191189904,19.067906100
1090,19.077693661153,19.085307400
1091,19.095196132402,19.102762000
1092,19.112698603651,19.120920600
1093,19.130201074899,19.137411600
1094,19.147703546148,19.155123800
1095,19.165206017397,19.173005000
1096,19.182708488646,19.190283800
1097,19.200210959895,19.208309200
1098,19.217713431143,19.227372500
1099,19.235215902392,19.244930200
1100,19.252718373641,19.261171100
1101,19.270220844890,19.278432400
1102,19.287723316138,19.296262000
1103,19.305225787387,19.313222600
1104,19.322728258636,19.330473000
1105,19.340230729885,19.348744100
1106,19.357733201133,19.366232900
1107,19.375235672382,19.382755300
1108,19.392738143631,19.400517000
1109,19.410240614880,19.418001000
1110,19.427743086128,19.434958900
1111,19.445245557377,19.453593200
1112,19.462748028626,19.470921200
1113,19.480250499875,19.490010700
1114,19.497752971124,19.506385400
1115,19.515255442372,19.524428400
1116,19.532757913621,19.540945900
1117,19.550260384870,19.558118200
1118,19.567762856119,19.575393000
1119,19.585265327367,19.592941000
1120,19.602767798616,19.610305300
1121,19.620270269865,19.627656400
1122,19.637772741114,19.645237800
1123,19.655275212362,19.663067100
1124,19.672777683611,19.680425300
1125,19.690280154860,19.697906300
1126,19.707782626109,19.715205000
1127,19.725285097357,19.733295900
1128,19.742787568606,19.750305600
1129,19.760290039855,19.768393700
1130,19.777792511104,19.785341700
1131,19.795294982353,19.802661800
1132,19.812797453601,19.820041600
1133,19.830299924850,19.837703200
1134,19.847802396099,19.855069100
1135,19.865304867348,19.873364200
1136,19.882807338596,19.890416300
1137,19.900309809845,19.907647900
1138,19.917812281094,19.925134400
1139,19.935314752343,19.942848200
1140,19.952817223591,19.960495600
1141,19.970319694840,19.978125300
1142,19.987822166089,19.995433900
1143,20.005324637338,20.012808800
1144,20.022827108586,20.031949500
1145,20.040329579835,20.048899400
1146,20.057832051084,20.065657500
1147,20.075334522333,20.082660800
1148,20.092836993581,20.100488400
1149,20.110339464830,20.117752200
1150,20.127841936079,20.135964000
1151,20.145344407328,20.152533400
1152,20.162846878577,20.170076400
1153,20.180349349825,20.187254000
1154,20.197851821074,20.204748700
1155,20.215354292323,20.222088600
1156,20.232856763572,20.239719600
1157,20.250359234820,20.256959800
1158,20.267861706069,20.274983900
1159,20.285364177318,20.293394400
1160,20.302866648567,20.311206900
1161,20.320369119815,20.328722500
1162,20.337871591064,20.346617700
1163,20.355374062313,20.363848100
1164,20.372876533562,20.381435800
1165,20.390379004810,20.398863800
1166,20.407881476059,20.416229700
1167,20.425383947308,20.433820900
1168,20.442886418557,20.450993400
1169,20.460388889806,20.468286100
1170,20.477891361054,20.486111400
1171,20.495393832303,20.503539900
1172,20.512896303552,20.522286600
1173,20.530398774801,20.538851600
1174,20.547901246049,20.556060000
1175,20.565403717298,20.573593400
1176,20.582906188547,20.590815300
1177,20.600408659796,20.608744600
1178,20.617911131044,20.626022100
1179,20.635413602293,20.643792200
1180,20.652916073542,20.661191600
1181,20.670418544791,20.679027400
1182,20.687921016039,20.696326700
1183,20.705423487288,20.713885100
1184,20.722925958537,20.731099100
1185,20.740428429786,20.748906400
1186,20.757930901035,20.766546600
1187,20.775433372283,20.783727700
1188,20.792935843532,20.801394600
1189,20.810438314781,20.818511300
1190,20.827940786030,20.836350000
1191,20.845443257278,20.853921000
1192,20.862945728527,20.871950400
1193,20.880448199776,20.888655000
1194,20.897950671025,20.906522800
1195,20.915453142273,20.923566300
1196,20.932955613522,20.941157000
1197,20.950458084771,20.959455600
1198,20.967960556020,20.978461600
1199,20.985463027268,20.995615300
1200,21.002965498517,21.012312500
1201,21.020467969766,21.029611100
1202,21.037970441015,21.046553000
1203,21.055472912264,21.064505700
1204,21.072975383512,21.081280700
1205,21.090477854761,21.098984700
1206,21.107980326010,21.116190300
1207,21.125482797259,21.133677200
1208,21.142985268507,21.150879100
1209,21.160487739756,21.168572300
1210,21.177990211005,21.186144200
1211,21.195492682254,21.203619900
1212,21.212995153502,21.220982500
1213,21.230497624751,21.238779800
1214,21.248000096000,21.256621900
1215,21.265502567249,21.274061800
1216,21.283005038497,21.291361600
1217,21.300507509746,21.309087400
1218,21.318009980995,21.326940000
1219,21.335512452244,21.344497100
1220,21.353014923493,21.361642600
1221,21.370517394741,21.378947200
1222,21.388019865990,21.396472900
1223,21.405522337239,21.413941900
1224,21.423024808488,21.430972400
1225,21.440527279736,21.448919400
1226,21.458029750985,21.466149500
1227,21.475532222234,21.483643200
1228,21.493034693483,21.501185900
1229,21.510537164731,21.519462100
1230,21.528039635980,21.536524200
1231,21.545542107229,21.555875800
1232,21.563044578478,21.571237800
1233,21.580547049726,21.588820100
1234,21.598049520975,21.606364700
1235,21.615551992224,21.623606100
1236,21.633054463473,21.641060800
1237,21.650556934722,21.658757400
1238,21.668059405970,21.676360000
1239,21.685561877219,21.694655600
1240,21.703064348468,21.714935900
1241,21.720566819717,21.731427000
1242,21.738069290965,21.747536700
1243,21.755571762214,21.764456500
1244,21.773074233463,21.781206400
1245,21.790576704712,21.798495400
1246,21.808079175960,21.816012500
1247,21.825581647209,21.833831100
1248,21.843084118458,21.851224300
1249,21.860586589707,21.868752900
1250,21.878089060955,21.887009200
1251,21.895591532204,21.903860100
1252,21.913094003453,21.921339700
1253,21.930596474702,21.938899600
1254,21.948098945951,21.957010000
1255,21.965601417199,21.973695900
1256,21.983103888448,21.991482200
1257,22.000606359697,22.008829600
1258,22.018108830946,22.026402400
1259,22.035611302194,22.043969400
1260,22.053113773443,22.062390300
1261,22.070616244692,22.079439300
1262,22.088118715941,22.096301500
1263,22.105621187189,22.113638100
1264,22.123123658438,22.131311800
1265,22.140626129687,22.149238800
1266,22.158128600936,22.166412800
1267,22.175631072184,22.183815500
1268,22.193133543433,22.201534200
1269,22.210636014682,22.219236700
1270,22.228138485931,22.236404400
1271,22.245640957180,22.254048900
1272,22.263143428428,22.272244800
1273,22.280645899677,22.291482100
1274,22.298148370926,22.307910600
1275,22.315650842175,22.325456400
1276,22.333153313423,22.343086300
1277,22.350655784672,22.358990900
1278,22.368158255921,22.376463100
1279,22.385660727170,22.394582600
1280,22.403163198418,22.412359000
1281,22.420665669667,22.428652700
1282,22.438168140916,22.446121900
1283,22.455670612165,22.463972800
1284,22.473173083413,22.481285500
1285,22.490675554662,22.499003000
1286,22.508178025911,22.516530300
1287,22.525680497160,22.534031700
1288,22.543182968409,22.551912700
1289,22.560685439657,22.569996500
1290,22.578187910906,22.586614600
1291,22.595690382155,22.603934200
1292,22.613192853404,22.621195900
1293,22.630695324652,22.638964800
1294,22.648197795901,22.656075100
1295,22.665700267150,22.673856200
1296,22.683202738399,22.691357100
1297,22.700705209647,22.708758400
1298,22.718207680896,22.726789900
1299,22.735710152145,22.744385300
1300,22.753212623394,22.761323600
1301,22.770715094642,22.779099000
1302,22.788217565891,22.796447700
1303,22.805720037140,22.814112700
1304,22.823222508389,22.832572800
1305,22.840724979638,22.849012800
1306,22.858227450886,22.867068400
1307,22.875729922135,22.885165600
1308,22.893232393384,22.902066000
1309,22.910734864633,22.921079700
1310,22.928237335881,22.937959300
1311,22.945739807130,22.954320500
1312,22.963242278379,22.971896900
1313,22.980744749628,22.988976300
1314,22.998247220876,23.006400000
1315,23.015749692125,23.023827100
1316,23.033252163374,23.041462400
1317,23.050754634623,23.059193500
1318,23.068257105871,23.076609300
1319,23.085759577120,23.094851200
1320,23.103262048369,23.111868100
1321,23.120764519618,23.129038600
1322,23.138266990867,23.146261200
1323,23.155769462115,23.163893700
1324,23.173271933364,23.181447100
1325,23.190774404613,23.198701800
1326,23.208276875862,23.216590800
1327,23.225779347110,23.234014200
1328,23.243281818359,23.251628600
1329,23.260784289608,23.269320300
1330,23.278286760857,23.286639200
1331,23.295789232105,23.304223000
1332,23.313291703354,23.321562800
1333,23.330794174603,23.339872000
1334,23.348296645852,23.356606200
1335,23.365799117100,23.373950300
1336,23.383301588349,23.391760600
1337,23.400804059598,23.409098800
1338,23.418306530847,23.426316600
1339,23.435809002095,23.444814300
1340,23.453311473344,23.462701600
1341,23.470813944593,23.481263800
1342,23.488316415842,23.497658000
1343,23.505818887091,23.514523800
1344,23.523321358339,23.531549000
1345,23.540823829588,23.549165000
1346,23.558326300837,23.566559700
1347,23.575828772086,23.584256900
1348,23.593331243334,23.602005400
1349,23.610833714583,23.619702400
1350,23.628336185832,23.636607700
1351,23.645838657081,23.654449800
1352,23.663341128329,23.672541500
1353,23.680843599578,23.689201800
1354,23.698346070827,23.706619500
1355,23.715848542076,23.724406700
1356,23.733351013324,23.741581300
1357,23.750853484573,23.759050300
1358,23.768355955822,23.776962100
1359,23.785858427071,23.794308100
1360,23.803360898320,23.811430100
1361,23.820863369568,23.828926500
1362,23.838365840817,23.847053900
1363,23.855868312066,23.864137800
1364,23.873370783315,23.882106200
1365,23.890873254563,23.899704400
1366,23.908375725812,23.916626500
1367,23.925878197061,23.934076300
1368,23.943380668310,23.951465300
1369,23.960883139558,23.968877900
1370,23.978385610807,23.986518900
1371,23.995888082056,24.004056600
1372,24.013390553305,24.021686400
1373,24.030893024553,24.039190600
1374,24.048395495802,24.056448100
1375,24.065897967051,24.073912100
1376,24.083400438300,24.092736300
1377,24.100902909549,24.109388100
1378,24.118405380797,24.127064000
1379,24.135907852046,24.144391900
1380,24.153410323295,24.162134200
1381,24.170912794544,24.179635200
1382,24.188415265792,24.198986300
1383,24.205917737041,24.215891300
1384,24.223420208290,24.233143400
1385,24.240922679539,24.249968100
1386,24.258425150787,24.267257900
1387,24.275927622036,24.282382100
1388,24.293430093285,24.300017100
1389,24.310932564534,24.317369400
1390,24.328435035782,24.335084800
1391,24.345937507031,24.352427400
1392,24.363439978280,24.369966100
1393,24.380942449529,24.387646100
1394,24.398444920778,24.404924700
1395,24.415947392026,24.422511500
1396,24.433449863275,24.439844200
1397,24.450952334524,24.457394200
1398,24.468454805773,24.474964200
1399,24.485957277021,24.492496300
1400,24.503459748270,24.509994900
1401,24.520962219519,24.527703000
1402,24.538464690768,24.544688600
1403,24.555967162016,24.562955900
1404,24.573469633265,24.580106800
1405,24.590972104514,24.597556400
1406,24.608474575763,24.615651700
1407,24.625977047011,24.632686800
1408,24.643479518260,24.649660600
1409,24.660981989509,24.667217900
1410,24.678484460758,24.684673600
1411,24.695986932007,24.702243500
1412,24.713489403255,24.719563900
1413,24.730991874504,24.737121200
1414,24.748494345753,24.754994800
1415,24.765996817002,24.772338100
1416,24.783499288250,24.789985800
1417,24.801001759499,24.807560800
1418,24.818504230748,24.824926700
1419,24.836006701997,24.842872000
1420,24.853509173245,24.860452400
1421,24.871011644494,24.877559200
1422,24.888514115743,24.895247200
1423,24.906016586992,24.912884700
1424,24.923519058240,24.929958800
1425,24.941021529489,24.947541300
1426,24.958524000738,24.964659200
1427,24.976026471987,24.982850200
1428,24.993528943236,25.000014300
1429,25.011031414484,25.017369700
1430,25.028533885733,25.035442400
1431,25.046036356982,25.052280200
1432,25.063538828231,25.069952500
1433,25.081041299479,25.087770000
1434,25.098543770728,25.104956800
1435,25.116046241977,25.123308900
1436,25.133548713226,25.140382800
1437,25.151051184474,25.157379700
1438,25.168553655723,25.174850500
1439,25.186056126972,25.192295100
1440,25.203558598221,25.210325600
1441,25.221061069469,25.227959500
1442,25.238563540718,25.244836900
1443,25.256066011967,25.262429400
1444,25.273568483216,25.280174300
1445,25.291070954465,25.298011700
1446,25.308573425713,25.315154400
1447,25.326075896962,25.332541500
1448,25.343578368211,25.350619200
1449,25.361080839460,25.367513500
1450,25.378583310708,25.384893500
1451,25.396085781957,25.402376700
1452,25.413588253206,25.420566100
1453,25.431090724455,25.437836300
1454,25.448593195703,25.454949400
1455,25.466095666952,25.472139800
1456,25.483598138201,25.489958100
1457,25.501100609450,25.507460600
1458,25.518603080698,25.525223600
1459,25.536105551947,25.542675000
1460,25.553608023196,25.560418100
1461,25.571110494445,25.577466000
1462,25.588612965694,25.594878200
1463,25.606115436942,25.612596800
1464,25.623617908191,25.630222100
1465,25.641120379440,25.648407900
1466,25.658622850689,25.665016000
1467,25.676125321937,25.682630300
1468,25.693627793186,25.700251400
1469,25.711130264435,25.717364900
1470,25.728632735684,25.734895700
1471,25.746135206932,25.752508900
1472,25.763637678181,25.770274600
1473,25.781140149430,25.787469000
1474,25.798642620679,25.804858500
1475,25.816145091927,25.823004600
1476,25.833647563176,25.840856300
1477,25.851150034425,25.859775200
1478,25.868652505674,25.876555800
1479,25.886154976923,25.893390000
1480,25.903657448171,25.910166700
1481,25.921159919420,25.927669500
1482,25.938662390669,25.945387000
1483,25.956164861918,25.963097800
1484,25.973667333166,25.980188100
1485,25.991169804415,25.997886800
1486,26.008672275664,26.015604500
1487,26.026174746913,26.032693900
1488,26.043677218161,26.050341100
1489,26.061179689410,26.067777900
1490,26.078682160659,26.085660500
1491,26.096184631908,26.102588800
1492,26.113687103156,26.120948900
1493,26.131189574405,26.138058400
1494,26.148692045654,26.155047400
1495,26.166194516903,26.172443100
1496,26.183696988152,26.190051400
1497,26.201199459400,26.207425000
1498,26.218701930649,26.225114800
1499,26.236204401898,26.242509600
1500,26.253706873147,26.260114800
1501,26.271209344395,26.277519700
1502,26.288711815644,26.295684300
1503,26.306214286893,26.312643600
1504,26.323716758142,26.330288200
1505,26.341219229390,26.347850600
1506,26.358721700639,26.365217300
1507,26.376224171888,26.382927800
1508,26.393726643137,26.400810400
1509,26.411229114385,26.417433900
1510,26.428731585634,26.435070400
1511,26.446234056883,26.452757000
1512,26.463736528132,26.470485300
1513,26.481238999380,26.487441300
1514,26.498741470629,26.505495000
1515,26.516243941878,26.522687700
1516,26.533746413127,26.540781500
1517,26.551248884376,26.558010500
1518,26.568751355624,26.575229900
1519,26.586253826873,26.592904300
1520,26.603756298122,26.609984000
1521,26.621258769371,26.627618300
1522,26.638761240619,26.645724500
1523,26.656263711868,26.662877300
1524,26.673766183117,26.680159800
1525,26.691268654366,26.698169500
1526,26.708771125614,26.715391400
1527,26.726273596863,26.732791900
1528,26.743776068112,26.750391000
1529,26.761278539361,26.768176900
1530,26.778781010609,26.785267500
1531,26.796283481858,26.802945300
1532,26.813785953107,26.820072100
1533,26.831288424356,26.837688900
1534,26.848790895605,26.855453300
1535,26.866293366853,26.872447900
1536,26.883795838102,26.890664800
1537,26.901298309351,26.907952700
1538,26.918800780600,26.925096800
1539,26.936303251848,26.942902300
1540,26.953805723097,26.960841800
1541,26.971308194346,26.977613600
1542,26.988810665595,26.995456000
1543,27.006313136843,27.012929100
1544,27.023815608092,27.030216600
1545,27.041318079341,27.047512200
1546,27.058820550590,27.065144000
1547,27.076323021838,27.082635800
1548,27.093825493087,27.100249900
1549,27.111327964336,27.117586700
1550,27.128830435585,27.135228400
1551,27.146332906834,27.153459400
1552,27.163835378082,27.170769000
1553,27.181337849331,27.187978800
1554,27.198840320580,27.205509100
1555,27.216342791829,27.222925300
1556,27.233845263077,27.240902700
1557,27.251347734326,27.257679600
1558,27.268850205575,27.275619400
1559,27.286352676824,27.292715500
1560,27.303855148072,27.310211800
1561,27.321357619321,27.327867800
1562,27.338860090570,27.345229300
1563,27.356362561819,27.362898800
1564,27.373865033067,27.380338900
1565,27.391367504316,27.397925200
1566,27.408869975565,27.415891000
1567,27.426372446814,27.433306300
1568,27.443874918063,27.450586500
1569,27.461377389311,27.468211200
1570,27.478879860560,27.485488000
1571,27.496382331809,27.503446800
1572,27.513884803058,27.521115600
1573,27.531387274306,27.538179600
1574,27.548889745555,27.556157800
1575,27.566392216804,27.572998600
1576,27.583894688053,27.590926200
1577,27.601397159301,27.608074500
1578,27.618899630550,27.625975300
1579,27.636402101799,27.643776200
1580,27.653904573048,27.661064900
1581,27.671407044296,27.678661100
1582,27.688909515545,27.695636600
1583,27.706411986794,27.712901700
1584,27.723914458043,27.730438300
1585,27.741416929292,27.748144800
1586,27.758919400540,27.765591000
1587,27.776421871789,27.783059600
1588,27.793924343038,27.800588600
1589,27.811426814287,27.818028100
1590,27.828929285535,27.835733800
1591,27.846431756784,27.853216200
1592,27.863934228033,27.870614800
1593,27.881436699282,27.887972500
1594,27.898939170530,27.905905400
1595,27.916441641779,27.922949700
1596,27.933944113028,27.941174000
1597,27.951446584277,27.958297100
1598,27.968949055525,27.976012900
1599,27.986451526774,27.993243700
1600,28.003953998023,28.010706800
1601,28.021456469272,28.028430500
1602,28.038958940521,28.045928000
1603,28.056461411769,28.063257400
1604,28.073963883018,28.080679000
1605,28.091466354267,28.098164500
1606,28.108968825516,28.115964300
1607,28.126471296764,28.134066800
1608,28.143973768013,28.154415100
1609,28.161476239262,28.170170700
1610,28.178978710511,28.187435300
1611,28.196481181759,28.203478300
1612,28.213983653008,28.220523100
1613,28.231486124257,28.238025500
1614,28.248988595506,28.255912900
1615,28.266491066754,28.273002100
1616,28.283993538003,28.290552500
1617,28.301496009252,28.308420900
1618,28.318998480501,28.326434300
1619,28.336500951750,28.344199900
1620,28.354003422998,28.360645800
1621,28.371505894247,28.378264900
1622,28.389008365496,28.396034500
1623,28.406510836745,28.413241800
1624,28.424013307993,28.430677400
1625,28.441515779242,28.448309500
1626,28.459018250491,28.466033400
1627,28.476520721740,28.483845200
1628,28.494023192988,28.500508000
1629,28.511525664237,28.518129300
1630,28.529028135486,28.535831000
1631,28.546530606735,28.553189100
1632,28.564033077983,28.570515900
1633,28.581535549232,28.588139200
1634,28.599038020481,28.605786200
1635,28.616540491730,28.623177600
1636,28.634042962979,28.641227700
1637,28.651545434227,28.658896200
1638,28.669047905476,28.675910600
1639,28.686550376725,28.693484800
1640,28.704052847974,28.711114600
1641,28.721555319222,28.728087000
1642,28.739057790471,28.746447900
1643,28.756560261720,28.763777100
1644,28.774062732969,28.780700700
1645,28.791565204217,28.798225900
1646,28.809067675466,28.816077800
1647,28.826570146715,28.833268100
1648,28.844072617964,28.850747000
1649,28.861575089212,28.868250600
1650,28.879077560461,28.886066000
1651,28.896580031710,28.903171700
1652,28.914082502959,28.920890400
1653,28.931584974208,28.937788300
1654,28.949087445456,28.955211800
1655,28.966589916705,28.972734200
1656,28.984092387954,28.990805100
1657,29.001594859203,29.008356500
1658,29.019097330451,29.025663000
1659,29.036599801700,29.043008300
1660,29.054102272949,29.061071400
1661,29.071604744198,29.078651700
1662,29.089107215446,29.095778800
1663,29.106609686695,29.113168300
1664,29.124112157944,29.131112400
1665,29.141614629193,29.148286800
1666,29.159117100441,29.165969400
1667,29.176619571690,29.183940400
1668,29.194122042939,29.201037400
1669,29.211624514188,29.218226200
1670,29.229126985437,29.235749700
1671,29.246629456685,29.253358500
1672,29.264131927934,29.270863600
1673,29.281634399183,29.288282700
1674,29.299136870432,29.305807900
1675,29.316639341680,29.323453200
1676,29.334141812929,29.341925700
1677,29.351644284178,29.358549600
1678,29.369146755427,29.375773900
1679,29.386649226675,29.393809800
1680,29.404151697924,29.411037500
1681,29.421654169173,29.428096900
1682,29.439156640422,29.445944100
1683,29.456659111670,29.464261900
1684,29.474161582919,29.483041900
1685,29.491664054168,29.499671200
1686,29.509166525417,29.516146600
1687,29.526668996665,29.533371400
1688,29.544171467914,29.550698300
1689,29.561673939163,29.569153700
1690,29.579176410412,29.586643000
1691,29.596678881661,29.603805200
1692,29.614181352909,29.620986100
1693,29.631683824158,29.638309500
1694,29.649186295407,29.656314300
1695,29.666688766656,29.673713800
1696,29.684191237904,29.691554800
1697,29.701693709153,29.708339800
1698,29.719196180402,29.725813000
1699,29.736698651651,29.743202800
1700,29.754201122899,29.760465900
1701,29.771703594148,29.777976800
1702,29.789206065397,29.795771400
1703,29.806708536646,29.813363900
1704,29.824211007894,29.830835800
1705,29.841713479143,29.848971000
1706,29.859215950392,29.865866800
1707,29.876718421641,29.883162100
1708,29.894220892890,29.901045000
1709,29.911723364138,29.918312400
1710,29.929225835387,29.936290800
1711,29.946728306636,29.953448200
1712,29.964230777885,29.970849500
1713,29.981733249133,29.988459700
1714,29.999235720382,30.005914400
1715,30.016738191631,30.023428900
1716,30.034240662880,30.040936300
1717,30.051743134128,30.058501300
1718,30.069245605377,30.076596600
1719,30.086748076626,30.095649100
1720,30.104250547875,30.112413100
1721,30.121753019123,30.129147500
1722,30.139255490372,30.145931400
1723,30.156757961621,30.163936700
1724,30.174260432870,30.181989400
1725,30.191762904119,30.198449800
1726,30.209265375367,30.215877300
1727,30.226767846616,30.233090000
1728,30.244270317865,30.250674300
1729,30.261772789114,30.268479800
1730,30.279275260362,30.285993100
1731,30.296777731611,30.303062800
1732,30.314280202860,30.320931700
1733,30.331782674109,30.338144100
1734,30.349285145357,30.355889500
1735,30.366787616606,30.373463200
1736,30.384290087855,30.391183300
1737,30.401792559104,30.408433100
1738,30.419295030352,30.426052800
1739,30.436797501601,30.443210200
1740,30.454299972850,30.461034300
1741,30.471802444099,30.478557500
1742,30.489304915348,30.495982800
1743,30.506807386596,30.513283200
1744,30.524309857845,30.531133900
1745,30.541812329094,30.548345500
1746,30.559314800343,30.566117500
1747,30.576817271591,30.584705800
1748,30.594319742840,30.600606400
1749,30.611822214089,30.618049400
1750,30.629324685338,30.635905200
1751,30.646827156586,30.653232100
1752,30.664329627835,30.670983200
1753,30.681832099084,30.688698300
1754,30.699334570333,30.706075500
1755,30.716837041581,30.723237800
1756,30.734339512830,30.740935800
1757,30.751841984079,30.758450400
1758,30.769344455328,30.776123500
1759,30.786846926577,30.793952600
1760,30.804349397825,30.811096400
1761,30.821851869074,30.828773500
1762,30.839354340323,30.846034100
1763,30.856856811572,30.863347500
1764,30.874359282820,30.881462100
1765,30.891861754069,30.898232800
1766,30.909364225318,30.916008100
1767,30.926866696567,30.933237500
1768,30.944369167815,30.950888600
1769,30.961871639064,30.970082200
1770,30.979374110313,30.985839600
1771,30.996876581562,31.003361900
1772,31.014379052810,31.020930600
1773,31.031881524059,31.038363200
1774,31.049383995308,31.056359400
1775,31.066886466557,31.073697600
1776,31.084388937806,31.091050800
1777,31.101891409054,31.108926700
1778,31.119393880303,31.125620400
1779,31.136896351552,31.143453000
1780,31.154398822801,31.161236300
1781,31.171901294049,31.178677300
1782,31.189403765298,31.196450500
1783,31.206906236547,31.214050600
1784,31.224408707796,31.231022300
1785,31.241911179044,31.248450400
1786,31.259413650293,31.266061100
1787,31.276916121542,31.283359500
1788,31.294418592791,31.301250700
1789,31.311921064039,31.318478000
1790,31.329423535288,31.336081600
1791,31.346926006537,31.354101900
1792,31.364428477786,31.371408400
1793,31.381930949035,31.389302500
1794,31.399433420283,31.406769900
1795,31.416935891532,31.423818400
1796,31.434438362781,31.440840500
1797,31.451940834030,31.459135300
1798,31.469443305278,31.476885800
1799,31.486945776527,31.495362500
1800,31.504448247776,31.512645900
1801,31.521950719025,31.529175500
1802,31.539453190273,31.546230000
1803,31.556955661522,31.563430100
1804,31.574458132771,31.581206800
1805,31.591960604020,31.598884000
1806,31.609463075268,31.616216100
1807,31.626965546517,31.633474300
1808,31.644468017766,31.651169700
1809,31.661970489015,31.668725400
1810,31.679472960264,31.686108300
1811,31.696975431512,31.703627800
1812,31.714477902761,31.721571400
1813,31.731980374010,31.738896900
1814,31.749482845259,31.756035700
1815,31.766985316507,31.773998700
1816,31.784487787756,31.791344500
1817,31.801990259005,31.808412700
1818,31.819492730254,31.826593900
1819,31.836995201502,31.843601200
1820,31.854497672751,31.861270900
1821,31.872000144000,31.878611600
1822,31.889502615249,31.896725200
1823,31.907005086497,31.914570000
1824,31.924507557746,31.933147000
1825,31.942010028995,31.950071900
1826,31.959512500244,31.966722600
1827,31.977014971493,31.983872300
1828,31.994517442741,32.001283700
1829,32.012019913990,32.018750100
1830,32.029522385239,32.036241100
1831,32.047024856488,32.053559800
1832,32.064527327736,32.070837200
1833,32.082029798985,32.088718300
1834,32.099532270234,32.106155600
1835,32.117034741483,32.123635400
1836,32.134537212731,32.141260100
1837,32.152039683980,32.158822900
1838,32.169542155229,32.176352200
1839,32.187044626478,32.193712500
1840,32.204547097726,32.212319600
1841,32.222049568975,32.228829900
1842,32.239552040224,32.245944900
1843,32.257054511473,32.263556800
1844,32.274556982722,32.281139900
1845,32.292059453970,32.298527300
1846,32.309561925219,32.316039400
1847,32.327064396468,32.333441300
1848,32.344566867717,32.351321400
1849,32.362069338965,32.368744800
1850,32.379571810214,32.385995700
1851,32.397074281463,32.404941300
1852,32.414576752712,32.421404300
1853,32.432079223960,32.438835600
1854,32.449581695209,32.456253900
1855,32.467084166458,32.473626500
1856,32.484586637707,32.491082700
1857,32.502089108955,32.508631400
1858,32.519591580204,32.526320500
1859,32.537094051453,32.543975300
1860,32.554596522702,32.560916200
1861,32.572098993950,32.578361200
1862,32.589601465199,32.595940500
1863,32.607103936448,32.613706000
1864,32.624606407697,32.631013100
1865,32.642108878946,32.648727600
1866,32.659611350194,32.666570200
1867,32.677113821443,32.684126000
1868,32.694616292692,32.701219600
1869,32.712118763941,32.718897700
1870,32.729621235189,32.736514300
1871,32.747123706438,32.754167400
1872,32.764626177687,32.771404500
1873,32.782128648936,32.788912300
1874,32.799631120184,32.806327200
1875,32.817133591433,32.824043800
1876,32.834636062682,32.841510500
1877,32.852138533931,32.858821400
1878,32.869641005179,32.876423500
1879,32.887143476428,32.893943600
1880,32.904645947677,32.911323000
1881,32.922148418926,32.928760400
1882,32.939650890175,32.946181600
1883,32.957153361423,32.964646000
1884,32.974655832672,32.981390700
1885,32.992158303921,32.998946800
1886,33.009660775170,33.016354000
1887,33.027163246418,33.033761000
1888,33.044665717667,33.051343000
1889,33.062168188916,33.068927100
1890,33.079670660165,33.086406700
1891,33.097173131413,33.103979900
1892,33.114675602662,33.121493500
1893,33.132178073911,33.138708300
1894,33.149680545160,33.156444800
1895,33.167183016408,33.173935900
1896,33.184685487657,33.191406600
1897,33.202187958906,33.209007800
1898,33.219690430155,33.226521200
1899,33.237192901404,33.244550400
1900,33.254695372652,33.261144400
1901,33.272197843901,33.278916300
1902,33.289700315150,33.296117800
1903,33.307202786399,33.313611200
1904,33.324705257647,33.331249600
1905,33.342207728896,33.348678900
1906,33.359710200145,33.366192100
1907,33.377212671394,33.383935800
1908,33.394715142642,33.401559600
1909,33.412217613891,33.418809200
1910,33.429720085140,33.436016100
1911,33.447222556389,33.453640400
1912,33.464725027637,33.471423400
1913,33.482227498886,33.488458500
1914,33.499729970135,33.506539800
1915,33.517232441384,33.523855100
1916,33.534734912633,33.541578800
1917,33.552237383881,33.558903000
1918,33.569739855130,33.576325300
1919,33.587242326379,33.594414700
1920,33.604744797628,33.611453200
1921,33.622247268876,33.628959500
1922,33.639749740125,33.646472700
1923,33.657252211374,33.664070800
1924,33.674754682623,33.681106600
1925,33.692257153871,33.698963800
1926,33.709759625120,33.716519700
1927,33.727262096369,33.734672600
1928,33.744764567618,33.751115500
1929,33.762267038866,33.769084500
1930,33.779769510115,33.787216700
1931,33.797271981364,33.804024000
1932,33.814774452613,33.821394200
1933,33.832276923862,33.838950600
1934,33.849779395110,33.856813300
1935,33.867281866359,33.873957400
1936,33.884784337608,33.891912100
1937,33.902286808857,33.909022900
1938,33.919789280105,33.926336900
1939,33.937291751354,33.943827200
1940,33.954794222603,33.961665400
1941,33.972296693852,33.979126700
1942,33.989799165100,33.997142000
1943,34.007301636349,34.013634800
1944,34.024804107598,34.031285400
1945,34.042306578847,34.049086200
1946,34.059809050095,34.066240900
1947,34.077311521344,34.083741200
1948,34.094813992593,34.101602000
1949,34.112316463842,34.119034700
1950,34.129818935091,34.136294800
1951,34.147321406339,34.153646100
1952,34.164823877588,34.171489400
1953,34.182326348837,34.189574800
1954,34.199828820086,34.206508700
1955,34.217331291334,34.224299000
1956,34.234833762583,34.241599700
1957,34.252336233832,34.259233100
1958,34.269838705081,34.276995600
1959,34.287341176329,34.294209500
1960,34.304843647578,34.312169800
1961,34.322346118827,34.328806800
1962,34.339848590076,34.346836600
1963,34.357351061324,34.364204600
1964,34.374853532573,34.381683400
1965,34.392356003822,34.400164200
1966,34.409858475071,34.416730600
1967,34.427360946320,34.433921600
1968,34.444863417568,34.451376100
1969,34.462365888817,34.468897100
1970,34.479868360066,34.486335200
1971,34.497370831315,34.503917400
1972,34.514873302563,34.521588600
1973,34.532375773812,34.539452800
1974,34.549878245061,34.557331700
1975,34.567380716310,34.574580900
1976,34.584883187558,34.593402500
1977,34.602385658807,34.610550900
1978,34.619888130056,34.626936000
1979,34.637390601305,34.643965700
1980,34.654893072553,34.661459000
1981,34.672395543802,34.714630200
1982,34.689898015051,34.728818900
1983,34.707400486300,34.742562800
1984,34.724902957549,34.756687700
1985,34.742405428797,34.769614200
1986,34.759907900046,34.785548500
1987,34.777410371295,34.800942800
1988,34.794912842544,34.815025800
1989,34.812415313792,34.828764400
1990,34.829917785041,34.841964900
1991,34.847420256290,34.855337600
1992,34.864922727539,34.871581300
1993,34.882425198787,34.888918600
1994,34.899927670036,34.906827400
1995,34.917430141285,34.924169400
1996,34.934932612534,34.941582200
1997,34.952435083782,34.958886000
1998,34.969937555031,34.976363600
1999,34.987440026280,34.994668700
2000,35.004942497529,35.011363300
2001,35.022444968778,35.028958300
2002,35.039947440026,35.046824600
2003,35.057449911275,35.064879200
2004,35.074952382524,35.082142500
2005,35.092454853773,35.101491400
2006,35.109957325021,35.117996400
2007,35.127459796270,35.134379400
2008,35.144962267519,35.151657200
2009,35.162464738768,35.169417600
2010,35.179967210016,35.186576600
2011,35.197469681265,35.203964200
2012,35.214972152514,35.221633200
2013,35.232474623763,35.239170500
2014,35.249977095011,35.256769200
2015,35.267479566260,35.275111300
2016,35.284982037509,35.292121000
2017,35.302484508758,35.309594500
2018,35.319986980007,35.326303900
2019,35.337489451255,35.344131000
2020,35.354991922504,35.361622500
2021,35.372494393753,35.379079700
2022,35.389996865002,35.397383300
2023,35.407499336250,35.414520200
2024,35.425001807499,35.432345200
2025,35.442504278748,35.450989700
2026,35.460006749997,35.467621900
2027,35.477509221245,35.484801400
2028,35.495011692494,35.504062100
2029,35.512514163743,35.519280200
2030,35.530016634992,35.536752700
2031,35.547519106240,35.554800000
2032,35.565021577489,35.571772300
2033,35.582524048738,35.589046400
2034,35.600026519987,35.607391200
2035,35.617528991236,35.623913300
2036,35.635031462484,35.641344400
2037,35.652533933733,35.658921200
2038,35.670036404982,35.676369200
2039,35.687538876231,35.694160900
2040,35.705041347479,35.711559200
2041,35.722543818728,35.729142800
2042,35.740046289977,35.746735600
2043,35.757548761226,35.763912800
2044,35.775051232474,35.781708900
2045,35.792553703723,35.799591000
2046,35.810056174972,35.817475600
2047,35.827558646221,35.877842700
2048,35.845061117469,35.891425200
2049,35.862563588718,35.904660200
2050,35.880066059967,35.918989400
2051,35.897568531216,35.932897200
2052,35.915071002464,35.946647800
2053,35.932573473713,35.959917200
2054,35.950075944962,35.972833400
2055,35.967578416211,35.985884700
2056,35.985080887460,36.001832000
2057,36.002583358708,36.015535300
2058,36.020085829957,36.029160900
2059,36.037588301206,36.043864300
2060,36.055090772455,36.061515400
2061,36.072593243703,36.079108300
2062,36.090095714952,36.097041700
2063,36.107598186201,36.114262800
2064,36.125100657450,36.132246800
2065,36.142603128698,36.151958300
2066,36.160105599947,36.168557000
2067,36.177608071196,36.185373600
2068,36.195110542445,36.201767700
2069,36.212613013693,36.219151300
2070,36.230115484942,36.236731400
2071,36.247617956191,36.255043300
2072,36.265120427440,36.272311900
2073,36.282622898689,36.289429800
2074,36.300125369937,36.307594800
2075,36.317627841186,36.324421000
2076,36.335130312435,36.341410400
2077,36.352632783684,36.359247400
2078,36.370135254932,36.377221800
2079,36.387637726181,36.394322800
2080,36.405140197430,36.411756300
2081,36.422642668679,36.429161500
2082,36.440145139927,36.446644400
2083,36.457647611176,36.464247000
2084,36.475150082425,36.482385500
2085,36.492652553674,36.501635100
2086,36.510155024922,36.518972400
2087,36.527657496171,36.535192100
2088,36.545159967420,36.552278800
2089,36.562662438669,36.569434400
2090,36.580164909918,36.586617000
2091,36.597667381166,36.604083800
2092,36.615169852415,36.621778100
2093,36.632672323664,36.639782900
2094,36.650174794913,36.656679000
2095,36.667677266161,36.674700900
2096,36.685179737410,36.692027200
2097,36.702682208659,36.709882000
2098,36.720184679908,36.727024000
2099,36.737687151156,36.744421200
2100,36.755189622405,36.762101300
2101,36.772692093654,36.779220900
2102,36.790194564903,36.796986200
2103,36.807697036151,36.814428700
2104,36.825199507400,36.831897800
2105,36.842701978649,36.849576200
2106,36.860204449898,36.867050800
2107,36.877706921147,36.884155800
2108,36.895209392395,36.901450000
2109,36.912711863644,36.919167100
2110,36.930214334893,36.937102400
2111,36.947716806142,36.954440000
2112,36.965219277390,36.971774300
2113,36.982721748639,36.989665300
2114,37.000224219888,37.006621900
2115,37.017726691137,37.024195900
2116,37.035229162385,37.042012600
2117,37.052731633634,37.059619900
2118,37.070234104883,37.076860800
2119,37.087736576132,37.094296300
2120,37.105239047380,37.112019300
2121,37.122741518629,37.129733200
2122,37.140243989878,37.146699400
2123,37.157746461127,37.164436100
2124,37.175248932376,37.182983100
2125,37.192751403624,37.199226300
2126,37.210253874873,37.217302200
2127,37.227756346122,37.234378200
2128,37.245258817371,37.252230800
2129,37.262761288619,37.269390200
2130,37.280263759868,37.286695500
2131,37.297766231117,37.304279900
2132,37.315268702366,37.321527600
2133,37.332771173614,37.340230900
2134,37.350273644863,37.357068800
2135,37.367776116112,37.374388500
2136,37.385278587361,37.392340800
2137,37.402781058609,37.409570100
2138,37.420283529858,37.427121700
2139,37.437786001107,37.444382500
2140,37.455288472356,37.461865700
2141,37.472790943605,37.479183500
2142,37.490293414853,37.497154500
2143,37.507795886102,37.514638900
2144,37.525298357351,37.533638100
2145,37.542800828600,37.551744000
2146,37.560303299848,37.568665300
2147,37.577805771097,37.586528700
2148,37.595308242346,37.603353400
2149,37.612810713595,37.620968600
2150,37.630313184843,37.638513500
2151,37.647815656092,37.655968400
2152,37.665318127341,37.673592000
2153,37.682820598590,37.690952500
2154,37.700323069838,37.708770100
2155,37.717825541087,37.726618400
2156,37.735328012336,37.745472000
2157,37.752830483585,37.762325300
2158,37.770332954834,37.778832300
2159,37.787835426082,37.795833200
2160,37.805337897331,37.813867800
2161,37.822840368580,37.832190500
2162,37.840342839829,37.849090600
2163,37.857845311077,37.866391900
2164,37.875347782326,37.883744400
2165,37.892850253575,37.901251400
2166,37.910352724824,37.918757800
2167,37.927855196072,37.936114100
2168,37.945357667321,37.953440400
2169,37.962860138570,37.970619800
2170,37.980362609819,37.989003500
2171,37.997865081067,38.005984400
2172,38.015367552316,38.023059300
2173,38.032870023565,38.040750600
2174,38.050372494814,38.058656200
2175,38.067874966063,38.075474800
2176,38.085377437311,38.094127000
2177,38.102879908560,38.111105700
2178,38.120382379809,38.128452600
2179,38.137884851058,38.146216400
2180,38.155387322306,38.163875400
2181,38.172889793555,38.183101400
2182,38.190392264804,38.199503100
2183,38.207894736053,38.215830400
2184,38.225397207301,38.233333300
2185,38.242899678550,38.251087200
2186,38.260402149799,38.269340200
2187,38.277904621048,38.286013600
2188,38.295407092296,38.303569300
2189,38.312909563545,38.321272900
2190,38.330412034794,38.338164800
2191,38.347914506043,38.357121300
2192,38.365416977292,38.375094500
2193,38.382919448540,38.391244300
2194,38.400421919789,38.408929200
2195,38.417924391038,38.426103700
2196,38.435426862287,38.443272200
2197,38.452929333535,38.460869400
2198,38.470431804784,38.477170300
2199,38.487934276033,38.496013800
2200,38.505436747282,38.513549800
2201,38.522939218530,38.531164600
2202,38.540441689779,38.548723100
2203,38.557944161028,38.567078700
2204,38.575446632277,38.584374300
2205,38.592949103525,38.602915100
2206,38.610451574774,38.619774900
2207,38.627954046023,38.636178100
2208,38.645456517272,38.653256100
2209,38.662958988521,38.670736000
2210,38.680461459769,38.688670900
2211,38.697963931018,38.705578300
2212,38.715466402267,38.723426500
2213,38.732968873516,38.741512600
2214,38.750471344764,38.757983900
2215,38.767973816013,38.776650000
2216,38.785476287262,38.793517100
2217,38.802978758511,38.811238200
2218,38.820481229759,38.828870800
2219,38.837983701008,38.845464800
2220,38.855486172257,38.864418300
2221,38.872988643506,38.882257700
2222,38.890491114754,38.899339900
2223,38.907993586003,38.916117000
2224,38.925496057252,38.933694400
2225,38.942998528501,38.950801200
2226,38.960500999749,38.969023300
2227,38.978003470998,38.986357600
2228,38.995505942247,39.006524600
2229,39.013008413496,39.023551400
2230,39.030510884745,39.040109100
2231,39.048013355993,39.056898200
2232,39.065515827242,39.073958900
2233,39.083018298491,39.091555200
2234,39.100520769740,39.109543500
2235,39.118023240988,39.125170400
2236,39.135525712237,39.143536200
2237,39.153028183486,39.161159400
2238,39.170530654735,39.178676200
2239,39.188033125983,39.196338700
2240,39.205535597232,39.213597700
2241,39.223038068481,39.229612400
2242,39.240540539730,39.249976000
2243,39.258043010978,39.266233100
2244,39.275545482227,39.284582300
2245,39.293047953476,39.301156500
2246,39.310550424725,39.318877100
2247,39.328052895974,39.336798200
2248,39.345555367222,39.352878500
2249,39.363057838471,39.371068900
2250,39.380560309720,39.389244200
2251,39.398062780969,39.407470400
2252,39.415565252217,39.423906800
2253,39.433067723466,39.440843200
2254,39.450570194715,39.457357000
2255,39.468072665964,39.475830400
2256,39.485575137212,39.493438700
2257,39.503077608461,39.510879500
2258,39.520580079710,39.528612600
2259,39.538082550959,39.545915600
2260,39.555585022207,39.563621600
2261,39.573087493456,39.580927800
2262,39.590589964705,39.598396200
2263,39.608092435954,39.616087600
2264,39.625594907203,39.633844400
2265,39.643097378451,39.650697200
2266,39.660599849700,39.668527900
2267,39.678102320949,39.686177500
2268,39.695604792198,39.703611300
2269,39.713107263446,39.720831300
2270,39.730609734695,39.738419400
2271,39.748112205944,39.756134500
2272,39.765614677193,39.773253300
2273,39.783117148441,39.791180400
2274,39.800619619690,39.808779300
2275,39.818122090939,39.826537800
2276,39.835624562188,39.844330900
2277,39.853127033436,39.862211300
2278,39.870629504685,39.881983600
2279,39.888131975934,39.898716800
2280,39.905634447183,39.915021500
2281,39.923136918432,39.932079800
2282,39.940639389680,39.948248900
2283,39.958141860929,39.965753500
2284,39.975644332178,39.983422700
2285,39.993146803427,40.000438700
2286,40.010649274675,40.018880200
2287,40.028151745924,40.035757800
2288,40.045654217173,40.053278000
2289,40.063156688422,40.071364800
2290,40.080659159670,40.088837800
2291,40.098161630919,40.106231600
2292,40.115664102168,40.123553100
2293,40.133166573417,40.140248300
2294,40.150669044665,40.158543400
2295,40.168171515914,40.176016100
2296,40.185673987163,40.193637900
2297,40.203176458412,40.211113400
2298,40.220678929661,40.228957100
2299,40.238181400909,40.246700100
2300,40.255683872158,40.263639500
2301,40.273186343407,40.281354400
2302,40.290688814656,40.298951100
2303,40.308191285904,40.315401200
2304,40.325693757153,40.333407500
2305,40.343196228402,40.351153400
2306,40.360698699651,40.368711200
2307,40.378201170899,40.386019900
2308,40.395703642148,40.405757900
2309,40.413206113397,40.421353300
2310,40.430708584646,40.438770600
2311,40.448211055894,40.456707600
2312,40.465713527143,40.473697000
2313,40.483215998392,40.491414900
2314,40.500718469641,40.507662900
2315,40.518220940890,40.525912800
2316,40.535723412138,40.543588700
2317,40.553225883387,40.560972900
2318,40.570728354636,40.578644600
2319,40.588230825885,40.596117200
2320,40.605733297133,40.613526900
2321,40.623235768382,40.630934900
2322,40.640738239631,40.648616900
2323,40.658240710880,40.666873700
2324,40.675743182128,40.684748800
2325,40.693245653377,40.702784200
2326,40.710748124626,40.719562900
2327,40.728250595875,40.735929000
2328,40.745753067123,40.754199200
2329,40.763255538372,40.771014800
2330,40.780758009621,40.788855700
2331,40.798260480870,40.806198000
2332,40.815762952119,40.822906500
2333,40.833265423367,40.841485500
2334,40.850767894616,40.859307800
2335,40.868270365865,40.876797000
2336,40.885772837114,40.894985500
2337,40.903275308362,40.912842200
2338,40.920777779611,40.929812900
2339,40.938280250860,40.946184000
2340,40.955782722109,40.963670000
2341,40.973285193357,40.981371000
2342,40.990787664606,40.998575300
2343,41.008290135855,41.016379600
2344,41.025792607104,41.034396500
2345,41.043295078352,41.051366500
2346,41.060797549601,41.068675400
2347,41.078300020850,41.086312200
2348,41.095802492099,41.103814200
2349,41.113304963348,41.121908900
2350,41.130807434596,41.139423900
2351,41.148309905845,41.156485400
2352,41.165812377094,41.173643500
2353,41.183314848343,41.191667300
2354,41.200817319591,41.208204600
2355,41.218319790840,41.226354500
2356,41.235822262089,41.243935600
2357,41.253324733338,41.261443900
2358,41.270827204586,41.279007700
2359,41.288329675835,41.296264600
2360,41.305832147084,41.314036800
2361,41.323334618333,41.330227900
2362,41.340837089581,41.348740400
2363,41.358339560830,41.368418000
2364,41.375842032079,41.384362500
2365,41.393344503328,41.402588000
2366,41.410846974577,41.419872000
2367,41.428349445825,41.437313300
2368,41.445851917074,41.453020400
2369,41.463354388323,41.470087100
2370,41.480856859572,41.488090700
2371,41.498359330820,41.504889200
2372,41.515861802069,41.522683400
2373,41.533364273318,41.540603000
2374,41.550866744567,41.559446100
2375,41.568369215815,41.576292100
2376,41.585871687064,41.592538800
2377,41.603374158313,41.609988700
2378,41.620876629562,41.628253400
2379,41.638379100810,41.645233900
2380,41.655881572059,41.662318400
2381,41.673384043308,41.679952900
2382,41.690886514557,41.697538100
2383,41.708388985806,41.715393900
2384,41.725891457054,41.732521500
2385,41.743393928303,41.750421400
2386,41.760896399552,41.767406600
2387,41.778398870801,41.784860700
2388,41.795901342049,41.802315600
2389,41.813403813298,41.820320300
2390,41.830906284547,41.837318800
2391,41.848408755796,41.854779700
2392,41.865911227044,41.872518500
2393,41.883413698293,41.889934400
2394,41.900916169542,41.908179600
2395,41.918418640791,41.924983100
2396,41.935921112039,41.943018600
2397,41.953423583288,41.960565600
2398,41.970926054537,41.977779300
2399,41.988428525786,41.995456500
2400,42.005930997034,42.012289000
2401,42.023433468283,42.029755800
2402,42.040935939532,42.047830800
2403,42.058438410781,42.064662900
2404,42.075940882030,42.082844400
2405,42.093443353278,42.100782500
2406,42.110945824527,42.117854700
2407,42.128448295776,42.135174100
2408,42.145950767025,42.153033700
2409,42.163453238273,42.170275000
2410,42.180955709522,42.187915100
2411,42.198458180771,42.206190900
2412,42.215960652020,42.222845300
2413,42.233463123268,42.240864700
2414,42.250965594517,42.258408800
2415,42.268468065766,42.276200000
2416,42.285970537015,42.293537600
2417,42.303473008263,42.310972200
2418,42.320975479512,42.329683800
2419,42.338477950761,42.346377900
2420,42.355980422010,42.363546900
2421,42.373482893259,42.381437900
2422,42.390985364507,42.400314600
2423,42.408487835756,42.415912600
2424,42.425990307005,42.434702600
2425,42.443492778254,42.451466300
2426,42.460995249502,42.468473600
2427,42.478497720751,42.486056300
2428,42.496000192000,42.503563000
2429,42.513502663249,42.521124000
2430,42.531005134497,42.538465400
2431,42.548507605746,42.556175700
2432,42.566010076995,42.573768100
2433,42.583512548244,42.591695500
2434,42.601015019492,42.608683100
2435,42.618517490741,42.626304300
2436,42.636019961990,42.643632600
2437,42.653522433239,42.661487400
2438,42.671024904488,42.678704400
2439,42.688527375736,42.695979100
2440,42.706029846985,42.714016200
2441,42.723532318234,42.730742600
2442,42.741034789483,42.748411400
2443,42.758537260731,42.766107600
2444,42.776039731980,42.784005200
2445,42.793542203229,42.801298100
2446,42.811044674478,42.818962500
2447,42.828547145726,42.836143200
2448,42.846049616975,42.853871800
2449,42.863552088224,42.870795300
2450,42.881054559473,42.888672900
2451,42.898557030721,42.906486800
2452,42.916059501970,42.923506700
2453,42.933561973219,42.941583500
2454,42.951064444468,42.958876900
2455,42.968566915717,42.976364300
2456,42.986069386965,42.993931300
2457,43.003571858214,43.011307500
2458,43.021074329463,43.028455700
2459,43.038576800712,43.046075700
2460,43.056079271960,43.063848800
2461,43.073581743209,43.081308700
2462,43.091084214458,43.098768400
2463,43.108586685707,43.116528100
2464,43.126089156955,43.133373700
2465,43.143591628204,43.151101400
2466,43.161094099453,43.168647600
2467,43.178596570702,43.186152900
2468,43.196099041950,43.203875700
2469,43.213601513199,43.221104300
2470,43.231103984448,43.238491600
2471,43.248606455697,43.256286700
2472,43.266108926946,43.273861200
2473,43.283611398194,43.290923500
2474,43.301113869443,43.308482000
2475,43.318616340692,43.326415500
2476,43.336118811941,43.343517900
2477,43.353621283189,43.361768700
2478,43.371123754438,43.378592600
2479,43.388626225687,43.396752200
2480,43.406128696936,43.413473500
2481,43.423631168184,43.431324800
2482,43.441133639433,43.448441100
2483,43.458636110682,43.466263800
2484,43.476138581931,43.485106200
2485,43.493641053179,43.501337500
2486,43.511143524428,43.518768000
2487,43.528645995677,43.536130700
2488,43.546148466926,43.553986600
2489,43.563650938175,43.570915600
2490,43.581153409423,43.588565600
2491,43.598655880672,43.606061700
2492,43.616158351921,43.624317300
2493,43.633660823170,43.641980200
2494,43.651163294418,43.659644300
2495,43.668665765667,43.676895700
2496,43.686168236916,43.694397300
2497,43.703670708165,43.713464000
2498,43.721173179413,43.729907500
2499,43.738675650662,43.746895700
2500,43.756178121911,43.764249600
2501,43.773680593160,43.781376600
2502,43.791183064408,43.798908100
2503,43.808685535657,43.816423400
2504,43.826188006906,43.833927600
2505,43.843690478155,43.851089000
2506,43.861192949404,43.868784500
2507,43.878695420652,43.886067500
2508,43.896197891901,43.903865300
2509,43.913700363150,43.921338800
2510,43.931202834399,43.938669500
2511,43.948705305647,43.956156800
2512,43.966207776896,43.974670600
2513,43.983710248145,43.991866300
2514,44.001212719394,44.008646100
2515,44.018715190642,44.026453800
2516,44.036217661891,44.043823400
2517,44.053720133140,44.061280200
2518,44.071222604389,44.078712100
2519,44.088725075637,44.096208800
2520,44.106227546886,44.113688000
2521,44.123730018135,44.131379800
2522,44.141232489384,44.149712100
2523,44.158734960633,44.166190800
2524,44.176237431881,44.184130200
2525,44.193739903130,44.201431100
2526,44.211242374379,44.218792100
2527,44.228744845628,44.236801300
2528,44.246247316876,44.253842600
2529,44.263749788125,44.272774100
2530,44.281252259374,44.288715200
2531,44.298754730623,44.306425100
2532,44.316257201871,44.323887000
2533,44.333759673120,44.341781300
2534,44.351262144369,44.359394100
2535,44.368764615618,44.376352800
2536,44.386267086866,44.394551200
2537,44.403769558115,44.411318800
2538,44.421272029364,44.429260000
2539,44.438774500613,44.446247000
2540,44.456276971862,44.464043000
2541,44.473779443110,44.481558400
2542,44.491281914359,44.498713700
2543,44.508784385608,44.516476000
2544,44.526286856857,44.533749000
2545,44.543789328105,44.551603900
2546,44.561291799354,44.568680600
2547,44.578794270603,44.586302800
2548,44.596296741852,44.603909500
2549,44.613799213100,44.622318600
2550,44.631301684349,44.641961600
2551,44.648804155598,44.658218700
2552,44.666306626847,44.675160200
2553,44.683809098095,44.692305200
2554,44.701311569344,44.708924700
2555,44.718814040593,44.726364300
2556,44.736316511842,44.743873300
2557,44.753818983091,44.761783900
2558,44.771321454339,44.778974600
2559,44.788823925588,44.796355700
2560,44.806326396837,44.814344800
2561,44.823828868086,44.831740000
2562,44.841331339334,44.849178600
2563,44.858833810583,44.866810900
2564,44.876336281832,44.884007600
2565,44.893838753081,44.901795800
2566,44.911341224329,44.918809000
2567,44.928843695578,44.937499800
2568,44.946346166827,44.954515700
2569,44.963848638076,44.971937000
2570,44.981351109324,44.990075900
2571,44.998853580573,45.008341800
2572,45.016356051822,45.026371100
2573,45.033858523071,45.042488800
2574,45.051360994320,45.059186500
2575,45.068863465568,45.076474300
2576,45.086365936817,45.094314100
2577,45.103868408066,45.111282800
2578,45.121370879315,45.129438100
2579,45.138873350563,45.146647800
2580,45.156375821812,45.163931200
2581,45.173878293061,45.181453400
2582,45.191380764310,45.200414200
2583,45.208883235558,45.217368500
2584,45.226385706807,45.236198100
2585,45.243888178056,45.252686900
2586,45.261390649305,45.269690800
2587,45.278893120553,45.286151400
2588,45.296395591802,45.303888000
2589,45.313898063051,45.321701400
2590,45.331400534300,45.339151000
2591,45.348903005548,45.357751600
2592,45.366405476797,45.374051700
2593,45.383907948046,45.391823800
2594,45.401410419295,45.408857000
2595,45.418912890544,45.426268200
2596,45.436415361792,45.443828300
2597,45.453917833041,45.461220700
2598,45.471420304290,45.479057600
2599,45.488922775539,45.496553600
2600,45.506425246787,45.515412900
2601,45.523927718036,45.532080500
2602,45.541430189285,45.548667100
2603,45.558932660534,45.566250900
2604,45.576435131782,45.583854600
2605,45.593937603031,45.601267600
2606,45.611440074280,45.618636600
2607,45.628942545529,45.636370600
2608,45.646445016777,45.654027700
2609,45.663947488026,45.671380800
2610,45.681449959275,45.688742500
2611,45.698952430524,45.706188100
2612,45.716454901773,45.724087400
2613,45.733957373021,45.741249700
2614,45.751459844270,45.759372100
2615,45.768962315519,45.776412900
2616,45.786464786768,45.793998800
2617,45.803967258016,45.811675800
2618,45.821469729265,45.828840800
2619,45.838972200514,45.846318800
2620,45.856474671763,45.864127800
2621,45.873977143011,45.882181600
2622,45.891479614260,45.899540400
2623,45.908982085509,45.916389100
2624,45.926484556758,45.933648000
2625,45.943987028006,45.951307200
2626,45.961489499255,45.969051800
2627,45.978991970504,45.986955900
2628,45.996494441753,46.003865600
2629,46.013996913002,46.022212200
2630,46.031499384250,46.038872200
2631,46.049001855499,46.056495700
2632,46.066504326748,46.074132200
2633,46.084006797997,46.091582500
2634,46.101509269245,46.109081300
2635,46.119011740494,46.126715200
2636,46.136514211743,46.143870400
2637,46.154016682992,46.161437200
2638,46.171519154240,46.179521000
2639,46.189021625489,46.196813400
2640,46.206524096738,46.214435300
2641,46.224026567987,46.231475400
2642,46.241529039235,46.248934700
2643,46.259031510484,46.266672600
2644,46.276533981733,46.283882500
2645,46.294036452982,46.301424600
2646,46.311538924231,46.319271300
2647,46.329041395479,46.336577400
2648,46.346543866728,46.354198500
2649,46.364046337977,46.371595000
2650,46.381548809226,46.389943800
2651,46.399051280474,46.407001000
2652,46.416553751723,46.423858200
2653,46.434056222972,46.441318900
2654,46.451558694221,46.458953200
2655,46.469061165469,46.476631700
2656,46.486563636718,46.494022500
2657,46.504066107967,46.511378500
2658,46.521568579216,46.529899300
2659,46.539071050464,46.546497800
2660,46.556573521713,46.563937300
2661,46.574075992962,46.581433700
2662,46.591578464211,46.598901500
2663,46.609080935460,46.617191100
2664,46.626583406708,46.634011500
2665,46.644085877957,46.651856200
2666,46.661588349206,46.669210000
2667,46.679090820455,46.686344000
2668,46.696593291703,46.704210600
2669,46.714095762952,46.721561700
2670,46.731598234201,46.738980200
2671,46.749100705450,46.756464000
2672,46.766603176698,46.774347500
2673,46.784105647947,46.791745700
2674,46.801608119196,46.809214900
2675,46.819110590445,46.826579900
2676,46.836613061693,46.843998500
2677,46.854115532942,46.861948000
2678,46.871618004191,46.879408100
2679,46.889120475440,46.897097300
2680,46.906622946689,46.914458200
2681,46.924125417937,46.931948100
2682,46.941627889186,46.949296700
2683,46.959130360435,46.966814700
2684,46.976632831684,46.984278100
2685,46.994135302932,47.001840800
2686,47.011637774181,47.019578600
2687,47.029140245430,47.036942400
2688,47.046642716679,47.054064800
2689,47.064145187927,47.072346400
2690,47.081647659176,47.090019200
2691,47.099150130425,47.106760000
2692,47.116652601674,47.124029600
2693,47.134155072922,47.141951100
2694,47.151657544171,47.159354200
2695,47.169160015420,47.176686600
2696,47.186662486669,47.194436800
2697,47.204164957918,47.211963000
2698,47.221667429166,47.229297000
2699,47.239169900415,47.246992700
2700,47.256672371664,47.265010400
2701,47.274174842913,47.284129600
2702,47.291677314161,47.300738000
2703,47.309179785410,47.317362800
2704,47.326682256659,47.334786800
2705,47.344184727908,47.352100800
2706,47.361687199156,47.369755600
2707,47.379189670405,47.386822300
2708,47.396692141654,47.404730100
2709,47.414194612903,47.422150000
2710,47.431697084151,47.439799600
2711,47.449199555400,47.457648200
2712,47.466702026649,47.474841700
2713,47.484204497898,47.491658100
2714,47.501706969147,47.509500600
2715,47.519209440395,47.527047200
2716,47.536711911644,47.544729800
2717,47.554214382893,47.561805500
2718,47.571716854142,47.579039700
2719,47.589219325390,47.597106300
2720,47.606721796639,47.614530100
2721,47.624224267888,47.631838900
2722,47.641726739137,47.649252000
2723,47.659229210385,47.667036900
2724,47.676731681634,47.684652300
2725,47.694234152883,47.701978400
2726,47.711736624132,47.719621000
2727,47.729239095380,47.736903600
2728,47.746741566629,47.754213300
2729,47.764244037878,47.773091200
2730,47.781746509127,47.791709100
2731,47.799248980376,47.808311700
2732,47.816751451624,47.824804900
2733,47.834253922873,47.842163600
2734,47.851756394122,47.859254600
2735,47.869258865371,47.877650100
2736,47.886761336619,47.894668100
2737,47.904263807868,47.912189700
2738,47.921766279117,47.929068300
2739,47.939268750366,47.946920200
2740,47.956771221614,47.964161000
2741,47.974273692863,47.981599800
2742,47.991776164112,47.999040200
2743,48.009278635361,48.017304400
2744,48.026781106609,48.034634000
2745,48.044283577858,48.051917200
2746,48.061786049107,48.069759400
2747,48.079288520356,48.086967700
2748,48.096790991605,48.104449100
2749,48.114293462853,48.122001900
2750,48.131795934102,48.139769400
2751,48.149298405351,48.156935900
2752,48.166800876600,48.174549000
2753,48.184303347848,48.191607400
2754,48.201805819097,48.209469400
2755,48.219308290346,48.226675500
2756,48.236810761595,48.244315100
2757,48.254313232843,48.261543100
2758,48.271815704092,48.279306600
2759,48.289318175341,48.296881600
2760,48.306820646590,48.314319500
2761,48.324323117838,48.331829700
2762,48.341825589087,48.348910300
2763,48.359328060336,48.366747700
2764,48.376830531585,48.384251600
2765,48.394333002833,48.401879100
2766,48.411835474082,48.419466300
2767,48.429337945331,48.436381500
2768,48.446840416580,48.453794500
2769,48.464342887829,48.471936600
2770,48.481845359077,48.489096500
2771,48.499347830326,48.506515800
2772,48.516850301575,48.524151600
2773,48.534352772824,48.542346800
2774,48.551855244072,48.559970200
2775,48.569357715321,48.576959900
2776,48.586860186570,48.594491200
2777,48.604362657819,48.611810000
2778,48.621865129067,48.629457200
2779,48.639367600316,48.646747400
2780,48.656870071565,48.664165200
2781,48.674372542814,48.681681400
2782,48.691875014062,48.699080300
2783,48.709377485311,48.716935100
2784,48.726879956560,48.735174800
2785,48.744382427809,48.753859800
2786,48.761884899058,48.770500800
2787,48.779387370306,48.787210600
2788,48.796889841555,48.803989800
2789,48.814392312804,48.821337200
2790,48.831894784053,48.839097400
2791,48.849397255301,48.856700100
2792,48.866899726550,48.874889200
2793,48.884402197799,48.891662300
2794,48.901904669048,48.909226200
2795,48.919407140296,48.926691500
2796,48.936909611545,48.944015700
2797,48.954412082794,48.962153400
2798,48.971914554043,48.979101700
2799,48.989417025291,48.996711200
2800,49.006919496540,49.014267900
2801,49.024421967789,49.031505800
2802,49.041924439038,49.048962400
2803,49.059426910287,49.066963000
2804,49.076929381535,49.084470800
2805,49.094431852784,49.102368100
2806,49.111934324033,49.118990600
2807,49.129436795282,49.136511800
2808,49.146939266530,49.154184800
2809,49.164441737779,49.171549600
2810,49.181944209028,49.188976300
2811,49.199446680277,49.206887100
2812,49.216949151525,49.225420000
2813,49.234451622774,49.241912800
2814,49.251954094023,49.259123800
2815,49.269456565272,49.276789900
2816,49.286959036520,49.294363300
2817,49.304461507769,49.311626100
2818,49.321963979018,49.328925800
2819,49.339466450267,49.346756900
2820,49.356968921516,49.364535000
2821,49.374471392764,49.381796500
2822,49.391973864013,49.400773000
2823,49.409476335262,49.417381700
2824,49.426978806511,49.434355300
2825,49.444481277759,49.451729500
2826,49.461983749008,49.469480300
2827,49.479486220257,49.486679800
2828,49.496988691506,49.504113700
2829,49.514491162754,49.521457300
2830,49.531993634003,49.539252300
2831,49.549496105252,49.557203800
2832,49.566998576501,49.575101800
2833,49.584501047749,49.591725200
2834,49.602003518998,49.609668000
2835,49.619505990247,49.626667600
2836,49.637008461496,49.644232600
2837,49.654510932745,49.661597500
2838,49.672013403993,49.679117800
2839,49.689515875242,49.696747000
2840,49.707018346491,49.714924100
2841,49.724520817740,49.732252700
2842,49.742023288988,49.749925300
2843,49.759525760237,49.766994800
2844,49.777028231486,49.784471400
2845,49.794530702735,49.801895300
2846,49.812033173983,49.819551500
2847,49.829535645232,49.836994800
2848,49.847038116481,49.854626500
2849,49.864540587730,49.872541500
2850,49.882043058978,49.889233500
2851,49.899545530227,49.906855900
2852,49.917048001476,49.925477800
2853,49.934550472725,49.942522500
2854,49.952052943974,49.961381800
2855,49.969555415222,49.978581400
2856,49.987057886471,49.995632200
2857,50.004560357720,50.011941400
2858,50.022062828969,50.029465500
2859,50.039565300217,50.046824800
2860,50.057067771466,50.064187700
2861,50.074570242715,50.081599400
2862,50.092072713964,50.099509100
2863,50.109575185212,50.117067400
2864,50.127077656461,50.134413000
2865,50.144580127710,50.151989200
2866,50.162082598959,50.169321100
2867,50.179585070207,50.186738700
2868,50.197087541456,50.204350600
2869,50.214590012705,50.221973800
2870,50.232092483954,50.239520900
2871,50.249594955203,50.256709200
2872,50.267097426451,50.274575200
2873,50.284599897700,50.292378300
2874,50.302102368949,50.309504100
2875,50.319604840198,50.326558300
2876,50.337107311446,50.344252900
2877,50.354609782695,50.361944700
2878,50.372112253944,50.379539800
2879,50.389614725193,50.397520200
2880,50.407117196441,50.414683200
2881,50.424619667690,50.431789000
2882,50.442122138939,50.449227200
2883,50.459624610188,50.466737900
2884,50.477127081436,50.484431200
2885,50.494629552685,50.501539700
2886,50.512132023934,50.519567800
2887,50.529634495183,50.536858100
2888,50.547136966432,50.554496100
2889,50.564639437680,50.571650200
2890,50.582141908929,50.589920200
2891,50.599644380178,50.607131000
2892,50.617146851427,50.625216400
2893,50.634649322675,50.642540300
2894,50.652151793924,50.659688700
2895,50.669654265173,50.677569000
2896,50.687156736422,50.695221600
2897,50.704659207670,50.713051900
2898,50.722161678919,50.729981500
2899,50.739664150168,50.748861500
2900,50.757166621417,50.766140000
2901,50.774669092665,50.782663700
2902,50.792171563914,50.798959000
2903,50.809674035163,50.816296900
2904,50.827176506412,50.833487300
2905,50.844678977661,50.851640200
2906,50.862181448909,50.868739900
2907,50.879683920158,50.886235400
2908,50.897186391407,50.903760700
2909,50.914688862656,50.922316800
2910,50.932191333904,50.938927500
2911,50.949693805153,50.956501600
2912,50.967196276402,50.974329900
2913,50.984698747651,50.991828100
2914,51.002201218899,51.008794500
2915,51.019703690148,51.026029300
2916,51.037206161397,51.043676700
2917,51.054708632646,51.061708600
2918,51.072211103894,51.078717200
2919,51.089713575143,51.096165500
2920,51.107216046392,51.113975900
2921,51.124718517641,51.131465700
2922,51.142220988890,51.149004500
2923,51.159723460138,51.166451500
2924,51.177225931387,51.183830800
2925,51.194728402636,51.201928700
2926,51.212230873885,51.218629200
2927,51.229733345133,51.236721200
2928,51.247235816382,51.253769800
2929,51.264738287631,51.271592900
2930,51.282240758880,51.289010300
2931,51.299743230128,51.309138100
2932,51.317245701377,51.325804300
2933,51.334748172626,51.343742600
2934,51.352250643875,51.361414900
2935,51.369753115123,51.378798700
2936,51.387255586372,51.396452000
2937,51.404758057621,51.413955700
2938,51.422260528870,51.432418500
2939,51.439763000118,51.448709600
2940,51.457265471367,51.466121700
2941,51.474767942616,51.483934900
2942,51.492270413865,51.501682900
2943,51.509772885114,51.519356400
2944,51.527275356362,51.538491800
2945,51.544777827611,51.555978600
2946,51.562280298860,51.572304200
2947,51.579782770109,51.589012700
2948,51.597285241357,51.606384200
2949,51.614787712606,51.624017400
2950,51.632290183855,51.641949600
2951,51.649792655104,51.658979000
2952,51.667295126352,51.676546500
2953,51.684797597601,51.694072700
2954,51.702300068850,51.711305500
2955,51.719802540099,51.728951900
2956,51.737305011347,51.746689200
2957,51.754807482596,51.763593500
2958,51.772309953845,51.781673100
2959,51.789812425094,51.799652300
2960,51.807314896343,51.816507400
2961,51.824817367591,51.834128900
2962,51.842319838840,51.851358400
2963,51.859822310089,51.868996500
2964,51.877324781338,51.886279800
2965,51.894827252586,51.903661600
2966,51.912329723835,51.922330600
2967,51.929832195084,51.939123800
2968,51.947334666333,51.956386900
2969,51.964837137581,51.973736500
2970,51.982339608830,51.991666500
2971,51.999842080079,52.009427700
2972,52.017344551328,52.026671600
2973,52.034847022576,52.044163600
2974,52.052349493825,52.062135700
2975,52.069851965074,52.078950700
2976,52.087354436323,52.096731200
2977,52.104856907572,52.115304500
2978,52.122359378820,52.133113500
2979,52.139861850069,52.149941200
2980,52.157364321318,52.169134500
2981,52.174866792567,52.186453300
2982,52.192369263815,52.202473000
2983,52.209871735064,52.218979800
2984,52.227374206313,52.236399100
2985,52.244876677562,52.254057400
2986,52.262379148810,52.271730700
2987,52.279881620059,52.288831200
2988,52.297384091308,52.306795100
2989,52.314886562557,52.323697100
2990,52.332389033805,52.341396600
2991,52.349891505054,52.359507200
2992,52.367393976303,52.376952800
2993,52.384896447552,52.394137000
2994,52.402398918801,52.411905400
2995,52.419901390049,52.429800500
2996,52.437403861298,52.447765200
2997,52.454906332547,52.464290100
2998,52.472408803796,52.481668700
2999,52.489911275044,52.499190500
3000,52.507413746293,52.516392400
3001,52.524916217542,52.533871000
3002,52.542418688791,52.551960600
3003,52.559921160039,52.569431000
3004,52.577423631288,52.586620100
3005,52.594926102537,52.604747000
3006,52.612428573786,52.624061500
3007,52.629931045034,52.642496600
3008,52.647433516283,52.659096200
3009,52.664935987532,52.675300500
3010,52.682438458781,52.691707000
3011,52.699940930030,52.709215800
3012,52.717443401278,52.726811500
3013,52.734945872527,52.744032100
3014,52.752448343776,52.761968300
3015,52.769950815025,52.779222400
3016,52.787453286273,52.797102300
3017,52.804955757522,52.814552400
3018,52.822458228771,52.831751500
3019,52.839960700020,52.849289100
3020,52.857463171268,52.866946600
3021,52.874965642517,52.884423500
3022,52.892468113766,52.901475500
3023,52.909970585015,52.918910700
3024,52.927473056263,52.936761400
3025,52.944975527512,52.953960500
3026,52.962477998761,52.971643400
3027,52.979980470010,52.989452500
3028,52.997482941259,53.006685800
3029,53.014985412507,53.024391700
3030,53.032487883756,53.041857100
3031,53.049990355005,53.059447500
3032,53.067492826254,53.077165800
3033,53.084995297502,53.094128400
3034,53.102497768751,53.111949700
3035,53.120000240000,53.129138200
3036,53.137502711249,53.147085600
3037,53.155005182497,53.164995200
3038,53.172507653746,53.181999900
3039,53.190010124995,53.199055600
3040,53.207512596244,53.216545400
3041,53.225015067492,53.234013700
3042,53.242517538741,53.252131200
3043,53.260020009990,53.269150400
3044,53.277522481239,53.287080600
3045,53.295024952488,53.304993600
3046,53.312527423736,53.322338400
3047,53.330029894985,53.339510200
3048,53.347532366234,53.357173200
3049,53.365034837483,53.375076700
3050,53.382537308731,53.392265900
3051,53.400039779980,53.410200800
3052,53.417542251229,53.426852800
3053,53.435044722478,53.444474100
3054,53.452547193726,53.461796400
3055,53.470049664975,53.479307500
3056,53.487552136224,53.497477900
3057,53.505054607473,53.516627800
3058,53.522557078721,53.533600100
3059,53.540059549970,53.550172700
3060,53.557562021219,53.566953700
3061,53.575064492468,53.584813000
3062,53.592566963717,53.601628900
3063,53.610069434965,53.619291000
3064,53.627571906214,53.637123700
3065,53.645074377463,53.654327200
3066,53.662576848712,53.672917300
3067,53.680079319960,53.689667300
3068,53.697581791209,53.706727100
3069,53.715084262458,53.724460000
3070,53.732586733707,53.742026200
3071,53.750089204955,53.759470800
3072,53.767591676204,53.776527200
3073,53.785094147453,53.794202900
3074,53.802596618702,53.812008500
3075,53.820099089950,53.829544900
3076,53.837601561199,53.846518600
3077,53.855104032448,53.864900000
3078,53.872606503697,53.882045800
3079,53.890108974946,53.899301400
3080,53.907611446194,53.917607500
3081,53.925113917443,53.937704100
3082,53.942616388692,53.954650900
3083,53.960118859941,53.971103500
3084,53.977621331189,53.987971800
3085,53.995123802438,54.005645700
3086,54.012626273687,54.022326500
3087,54.030128744936,54.039348700
3088,54.047631216184,54.057085100
3089,54.065133687433,54.074500500
3090,54.082636158682,54.092540200
3091,54.100138629931,54.109969300
3092,54.117641101179,54.127320000
3093,54.135143572428,54.144819200
3094,54.152646043677,54.161997800
3095,54.170148514926,54.179962400
3096,54.187650986175,54.197649300
3097,54.205153457423,54.214751400
3098,54.222655928672,54.232435700
3099,54.240158399921,54.249812500
3100,54.257660871170,54.267183000
3101,54.275163342418,54.284533400
3102,54.292665813667,54.302174200
3103,54.310168284916,54.319768400
3104,54.327670756165,54.336991500
3105,54.345173227413,54.355548500
3106,54.362675698662,54.374522000
3107,54.380178169911,54.391663800
3108,54.397680641160,54.408942300
3109,54.415183112408,54.425113800
3110,54.432685583657,54.442225400
3111,54.450188054906,54.459854800
3112,54.467690526155,54.477178000
3113,54.485192997404,54.495052400
3114,54.502695468652,54.512342900
3115,54.520197939901,54.530121700
3116,54.537700411150,54.548021500
3117,54.555202882399,54.565285200
3118,54.572705353647,54.582101700
3119,54.590207824896,54.599650700
3120,54.607710296145,54.617195100
3121,54.625212767394,54.634840700
3122,54.642715238642,54.652482800
3123,54.660217709891,54.669845200
3124,54.677720181140,54.688197300
3125,54.695222652389,54.704933800
3126,54.712725123637,54.721960600
3127,54.730227594886,54.739639900
3128,54.747730066135,54.757509500
3129,54.765232537384,54.774876500
3130,54.782735008632,54.793318000
3131,54.800237479881,54.812476600
3132,54.817739951130,54.829693300
3133,54.835242422379,54.846115000
3134,54.852744893628,54.862579500
3135,54.870247364876,54.879885000
3136,54.887749836125,54.897276900
3137,54.905252307374,54.915040900
3138,54.922754778623,54.932328200
3139,54.940257249871,54.949806500
3140,54.957759721120,54.967357100
3141,54.975262192369,54.985057800
3142,54.992764663618,55.000653700
3143,55.010267134866,55.019543100
3144,55.027769606115,55.037170900
3145,55.045272077364,55.054875200
3146,55.062774548613,55.072495200
3147,55.080277019861,55.090135100
3148,55.097779491110,55.107563700
3149,55.115281962359,55.125211800
3150,55.132784433608,55.143087800
3151,55.150286904857,55.159982800
3152,55.167789376105,55.177925900
3153,55.185291847354,55.195934100
3154,55.202794318603,55.212498500
3155,55.220296789852,55.229683500
3156,55.237799261100,55.247309000
3157,55.255301732349,55.265000100
3158,55.272804203598,55.282234800
3159,55.290306674847,55.299902800
3160,55.307809146095,55.317306300
3161,55.325311617344,55.334899900
3162,55.342814088593,55.353565400
3163,55.360316559842,55.372210900
3164,55.377819031090,55.388272300
3165,55.395321502339,55.404770100
3166,55.412823973588,55.422170700
3167,55.430326444837,55.439825200
3168,55.447828916086,55.457121800
3169,55.465331387334,55.474877000
3170,55.482833858583,55.493286200
3171,55.500336329832,55.509885000
3172,55.517838801081,55.526978300
3173,55.535341272329,55.544565600
3174,55.552843743578,55.562127100
3175,55.570346214827,55.579582800
3176,55.587848686076,55.596972100
3177,55.605351157324,55.614649500
3178,55.622853628573,55.632862600
3179,55.640356099822,55.649688300
3180,55.657858571071,55.667944700
3181,55.675361042319,55.685914400
3182,55.692863513568,55.703350200
3183,55.710365984817,55.719988900
3184,55.727868456066,55.737857900
3185,55.745370927315,55.755252000
3186,55.762873398563,55.772548600
3187,55.780375869812,55.789998700
3188,55.797878341061,55.807192400
3189,55.815380812310,55.824788600
3190,55.832883283558,55.842690100
3191,55.850385754807,55.859863400
3192,55.867888226056,55.877477300
3193,55.885390697305,55.895050600
3194,55.902893168553,55.912152300
3195,55.920395639802,55.929530100
3196,55.937898111051,55.947456400
3197,55.955400582300,55.964684500
3198,55.972903053548,55.982097500
3199,55.990405524797,55.999943200
3200,56.007907996046,56.017174800
3201,56.025410467295,56.033088100
3202,56.042912938544,56.052075500
3203,56.060415409792,56.069762700
3204,56.077917881041,56.087365200
3205,56.095420352290,56.104750700
3206,56.112922823539,56.122329500
3207,56.130425294787,56.139968100
3208,56.147927766036,56.157521200
3209,56.165430237285,56.175426500
3210,56.182932708534,56.193066300
3211,56.200435179782,56.210551600
3212,56.217937651031,56.227758100
3213,56.235440122280,56.244688500
3214,56.252942593529,56.262341900
3215,56.270445064777,56.280008200
3216,56.287947536026,56.296932600
3217,56.305450007275,56.314648400
3218,56.322952478524,56.332435800
3219,56.340454949773,56.349587500
3220,56.357957421021,56.367279600
3221,56.375459892270,56.384831300
3222,56.392962363519,56.402132800
3223,56.410464834768,56.419764500
3224,56.427967306016,56.437194500
3225,56.445469777265,56.454690600
3226,56.462972248514,56.471843000
3227,56.480474719763,56.489582500
3228,56.497977191011,56.507644000
3229,56.515479662260,56.524725200
3230,56.532982133509,56.542270600
3231,56.550484604758,56.559701300
3232,56.567987076006,56.577159400
3233,56.585489547255,56.595283900
3234,56.602992018504,56.614304700
3235,56.620494489753,56.631368200
3236,56.637996961002,56.647827400
3237,56.655499432250,56.664776100
3238,56.673001903499,56.682580000
3239,56.690504374748,56.699966200
3240,56.708006845997,56.717820400
3241,56.725509317245,56.735270600
3242,56.743011788494,56.752277000
3243,56.760514259743,56.769715900
3244,56.778016730992,56.787218400
3245,56.795519202240,56.804665700
3246,56.813021673489,56.822461800
3247,56.830524144738,56.840128600
3248,56.848026615987,56.858219000
3249,56.865529087235,56.875105700
3250,56.883031558484,56.892550700
3251,56.900534029733,56.908971400
3252,56.918036500982,56.928201400
3253,56.935538972231,56.945129300
3254,56.953041443479,56.962552200
3255,56.970543914728,56.979399800
3256,56.988046385977,56.997583100
3257,57.005548857226,57.015003900
3258,57.023051328474,57.032274300
3259,57.040553799723,57.049678600
3260,57.058056270972,57.067134600
3261,57.075558742221,57.084487100
3262,57.093061213469,57.101988000
3263,57.110563684718,57.120195200
3264,57.128066155967,57.137711900
3265,57.145568627216,57.154897100
3266,57.163071098464,57.172367200
3267,57.180573569713,57.190222800
3268,57.198076040962,57.207912600
3269,57.215578512211,57.225715600
3270,57.233080983460,57.243546600
3271,57.250583454708,57.261049500
3272,57.268085925957,57.277839300
3273,57.285588397206,57.294484000
3274,57.303090868455,57.312711600
3275,57.320593339703,57.329943100
3276,57.338095810952,57.346787200
3277,57.355598282201,57.363334300
3278,57.373100753450,57.382469800
3279,57.390603224698,57.400085900
3280,57.408105695947,57.417301400
3281,57.425608167196,57.434927700
3282,57.443110638445,57.452523800
3283,57.460613109693,57.470274000
3284,57.478115580942,57.487921800
3285,57.495618052191,57.507311600
3286,57.513120523440,57.524312200
3287,57.530622994688,57.540435100
3288,57.548125465937,57.557673800
3289,57.565627937186,57.574937000
3290,57.583130408435,57.592203000
3291,57.600632879684,57.609954400
3292,57.618135350932,57.627671500
3293,57.635637822181,57.644780600
3294,57.653140293430,57.662028800
3295,57.670642764679,57.699985000
3296,57.688145235927,57.716025000
3297,57.705647707176,57.732135100
3298,57.723150178425,57.748734100
3299,57.740652649674,57.765108400
3300,57.758155120922,57.781126100
3301,57.775657592171,57.799308600
3302,57.793160063420,57.815118400
3303,57.810662534669,57.831072100
3304,57.828165005917,57.847374000
3305,57.845667477166,57.863132100
3306,57.863169948415,57.879903100
3307,57.880672419664,57.896548300
3308,57.898174890913,57.912687200
3309,57.915677362161,57.929295200
3310,57.933179833410,57.946296500
3311,57.950682304659,57.962849700
3312,57.968184775908,57.979348900
3313,57.985687247156,57.996492000
3314,58.003189718405,58.012930600
3315,58.020692189654,58.030951300
3316,58.038194660903,58.047526400
3317,58.055697132151,58.065206800
3318,58.073199603400,58.082792500
3319,58.090702074649,58.100458200
3320,58.108204545898,58.117688600
3321,58.125707017146,58.135332100
3322,58.143209488395,58.152709900
3323,58.160711959644,58.169660300
3324,58.178214430893,58.187263700
3325,58.195716902142,58.205656600
3326,58.213219373390,58.222137400
3327,58.230721844639,58.239636300
3328,58.248224315888,58.257580900
3329,58.265726787137,58.276317800
3330,58.283229258385,58.292929900
3331,58.300731729634,58.310167600
3332,58.318234200883,58.327822900
3333,58.335736672132,58.344796000
3334,58.353239143380,58.363133000
3335,58.370741614629,58.380185400
3336,58.388244085878,58.397339500
3337,58.405746557127,58.415029100
3338,58.423249028375,58.432574500
3339,58.440751499624,58.449725900
3340,58.458253970873,58.465869300
3341,58.475756442122,58.485086900
3342,58.493258913371,58.502673900
3343,58.510761384619,58.520311000
3344,58.528263855868,58.537406500
3345,58.545766327117,58.554932700
3346,58.563268798366,58.572451400
3347,58.580771269614,58.590329800
3348,58.598273740863,58.608463600
3349,58.615776212112,58.625462900
3350,58.633278683361,58.643384500
3351,58.650781154609,58.660689700
3352,58.668283625858,58.679406800
3353,58.685786097107,58.696134200
3354,58.703288568356,58.713476000
3355,58.720791039604,58.730287900
3356,58.738293510853,58.747398700
3357,58.755795982102,58.765253600
3358,58.773298453351,58.782831500
3359,58.790800924600,58.801155700
3360,58.808303395848,58.817913200
3361,58.825805867097,58.835390700
3362,58.843308338346,58.852293900
3363,58.860810809595,58.869831100
3364,58.878313280843,58.887649100
3365,58.895815752092,58.905303900
3366,58.913318223341,58.922457900
3367,58.930820694590,58.939982100
3368,58.948323165838,58.957697800
3369,58.965825637087,58.974956200
3370,58.983328108336,58.993059900
3371,59.000830579585,59.010314100
3372,59.018333050833,59.027665400
3373,59.035835522082,59.045320800
3374,59.053337993331,59.063581900
3375,59.070840464580,59.080956100
3376,59.088342935829,59.100032200
3377,59.105845407077,59.116697700
3378,59.123347878326,59.133255200
3379,59.140850349575,59.150525100
3380,59.158352820824,59.167692800
3381,59.175855292072,59.185224500
3382,59.193357763321,59.202521800
3383,59.210860234570,59.220377400
3384,59.228362705819,59.237713800
3385,59.245865177067,59.255080900
3386,59.263367648316,59.273313100
3387,59.280870119565,59.290225300
3388,59.298372590814,59.308851700
3389,59.315875062062,59.325237800
3390,59.333377533311,59.342722500
3391,59.350880004560,59.360374200
3392,59.368382475809,59.377700500
3393,59.385884947058,59.395339100
3394,59.403387418306,59.412927000
3395,59.420889889555,59.430139000
3396,59.438392360804,59.448072600
3397,59.455894832053,59.465152100
3398,59.473397303301,59.482604400
3399,59.490899774550,59.500126700
3400,59.508402245799,59.517836900
3401,59.525904717048,59.535368400
3402,59.543407188296,59.552450600
3403,59.560909659545,59.570334600
3404,59.578412130794,59.587647900
3405,59.595914602043,59.605014900
3406,59.613417073291,59.622595800
3407,59.630919544540,59.640619800
3408,59.648422015789,59.657752800
3409,59.665924487038,59.675124500
3410,59.683426958287,59.692740000
3411,59.700929429535,59.710330300
3412,59.718431900784,59.727838100
3413,59.735934372033,59.745637700
3414,59.753436843282,59.763587000
3415,59.770939314530,59.780971400
3416,59.788441785779,59.797384700
3417,59.805944257028,59.815249300
3418,59.823446728277,59.833909200
3419,59.840949199525,59.850182300
3420,59.858451670774,59.867465900
3421,59.875954142023,59.886110500
3422,59.893456613272,59.903245500
3423,59.910959084520,59.920424100
3424,59.928461555769,59.938098500
3425,59.945964027018,59.955699000
3426,59.963466498267,59.973055200
3427,59.980968969516,59.990921500
3428,59.998471440764,60.008413800
3429,60.015973912013,60.026673800
3430,60.033476383262,60.045219100
3431,60.050978854511,60.062248100
3432,60.068481325759,60.078973400
3433,60.085983797008,60.095545200
3434,60.103486268257,60.113019700
3435,60.120988739506,60.130193600
3436,60.138491210754,60.147772600
3437,60.155993682003,60.165170000
3438,60.173496153252,60.182871000
3439,60.190998624501,60.200710900
3440,60.208501095749,60.217938200
3441,60.226003566998,60.235016000
3442,60.243506038247,60.252622200
3443,60.261008509496,60.270291900
3444,60.278510980745,60.287395200
3445,60.296013451993,60.304985100
3446,60.313515923242,60.323167700
3447,60.331018394491,60.341044900
3448,60.348520865740,60.358924800
3449,60.366023336988,60.374977700
3450,60.383525808237,60.392769300
3451,60.401028279486,60.410699800
3452,60.418530750735,60.428165800
3453,60.436033221983,60.445407600
3454,60.453535693232,60.463310600
3455,60.471038164481,60.480111700
3456,60.488540635730,60.497473100
3457,60.506043106978,60.515199800
3458,60.523545578227,60.532677900
3459,60.541048049476,60.550287100
3460,60.558550520725,60.568177300
3461,60.576052991973,60.587556000
3462,60.593555463222,60.604402100
3463,60.611057934471,60.620977700
3464,60.628560405720,60.637998400
3465,60.646062876969,60.655279700
3466,60.663565348217,60.672959800
3467,60.681067819466,60.690218800
3468,60.698570290715,60.707975900
3469,60.716072761964,60.725611200
3470,60.733575233212,60.743203000
3471,60.751077704461,60.760233500
3472,60.768580175710,60.777663500
3473,60.786082646959,60.794981100
3474,60.803585118207,60.812451700
3475,60.821087589456,60.831407000
3476,60.838590060705,60.848035200
3477,60.856092531954,60.865016000
3478,60.873595003202,60.882330200
3479,60.891097474451,60.900153900
3480,60.908599945700,60.917471200
3481,60.926102416949,60.935062700
3482,60.943604888198,60.952437700
3483,60.961107359446,60.970395300
3484,60.978609830695,60.987440400
3485,60.996112301944,61.004895600
3486,61.013614773193,61.022344600
3487,61.031117244441,61.039889300
3488,61.048619715690,61.057527800
3489,61.066122186939,61.076302300
3490,61.083624658188,61.095226100
3491,61.101127129436,61.111774400
3492,61.118629600685,61.128253700
3493,61.136132071934,61.145285400
3494,61.153634543183,61.162852900
3495,61.171137014431,61.180631400
3496,61.188639485680,61.197866400
3497,61.206141956929,61.215431600
3498,61.223644428178,61.232370200
3499,61.241146899427,61.250107200
3500,61.258649370675,61.267491100
3501,61.276151841924,61.285095400
3502,61.293654313173,61.301022600
3503,61.311156784422,61.327153700
3504,61.328659255670,61.350284200
3505,61.346161726919,61.372783800
3506,61.363664198168,61.394674200
3507,61.381166669417,61.417431800
3508,61.398669140665,61.439155500
3509,61.416171611914,61.460881200
3510,61.433674083163,61.482907700
3511,61.451176554412,61.506481800
3512,61.468679025660,61.528572500
3513,61.486181496909,61.543151400
3514,61.503683968158,61.568009800
3515,61.521186439407,61.590282000
3516,61.538688910656,61.612172600
3517,61.556191381904,61.633596900
3518,61.573693853153,61.654849100
3519,61.591196324402,61.676155900
3520,61.608698795651,61.696850000
3521,61.626201266899,61.717649400
3522,61.643703738148,61.738725900
3523,61.661206209397,61.759272700
3524,61.678708680646,61.779997100
3525,61.696211151894,61.801038800
3526,61.713713623143,61.821835000
3527,61.731216094392,61.842604900
3528,61.748718565641,61.864521200
3529,61.766221036889,61.885295300
3530,61.783723508138,61.905766100
3531,61.801225979387,61.926418600
3532,61.818728450636,61.947189800
3533,61.836230921885,61.968046600
3534,61.853733393133,61.988460800
3535,61.871235864382,62.008600600
3536,61.888738335631,62.029002000
3537,61.906240806880,62.050005200
3538,61.923743278128,62.070425900
3539,61.941245749377,62.090691300
3540,61.958748220626,62.111057600
3541,61.976250691875,62.133298100
3542,61.993753163123,62.153450900
3543,62.011255634372,62.167876700
3544,62.028758105621,62.191314800
3545,62.046260576870,62.211496200
3546,62.063763048118,62.231895200
3547,62.081265519367,62.252278300
3548,62.098767990616,62.272563900
3549,62.116270461865,62.292300500
3550,62.133772933114,62.312571800
3551,62.151275404362,62.332752200
3552,62.168777875611,62.352791400
3553,62.186280346860,62.374691700
3554,62.203782818109,62.395218000
3555,62.221285289357,62.415314400
3556,62.238787760606,62.435751200
3557,62.256290231855,62.456502800
3558,62.273792703104,62.476603600
3559,62.291295174352,62.496613000
3560,62.308797645601,62.516302100
3561,62.326300116850,62.536653000
3562,62.343802588099,62.556929200
3563,62.361305059347,62.578477700
3564,62.378807530596,62.599520400
3565,62.396310001845,62.619461300
3566,62.413812473094,62.639267700
3567,62.431314944343,62.659963000
3568,62.448817415591,62.674086400
3569,62.466319886840,62.697865000
3570,62.483822358089,62.717630600
3571,62.501324829338,62.737585800
3572,62.518827300586,62.757597900
3573,62.536329771835,62.778407400
3574,62.553832243084,62.798504100
3575,62.571334714333,62.818620700
3576,62.588837185581,62.839179000
3577,62.606339656830,62.859396900
3578,62.623842128079,62.881094200
3579,62.641344599328,62.901352100
3580,62.658847070576,62.920891800
3581,62.676349541825,62.940508300
3582,62.693852013074,62.959863300
3583,62.711354484323,62.980121600
3584,62.728856955572,62.999386300
3585,62.746359426820,63.018554900
3586,62.763861898069,63.038172700
3587,62.781364369318,63.057804800
3588,62.798866840567,63.076875300
3589,62.816369311815,63.096574800
3590,62.833871783064,63.115751600
3591,62.851374254313,63.134920200
3592,62.868876725562,63.154454200
3593,62.886379196810,63.174050700
3594,62.903881668059,63.193120200
3595,62.921384139308,63.212205200
3596,62.938886610557,63.232690400
3597,62.956389081805,63.252262400
3598,62.973891553054,63.271124300
3599,62.991394024303,63.289402400
3600,63.008896495552,63.308144500
3601,63.026398966801,63.328651500
3602,63.043901438049,63.349158200
3603,63.061403909298,63.368236600
3604,63.078906380547,63.387246000
3605,63.096408851796,63.408054500
3606,63.113911323044,63.426868700
3607,63.131413794293,63.445392700
3608,63.148916265542,63.465554300
3609,63.166418736791,63.483844700
3610,63.183921208039,63.502124300
3611,63.201423679288,63.520954500
3612,63.218926150537,63.539497500
3613,63.236428621786,63.558268000
3614,63.253931093034,63.576667600
3615,63.271433564283,63.595496700
3616,63.288936035532,63.615431300
3617,63.306438506781,63.633959500
3618,63.323940978030,63.652913800
3619,63.341443449278,63.671609400
3620,63.358945920527,63.690936000
3621,63.376448391776,63.709168100
3622,63.393950863025,63.727971500
3623,63.411453334273,63.746626500
3624,63.428955805522,63.765690500
3625,63.446458276771,63.785868300
3626,63.463960748020,63.804594400
3627,63.481463219268,63.823141700
3628,63.498965690517,63.842252100
3629,63.516468161766,63.861396800
3630,63.533970633015,63.880190400
3631,63.551473104263,63.900111400
3632,63.568975575512,63.920842800
3633,63.586478046761,63.940962200
3634,63.603980518010,63.960501900
3635,63.621482989259,63.979834300
3636,63.638985460507,63.998931000
3637,63.656487931756,64.020074000
3638,63.673990403005,64.038883500
3639,63.691492874254,64.057774900
3640,63.708995345502,64.076215800
3641,63.726497816751,64.094552300
3642,63.744000288000,64.113021300
3643,63.761502759249,64.131282000
3644,63.779005230497,64.152137800
3645,63.796507701746,64.170536200
3646,63.814010172995,64.188729600
3647,63.831512644244,64.206993300
3648,63.849015115492,64.225363400
3649,63.866517586741,64.243804600
3650,63.884020057990,64.262401000
3651,63.901522529239,64.276712400
3652,63.919025000487,64.298049200
3653,63.936527471736,64.316409900
3654,63.954029942985,64.334808100
3655,63.971532414234,64.353752800
3656,63.989034885483,64.372355800
3657,64.006537356731,64.393393600
3658,64.024039827980,64.412676500
3659,64.041542299229,64.431248900
3660,64.059044770478,64.449160600
3661,64.076547241726,64.469175500
3662,64.094049712975,64.487334100
3663,64.111552184224,64.505886200
3664,64.129054655473,64.526180700
3665,64.146557126721,64.544669400
3666,64.164059597970,64.563318600
3667,64.181562069219,64.581656000
3668,64.199064540468,64.600212600
3669,64.216567011716,64.619240500
3670,64.234069482965,64.637487000
3671,64.251571954214,64.655867700
3672,64.269074425463,64.674448800
3673,64.286576896712,64.692742600
3674,64.304079367960,64.710906100
3675,64.321581839209,64.729015700
3676,64.339084310458,64.747209400
3677,64.356586781707,64.765805300
3678,64.374089252955,64.785459200
3679,64.391591724204,64.803568700
3680,64.409094195453,64.821811100
3681,64.426596666702,64.839996400
3682,64.444099137950,64.858022900
3683,64.461601609199,64.876249700
3684,64.479104080448,64.894436800
3685,64.496606551697,64.914101300
3686,64.514109022945,64.932489300
3687,64.531611494194,64.950327200
3688,64.549113965443,64.968080200
3689,64.566616436692,64.985668000
3690,64.584118907941,65.003835500
3691,64.601621379189,65.021834400
3692,64.619123850438,65.040230100
3693,64.636626321687,65.059158900
3694,64.654128792936,65.076994500
3695,64.671631264184,65.094804000
3696,64.689133735433,65.112937200
3697,64.706636206682,65.131322300
3698,64.724138677931,65.149587500
3699,64.741641149179,65.167607200
3700,64.759143620428,65.186204800
3701,64.776646091677,65.204442500
3702,64.794148562926,65.222524600
3703,64.811651034174,65.240336300
3704,64.829153505423,65.258186200
3705,64.846655976672,65.276341400
3706,64.864158447921,65.296906700
3707,64.881660919170,65.315032300
3708,64.899163390418,65.333356900
3709,64.916665861667,65.351397900
3710,64.934168332916,65.369472200
3711,64.951670804165,65.387244600
3712,64.969173275413,65.405643000
3713,64.986675746662,65.423898100
3714,65.004178217911,65.441326800
3715,65.021680689160,65.456255800
3716,65.039183160408,65.477127000
3717,65.056685631657,65.495308800
3718,65.074188102906,65.513018200
3719,65.091690574155,65.530833400
3720,65.109193045403,65.549042700
3721,65.126695516652,65.568296200
3722,65.144197987901,65.587344100
3723,65.161700459150,65.605086400
3724,65.179202930399,65.623235800
3725,65.196705401647,65.640953000
3726,65.214207872896,65.658610700
3727,65.231710344145,65.676701400
3728,65.249212815394,65.694749400
3729,65.266715286642,65.712243900
3730,65.284217757891,65.729961300
3731,65.301720229140,65.747714900
3732,65.319222700389,65.765617900
3733,65.336725171637,65.783469400
3734,65.354227642886,65.801399800
3735,65.371730114135,65.819866900
3736,65.389232585384,65.837605500
3737,65.406735056632,65.855468300
3738,65.424237527881,65.874041000
3739,65.441739999130,65.892366100
3740,65.459242470379,65.910153700
3741,65.476744941628,65.928121200
3742,65.494247412876,65.947131500
3743,65.511749884125,65.966522600
3744,65.529252355374,65.985550500
3745,65.546754826623,66.004590000
3746,65.564257297871,66.022143800
3747,65.581759769120,66.039864100
3748,65.599262240369,66.057763900
3749,65.616764711618,66.075633900
3750,65.634267182866,66.093331500
3751,65.651769654115,66.112362400
3752,65.669272125364,66.130573700
3753,65.686774596613,66.148519300
3754,65.704277067861,66.166120400
3755,65.721779539110,66.183953000
3756,65.739282010359,66.201835900
3757,65.756784481608,66.219409000
3758,65.774286952857,66.237191500
3759,65.791789424105,66.255314900
3760,65.809291895354,66.273230800
3761,65.826794366603,66.291986400
3762,65.844296837852,66.311786100
3763,65.861799309100,66.330026200
3764,65.879301780349,66.348295000
3765,65.896804251598,66.367168700
3766,65.914306722847,66.385354800
3767,65.931809194095,66.404420500
3768,65.949311665344,66.422422100
3769,65.966814136593,66.441643300
3770,65.984316607842,66.460873800
3771,66.001819079090,66.479334800
3772,66.019321550339,66.498541700
3773,66.036824021588,66.516629900
3774,66.054326492837,66.534457300
3775,66.071828964086,66.552109800
3776,66.089331435334,66.570082500
3777,66.106833906583,66.588366700
3778,66.124336377832,66.606286200
3779,66.141838849081,66.625067400
3780,66.159341320329,66.643083700
3781,66.176843791578,66.663178700
3782,66.194346262827,66.681276200
3783,66.211848734076,66.699536000
3784,66.229351205324,66.718096500
3785,66.246853676573,66.736622000
3786,66.264356147822,66.754880300
3787,66.281858619071,66.773337500
3788,66.299361090319,66.791597500
3789,66.316863561568,66.811858900
3790,66.334366032817,66.830060300
3791,66.351868504066,66.848936700
3792,66.369370975315,66.867197300
3793,66.386873446563,66.885516700
3794,66.404375917812,66.904512400
3795,66.421878389061,66.922520800
3796,66.439380860310,66.940787900
3797,66.456883331558,66.959046300
3798,66.474385802807,66.977955700
3799,66.491888274056,66.997630100
3800,66.509390745305,67.015056400
3801,66.526893216553,67.029529300
3802,66.544395687802,67.050726500
3803,66.561898159051,67.068664900
3804,66.579400630300,67.086920400
3805,66.596903101548,67.105545100
3806,66.614405572797,67.126182600
3807,66.631908044046,67.143426200
3808,66.649410515295,67.158095600
3809,66.666912986544,67.179460900
3810,66.684415457792,67.198121300
3811,66.701917929041,67.216510700
3812,66.719420400290,67.235256600
3813,66.736922871539,67.253775400
3814,66.754425342787,67.272432300
3815,66.771927814036,67.290922200
3816,66.789430285285,67.309604500
3817,66.806932756534,67.329838400
3818,66.824435227782,67.348539100
3819,66.841937699031,67.368148600
3820,66.859440170280,67.386641300
3821,66.876942641529,67.405527200
3822,66.894445112777,67.424784400
3823,66.911947584026,67.444000100
3824,66.929450055275,67.463463300
3825,66.946952526524,67.484213600
3826,66.964454997772,67.504232300
3827,66.981957469021,67.523467100
3828,66.999459940270,67.542459700
3829,67.016962411519,67.561511500
3830,67.034464882768,67.580688400
3831,67.051967354016,67.600520100
3832,67.069469825265,67.619168500
3833,67.086972296514,67.638316500
3834,67.104474767763,67.656937300
3835,67.121977239011,67.675538700
3836,67.139479710260,67.694726500
3837,67.156982181509,67.713839300
3838,67.174484652758,67.732726100
3839,67.191987124006,67.751367400
3840,67.209489595255,67.771334600
3841,67.226992066504,67.792064800
3842,67.244494537753,67.810959600
3843,67.261997009001,67.829813300
3844,67.279499480250,67.848903200
3845,67.297001951499,67.867880200
3846,67.314504422748,67.887943500
3847,67.332006893997,67.906764600
3848,67.349509365245,67.926054800
3849,67.367011836494,67.945205100
3850,67.384514307743,67.963939500
3851,67.402016778992,67.984303700
3852,67.419519250240,68.004799200
3853,67.437021721489,68.023601800
3854,67.454524192738,68.042940200
3855,67.472026663987,68.062922600
3856,67.489529135235,68.082116200
3857,67.507031606484,68.101436000
3858,67.524534077733,68.121072700
3859,67.542036548982,68.140040400
3860,67.559539020230,68.158825800
3861,67.577041491479,68.177878800
3862,67.594543962728,68.197010700
3863,67.612046433977,68.215935700
3864,67.629548905226,68.235236600
3865,67.647051376474,68.254441000
3866,67.664553847723,68.275726700
3867,67.682056318972,68.294770400
3868,67.699558790221,68.314241500
3869,67.717061261469,68.334096400
3870,67.734563732718,68.353634500
3871,67.752066203967,68.374112300
3872,67.769568675216,68.393717400
3873,67.787071146464,68.413862900
3874,67.804573617713,68.432962800
3875,67.822076088962,68.452007000
3876,67.839578560211,68.471545100
3877,67.857081031459,68.494175000
3878,67.874583502708,68.513822400
3879,67.892085973957,68.533147400
3880,67.909588445206,68.552450100
3881,67.927090916455,68.571740000
3882,67.944593387703,68.592289300
3883,67.962095858952,68.612119100
3884,67.979598330201,68.631384800
3885,67.997100801450,68.650737100
3886,68.014603272698,68.669964200
3887,68.032105743947,68.689747400
3888,68.049608215196,68.709135400
3889,68.067110686445,68.728539100
3890,68.084613157693,68.750233700
3891,68.102115628942,68.770679400
3892,68.119618100191,68.790241700
3893,68.137120571440,68.808741600
3894,68.154623042688,68.827559300
3895,68.172125513937,68.846923400
3896,68.189627985186,68.866292200
3897,68.207130456435,68.885148200
3898,68.224632927684,68.904919100
3899,68.242135398932,68.923937500
3900,68.259637870181,68.942759200
3901,68.277140341430,68.963346800
3902,68.294642812679,68.982223000
3903,68.312145283927,69.001405000
3904,68.329647755176,69.021310400
3905,68.347150226425,69.041959800
3906,68.364652697674,69.060694900
3907,68.382155168922,69.079361700
3908,68.399657640171,69.097941600
3909,68.417160111420,69.117225000
3910,68.434662582669,69.135841300
3911,68.452165053917,69.149725700
3912,68.469667525166,69.172886000
3913,68.487169996415,69.191892300
3914,68.504672467664,69.210529100
3915,68.522174938913,69.229718000
3916,68.539677410161,69.248932400
3917,68.557179881410,69.267643400
3918,68.574682352659,69.286471300
3919,68.592184823908,69.305127200
3920,68.609687295156,69.325485300
3921,68.627189766405,69.343960900
3922,68.644692237654,69.364104300
3923,68.662194708903,69.383113400
3924,68.679697180151,69.401781700
3925,68.697199651400,69.421068000
3926,68.714702122649,69.439852200
3927,68.732204593898,69.458772900
3928,68.749707065146,69.478903000
3929,68.767209536395,69.497760400
3930,68.784712007644,69.517358000
3931,68.802214478893,69.536361100
3932,68.819716950142,69.555003200
3933,68.837219421390,69.573656400
3934,68.854721892639,69.592641400
3935,68.872224363888,69.611423800
3936,68.889726835137,69.630033100
3937,68.907229306385,69.649786200
3938,68.924731777634,69.668318100
3939,68.942234248883,69.686740700
3940,68.959736720132,69.705013600
3941,68.977239191380,69.723605900
3942,68.994741662629,69.742095100
3943,69.012244133878,69.760851700
3944,69.029746605127,69.780248200
3945,69.047249076375,69.799212900
3946,69.064751547624,69.817764300
3947,69.082254018873,69.838194100
3948,69.099756490122,69.857037600
3949,69.117258961371,69.875918400
3950,69.134761432619,69.894473900
3951,69.152263903868,69.913276800
3952,69.169766375117,69.932303100
3953,69.187268846366,69.950993900
3954,69.204771317614,69.969513400
3955,69.222273788863,69.988079400
3956,69.239776260112,70.006833400
3957,69.257278731361,70.026363100
3958,69.274781202609,70.046002300
3959,69.292283673858,70.064567700
3960,69.309786145107,70.082816600
3961,69.327288616356,70.102948200
3962,69.344791087604,70.121493000
3963,69.362293558853,70.139799600
3964,69.379796030102,70.158134900
3965,69.397298501351,70.176565300
3966,69.414800972600,70.195003800
3967,69.432303443848,70.214965400
3968,69.449805915097,70.233525400
3969,69.467308386346,70.251960300
3970,69.484810857595,70.270560800
3971,69.502313328843,70.289244300
3972,69.519815800092,70.307711500
3973,69.537318271341,70.326299500
3974,69.554820742590,70.345074300
3975,69.572323213838,70.364921000
3976,69.589825685087,70.383169500
3977,69.607328156336,70.402197800
3978,69.624830627585,70.420402600
3979,69.642333098833,70.438503500
3980,69.659835570082,70.456826700
3981,69.677338041331,70.475052700
3982,69.694840512580,70.493312700
3983,69.712342983829,70.512844600
3984,69.729845455077,70.531299500
3985,69.747347926326,70.553734900
3986,69.764850397575,70.572060200
3987,69.782352868824,70.590384100
3988,69.799855340072,70.609013900
3989,69.817357811321,70.627367500
3990,69.834860282570,70.645498100
3991,69.852362753819,70.664043600
3992,69.869865225067,70.683610900
3993,69.887367696316,70.703625700
3994,69.904870167565,70.721847000
3995,69.922372638814,70.740159200
3996,69.939875110062,70.758157800
3997,69.957377581311,70.776540700
3998,69.974880052560,70.795062700
3999,69.992382523809,70.813457700
4000,70.009884995058,70.831821900
4001,70.027387466306,70.850396600
4002,70.044889937555,70.869090000
4003,70.062392408804,70.887475200
4004,70.079894880053,70.905923700
4005,70.097397351301,70.926599900
4006,70.114899822550,70.945371200
4007,70.132402293799,70.964054200
4008,70.149904765048,70.982209600
4009,70.167407236296,71.001228600
4010,70.184909707545,71.019441700
4011,70.202412178794,71.038366300
4012,70.219914650043,71.058493800
4013,70.237417121291,71.077236200
4014,70.254919592540,71.095635300
4015,70.272422063789,71.113889100
4016,70.289924535038,71.132233000
4017,70.307427006286,71.150844800
4018,70.324929477535,71.168874000
4019,70.342431948784,71.186911700
4020,70.359934420033,71.205089600
4021,70.377436891282,71.224918900
4022,70.394939362530,71.242960700
4023,70.412441833779,71.261729400
4024,70.429944305028,71.282111500
4025,70.447446776277,71.300223600
4026,70.464949247525,71.318486700
4027,70.482451718774,71.336935000
4028,70.499954190023,71.355567100
4029,70.517456661272,71.373763400
4030,70.534959132520,71.391854400
4031,70.552461603769,71.409873700
4032,70.569964075018,71.427864900
4033,70.587466546267,71.445635300
4034,70.604969017515,71.463635000
4035,70.622471488764,71.481762000
4036,70.639973960013,71.499848500
4037,70.657476431262,71.517745400
4038,70.674978902511,71.535851200
4039,70.692481373759,71.554179100
4040,70.709983845008,71.572137800
4041,70.727486316257,71.590019900
4042,70.744988787506,71.607792400
4043,70.762491258754,71.625524000
4044,70.779993730003,71.643649100
4045,70.797496201252,71.662548200
4046,70.814998672501,71.681760200
4047,70.832501143749,71.699442000
4048,70.850003614998,71.717042200
4049,70.867506086247,71.734931900
4050,70.885008557496,71.752755000
4051,70.902511028744,71.770340700
4052,70.920013499993,71.788491200
4053,70.937515971242,71.806250600
4054,70.955018442491,71.824197400
4055,70.972520913740,71.842079200
4056,70.990023384988,71.860444300
4057,71.007525856237,71.878490000
4058,71.025028327486,71.896613600
4059,71.042530798735,71.914930100
4060,71.060033269983,71.934804600
4061,71.077535741232,71.952536400
4062,71.095038212481,71.970211900
4063,71.112540683730,71.987916900
4064,71.130043154978,72.005507800
4065,71.147545626227,72.023356600
4066,71.165048097476,72.041078300
4067,71.182550568725,72.059647200
4068,71.200053039973,72.077840600
4069,71.217555511222,72.095455400
4070,71.235057982471,72.113198100
4071,71.252560453720,72.131856600
4072,71.270062924969,72.149568100
4073,71.287565396217,72.167340600
4074,71.305067867466,72.185594200
4075,71.322570338715,72.203750600
4076,71.340072809964,72.221325900
4077,71.357575281212,72.239275300
4078,71.375077752461,72.257219600
4079,71.392580223710,72.278246300
4080,71.410082694959,72.296336200
4081,71.427585166207,72.316302300
4082,71.445087637456,72.334236700
4083,71.462590108705,72.354086200
4084,71.480092579954,72.371801600
4085,71.497595051202,72.390028700
4086,71.515097522451,72.407939900
4087,71.532599993700,72.425615000
4088,71.550102464949,72.443449700
4089,71.567604936198,72.461433200
4090,71.585107407446,72.480558500
4091,71.602609878695,72.499011200
4092,71.620112349944,72.516839800
4093,71.637614821193,72.534157100
4094,71.655117292441,72.551815100
4095,71.672619763690,72.570485900
4096,71.690122234939,72.588247200
4097,71.707624706188,72.605766300
4098,71.725127177436,72.623410900
4099,71.742629648685,72.641217400
4100,71.760132119934,72.658954000
4101,71.777634591183,72.676597700
4102,71.795137062431,72.695089700
4103,71.812639533680,72.713525400
4104,71.830142004929,72.731315100
4105,71.847644476178,72.748734800
4106,71.865146947427,72.766326300
4107,71.882649418675,72.783764000
4108,71.900151889924,72.801418500
4109,71.917654361173,72.818983300
4110,71.935156832422,72.836830100
4111,71.952659303670,72.854749300
4112,71.970161774919,72.873370500
4113,71.987664246168,72.891010300
4114,72.005166717417,72.908772400
4115,72.022669188665,72.926875200
4116,72.040171659914,72.944858900
4117,72.057674131163,72.962575400
4118,72.075176602412,72.980302400
4119,72.092679073660,72.997986700
4120,72.110181544909,73.015563000
4121,72.127684016158,73.033349000
4122,72.145186487407,73.051153900
4123,72.162688958656,73.069997900
4124,72.180191429904,73.087671500
4125,72.197693901153,73.105443800
4126,72.215196372402,73.123226300
4127,72.232698843651,73.140907000
4128,72.250201314899,73.161579800
4129,72.267703786148,73.179032700
4130,72.285206257397,73.196601900
4131,72.302708728646,73.214259700
4132,72.320211199894,73.231966400
4133,72.337713671143,73.249272600
4134,72.355216142392,73.263670900
4135,72.372718613641,73.284459000
4136,72.390221084889,73.298941400
4137,72.407723556138,73.319508200
4138,72.425226027387,73.333883800
4139,72.442728498636,73.354574600
4140,72.460230969885,73.369207000
4141,72.477733441133,73.389843300
4142,72.495235912382,73.407930600
4143,72.512738383631,73.425897100
4144,72.530240854880,73.443964900
4145,72.547743326128,73.462292100
4146,72.565245797377,73.480553400
4147,72.582748268626,73.498768700
4148,72.600250739875,73.517823100
4149,72.617753211123,73.536072900
4150,72.635255682372,73.556406600
4151,72.652758153621,73.574440400
4152,72.670260624870,73.592867000
4153,72.687763096118,73.610872400
4154,72.705265567367,73.628976600
4155,72.722768038616,73.647195900
4156,72.740270509865,73.665713900
4157,72.757772981114,73.683858800
4158,72.775275452362,73.702007600
4159,72.792777923611,73.720707500
4160,72.810280394860,73.738942400
4161,72.827782866109,73.757653000
4162,72.845285337357,73.777863100
4163,72.862787808606,73.796019000
4164,72.880290279855,73.814542100
4165,72.897792751104,73.833300100
4166,72.915295222352,73.852140400
4167,72.932797693601,73.870251800
4168,72.950300164850,73.888589900
4169,72.967802636099,73.907216500
4170,72.985305107347,73.925543900
4171,73.002807578596,73.944015700
4172,73.020310049845,73.962985500
4173,73.037812521094,73.981919300
4174,73.055314992343,74.001070300
4175,73.072817463591,74.020130700
4176,73.090319934840,74.038758700
4177,73.107822406089,74.057603800
4178,73.125324877338,74.077490300
4179,73.142827348586,74.098258400
4180,73.160329819835,74.118356200
4181,73.177832291084,74.137540700
4182,73.195334762333,74.157151700
4183,73.212837233581,74.176907600
4184,73.230339704830,74.196445600
4185,73.247842176079,74.215699500
4186,73.265344647328,74.235023400
4187,73.282847118576,74.254946800
4188,73.300349589825,74.274256700
4189,73.317852061074,74.293788000
4190,73.335354532323,74.313480900
4191,73.352857003572,74.333758200
4192,73.370359474820,74.353553900
4193,73.387861946069,74.373477300
4194,73.405364417318,74.393811800
4195,73.422866888567,74.413893100
4196,73.440369359815,74.433506500
4197,73.457871831064,74.453527600
4198,73.475374302313,74.473451700
4199,73.492876773562,74.493478800
4200,73.510379244810,74.514153400
4201,73.527881716059,74.535885000
4202,73.545384187308,74.556207200
4203,73.562886658557,74.576615400
4204,73.580389129805,74.597444600
4205,73.597891601054,74.618283500
4206,73.615394072303,74.632791900
4207,73.632896543552,74.656219200
4208,73.650399014800,74.676989300
4209,73.667901486049,74.697645700
4210,73.685403957298,74.718593900
4211,73.702906428547,74.739109800
4212,73.720408899796,74.759671400
4213,73.737911371044,74.780192600
4214,73.755413842293,74.801392400
4215,73.772916313542,74.822182400
4216,73.790418784791,74.843248500
4217,73.807921256039,74.863585000
4218,73.825423727288,74.884638800
4219,73.842926198537,74.904628100
4220,73.860428669786,74.924610900
4221,73.877931141034,74.944863800
4222,73.895433612283,74.964751600
4223,73.912936083532,74.984431000
4224,73.930438554781,75.005117600
4225,73.947941026029,75.025226900
4226,73.965443497278,75.045453500
4227,73.982945968527,75.065634900
4228,74.000448439776,75.086894100
4229,74.017950911025,75.107045000
4230,74.035453382273,75.127130200
4231,74.052955853522,75.148195100
4232,74.070458324771,75.168559400
4233,74.087960796020,75.188496300
4234,74.105463267268,75.208881000
4235,74.122965738517,75.229046700
4236,74.140468209766,75.249296300
4237,74.157970681015,75.269462000
4238,74.175473152263,75.289619800
4239,74.192975623512,75.310693600
4240,74.210478094761,75.331739300
4241,74.227980566010,75.352119400
4242,74.245483037258,75.372750600
4243,74.262985508507,75.387086600
4244,74.280487979756,75.410775700
4245,74.297990451005,75.431065700
4246,74.315492922254,75.451526400
4247,74.332995393502,75.472234800
4248,74.350497864751,75.492940500
4249,74.368000336000,75.514488700
4250,74.385502807249,75.535921000
4251,74.403005278497,75.556616300
4252,74.420507749746,75.578889400
4253,74.438010220995,75.600681100
4254,74.455512692244,75.621811400
4255,74.473015163492,75.642237300
4256,74.490517634741,75.662908300
4257,74.508020105990,75.684089900
4258,74.525522577239,75.705441300
4259,74.543025048487,75.726864000
4260,74.560527519736,75.748827500
4261,74.578029990985,75.772373900
4262,74.595532462234,75.793341800
4263,74.613034933483,75.814579000
4264,74.630537404731,75.835739100
4265,74.648039875980,75.856671400
4266,74.665542347229,75.878114100
4267,74.683044818478,75.899533600
4268,74.700547289726,75.914087200
4269,74.718049760975,75.938978900
4270,74.735552232224,75.960268200
4271,74.753054703473,75.981527000
4272,74.770557174721,76.003054900
4273,74.788059645970,76.023983400
4274,74.805562117219,76.045101800
4275,74.823064588468,76.066926200
4276,74.840567059716,76.088291200
4277,74.858069530965,76.109364600
4278,74.875572002214,76.132227600
4279,74.893074473463,76.153890000
4280,74.910576944712,76.175092800
4281,74.928079415960,76.196208100
4282,74.945581887209,76.217950600
4283,74.963084358458,76.239152700
4284,74.980586829707,76.260652500
4285,74.998089300955,76.282195500
4286,75.015591772204,76.304096800
4287,75.033094243453,76.325553300
4288,75.050596714702,76.347096700
4289,75.068099185950,76.368635600
4290,75.085601657199,76.390001300
4291,75.103104128448,76.411540900
4292,75.120606599697,76.432827200
4293,75.138109070945,76.453910600
4294,75.155611542194,76.475551400
4295,75.173114013443,76.496653200
4296,75.190616484692,76.517973200
4297,75.208118955941,76.539643100
4298,75.225621427189,76.560891100
4299,75.243123898438,76.582640800
4300,75.260626369687,76.605516100
4301,75.278128840936,76.626638600
4302,75.295631312184,76.647535300
4303,75.313133783433,76.668668500
4304,75.330636254682,76.689944200
4305,75.348138725931,76.711604100
4306,75.365641197179,76.732546800
4307,75.383143668428,76.754046900
4308,75.400646139677,76.775299300
4309,75.418148610926,76.796200600
4310,75.435651082174,76.816845200
4311,75.453153553423,76.837690600
4312,75.470656024672,76.858845300
4313,75.488158495921,76.879661400
4314,75.505660967170,76.900801800
4315,75.523163438418,76.922159600
4316,75.540665909667,76.942998600
4317,75.558168380916,76.963940200
4318,75.575670852165,76.984793000
4319,75.593173323413,77.005648500
4320,75.610675794662,77.026400900
4321,75.628178265911,77.049406700
4322,75.645680737160,77.070872100
4323,75.663183208408,77.091922500
4324,75.680685679657,77.112547800
4325,75.698188150906,77.134488500
4326,75.715690622155,77.155491900
4327,75.733193093403,77.175677800
4328,75.750695564652,77.195858800
4329,75.768198035901,77.216235000
4330,75.785700507150,77.236303900
4331,75.803202978399,77.257462300
4332,75.820705449647,77.278027400
4333,75.838207920896,77.298122100
4334,75.855710392145,77.318055500
4335,75.873212863394,77.338515900
4336,75.890715334642,77.359313300
4337,75.908217805891,77.379300000
4338,75.925720277140,77.399395700
4339,75.943222748389,77.419391100
4340,75.960725219637,77.439136000
4341,75.978227690886,77.459433300
4342,75.995730162135,77.479318900
4343,76.013232633384,77.498997700
4344,76.030735104632,77.518364400
4345,76.048237575881,77.537445800
4346,76.065740047130,77.556771200
4347,76.083242518379,77.578112500
4348,76.100744989628,77.597540400
4349,76.118247460876,77.617047300
4350,76.135749932125,77.637042100
4351,76.153252403374,77.657686800
4352,76.170754874623,77.677611800
4353,76.188257345871,77.696519800
4354,76.205759817120,77.715801600
4355,76.223262288369,77.734844600
4356,76.240764759618,77.753729300
4357,76.258267230866,77.772820400
4358,76.275769702115,77.793757800
4359,76.293272173364,77.812578300
4360,76.310774644613,77.831358700
4361,76.328277115861,77.850579900
4362,76.345779587110,77.869299900
4363,76.363282058359,77.888346800
4364,76.380784529608,77.907955100
4365,76.398287000856,77.927494000
4366,76.415789472105,77.946003800
4367,76.433291943354,77.964321100
4368,76.450794414603,77.982988900
4369,76.468296885852,78.002012200
4370,76.485799357100,78.020383500
4371,76.503301828349,78.040165300
4372,76.520804299598,78.060258400
4373,76.538306770847,78.078832600
4374,76.555809242095,78.096972500
4375,76.573311713344,78.115427600
4376,76.590814184593,78.134963800
4377,76.608316655842,78.153549700
4378,76.625819127090,78.171627100
4379,76.643321598339,78.189626300
4380,76.660824069588,78.207382800
4381,76.678326540837,78.227877700
4382,76.695829012085,78.247948600
4383,76.713331483334,78.266556700
4384,76.730833954583,78.285116000
4385,76.748336425832,78.303448300
4386,76.765838897081,78.322084400
4387,76.783341368329,78.340300900
4388,76.800843839578,78.359099000
4389,76.818346310827,78.377875000
4390,76.835848782076,78.396680400
4391,76.853351253324,78.415312900
4392,76.870853724573,78.433644700
4393,76.888356195822,78.452273100
4394,76.905858667071,78.470826700
4395,76.923361138319,78.489500600
4396,76.940863609568,78.508213300
4397,76.958366080817,78.527535400
4398,76.975868552066,78.546245400
4399,76.993371023314,78.565203200
4400,77.010873494563,78.585004800
4401,77.028375965812,78.604217700
4402,77.045878437061,78.622824900
4403,77.063380908310,78.643188600
4404,77.080883379558,78.662173900
4405,77.098385850807,78.680422300
4406,77.115888322056,78.699218700
4407,77.133390793305,78.717984300
4408,77.150893264553,78.738346000
4409,77.168395735802,78.757099000
4410,77.185898207051,78.776109200
4411,77.203400678300,78.795258700
4412,77.220903149548,78.814062500
4413,77.238405620797,78.832576800
4414,77.255908092046,78.851399700
4415,77.273410563295,78.870892300
4416,77.290913034543,78.889535900
4417,77.308415505792,78.908168400
4418,77.325917977041,78.929177400
4419,77.343420448290,78.948215400
4420,77.360922919539,78.967255100
4421,77.378425390787,78.986236500
4422,77.395927862036,79.005450500
4423,77.413430333285,79.023991500
4424,77.430932804534,79.042184200
4425,77.448435275782,79.062426800
4426,77.465937747031,79.080877300
4427,77.483440218280,79.099123700
4428,77.500942689529,79.117346700
4429,77.518445160777,79.135660300
4430,77.535947632026,79.155204000
4431,77.553450103275,79.173807100
4432,77.570952574524,79.192757400
4433,77.588455045772,79.211246800
4434,77.605957517021,79.229279100
4435,77.623459988270,79.247567700
4436,77.640962459519,79.266237700
4437,77.658464930768,79.284704300
4438,77.675967402016,79.304327500
4439,77.693469873265,79.322184300
4440,77.710972344514,79.340419600
4441,77.728474815763,79.360364700
4442,77.745977287011,79.378254200
4443,77.763479758260,79.396926200
4444,77.780982229509,79.415940500
4445,77.798484700758,79.434910100
4446,77.815987172006,79.453651400
4447,77.833489643255,79.474847800
4448,77.850992114504,79.493348200
4449,77.868494585753,79.511183300
4450,77.885997057001,79.529394000
4451,77.903499528250,79.547092300
4452,77.921001999499,79.564644400
4453,77.938504470748,79.582531100
4454,77.956006941997,79.600610400
4455,77.973509413245,79.618262400
4456,77.991011884494,79.635999300
4457,78.008514355743,79.654503300
4458,78.026016826992,79.672893800
4459,78.043519298240,79.690932200
4460,78.061021769489,79.711153000
4461,78.078524240738,79.729166700
4462,78.096026711987,79.747016200
4463,78.113529183235,79.765109900
4464,78.131031654484,79.783501800
4465,78.148534125733,79.801787500
4466,78.166036596982,79.820401900
4467,78.183539068230,79.838416700
4468,78.201041539479,79.856899100
4469,78.218544010728,79.875195800
4470,78.236046481977,79.893905400
4471,78.253548953226,79.913053200
4472,78.271051424474,79.931695700
4473,78.288553895723,79.952099600
4474,78.306056366972,79.971162300
4475,78.323558838221,79.990440100
4476,78.341061309469,80.009398000
4477,78.358563780718,80.027736200
4478,78.376066251967,80.046799500
4479,78.393568723216,80.066633300
4480,78.411071194464,80.085609500
4481,78.428573665713,80.104511100
4482,78.446076136962,80.123420600
4483,78.463578608211,80.142146300
4484,78.481081079459,80.161324600
4485,78.498583550708,80.180518200
4486,78.516086021957,80.200130300
4487,78.533588493206,80.219236100
4488,78.551090964455,80.239184300
4489,78.568593435703,80.258138500
4490,78.586095906952,80.277291500
4491,78.603598378201,80.297005700
4492,78.621100849450,80.315900400
4493,78.638603320698,80.335690000
4494,78.656105791947,80.356153600
4495,78.673608263196,80.375851000
4496,78.691110734445,80.396295200
4497,78.708613205693,80.415506900
4498,78.726115676942,80.434941900
4499,78.743618148191,80.453863400
4500,78.761120619440,80.473337000
4501,78.778623090688,80.494080400
4502,78.796125561937,80.512914900
4503,78.813628033186,80.531777200
4504,78.831130504435,80.551040800
4505,78.848632975684,80.569856800
4506,78.866135446932,80.588737700
4507,78.883637918181,80.608260500
4508,78.901140389430,80.627789600
4509,78.918642860679,80.646862100
4510,78.936145331927,80.662313000
4511,78.953647803176,80.685886000
4512,78.971150274425,80.705085500
4513,78.988652745674,80.723850400
4514,79.006155216922,80.742585800
4515,79.023657688171,80.761461800
4516,79.041160159420,80.781102700
4517,79.058662630669,80.799969500
4518,79.076165101917,80.820242600
4519,79.093667573166,80.839054000
4520,79.111170044415,80.857707900
4521,79.128672515664,80.876870400
4522,79.146174986912,80.896072500
4523,79.163677458161,80.915225200
4524,79.181179929410,80.933830700
4525,79.198682400659,80.953404400
4526,79.216184871908,80.972470400
4527,79.233687343156,80.991195300
4528,79.251189814405,81.010540900
4529,79.268692285654,81.029908300
4530,79.286194756903,81.049393300
4531,79.303697228151,81.067923000
4532,79.321199699400,81.086337000
4533,79.338702170649,81.104992000
4534,79.356204641898,81.124380200
4535,79.373707113146,81.142926600
4536,79.391209584395,81.161001500
4537,79.408712055644,81.179126500
4538,79.426214526893,81.197707100
4539,79.443716998141,81.216919700
4540,79.461219469390,81.235868000
4541,79.478721940639,81.254484600
4542,79.496224411888,81.272614000
4543,79.513726883137,81.291245400
4544,79.531229354385,81.310224300
4545,79.548731825634,81.330127800
4546,79.566234296883,81.348619100
4547,79.583736768132,81.367484000
4548,79.601239239380,81.386498900
4549,79.618741710629,81.404493600
4550,79.636244181878,81.422875300
4551,79.653746653127,81.440956100
4552,79.671249124375,81.458997700
4553,79.688751595624,81.478039800
4554,79.706254066873,81.496927100
4555,79.723756538122,81.514855900
4556,79.741259009370,81.532758700
4557,79.758761480619,81.550584000
4558,79.776263951868,81.568853700
4559,79.793766423117,81.586594900
4560,79.811268894366,81.604453400
4561,79.828771365614,81.624046800
4562,79.846273836863,81.641989800
4563,79.863776308112,81.659862800
4564,79.881278779361,81.678009400
4565,79.898781250609,81.697087800
4566,79.916283721858,81.716253800
4567,79.933786193107,81.734188700
4568,79.951288664356,81.752346500
4569,79.968791135604,81.770715800
4570,79.986293606853,81.790594200
4571,80.003796078102,81.808839200
4572,80.021298549351,81.827145600
4573,80.038801020599,81.845134400
4574,80.056303491848,81.863349400
4575,80.073805963097,81.881553100
4576,80.091308434346,81.899343100
4577,80.108810905595,81.917701400
4578,80.126313376843,81.935288100
4579,80.143815848092,81.953238400
4580,80.161318319341,81.971095100
4581,80.178820790590,81.988523600
4582,80.196323261838,82.006297900
4583,80.213825733087,82.024346000
4584,80.231328204336,82.042256100
4585,80.248830675585,82.060042200
4586,80.266333146833,82.078397500
4587,80.283835618082,82.096636500
4588,80.301338089331,82.114223400
4589,80.318840560580,82.131630800
4590,80.336343031828,82.150261300
4591,80.353845503077,82.170617400
4592,80.371347974326,82.189358300
4593,80.388850445575,82.207330000
4594,80.406352916824,82.225487700
4595,80.423855388072,82.242993300
4596,80.441357859321,82.260641800
4597,80.458860330570,82.278410300
4598,80.476362801819,82.295780700
4599,80.493865273067,82.313107600
4600,80.511367744316,82.331151500
4601,80.528870215565,82.348949100
4602,80.546372686814,82.367979700
4603,80.563875158062,82.386226000
4604,80.581377629311,82.404019800
4605,80.598880100560,82.421471800
4606,80.616382571809,82.438899300
4607,80.633885043057,82.456842200
4608,80.651387514306,82.474627700
4609,80.668889985555,82.493282500
4610,80.686392456804,82.511119600
4611,80.703894928053,82.528802800
4612,80.721397399301,82.546539600
4613,80.738899870550,82.564080500
4614,80.756402341799,82.581633800
4615,80.773904813048,82.599106800
4616,80.791407284296,82.616980100
4617,80.808909755545,82.635490000
4618,80.826412226794,82.653690900
4619,80.843914698043,82.671502500
4620,80.861417169291,82.689352800
4621,80.878919640540,82.709351300
4622,80.896422111789,82.726873100
4623,80.913924583038,82.744757500
4624,80.931427054286,82.762439200
4625,80.948929525535,82.779896800
4626,80.966431996784,82.797713900
4627,80.983934468033,82.815617400
4628,81.001436939282,82.833070600
4629,81.018939410530,82.850846100
4630,81.036441881779,82.868417500
4631,81.053944353028,82.885959400
4632,81.071446824277,82.903464300
4633,81.088949295525,82.921064600
4634,81.106451766774,82.939870400
4635,81.123954238023,82.959056900
4636,81.141456709272,82.976730500
4637,81.158959180520,82.995519500
4638,81.176461651769,83.013872800
4639,81.193964123018,83.031998700
4640,81.211466594267,83.050293600
4641,81.228969065515,83.068955900
4642,81.246471536764,83.086795700
4643,81.263974008013,83.104586600
4644,81.281476479262,83.122644800
4645,81.298978950511,83.140508000
4646,81.316481421759,83.158180300
4647,81.333983893008,83.176214500
4648,81.351486364257,83.194175500
4649,81.368988835506,83.212836200
4650,81.386491306754,83.231039400
4651,81.403993778003,83.249426300
4652,81.421496249252,83.267394200
4653,81.438998720501,83.285193100
4654,81.456501191749,83.303113000
4655,81.474003662998,83.320975500
4656,81.491506134247,83.339230300
4657,81.509008605496,83.357913800
4658,81.526511076744,83.376177800
4659,81.544013547993,83.396868600
4660,81.561516019242,83.415004400
4661,81.579018490491,83.432960700
4662,81.596520961740,83.451392400
4663,81.614023432988,83.469619900
4664,81.631525904237,83.488033400
4665,81.649028375486,83.506626300
4666,81.666530846735,83.525359800
4667,81.684033317983,83.543764700
4668,81.701535789232,83.562066800
4669,81.719038260481,83.580340300
4670,81.736540731730,83.599262400
4671,81.754043202978,83.618006600
4672,81.771545674227,83.637548800
4673,81.789048145476,83.656058600
4674,81.806550616725,83.675231800
4675,81.824053087973,83.693960900
4676,81.841555559222,83.712623300
4677,81.859058030471,83.732885700
4678,81.876560501720,83.751870500
4679,81.894062972969,83.770781300
4680,81.911565444217,83.789538200
4681,81.929067915466,83.809755300
4682,81.946570386715,83.828278900
4683,81.964072857964,83.847138100
4684,81.981575329212,83.865810200
4685,81.999077800461,83.884514600
4686,82.016580271710,83.903696900
4687,82.034082742959,83.923649400
4688,82.051585214207,83.942663900
4689,82.069087685456,83.961674300
4690,82.086590156705,83.980348200
4691,82.104092627954,83.999494300
4692,82.121595099202,84.018258300
4693,82.139097570451,84.037230400
4694,82.156600041700,84.056653000
4695,82.174102512949,84.076064200
4696,82.191604984198,84.095558200
4697,82.209107455446,84.114909900
4698,82.226609926695,84.134532800
4699,82.244112397944,84.154640500
4700,82.261614869193,84.174785800
4701,82.279117340441,84.195386700
4702,82.296619811690,84.215848200
4703,82.314122282939,84.235912700
4704,82.331624754188,84.256153500
4705,82.349127225436,84.276860800
4706,82.366629696685,84.297489600
4707,82.384132167934,84.317381100
4708,82.401634639183,84.338089200
4709,82.419137110431,84.358905400
4710,82.436639581680,84.380090500
4711,82.454142052929,84.402093700
4712,82.471644524178,84.423488900
4713,82.489146995426,84.444793900
4714,82.506649466675,84.466510800
4715,82.524151937924,84.487896200
4716,82.541654409173,84.509164900
4717,82.559156880422,84.530674800
4718,82.576659351670,84.551769700
4719,82.594161822919,84.573325900
4720,82.611664294168,84.595080700
4721,82.629166765417,84.617105700
4722,82.646669236665,84.638491400
4723,82.664171707914,84.660375400
4724,82.681674179163,84.682137300
4725,82.699176650412,84.703795100
4726,82.716679121660,84.725345300
4727,82.734181592909,84.747606000
4728,82.751684064158,84.770398300
4729,82.769186535407,84.792152600
4730,82.786689006655,84.813829400
4731,82.804191477904,84.835594100
4732,82.821693949153,84.856664700
4733,82.839196420402,84.878180000
4734,82.856698891651,84.899878600
4735,82.874201362899,84.920955800
4736,82.891703834148,84.942142800
4737,82.909206305397,84.963442000
4738,82.926708776646,84.984733800
4739,82.944211247894,85.005988900
4740,82.961713719143,85.027477600
4741,82.979216190392,85.050732400
4742,82.996718661641,85.072200100
4743,83.014221132889,85.093268300
4744,83.031723604138,85.114895600
4745,83.049226075387,85.135782200
4746,83.066728546636,85.156178200
4747,83.084231017884,85.176558800
4748,83.101733489133,85.197324700
4749,83.119235960382,85.217858700
4750,83.136738431631,85.238323200
4751,83.154240902880,85.258827000
4752,83.171743374128,85.279717400
4753,83.189245845377,85.300165700
4754,83.206748316626,85.321232200
4755,83.224250787875,85.341736100
4756,83.241753259123,85.363205100
4757,83.259255730372,85.383949300
4758,83.276758201621,85.404978200
4759,83.294260672870,85.425984100
4760,83.311763144118,85.446669200
4761,83.329265615367,85.466740400
4762,83.346768086616,85.487115600
4763,83.364270557865,85.507440200
4764,83.381773029113,85.527529100
4765,83.399275500362,85.548165000
4766,83.416777971611,85.569164500
4767,83.434280442860,85.589741300
4768,83.451782914109,85.610041700
4769,83.469285385357,85.630760500
4770,83.486787856606,85.651513700
4771,83.504290327855,85.672203800
4772,83.521792799104,85.692795900
4773,83.539295270352,85.713902100
4774,83.556797741601,85.734527100
4775,83.574300212850,85.755445600
4776,83.591802684099,85.775781900
4777,83.609305155347,85.797168900
4778,83.626807626596,85.817621800
4779,83.644310097845,85.838033300
4780,83.661812569094,85.858597400
4781,83.679315040342,85.878065900
4782,83.696817511591,85.893121600
4783,83.714319982840,85.915877800
4784,83.731822454089,85.930876800
4785,83.749324925338,85.953402900
4786,83.766827396586,85.973873100
4787,83.784329867835,85.994360300
4788,83.801832339084,86.014904500
4789,83.819334810333,86.035729900
4790,83.836837281581,86.056404700
4791,83.854339752830,86.078016200
4792,83.871842224079,86.097901600
4793,83.889344695328,86.119497200
4794,83.906847166576,86.139669500
4795,83.924349637825,86.160466600
4796,83.941852109074,86.181356000
4797,83.959354580323,86.201303800
4798,83.976857051571,86.221388800
4799,83.994359522820,86.241569500
4800,84.011861994069,86.261328500
4801,84.029364465318,86.282969300
4802,84.046866936567,86.303543100
4803,84.064369407815,86.324651600
4804,84.081871879064,86.344456700
4805,84.099374350313,86.365008700
4806,84.116876821562,86.385605200
4807,84.134379292810,86.406613800
4808,84.151881764059,86.426753200
4809,84.169384235308,86.446293200
4810,84.186886706557,86.466486200
4811,84.204389177805,86.486131700
4812,84.221891649054,86.506340000
4813,84.239394120303,86.526823700
4814,84.256896591552,86.547223600
4815,84.274399062800,86.567534700
4816,84.291901534049,86.587780000
4817,84.309404005298,86.608151400
4818,84.326906476547,86.628294200
4819,84.344408947796,86.647817100
4820,84.361911419044,86.668625400
4821,84.379413890293,86.687667200
4822,84.396916361542,86.707055300
4823,84.414418832791,86.726167900
4824,84.431921304039,86.745445100
4825,84.449423775288,86.764370800
4826,84.466926246537,86.785260900
4827,84.484428717786,86.804985900
4828,84.501931189034,86.825108800
4829,84.519433660283,86.844284500
4830,84.536936131532,86.863893100
4831,84.554438602781,86.883840900
4832,84.571941074029,86.904440200
4833,84.589443545278,86.924227700
4834,84.606946016527,86.943265900
4835,84.624448487776,86.962254600
4836,84.641950959025,86.980975300
4837,84.659453430273,87.000138800
4838,84.676955901522,87.019485000
4839,84.694458372771,87.038967100
4840,84.711960844020,87.058142400
4841,84.729463315268,87.077921700
4842,84.746965786517,87.097987400
4843,84.764468257766,87.117457900
4844,84.781970729015,87.137308800
4845,84.799473200263,87.156728400
4846,84.816975671512,87.176394800
4847,84.834478142761,87.197803500
4848,84.851980614010,87.217838200
4849,84.869483085258,87.237522300
4850,84.886985556507,87.257761700
4851,84.904488027756,87.277480300
4852,84.921990499005,87.299166700
4853,84.939492970254,87.318880100
4854,84.956995441502,87.338421400
4855,84.974497912751,87.359261800
4856,84.992000384000,87.378524000
4857,85.009502855249,87.398582700
4858,85.027005326497,87.417725000
4859,85.044507797746,87.436812000
4860,85.062010268995,87.455938900
4861,85.079512740244,87.476983500
4862,85.097015211492,87.496426700
4863,85.114517682741,87.515879800
4864,85.132020153990,87.535064500
4865,85.149522625239,87.554324000
4866,85.167025096487,87.575577500
4867,85.184527567736,87.594937500
4868,85.202030038985,87.615134800
4869,85.219532510234,87.634729700
4870,85.237034981483,87.654746300
4871,85.254537452731,87.674719100
4872,85.272039923980,87.694053900
4873,85.289542395229,87.714648400
4874,85.307044866478,87.734251500
4875,85.324547337726,87.754116900
4876,85.342049808975,87.774180800
4877,85.359552280224,87.789222700
4878,85.377054751473,87.811637000
4879,85.394557222721,87.831228900
4880,85.412059693970,87.850602100
4881,85.429562165219,87.869936800
4882,85.447064636468,87.889057400
4883,85.464567107716,87.908140700
4884,85.482069578965,87.929065800
4885,85.499572050214,87.948207300
4886,85.517074521463,87.967464800
4887,85.534576992712,87.986888300
4888,85.552079463960,88.006073300
4889,85.569581935209,88.025378000
4890,85.587084406458,88.046131800
4891,85.604586877707,88.066064300
4892,85.622089348955,88.085527900
4893,85.639591820204,88.105430500
4894,85.657094291453,88.125036200
4895,85.674596762702,88.144525600
4896,85.692099233950,88.163975000
4897,85.709601705199,88.183538100
4898,85.727104176448,88.203464500
4899,85.744606647697,88.222956500
4900,85.762109118945,88.242600600
4901,85.779611590194,88.261990400
4902,85.797114061443,88.283278100
4903,85.814616532692,88.303496200
4904,85.832119003940,88.323184800
4905,85.849621475189,88.343533300
4906,85.867123946438,88.363458100
4907,85.884626417687,88.383403900
4908,85.902128888936,88.402592300
4909,85.919631360184,88.422982600
4910,85.937133831433,88.442178700
4911,85.954636302682,88.461424400
4912,85.972138773931,88.480607500
4913,85.989641245179,88.499476500
4914,86.007143716428,88.518622300
4915,86.024646187677,88.538052900
4916,86.042148658926,88.557615000
4917,86.059651130174,88.577209000
4918,86.077153601423,88.596670700
4919,86.094656072672,88.616386000
4920,86.112158543921,88.636624100
4921,86.129661015169,88.658169300
4922,86.147163486418,88.677785300
4923,86.164665957667,88.697276700
4924,86.182168428916,88.717048200
4925,86.199670900165,88.736605100
4926,86.217173371413,88.755701300
4927,86.234675842662,88.775460600
4928,86.252178313911,88.794650100
4929,86.269680785160,88.813951000
4930,86.287183256408,88.833889800
4931,86.304685727657,88.853092500
4932,86.322188198906,88.873117900
4933,86.339690670155,88.891652100
4934,86.357193141403,88.911346600
4935,86.374695612652,88.930681000
4936,86.392198083901,88.950175100
4937,86.409700555150,88.969280100
4938,86.427203026398,88.988490400
4939,86.444705497647,89.007444500
4940,86.462207968896,89.026232200
4941,86.479710440145,89.046989700
4942,86.497212911394,89.065969100
4943,86.514715382642,89.084556500
4944,86.532217853891,89.103005300
4945,86.549720325140,89.121750600
4946,86.567222796389,89.140961300
4947,86.584725267637,89.160130600
4948,86.602227738886,89.179518100
4949,86.619730210135,89.198569400
4950,86.637232681384,89.218032700
4951,86.654735152632,89.237233300
4952,86.672237623881,89.258575900
4953,86.689740095130,89.278405500
4954,86.707242566379,89.297062100
4955,86.724745037627,89.315731900
4956,86.742247508876,89.334299700
4957,86.759749980125,89.354590600
4958,86.777252451374,89.374427600
4959,86.794754922623,89.393325200
4960,86.812257393871,89.412298700
4961,86.829759865120,89.430940000
4962,86.847262336369,89.449339500
4963,86.864764807618,89.468549300
4964,86.882267278866,89.488026900
4965,86.899769750115,89.506923400
4966,86.917272221364,89.526174100
4967,86.934774692613,89.545494100
4968,86.952277163861,89.564362800
4969,86.969779635110,89.583105500
4970,86.987282106359,89.602351700
4971,87.004784577608,89.621605300
4972,87.022287048856,89.641720200
4973,87.039789520105,89.660319300
4974,87.057291991354,89.680220400
4975,87.074794462603,89.699790100
4976,87.092296933852,89.719246900
4977,87.109799405100,89.738162000
4978,87.127301876349,89.757566400
4979,87.144804347598,89.776682600
4980,87.162306818847,89.796308400
4981,87.179809290095,89.817806800
4982,87.197311761344,89.836561100
4983,87.214814232593,89.855831300
4984,87.232316703842,89.876055600
4985,87.249819175090,89.895651600
4986,87.267321646339,89.914864600
4987,87.284824117588,89.933537900
4988,87.302326588837,89.951987500
4989,87.319829060085,89.971440700
4990,87.337331531334,89.990001200
4991,87.354834002583,90.008448400
4992,87.372336473832,90.027308400
4993,87.389838945081,90.046199800
4994,87.407341416329,90.065785700
4995,87.424843887578,90.086030700
4996,87.442346358827,90.105335900
4997,87.459848830076,90.124252100
4998,87.477351301324,90.143908800
4999,87.494853772573,90.163138800
5000,87.512356243822,90.182033100
5001,87.529858715071,90.200317200
5002,87.547361186319,90.218622600
5003,87.564863657568,90.237059200
5004,87.582366128817,90.255770400
5005,87.599868600066,90.277174300
5006,87.617371071314,90.295753700
5007,87.634873542563,90.314030600
5008,87.652376013812,90.332202900
5009,87.669878485061,90.350567500
5010,87.687380956310,90.369535600
5011,87.704883427558,90.387969200
5012,87.722385898807,90.408625400
5013,87.739888370056,90.428253100
5014,87.757390841305,90.446738000
5015,87.774893312553,90.464922800
5016,87.792395783802,90.482948500
5017,87.809898255051,90.501413100
5018,87.827400726300,90.520304300
5019,87.844903197548,90.538991000
5020,87.862405668797,90.557389700
5021,87.879908140046,90.575760100
5022,87.897410611295,90.595758100
5023,87.914913082543,90.614050200
5024,87.932415553792,90.632571000
5025,87.949918025041,90.650889600
5026,87.967420496290,90.669098000
5027,87.984922967539,90.687868700
5028,88.002425438787,90.706285900
5029,88.019927910036,90.724457200
5030,88.037430381285,90.743022400
5031,88.054932852534,90.756870200
5032,88.072435323782,90.779666100
5033,88.089937795031,90.793903300
5034,88.107440266280,90.815843400
5035,88.124942737529,90.834769900
5036,88.142445208777,90.854458500
5037,88.159947680026,90.873270000
5038,88.177450151275,90.893053400
5039,88.194952622524,90.912901800
5040,88.212455093772,90.931738800
5041,88.229957565021,90.951967700
5042,88.247460036270,90.971656300
5043,88.264962507519,90.990483100
5044,88.282464978768,91.009150100
5045,88.299967450016,91.027929000
5046,88.317469921265,91.047175700
5047,88.334972392514,91.066366400
5048,88.352474863763,91.085623000
5049,88.369977335011,91.105350500
5050,88.387479806260,91.125045000
5051,88.404982277509,91.144410800
5052,88.422484748758,91.164227900
5053,88.439987220006,91.183929900
5054,88.457489691255,91.203224000
5055,88.474992162504,91.222913200
5056,88.492494633753,91.242364200
5057,88.509997105001,91.261766900
5058,88.527499576250,91.281287500
5059,88.545002047499,91.301836100
5060,88.562504518748,91.321556300
5061,88.580006989997,91.342177600
5062,88.597509461245,91.362248700
5063,88.615011932494,91.382404400
5064,88.632514403743,91.403640400
5065,88.650016874992,91.423315500
5066,88.667519346240,91.442763400
5067,88.685021817489,91.462164100
5068,88.702524288738,91.481607100
5069,88.720026759987,91.501583200
5070,88.737529231235,91.521388400
5071,88.755031702484,91.543098200
5072,88.772534173733,91.563224700
5073,88.790036644982,91.582989900
5074,88.807539116230,91.602514900
5075,88.825041587479,91.621984500
5076,88.842544058728,91.642076800
5077,88.860046529977,91.662058400
5078,88.877549001226,91.681926400
5079,88.895051472474,91.701698000
5080,88.912553943723,91.721647100
5081,88.930056414972,91.742632300
5082,88.947558886221,91.762927400
5083,88.965061357469,91.783404000
5084,88.982563828718,91.803308400
5085,89.000066299967,91.822828000
5086,89.017568771216,91.842229200
5087,89.035071242464,91.862101900
5088,89.052573713713,91.881751400
5089,89.070076184962,91.901604000
5090,89.087578656211,91.923126000
5091,89.105081127459,91.943139000
5092,89.122583598708,91.962639500
5093,89.140086069957,91.982228900
5094,89.157588541206,92.001704800
5095,89.175091012454,92.021219500
5096,89.192593483703,92.042996600
5097,89.210095954952,92.063302200
5098,89.227598426201,92.083174100
5099,89.245100897450,92.103140500
5100,89.262603368698,92.123206000
5101,89.280105839947,92.145717700
5102,89.297608311196,92.165872400
5103,89.315110782445,92.186264100
5104,89.332613253693,92.206901200
5105,89.350115724942,92.227687700
5106,89.367618196191,92.247918000
5107,89.385120667440,92.268839300
5108,89.402623138688,92.289365900
5109,89.420125609937,92.310612600
5110,89.437628081186,92.331166900
5111,89.455130552435,92.351819200
5112,89.472633023683,92.372560200
5113,89.490135494932,92.393647800
5114,89.507637966181,92.415164600
5115,89.525140437430,92.435440500
5116,89.542642908679,92.455532800
5117,89.560145379927,92.475826100
5118,89.577647851176,92.496490200
5119,89.595150322425,92.517269700
5120,89.612652793674,92.538041200
5121,89.630155264922,92.558704800
5122,89.647657736171,92.578965300
5123,89.665160207420,92.599632500
5124,89.682662678669,92.620154600
5125,89.700165149917,92.640449700
5126,89.717667621166,92.660733600
5127,89.735170092415,92.681189700
5128,89.752672563664,92.701663800
5129,89.770175034912,92.722137900
5130,89.787677506161,92.742401400
5131,89.805179977410,92.763116200
5132,89.822682448659,92.783646600
5133,89.840184919908,92.804100500
5134,89.857687391156,92.824398500
5135,89.875189862405,92.845151800
5136,89.892692333654,92.866381000
5137,89.910194804903,92.886719700
5138,89.927697276151,92.907247400
5139,89.945199747400,92.928459400
5140,89.962702218649,92.949291700
5141,89.980204689898,92.970079000
5142,89.997707161146,92.990566500
5143,90.015209632395,93.010670300
5144,90.032712103644,93.030609300
5145,90.050214574893,93.050868900
5146,90.067717046141,93.071122800
5147,90.085219517390,93.091183700
5148,90.102721988639,93.111508300
5149,90.120224459888,93.131812400
5150,90.137726931137,93.152837100
5151,90.155229402385,93.173082500
5152,90.172731873634,93.193165500
5153,90.190234344883,93.214166500
5154,90.207736816132,93.234109600
5155,90.225239287380,93.254880500
5156,90.242741758629,93.275299000
5157,90.260244229878,93.295638700
5158,90.277746701127,93.316446600
5159,90.295249172375,93.337116800
5160,90.312751643624,93.357495900
5161,90.330254114873,93.379639000
5162,90.347756586122,93.400310400
5163,90.365259057370,93.421771600
5164,90.382761528619,93.442269200
5165,90.400263999868,93.461941800
5166,90.417766471117,93.481775100
5167,90.435268942366,93.502013200
5168,90.452771413614,93.522024400
5169,90.470273884863,93.541564900
5170,90.487776356112,93.561637500
5171,90.505278827361,93.581843100
5172,90.522781298609,93.601830200
5173,90.540283769858,93.622154900
5174,90.557786241107,93.642623000
5175,90.575288712356,93.663110800
5176,90.592791183604,93.684127400
5177,90.610293654853,93.704454300
5178,90.627796126102,93.724542500
5179,90.645298597351,93.744897600
5180,90.662801068599,93.764183000
5181,90.680303539848,93.783839100
5182,90.697806011097,93.803359200
5183,90.715308482346,93.822934400
5184,90.732810953595,93.842571200
5185,90.750313424843,93.864292800
5186,90.767815896092,93.884398000
5187,90.785318367341,93.903903600
5188,90.802820838590,93.923865700
5189,90.820323309838,93.946125700
5190,90.837825781087,93.966311800
5191,90.855328252336,93.986959400
5192,90.872830723585,94.007207100
5193,90.890333194833,94.027359300
5194,90.907835666082,94.047116800
5195,90.925338137331,94.066890300
5196,90.942840608580,94.087896500
5197,90.960343079828,94.108104800
5198,90.977845551077,94.122374300
5199,90.995348022326,94.146999300
5200,91.012850493575,94.166638200
5201,91.030352964824,94.186480900
5202,91.047855436072,94.205906300
5203,91.065357907321,94.225239800
5204,91.082860378570,94.244474500
5205,91.100362849819,94.264300400
5206,91.117865321067,94.283845400
5207,91.135367792316,94.303734500
5208,91.152870263565,94.323179800
5209,91.170372734814,94.342780300
5210,91.187875206062,94.362907400
5211,91.205377677311,94.382605000
5212,91.222880148560,94.402224300
5213,91.240382619809,94.421869400
5214,91.257885091057,94.441637800
5215,91.275387562306,94.462402400
5216,91.292890033555,94.482667100
5217,91.310392504804,94.502447000
5218,91.327894976053,94.522255900
5219,91.345397447301,94.541908500
5220,91.362899918550,94.561683700
5221,91.380402389799,94.583901900
5222,91.397904861048,94.604366700
5223,91.415407332296,94.624827400
5224,91.432909803545,94.644717100
5225,91.450412274794,94.665037300
5226,91.467914746043,94.685436100
5227,91.485417217291,94.705218900
5228,91.502919688540,94.725324500
5229,91.520422159789,94.745665800
5230,91.537924631038,94.765551400
5231,91.555427102286,94.785624200
5232,91.572929573535,94.805999300
5233,91.590432044784,94.826325300
5234,91.607934516033,94.846449000
5235,91.625436987282,94.867971200
5236,91.642939458530,94.888298000
5237,91.660441929779,94.908329100
5238,91.677944401028,94.928036200
5239,91.695446872277,94.948693200
5240,91.712949343525,94.968553600
5241,91.730451814774,94.988457800
5242,91.747954286023,95.008545900
5243,91.765456757272,95.028309200
5244,91.782959228520,95.047097800
5245,91.800461699769,95.062210400
5246,91.817964171018,95.083785300
5247,91.835466642267,95.098157300
5248,91.852969113515,95.121172200
5249,91.870471584764,95.141383900
5250,91.887974056013,95.161901100
5251,91.905476527262,95.181420100
5252,91.922978998511,95.201972900
5253,91.940481469759,95.222169800
5254,91.957983941008,95.242931000
5255,91.975486412257,95.262764100
5256,91.992988883506,95.282795600
5257,92.010491354754,95.302669900
5258,92.027993826003,95.323020200
5259,92.045496297252,95.343418000
5260,92.062998768501,95.364722000
5261,92.080501239749,95.385885200
5262,92.098003710998,95.406427100
5263,92.115506182247,95.427077700
5264,92.133008653496,95.447467800
5265,92.150511124744,95.467913200
5266,92.168013595993,95.489766300
5267,92.185516067242,95.510359800
5268,92.203018538491,95.530387100
5269,92.220521009739,95.550379000
5270,92.238023480988,95.570686300
5271,92.255525952237,95.590717200
5272,92.273028423486,95.610400900
5273,92.290530894735,95.630138400
5274,92.308033365983,95.649613400
5275,92.325535837232,95.669233200
5276,92.343038308481,95.688973400
5277,92.360540779730,95.708982800
5278,92.378043250978,95.729622600
5279,92.395545722227,95.749767200
5280,92.413048193476,95.769426400
5281,92.430550664725,95.790822700
5282,92.448053135973,95.810521800
5283,92.465555607222,95.831054700
5284,92.483058078471,95.850890900
5285,92.500560549720,95.870934900
5286,92.518063020968,95.891818100
5287,92.535565492217,95.912168900
5288,92.553067963466,95.931894800
5289,92.570570434715,95.951817700
5290,92.588072905964,95.972073000
5291,92.605575377212,95.992070600
5292,92.623077848461,96.012287700
5293,92.640580319710,96.032412600
5294,92.658082790959,96.052071500
5295,92.675585262207,96.071969000
5296,92.693087733456,96.091992100
5297,92.710590204705,96.111507400
5298,92.728092675954,96.130951400
5299,92.745595147202,96.150352900
5300,92.763097618451,96.170278800
5301,92.780600089700,96.189577300
5302,92.798102560949,96.208881400
5303,92.815605032197,96.228686000
5304,92.833107503446,96.248890600
5305,92.850609974695,96.268681800
5306,92.868112445944,96.288596100
5307,92.885614917193,96.308511800
5308,92.903117388441,96.328587500
5309,92.920619859690,96.348580500
5310,92.938122330939,96.368245100
5311,92.955624802188,96.389175600
5312,92.973127273436,96.409803800
5313,92.990629744685,96.429299100
5314,93.008132215934,96.448556700
5315,93.025634687183,96.469001000
5316,93.043137158431,96.488275800
5317,93.060639629680,96.507437400
5318,93.078142100929,96.526809100
5319,93.095644572178,96.546216000
5320,93.113147043426,96.565522100
5321,93.130649514675,96.584737100
5322,93.148151985924,96.604156500
5323,93.165654457173,96.623702000
5324,93.183156928422,96.643372700
5325,93.200659399670,96.663239700
5326,93.218161870919,96.682888100
5327,93.235664342168,96.702478100
5328,93.253166813417,96.722328000
5329,93.270669284665,96.741610400
5330,93.288171755914,96.761828200
5331,93.305674227163,96.781429300
5332,93.323176698412,96.801310300
5333,93.340679169660,96.820828700
5334,93.358181640909,96.840010900
5335,93.375684112158,96.859397600
5336,93.393186583407,96.878440700
5337,93.410689054655,96.897817500
5338,93.428191525904,96.917547200
5339,93.445693997153,96.937448000
5340,93.463196468402,96.956998200
5341,93.480698939651,96.979467000
5342,93.498201410899,96.999359800
5343,93.515703882148,97.018682500
5344,93.533206353397,97.038025100
5345,93.550708824646,97.059283100
5346,93.568211295894,97.078873000
5347,93.585713767143,97.098682100
5348,93.603216238392,97.117578100
5349,93.620718709641,97.136819500
5350,93.638221180889,97.156533900
5351,93.655723652138,97.176379400
5352,93.673226123387,97.196560400
5353,93.690728594636,97.216557600
5354,93.708231065884,97.236982000
5355,93.725733537133,97.256846800
5356,93.743236008382,97.276760300
5357,93.760738479631,97.296540200
5358,93.778240950880,97.315631900
5359,93.795743422128,97.334355600
5360,93.813245893377,97.353475400
5361,93.830748364626,97.372514100
5362,93.848250835875,97.393265200
5363,93.865753307123,97.411978300
5364,93.883255778372,97.431045700
5365,93.900758249621,97.450660800
5366,93.918260720870,97.469954200
5367,93.935763192118,97.491053200
5368,93.953265663367,97.511631200
5369,93.970768134616,97.530805600
5370,93.988270605865,97.549491700
5371,94.005773077113,97.568593900
5372,94.023275548362,97.588084900
5373,94.040778019611,97.607258700
5374,94.058280490860,97.626405700
5375,94.075782962109,97.645851200
5376,94.093285433357,97.664933400
5377,94.110787904606,97.684354300
5378,94.128290375855,97.703463600
5379,94.145792847104,97.722349600
5380,94.163295318352,97.741902300
5381,94.180797789601,97.762994400
5382,94.198300260850,97.782386700
5383,94.215802732099,97.801888800
5384,94.233305203347,97.821226400
5385,94.250807674596,97.840131500
5386,94.268310145845,97.859328900
5387,94.285812617094,97.880119800
5388,94.303315088342,97.899163200
5389,94.320817559591,97.918255100
5390,94.338320030840,97.937344500
5391,94.355822502089,97.956172400
5392,94.373324973338,97.975620300
5393,94.390827444586,97.995673700
5394,94.408329915835,98.015340900
5395,94.425832387084,98.034619300
5396,94.443334858333,98.053725700
5397,94.460837329581,98.073487000
5398,94.478339800830,98.093086400
5399,94.495842272079,98.111851300
5400,94.513344743328,98.130721600
5401,94.530847214576,98.150728600
5402,94.548349685825,98.169670300
5403,94.565852157074,98.188067700
5404,94.583354628323,98.206838000
5405,94.600857099571,98.225334400
5406,94.618359570820,98.243802400
5407,94.635862042069,98.262502400
5408,94.653364513318,98.281292100
5409,94.670866984567,98.299911800
5410,94.688369455815,98.318909700
5411,94.705871927064,98.338376100
5412,94.723374398313,98.357755100
5413,94.740876869562,98.376991800
5414,94.758379340810,98.397050800
5415,94.775881812059,98.416959600
5416,94.793384283308,98.436324000
5417,94.810886754557,98.455438700
5418,94.828389225805,98.474182700
5419,94.845891697054,98.492282200
5420,94.863394168303,98.510481400
5421,94.880896639552,98.530473600
5422,94.898399110800,98.548985900
5423,94.915901582049,98.566871100
5424,94.933404053298,98.585018700
5425,94.950906524547,98.603220800
5426,94.968408995795,98.621484900
5427,94.985911467044,98.639711800
5428,95.003413938293,98.658336700
5429,95.020916409542,98.678012900
5430,95.038418880791,98.696072900
5431,95.055921352039,98.715171000
5432,95.073423823288,98.733820300
5433,95.090926294537,98.752941600
5434,95.108428765786,98.771401100
5435,95.125931237034,98.789483400
5436,95.143433708283,98.808181200
5437,95.160936179532,98.826381500
5438,95.178438650781,98.845079300
5439,95.195941122029,98.863676400
5440,95.213443593278,98.882906600
5441,95.230946064527,98.901578500
5442,95.248448535776,98.921167100
5443,95.265951007024,98.939998200
5444,95.283453478273,98.958712400
5445,95.300955949522,98.976947900
5446,95.318458420771,98.995573900
5447,95.335960892020,99.014375200
5448,95.353463363268,99.033772700
5449,95.370965834517,99.052273600
5450,95.388468305766,99.070699000
5451,95.405970777015,99.089326900
5452,95.423473248263,99.109615200
5453,95.440975719512,99.127705400
5454,95.458478190761,99.146108100
5455,95.475980662010,99.164683800
5456,95.493483133258,99.182991300
5457,95.510985604507,99.201232700
5458,95.528488075756,99.220639400
5459,95.545990547005,99.239374800
5460,95.563493018253,99.258026800
5461,95.580995489502,99.278767700
5462,95.598497960751,99.299628700
5463,95.616000432000,99.318990500
5464,95.633502903249,99.337955700
5465,95.651005374497,99.357090000
5466,95.668507845746,99.376090000
5467,95.686010316995,99.395216100
5468,95.703512788244,99.414577000
5469,95.721015259492,99.433902200
5470,95.738517730741,99.452913300
5471,95.756020201990,99.472066800
5472,95.773522673239,99.490971200
5473,95.791025144487,99.510233700
5474,95.808527615736,99.529572100
5475,95.826030086985,99.549703800
5476,95.843532558234,99.571191500
5477,95.861035029482,99.590723000
5478,95.878537500731,99.610107200
5479,95.896039971980,99.630218300
5480,95.913542443229,99.649391200
5481,95.931044914478,99.668624700
5482,95.948547385726,99.687901400
5483,95.966049856975,99.707375600
5484,95.983552328224,99.727090500
5485,96.001054799473,99.746496900
5486,96.018557270721,99.766709600
5487,96.036059741970,99.786594900
5488,96.053562213219,99.806752500
5489,96.071064684468,99.827858000
5490,96.088567155716,99.848692800
5491,96.106069626965,99.869561100
5492,96.123572098214,99.890149200
5493,96.141074569463,99.911654300
5494,96.158577040711,99.933540200
5495,96.176079511960,99.954508200
5496,96.193581983209,99.976191600
5497,96.211084454458,99.991187800
5498,96.228586925707,100.014144700
5499,96.246089396955,100.035118800
5500,96.263591868204,100.055933400
5501,96.281094339453,100.076317600
5502,96.298596810702,100.097144400
5503,96.316099281950,100.117753700
5504,96.333601753199,100.138441400
5505,96.351104224448,100.159530400
5506,96.368606695697,100.180749200
5507,96.386109166945,100.201429000
5508,96.403611638194,100.222977400
5509,96.421114109443,100.244217300
5510,96.438616580692,100.265474300
5511,96.456119051940,100.287106700
5512,96.473621523189,100.307998600
5513,96.491123994438,100.329245600
5514,96.508626465687,100.350219400
5515,96.526128936936,100.372361900
5516,96.543631408184,100.393988000
5517,96.561133879433,100.415976100
5518,96.578636350682,100.437261200
5519,96.596138821931,100.458544500
5520,96.613641293179,100.480013700
5521,96.631143764428,100.502709200
5522,96.648646235677,100.524315200
5523,96.666148706926,100.546486300
5524,96.683651178174,100.568922300
5525,96.701153649423,100.591051100
5526,96.718656120672,100.612457000
5527,96.736158591921,100.633602600
5528,96.753661063169,100.654635300
5529,96.771163534418,100.676162000
5530,96.788666005667,100.698000500
5531,96.806168476916,100.720039400
5532,96.823670948165,100.742117100
5533,96.841173419413,100.764127500
5534,96.858675890662,100.786356100
5535,96.876178361911,100.808264400
5536,96.893680833160,100.829798200
5537,96.911183304408,100.851509100
5538,96.928685775657,100.873465100
5539,96.946188246906,100.895152300
5540,96.963690718155,100.917051400
5541,96.981193189403,100.938911100
5542,96.998695660652,100.960795300
5543,97.016198131901,100.982527900
5544,97.033700603150,101.004948900
5545,97.051203074398,101.026857500
5546,97.068705545647,101.049602100
5547,97.086208016896,101.071965600
5548,97.103710488145,101.094123100
5549,97.121212959394,101.115835400
5550,97.138715430642,101.137570600
5551,97.156217901891,101.160435200
5552,97.173720373140,101.182487700
5553,97.191222844389,101.204058600
5554,97.208725315637,101.225434100
5555,97.226227786886,101.247257300
5556,97.243730258135,101.268751000
5557,97.261232729384,101.290354200
5558,97.278735200632,101.311876100
5559,97.296237671881,101.333022400
5560,97.313740143130,101.353811400
5561,97.331242614379,101.374995400
5562,97.348745085627,101.397399800
5563,97.366247556876,101.419113600
5564,97.383750028125,101.440364800
5565,97.401252499374,101.460872700
5566,97.418754970623,101.481315100
5567,97.436257441871,101.501630400
5568,97.453759913120,101.521735400
5569,97.471262384369,101.542432200
5570,97.488764855618,101.562428000
5571,97.506267326866,101.583559800
5572,97.523769798115,101.603204100
5573,97.541272269364,101.622692300
5574,97.558774740613,101.642165700
5575,97.576277211861,101.661935000
5576,97.593779683110,101.681408000
5577,97.611282154359,101.700884500
5578,97.628784625608,101.720154400
5579,97.646287096856,101.738701300
5580,97.663789568105,101.757559700
5581,97.681292039354,101.777849600
5582,97.698794510603,101.796003700
5583,97.716296981852,101.814183900
5584,97.733799453100,101.832384200
5585,97.751301924349,101.850778100
5586,97.768804395598,101.869243400
5587,97.786306866847,101.887945100
5588,97.803809338095,101.906799700
5589,97.821311809344,101.925341100
5590,97.838814280593,101.943956900
5591,97.856316751842,101.963145100
5592,97.873819223090,101.983890400
5593,97.891321694339,102.002124300
5594,97.908824165588,102.020731300
5595,97.926326636837,102.038824100
5596,97.943829108085,102.057115300
5597,97.961331579334,102.075725600
5598,97.978834050583,102.095453400
5599,97.996336521832,102.113989000
5600,98.013838993080,102.133248500
5601,98.031341464329,102.151422600
5602,98.048843935578,102.169441300
5603,98.066346406827,102.187547300
5604,98.083848878076,102.205698400
5605,98.101351349324,102.224176900
5606,98.118853820573,102.242391800
5607,98.136356291822,102.260636000
5608,98.153858763071,102.278681900
5609,98.171361234319,102.296970400
5610,98.188863705568,102.315812100
5611,98.206366176817,102.334354500
5612,98.223868648066,102.353405400
5613,98.241371119314,102.372186600
5614,98.258873590563,102.390381100
5615,98.276376061812,102.410205200
5616,98.293878533061,102.429271000
5617,98.311381004309,102.447320700
5618,98.328883475558,102.465631500
5619,98.346385946807,102.483718800
5620,98.363888418056,102.503407000
5621,98.381390889305,102.523460900
5622,98.398893360553,102.544744700
5623,98.416395831802,102.565225500
5624,98.433898303051,102.586937800
5625,98.451400774300,102.608318400
5626,98.468903245548,102.621955600
5627,98.486405716797,102.646813700
5628,98.503908188046,102.667455400
5629,98.521410659295,102.688171100
5630,98.538913130543,102.710053800
5631,98.556415601792,102.732277900
5632,98.573918073041,102.753533600
5633,98.591420544290,102.774584500
5634,98.608923015538,102.795601200
5635,98.626425486787,102.816863400
5636,98.643927958036,102.837800500
5637,98.661430429285,102.858897100
5638,98.678932900534,102.880285900
5639,98.696435371782,102.901188000
5640,98.713937843031,102.922579300
5641,98.731440314280,102.946275600
5642,98.748942785529,102.967164300
5643,98.766445256777,102.988364500
5644,98.783947728026,103.009560400
5645,98.801450199275,103.030943600
5646,98.818952670524,103.052054400
5647,98.836455141772,103.073191500
5648,98.853957613021,103.095815200
5649,98.871460084270,103.117350700
5650,98.888962555519,103.138978100
5651,98.906465026767,103.161166300
5652,98.923967498016,103.182866200
5653,98.941469969265,103.203624100
5654,98.958972440514,103.224407900
5655,98.976474911763,103.245482800
5656,98.993977383011,103.266440200
5657,99.011479854260,103.287395600
5658,99.028982325509,103.308825500
5659,99.046484796758,103.329649500
5660,99.063987268006,103.351170600
5661,99.081489739255,103.372641000
5662,99.098992210504,103.394222900
5663,99.116494681753,103.416491300
5664,99.133997153001,103.438008000
5665,99.151499624250,103.459429600
5666,99.169002095499,103.481041900
5667,99.186504566748,103.502410300
5668,99.204007037996,103.523932700
5669,99.221509509245,103.545335200
5670,99.239011980494,103.566933000
5671,99.256514451743,103.590394100
5672,99.274016922992,103.611676300
5673,99.291519394240,103.633045400
5674,99.309021865489,103.653740000
5675,99.326524336738,103.674450400
5676,99.344026807987,103.694914600
5677,99.361529279235,103.715448000
5678,99.379031750484,103.735386700
5679,99.396534221733,103.755431800
5680,99.414036692982,103.775633000
5681,99.431539164230,103.795385900
5682,99.449041635479,103.815066600
5683,99.466544106728,103.834699200
5684,99.484046577977,103.854479200
5685,99.501549049225,103.874737100
5686,99.519051520474,103.893970300
5687,99.536553991723,103.914354800
5688,99.554056462972,103.936111700
5689,99.571558934221,103.955871300
5690,99.589061405469,103.975580700
5691,99.606563876718,103.995851900
5692,99.624066347967,104.016604200
5693,99.641568819216,104.038571400
5694,99.659071290464,104.059309300
5695,99.676573761713,104.081101900
5696,99.694076232962,104.102059800
5697,99.711578704211,104.122663100
5698,99.729081175459,104.143109700
5699,99.746583646708,104.162676800
5700,99.764086117957,104.182350500
5701,99.781588589206,104.203991700
5702,99.799091060454,104.224029200
5703,99.816593531703,104.243946800
5704,99.834096002952,104.264449900
5705,99.851598474201,104.285689600
5706,99.869100945450,104.306581700
5707,99.886603416698,104.328097500
5708,99.904105887947,104.343255200
5709,99.921608359196,104.366549900
5710,99.939110830445,104.387169000
5711,99.956613301693,104.407668500
5712,99.974115772942,104.429368800
5713,99.991618244191,104.450751200
5714,100.009120715440,104.471154400
5715,100.026623186688,104.491779700
5716,100.044125657937,104.513625800
5717,100.061628129186,104.534299100
5718,100.079130600435,104.554437900
5719,100.096633071683,104.575180000
5720,100.114135542932,104.598472600
5721,100.131638014181,104.619293300
5722,100.149140485430,104.639806000
5723,100.166642956679,104.660709000
5724,100.184145427927,104.680941500
5725,100.201647899176,104.700402600
5726,100.219150370425,104.714871400
5727,100.236652841674,104.738095800
5728,100.254155312922,104.758728200
5729,100.271657784171,104.779938300
5730,100.289160255420,104.799995800
5731,100.306662726669,104.821290800
5732,100.324165197917,104.841159300
5733,100.341667669166,104.862909500
5734,100.359170140415,104.884113600
5735,100.376672611664,104.904762400
5736,100.394175082912,104.925436700
5737,100.411677554161,104.947627400
5738,100.429180025410,104.967505200
5739,100.446682496659,104.987351300
5740,100.464184967908,105.007424900
5741,100.481687439156,105.028298200
5742,100.499189910405,105.048882000
5743,100.516692381654,105.068490700
5744,100.534194852903,105.088564000
5745,100.551697324151,105.108601300
5746,100.569199795400,105.129376200
5747,100.586702266649,105.150217900
5748,100.604204737898,105.170440900
5749,100.621707209146,105.190595100
5750,100.639209680395,105.210666800
5751,100.656712151644,105.231149500
5752,100.674214622893,105.251127300
5753,100.691717094141,105.271356000
5754,100.709219565390,105.285572600
5755,100.726722036639,105.309703300
5756,100.744224507888,105.331102100
5757,100.761726979137,105.352091200
5758,100.779229450385,105.373315400
5759,100.796731921634,105.393794800
5760,100.814234392883,105.414663100
5761,100.831736864132,105.436435200
5762,100.849239335380,105.457177700
5763,100.866741806629,105.478375000
5764,100.884244277878,105.499414300
5765,100.901746749127,105.520945600
5766,100.919249220375,105.542237800
5767,100.936751691624,105.563463700
5768,100.954254162873,105.584750000
5769,100.971756634122,105.605795400
5770,100.989259105370,105.627753400
5771,101.006761576619,105.649546800
5772,101.024264047868,105.671211400
5773,101.041766519117,105.692151100
5774,101.059268990365,105.712319700
5775,101.076771461614,105.726921900
5776,101.094273932863,105.751050100
5777,101.111776404112,105.772149800
5778,101.129278875361,105.792842300
5779,101.146781346609,105.814051200
5780,101.164283817858,105.836087900
5781,101.181786289107,105.857419400
5782,101.199288760356,105.879328300
5783,101.216791231604,105.900187200
5784,101.234293702853,105.921344800
5785,101.251796174102,105.941200400
5786,101.269298645351,105.961040000
5787,101.286801116599,105.981180600
5788,101.304303587848,106.001351200
5789,101.321806059097,106.021400100
5790,101.339308530346,106.041444900
5791,101.356811001594,106.062965100
5792,101.374313472843,106.083221500
5793,101.391815944092,106.103570600
5794,101.409318415341,106.123992700
5795,101.426820886590,106.144311000
5796,101.444323357838,106.164887400
5797,101.461825829087,106.185346700
5798,101.479328300336,106.206135300
5799,101.496830771585,106.226454300
5800,101.514333242833,106.246656700
5801,101.531835714082,106.266932300
5802,101.549338185331,106.287302600
5803,101.566840656580,106.308061000
5804,101.584343127828,106.328476600
5805,101.601845599077,106.349181700
5806,101.619348070326,106.370342200
5807,101.636850541575,106.391395900
5808,101.654353012823,106.413367600
5809,101.671855484072,106.434846500
5810,101.689357955321,106.455956100
5811,101.706860426570,106.477854400
5812,101.724362897819,106.499177100
5813,101.741865369067,106.521487300
5814,101.759367840316,106.543537900
5815,101.776870311565,106.565521800
5816,101.794372782814,106.588137200
5817,101.811875254062,106.610001500
5818,101.829377725311,106.632488400
5819,101.846880196560,106.654332400
5820,101.864382667809,106.676594800
5821,101.881885139057,106.701233700
5822,101.899387610306,106.723013300
5823,101.916890081555,106.744708600
5824,101.934392552804,106.767608300
5825,101.951895024052,106.789080500
5826,101.969397495301,106.810374100
5827,101.986899966550,106.832241000
5828,102.004402437799,106.853733800
5829,102.021904909048,106.875133000
5830,102.039407380296,106.896382300
5831,102.056909851545,106.918446700
5832,102.074412322794,106.940020600
5833,102.091914794043,106.961841200
5834,102.109417265291,106.983862700
5835,102.126919736540,107.006397400
5836,102.144422207789,107.028216900
5837,102.161924679038,107.050896500
5838,102.179427150286,107.072914400
5839,102.196929621535,107.094432800
5840,102.214432092784,107.115841400
5841,102.231934564033,107.137281500
5842,102.249437035281,107.160988400
5843,102.266939506530,107.184095200
5844,102.284441977779,107.206102800
5845,102.301944449028,107.227921000
5846,102.319446920277,107.249870700
5847,102.336949391525,107.271697800
5848,102.354451862774,107.293644300
5849,102.371954334023,107.315986900
5850,102.389456805272,107.338348500
5851,102.406959276520,107.361069000
5852,102.424461747769,107.383326700
5853,102.441964219018,107.405738600
5854,102.459466690267,107.427613000
5855,102.476969161515,107.448982400
5856,102.494471632764,107.471026700
5857,102.511974104013,107.493388700
5858,102.529476575262,107.515338400
5859,102.546979046510,107.537508300
5860,102.564481517759,107.559774300
5861,102.581983989008,107.581523800
5862,102.599486460257,107.603365800
5863,102.616988931506,107.625274900
5864,102.634491402754,107.647182900
5865,102.651993874003,107.669231700
5866,102.669496345252,107.691707100
5867,102.686998816501,107.714041700
5868,102.704501287749,107.736040900
5869,102.722003758998,107.758139300
5870,102.739506230247,107.780379400
5871,102.757008701496,107.802916100
5872,102.774511172744,107.824484400
5873,102.792013643993,107.847393200
5874,102.809516115242,107.870674700
5875,102.827018586491,107.893561900
5876,102.844521057739,107.916953500
5877,102.862023528988,107.940189900
5878,102.879526000237,107.962647600
5879,102.897028471486,107.985652100
5880,102.914530942735,108.007637700
5881,102.932033413983,108.031180300
5882,102.949535885232,108.053045400
5883,102.967038356481,108.074896600
5884,102.984540827730,108.096696900
5885,103.002043298978,108.118820800
5886,103.019545770227,108.140693100
5887,103.037048241476,108.163675500
5888,103.054550712725,108.186290000
5889,103.072053183973,108.208265800
5890,103.089555655222,108.230519400
5891,103.107058126471,108.252452200
5892,103.124560597720,108.274627800
5893,103.142063068968,108.297417000
5894,103.159565540217,108.320047100
5895,103.177068011466,108.342402800
5896,103.194570482715,108.364950300
5897,103.212072953964,108.387185300
5898,103.229575425212,108.409975800
5899,103.247077896461,108.431898000
5900,103.264580367710,108.453613800
5901,103.282082838959,108.475400100
5902,103.299585310207,108.497606400
5903,103.317087781456,108.520235000
5904,103.334590252705,108.543070100
5905,103.352092723954,108.565116100
5906,103.369595195202,108.587840000
5907,103.387097666451,108.609357200
5908,103.404600137700,108.631352100
5909,103.422102608949,108.653702500
5910,103.439605080197,108.675771500
5911,103.457107551446,108.698639700
5912,103.474610022695,108.720962900
5913,103.492112493944,108.743039400
5914,103.509614965193,108.764167900
5915,103.527117436441,108.778586300
5916,103.544619907690,108.803429500
5917,103.562122378939,108.825359600
5918,103.579624850188,108.846147600
5919,103.597127321436,108.860571000
5920,103.614629792685,108.885955400
5921,103.632132263934,108.908183500
5922,103.649634735183,108.930252700
5923,103.667137206431,108.951910000
5924,103.684639677680,108.973435200
5925,103.702142148929,108.995032800
5926,103.719644620178,109.016528300
5927,103.737147091426,109.038564800
5928,103.754649562675,109.060617600
5929,103.772152033924,109.082740500
5930,103.789654505173,109.104623900
5931,103.807156976422,109.126140100
5932,103.824659447670,109.147368500
5933,103.842161918919,109.169001100
5934,103.859664390168,109.190649100
5935,103.877166861417,109.212185500
5936,103.894669332665,109.233247000
5937,103.912171803914,109.254793800
5938,103.929674275163,109.276153200
5939,103.947176746412,109.297461700
5940,103.964679217660,109.318917000
5941,103.982181688909,109.341929900
5942,103.999684160158,109.364409800
5943,104.017186631407,109.385889600
5944,104.034689102655,109.407916200
5945,104.052191573904,109.429713800
5946,104.069694045153,109.451155100
5947,104.087196516402,109.472865700
5948,104.104698987651,109.494275600
5949,104.122201458899,109.515873800
5950,104.139703930148,109.537773500
5951,104.157206401397,109.560043400
5952,104.174708872646,109.582658200
5953,104.192211343894,109.604949500
5954,104.209713815143,109.627272900
5955,104.227216286392,109.648984200
5956,104.244718757641,109.670917400
5957,104.262221228889,109.693113400
5958,104.279723700138,109.716396600
5959,104.297226171387,109.739229800
5960,104.314728642636,109.761776600
5961,104.332231113884,109.784110200
5962,104.349733585133,109.806449700
5963,104.367236056382,109.829167800
5964,104.384738527631,109.851593600
5965,104.402240998879,109.873840300
5966,104.419743470128,109.896030600
5967,104.437245941377,109.918470900
5968,104.454748412626,109.941172800
5969,104.472250883875,109.963466200
5970,104.489753355123,109.986354800
5971,104.507255826372,110.009144200
5972,104.524758297621,110.032305400
5973,104.542260768870,110.054611700
5974,104.559763240118,110.077091700
5975,104.577265711367,110.100019100
5976,104.594768182616,110.122999200
5977,104.612270653865,110.145583000
5978,104.629773125113,110.168670700
5979,104.647275596362,110.191381000
5980,104.664778067611,110.215548600
5981,104.682280538860,110.239290300
5982,104.699783010108,110.262704600
5983,104.717285481357,110.285317500
5984,104.734787952606,110.299671700
5985,104.752290423855,110.326557500
5986,104.769792895104,110.348919800
5987,104.787295366352,110.371642600
5988,104.804797837601,110.394215000
5989,104.822300308850,110.416843600
5990,104.839802780099,110.439617800
5991,104.857305251347,110.462578700
5992,104.874807722596,110.485239500
5993,104.892310193845,110.500927400
5994,104.909812665094,110.518641000
5995,104.927315136342,110.536648400
5996,104.944817607591,110.554389300
5997,104.962320078840,110.572913500
5998,104.979822550089,110.589932700
5999,104.997325021337,110.606248000
6000,105.014827492586,110.623265800
