scene,frame,mode,quads,vertices,width,height,page,margin,snapshot,host_us
2112,3501,2,382,2292,2736,4096,0,86,0,4676.400
2113,3502,2,383,2298,2736,4096,400,86,0,513.000
2114,3503,2,379,2274,2736,4096,0,86,0,463.600
2115,3504,2,399,2394,2736,4096,400,86,0,421.700
2116,3505,2,400,2400,2736,4096,0,86,0,505.300
2117,3506,2,413,2478,2736,4096,400,86,0,346.300
2118,3507,2,435,2610,2736,4096,0,86,0,421.400
2119,3508,2,463,2778,2736,4096,400,86,0,508.700
2120,3509,2,462,2772,2736,4096,0,86,0,478.200
2121,3510,2,476,2856,2736,4096,400,86,0,527.200
2122,3512,2,511,3066,2736,4096,0,86,0,459.800
2123,3513,2,532,3192,2736,4096,400,86,0,426.700
2124,3514,2,576,3456,2736,4096,0,86,0,474.500
2125,3515,2,641,3849,2736,4096,400,86,0,384.300
2126,3516,2,659,3954,2736,4096,0,86,0,732.800
2127,3517,2,690,4140,2736,4096,400,86,0,657.800
2128,3518,2,719,4317,2736,4096,0,86,0,605.100
2129,3519,2,754,4524,2736,4096,400,86,0,617.700
2130,3520,2,756,4536,2736,4096,0,86,0,497.500
2131,3521,2,758,4548,2736,4096,400,86,0,579.300
2132,3522,2,751,4506,2736,4096,0,86,0,436.200
2133,3523,2,767,4602,2736,4096,400,86,0,436.800
2134,3524,2,774,4644,2736,4096,0,86,0,506.600
2135,3525,2,816,4896,2736,4096,400,86,0,602.100
2136,3526,2,862,5172,2736,4096,0,86,0,523.500
2137,3527,2,868,5208,2736,4096,400,86,0,585.200
2138,3528,2,872,5232,2736,4096,0,86,0,435.000
2139,3529,2,896,5376,2736,4096,400,86,0,473.900
2140,3530,2,904,5424,2736,4096,0,86,0,522.200
2141,3531,2,942,5652,2736,4096,400,86,0,498.700
2142,3532,2,1028,6168,2736,4096,0,86,0,474.600
2143,3533,2,1041,6246,2736,4096,400,86,0,574.000
2144,3534,2,1059,6354,2736,4096,0,86,0,795.900
2145,3535,2,1110,6660,2736,4096,400,86,0,589.200
2146,3536,2,1104,6624,2736,4096,0,86,0,695.700
2147,3537,2,1081,6486,2736,4096,400,86,0,598.800
2148,3538,2,1081,6486,2736,4096,0,86,0,670.000
2149,3539,2,1015,6090,2736,4096,400,86,0,606.800
2150,3540,2,963,5778,2736,4096,0,86,0,592.500
2151,3542,2,921,5526,2736,4096,400,86,0,381.600
2152,3543,2,903,5418,2736,4096,0,86,0,549.400
2153,3544,2,901,5406,2736,4096,400,86,0,607.600
2154,3545,2,847,5082,2736,4096,0,86,0,418.900
2155,3546,2,801,4806,2736,4096,400,86,0,473.200
2156,3547,2,799,4794,2736,4096,0,86,0,519.800
2157,3548,2,792,4752,2736,4096,400,86,0,389.000
2158,3549,2,768,4608,2736,4096,0,86,0,464.800
2159,3550,2,758,4548,2736,4096,400,86,0,542.900
2160,3551,2,575,3450,2736,4096,0,86,0,412.100
2161,3552,2,529,3174,2736,4096,400,86,0,369.900
2162,3553,2,513,3078,2736,4096,0,86,0,480.000
2163,3554,2,506,3036,2736,4096,400,86,0,693.700
2164,3555,2,456,2736,2736,4096,0,86,0,357.300
2165,3556,2,444,2664,2736,4096,400,86,0,422.000
2166,3557,2,401,2406,2736,4096,0,86,0,586.100
2167,3558,2,363,2178,2736,4096,400,86,0,644.700
2168,3559,2,324,1944,2736,4096,0,86,0,396.000
2169,3560,2,313,1878,2736,4096,400,86,0,458.400
2170,3561,2,253,1518,2736,4096,0,86,0,405.000
2171,3562,2,239,1434,2736,4096,400,86,0,464.400
2172,3563,2,219,1314,2736,4096,0,86,0,375.100
2173,3564,2,188,1128,2736,4096,400,86,0,555.900
2174,3565,2,134,804,2736,4096,0,86,0,448.400
2175,3567,2,101,606,2736,4096,400,86,0,444.900
2176,3568,2,101,606,2736,4096,0,86,0,430.500
2177,3569,2,113,675,2736,4096,400,86,0,490.900
2178,3570,2,111,669,2736,4096,0,86,0,324.600
2179,3571,2,109,657,2736,4096,400,86,0,405.900
2180,3572,2,86,519,2736,4096,0,86,0,348.300
2181,3573,2,86,519,2736,4096,400,86,0,400.200
2182,3574,2,74,444,2736,4096,0,86,0,382.900
2183,3575,2,49,294,2736,4096,400,86,0,409.300
2184,3576,2,21,126,2736,4096,0,86,0,373.000
2185,3577,2,19,114,2736,4096,400,86,0,362.900
2186,3578,2,22,132,2736,4096,0,86,0,298.300
2187,3579,2,24,144,2736,4096,400,86,0,432.200
2188,3580,2,24,144,2736,4096,0,86,0,368.200
2189,3581,2,15,90,2736,4096,400,86,0,388.200
2190,3582,2,13,78,2736,4096,0,86,0,270.700
2191,3583,2,13,78,2736,4096,400,86,0,448.300
2192,3584,2,9,54,2736,4096,0,86,0,324.300
2193,3585,2,16,96,2736,4096,400,86,0,267.900
2194,3586,2,16,96,2736,4096,0,86,0,404.300
2195,3587,2,26,156,2736,4096,400,86,0,364.100
2196,3588,2,34,204,2736,4096,0,86,0,550.700
2197,3589,2,35,210,2736,4096,400,86,0,421.000
2198,3590,2,22,132,2736,4096,0,86,0,681.200
2199,3591,2,19,114,2736,4096,400,86,0,388.300
2200,3592,2,26,156,2736,4096,0,86,0,311.600
2201,3593,2,40,240,2736,4096,400,86,0,296.600
2202,3594,2,43,258,2736,4096,0,86,0,440.700
2203,3595,2,50,300,2736,4096,400,86,0,348.900
2204,3596,2,67,402,2736,4096,0,86,0,373.600
2205,3597,2,77,462,2736,4096,400,86,0,298.600
2206,3598,2,96,576,2736,4096,0,86,0,406.800
2207,3599,2,137,822,2736,4096,400,86,0,452.400
2208,3600,2,172,1032,2736,4096,0,86,0,644.800
2209,3601,2,201,1206,2736,4096,400,86,0,538.700
2210,3602,2,227,1362,2736,4096,0,86,0,414.000
2211,3603,2,253,1518,2736,4096,400,86,0,409.900
2212,3604,2,262,1572,2736,4096,0,86,0,413.800
2213,3605,2,291,1746,2736,4096,400,86,0,363.900
2214,3606,2,288,1728,2736,4096,0,86,0,479.900
2215,3607,2,285,1710,2736,4096,400,86,0,349.000
2216,3608,2,244,1464,2736,4096,0,86,0,614.900
2217,3609,2,233,1398,2736,4096,400,86,0,405.800
2218,3610,2,253,1518,2736,4096,0,86,0,376.800
2219,3611,2,273,1638,2736,4096,400,86,0,318.200
2220,3612,2,254,1524,2736,4096,0,86,0,443.100
2221,3613,2,256,1536,2736,4096,400,86,0,482.100
2222,3614,2,261,1566,2736,4096,0,86,0,347.000
2223,3615,2,261,1566,2736,4096,400,86,0,372.000
2224,3616,2,271,1626,2736,4096,0,86,0,333.000
2225,3617,2,274,1644,2736,4096,400,86,0,646.000
2226,3618,2,278,1668,2736,4096,0,86,0,512.600
2227,3619,2,273,1638,2736,4096,400,86,0,431.000
2228,3620,2,274,1644,2736,4096,0,86,0,411.800
2229,3621,2,278,1668,2736,4096,400,86,0,418.300
2230,3622,2,281,1686,2736,4096,0,86,0,414.600
2231,3623,2,289,1734,2736,4096,400,86,0,470.000
2232,3624,2,302,1812,2736,4096,0,86,0,413.800
2233,3625,2,285,1710,2736,4096,400,86,0,371.000
2234,3626,2,285,1710,2736,4096,0,86,0,369.000
2235,3627,2,285,1710,2736,4096,400,86,0,385.100
2236,3628,2,297,1782,2736,4096,0,86,0,329.200
2237,3629,2,297,1782,2736,4096,400,86,0,491.700
2238,3630,2,294,1764,2736,4096,0,86,0,407.900
2239,3631,2,294,1764,2736,4096,400,86,0,425.300
2240,3632,2,294,1764,2736,4096,0,86,0,412.100
2241,3633,2,272,1632,2736,4096,400,86,0,365.600
2242,3634,2,273,1638,2736,4096,0,86,0,401.300
2243,3635,2,273,1638,2736,4096,400,86,0,348.500
2244,3636,2,270,1620,2736,4096,0,86,0,421.600
2245,3637,2,271,1626,2736,4096,400,86,0,450.900
2246,3638,2,271,1626,2736,4096,0,86,0,480.400
2247,3639,2,271,1626,2736,4096,400,86,0,416.400
2248,3640,2,268,1608,2736,4096,0,86,0,444.000
2249,3641,2,274,1644,2736,4096,400,86,0,444.600
2250,3642,2,276,1656,2736,4096,0,86,0,446.300
2251,3643,2,271,1626,2736,4096,400,86,0,385.900
2252,3644,2,275,1650,2736,4096,0,86,0,438.400
2253,3645,2,275,1650,2736,4096,400,86,0,327.700
2254,3646,2,275,1650,2736,4096,0,86,0,374.900
2255,3647,2,275,1650,2736,4096,400,86,0,283.100
2256,3648,2,277,1662,2736,4096,0,86,0,441.200
2257,3650,2,271,1626,2736,4096,400,86,0,471.300
2258,3651,2,273,1638,2736,4096,0,86,0,456.500
2259,3652,2,273,1638,2736,4096,400,86,0,382.400
2260,3653,2,273,1638,2736,4096,0,86,0,505.900
2261,3654,2,273,1638,2736,4096,400,86,0,334.900
2262,3655,2,273,1641,2736,4096,0,86,0,594.600
2263,3656,2,271,1629,2736,4096,400,86,0,430.700
2264,3657,2,269,1614,2736,4096,0,86,0,529.900
2265,3658,2,269,1614,2736,4096,400,86,0,446.200
2266,3659,2,269,1614,2736,4096,0,86,0,369.100
2267,3660,2,269,1614,2736,4096,400,86,0,574.800
2268,3661,2,269,1614,2736,4096,0,86,0,434.800
2269,3662,2,275,1650,2736,4096,400,86,0,492.200
2270,3663,2,275,1650,2736,4096,0,86,0,520.700
2271,3664,2,299,1794,2736,4096,400,86,0,365.600
2272,3665,2,299,1794,2736,4096,0,86,0,510.700
2273,3666,2,311,1866,2736,4096,400,86,0,375.600
2274,3667,2,317,1902,2736,4096,0,86,0,445.300
2275,3668,2,317,1902,2736,4096,400,86,0,294.900
2276,3669,2,315,1890,2736,4096,0,86,0,351.900
2277,3670,2,323,1938,2736,4096,400,86,0,433.000
2278,3671,2,310,1860,2736,4096,0,86,0,377.500
2279,3672,2,336,2016,2736,4096,400,86,0,456.700
2280,3673,2,319,1914,2736,4096,0,86,0,329.000
2281,3674,2,266,1596,2736,4096,400,86,0,300.100
2282,3675,2,272,1632,2736,4096,0,86,0,268.300
2283,3676,2,264,1584,2736,4096,400,86,0,403.800
2284,3677,2,240,1440,2736,4096,0,86,0,489.600
2285,3678,2,294,1764,2736,4096,400,86,0,550.000
2286,3679,2,290,1740,2736,4096,0,86,0,459.200
2287,3680,2,290,1740,2736,4096,400,86,0,445.800
2288,3681,2,289,1734,2736,4096,0,86,0,493.800
2289,3682,2,288,1728,2736,4096,400,86,0,330.500
2290,3683,2,286,1716,2736,4096,0,86,0,424.200
2291,3684,2,274,1644,2736,4096,400,86,0,404.700
2292,3685,2,264,1584,2736,4096,0,86,0,363.900
2293,3686,2,258,1548,2736,4096,400,86,0,426.200
2294,3687,2,276,1656,2736,4096,0,86,0,285.100
2295,3688,2,273,1638,2736,4096,400,86,0,389.900
2296,3689,2,276,1656,2736,4096,0,86,0,398.600
2297,3690,2,271,1626,2736,4096,400,86,0,303.400
2298,3691,2,273,1638,2736,4096,0,86,0,451.300
2299,3692,2,287,1722,2736,4096,400,86,0,517.400
2300,3693,2,281,1686,2736,4096,0,86,0,374.100
2301,3694,2,273,1638,2736,4096,400,86,0,373.200
2302,3695,2,264,1584,2736,4096,0,86,0,255.900
2303,3696,2,244,1464,2736,4096,400,86,0,462.000
2304,3697,2,231,1386,2736,4096,0,86,0,356.000
2305,3698,2,147,882,2736,4096,400,86,0,404.900
2306,3699,2,119,714,2736,4096,0,86,0,291.000
2307,3700,2,120,720,2736,4096,400,86,0,347.000
2308,3701,2,149,894,2736,4096,0,86,0,372.900
2309,3702,2,202,1215,2736,4096,400,86,0,446.100
2310,3703,2,194,1167,2736,4096,0,86,0,426.400
2311,3704,2,205,1233,2736,4096,400,86,0,400.700
2312,3705,2,189,1137,2736,4096,0,86,0,375.600
2313,3706,2,187,1125,2736,4096,400,86,0,401.500
2314,3707,2,196,1179,2736,4096,0,86,0,389.100
2315,3708,2,196,1185,2736,4096,400,86,0,400.600
2316,3709,2,148,891,2736,4096,0,86,0,315.900
2317,3710,2,115,690,2736,4096,400,86,0,396.100
2318,3711,2,130,780,2736,4096,0,86,0,369.600
2319,3712,2,137,822,2736,4096,400,86,0,277.700
2320,3714,2,136,816,2736,4096,0,86,0,323.000
2321,3715,2,134,804,2736,4096,400,86,0,386.200
2322,3716,2,126,756,2736,4096,0,86,0,372.600
2323,3717,2,105,630,2736,4096,400,86,0,389.900
2324,3718,2,107,645,2736,4096,0,86,0,303.500
2325,3719,2,101,606,2736,4096,400,86,0,407.700
2326,3720,2,101,606,2736,4096,0,86,0,593.200
2327,3721,2,102,612,2736,4096,400,86,0,342.000
2328,3722,2,108,648,2736,4096,0,86,0,333.000
2329,3723,2,108,648,2736,4096,400,86,0,336.200
2330,3724,2,118,708,2736,4096,0,86,0,327.300
2331,3725,2,141,843,2736,4096,400,86,0,385.000
2332,3726,2,115,690,2736,4096,0,86,0,305.100
2333,3727,2,119,714,2736,4096,400,86,0,335.200
2334,3728,2,122,732,2736,4096,0,86,0,220.600
2335,3729,2,122,732,2736,4096,400,86,0,287.600
2336,3730,2,152,912,2736,4096,0,86,0,380.900
2337,3731,2,158,948,2736,4096,400,86,0,338.400
2338,3732,2,142,852,2736,4096,0,86,0,362.700
2339,3733,2,148,888,2736,4096,400,86,0,325.900
2340,3734,2,147,882,2736,4096,0,86,0,357.300
2341,3735,2,153,918,2736,4096,400,86,0,470.300
2342,3736,2,154,924,2736,4096,0,86,0,317.200
2343,3737,2,154,924,2736,4096,400,86,0,454.800
2344,3738,2,156,936,2736,4096,0,86,0,324.800
2345,3739,2,160,960,2736,4096,400,86,0,280.100
2346,3740,2,207,1242,2736,4096,0,86,0,274.700
2347,3741,2,214,1284,2736,4096,400,86,0,378.500
2348,3742,2,215,1290,2736,4096,0,86,0,404.600
2349,3743,2,197,1182,2736,4096,400,86,0,234.500
2350,3744,2,192,1152,2736,4096,0,86,0,464.300
2351,3745,2,209,1257,2736,4096,400,86,0,381.300
2352,3746,2,205,1227,2736,4096,0,86,0,321.800
2353,3747,2,182,1089,2736,4096,400,86,0,329.200
2354,3748,2,208,1245,2736,4096,0,86,0,346.900
2355,3749,2,202,1215,2736,4096,400,86,0,568.400
2356,3750,2,180,1080,2736,4096,0,86,0,347.500
2357,3751,2,193,1161,2736,4096,400,86,0,486.400
2358,3752,2,208,1251,2736,4096,0,86,0,296.800
2359,3753,2,194,1167,2736,4096,400,86,0,379.600
2360,3754,2,214,1287,2736,4096,0,86,0,452.700
2361,3755,2,241,1449,2736,4096,400,86,0,279.200
2362,3756,2,266,1599,2736,4096,0,86,0,349.200
2363,3757,2,268,1611,2736,4096,400,86,0,447.600
2364,3758,2,276,1659,2736,4096,0,86,0,396.200
2365,3759,2,283,1701,2736,4096,400,86,0,392.400
2366,3760,2,326,1959,2736,4096,0,86,0,436.600
2367,3761,2,320,1920,2736,4096,400,86,0,348.100
2368,3762,2,354,2124,2736,4096,0,86,0,291.200
2369,3763,2,357,2142,2736,4096,400,86,0,382.600
2370,3764,2,350,2100,2736,4096,0,86,0,350.800
2371,3765,2,374,2244,2736,4096,400,86,0,337.500
2372,3766,2,380,2280,2736,4096,0,86,0,541.800
2373,3767,2,382,2292,2736,4096,400,86,0,535.700
2374,3768,2,432,2592,2736,4096,0,86,0,472.800
2375,3769,2,454,2724,2736,4096,400,86,0,492.300
2376,3770,2,437,2622,2736,4096,0,86,0,426.100
2377,3771,2,408,2448,2736,4096,400,86,0,354.700
2378,3772,2,375,2250,2736,4096,0,86,0,290.100
2379,3773,2,374,2244,2736,4096,400,86,0,460.400
2380,3774,2,321,1926,2736,4096,0,86,0,329.200
2381,3775,2,347,2082,2736,4096,400,86,0,451.000
2382,3776,2,313,1878,2736,4096,0,86,0,396.800
2383,3777,2,304,1827,2736,4096,400,86,0,328.900
2384,3778,2,298,1794,2736,4096,0,86,0,373.800
2385,3779,2,404,2430,2736,4096,400,86,0,438.000
2386,3780,2,343,2061,2736,4096,0,86,0,570.700
2387,3781,2,337,2022,2736,4096,400,86,0,327.300
2388,3782,2,323,1938,2736,4096,0,86,0,416.700
2389,3783,2,324,1944,2736,4096,400,86,0,419.500
2390,3784,2,328,1968,2736,4096,0,86,0,313.200
2391,3785,2,415,2490,2736,4096,400,86,0,306.700
2392,3786,2,411,2466,2736,4096,0,86,0,398.800
2393,3787,2,432,2592,2736,4096,400,86,0,444.700
2394,3788,2,384,2304,2736,4096,0,86,0,542.700
2395,3789,2,369,2214,2736,4096,400,86,0,423.900
2396,3790,2,346,2076,2736,4096,0,86,0,352.700
2397,3791,2,371,2226,2736,4096,400,86,0,447.900
2398,3792,2,390,2340,2736,4096,0,86,0,418.500
2399,3793,2,395,2370,2736,4096,400,86,0,446.100
2400,3794,2,409,2454,2736,4096,0,86,0,338.700
2401,3795,2,401,2406,2736,4096,400,86,0,434.300
2402,3796,2,412,2472,2736,4096,0,86,0,380.600
2403,3797,2,353,2118,2736,4096,400,86,0,490.800
2404,3798,2,369,2217,2736,4096,0,86,0,540.500
2405,3800,2,305,1833,2736,4096,400,86,0,512.000
2406,3801,2,339,2037,2736,4096,0,86,0,400.500
2407,3802,2,385,2313,2736,4096,400,86,0,431.400
2408,3803,2,431,2595,2736,4096,0,86,0,522.800
2409,3804,2,382,2295,2736,4096,400,86,0,501.600
2410,3805,2,360,2160,2736,4096,0,86,0,614.500
2411,3807,2,370,2220,2736,4096,400,86,0,385.000
2412,3808,2,372,2232,2736,4096,0,86,0,340.500
2413,3809,2,374,2244,2736,4096,400,86,0,401.200
2414,3810,2,344,2064,2736,4096,0,86,0,364.400
2415,3811,2,390,2340,2736,4096,400,86,0,490.000
2416,3812,2,443,2658,2736,4096,0,86,0,449.700
2417,3813,2,404,2424,2736,4096,400,86,0,455.600
2418,3814,2,422,2535,2736,4096,0,86,0,390.700
2419,3815,2,440,2643,2736,4096,400,86,0,462.300
2420,3816,2,414,2487,2736,4096,0,86,0,411.300
2421,3817,2,411,2466,2736,4096,400,86,0,365.700
2422,3818,2,399,2394,2736,4096,0,86,0,432.600
2423,3819,2,383,2301,2736,4096,400,86,0,454.100
2424,3820,2,370,2223,2736,4096,0,86,0,379.000
2425,3821,2,382,2292,2736,4096,400,86,0,394.200
2426,3822,2,436,2616,2736,4096,0,86,0,430.400
2427,3823,2,423,2538,2736,4096,400,86,0,466.600
2428,3824,2,401,2406,2736,4096,0,86,0,401.900
2429,3825,2,347,2082,2736,4096,400,86,0,397.900
2430,3826,2,334,2004,2736,4096,0,86,0,410.900
2431,3827,2,342,2052,2736,4096,400,86,0,610.500
2432,3828,2,285,1710,2736,4096,0,86,0,436.500
2433,3829,2,309,1854,2736,4096,400,86,0,504.100
2434,3830,2,317,1905,2736,4096,0,86,0,620.900
2435,3831,2,308,1851,2736,4096,400,86,0,562.600
2436,3832,2,315,1893,2736,4096,0,86,0,458.600
2437,3833,2,319,1917,2736,4096,400,86,0,379.600
2438,3834,2,324,1947,2736,4096,0,86,0,465.000
2439,3835,2,294,1764,2736,4096,400,86,0,562.800
2440,3836,2,274,1644,2736,4096,0,86,0,410.800
2441,3837,2,280,1680,2736,4096,400,86,0,640.500
2442,3838,2,328,1968,2736,4096,0,86,0,548.800
2443,3839,2,307,1842,2736,4096,400,86,0,361.500
2444,3840,2,255,1533,2736,4096,0,86,0,844.700
2445,3841,2,231,1386,2736,4096,400,86,0,474.300
2446,3842,2,337,2022,2736,4096,0,86,0,501.200
2447,3843,2,363,2178,2736,4096,400,86,0,508.600
2448,3844,2,349,2094,2736,4096,0,86,0,434.000
2449,3845,2,357,2142,2736,4096,400,86,0,468.800
2450,3846,2,343,2058,2736,4096,0,86,0,398.700
2451,3847,2,349,2094,2736,4096,400,86,0,431.400
2452,3848,2,351,2106,2736,4096,0,86,0,432.500
2453,3849,2,319,1914,2736,4096,400,86,0,519.100
2454,3850,2,319,1914,2736,4096,0,86,0,491.000
2455,3851,2,311,1869,2736,4096,400,86,0,445.400
2456,3852,2,315,1893,2736,4096,0,86,0,417.900
2457,3853,2,316,1899,2736,4096,400,86,0,442.400
2458,3854,2,318,1911,2736,4096,0,86,0,416.200
2459,3855,2,307,1842,2736,4096,400,86,0,434.900
2460,3856,2,315,1890,2736,4096,0,86,0,443.000
2461,3857,2,321,1926,2736,4096,400,86,0,398.900
2462,3858,2,424,2544,2736,4096,0,86,0,414.800
2463,3859,2,423,2538,2736,4096,400,86,0,407.600
2464,3860,2,384,2304,2736,4096,0,86,0,555.900
2465,3861,2,387,2325,2736,4096,400,86,0,465.000
2466,3862,2,381,2286,2736,4096,0,86,0,626.600
2467,3863,2,381,2286,2736,4096,400,86,0,327.000
2468,3864,2,379,2274,2736,4096,0,86,0,459.000
2469,3865,2,332,1992,2736,4096,400,86,0,419.000
2470,3866,2,260,1560,2736,4096,0,86,0,600.300
2471,3867,2,240,1440,2736,4096,400,86,0,350.200
2472,3868,2,240,1440,2736,4096,0,86,0,466.700
2473,3869,2,237,1422,2736,4096,400,86,0,418.900
2474,3870,2,237,1422,2736,4096,0,86,0,486.200
2475,3871,2,252,1512,2736,4096,400,86,0,438.500
2476,3872,2,243,1458,2736,4096,0,86,0,356.700
2477,3873,2,237,1422,2736,4096,400,86,0,492.000
2478,3874,2,239,1434,2736,4096,0,86,0,434.200
2479,3875,2,234,1404,2736,4096,400,86,0,445.500
2480,3876,2,228,1368,2736,4096,0,86,0,411.600
2481,3877,2,228,1368,2736,4096,400,86,0,492.000
2482,3878,2,228,1368,2736,4096,0,86,0,433.400
2483,3879,2,225,1350,2736,4096,400,86,0,473.600
2484,3880,2,225,1350,2736,4096,0,86,0,542.100
2485,3881,2,233,1398,2736,4096,400,86,0,475.400
2486,3882,2,228,1368,2736,4096,0,86,0,655.400
2487,3883,2,234,1404,2736,4096,400,86,0,443.000
2488,3884,2,230,1380,2736,4096,0,86,0,443.600
2489,3885,2,230,1380,2736,4096,400,86,0,386.600
2490,3886,2,228,1368,2736,4096,0,86,0,461.400
2491,3887,2,228,1368,2736,4096,400,86,0,636.800
2492,3888,2,225,1350,2736,4096,0,86,0,628.400
2493,3889,2,225,1350,2736,4096,400,86,0,411.700
2494,3890,2,237,1422,2736,4096,0,86,0,402.300
2495,3891,2,248,1488,2736,4096,400,86,0,673.900
2496,3892,2,243,1458,2736,4096,0,86,0,456.200
2497,3893,2,237,1422,2736,4096,400,86,0,353.600
2498,3894,2,237,1422,2736,4096,0,86,0,477.300
2499,3895,2,237,1422,2736,4096,400,86,0,408.500
2500,3896,2,237,1422,2736,4096,0,86,0,363.600
2501,3897,2,237,1422,2736,4096,400,86,0,441.300
2502,3898,2,234,1404,2736,4096,0,86,0,366.400
2503,3899,2,256,1536,2736,4096,400,86,0,401.600
2504,3900,2,262,1572,2736,4096,0,86,0,859.300
2505,3901,2,262,1572,2736,4096,400,86,0,379.300
2506,3902,2,272,1632,2736,4096,0,86,0,419.300
2507,3903,2,280,1680,2736,4096,400,86,0,377.200
2508,3904,2,280,1680,2736,4096,0,86,0,565.000
2509,3905,2,280,1680,2736,4096,400,86,0,521.600
2510,3906,2,280,1680,2736,4096,0,86,0,353.500
2511,3907,2,271,1626,2736,4096,400,86,0,414.600
2512,3908,2,271,1626,2736,4096,0,86,0,467.400
2513,3910,2,277,1662,2736,4096,400,86,0,503.600
2514,3911,2,271,1626,2736,4096,0,86,0,593.700
2515,3912,2,271,1626,2736,4096,400,86,0,494.400
2516,3913,2,263,1578,2736,4096,0,86,0,502.800
2517,3914,2,263,1578,2736,4096,400,86,0,304.400
2518,3915,2,282,1692,2736,4096,0,86,0,266.700
2519,3916,2,284,1704,2736,4096,400,86,0,325.800
2520,3917,2,257,1542,2736,4096,0,86,0,495.700
2521,3918,2,263,1578,2736,4096,400,86,0,454.500
2522,3919,2,263,1578,2736,4096,0,86,0,449.300
2523,3920,2,258,1548,2736,4096,400,86,0,420.200
2524,3921,2,258,1548,2736,4096,0,86,0,354.400
2525,3922,2,246,1476,2736,4096,400,86,0,310.500
2526,3923,2,341,2052,2736,4096,0,86,0,405.800
2527,3924,2,249,1494,2736,4096,400,86,0,372.200
2528,3925,2,249,1494,2736,4096,0,86,0,410.400
2529,3926,2,249,1494,2736,4096,400,86,0,412.200
2530,3927,2,255,1530,2736,4096,0,86,0,425.400
2531,3928,2,261,1566,2736,4096,400,86,0,570.700
2532,3929,2,257,1542,2736,4096,0,86,0,461.500
2533,3930,2,259,1554,2736,4096,400,86,0,393.100
2534,3931,2,259,1554,2736,4096,0,86,0,357.700
2535,3932,2,259,1554,2736,4096,400,86,0,813.300
2536,3933,2,267,1602,2736,4096,0,86,0,497.000
2537,3934,2,259,1554,2736,4096,400,86,0,471.400
2538,3935,2,275,1647,2736,4096,0,86,0,443.100
2539,3936,2,265,1590,2736,4096,400,86,0,494.100
2540,3937,2,265,1590,2736,4096,0,86,0,398.800
2541,3938,2,270,1620,2736,4096,400,86,0,429.800
2542,3939,2,267,1602,2736,4096,0,86,0,492.800
2543,3940,2,267,1602,2736,4096,400,86,0,523.300
2544,3941,2,267,1602,2736,4096,0,86,0,379.500
2545,3942,2,267,1602,2736,4096,400,86,0,529.700
2546,3943,2,272,1632,2736,4096,0,86,0,365.800
2547,3944,2,267,1602,2736,4096,400,86,0,486.600
2548,3945,2,273,1638,2736,4096,0,86,0,392.900
2549,3946,2,269,1614,2736,4096,400,86,0,332.100
2550,3947,2,269,1614,2736,4096,0,86,0,537.800
2551,3948,2,267,1602,2736,4096,400,86,0,368.600
2552,3949,2,267,1602,2736,4096,0,86,0,552.800
2553,3950,2,267,1602,2736,4096,400,86,0,565.600
2554,3951,2,272,1632,2736,4096,0,86,0,501.300
2555,3952,2,267,1602,2736,4096,400,86,0,418.200
2556,3953,2,275,1650,2736,4096,0,86,0,487.700
2557,3954,2,273,1638,2736,4096,400,86,0,393.100
2558,3955,2,267,1602,2736,4096,0,86,0,428.400
2559,3956,2,267,1602,2736,4096,400,86,0,409.500
2560,3957,2,269,1614,2736,4096,0,86,0,622.200
2561,3958,2,271,1626,2736,4096,400,86,0,507.500
2562,3959,2,276,1656,2736,4096,0,86,0,459.800
2563,3960,2,269,1614,2736,4096,400,86,0,715.900
2564,3961,2,269,1614,2736,4096,0,86,0,434.400
2565,3962,2,275,1650,2736,4096,400,86,0,410.500
2566,3963,2,275,1650,2736,4096,0,86,0,380.500
2567,3964,2,269,1614,2736,4096,400,86,0,637.600
2568,3965,2,269,1614,2736,4096,0,86,0,418.500
2569,3966,2,269,1614,2736,4096,400,86,0,473.900
2570,3967,2,286,1716,2736,4096,0,86,0,552.300
2571,3968,2,281,1686,2736,4096,400,86,0,379.800
2572,3969,2,289,1734,2736,4096,0,86,0,505.100
2573,3970,2,269,1614,2736,4096,400,86,0,470.400
2574,3971,2,275,1650,2736,4096,0,86,0,433.200
2575,3972,2,269,1614,2736,4096,400,86,0,363.800
2576,3973,2,269,1614,2736,4096,0,86,0,403.800
2577,3974,2,269,1614,2736,4096,400,86,0,658.700
2578,3975,2,274,1644,2736,4096,0,86,0,368.500
2579,3976,2,269,1614,2736,4096,400,86,0,492.300
2580,3977,2,269,1614,2736,4096,0,86,0,426.600
2581,3978,2,269,1614,2736,4096,400,86,0,372.100
2582,3979,2,275,1650,2736,4096,0,86,0,386.500
2583,3980,2,269,1614,2736,4096,400,86,0,377.500
2584,3981,2,269,1614,2736,4096,0,86,0,326.300
2585,3982,2,269,1614,2736,4096,400,86,0,495.500
2586,3983,2,269,1614,2736,4096,0,86,0,435.600
2587,3984,2,269,1614,2736,4096,400,86,0,610.000
2588,3985,2,269,1614,2736,4096,0,86,0,548.800
2589,3986,2,277,1662,2736,4096,400,86,0,475.700
2590,3987,2,275,1650,2736,4096,0,86,0,402.300
2591,3988,2,269,1614,2736,4096,400,86,0,515.200
2592,3989,2,269,1614,2736,4096,0,86,0,531.700
2593,3990,2,269,1614,2736,4096,400,86,0,490.400
2594,3991,2,269,1614,2736,4096,0,86,0,422.600
2595,3992,2,274,1644,2736,4096,400,86,0,327.900
2596,3993,2,269,1614,2736,4096,0,86,0,324.700
2597,3994,2,269,1614,2736,4096,400,86,0,369.800
2598,3995,2,275,1650,2736,4096,0,86,0,373.800
2599,3996,2,269,1614,2736,4096,400,86,0,437.700
2600,3997,2,269,1614,2736,4096,0,86,0,409.600
2601,3998,2,269,1614,2736,4096,400,86,0,289.400
2602,3999,2,269,1614,2736,4096,0,86,0,284.300
2603,4000,2,274,1644,2736,4096,400,86,0,417.700
2604,4001,2,272,1632,2736,4096,0,86,0,411.300
2605,4002,2,288,1725,2736,4096,400,86,0,296.000
2606,4003,2,277,1662,2736,4096,0,86,0,448.600
2607,4004,2,271,1626,2736,4096,400,86,0,415.800
2608,4005,2,271,1626,2736,4096,0,86,0,529.700
2609,4006,2,271,1626,2736,4096,400,86,0,429.900
2610,4007,2,271,1626,2736,4096,0,86,0,387.100
2611,4008,2,274,1644,2736,4096,400,86,0,408.500
2612,4009,2,274,1644,2736,4096,0,86,0,426.000
2613,4010,2,274,1644,2736,4096,400,86,0,447.300
2614,4011,2,280,1680,2736,4096,0,86,0,402.300
2615,4012,2,280,1680,2736,4096,400,86,0,617.300
2616,4013,2,274,1644,2736,4096,0,86,0,407.500
2617,4014,2,274,1644,2736,4096,400,86,0,490.600
2618,4015,2,271,1626,2736,4096,0,86,0,390.400
2619,4016,2,271,1626,2736,4096,400,86,0,580.600
2620,4017,2,271,1626,2736,4096,0,86,0,417.500
2621,4018,2,287,1719,2736,4096,400,86,0,473.000
2622,4019,2,265,1590,2736,4096,0,86,0,454.700
2623,4020,2,271,1626,2736,4096,400,86,0,537.600
2624,4021,2,265,1590,2736,4096,0,86,0,312.000
2625,4022,2,267,1602,2736,4096,400,86,0,419.400
2626,4023,2,267,1602,2736,4096,0,86,0,412.000
2627,4024,2,261,1566,2736,4096,400,86,0,506.100
2628,4025,2,261,1566,2736,4096,0,86,0,322.900
2629,4026,2,261,1566,2736,4096,400,86,0,515.900
2630,4027,2,261,1566,2736,4096,0,86,0,368.900
2631,4028,2,279,1674,2736,4096,400,86,0,361.200
2632,4029,2,271,1626,2736,4096,0,86,0,504.000
2633,4030,2,271,1626,2736,4096,400,86,0,413.300
2634,4031,2,273,1641,2736,4096,0,86,0,469.600
2635,4032,2,276,1656,2736,4096,400,86,0,530.700
2636,4033,2,267,1602,2736,4096,0,86,0,489.400
2637,4034,2,267,1602,2736,4096,400,86,0,549.000
2638,4035,2,271,1623,2736,4096,0,86,0,510.600
2639,4036,2,261,1566,2736,4096,400,86,0,556.300
2640,4037,2,255,1530,2736,4096,0,86,0,430.200
2641,4038,2,255,1530,2736,4096,400,86,0,570.200
2642,4039,2,255,1530,2736,4096,0,86,0,381.800
2643,4040,2,260,1560,2736,4096,400,86,0,356.400
2644,4041,2,255,1530,2736,4096,0,86,0,257.600
2645,4042,2,255,1530,2736,4096,400,86,0,514.800
2646,4043,2,255,1530,2736,4096,0,86,0,449.200
2647,4044,2,267,1602,2736,4096,400,86,0,460.000
2648,4045,2,261,1566,2736,4096,0,86,0,529.400
2649,4046,2,263,1578,2736,4096,400,86,0,466.600
2650,4047,2,263,1578,2736,4096,0,86,0,377.100
2651,4048,2,268,1608,2736,4096,400,86,0,486.900
2652,4049,2,273,1638,2736,4096,0,86,0,471.900
2653,4050,2,263,1578,2736,4096,400,86,0,343.300
2654,4051,2,255,1530,2736,4096,0,86,0,600.100
2655,4052,2,246,1476,2736,4096,400,86,0,402.900
2656,4053,2,252,1512,2736,4096,0,86,0,394.100
2657,4054,2,246,1476,2736,4096,400,86,0,347.300
2658,4055,2,251,1509,2736,4096,0,86,0,448.600
2659,4056,2,245,1470,2736,4096,400,86,0,454.700
2660,4057,2,253,1518,2736,4096,0,86,0,367.800
2661,4058,2,253,1518,2736,4096,400,86,0,464.700
2662,4059,2,253,1518,2736,4096,0,86,0,493.500
2663,4060,2,253,1518,2736,4096,400,86,0,458.200
2664,4061,2,259,1554,2736,4096,0,86,0,398.000
2665,4062,2,247,1482,2736,4096,400,86,0,356.500
2666,4063,2,249,1497,2736,4096,0,86,0,406.400
2667,4064,2,248,1488,2736,4096,400,86,0,361.200
2668,4065,2,248,1488,2736,4096,0,86,0,456.000
2669,4066,2,259,1554,2736,4096,400,86,0,261.100
2670,4067,2,261,1566,2736,4096,0,86,0,402.900
2671,4068,2,264,1584,2736,4096,400,86,0,268.800
2672,4069,2,272,1632,2736,4096,0,86,0,392.600
2673,4070,2,264,1584,2736,4096,400,86,0,387.100
2674,4071,2,272,1632,2736,4096,0,86,0,374.600
2675,4072,2,274,1644,2736,4096,400,86,0,425.400
2676,4073,2,273,1638,2736,4096,0,86,0,460.100
2677,4074,2,273,1638,2736,4096,400,86,0,458.800
2678,4075,2,273,1638,2736,4096,0,86,0,703.900
2679,4076,2,346,2076,2736,4096,400,86,0,371.600
2680,4077,2,352,2112,2736,4096,0,86,0,403.900
2681,4078,2,347,2085,2736,4096,400,86,0,566.300
2682,4079,2,344,2064,2736,4096,0,86,0,504.700
2683,4080,2,344,2064,2736,4096,400,86,0,807.700
2684,4081,2,336,2016,2736,4096,0,86,0,425.400
2685,4082,2,335,2010,2736,4096,400,86,0,344.300
2686,4083,2,333,1998,2736,4096,0,86,0,417.800
2687,4084,2,373,2238,2736,4096,400,86,0,612.200
2688,4085,2,377,2262,2736,4096,0,86,0,534.400
2689,4086,2,389,2337,2736,4096,400,86,0,466.200
2690,4087,2,375,2250,2736,4096,0,86,0,397.600
2691,4088,2,433,2598,2736,4096,400,86,0,406.300
2692,4089,2,325,1950,2736,4096,0,86,0,350.100
2693,4090,2,323,1938,2736,4096,400,86,0,351.200
2694,4091,2,343,2058,2736,4096,0,86,0,381.600
2695,4092,2,346,2076,2736,4096,400,86,0,377.500
2696,4093,2,354,2124,2736,4096,0,86,0,324.900
2697,4094,2,319,1914,2736,4096,400,86,0,456.200
2698,4095,2,314,1884,2736,4096,0,86,0,318.300
2699,4096,2,316,1896,2736,4096,400,86,0,462.700
2700,4097,2,314,1884,2736,4096,0,86,0,564.400
2701,4098,2,311,1866,2736,4096,400,86,0,423.600
2702,4099,2,311,1866,2736,4096,0,86,0,417.300
2703,4100,2,308,1848,2736,4096,400,86,0,406.500
2704,4101,2,316,1899,2736,4096,0,86,0,404.600
2705,4102,2,308,1848,2736,4096,400,86,0,509.100
2706,4103,2,254,1524,2736,4096,0,86,0,383.800
2707,4104,2,252,1512,2736,4096,400,86,0,259.900
2708,4105,2,248,1488,2736,4096,0,86,0,467.600
2709,4106,2,249,1494,2736,4096,400,86,0,463.600
2710,4107,2,245,1470,2736,4096,0,86,0,374.600
2711,4108,2,252,1512,2736,4096,400,86,0,539.200
2712,4109,2,269,1614,2736,4096,0,86,0,347.100
2713,4110,2,317,1902,2736,4096,400,86,0,309.700
2714,4111,2,315,1890,2736,4096,0,86,0,430.100
2715,4112,2,316,1896,2736,4096,400,86,0,359.300
2716,4113,2,305,1830,2736,4096,0,86,0,343.700
2717,4114,2,305,1830,2736,4096,400,86,0,326.000
2718,4115,2,316,1896,2736,4096,0,86,0,326.000
2719,4116,2,313,1878,2736,4096,400,86,0,339.600
2720,4117,2,315,1890,2736,4096,0,86,0,321.400
2721,4118,2,328,1968,2736,4096,400,86,0,348.800
2722,4119,2,312,1872,2736,4096,0,86,0,394.200
2723,4120,2,312,1875,2736,4096,400,86,0,408.100
2724,4121,2,314,1887,2736,4096,0,86,0,343.000
2725,4122,2,313,1881,2736,4096,400,86,0,347.400
2726,4123,2,316,1899,2736,4096,0,86,0,476.200
2727,4124,2,308,1851,2736,4096,400,86,0,433.500
2728,4125,2,303,1821,2736,4096,0,86,0,399.200
2729,4126,2,351,2109,2736,4096,400,86,0,368.200
2730,4127,2,339,2037,2736,4096,0,86,0,368.600
2731,4128,2,355,2133,2736,4096,400,86,0,365.700
2732,4129,2,336,2019,2736,4096,0,86,0,327.000
2733,4130,2,372,2238,2736,4096,400,86,0,343.000
2734,4131,2,364,2196,2736,4096,0,86,0,474.600
2735,4133,2,362,2187,2736,4096,400,86,0,502.000
2736,4135,2,479,2874,2736,4096,0,86,0,444.300
2737,4137,2,478,2868,2736,4096,400,86,0,567.900
2738,4139,2,495,2970,2736,4096,0,86,0,459.300
2739,4140,2,499,2994,2736,4096,400,86,0,502.900
2740,4141,2,458,2748,2736,4096,0,86,0,297.600
2741,4142,2,401,2406,2736,4096,400,86,0,352.800
2742,4143,2,404,2421,2736,4096,0,86,0,360.600
2743,4144,2,410,2460,2736,4096,400,86,0,512.600
2744,4145,2,399,2394,2736,4096,0,86,0,355.200
2745,4146,2,441,2646,2736,4096,400,86,0,340.000
2746,4147,2,512,3072,2736,4096,0,86,0,563.700
2747,4148,2,511,3066,2736,4096,400,86,0,366.800
2748,4149,2,561,3366,2736,4096,0,86,0,422.200
2749,4150,2,559,3354,2736,4096,400,86,0,433.200
2750,4151,2,586,3516,2736,4096,0,86,0,575.800
2751,4152,2,619,3711,2736,4096,400,86,0,496.900
2752,4153,2,495,2970,2736,4096,0,86,0,518.000
2753,4154,2,501,3006,2736,4096,400,86,0,397.000
2754,4155,2,529,3174,2736,4096,0,86,0,396.400
2755,4156,2,473,2838,2736,4096,400,86,0,405.500
2756,4157,2,414,2484,2736,4096,0,86,0,376.500
2757,4158,2,447,2682,2736,4096,400,86,0,396.600
2758,4159,2,481,2886,2736,4096,0,86,0,458.900
2759,4160,2,511,3063,2736,4096,400,86,0,416.300
2760,4161,2,512,3075,2736,4096,0,86,0,554.400
2761,4162,2,548,3288,2736,4096,400,86,0,452.200
2762,4163,2,553,3318,2736,4096,0,86,0,525.900
2763,4164,2,599,3594,2736,4096,400,86,0,392.500
2764,4165,2,598,3588,2736,4096,0,86,0,450.900
2765,4166,2,630,3780,2736,4096,400,86,0,386.500
2766,4167,2,613,3678,2736,4096,0,86,0,384.400
2767,4168,2,727,4362,2736,4096,400,86,0,539.900
2768,4169,2,727,4359,2736,4096,0,86,0,405.500
2769,4170,2,746,4476,2736,4096,400,86,0,488.400
2770,4171,2,726,4356,2736,4096,0,86,0,405.400
2771,4172,2,759,4554,2736,4096,400,86,0,307.900
2772,4173,2,709,4254,2736,4096,0,86,0,440.100
2773,4174,2,620,3720,2736,4096,400,86,0,491.500
2774,4175,2,540,3240,2736,4096,0,86,0,551.600
2775,4176,2,497,2985,2736,4096,400,86,0,424.500
2776,4177,2,417,2505,2736,4096,0,86,0,359.400
2777,4178,2,332,1989,2736,4096,400,86,0,517.100
2778,4179,2,299,1794,2736,4096,0,86,0,563.800
2779,4180,2,293,1758,2736,4096,400,86,0,403.500
2780,4181,2,252,1512,2736,4096,0,86,0,371.400
2781,4182,2,192,1152,2736,4096,400,86,0,440.300
2782,4183,2,183,1098,2736,4096,0,86,0,404.600
2783,4184,2,169,1014,2736,4096,400,86,0,584.000
2784,4185,2,162,972,2736,4096,0,86,0,476.200
2785,4186,2,125,750,2736,4096,400,86,0,351.200
2786,4187,2,124,744,2736,4096,0,86,0,427.500
2787,4188,2,125,750,2736,4096,400,86,0,504.900
2788,4189,2,122,732,2736,4096,0,86,0,408.200
2789,4190,2,114,684,2736,4096,400,86,0,525.300
2790,4191,2,79,474,2736,4096,0,86,0,328.700
2791,4192,2,41,246,2736,4096,400,86,0,405.900
2792,4193,2,41,246,2736,4096,0,86,0,439.100
2793,4194,2,41,246,2736,4096,400,86,0,419.000
2794,4195,2,29,174,2736,4096,0,86,0,428.100
2795,4196,2,26,156,2736,4096,400,86,0,387.900
2796,4197,2,26,156,2736,4096,0,86,0,374.600
2797,4198,2,30,180,2736,4096,400,86,0,321.100
2798,4199,2,20,120,2736,4096,0,86,0,348.400
2799,4200,2,20,120,2736,4096,400,86,0,609.500
2800,4201,2,15,90,2736,4096,0,86,0,360.000
2801,4202,2,15,90,2736,4096,400,86,0,407.700
2802,4203,2,31,186,2736,4096,0,86,0,363.500
2803,4205,2,23,138,2736,4096,400,86,0,398.100
2804,4206,2,14,84,2736,4096,0,86,0,363.500
2805,4207,2,25,150,2736,4096,400,86,0,407.500
2806,4208,2,25,150,2736,4096,0,86,0,368.100
2807,4209,2,25,150,2736,4096,400,86,0,368.900
2808,4210,2,25,150,2736,4096,0,86,0,581.900
2809,4211,2,27,165,2736,4096,400,86,0,624.800
2810,4212,2,33,201,2736,4096,0,86,0,452.500
2811,4213,2,33,201,2736,4096,400,86,0,361.100
2812,4214,2,31,186,2736,4096,0,86,0,368.000
2813,4215,2,21,126,2736,4096,400,86,0,333.100
2814,4216,2,13,78,2736,4096,0,86,0,435.900
2815,4217,2,13,78,2736,4096,400,86,0,372.100
2816,4218,2,13,78,2736,4096,0,86,0,273.400
2817,4219,2,16,96,2736,4096,400,86,0,429.900
2818,4220,2,12,72,2736,4096,0,86,0,330.300
2819,4221,2,12,72,2736,4096,400,86,0,366.200
2820,4222,2,14,84,2736,4096,0,86,0,357.200
2821,4223,2,20,120,2736,4096,400,86,0,363.500
2822,4224,2,20,120,2736,4096,0,86,0,403.700
2823,4225,2,20,120,2736,4096,400,86,0,407.300
2824,4226,2,14,84,2736,4096,0,86,0,387.000
2825,4227,2,26,156,2736,4096,400,86,0,322.800
2826,4228,2,37,222,2736,4096,0,86,0,425.400
2827,4229,2,34,204,2736,4096,400,86,0,378.500
2828,4230,2,22,132,2736,4096,0,86,0,300.200
2829,4231,2,25,150,2736,4096,400,86,0,359.900
2830,4232,2,25,150,2736,4096,0,86,0,509.800
2831,4233,2,25,150,2736,4096,400,86,0,432.500
2832,4234,2,38,231,2736,4096,0,86,0,438.700
2833,4235,2,44,267,2736,4096,400,86,0,431.600
2834,4236,2,28,171,2736,4096,0,86,0,440.000
2835,4237,2,22,135,2736,4096,400,86,0,393.600
2836,4238,2,19,114,2736,4096,0,86,0,389.500
2837,4239,2,100,600,2736,4096,400,86,0,390.900
2838,4240,2,92,552,2736,4096,0,86,0,312.900
2839,4242,2,92,552,2736,4096,400,86,0,365.000
2840,4243,2,95,570,2736,4096,0,86,0,383.700
2841,4244,2,94,567,2736,4096,400,86,0,555.000
2842,4245,2,93,561,2736,4096,0,86,0,454.600
2843,4246,2,99,597,2736,4096,400,86,0,496.900
2844,4247,2,105,636,2736,4096,0,86,0,344.800
2845,4248,2,16,99,2736,4096,400,86,0,409.400
2846,4249,2,14,87,2736,4096,0,86,0,421.400
2847,4250,2,20,123,2736,4096,400,86,0,435.600
2848,4251,2,10,63,2736,4096,0,86,0,373.200
2849,4252,2,16,99,2736,4096,400,86,0,340.600
2850,4253,2,19,117,2736,4096,0,86,0,393.300
2851,4254,2,15,93,2736,4096,400,86,0,449.100
2852,4255,2,12,75,2736,4096,0,86,0,538.800
2853,4256,2,15,90,2736,4096,400,86,0,459.100
2854,4257,2,21,129,2736,4096,0,86,0,735.800
2855,4258,2,19,114,2736,4096,400,86,0,463.600
2856,4259,2,27,162,2736,4096,0,86,0,453.000
2857,4260,2,47,282,2736,4096,400,86,0,601.700
2858,4261,2,62,372,2736,4096,0,86,0,448.700
2859,4262,2,117,702,2736,4096,400,86,0,373.100
2860,4263,2,130,780,2736,4096,0,86,0,366.900
2861,4264,2,157,942,2736,4096,400,86,0,533.200
2862,4265,2,196,1179,2736,4096,0,86,0,352.400
2863,4267,2,246,1476,2736,4096,400,86,0,358.100
2864,4268,2,251,1506,2736,4096,0,86,0,446.500
2865,4269,2,236,1416,2736,4096,400,86,0,469.500
2866,4270,2,262,1572,2736,4096,0,86,0,577.200
2867,4271,2,282,1692,2736,4096,400,86,0,411.700
2868,4272,2,328,1968,2736,4096,0,86,0,451.300
2869,4273,2,336,2016,2736,4096,400,86,0,377.600
2870,4274,2,356,2139,2736,4096,0,86,0,393.500
2871,4275,2,358,2148,2736,4096,400,86,0,471.600
2872,4276,2,366,2196,2736,4096,0,86,0,408.500
2873,4277,2,366,2196,2736,4096,400,86,0,484.300
2874,4278,2,367,2202,2736,4096,0,86,0,321.800
2875,4279,2,362,2172,2736,4096,400,86,0,383.200
2876,4280,2,358,2148,2736,4096,0,86,0,490.200
2877,4281,2,356,2136,2736,4096,400,86,0,448.300
2878,4282,2,365,2190,2736,4096,0,86,0,322.000
2879,4283,2,371,2229,2736,4096,400,86,0,497.900
2880,4284,2,366,2196,2736,4096,0,86,0,493.900
2881,4285,2,353,2118,2736,4096,400,86,0,496.000
2882,4286,2,350,2100,2736,4096,0,86,0,447.600
2883,4287,2,350,2100,2736,4096,400,86,0,500.000
2884,4288,2,349,2094,2736,4096,0,86,0,421.100
2885,4289,2,375,2250,2736,4096,400,86,0,401.200
2886,4290,2,381,2286,2736,4096,0,86,0,334.100
2887,4291,2,384,2304,2736,4096,400,86,0,384.500
2888,4292,2,376,2256,2736,4096,0,86,0,366.400
2889,4293,2,387,2325,2736,4096,400,86,0,353.000
2890,4294,2,373,2238,2736,4096,0,86,0,491.000
2891,4295,2,374,2244,2736,4096,400,86,0,434.300
2892,4296,2,376,2256,2736,4096,0,86,0,341.700
2893,4297,2,377,2262,2736,4096,400,86,0,615.300
2894,4298,2,360,2160,2736,4096,0,86,0,355.400
2895,4299,2,367,2202,2736,4096,400,86,0,496.700
2896,4300,2,367,2202,2736,4096,0,86,0,344.300
2897,4301,2,399,2394,2736,4096,400,86,0,482.900
2898,4302,2,408,2451,2736,4096,0,86,0,498.600
2899,4303,2,400,2400,2736,4096,400,86,0,418.300
2900,4304,2,419,2514,2736,4096,0,86,0,441.800
2901,4305,2,493,2958,2736,4096,400,86,0,379.500
2902,4306,2,531,3186,2736,4096,0,86,0,331.000
2903,4307,2,524,3144,2736,4096,400,86,0,442.300
2904,4308,2,516,3096,2736,4096,0,86,0,440.600
2905,4309,2,434,2604,2736,4096,400,86,0,459.400
2906,4310,2,372,2232,2736,4096,0,86,0,362.900
2907,4311,2,349,2094,2736,4096,400,86,0,420.800
2908,4312,2,300,1800,2736,4096,0,86,0,283.700
2909,4313,2,308,1851,2736,4096,400,86,0,440.500
2910,4314,2,282,1692,2736,4096,0,86,0,372.300
2911,4315,2,306,1836,2736,4096,400,86,0,389.700
2912,4316,2,245,1470,2736,4096,0,86,0,318.400
2913,4317,2,146,876,2736,4096,400,86,0,340.800
2914,4318,2,87,522,2736,4096,0,86,0,340.200
2915,4319,2,66,396,2736,4096,400,86,0,335.700
2916,4320,2,71,426,2736,4096,0,86,0,539.000
2917,4321,2,67,402,2736,4096,400,86,0,415.900
2918,4322,2,45,270,2736,4096,0,86,0,357.300
2919,4323,2,59,354,2736,4096,400,86,0,591.400
2920,4324,2,52,312,2736,4096,0,86,0,349.400
2921,4325,2,41,246,2736,4096,400,86,0,442.700
2922,4326,2,43,258,2736,4096,0,86,0,317.600
2923,4327,2,41,246,2736,4096,400,86,0,475.000
2924,4328,2,45,270,2736,4096,0,86,0,416.300
2925,4329,2,50,306,2736,4096,400,86,0,324.600
2926,4330,2,66,396,2736,4096,0,86,0,373.100
2927,4331,2,27,162,2736,4096,400,86,0,405.900
2928,4332,2,23,138,2736,4096,0,86,0,358.200
2929,4333,2,115,690,2736,4096,400,86,0,375.900
2930,4334,2,119,714,2736,4096,0,86,0,523.200
2931,4335,2,102,612,2736,4096,400,86,0,388.700
2932,4336,2,99,594,2736,4096,0,86,0,434.300
2933,4337,2,104,624,2736,4096,400,86,0,346.800
2934,4338,2,102,612,2736,4096,0,86,0,334.200
2935,4339,2,99,594,2736,4096,400,86,0,357.600
2936,4340,2,7,42,2736,4096,0,86,0,359.900
2937,4341,2,7,42,2736,4096,400,86,0,355.500
2938,4342,2,44,267,2736,4096,0,86,0,427.400
2939,4343,2,40,243,2736,4096,400,86,0,331.600
2940,4344,2,24,147,2736,4096,0,86,0,276.700
2941,4345,2,24,147,2736,4096,400,86,0,324.000
2942,4346,2,36,213,2736,4096,0,86,0,385.200
2943,4347,2,8,48,2736,4096,400,86,0,310.500
2944,4348,2,3,18,2736,4096,0,86,0,397.800
2945,4349,2,15,90,2736,4096,400,86,0,300.300
2946,4350,2,23,141,2736,4096,0,86,0,364.400
2947,4351,2,15,90,2736,4096,400,86,0,398.000
2948,4352,2,15,90,2736,4096,0,86,0,307.000
2949,4353,2,8,48,2736,4096,400,86,0,361.200
2950,4354,2,0,0,2736,4096,0,86,0,177.500
2951,4355,2,0,0,2736,4096,400,86,0,205.500
2952,4356,2,0,0,2736,4096,0,86,0,234.000
2953,4357,2,0,0,2736,4096,400,86,0,327.600
2954,4358,2,5,30,2736,4096,0,86,0,394.600
2955,4359,2,6,36,2736,4096,400,86,0,414.600
2956,4360,2,46,276,2736,4096,0,86,0,356.500
2957,4361,2,48,288,2736,4096,400,86,0,316.600
2958,4362,2,73,432,2736,4096,0,86,0,343.200
2959,4363,2,73,432,2736,4096,400,86,0,373.000
2960,4364,2,97,582,2736,4096,0,86,0,344.600
2961,4365,2,97,582,2736,4096,400,86,0,377.600
2962,4366,2,138,828,2736,4096,0,86,0,332.200
2963,4367,2,143,858,2736,4096,400,86,0,395.400
2964,4368,2,140,840,2736,4096,0,86,0,360.600
2965,4369,2,177,1062,2736,4096,400,86,0,422.400
2966,4370,2,173,1038,2736,4096,0,86,0,538.200
2967,4371,2,177,1062,2736,4096,400,86,0,315.600
2968,4372,2,183,1098,2736,4096,0,86,0,387.000
2969,4373,2,201,1206,2736,4096,400,86,0,430.800
2970,4374,2,201,1206,2736,4096,0,86,0,462.700
2971,4375,2,201,1206,2736,4096,400,86,0,427.500
2972,4376,2,201,1206,2736,4096,0,86,0,352.400
2973,4377,2,164,984,2736,4096,400,86,0,311.300
2974,4378,2,161,966,2736,4096,0,86,0,407.800
2975,4379,2,157,942,2736,4096,400,86,0,379.000
2976,4380,2,161,966,2736,4096,0,86,0,646.800
2977,4381,2,173,1038,2736,4096,400,86,0,493.300
2978,4382,2,211,1266,2736,4096,0,86,0,688.100
2979,4383,2,157,942,2736,4096,400,86,0,394.400
2980,4384,2,132,792,2736,4096,0,86,0,333.500
2981,4385,2,128,768,2736,4096,400,86,0,498.500
2982,4386,2,165,990,2736,4096,0,86,0,378.000
2983,4387,2,166,996,2736,4096,400,86,0,404.400
2984,4388,2,132,792,2736,4096,0,86,0,428.100
2985,4389,2,90,540,2736,4096,400,86,0,374.700
2986,4390,2,89,534,2736,4096,0,86,0,387.600
2987,4391,2,55,330,2736,4096,400,86,0,340.800
2988,4392,2,55,330,2736,4096,0,86,0,461.300
2989,4393,2,49,294,2736,4096,400,86,0,344.500
2990,4394,2,49,294,2736,4096,0,86,0,353.100
2991,4395,2,45,270,2736,4096,400,86,0,371.300
2992,4396,2,59,354,2736,4096,0,86,0,470.400
2993,4397,2,58,348,2736,4096,400,86,0,346.900
2994,4398,2,21,126,2736,4096,0,86,0,287.400
2995,4399,2,21,126,2736,4096,400,86,0,444.300
2996,4400,2,21,126,2736,4096,0,86,0,434.200
2997,4401,2,21,126,2736,4096,400,86,0,450.900
2998,4402,2,27,162,2736,4096,0,86,0,348.000
2999,4403,2,18,108,2736,4096,400,86,0,347.500
3000,4404,2,22,132,2736,4096,0,86,0,315.900
3001,4405,2,22,132,2736,4096,400,86,0,401.600
3002,4406,2,22,132,2736,4096,0,86,0,328.700
3003,4407,2,22,132,2736,4096,400,86,0,393.900
3004,4408,2,20,120,2736,4096,0,86,0,263.400
3005,4409,2,22,132,2736,4096,400,86,0,421.600
3006,4410,2,21,126,2736,4096,0,86,0,347.200
3007,4411,2,25,150,2736,4096,400,86,0,349.100
3008,4412,2,55,330,2736,4096,0,86,0,353.200
3009,4413,2,47,282,2736,4096,400,86,0,460.400
3010,4414,2,51,306,2736,4096,0,86,0,434.100
3011,4415,2,53,318,2736,4096,400,86,0,388.300
3012,4416,2,94,564,2736,4096,0,86,0,292.000
3013,4417,2,99,594,2736,4096,400,86,0,372.100
3014,4418,2,135,810,2736,4096,0,86,0,421.500
3015,4419,2,178,1068,2736,4096,400,86,0,382.700
3016,4420,2,211,1266,2736,4096,0,86,0,347.500
3017,4421,2,251,1506,2736,4096,400,86,0,401.600
3018,4422,2,284,1704,2736,4096,0,86,0,413.800
3019,4423,2,307,1842,2736,4096,400,86,0,490.200
3020,4424,2,301,1806,2736,4096,0,86,0,438.300
3021,4425,2,302,1812,2736,4096,400,86,0,293.200
3022,4426,2,286,1716,2736,4096,0,86,0,308.100
3023,4427,2,341,2046,2736,4096,400,86,0,351.100
3024,4428,2,301,1806,2736,4096,0,86,0,358.500
3025,4429,2,342,2052,2736,4096,400,86,0,410.300
3026,4430,2,340,2040,2736,4096,0,86,0,448.600
3027,4431,2,302,1812,2736,4096,400,86,0,378.800
3028,4432,2,299,1794,2736,4096,0,86,0,420.200
3029,4433,2,295,1770,2736,4096,400,86,0,493.200
3030,4434,2,330,1980,2736,4096,0,86,0,354.800
3031,4435,2,280,1680,2736,4096,400,86,0,423.700
3032,4436,2,279,1674,2736,4096,0,86,0,376.400
3033,4437,2,250,1503,2736,4096,400,86,0,372.500
3034,4438,2,250,1500,2736,4096,0,86,0,300.100
3035,4439,2,287,1722,2736,4096,400,86,0,421.400
3036,4440,2,299,1794,2736,4096,0,86,0,586.900
3037,4441,2,299,1794,2736,4096,400,86,0,535.200
3038,4442,2,265,1590,2736,4096,0,86,0,420.400
3039,4443,2,276,1659,2736,4096,400,86,0,478.300
3040,4444,2,276,1659,2736,4096,0,86,0,423.900
3041,4445,2,277,1665,2736,4096,400,86,0,414.200
3042,4446,2,280,1680,2736,4096,0,86,0,408.600
3043,4447,2,278,1668,2736,4096,400,86,0,347.000
3044,4448,2,325,1950,2736,4096,0,86,0,397.500
3045,4449,2,307,1842,2736,4096,400,86,0,354.500
3046,4450,2,270,1620,2736,4096,0,86,0,309.500
3047,4451,2,278,1668,2736,4096,400,86,0,365.600
3048,4452,2,315,1890,2736,4096,0,86,0,388.400
3049,4453,2,313,1878,2736,4096,400,86,0,451.700
3050,4454,2,363,2178,2736,4096,0,86,0,463.900
3051,4455,2,325,1950,2736,4096,400,86,0,301.600
3052,4456,2,323,1938,2736,4096,0,86,0,447.400
3053,4457,2,324,1944,2736,4096,400,86,0,465.800
3054,4458,2,366,2196,2736,4096,0,86,0,354.200
3055,4459,2,374,2244,2736,4096,400,86,0,301.800
3056,4460,2,376,2256,2736,4096,0,86,0,345.800
3057,4461,2,331,1986,2736,4096,400,86,0,339.000
3058,4462,2,365,2190,2736,4096,0,86,0,325.900
3059,4463,2,330,1980,2736,4096,400,86,0,376.700
3060,4464,2,312,1872,2736,4096,0,86,0,430.500
3061,4465,2,330,1980,2736,4096,400,86,0,393.700
3062,4466,2,329,1974,2736,4096,0,86,0,343.600
3063,4467,2,368,2208,2736,4096,400,86,0,373.300
3064,4468,2,337,2022,2736,4096,0,86,0,408.800
3065,4469,2,337,2022,2736,4096,400,86,0,417.400
3066,4470,2,321,1926,2736,4096,0,86,0,491.800
3067,4471,2,359,2154,2736,4096,400,86,0,358.700
3068,4472,2,355,2130,2736,4096,0,86,0,342.400
3069,4473,2,337,2022,2736,4096,400,86,0,289.500
3070,4474,2,355,2130,2736,4096,0,86,0,389.400
3071,4475,2,362,2172,2736,4096,400,86,0,340.400
3072,4476,2,398,2388,2736,4096,0,86,0,441.900
3073,4477,2,380,2280,2736,4096,400,86,0,463.900
3074,4478,2,412,2472,2736,4096,0,86,0,413.000
3075,4479,2,373,2238,2736,4096,400,86,0,465.800
3076,4480,2,359,2154,2736,4096,0,86,0,482.600
3077,4481,2,349,2094,2736,4096,400,86,0,360.200
3078,4482,2,302,1812,2736,4096,0,86,0,412.800
3079,4483,2,327,1962,2736,4096,400,86,0,445.100
3080,4484,2,282,1692,2736,4096,0,86,0,642.400
3081,4485,2,318,1908,2736,4096,400,86,0,429.800
3082,4486,2,257,1542,2736,4096,0,86,0,395.900
3083,4487,2,270,1620,2736,4096,400,86,0,441.900
3084,4488,2,265,1590,2736,4096,0,86,0,382.000
3085,4489,2,290,1740,2736,4096,400,86,0,431.900
3086,4490,2,265,1590,2736,4096,0,86,0,375.600
3087,4491,2,293,1758,2736,4096,400,86,0,406.900
3088,4492,2,294,1764,2736,4096,0,86,0,643.200
3089,4493,2,260,1560,2736,4096,400,86,0,355.000
3090,4494,2,245,1470,2736,4096,0,86,0,554.600
3091,4495,2,245,1470,2736,4096,400,86,0,462.000
3092,4496,2,249,1494,2736,4096,0,86,0,407.000
3093,4497,2,272,1632,2736,4096,400,86,0,502.600
3094,4498,2,272,1632,2736,4096,0,86,0,353.100
3095,4499,2,272,1632,2736,4096,400,86,0,327.900
3096,4500,2,272,1632,2736,4096,0,86,0,751.800
3097,4501,2,271,1626,2736,4096,400,86,0,497.300
3098,4502,2,271,1626,2736,4096,0,86,0,420.800
3099,4503,2,270,1620,2736,4096,400,86,0,372.200
3100,4504,2,270,1620,2736,4096,0,86,0,391.700
3101,4505,2,270,1620,2736,4096,400,86,0,276.700
3102,4506,2,278,1668,2736,4096,0,86,0,425.200
3103,4507,2,278,1668,2736,4096,400,86,0,387.000
3104,4509,2,288,1728,2736,4096,0,86,0,405.100
3105,4510,2,286,1716,2736,4096,400,86,0,564.000
3106,4511,2,286,1716,2736,4096,0,86,0,389.700
3107,4512,2,280,1680,2736,4096,400,86,0,349.500
3108,4513,2,280,1680,2736,4096,0,86,0,390.600
3109,4514,2,282,1692,2736,4096,400,86,0,507.400
3110,4515,2,281,1686,2736,4096,0,86,0,333.300
3111,4516,2,281,1686,2736,4096,400,86,0,383.500
3112,4517,2,281,1686,2736,4096,0,86,0,461.100
3113,4518,2,267,1602,2736,4096,400,86,0,428.500
3114,4519,2,267,1602,2736,4096,0,86,0,459.700
3115,4520,2,275,1650,2736,4096,400,86,0,354.000
3116,4521,2,275,1650,2736,4096,0,86,0,384.100
3117,4522,2,239,1434,2736,4096,400,86,0,241.500
3118,4523,2,231,1386,2736,4096,0,86,0,428.700
3119,4524,2,281,1686,2736,4096,400,86,0,471.000
3120,4525,2,267,1602,2736,4096,0,86,0,368.600
3121,4526,2,260,1560,2736,4096,400,86,0,327.800
3122,4527,2,298,1788,2736,4096,0,86,0,417.600
3123,4528,2,272,1632,2736,4096,400,86,0,503.100
3124,4529,2,263,1578,2736,4096,0,86,0,475.800
3125,4530,2,273,1638,2736,4096,400,86,0,464.900
3126,4531,2,277,1662,2736,4096,0,86,0,381.200
3127,4532,2,269,1614,2736,4096,400,86,0,351.500
3128,4533,2,314,1884,2736,4096,0,86,0,367.100
3129,4534,2,307,1842,2736,4096,400,86,0,388.100
3130,4535,2,299,1794,2736,4096,0,86,0,438.700
3131,4536,2,282,1692,2736,4096,400,86,0,389.800
3132,4537,2,297,1782,2736,4096,0,86,0,389.000
3133,4538,2,275,1650,2736,4096,400,86,0,370.700
3134,4539,2,275,1650,2736,4096,0,86,0,518.500
3135,4540,2,320,1920,2736,4096,400,86,0,494.900
3136,4541,2,307,1842,2736,4096,0,86,0,487.500
3137,4542,2,311,1866,2736,4096,400,86,0,434.200
3138,4543,2,290,1740,2736,4096,0,86,0,360.000
3139,4544,2,310,1860,2736,4096,400,86,0,503.500
3140,4545,2,310,1863,2736,4096,0,86,0,287.200
3141,4546,2,302,1812,2736,4096,400,86,0,427.000
3142,4547,2,315,1890,2736,4096,0,86,0,444.700
3143,4548,2,325,1950,2736,4096,400,86,0,375.500
3144,4549,2,344,2064,2736,4096,0,86,0,329.500
3145,4550,2,340,2040,2736,4096,400,86,0,586.300
3146,4551,2,332,1992,2736,4096,0,86,0,625.500
3147,4552,2,349,2094,2736,4096,400,86,0,705.300
3148,4553,2,349,2094,2736,4096,0,86,0,467.300
3149,4554,2,349,2097,2736,4096,400,86,0,366.600
3150,4555,2,341,2046,2736,4096,0,86,0,395.200
3151,4556,2,334,2004,2736,4096,400,86,0,531.800
3152,4557,2,294,1764,2736,4096,0,86,0,439.500
3153,4558,2,294,1764,2736,4096,400,86,0,355.800
3154,4559,2,294,1764,2736,4096,0,86,0,463.800
3155,4560,2,294,1764,2736,4096,400,86,0,517.800
3156,4561,2,278,1668,2736,4096,0,86,0,315.400
3157,4562,2,294,1764,2736,4096,400,86,0,340.000
3158,4563,2,298,1791,2736,4096,0,86,0,411.000
3159,4564,2,282,1692,2736,4096,400,86,0,420.900
3160,4565,2,284,1707,2736,4096,0,86,0,470.900
3161,4566,2,282,1692,2736,4096,400,86,0,577.100
3162,4567,2,282,1692,2736,4096,0,86,0,325.200
3163,4568,2,283,1698,2736,4096,400,86,0,467.500
3164,4569,2,320,1920,2736,4096,0,86,0,626.200
3165,4570,2,365,2190,2736,4096,400,86,0,487.800
3166,4571,2,385,2310,2736,4096,0,86,0,326.000
3167,4572,2,422,2532,2736,4096,400,86,0,519.700
3168,4573,2,434,2604,2736,4096,0,86,0,517.800
3169,4574,2,439,2634,2736,4096,400,86,0,337.700
3170,4575,2,432,2592,2736,4096,0,86,0,377.300
3171,4576,2,406,2436,2736,4096,400,86,0,523.100
3172,4577,2,437,2622,2736,4096,0,86,0,502.600
3173,4578,2,435,2610,2736,4096,400,86,0,469.400
3174,4579,2,422,2532,2736,4096,0,86,0,389.900
3175,4580,2,456,2736,2736,4096,400,86,0,430.200
3176,4581,2,442,2652,2736,4096,0,86,0,325.600
3177,4582,2,459,2754,2736,4096,400,86,0,380.500
3178,4583,2,459,2757,2736,4096,0,86,0,637.800
3179,4584,2,440,2643,2736,4096,400,86,0,471.500
3180,4585,2,438,2631,2736,4096,0,86,0,386.200
3181,4586,2,372,2232,2736,4096,400,86,0,335.600
3182,4587,2,452,2712,2736,4096,0,86,0,426.300
3183,4588,2,506,3036,2736,4096,400,86,0,469.600
3184,4589,2,496,2976,2736,4096,0,86,0,517.200
3185,4590,2,486,2916,2736,4096,400,86,0,392.000
3186,4591,2,485,2910,2736,4096,0,86,0,378.300
3187,4592,2,477,2862,2736,4096,400,86,0,306.300
3188,4593,2,486,2916,2736,4096,0,86,0,331.800
3189,4594,2,405,2430,2736,4096,400,86,0,434.600
3190,4595,2,398,2388,2736,4096,0,86,0,442.300
3191,4596,2,397,2382,2736,4096,400,86,0,435.600
3192,4597,2,405,2430,2736,4096,0,86,0,322.800
3193,4598,2,447,2682,2736,4096,400,86,0,395.900
3194,4599,2,453,2718,2736,4096,0,86,0,337.000
3195,4600,2,451,2706,2736,4096,400,86,0,318.000
3196,4601,2,450,2700,2736,4096,0,86,0,459.100
3197,4602,2,481,2886,2736,4096,400,86,0,421.000
3198,4603,2,481,2886,2736,4096,0,86,0,470.900
3199,4604,2,481,2886,2736,4096,400,86,0,377.800
3200,4605,2,485,2910,2736,4096,0,86,0,397.800
3201,4606,2,482,2892,2736,4096,400,86,0,456.700
3202,4607,2,503,3018,2736,4096,0,86,0,439.800
3203,4608,2,473,2838,2736,4096,400,86,0,251.300
3204,4609,2,472,2832,2736,4096,0,86,0,409.500
3205,4610,2,467,2802,2736,4096,400,86,0,335.200
3206,4611,2,473,2838,2736,4096,0,86,0,534.000
3207,4612,2,468,2808,2736,4096,400,86,0,394.600
3208,4613,2,470,2820,2736,4096,0,86,0,378.700
3209,4614,2,486,2916,2736,4096,400,86,0,313.500
3210,4615,2,483,2898,2736,4096,0,86,0,431.200
3211,4616,2,484,2904,2736,4096,400,86,0,464.600
3212,4617,2,485,2910,2736,4096,0,86,0,301.800
3213,4618,2,527,3162,2736,4096,400,86,0,362.800
3214,4619,2,498,2991,2736,4096,0,86,0,332.000
3215,4620,2,486,2916,2736,4096,400,86,0,504.200
3216,4621,2,443,2658,2736,4096,0,86,0,406.000
3217,4622,2,443,2658,2736,4096,400,86,0,402.200
3218,4623,2,463,2778,2736,4096,0,86,0,421.800
3219,4624,2,435,2610,2736,4096,400,86,0,409.100
3220,4625,2,436,2616,2736,4096,0,86,0,439.100
3221,4626,2,449,2694,2736,4096,400,86,0,442.900
3222,4627,2,456,2736,2736,4096,0,86,0,594.900
3223,4628,2,540,3243,2736,4096,400,86,0,440.700
3224,4629,2,534,3207,2736,4096,0,86,0,382.300
3225,4630,2,566,3396,2736,4096,400,86,0,358.200
3226,4631,2,499,2994,2736,4096,0,86,0,343.300
3227,4632,2,477,2862,2736,4096,400,86,0,358.500
3228,4633,2,456,2736,2736,4096,0,86,0,443.800
3229,4634,2,434,2604,2736,4096,400,86,0,350.500
3230,4635,2,399,2394,2736,4096,0,86,0,460.900
3231,4636,2,412,2472,2736,4096,400,86,0,425.000
3232,4637,2,502,3012,2736,4096,0,86,0,488.500
3233,4638,2,501,3009,2736,4096,400,86,0,465.200
3234,4639,2,482,2892,2736,4096,0,86,0,491.700
3235,4640,2,551,3306,2736,4096,400,86,0,403.000
3236,4641,2,606,3636,2736,4096,0,86,0,432.600
3237,4642,2,601,3606,2736,4096,400,86,0,410.600
3238,4643,2,611,3666,2736,4096,0,86,0,371.000
3239,4644,2,653,3918,2736,4096,400,86,0,384.500
3240,4645,2,680,4077,2736,4096,0,86,0,495.900
3241,4646,2,625,3750,2736,4096,400,86,0,436.500
3242,4647,2,680,4080,2736,4096,0,86,0,516.700
3243,4648,2,713,4281,2736,4096,400,86,0,626.900
3244,4649,2,661,3966,2736,4096,0,86,0,392.600
3245,4650,2,694,4164,2736,4096,400,86,0,475.300
3246,4651,2,614,3684,2736,4096,0,86,0,468.900
3247,4652,2,585,3510,2736,4096,400,86,0,534.100
3248,4653,2,593,3558,2736,4096,0,86,0,333.600
3249,4654,2,559,3354,2736,4096,400,86,0,609.400
3250,4655,2,648,3888,2736,4096,0,86,0,478.700
3251,4656,2,582,3492,2736,4096,400,86,0,394.100
3252,4657,2,556,3336,2736,4096,0,86,0,468.000
3253,4658,2,534,3207,2736,4096,400,86,0,580.300
3254,4659,2,588,3528,2736,4096,0,86,0,436.100
3255,4660,2,705,4230,2736,4096,400,86,0,550.400
3256,4661,2,719,4314,2736,4096,0,86,0,369.700
3257,4662,2,724,4344,2736,4096,400,86,0,493.200
3258,4663,2,692,4152,2736,4096,0,86,0,552.800
3259,4664,2,728,4368,2736,4096,400,86,0,483.600
3260,4665,2,722,4332,2736,4096,0,86,0,480.200
3261,4666,2,741,4443,2736,4096,400,86,0,549.200
3262,4667,2,713,4278,2736,4096,0,86,0,381.500
3263,4668,2,723,4341,2736,4096,400,86,0,471.300
3264,4669,2,659,3954,2736,4096,0,86,0,495.300
3265,4670,2,725,4350,2736,4096,400,86,0,416.300
3266,4671,2,709,4254,2736,4096,0,86,0,439.900
3267,4672,2,720,4320,2736,4096,400,86,0,563.400
3268,4673,2,705,4230,2736,4096,0,86,0,454.100
3269,4674,2,642,3852,2736,4096,400,86,0,441.000
3270,4675,2,596,3576,2736,4096,0,86,0,359.800
3271,4676,2,598,3588,2736,4096,400,86,0,374.300
3272,4677,2,620,3720,2736,4096,0,86,0,382.900
3273,4678,2,591,3546,2736,4096,400,86,0,408.400
3274,4679,2,578,3468,2736,4096,0,86,0,463.200
3275,4680,2,539,3234,2736,4096,400,86,0,702.500
3276,4681,2,532,3192,2736,4096,0,86,0,402.500
3277,4682,2,448,2688,2736,4096,400,86,0,557.100
3278,4683,2,464,2784,2736,4096,0,86,0,634.000
3279,4684,2,400,2400,2736,4096,400,86,0,394.900
3280,4685,2,403,2418,2736,4096,0,86,0,515.800
3281,4686,2,373,2238,2736,4096,400,86,0,529.300
3282,4687,2,352,2112,2736,4096,0,86,0,641.200
3283,4688,2,338,2028,2736,4096,400,86,0,473.800
3284,4689,2,336,2016,2736,4096,0,86,0,383.600
3285,4690,2,279,1674,2736,4096,400,86,0,499.900
3286,4691,2,306,1836,2736,4096,0,86,0,408.500
3287,4692,2,268,1608,2736,4096,400,86,0,499.400
3288,4693,2,236,1416,2736,4096,0,86,0,510.000
3289,4694,2,215,1290,2736,4096,400,86,0,479.700
3290,4695,2,212,1272,2736,4096,0,86,0,472.900
3291,4696,2,196,1176,2736,4096,400,86,0,558.600
3292,4697,2,185,1110,2736,4096,0,86,0,401.600
3293,4698,2,146,876,2736,4096,400,86,0,445.400
3294,4699,2,132,792,2736,4096,0,86,0,338.000
3295,4700,2,87,522,2736,4096,400,86,0,425.800
3296,4701,2,81,486,2736,4096,0,86,0,438.200
3297,4702,2,17,102,2736,4096,400,86,0,299.800
3298,4703,2,46,276,2736,4096,0,86,0,438.300
3299,4704,2,40,240,2736,4096,400,86,0,544.200
3300,4705,2,36,216,2736,4096,0,86,0,548.400
3301,4706,2,6,36,2736,4096,400,86,0,407.600
3302,4707,2,6,36,2736,4096,0,86,0,526.800
3303,4708,2,6,36,2736,4096,400,86,0,376.900
3304,4709,2,0,0,2736,4096,0,86,0,308.600
3305,4710,2,0,0,2736,4096,400,86,0,377.100
3306,4711,2,0,0,2736,4096,0,86,0,278.600
3307,4712,2,6,36,2736,4096,400,86,0,486.600
3308,4713,2,6,36,2736,4096,0,86,0,601.000
3309,4714,2,6,36,2736,4096,400,86,0,336.700
3310,4715,2,0,0,2736,4096,0,86,0,259.300
3311,4716,2,37,222,2736,4096,400,86,0,388.800
3312,4717,2,37,222,2736,4096,0,86,0,359.000
3313,4718,2,43,258,2736,4096,400,86,0,518.900
3314,4719,2,43,258,2736,4096,0,86,0,391.500
3315,4720,2,43,258,2736,4096,400,86,0,497.000
3316,4721,2,43,258,2736,4096,0,86,0,382.100
3317,4722,2,37,222,2736,4096,400,86,0,354.100
3318,4723,2,0,0,2736,4096,0,86,0,243.100
3319,4724,2,0,0,2736,4096,400,86,0,297.600
3320,4725,2,6,36,2736,4096,0,86,0,412.200
3321,4726,2,6,36,2736,4096,400,86,0,368.700
3322,4727,2,6,36,2736,4096,0,86,0,363.800
3323,4728,2,6,36,2736,4096,400,86,0,321.300
3324,4729,2,6,36,2736,4096,0,86,0,446.500
3325,4730,2,0,0,2736,4096,400,86,0,251.600
3326,4731,2,0,0,2736,4096,0,86,0,318.600
3327,4732,2,0,0,2736,4096,400,86,0,271.600
3328,4733,2,0,0,2736,4096,0,86,0,378.500
3329,4734,2,0,0,2736,4096,400,86,0,413.600
3330,4735,2,0,0,2736,4096,0,86,0,403.300
3331,4736,2,0,0,2736,4096,400,86,0,282.100
3332,4737,2,0,0,2736,4096,0,86,0,359.700
3333,4738,2,0,0,2736,4096,400,86,0,305.200
3334,4739,2,0,0,2736,4096,0,86,0,410.100
3335,4740,2,0,0,2736,4096,400,86,0,494.400
3336,4741,2,2,12,2736,4096,0,86,0,540.100
3337,4742,2,3,18,2736,4096,400,86,0,536.300
3338,4743,2,3,18,2736,4096,0,86,0,350.300
3339,4744,2,4,24,2736,4096,400,86,0,379.400
3340,4745,2,4,24,2736,4096,0,86,0,367.000
3341,4746,2,5,30,2736,4096,400,86,0,391.300
3342,4747,2,36,216,2736,4096,0,86,0,450.400
3343,4748,2,0,0,2736,4096,400,86,0,317.700
3344,4749,2,0,0,2736,4096,0,86,0,351.000
3345,4750,2,8,51,2736,4096,400,86,0,485.800
3346,4751,2,39,234,2736,4096,0,86,0,508.400
3347,4752,2,76,456,2736,4096,400,86,0,385.600
3348,4753,2,76,456,2736,4096,0,86,0,341.100
3349,4754,2,84,507,2736,4096,400,86,0,410.200
3350,4755,2,37,222,2736,4096,0,86,0,576.000
3351,4756,2,37,222,2736,4096,400,86,0,388.200
3352,4757,2,37,222,2736,4096,0,86,0,429.400
3353,4758,2,0,0,2736,4096,400,86,0,353.600
3354,4759,2,0,0,2736,4096,0,86,0,263.700
3355,4760,2,0,0,2736,4096,400,86,0,362.100
3356,4761,2,0,0,2736,4096,0,86,0,317.000
3357,4762,2,0,0,2736,4096,400,86,0,384.600
3358,4763,2,0,0,2736,4096,0,86,0,193.500
3359,4764,2,0,0,2736,4096,400,86,0,247.600
3360,4765,2,0,0,2736,4096,0,86,0,317.600
3361,4766,2,0,0,2736,4096,400,86,0,272.300
3362,4767,2,0,0,2736,4096,0,86,0,297.600
3363,4768,2,0,0,2736,4096,400,86,0,328.100
3364,4769,2,0,0,2736,4096,0,86,0,298.300
3365,4770,2,0,0,2736,4096,400,86,0,281.500
3366,4771,2,0,0,2736,4096,0,86,0,301.600
3367,4772,2,0,0,2736,4096,400,86,0,374.900
3368,4773,2,0,0,2736,4096,0,86,0,321.000
3369,4774,2,37,222,2736,4096,400,86,0,388.300
3370,4775,2,35,210,2736,4096,0,86,0,351.700
3371,4776,2,4,24,2736,4096,400,86,0,342.200
3372,4777,2,4,24,2736,4096,0,86,0,273.000
3373,4778,2,4,24,2736,4096,400,86,0,489.800
3374,4779,2,4,24,2736,4096,0,86,0,434.700
3375,4781,2,4,24,2736,4096,400,86,0,463.800
3376,4783,2,4,24,2736,4096,0,86,0,373.700
3377,4784,2,33,198,2736,4096,400,86,0,380.900
3378,4785,2,27,162,2736,4096,0,86,0,433.100
3379,4786,2,27,162,2736,4096,400,86,0,328.100
3380,4787,2,27,162,2736,4096,0,86,0,471.000
3381,4788,2,8,48,2736,4096,400,86,0,538.400
3382,4789,2,14,84,2736,4096,0,86,0,424.100
3383,4790,2,20,120,2736,4096,400,86,0,421.800
3384,4791,2,42,255,2736,4096,0,86,0,456.100
3385,4792,2,24,144,2736,4096,400,86,0,361.100
3386,4793,2,30,180,2736,4096,0,86,0,457.700
3387,4794,2,50,300,2736,4096,400,86,0,413.700
3388,4795,2,52,312,2736,4096,0,86,0,431.100
3389,4796,2,62,372,2736,4096,400,86,0,439.100
3390,4797,2,82,492,2736,4096,0,86,0,340.100
3391,4798,2,88,528,2736,4096,400,86,0,419.400
3392,4799,2,131,786,2736,4096,0,86,0,522.500
3393,4800,2,129,774,2736,4096,400,86,0,469.100
3394,4801,2,145,870,2736,4096,0,86,0,416.900
3395,4802,2,144,864,2736,4096,400,86,0,419.300
3396,4803,2,150,900,2736,4096,0,86,0,475.000
3397,4804,2,143,858,2736,4096,400,86,0,497.800
3398,4805,2,177,1065,2736,4096,0,86,0,585.100
3399,4806,2,176,1059,2736,4096,400,86,0,409.000
3400,4807,2,124,744,2736,4096,0,86,0,299.300
3401,4808,2,136,816,2736,4096,400,86,0,284.500
3402,4809,2,136,816,2736,4096,0,86,0,322.800
3403,4810,2,136,816,2736,4096,400,86,0,437.000
3404,4811,2,136,816,2736,4096,0,86,0,331.800
3405,4812,2,136,816,2736,4096,400,86,0,351.100
3406,4813,2,136,816,2736,4096,0,86,0,384.000
3407,4814,2,136,816,2736,4096,400,86,0,347.200
3408,4815,2,221,1326,2736,4096,0,86,0,476.600
3409,4816,2,221,1326,2736,4096,400,86,0,416.000
3410,4817,2,220,1320,2736,4096,0,86,0,381.000
3411,4818,2,217,1302,2736,4096,400,86,0,523.800
3412,4819,2,218,1308,2736,4096,0,86,0,541.300
3413,4820,2,236,1416,2736,4096,400,86,0,388.100
3414,4821,2,243,1458,2736,4096,0,86,0,452.800
3415,4822,2,243,1458,2736,4096,400,86,0,383.700
3416,4823,2,243,1458,2736,4096,0,86,0,418.600
3417,4824,2,243,1458,2736,4096,400,86,0,372.900
3418,4825,2,252,1512,2736,4096,0,86,0,460.800
3419,4826,2,254,1524,2736,4096,400,86,0,362.800
3420,4827,2,253,1518,2736,4096,0,86,0,405.400
3421,4828,2,254,1524,2736,4096,400,86,0,328.800
3422,4829,2,257,1542,2736,4096,0,86,0,478.500
3423,4830,2,257,1542,2736,4096,400,86,0,353.900
3424,4831,2,169,1014,2736,4096,0,86,0,392.800
3425,4832,2,169,1014,2736,4096,400,86,0,475.900
3426,4833,2,157,942,2736,4096,0,86,0,408.200
3427,4834,2,157,942,2736,4096,400,86,0,411.000
3428,4835,2,157,942,2736,4096,0,86,0,331.900
3429,4836,2,173,1038,2736,4096,400,86,0,399.100
3430,4837,2,156,936,2736,4096,0,86,0,526.600
3431,4838,2,156,936,2736,4096,400,86,0,368.900
3432,4839,2,248,1488,2736,4096,0,86,0,416.700
3433,4840,2,241,1446,2736,4096,400,86,0,431.700
3434,4841,2,245,1470,2736,4096,0,86,0,445.300
3435,4842,2,240,1440,2736,4096,400,86,0,325.500
3436,4843,2,240,1440,2736,4096,0,86,0,481.200
3437,4844,2,240,1440,2736,4096,400,86,0,360.300
3438,4845,2,232,1392,2736,4096,0,86,0,672.900
3439,4846,2,218,1308,2736,4096,400,86,0,409.900
3440,4847,2,251,1506,2736,4096,0,86,0,444.300
3441,4848,2,250,1500,2736,4096,400,86,0,351.200
3442,4849,2,249,1494,2736,4096,0,86,0,402.900
3443,4850,2,241,1446,2736,4096,400,86,0,434.000
3444,4851,2,250,1506,2736,4096,0,86,0,470.900
3445,4852,2,258,1554,2736,4096,400,86,0,372.000
3446,4853,2,227,1362,2736,4096,0,86,0,267.400
3447,4854,2,319,1914,2736,4096,400,86,0,376.900
3448,4855,2,315,1890,2736,4096,0,86,0,372.300
3449,4856,2,323,1938,2736,4096,400,86,0,441.500
3450,4857,2,333,1998,2736,4096,0,86,0,304.300
3451,4858,2,375,2250,2736,4096,400,86,0,433.400
3452,4859,2,368,2208,2736,4096,0,86,0,435.600
3453,4860,2,368,2208,2736,4096,400,86,0,615.400
3454,4861,2,368,2208,2736,4096,0,86,0,442.700
3455,4862,2,366,2196,2736,4096,400,86,0,432.100
3456,4863,2,362,2172,2736,4096,0,86,0,415.700
3457,4864,2,361,2166,2736,4096,400,86,0,595.800
3458,4865,2,361,2166,2736,4096,0,86,0,580.100
3459,4866,2,345,2070,2736,4096,400,86,0,406.800
3460,4867,2,345,2070,2736,4096,0,86,0,421.200
3461,4868,2,363,2178,2736,4096,400,86,0,372.700
3462,4869,2,356,2136,2736,4096,0,86,0,342.600
3463,4870,2,277,1662,2736,4096,400,86,0,517.600
3464,4871,2,277,1662,2736,4096,0,86,0,326.400
3465,4872,2,273,1638,2736,4096,400,86,0,471.900
3466,4873,2,298,1788,2736,4096,0,86,0,409.300
3467,4874,2,291,1746,2736,4096,400,86,0,406.800
3468,4876,2,289,1734,2736,4096,0,86,0,399.900
3469,4877,2,288,1728,2736,4096,400,86,0,484.400
3470,4878,2,215,1290,2736,4096,0,86,0,503.200
3471,4879,2,215,1290,2736,4096,400,86,0,526.300
3472,4880,2,215,1290,2736,4096,0,86,0,462.900
3473,4881,2,219,1314,2736,4096,400,86,0,438.100
3474,4882,2,219,1314,2736,4096,0,86,0,330.900
3475,4883,2,219,1314,2736,4096,400,86,0,343.500
3476,4884,2,211,1266,2736,4096,0,86,0,406.800
3477,4885,2,218,1308,2736,4096,400,86,0,343.700
3478,4886,2,211,1266,2736,4096,0,86,0,497.000
3479,4887,2,211,1266,2736,4096,400,86,0,397.100
3480,4888,2,211,1266,2736,4096,0,86,0,365.500
3481,4889,2,211,1266,2736,4096,400,86,0,334.700
3482,4890,2,220,1320,2736,4096,0,86,0,283.400
3483,4891,2,219,1314,2736,4096,400,86,0,714.100
3484,4892,2,211,1266,2736,4096,0,86,0,385.100
3485,4893,2,211,1266,2736,4096,400,86,0,279.300
3486,4894,2,211,1266,2736,4096,0,86,0,393.600
3487,4895,2,211,1266,2736,4096,400,86,0,306.900
3488,4896,2,211,1266,2736,4096,0,86,0,254.900
3489,4897,2,211,1266,2736,4096,400,86,0,370.100
3490,4898,2,229,1374,2736,4096,0,86,0,427.900
3491,4899,2,226,1356,2736,4096,400,86,0,461.700
3492,4900,2,239,1434,2736,4096,0,86,0,478.000
3493,4901,2,255,1530,2736,4096,400,86,0,425.100
3494,4902,2,262,1572,2736,4096,0,86,0,394.100
3495,4903,2,255,1530,2736,4096,400,86,0,566.600
3496,4904,2,255,1530,2736,4096,0,86,0,298.200
3497,4905,2,255,1530,2736,4096,400,86,0,360.900
3498,4906,2,336,2016,2736,4096,0,86,0,426.800
3499,4907,2,312,1872,2736,4096,400,86,0,463.200
3500,4908,2,314,1884,2736,4096,0,86,0,417.900
3501,4909,2,305,1830,2736,4096,400,86,0,357.400
3502,4910,2,304,1824,2736,4096,0,86,0,515.800
3503,4911,2,307,1842,2736,4096,400,86,0,358.600
3504,4912,2,306,1836,2736,4096,0,86,0,419.900
3505,4913,2,305,1830,2736,4096,400,86,0,375.500
3506,4914,2,316,1896,2736,4096,0,86,0,415.600
3507,4915,2,325,1950,2736,4096,400,86,0,453.400
3508,4916,2,324,1944,2736,4096,0,86,0,423.100
3509,4917,2,300,1800,2736,4096,400,86,0,500.000
3510,4918,2,305,1830,2736,4096,0,86,0,532.700
3511,4919,2,304,1824,2736,4096,400,86,0,476.900
3512,4920,2,306,1833,2736,4096,0,86,0,421.500
3513,4921,2,303,1815,2736,4096,400,86,0,385.000
3514,4922,2,303,1815,2736,4096,0,86,0,464.300
3515,4923,2,296,1776,2736,4096,400,86,0,375.600
3516,4924,2,315,1890,2736,4096,0,86,0,503.300
3517,4925,2,313,1878,2736,4096,400,86,0,330.600
3518,4926,2,305,1830,2736,4096,0,86,0,347.200
3519,4927,2,306,1836,2736,4096,400,86,0,362.900
3520,4928,2,401,2406,2736,4096,0,86,0,386.600
3521,4929,2,321,1926,2736,4096,400,86,0,438.800
3522,4930,2,321,1926,2736,4096,0,86,0,437.600
3523,4931,2,345,2073,2736,4096,400,86,0,513.700
3524,4932,2,334,2004,2736,4096,0,86,0,331.700
3525,4933,2,336,2016,2736,4096,400,86,0,442.200
3526,4934,2,329,1974,2736,4096,0,86,0,570.100
3527,4935,2,344,2064,2736,4096,400,86,0,425.500
3528,4936,2,333,1998,2736,4096,0,86,0,415.700
3529,4937,2,336,2016,2736,4096,400,86,0,469.200
3530,4938,2,345,2070,2736,4096,0,86,0,361.500
3531,4939,2,346,2076,2736,4096,400,86,0,337.300
3532,4940,2,353,2118,2736,4096,0,86,0,410.400
3533,4941,2,366,2196,2736,4096,400,86,0,361.100
3534,4942,2,339,2034,2736,4096,0,86,0,434.500
3535,4943,2,339,2034,2736,4096,400,86,0,298.600
3536,4944,2,349,2094,2736,4096,0,86,0,464.200
3537,4945,2,335,2010,2736,4096,400,86,0,461.300
3538,4946,2,343,2058,2736,4096,0,86,0,441.200
3539,4947,2,337,2022,2736,4096,400,86,0,402.300
3540,4948,2,355,2130,2736,4096,0,86,0,396.600
3541,4949,2,366,2193,2736,4096,400,86,0,418.200
3542,4950,2,350,2100,2736,4096,0,86,0,285.900
3543,4951,2,366,2196,2736,4096,400,86,0,318.100
3544,4952,2,359,2154,2736,4096,0,86,0,380.000
3545,4953,2,339,2034,2736,4096,400,86,0,429.900
3546,4954,2,339,2034,2736,4096,0,86,0,433.200
3547,4955,2,339,2034,2736,4096,400,86,0,358.200
3548,4956,2,340,2040,2736,4096,0,86,0,353.500
3549,4957,2,347,2082,2736,4096,400,86,0,421.400
3550,4958,2,340,2040,2736,4096,0,86,0,491.800
3551,4959,2,341,2046,2736,4096,400,86,0,412.600
3552,4960,2,330,1980,2736,4096,0,86,0,331.200
3553,4961,2,349,2094,2736,4096,400,86,0,403.600
3554,4962,2,349,2094,2736,4096,0,86,0,368.900
3555,4963,2,346,2076,2736,4096,400,86,0,528.000
3556,4964,2,347,2082,2736,4096,0,86,0,408.200
3557,4965,2,304,1824,2736,4096,400,86,0,384.100
3558,4966,2,298,1788,2736,4096,0,86,0,298.800
3559,4967,2,311,1866,2736,4096,400,86,0,372.400
3560,4968,2,313,1878,2736,4096,0,86,0,442.700
3561,4969,2,321,1926,2736,4096,400,86,0,343.300
3562,4970,2,320,1920,2736,4096,0,86,0,309.700
3563,4971,2,319,1914,2736,4096,400,86,0,395.600
3564,4972,2,298,1788,2736,4096,0,86,0,434.600
3565,4973,2,299,1794,2736,4096,400,86,0,417.700
3566,4974,2,296,1776,2736,4096,0,86,0,298.300
3567,4975,2,289,1734,2736,4096,400,86,0,402.600
3568,4976,2,267,1602,2736,4096,0,86,0,449.800
3569,4977,2,262,1572,2736,4096,400,86,0,304.700
3570,4978,2,278,1668,2736,4096,0,86,0,361.300
3571,4979,2,279,1674,2736,4096,400,86,0,337.300
3572,4980,2,275,1650,2736,4096,0,86,0,468.200
3573,4981,2,275,1650,2736,4096,400,86,0,366.900
3574,4982,2,281,1686,2736,4096,0,86,0,315.100
3575,4983,2,282,1692,2736,4096,400,86,0,426.000
3576,4984,2,274,1644,2736,4096,0,86,0,363.600
3577,4985,2,273,1638,2736,4096,400,86,0,401.500
3578,4986,2,267,1602,2736,4096,0,86,0,387.400
3579,4987,2,259,1554,2736,4096,400,86,0,378.900
3580,4988,2,181,1086,2736,4096,0,86,0,306.900
3581,4989,2,179,1074,2736,4096,400,86,0,310.800
3582,4990,2,179,1074,2736,4096,0,86,0,289.900
3583,4991,2,185,1110,2736,4096,400,86,0,348.800
3584,4992,2,225,1350,2736,4096,0,86,0,302.500
3585,4993,2,213,1278,2736,4096,400,86,0,291.400
3586,4994,2,194,1164,2736,4096,0,86,0,373.000
3587,4995,2,197,1182,2736,4096,400,86,0,381.900
3588,4996,2,221,1326,2736,4096,0,86,0,318.700
3589,4997,2,229,1374,2736,4096,400,86,0,387.000
3590,4998,2,233,1398,2736,4096,0,86,0,314.300
3591,4999,2,241,1443,2736,4096,400,86,0,370.700
3592,5000,2,239,1434,2736,4096,0,86,0,312.400
3593,5001,2,228,1368,2736,4096,400,86,0,325.800
3594,5002,2,228,1368,2736,4096,0,86,0,427.400
3595,5003,2,230,1380,2736,4096,400,86,0,310.900
3596,5004,2,210,1260,2736,4096,0,86,0,471.400
3597,5005,2,197,1182,2736,4096,400,86,0,418.600
3598,5006,2,192,1152,2736,4096,0,86,0,358.300
3599,5007,2,194,1164,2736,4096,400,86,0,329.200
3600,5008,2,194,1164,2736,4096,0,86,0,310.200
3601,5009,2,164,984,2736,4096,400,86,0,360.000
3602,5010,2,132,792,2736,4096,0,86,0,288.100
3603,5011,2,150,900,2736,4096,400,86,0,362.600
3604,5012,2,156,936,2736,4096,0,86,0,371.000
3605,5013,2,144,864,2736,4096,400,86,0,387.500
3606,5014,2,164,984,2736,4096,0,86,0,417.200
3607,5015,2,158,948,2736,4096,400,86,0,376.600
3608,5016,2,158,948,2736,4096,0,86,0,345.300
3609,5017,2,154,924,2736,4096,400,86,0,343.900
3610,5018,2,140,840,2736,4096,0,86,0,222.600
3611,5019,2,141,846,2736,4096,400,86,0,366.100
3612,5020,2,141,846,2736,4096,0,86,0,193.600
3613,5021,2,134,804,2736,4096,400,86,0,274.800
3614,5022,2,173,1038,2736,4096,0,86,0,263.900
3615,5023,2,189,1134,2736,4096,400,86,0,373.300
3616,5024,2,185,1110,2736,4096,0,86,0,312.100
3617,5025,2,170,1020,2736,4096,400,86,0,334.900
3618,5026,2,179,1074,2736,4096,0,86,0,348.200
3619,5027,2,198,1188,2736,4096,400,86,0,474.000
3620,5028,2,201,1206,2736,4096,0,86,0,367.000
3621,5030,2,244,1464,2736,4096,400,86,0,341.600
3622,5032,2,453,2718,2736,4096,0,86,0,422.800
3623,5033,2,453,2718,2736,4096,400,86,0,330.800
3624,5034,2,414,2484,2736,4096,0,86,0,376.700
3625,5035,2,414,2484,2736,4096,400,86,0,308.500
3626,5036,2,416,2496,2736,4096,0,86,0,301.400
3627,5037,2,386,2316,2736,4096,400,86,0,383.500
3628,5038,2,614,3684,2736,4096,0,86,0,319.800
3629,5039,2,598,3588,2736,4096,400,86,0,422.700
3630,5040,2,614,3684,2736,4096,0,86,0,503.000
3631,5041,2,639,3834,2736,4096,400,86,0,359.800
3632,5042,2,635,3813,2736,4096,0,86,0,365.100
3633,5043,2,403,2421,2736,4096,400,86,0,387.000
3634,5044,2,402,2415,2736,4096,0,86,0,384.400
3635,5045,2,380,2283,2736,4096,400,86,0,370.700
3636,5046,2,356,2139,2736,4096,0,86,0,367.100
3637,5047,2,431,2589,2736,4096,400,86,0,461.700
3638,5048,2,196,1179,2736,4096,0,86,0,368.900
3639,5049,2,218,1311,2736,4096,400,86,0,307.300
3640,5050,2,236,1419,2736,4096,0,86,0,400.600
3641,5051,2,410,2463,2736,4096,400,86,0,404.300
3642,5052,2,427,2565,2736,4096,0,86,0,373.400
3643,5053,2,433,2601,2736,4096,400,86,0,327.800
3644,5054,2,603,3621,2736,4096,0,86,0,458.900
3645,5055,2,674,4047,2736,4096,400,86,0,479.300
3646,5056,2,753,4521,2736,4096,0,86,0,435.200
3647,5057,2,815,4893,2736,4096,400,86,0,727.700
3648,5058,2,951,5709,2736,4096,0,86,0,505.800
3649,5059,2,990,5943,2736,4096,400,86,0,454.700
3650,5060,2,1042,6252,2736,4096,0,86,0,538.500
3651,5061,2,1047,6282,2736,4096,400,86,0,599.500
3652,5062,2,930,5580,2736,4096,0,86,0,621.200
3653,5063,2,881,5286,2736,4096,400,86,0,398.200
3654,5064,2,595,3573,2736,4096,0,86,0,555.100
3655,5065,2,669,4014,2736,4096,400,86,0,549.900
3656,5066,2,778,4668,2736,4096,0,86,0,503.100
3657,5067,2,767,4602,2736,4096,400,86,0,629.200
3658,5068,2,718,4308,2736,4096,0,86,0,567.700
3659,5069,2,684,4104,2736,4096,400,86,0,535.600
3660,5070,2,611,3666,2736,4096,0,86,0,457.100
3661,5071,2,578,3468,2736,4096,400,86,0,386.200
3662,5072,2,522,3132,2736,4096,0,86,0,473.100
3663,5073,2,409,2454,2736,4096,400,86,0,340.400
3664,5074,2,432,2592,2736,4096,0,86,0,498.400
3665,5075,2,408,2448,2736,4096,400,86,0,414.900
3666,5076,2,360,2160,2736,4096,0,86,0,539.900
3667,5077,2,301,1806,2736,4096,400,86,0,382.100
3668,5078,2,255,1530,2736,4096,0,86,0,582.700
3669,5079,2,217,1302,2736,4096,400,86,0,409.100
3670,5080,2,160,960,2736,4096,0,86,0,614.400
3671,5081,2,100,600,2736,4096,400,86,0,394.100
3672,5082,2,82,492,2736,4096,0,86,0,540.600
3673,5083,2,50,300,2736,4096,400,86,0,393.200
3674,5084,2,31,186,2736,4096,0,86,0,360.800
3675,5085,2,30,180,2736,4096,400,86,0,404.900
3676,5086,2,35,210,2736,4096,0,86,0,464.900
3677,5087,2,30,180,2736,4096,400,86,0,350.300
3678,5088,2,22,132,2736,4096,0,86,0,412.600
3679,5089,2,22,132,2736,4096,400,86,0,444.300
3680,5090,2,20,120,2736,4096,0,86,0,401.400
3681,5091,2,15,90,2736,4096,400,86,0,370.400
3682,5092,2,15,90,2736,4096,0,86,0,371.400
3683,5093,2,15,90,2736,4096,400,86,0,406.700
3684,5094,2,27,165,2736,4096,0,86,0,349.000
3685,5095,2,11,66,2736,4096,400,86,0,322.400
3686,5096,2,2,12,2736,4096,0,86,0,571.700
3687,5097,2,0,0,2736,4096,400,86,0,309.900
3688,5098,2,0,0,2736,4096,0,86,0,271.700
3689,5099,2,0,0,2736,4096,400,86,0,278.000
3690,5100,2,0,0,2736,4096,0,86,0,484.000
3691,5101,2,0,0,2736,4096,400,86,0,231.500
3692,5102,2,0,0,2736,4096,0,86,0,461.400
3693,5103,2,8,48,2736,4096,400,86,0,348.500
3694,5104,2,8,48,2736,4096,0,86,0,348.700
3695,5105,2,8,48,2736,4096,400,86,0,837.600
3696,5106,2,8,48,2736,4096,0,86,0,428.700
3697,5107,2,16,96,2736,4096,400,86,0,446.800
3698,5108,2,8,48,2736,4096,0,86,0,449.500
3699,5109,2,8,48,2736,4096,400,86,0,408.900
3700,5110,2,8,48,2736,4096,0,86,0,273.200
3701,5111,2,20,120,2736,4096,400,86,0,421.900
3702,5112,2,8,48,2736,4096,0,86,0,404.200
3703,5113,2,16,96,2736,4096,400,86,0,416.900
3704,5114,2,8,48,2736,4096,0,86,0,525.300
3705,5115,2,8,48,2736,4096,400,86,0,427.200
3706,5116,2,8,48,2736,4096,0,86,0,482.900
3707,5117,2,0,0,2736,4096,400,86,0,291.200
3708,5118,2,0,0,2736,4096,0,86,0,395.200
3709,5119,2,0,0,2736,4096,400,86,0,306.500
3710,5120,2,0,0,2736,4096,0,86,0,283.500
3711,5121,2,0,0,2736,4096,400,86,0,267.600
3712,5122,2,0,0,2736,4096,0,86,0,289.300
3713,5123,2,0,0,2736,4096,400,86,0,363.300
3714,5124,2,8,48,2736,4096,0,86,0,678.100
3715,5125,2,8,48,2736,4096,400,86,0,529.000
3716,5126,2,8,48,2736,4096,0,86,0,400.600
3717,5127,2,8,48,2736,4096,400,86,0,365.000
3718,5128,2,0,0,2736,4096,0,86,0,365.300
3719,5129,2,2,12,2736,4096,400,86,0,331.200
3720,5130,2,0,0,2736,4096,0,86,0,317.700
3721,5131,2,0,0,2736,4096,400,86,0,355.200
3722,5132,2,0,0,2736,4096,0,86,0,262.100
3723,5133,2,0,0,2736,4096,400,86,0,309.600
3724,5134,2,0,0,2736,4096,0,86,0,297.500
3725,5135,2,3,18,2736,4096,400,86,0,572.600
3726,5136,2,3,18,2736,4096,0,86,0,327.000
3727,5137,2,11,66,2736,4096,400,86,0,387.300
3728,5138,2,11,66,2736,4096,0,86,0,310.900
3729,5139,2,11,66,2736,4096,400,86,0,591.100
3730,5140,2,10,60,2736,4096,0,86,0,316.200
3731,5141,2,10,60,2736,4096,400,86,0,369.700
3732,5142,2,0,0,2736,4096,0,86,0,396.400
3733,5143,2,0,0,2736,4096,400,86,0,324.000
3734,5144,2,2,12,2736,4096,0,86,0,426.900
3735,5145,2,2,12,2736,4096,400,86,0,413.500
3736,5146,2,2,12,2736,4096,0,86,0,424.300
3737,5147,2,10,60,2736,4096,400,86,0,636.500
3738,5148,2,10,60,2736,4096,0,86,0,434.000
3739,5149,2,8,48,2736,4096,400,86,0,338.500
3740,5150,2,0,0,2736,4096,0,86,0,332.700
3741,5151,2,0,0,2736,4096,400,86,0,206.300
3742,5152,2,0,0,2736,4096,0,86,0,264.700
3743,5153,2,0,0,2736,4096,400,86,0,309.400
3744,5154,2,0,0,2736,4096,0,86,0,289.400
3745,5155,2,0,0,2736,4096,400,86,0,269.200
3746,5156,2,85,510,2736,4096,0,86,0,269.200
3747,5157,2,94,564,2736,4096,400,86,0,434.100
3748,5158,2,93,558,2736,4096,0,86,0,463.200
3749,5159,2,92,552,2736,4096,400,86,0,376.000
3750,5160,2,85,510,2736,4096,0,86,0,641.500
3751,5161,2,93,558,2736,4096,400,86,0,388.100
3752,5162,2,86,516,2736,4096,0,86,0,428.200
3753,5163,2,86,516,2736,4096,400,86,0,439.000
3754,5164,2,0,0,2736,4096,0,86,0,340.300
3755,5165,2,0,0,2736,4096,400,86,0,306.200
3756,5166,2,0,0,2736,4096,0,86,0,390.200
3757,5167,2,8,48,2736,4096,400,86,0,412.500
3758,5168,2,8,48,2736,4096,0,86,0,379.400
3759,5169,2,0,0,2736,4096,400,86,0,336.500
3760,5170,2,81,486,2736,4096,0,86,0,345.100
3761,5171,2,78,468,2736,4096,400,86,0,643.500
3762,5172,2,80,480,2736,4096,0,86,0,402.400
3763,5173,2,80,480,2736,4096,400,86,0,315.300
3764,5174,2,0,0,2736,4096,0,86,0,226.500
3765,5175,2,0,0,2736,4096,400,86,0,228.000
3766,5176,2,8,48,2736,4096,0,86,0,399.900
3767,5177,2,8,48,2736,4096,400,86,0,473.800
3768,5178,2,8,48,2736,4096,0,86,0,406.500
3769,5179,2,0,0,2736,4096,400,86,0,446.200
3770,5180,2,7,42,2736,4096,0,86,0,387.100
3771,5181,2,0,0,2736,4096,400,86,0,368.900
3772,5182,2,0,0,2736,4096,0,86,0,287.100
3773,5183,2,12,72,2736,4096,400,86,0,531.600
3774,5184,2,12,72,2736,4096,0,86,0,486.100
3775,5185,2,12,72,2736,4096,400,86,0,497.500
3776,5186,2,21,126,2736,4096,0,86,0,371.800
3777,5187,2,20,120,2736,4096,400,86,0,429.100
3778,5188,2,12,72,2736,4096,0,86,0,324.400
3779,5189,2,12,72,2736,4096,400,86,0,341.700
3780,5190,2,12,72,2736,4096,0,86,0,364.000
3781,5191,2,12,72,2736,4096,400,86,0,439.400
3782,5192,2,12,72,2736,4096,0,86,0,363.700
3783,5193,2,12,72,2736,4096,400,86,0,408.800
3784,5194,2,12,72,2736,4096,0,86,0,358.900
3785,5195,2,20,120,2736,4096,400,86,0,261.800
3786,5197,2,20,120,2736,4096,0,86,0,422.800
3787,5198,2,12,72,2736,4096,400,86,0,542.700
3788,5199,2,19,114,2736,4096,0,86,0,322.000
3789,5200,2,12,72,2736,4096,400,86,0,318.700
3790,5201,2,15,90,2736,4096,0,86,0,383.800
3791,5202,2,15,90,2736,4096,400,86,0,418.200
3792,5203,2,15,90,2736,4096,0,86,0,337.600
3793,5204,2,23,138,2736,4096,400,86,0,342.900
3794,5205,2,23,138,2736,4096,0,86,0,505.500
3795,5206,2,23,138,2736,4096,400,86,0,395.000
3796,5207,2,15,90,2736,4096,0,86,0,406.600
3797,5208,2,15,90,2736,4096,400,86,0,370.700
3798,5209,2,15,90,2736,4096,0,86,0,345.600
3799,5210,2,15,90,2736,4096,400,86,0,420.300
3800,5211,2,23,138,2736,4096,0,86,0,541.600
3801,5212,2,23,138,2736,4096,400,86,0,413.900
3802,5213,2,12,72,2736,4096,0,86,0,414.300
3803,5214,2,23,138,2736,4096,400,86,0,413.500
3804,5215,2,25,150,2736,4096,0,86,0,378.000
3805,5216,2,17,102,2736,4096,400,86,0,368.800
3806,5217,2,17,102,2736,4096,0,86,0,447.800
3807,5218,2,24,144,2736,4096,400,86,0,402.200
3808,5219,2,17,102,2736,4096,0,86,0,360.100
3809,5220,2,17,102,2736,4096,400,86,0,659.400
3810,5221,2,17,102,2736,4096,0,86,0,309.700
3811,5222,2,21,126,2736,4096,400,86,0,450.000
3812,5223,2,33,198,2736,4096,0,86,0,327.000
3813,5224,2,33,198,2736,4096,400,86,0,432.400
3814,5225,2,33,198,2736,4096,0,86,0,320.800
3815,5226,2,25,150,2736,4096,400,86,0,396.000
3816,5227,2,25,150,2736,4096,0,86,0,375.300
3817,5228,2,25,150,2736,4096,400,86,0,392.800
3818,5229,2,25,150,2736,4096,0,86,0,423.100
3819,5230,2,25,150,2736,4096,400,86,0,330.700
3820,5231,2,25,150,2736,4096,0,86,0,428.500
3821,5232,2,33,198,2736,4096,400,86,0,398.900
3822,5233,2,33,198,2736,4096,0,86,0,531.300
3823,5234,2,33,198,2736,4096,400,86,0,488.700
3824,5235,2,25,150,2736,4096,0,86,0,475.400
3825,5236,2,32,192,2736,4096,400,86,0,384.800
3826,5237,2,25,150,2736,4096,0,86,0,439.900
3827,5238,2,25,150,2736,4096,400,86,0,511.600
3828,5239,2,25,150,2736,4096,0,86,0,420.100
3829,5240,2,25,150,2736,4096,400,86,0,413.600
3830,5241,2,33,198,2736,4096,0,86,0,465.000
3831,5242,2,33,198,2736,4096,400,86,0,697.000
3832,5244,2,25,150,2736,4096,0,86,0,425.800
3833,5246,2,25,150,2736,4096,400,86,0,424.100
3834,5247,2,25,150,2736,4096,0,86,0,323.400
3835,5248,2,25,150,2736,4096,400,86,0,377.000
3836,5249,2,25,150,2736,4096,0,86,0,454.700
3837,5250,2,33,198,2736,4096,400,86,0,586.300
3838,5251,2,33,198,2736,4096,0,86,0,492.300
3839,5252,2,33,198,2736,4096,400,86,0,411.200
3840,5253,2,25,150,2736,4096,0,86,0,405.800
3841,5254,2,32,192,2736,4096,400,86,0,521.300
3842,5255,2,25,150,2736,4096,0,86,0,300.400
3843,5256,2,31,186,2736,4096,400,86,0,505.700
3844,5257,2,31,186,2736,4096,0,86,0,506.200
3845,5258,2,31,186,2736,4096,400,86,0,371.800
3846,5259,2,39,234,2736,4096,0,86,0,367.500
3847,5260,2,39,234,2736,4096,400,86,0,404.800
3848,5261,2,45,270,2736,4096,0,86,0,375.100
3849,5262,2,37,222,2736,4096,400,86,0,290.500
3850,5263,2,37,222,2736,4096,0,86,0,402.100
3851,5264,2,37,222,2736,4096,400,86,0,441.500
3852,5265,2,37,222,2736,4096,0,86,0,524.700
3853,5266,2,37,222,2736,4096,400,86,0,407.500
3854,5267,2,39,234,2736,4096,0,86,0,451.300
3855,5268,2,50,300,2736,4096,400,86,0,416.100
3856,5269,2,50,300,2736,4096,0,86,0,400.900
3857,5270,2,43,258,2736,4096,400,86,0,319.200
3858,5271,2,43,258,2736,4096,0,86,0,406.400
3859,5272,2,50,300,2736,4096,400,86,0,381.400
3860,5273,2,43,258,2736,4096,0,86,0,329.300
3861,5274,2,50,300,2736,4096,400,86,0,379.100
3862,5275,2,53,318,2736,4096,0,86,0,369.900
3863,5276,2,53,318,2736,4096,400,86,0,494.800
3864,5277,2,69,414,2736,4096,0,86,0,427.500
3865,5278,2,98,588,2736,4096,400,86,0,369.900
3866,5279,2,90,540,2736,4096,0,86,0,513.400
3867,5280,2,100,600,2736,4096,400,86,0,794.200
3868,5281,2,100,600,2736,4096,0,86,0,452.600
3869,5282,2,100,600,2736,4096,400,86,0,341.600
3870,5283,2,111,666,2736,4096,0,86,0,561.600
3871,5284,2,111,666,2736,4096,400,86,0,337.300
3872,5285,2,119,714,2736,4096,0,86,0,659.300
3873,5286,2,131,786,2736,4096,400,86,0,340.800
3874,5287,2,131,786,2736,4096,0,86,0,420.400
3875,5288,2,123,738,2736,4096,400,86,0,468.700
3876,5289,2,134,804,2736,4096,0,86,0,427.400
3877,5290,2,127,762,2736,4096,400,86,0,463.500
3878,5291,2,127,762,2736,4096,0,86,0,348.500
3879,5292,2,115,690,2736,4096,400,86,0,360.000
3880,5293,2,115,690,2736,4096,0,86,0,368.000
3881,5294,2,123,738,2736,4096,400,86,0,449.100
3882,5295,2,190,1140,2736,4096,0,86,0,1031.100
3883,5296,2,182,1092,2736,4096,400,86,0,327.200
3884,5297,2,182,1092,2736,4096,0,86,0,451.500
3885,5298,2,182,1092,2736,4096,400,86,0,450.700
3886,5299,2,182,1092,2736,4096,0,86,0,424.800
3887,5300,2,182,1092,2736,4096,400,86,0,473.000
3888,5301,2,182,1092,2736,4096,0,86,0,413.500
3889,5302,2,190,1140,2736,4096,400,86,0,406.400
3890,5303,2,190,1140,2736,4096,0,86,0,371.300
3891,5304,2,190,1140,2736,4096,400,86,0,499.500
3892,5305,2,182,1092,2736,4096,0,86,0,398.700
3893,5306,2,189,1134,2736,4096,400,86,0,422.300
3894,5307,2,182,1092,2736,4096,0,86,0,325.300
3895,5308,2,182,1092,2736,4096,400,86,0,424.500
3896,5309,2,182,1092,2736,4096,0,86,0,422.600
3897,5310,2,182,1092,2736,4096,400,86,0,468.200
3898,5311,2,190,1140,2736,4096,0,86,0,599.000
3899,5312,2,190,1140,2736,4096,400,86,0,398.100
3900,5313,2,182,1092,2736,4096,0,86,0,413.600
3901,5314,2,170,1020,2736,4096,400,86,0,353.800
3902,5315,2,170,1020,2736,4096,0,86,0,464.600
3903,5316,2,170,1020,2736,4096,400,86,0,481.700
3904,5317,2,170,1020,2736,4096,0,86,0,435.900
3905,5318,2,170,1020,2736,4096,400,86,0,512.800
3906,5319,2,178,1068,2736,4096,0,86,0,380.000
3907,5320,2,178,1068,2736,4096,400,86,0,401.100
3908,5321,2,170,1020,2736,4096,0,86,0,330.000
3909,5322,2,170,1020,2736,4096,400,86,0,340.900
3910,5323,2,177,1062,2736,4096,0,86,0,888.000
3911,5324,2,170,1020,2736,4096,400,86,0,545.300
3912,5325,2,170,1020,2736,4096,0,86,0,417.900
3913,5326,2,170,1020,2736,4096,400,86,0,408.400
3914,5327,2,175,1050,2736,4096,0,86,0,523.100
3915,5328,2,189,1134,2736,4096,400,86,0,479.700
3916,5329,2,188,1128,2736,4096,0,86,0,866.500
3917,5330,2,168,1008,2736,4096,400,86,0,510.600
3918,5331,2,169,1014,2736,4096,0,86,0,449.300
3919,5332,2,169,1014,2736,4096,400,86,0,440.400
3920,5333,2,170,1020,2736,4096,0,86,0,377.500
3921,5334,2,170,1020,2736,4096,400,86,0,382.200
3922,5335,2,170,1020,2736,4096,0,86,0,413.700
3923,5336,2,178,1068,2736,4096,400,86,0,512.200
3924,5337,2,178,1068,2736,4096,0,86,0,421.100
3925,5338,2,234,1404,2736,4096,400,86,0,334.100
3926,5339,2,245,1470,2736,4096,0,86,0,377.700
3927,5340,2,239,1434,2736,4096,400,86,0,555.300
3928,5341,2,243,1458,2736,4096,0,86,0,391.100
3929,5342,2,247,1482,2736,4096,400,86,0,536.600
3930,5343,2,243,1458,2736,4096,0,86,0,479.500
3931,5344,2,251,1506,2736,4096,400,86,0,418.700
3932,5345,2,251,1506,2736,4096,0,86,0,389.500
3933,5346,2,243,1458,2736,4096,400,86,0,324.200
3934,5347,2,243,1458,2736,4096,0,86,0,345.800
3935,5348,2,243,1458,2736,4096,400,86,0,344.000
3936,5349,2,243,1458,2736,4096,0,86,0,466.100
3937,5350,2,240,1440,2736,4096,400,86,0,202.100
3938,5351,2,240,1440,2736,4096,0,86,0,548.200
3939,5352,2,259,1554,2736,4096,400,86,0,456.600
3940,5353,2,259,1554,2736,4096,0,86,0,410.200
3941,5354,2,251,1506,2736,4096,400,86,0,444.300
3942,5355,2,251,1506,2736,4096,0,86,0,462.900
3943,5356,2,254,1524,2736,4096,400,86,0,380.800
3944,5357,2,247,1482,2736,4096,0,86,0,482.300
3945,5358,2,247,1482,2736,4096,400,86,0,461.400
3946,5359,2,247,1482,2736,4096,0,86,0,451.900
3947,5360,2,246,1476,2736,4096,400,86,0,431.500
3948,5361,2,253,1518,2736,4096,0,86,0,507.900
3949,5362,2,253,1518,2736,4096,400,86,0,367.200
3950,5363,2,246,1476,2736,4096,0,86,0,453.800
3951,5364,2,260,1560,2736,4096,400,86,0,377.900
3952,5365,2,260,1560,2736,4096,0,86,0,496.900
3953,5366,2,260,1560,2736,4096,400,86,0,534.100
3954,5367,2,260,1560,2736,4096,0,86,0,362.600
3955,5368,2,257,1542,2736,4096,400,86,0,477.900
3956,5369,2,265,1590,2736,4096,0,86,0,419.800
3957,5370,2,267,1602,2736,4096,400,86,0,437.100
3958,5371,2,259,1554,2736,4096,0,86,0,273.700
3959,5372,2,260,1560,2736,4096,400,86,0,396.800
3960,5373,2,257,1542,2736,4096,0,86,0,369.100
3961,5374,2,257,1542,2736,4096,400,86,0,408.900
3962,5375,2,257,1542,2736,4096,0,86,0,400.800
3963,5376,2,257,1542,2736,4096,400,86,0,642.500
3964,5377,2,264,1584,2736,4096,0,86,0,505.900
3965,5378,2,265,1590,2736,4096,400,86,0,431.500
3966,5379,2,257,1542,2736,4096,0,86,0,449.800
3967,5380,2,261,1566,2736,4096,400,86,0,422.300
3968,5381,2,262,1572,2736,4096,0,86,0,454.300
3969,5382,2,262,1572,2736,4096,400,86,0,507.700
3970,5383,2,263,1578,2736,4096,0,86,0,318.400
3971,5384,2,263,1578,2736,4096,400,86,0,367.800
3972,5385,2,267,1602,2736,4096,0,86,0,465.200
3973,5386,2,275,1650,2736,4096,400,86,0,636.700
3974,5387,2,269,1614,2736,4096,0,86,0,415.800
3975,5388,2,234,1404,2736,4096,400,86,0,407.600
3976,5389,2,247,1482,2736,4096,0,86,0,375.700
3977,5390,2,235,1410,2736,4096,400,86,0,430.700
3978,5391,2,236,1416,2736,4096,0,86,0,492.900
3979,5392,2,261,1566,2736,4096,400,86,0,417.100
3980,5393,2,259,1554,2736,4096,0,86,0,401.300
3981,5394,2,266,1596,2736,4096,400,86,0,346.900
3982,5395,2,266,1596,2736,4096,0,86,0,353.400
3983,5396,2,291,1746,2736,4096,400,86,0,370.600
3984,5397,2,281,1686,2736,4096,0,86,0,222.500
3985,5398,2,273,1638,2736,4096,400,86,0,356.700
3986,5399,2,265,1590,2736,4096,0,86,0,319.500
3987,5400,2,265,1590,2736,4096,400,86,0,549.800
3988,5401,2,351,2106,2736,4096,0,86,0,447.200
3989,5402,2,345,2070,2736,4096,400,86,0,382.100
3990,5403,2,352,2112,2736,4096,0,86,0,424.200
3991,5404,2,342,2052,2736,4096,400,86,0,368.900
3992,5405,2,345,2070,2736,4096,0,86,0,404.900
3993,5406,2,341,2046,2736,4096,400,86,0,452.700
3994,5407,2,347,2082,2736,4096,0,86,0,387.900
3995,5408,2,341,2046,2736,4096,400,86,0,445.900
3996,5409,2,335,2010,2736,4096,0,86,0,358.100
3997,5410,2,335,2010,2736,4096,400,86,0,367.900
3998,5411,2,342,2052,2736,4096,0,86,0,329.300
3999,5412,2,337,2022,2736,4096,400,86,0,455.500
4000,5413,2,331,1986,2736,4096,0,86,0,798.000
4001,5414,2,335,2010,2736,4096,400,86,0,394.300
4002,5415,2,338,2028,2736,4096,0,86,0,272.600
4003,5416,2,355,2130,2736,4096,400,86,0,507.100
4004,5417,2,382,2292,2736,4096,0,86,0,343.600
4005,5418,2,263,1578,2736,4096,400,86,0,289.600
4006,5419,2,271,1626,2736,4096,0,86,0,467.600
4007,5420,2,266,1596,2736,4096,400,86,0,458.600
4008,5421,2,266,1596,2736,4096,0,86,0,515.400
4009,5422,2,274,1644,2736,4096,400,86,0,446.400
4010,5423,2,253,1518,2736,4096,0,86,0,408.000
4011,5424,2,255,1530,2736,4096,400,86,0,452.900
4012,5425,2,253,1518,2736,4096,0,86,0,341.900
4013,5426,2,254,1524,2736,4096,400,86,0,327.500
4014,5427,2,257,1542,2736,4096,0,86,0,396.800
4015,5428,2,222,1332,2736,4096,400,86,0,577.400
4016,5429,2,216,1296,2736,4096,0,86,0,376.200
4017,5430,2,216,1296,2736,4096,400,86,0,369.400
4018,5431,2,229,1374,2736,4096,0,86,0,516.000
4019,5432,2,226,1356,2736,4096,400,86,0,327.200
4020,5433,2,228,1368,2736,4096,0,86,0,277.000
4021,5434,2,236,1416,2736,4096,400,86,0,340.300
4022,5435,2,225,1350,2736,4096,0,86,0,272.800
4023,5436,2,251,1503,2736,4096,400,86,0,390.200
4024,5437,2,245,1470,2736,4096,0,86,0,321.400
4025,5438,2,247,1482,2736,4096,400,86,0,342.000
4026,5439,2,248,1491,2736,4096,0,86,0,400.100
4027,5440,2,242,1452,2736,4096,400,86,0,397.400
4028,5441,2,245,1470,2736,4096,0,86,0,401.900
4029,5442,2,261,1566,2736,4096,400,86,0,364.900
4030,5443,2,266,1596,2736,4096,0,86,0,421.400
4031,5444,2,255,1530,2736,4096,400,86,0,305.500
4032,5445,2,216,1296,2736,4096,0,86,0,358.000
4033,5446,2,223,1338,2736,4096,400,86,0,336.800
4034,5447,2,291,1749,2736,4096,0,86,0,451.400
4035,5448,2,281,1686,2736,4096,400,86,0,344.900
4036,5449,2,337,2022,2736,4096,0,86,0,389.000
4037,5450,2,380,2280,2736,4096,400,86,0,369.900
4038,5451,2,370,2220,2736,4096,0,86,0,400.300
4039,5452,2,348,2088,2736,4096,400,86,0,369.100
4040,5453,2,449,2691,2736,4096,0,86,0,309.700
4041,5454,2,533,3198,2736,4096,400,86,0,381.600
4042,5455,2,551,3309,2736,4096,0,86,0,382.400
4043,5456,2,580,3480,2736,4096,400,86,0,536.300
4044,5457,2,598,3588,2736,4096,0,86,0,538.000
4045,5458,2,639,3834,2736,4096,400,86,0,307.200
4046,5459,2,552,3312,2736,4096,0,86,0,397.800
4047,5460,2,536,3216,2736,4096,400,86,0,1186.500
4048,5461,2,590,3540,2736,4096,0,86,0,447.800
4049,5462,2,575,3450,2736,4096,400,86,0,419.400
4050,5463,2,582,3492,2736,4096,0,86,0,552.400
4051,5464,2,576,3456,2736,4096,400,86,0,445.300
4052,5465,2,498,2988,2736,4096,0,86,0,478.400
4053,5466,2,486,2916,2736,4096,400,86,0,532.000
4054,5467,2,491,2946,2736,4096,0,86,0,675.700
4055,5468,2,572,3432,2736,4096,400,86,0,333.000
4056,5469,2,523,3141,2736,4096,0,86,0,501.000
4057,5470,2,483,2901,2736,4096,400,86,0,638.100
4058,5471,2,509,3057,2736,4096,0,86,0,381.800
4059,5472,2,448,2691,2736,4096,400,86,0,534.900
4060,5473,2,428,2571,2736,4096,0,86,0,533.200
4061,5474,2,384,2307,2736,4096,400,86,0,417.800
4062,5475,2,331,1989,2736,4096,0,86,0,444.400
4063,5476,2,333,1998,2736,4096,400,86,0,344.800
4064,5477,2,342,2055,2736,4096,0,86,0,464.200
4065,5478,2,546,3279,2736,4096,400,86,0,582.700
4066,5479,2,543,3261,2736,4096,0,86,0,613.400
4067,5480,2,516,3099,2736,4096,400,86,0,389.300
4068,5481,2,505,3033,2736,4096,0,86,0,382.900
4069,5482,2,410,2463,2736,4096,400,86,0,429.900
4070,5483,2,342,2055,2736,4096,0,86,0,630.000
4071,5484,2,368,2208,2736,4096,400,86,0,360.700
4072,5485,2,364,2184,2736,4096,0,86,0,463.700
4073,5486,2,374,2241,2736,4096,400,86,0,336.900
4074,5487,2,348,2088,2736,4096,0,86,0,475.000
4075,5488,2,348,2088,2736,4096,400,86,0,480.200
4076,5489,2,135,810,2736,4096,0,86,0,578.700
4077,5490,2,106,636,2736,4096,400,86,0,515.900
4078,5491,2,109,654,2736,4096,0,86,0,392.900
4079,5492,2,105,630,2736,4096,400,86,0,483.800
4080,5493,2,31,186,2736,4096,0,86,0,486.900
4081,5494,2,52,312,2736,4096,400,86,0,389.700
4082,5496,2,41,243,2736,4096,0,86,0,334.200
4083,5497,2,36,216,2736,4096,400,86,0,378.700
4084,5498,2,32,192,2736,4096,0,86,0,446.400
4085,5499,2,36,216,2736,4096,400,86,0,459.200
4086,5500,2,35,210,2736,4096,0,86,0,325.500
4087,5501,2,29,174,2736,4096,400,86,0,418.300
4088,5502,2,38,228,2736,4096,0,86,0,368.200
4089,5503,2,27,162,2736,4096,400,86,0,410.500
4090,5504,2,25,150,2736,4096,0,86,0,303.500
4091,5505,2,41,246,2736,4096,400,86,0,315.800
4092,5506,2,48,285,2736,4096,0,86,0,440.500
4093,5507,2,50,300,2736,4096,400,86,0,397.300
4094,5508,2,46,276,2736,4096,0,86,0,440.000
4095,5509,2,42,252,2736,4096,400,86,0,315.200
4096,5510,2,31,186,2736,4096,0,86,0,395.400
4097,5511,2,25,150,2736,4096,400,86,0,335.600
4098,5512,2,22,132,2736,4096,0,86,0,294.000
4099,5513,2,32,192,2736,4096,400,86,0,667.900
4100,5514,2,16,96,2736,4096,0,86,0,345.800
4101,5515,2,18,108,2736,4096,400,86,0,371.600
4102,5516,2,18,108,2736,4096,0,86,0,337.000
4103,5517,2,20,120,2736,4096,400,86,0,522.000
4104,5518,2,8,48,2736,4096,0,86,0,327.500
4105,5519,2,4,24,2736,4096,400,86,0,647.100
4106,5520,2,21,126,2736,4096,0,86,0,525.300
4107,5521,2,21,126,2736,4096,400,86,0,340.500
4108,5522,2,35,210,2736,4096,0,86,0,457.900
4109,5523,2,40,240,2736,4096,400,86,0,603.000
4110,5524,2,28,168,2736,4096,0,86,0,352.700
4111,5525,2,28,168,2736,4096,400,86,0,397.800
4112,5526,2,19,114,2736,4096,0,86,0,408.200
4113,5527,2,218,1308,2736,4096,400,86,0,395.800
4114,5528,2,214,1284,2736,4096,0,86,0,396.200
4115,5529,2,10,60,2736,4096,400,86,0,501.700
4116,5530,2,23,138,2736,4096,0,86,0,423.900
4117,5531,2,21,126,2736,4096,400,86,0,267.400
4118,5532,2,13,78,2736,4096,0,86,0,414.100
4119,5533,2,41,246,2736,4096,400,86,0,330.900
4120,5534,2,48,288,2736,4096,0,86,0,324.400
4121,5535,2,51,306,2736,4096,400,86,0,350.600
4122,5536,2,47,282,2736,4096,0,86,0,427.300
4123,5537,2,51,306,2736,4096,400,86,0,387.800
4124,5538,2,49,294,2736,4096,0,86,0,297.000
4125,5539,2,47,282,2736,4096,400,86,0,284.400
4126,5540,2,49,294,2736,4096,0,86,0,434.300
4127,5541,2,70,420,2736,4096,400,86,0,549.700
4128,5542,2,64,384,2736,4096,0,86,0,509.400
4129,5543,2,64,384,2736,4096,400,86,0,261.900
4130,5544,2,64,384,2736,4096,0,86,0,415.000
4131,5545,2,49,294,2736,4096,400,86,0,665.800
4132,5546,2,49,294,2736,4096,0,86,0,344.800
4133,5547,2,49,294,2736,4096,400,86,0,338.300
4134,5548,2,48,288,2736,4096,0,86,0,336.900
4135,5549,2,47,282,2736,4096,400,86,0,365.900
4136,5550,2,60,363,2736,4096,0,86,0,392.200
4137,5551,2,58,351,2736,4096,400,86,0,333.900
4138,5552,2,36,219,2736,4096,0,86,0,301.600
4139,5553,2,35,213,2736,4096,400,86,0,253.000
4140,5554,2,19,117,2736,4096,0,86,0,306.500
4141,5555,2,15,90,2736,4096,400,86,0,319.400
4142,5556,2,18,108,2736,4096,0,86,0,347.800
4143,5557,2,44,267,2736,4096,400,86,0,509.800
4144,5558,2,38,228,2736,4096,0,86,0,372.600
4145,5559,2,30,180,2736,4096,400,86,0,371.000
4146,5560,2,18,108,2736,4096,0,86,0,281.600
4147,5561,2,28,168,2736,4096,400,86,0,309.200
4148,5562,2,12,72,2736,4096,0,86,0,425.100
4149,5563,2,27,162,2736,4096,400,86,0,586.100
4150,5564,2,25,150,2736,4096,0,86,0,389.200
4151,5565,2,51,306,2736,4096,400,86,0,421.400
4152,5566,2,37,222,2736,4096,0,86,0,377.100
4153,5567,2,46,276,2736,4096,400,86,0,333.300
4154,5568,2,35,210,2736,4096,0,86,0,389.200
4155,5569,2,39,234,2736,4096,400,86,0,410.500
4156,5570,2,24,144,2736,4096,0,86,0,394.400
4157,5571,2,17,102,2736,4096,400,86,0,421.300
4158,5572,2,46,276,2736,4096,0,86,0,409.900
4159,5573,2,121,726,2736,4096,400,86,0,630.400
4160,5574,2,383,2298,2736,4096,0,86,0,444.100
4161,5575,2,338,2031,2736,4096,400,86,0,358.600
4162,5576,2,324,1947,2736,4096,0,86,0,479.200
4163,5577,2,564,3384,2736,4096,400,86,0,374.900
4164,5578,2,570,3420,2736,4096,0,86,0,425.800
4165,5579,2,604,3624,2736,4096,400,86,0,448.800
4166,5580,2,548,3288,2736,4096,0,86,0,555.400
4167,5581,2,463,2778,2736,4096,400,86,0,367.000
4168,5582,2,505,3030,2736,4096,0,86,0,568.200
4169,5583,2,575,3456,2736,4096,400,86,0,479.500
4170,5584,2,519,3120,2736,4096,0,86,0,331.600
4171,5585,2,519,3123,2736,4096,400,86,0,364.100
4172,5586,2,471,2838,2736,4096,0,86,0,473.700
4173,5587,2,449,2694,2736,4096,400,86,0,363.100
4174,5588,2,460,2760,2736,4096,0,86,0,374.300
4175,5589,2,459,2757,2736,4096,400,86,0,292.100
4176,5590,2,454,2727,2736,4096,0,86,0,394.300
4177,5591,2,447,2685,2736,4096,400,86,0,394.100
4178,5592,2,446,2679,2736,4096,0,86,0,509.000
4179,5593,2,448,2691,2736,4096,400,86,0,320.300
4180,5594,2,439,2634,2736,4096,0,86,0,353.300
4181,5595,2,435,2610,2736,4096,400,86,0,277.300
4182,5596,2,498,3003,2736,4096,0,86,0,347.900
4183,5597,2,502,3024,2736,4096,400,86,0,361.200
4184,5598,2,536,3228,2736,4096,0,86,0,404.600
4185,5599,2,541,3246,2736,4096,400,86,0,377.000
4186,5600,2,505,3030,2736,4096,0,86,0,333.300
4187,5601,2,487,2922,2736,4096,400,86,0,452.200
4188,5602,2,449,2694,2736,4096,0,86,0,383.600
4189,5603,2,443,2658,2736,4096,400,86,0,405.900
4190,5604,2,435,2610,2736,4096,0,86,0,334.400
4191,5605,2,413,2478,2736,4096,400,86,0,398.300
4192,5606,2,406,2436,2736,4096,0,86,0,439.700
4193,5607,2,396,2376,2736,4096,400,86,0,453.200
4194,5608,2,400,2400,2736,4096,0,86,0,390.300
4195,5609,2,377,2262,2736,4096,400,86,0,362.900
4196,5610,2,470,2820,2736,4096,0,86,0,492.800
4197,5611,2,486,2916,2736,4096,400,86,0,313.700
4198,5612,2,523,3138,2736,4096,0,86,0,395.100
4199,5613,2,523,3138,2736,4096,400,86,0,410.900
4200,5614,2,517,3102,2736,4096,0,86,0,372.200
4201,5615,2,518,3108,2736,4096,400,86,0,418.700
4202,5616,2,560,3360,2736,4096,0,86,0,454.300
4203,5617,2,601,3606,2736,4096,400,86,0,382.300
4204,5618,2,217,1302,2736,4096,0,86,0,482.500
4205,5619,2,27,162,2736,4096,400,86,0,351.400
4206,5620,2,29,174,2736,4096,0,86,0,440.800
4207,5621,2,28,168,2736,4096,400,86,0,433.500
4208,5622,2,29,177,2736,4096,0,86,0,465.000
4209,5623,2,22,135,2736,4096,400,86,0,455.400
4210,5625,2,33,198,2736,4096,0,86,0,415.000
4211,5626,2,33,198,2736,4096,400,86,0,308.700
4212,5627,2,27,162,2736,4096,0,86,0,383.900
4213,5628,2,21,126,2736,4096,400,86,0,351.600
4214,5629,2,18,108,2736,4096,0,86,0,368.100
4215,5630,2,25,150,2736,4096,400,86,0,447.300
4216,5631,2,40,240,2736,4096,0,86,0,360.000
4217,5632,2,53,318,2736,4096,400,86,0,401.700
4218,5633,2,56,336,2736,4096,0,86,0,373.700
4219,5634,2,152,912,2736,4096,400,86,0,406.100
4220,5635,2,175,1050,2736,4096,0,86,0,311.200
4221,5636,2,189,1134,2736,4096,400,86,0,447.700
4222,5637,2,209,1254,2736,4096,0,86,0,342.700
4223,5638,2,264,1584,2736,4096,400,86,0,411.900
4224,5639,2,263,1578,2736,4096,0,86,0,321.600
4225,5640,2,253,1518,2736,4096,400,86,0,531.800
4226,5641,2,270,1620,2736,4096,0,86,0,390.400
4227,5642,2,265,1590,2736,4096,400,86,0,712.600
4228,5643,2,265,1590,2736,4096,0,86,0,366.100
4229,5644,2,254,1524,2736,4096,400,86,0,349.000
4230,5645,2,254,1524,2736,4096,0,86,0,372.900
4231,5646,2,227,1362,2736,4096,400,86,0,286.300
4232,5647,2,29,174,2736,4096,0,86,0,330.100
4233,5648,2,38,228,2736,4096,400,86,0,380.700
4234,5649,2,52,315,2736,4096,0,86,0,349.400
4235,5650,2,47,285,2736,4096,400,86,0,421.900
4236,5651,2,52,315,2736,4096,0,86,0,305.200
4237,5652,2,48,288,2736,4096,400,86,0,451.000
4238,5653,2,48,288,2736,4096,0,86,0,451.700
4239,5654,2,28,168,2736,4096,400,86,0,362.700
4240,5655,2,25,150,2736,4096,0,86,0,289.300
4241,5656,2,25,150,2736,4096,400,86,0,391.100
4242,5657,2,33,198,2736,4096,0,86,0,548.300
4243,5658,2,45,270,2736,4096,400,86,0,368.800
4244,5659,2,45,270,2736,4096,0,86,0,392.600
4245,5660,2,45,270,2736,4096,400,86,0,419.400
4246,5661,2,29,174,2736,4096,0,86,0,556.200
4247,5662,2,35,210,2736,4096,400,86,0,351.500
4248,5663,2,35,213,2736,4096,0,86,0,418.100
4249,5664,2,27,162,2736,4096,400,86,0,539.200
4250,5665,2,15,90,2736,4096,0,86,0,333.800
4251,5666,2,15,90,2736,4096,400,86,0,374.500
4252,5667,2,15,90,2736,4096,0,86,0,379.000
4253,5668,2,41,246,2736,4096,400,86,0,746.900
4254,5669,2,46,276,2736,4096,0,86,0,439.300
4255,5670,2,34,204,2736,4096,400,86,0,472.900
4256,5671,2,34,204,2736,4096,0,86,0,349.300
4257,5672,2,45,270,2736,4096,400,86,0,309.000
4258,5673,2,21,126,2736,4096,0,86,0,508.500
4259,5674,2,18,108,2736,4096,400,86,0,406.300
4260,5675,2,22,135,2736,4096,0,86,0,423.400
4261,5676,2,30,180,2736,4096,400,86,0,411.100
4262,5677,2,40,240,2736,4096,0,86,0,465.800
4263,5678,2,62,372,2736,4096,400,86,0,440.100
4264,5679,2,58,348,2736,4096,0,86,0,384.100
4265,5680,2,139,834,2736,4096,400,86,0,462.200
4266,5681,2,159,954,2736,4096,0,86,0,504.500
4267,5682,2,163,978,2736,4096,400,86,0,343.200
4268,5683,2,157,942,2736,4096,0,86,0,392.800
4269,5684,2,167,1002,2736,4096,400,86,0,438.100
4270,5685,2,283,1698,2736,4096,0,86,0,543.600
4271,5686,2,325,1959,2736,4096,400,86,0,543.100
4272,5687,2,329,1980,2736,4096,0,86,0,440.300
4273,5688,2,385,2316,2736,4096,400,86,0,429.200
4274,5689,2,385,2313,2736,4096,0,86,0,415.800
4275,5690,2,340,2046,2736,4096,400,86,0,383.600
4276,5691,2,341,2049,2736,4096,0,86,0,520.800
4277,5692,2,347,2085,2736,4096,400,86,0,498.600
4278,5693,2,282,1695,2736,4096,0,86,0,329.900
4279,5694,2,297,1785,2736,4096,400,86,0,389.700
4280,5695,2,298,1791,2736,4096,0,86,0,371.800
4281,5696,2,290,1743,2736,4096,400,86,0,392.700
4282,5697,2,279,1677,2736,4096,0,86,0,372.100
4283,5698,2,274,1647,2736,4096,400,86,0,418.500
4284,5699,2,270,1623,2736,4096,0,86,0,334.400
4285,5700,2,204,1224,2736,4096,400,86,0,515.700
4286,5701,2,90,540,2736,4096,0,86,0,368.000
4287,5702,2,65,390,2736,4096,400,86,0,327.200
4288,5703,2,63,378,2736,4096,0,86,0,449.500
4289,5704,2,47,282,2736,4096,400,86,0,326.800
4290,5705,2,38,228,2736,4096,0,86,0,321.300
4291,5707,2,25,150,2736,4096,400,86,0,283.800
4292,5708,2,25,150,2736,4096,0,86,0,328.200
4293,5709,2,28,168,2736,4096,400,86,0,432.100
4294,5710,2,30,180,2736,4096,0,86,0,311.800
4295,5711,2,19,114,2736,4096,400,86,0,354.300
4296,5712,2,19,114,2736,4096,0,86,0,265.600
4297,5713,2,19,114,2736,4096,400,86,0,276.600
4298,5714,2,19,114,2736,4096,0,86,0,277.800
4299,5715,2,13,78,2736,4096,400,86,0,358.900
4300,5716,2,22,132,2736,4096,0,86,0,334.600
4301,5717,2,22,132,2736,4096,400,86,0,449.900
4302,5718,2,12,72,2736,4096,0,86,0,522.300
4303,5719,2,12,72,2736,4096,400,86,0,362.400
4304,5720,2,12,72,2736,4096,0,86,0,436.500
4305,5721,2,12,72,2736,4096,400,86,0,330.000
4306,5722,2,12,72,2736,4096,0,86,0,384.800
4307,5723,2,12,72,2736,4096,400,86,0,317.000
4308,5725,2,12,72,2736,4096,0,86,0,368.500
4309,5726,2,46,276,2736,4096,400,86,0,294.700
4310,5727,2,46,276,2736,4096,0,86,0,346.600
4311,5728,2,46,276,2736,4096,400,86,0,326.300
4312,5729,2,46,276,2736,4096,0,86,0,303.700
4313,5730,2,46,276,2736,4096,400,86,0,291.300
4314,5731,2,40,240,2736,4096,0,86,0,309.600
4315,5732,2,40,240,2736,4096,400,86,0,311.200
4316,5733,2,40,240,2736,4096,0,86,0,715.700
4317,5734,2,40,240,2736,4096,400,86,0,400.200
4318,5735,2,40,240,2736,4096,0,86,0,350.500
4319,5736,2,40,240,2736,4096,400,86,0,302.300
4320,5737,2,40,240,2736,4096,0,86,0,326.300
4321,5738,2,28,168,2736,4096,400,86,0,381.100
4322,5739,2,28,168,2736,4096,0,86,0,277.400
4323,5740,2,28,168,2736,4096,400,86,0,463.200
4324,5741,2,31,189,2736,4096,0,86,0,367.200
4325,5742,2,31,189,2736,4096,400,86,0,454.300
4326,5743,2,31,189,2736,4096,0,86,0,515.900
4327,5744,2,28,168,2736,4096,400,86,0,397.300
4328,5745,2,28,168,2736,4096,0,86,0,284.600
4329,5746,2,12,72,2736,4096,400,86,0,332.500
4330,5747,2,12,72,2736,4096,0,86,0,401.500
4331,5748,2,12,72,2736,4096,400,86,0,253.900
4332,5749,2,12,72,2736,4096,0,86,0,296.100
4333,5750,2,12,72,2736,4096,400,86,0,291.900
4334,5751,2,12,72,2736,4096,0,86,0,291.000
4335,5753,2,12,72,2736,4096,400,86,0,329.100
4336,5754,2,14,84,2736,4096,0,86,0,377.000
4337,5755,2,14,84,2736,4096,400,86,0,355.900
4338,5756,2,14,84,2736,4096,0,86,0,407.700
4339,5757,2,14,84,2736,4096,400,86,0,356.100
4340,5758,2,12,72,2736,4096,0,86,0,339.300
4341,5759,2,12,72,2736,4096,400,86,0,399.200
4342,5760,2,12,72,2736,4096,0,86,0,429.800
4343,5761,2,24,144,2736,4096,400,86,0,290.400
4344,5762,2,24,144,2736,4096,0,86,0,369.800
4345,5763,2,24,144,2736,4096,400,86,0,361.200
4346,5764,2,24,144,2736,4096,0,86,0,403.900
4347,5765,2,24,144,2736,4096,400,86,0,349.300
4348,5766,2,24,144,2736,4096,0,86,0,444.400
4349,5767,2,24,144,2736,4096,400,86,0,341.600
4350,5768,2,24,144,2736,4096,0,86,0,609.100
4351,5769,2,24,144,2736,4096,400,86,0,392.700
4352,5770,2,24,144,2736,4096,0,86,0,283.200
4353,5771,2,24,144,2736,4096,400,86,0,425.400
4354,5772,2,41,246,2736,4096,0,86,0,391.200
4355,5774,2,41,246,2736,4096,400,86,0,340.000
4356,5775,2,42,252,2736,4096,0,86,0,396.700
4357,5776,2,42,252,2736,4096,400,86,0,353.500
4358,5777,2,42,252,2736,4096,0,86,0,384.300
4359,5778,2,42,252,2736,4096,400,86,0,499.100
4360,5779,2,63,381,2736,4096,0,86,0,356.200
4361,5780,2,63,381,2736,4096,400,86,0,419.900
4362,5781,2,63,381,2736,4096,0,86,0,414.200
4363,5782,2,63,381,2736,4096,400,86,0,378.700
4364,5783,2,40,240,2736,4096,0,86,0,355.600
4365,5784,2,40,240,2736,4096,400,86,0,353.400
4366,5785,2,40,240,2736,4096,0,86,0,303.300
4367,5786,2,40,240,2736,4096,400,86,0,311.400
4368,5787,2,40,240,2736,4096,0,86,0,333.300
4369,5788,2,40,240,2736,4096,400,86,0,311.700
4370,5789,2,40,240,2736,4096,0,86,0,320.400
4371,5790,2,40,240,2736,4096,400,86,0,281.500
4372,5791,2,24,144,2736,4096,0,86,0,327.500
4373,5792,2,57,342,2736,4096,400,86,0,313.600
4374,5793,2,57,342,2736,4096,0,86,0,383.800
4375,5794,2,57,342,2736,4096,400,86,0,395.900
4376,5795,2,57,342,2736,4096,0,86,0,296.800
4377,5796,2,57,342,2736,4096,400,86,0,293.800
4378,5797,2,57,342,2736,4096,0,86,0,419.600
4379,5798,2,58,348,2736,4096,400,86,0,284.600
4380,5799,2,58,348,2736,4096,0,86,0,403.900
4381,5800,2,46,276,2736,4096,400,86,0,255.900
4382,5801,2,12,72,2736,4096,0,86,0,340.500
4383,5802,2,14,84,2736,4096,400,86,0,275.500
4384,5803,2,14,84,2736,4096,0,86,0,283.200
4385,5804,2,14,84,2736,4096,400,86,0,307.700
4386,5805,2,12,72,2736,4096,0,86,0,336.000
4387,5806,2,12,72,2736,4096,400,86,0,352.700
4388,5807,2,12,72,2736,4096,0,86,0,454.100
4389,5808,2,12,72,2736,4096,400,86,0,279.400
4390,5809,2,12,72,2736,4096,0,86,0,321.900
4391,5810,2,12,72,2736,4096,400,86,0,377.700
4392,5811,2,12,72,2736,4096,0,86,0,249.000
4393,5812,2,12,72,2736,4096,400,86,0,349.900
4394,5813,2,12,72,2736,4096,0,86,0,339.800
4395,5814,2,12,72,2736,4096,400,86,0,275.300
4396,5815,2,15,90,2736,4096,0,86,0,338.400
4397,5816,2,15,90,2736,4096,400,86,0,329.200
4398,5817,2,27,162,2736,4096,0,86,0,350.600
4399,5818,2,27,162,2736,4096,400,86,0,395.900
4400,5819,2,27,162,2736,4096,0,86,0,325.200
4401,5820,2,27,162,2736,4096,400,86,0,343.200
4402,5821,2,27,162,2736,4096,0,86,0,377.000
4403,5822,2,27,162,2736,4096,400,86,0,412.100
4404,5823,2,27,162,2736,4096,0,86,0,344.900
4405,5824,2,27,162,2736,4096,400,86,0,335.000
4406,5825,2,27,162,2736,4096,0,86,0,364.200
4407,5826,2,15,90,2736,4096,400,86,0,394.300
4408,5827,2,15,90,2736,4096,0,86,0,292.300
4409,5828,2,15,90,2736,4096,400,86,0,391.400
4410,5829,2,15,90,2736,4096,0,86,0,330.400
4411,5830,2,15,90,2736,4096,400,86,0,313.900
4412,5831,2,15,90,2736,4096,0,86,0,356.800
4413,5832,2,15,90,2736,4096,400,86,0,279.100
4414,5833,2,15,90,2736,4096,0,86,0,302.500
4415,5834,2,15,90,2736,4096,400,86,0,363.500
4416,5835,2,15,90,2736,4096,0,86,0,303.200
4417,5836,2,15,90,2736,4096,400,86,0,367.800
4418,5837,2,15,90,2736,4096,0,86,0,254.400
4419,5838,2,15,90,2736,4096,400,86,0,278.400
4420,5839,2,15,90,2736,4096,0,86,0,356.300
4421,5840,2,15,90,2736,4096,400,86,0,355.900
4422,5841,2,15,90,2736,4096,0,86,0,372.800
4423,5842,2,15,90,2736,4096,400,86,0,435.600
4424,5843,2,15,90,2736,4096,0,86,0,351.300
4425,5844,2,15,90,2736,4096,400,86,0,379.700
4426,5845,2,15,90,2736,4096,0,86,0,392.400
4427,5846,2,15,90,2736,4096,400,86,0,317.300
4428,5847,2,15,90,2736,4096,0,86,0,340.600
4429,5848,2,15,90,2736,4096,400,86,0,359.400
4430,5849,2,15,90,2736,4096,0,86,0,381.400
4431,5850,2,15,90,2736,4096,400,86,0,373.500
4432,5851,2,12,72,2736,4096,0,86,0,317.600
4433,5852,2,12,72,2736,4096,400,86,0,361.200
4434,5853,2,12,72,2736,4096,0,86,0,356.000
4435,5854,2,12,72,2736,4096,400,86,0,526.800
4436,5855,2,12,72,2736,4096,0,86,0,358.300
4437,5856,2,15,90,2736,4096,400,86,0,356.900
4438,5857,2,15,90,2736,4096,0,86,0,332.200
4439,5858,2,15,90,2736,4096,400,86,0,405.800
4440,5859,2,15,90,2736,4096,0,86,0,326.700
4441,5860,2,15,90,2736,4096,400,86,0,382.900
4442,5861,2,15,90,2736,4096,0,86,0,342.100
4443,5862,2,15,90,2736,4096,400,86,0,419.900
4444,5863,2,15,90,2736,4096,0,86,0,366.200
4445,5864,2,15,90,2736,4096,400,86,0,356.600
4446,5865,2,15,90,2736,4096,0,86,0,310.200
4447,5866,2,15,90,2736,4096,400,86,0,524.600
4448,5867,2,15,90,2736,4096,0,86,0,318.600
4449,5868,2,15,90,2736,4096,400,86,0,387.900
4450,5869,2,28,168,2736,4096,0,86,0,469.500
4451,5870,2,15,90,2736,4096,400,86,0,375.500
4452,5871,2,15,90,2736,4096,0,86,0,364.500
4453,5872,2,15,90,2736,4096,400,86,0,381.500
4454,5873,2,15,90,2736,4096,0,86,0,372.500
4455,5874,2,3,18,2736,4096,400,86,0,343.800
4456,5875,2,3,18,2736,4096,0,86,0,494.800
4457,5876,2,3,18,2736,4096,400,86,0,320.600
4458,5877,2,0,0,2736,4096,0,86,0,328.700
4459,5878,2,0,0,2736,4096,400,86,0,254.900
4460,5879,2,0,0,2736,4096,0,86,0,178.200
4461,5880,2,0,0,2736,4096,400,86,0,285.100
4462,5881,2,0,0,2736,4096,0,86,0,329.500
4463,5882,2,5,30,2736,4096,400,86,0,347.400
4464,5883,2,5,30,2736,4096,0,86,0,330.500
4465,5884,2,16,96,2736,4096,400,86,0,446.100
4466,5885,2,16,96,2736,4096,0,86,0,350.700
4467,5886,2,16,96,2736,4096,400,86,0,489.900
4468,5887,2,16,96,2736,4096,0,86,0,256.700
4469,5888,2,16,96,2736,4096,400,86,0,381.400
4470,5889,2,28,168,2736,4096,0,86,0,376.800
4471,5890,2,16,96,2736,4096,400,86,0,325.600
4472,5891,2,16,96,2736,4096,0,86,0,377.300
4473,5892,2,22,132,2736,4096,400,86,0,377.400
4474,5893,2,22,132,2736,4096,0,86,0,389.800
4475,5894,2,22,132,2736,4096,400,86,0,341.300
4476,5895,2,22,132,2736,4096,0,86,0,355.800
4477,5896,2,22,132,2736,4096,400,86,0,385.100
4478,5897,2,22,132,2736,4096,0,86,0,603.100
4479,5898,2,22,132,2736,4096,400,86,0,346.000
4480,5899,2,11,66,2736,4096,0,86,0,276.600
4481,5900,2,11,66,2736,4096,400,86,0,373.700
4482,5901,2,11,66,2736,4096,0,86,0,361.500
4483,5902,2,11,66,2736,4096,400,86,0,339.800
4484,5903,2,21,126,2736,4096,0,86,0,337.500
4485,5904,2,21,126,2736,4096,400,86,0,481.000
4486,5905,2,21,126,2736,4096,0,86,0,413.100
4487,5906,2,21,126,2736,4096,400,86,0,395.800
4488,5907,2,21,126,2736,4096,0,86,0,564.600
4489,5908,2,21,126,2736,4096,400,86,0,401.300
4490,5909,2,21,126,2736,4096,0,86,0,452.200
4491,5910,2,59,354,2736,4096,400,86,0,413.700
4492,5911,2,60,360,2736,4096,0,86,0,404.300
4493,5912,2,59,354,2736,4096,400,86,0,471.100
4494,5914,2,96,576,2736,4096,0,86,0,463.200
4495,5915,2,96,576,2736,4096,400,86,0,421.600
4496,5916,2,93,558,2736,4096,0,86,0,354.700
4497,5918,2,56,336,2736,4096,400,86,0,326.200
4498,5919,2,56,336,2736,4096,0,86,0,433.400
4499,5920,2,50,300,2736,4096,400,86,0,291.900
4500,5921,2,49,294,2736,4096,0,86,0,294.700
4501,5922,2,52,312,2736,4096,400,86,0,354.600
4502,5923,2,62,372,2736,4096,0,86,0,400.400
4503,5924,2,58,348,2736,4096,400,86,0,518.200
4504,5925,2,57,342,2736,4096,0,86,0,301.200
4505,5926,2,59,354,2736,4096,400,86,0,435.800
4506,5927,2,73,438,2736,4096,0,86,0,224.400
4507,5928,2,71,426,2736,4096,400,86,0,347.400
4508,5929,2,70,420,2736,4096,0,86,0,277.600
4509,5930,2,69,414,2736,4096,400,86,0,210.600
4510,5931,2,60,360,2736,4096,0,86,0,454.700
4511,5932,2,60,360,2736,4096,400,86,0,236.200
4512,5933,2,62,372,2736,4096,0,86,0,258.200
4513,5934,2,23,138,2736,4096,400,86,0,320.800
4514,5935,2,29,174,2736,4096,0,86,0,411.300
4515,5936,2,36,216,2736,4096,400,86,0,358.700
4516,5937,2,37,222,2736,4096,0,86,0,299.900
4517,5938,2,41,246,2736,4096,400,86,0,301.300
4518,5939,2,52,312,2736,4096,0,86,0,312.200
4519,5940,2,56,336,2736,4096,400,86,0,407.500
4520,5941,2,52,312,2736,4096,0,86,0,292.200
4521,5942,2,42,252,2736,4096,400,86,0,308.500
4522,5943,2,54,324,2736,4096,0,86,0,421.800
4523,5944,2,55,330,2736,4096,400,86,0,494.900
4524,5945,2,57,342,2736,4096,0,86,0,298.400
4525,5946,2,60,360,2736,4096,400,86,0,405.000
4526,5947,2,46,276,2736,4096,0,86,0,466.200
4527,5948,2,47,282,2736,4096,400,86,0,383.400
4528,5949,2,48,288,2736,4096,0,86,0,410.900
4529,5950,2,46,276,2736,4096,400,86,0,363.200
4530,5951,2,56,336,2736,4096,0,86,0,334.200
4531,5952,2,53,318,2736,4096,400,86,0,499.000
4532,5953,2,48,288,2736,4096,0,86,0,356.100
4533,5954,2,48,288,2736,4096,400,86,0,325.500
4534,5955,2,48,288,2736,4096,0,86,0,381.500
4535,5956,2,46,276,2736,4096,400,86,0,365.600
4536,5957,2,52,312,2736,4096,0,86,0,274.400
4537,5958,2,61,366,2736,4096,400,86,0,613.000
4538,5959,2,63,378,2736,4096,0,86,0,398.500
4539,5960,2,63,378,2736,4096,400,86,0,347.100
4540,5961,2,57,342,2736,4096,0,86,0,384.500
4541,5962,2,61,366,2736,4096,400,86,0,365.200
4542,5963,2,61,366,2736,4096,0,86,0,365.000
4543,5964,2,60,360,2736,4096,400,86,0,256.300
4544,5965,2,60,360,2736,4096,0,86,0,355.200
4545,5966,2,55,330,2736,4096,400,86,0,418.300
4546,5967,2,56,336,2736,4096,0,86,0,416.600
4547,5968,2,56,336,2736,4096,400,86,0,411.100
4548,5969,2,59,354,2736,4096,0,86,0,387.800
4549,5970,2,63,378,2736,4096,400,86,0,335.700
4550,5971,2,63,378,2736,4096,0,86,0,343.900
4551,5972,2,63,378,2736,4096,400,86,0,349.100
4552,5973,2,64,384,2736,4096,0,86,0,361.000
4553,5974,2,64,384,2736,4096,400,86,0,336.300
4554,5975,2,62,372,2736,4096,0,86,0,451.600
4555,5976,2,61,366,2736,4096,400,86,0,437.800
4556,5977,2,61,366,2736,4096,0,86,0,305.800
4557,5978,2,61,366,2736,4096,400,86,0,464.500
4558,5979,2,58,348,2736,4096,0,86,0,389.800
4559,5980,2,58,348,2736,4096,400,86,0,491.800
4560,5981,2,58,348,2736,4096,0,86,0,397.100
4561,5983,2,55,330,2736,4096,400,86,0,471.000
4562,5984,2,55,330,2736,4096,0,86,0,376.000
4563,5985,2,54,324,2736,4096,400,86,0,317.600
4564,5986,2,52,312,2736,4096,0,86,0,352.100
4565,5987,2,52,312,2736,4096,400,86,0,403.300
4566,5988,2,53,318,2736,4096,0,86,0,460.900
4567,5989,2,51,306,2736,4096,400,86,0,430.200
4568,5990,2,51,306,2736,4096,0,86,0,310.400
4569,5991,2,49,294,2736,4096,400,86,0,352.200
4570,5992,2,48,288,2736,4096,0,86,0,383.200
4571,5993,2,48,288,2736,4096,400,86,0,351.700
4572,5994,2,52,312,2736,4096,0,86,0,305.300
4573,5995,2,46,276,2736,4096,400,86,0,663.100
4574,5996,2,46,276,2736,4096,0,86,0,363.800
4575,5997,2,51,306,2736,4096,400,86,0,424.900
4576,5998,2,51,306,2736,4096,0,86,0,359.900
4577,5999,2,50,300,2736,4096,400,86,0,394.000
4578,6000,2,49,294,2736,4096,0,86,0,447.200
4579,6001,2,49,294,2736,4096,400,86,0,339.200
4580,6002,2,56,336,2736,4096,0,86,0,332.800
4581,6003,2,54,324,2736,4096,400,86,0,423.100
4582,6004,2,52,312,2736,4096,0,86,0,264.100
4583,6005,2,48,288,2736,4096,400,86,0,333.200
4584,6006,2,48,288,2736,4096,0,86,0,460.800
4585,6007,2,56,336,2736,4096,400,86,0,340.800
4586,6008,2,48,288,2736,4096,0,86,0,329.700
4587,6009,2,48,288,2736,4096,400,86,0,327.700
4588,6010,2,51,306,2736,4096,0,86,0,319.000
4589,6011,2,43,258,2736,4096,400,86,0,555.400
4590,6012,2,43,258,2736,4096,0,86,0,344.300
4591,6013,2,43,258,2736,4096,400,86,0,270.400
4592,6014,2,43,258,2736,4096,0,86,0,315.400
4593,6015,2,51,306,2736,4096,400,86,0,297.800
4594,6016,2,43,258,2736,4096,0,86,0,309.600
4595,6017,2,43,258,2736,4096,400,86,0,431.000
4596,6018,2,53,318,2736,4096,0,86,0,565.500
4597,6019,2,45,270,2736,4096,400,86,0,422.300
4598,6020,2,39,234,2736,4096,0,86,0,268.800
4599,6021,2,39,234,2736,4096,400,86,0,349.500
4600,6022,2,47,282,2736,4096,0,86,0,238.700
4601,6023,2,45,270,2736,4096,400,86,0,436.200
4602,6024,2,43,258,2736,4096,0,86,0,337.300
4603,6025,2,47,282,2736,4096,400,86,0,286.800
4604,6026,2,55,330,2736,4096,0,86,0,362.500
4605,6027,2,47,282,2736,4096,400,86,0,412.600
4606,6028,2,47,282,2736,4096,0,86,0,383.500
4607,6029,2,41,246,2736,4096,400,86,0,262.300
4608,6030,2,41,246,2736,4096,0,86,0,270.800
4609,6031,2,45,270,2736,4096,400,86,0,363.600
4610,6032,2,42,252,2736,4096,0,86,0,354.300
4611,6033,2,42,252,2736,4096,400,86,0,283.900
4612,6034,2,50,300,2736,4096,0,86,0,400.900
4613,6035,2,45,270,2736,4096,400,86,0,369.800
4614,6036,2,48,288,2736,4096,0,86,0,436.300
4615,6037,2,45,270,2736,4096,400,86,0,378.000
4616,6038,2,45,270,2736,4096,0,86,0,382.700
4617,6039,2,40,240,2736,4096,400,86,0,403.000
4618,6040,2,40,240,2736,4096,0,86,0,257.500
4619,6041,2,41,246,2736,4096,400,86,0,288.600
4620,6042,2,49,294,2736,4096,0,86,0,386.800
4621,6043,2,41,246,2736,4096,400,86,0,397.100
4622,6044,2,34,204,2736,4096,0,86,0,447.800
4623,6045,2,57,342,2736,4096,400,86,0,376.400
4624,6046,2,53,318,2736,4096,0,86,0,497.400
4625,6047,2,52,312,2736,4096,400,86,0,399.800
4626,6048,2,51,306,2736,4096,0,86,0,410.100
4627,6049,2,48,288,2736,4096,400,86,0,297.200
4628,6050,2,56,336,2736,4096,0,86,0,323.900
4629,6051,2,48,288,2736,4096,400,86,0,314.400
4630,6052,2,50,300,2736,4096,0,86,0,331.500
4631,6053,2,50,300,2736,4096,400,86,0,247.600
4632,6054,2,54,324,2736,4096,0,86,0,284.600
4633,6055,2,46,276,2736,4096,400,86,0,467.300
4634,6056,2,47,282,2736,4096,0,86,0,366.400
4635,6057,2,46,279,2736,4096,400,86,0,319.600
4636,6058,2,46,279,2736,4096,0,86,0,358.600
4637,6059,2,39,237,2736,4096,400,86,0,453.700
4638,6060,2,48,288,2736,4096,0,86,0,315.400
4639,6061,2,48,288,2736,4096,400,86,0,369.600
4640,6062,2,44,264,2736,4096,0,86,0,416.000
4641,6063,2,41,246,2736,4096,400,86,0,358.200
4642,6064,2,41,246,2736,4096,0,86,0,372.300
4643,6065,2,41,246,2736,4096,400,86,0,422.100
4644,6066,2,41,246,2736,4096,0,86,0,324.800
4645,6067,2,51,303,2736,4096,400,86,0,328.300
4646,6068,2,43,258,2736,4096,0,86,0,299.800
4647,6069,2,47,282,2736,4096,400,86,0,376.200
4648,6070,2,47,282,2736,4096,0,86,0,324.000
4649,6071,2,56,336,2736,4096,400,86,0,393.900
4650,6072,2,42,252,2736,4096,0,86,0,313.500
4651,6073,2,42,252,2736,4096,400,86,0,296.400
4652,6074,2,50,300,2736,4096,0,86,0,415.100
4653,6075,2,50,300,2736,4096,400,86,0,352.000
4654,6076,2,44,267,2736,4096,0,86,0,347.400
4655,6077,2,49,297,2736,4096,400,86,0,357.600
4656,6078,2,42,252,2736,4096,0,86,0,264.200
4657,6079,2,42,252,2736,4096,400,86,0,441.800
4658,6080,2,42,252,2736,4096,0,86,0,360.200
4659,6081,2,48,288,2736,4096,400,86,0,297.700
4660,6082,2,40,240,2736,4096,0,86,0,313.600
4661,6083,2,25,150,2736,4096,400,86,0,316.300
4662,6084,2,30,180,2736,4096,0,86,0,268.700
4663,6085,2,30,180,2736,4096,400,86,0,305.200
4664,6086,2,30,180,2736,4096,0,86,0,334.700
4665,6087,2,30,180,2736,4096,400,86,0,417.900
4666,6088,2,30,180,2736,4096,0,86,0,271.100
4667,6089,2,34,204,2736,4096,400,86,0,273.600
4668,6090,2,34,204,2736,4096,0,86,0,281.400
4669,6091,2,34,204,2736,4096,400,86,0,320.900
4670,6092,2,32,192,2736,4096,0,86,0,254.500
4671,6093,2,32,192,2736,4096,400,86,0,317.700
4672,6094,2,20,120,2736,4096,0,86,0,261.400
4673,6095,2,20,120,2736,4096,400,86,0,365.600
4674,6096,2,20,120,2736,4096,0,86,0,671.000
4675,6097,2,22,132,2736,4096,400,86,0,281.800
4676,6098,2,18,108,2736,4096,0,86,0,268.700
4677,6099,2,20,120,2736,4096,400,86,0,390.000
4678,6100,2,14,84,2736,4096,0,86,0,231.400
4679,6101,2,14,84,2736,4096,400,86,0,326.400
4680,6102,2,14,84,2736,4096,0,86,0,353.300
4681,6103,2,14,84,2736,4096,400,86,0,311.900
4682,6104,2,14,84,2736,4096,0,86,0,357.900
4683,6105,2,15,90,2736,4096,400,86,0,314.800
4684,6106,2,15,90,2736,4096,0,86,0,233.500
4685,6107,2,13,78,2736,4096,400,86,0,296.800
4686,6108,2,19,114,2736,4096,0,86,0,248.300
4687,6109,2,14,84,2736,4096,400,86,0,216.400
4688,6110,2,14,84,2736,4096,0,86,0,348.600
4689,6111,2,22,129,2736,4096,400,86,0,367.700
4690,6112,2,17,102,2736,4096,0,86,0,267.600
4691,6113,2,17,102,2736,4096,400,86,0,310.400
4692,6114,2,19,114,2736,4096,0,86,0,384.900
4693,6115,2,19,114,2736,4096,400,86,0,314.900
4694,6116,2,28,168,2736,4096,0,86,0,263.700
4695,6117,2,34,204,2736,4096,400,86,0,268.300
4696,6118,2,34,207,2736,4096,0,86,0,279.300
4697,6119,2,29,174,2736,4096,400,86,0,288.200
4698,6120,2,23,138,2736,4096,0,86,0,297.300
4699,6121,2,23,138,2736,4096,400,86,0,300.700
4700,6122,2,32,192,2736,4096,0,86,0,247.900
4701,6123,2,34,204,2736,4096,400,86,0,221.200
4702,6124,2,43,261,2736,4096,0,86,0,300.600
4703,6125,2,35,210,2736,4096,400,86,0,312.600
4704,6126,2,25,150,2736,4096,0,86,0,390.000
4705,6127,2,43,261,2736,4096,400,86,0,293.000
4706,6128,2,35,210,2736,4096,0,86,0,349.300
4707,6129,2,34,204,2736,4096,400,86,0,311.500
4708,6130,2,19,114,2736,4096,0,86,0,275.700
4709,6131,2,25,150,2736,4096,400,86,0,454.900
4710,6132,2,25,150,2736,4096,0,86,0,312.500
4711,6133,2,13,78,2736,4096,400,86,0,358.700
4712,6134,2,2,12,2736,4096,0,86,0,275.600
4713,6135,2,2,12,2736,4096,400,86,0,277.500
4714,6136,2,2,12,2736,4096,0,86,0,242.000
4715,6137,2,5,30,2736,4096,400,86,0,271.200
4716,6138,2,5,30,2736,4096,0,86,0,316.300
4717,6139,2,5,30,2736,4096,400,86,0,324.100
4718,6140,2,9,54,2736,4096,0,86,0,321.900
4719,6141,2,11,66,2736,4096,400,86,0,384.900
4720,6142,2,19,114,2736,4096,0,86,0,275.600
4721,6143,2,34,207,2736,4096,400,86,0,314.500
4722,6144,2,26,156,2736,4096,0,86,0,400.100
4723,6145,2,64,387,2736,4096,400,86,0,505.000
4724,6146,2,114,684,2736,4096,0,86,0,271.700
4725,6147,2,110,660,2736,4096,400,86,0,369.700
4726,6148,2,110,660,2736,4096,0,86,0,274.000
4727,6149,2,145,870,2736,4096,400,86,0,321.900
4728,6150,2,152,912,2736,4096,0,86,0,286.300
4729,6151,2,186,1116,2736,4096,400,86,0,316.200
4730,6152,2,95,570,2736,4096,0,86,0,273.600
4731,6153,2,125,750,2736,4096,400,86,0,339.100
4732,6154,2,130,780,2736,4096,0,86,0,395.700
4733,6155,2,179,1074,2736,4096,400,86,0,274.700
4734,6156,2,227,1362,2736,4096,0,86,0,412.500
4735,6157,2,295,1770,2736,4096,400,86,0,317.300
4736,6158,2,324,1944,2736,4096,0,86,0,381.700
4737,6159,2,358,2148,2736,4096,400,86,0,318.500
4738,6160,2,370,2220,2736,4096,0,86,0,326.400
4739,6161,2,431,2586,2736,4096,400,86,0,426.500
4740,6162,2,432,2592,2736,4096,0,86,0,341.500
4741,6163,2,407,2442,2736,4096,400,86,0,340.000
4742,6164,2,413,2478,2736,4096,0,86,0,365.500
4743,6165,2,453,2721,2736,4096,400,86,0,342.100
4744,6166,2,460,2763,2736,4096,0,86,0,367.300
4745,6167,2,466,2799,2736,4096,400,86,0,321.600
4746,6168,2,464,2784,2736,4096,0,86,0,285.300
4747,6169,2,464,2784,2736,4096,400,86,0,347.400
4748,6170,2,465,2790,2736,4096,0,86,0,425.200
4749,6171,2,459,2754,2736,4096,400,86,0,378.400
4750,6172,2,463,2778,2736,4096,0,86,0,386.000
4751,6173,2,463,2778,2736,4096,400,86,0,375.500
4752,6174,2,463,2778,2736,4096,0,86,0,438.200
4753,6175,2,472,2832,2736,4096,400,86,0,371.100
4754,6176,2,473,2838,2736,4096,0,86,0,375.500
4755,6177,2,470,2820,2736,4096,400,86,0,363.100
4756,6178,2,479,2874,2736,4096,0,86,0,405.200
4757,6179,2,467,2802,2736,4096,400,86,0,1570.400
4758,6181,2,469,2814,2736,4096,0,86,0,586.800
4759,6183,2,454,2724,2736,4096,400,86,0,394.600
4760,6184,2,437,2622,2736,4096,0,86,0,520.600
4761,6185,2,455,2730,2736,4096,400,86,0,399.700
4762,6186,2,425,2550,2736,4096,0,86,0,436.000
4763,6187,2,425,2553,2736,4096,400,86,0,469.100
4764,6188,2,370,2220,2736,4096,0,86,0,277.900
4765,6189,2,345,2070,2736,4096,400,86,0,309.900
4766,6190,2,346,2076,2736,4096,0,86,0,283.200
4767,6191,2,304,1824,2736,4096,400,86,0,449.400
4768,6192,2,304,1824,2736,4096,0,86,0,289.800
4769,6193,2,305,1830,2736,4096,400,86,0,314.800
4770,6194,2,310,1860,2736,4096,0,86,0,321.300
4771,6195,2,347,2082,2736,4096,400,86,0,368.900
4772,6196,2,347,2082,2736,4096,0,86,0,300.700
4773,6197,2,323,1938,2736,4096,400,86,0,299.100
4774,6198,2,324,1944,2736,4096,0,86,0,370.700
4775,6199,2,325,1950,2736,4096,400,86,0,345.000
4776,6200,2,320,1920,2736,4096,0,86,0,436.300
4777,6201,2,332,1992,2736,4096,400,86,0,341.600
4778,6203,2,364,2184,2736,4096,0,86,0,385.600
4779,6205,2,352,2112,2736,4096,400,86,0,364.800
4780,6206,2,315,1890,2736,4096,0,86,0,292.700
4781,6207,2,333,2001,2736,4096,400,86,0,376.500
4782,6209,2,319,1914,2736,4096,0,86,0,302.600
4783,6210,2,292,1752,2736,4096,400,86,0,416.100
4784,6211,2,293,1758,2736,4096,0,86,0,243.200
4785,6212,2,340,2040,2736,4096,400,86,0,330.700
4786,6213,2,338,2028,2736,4096,0,86,0,400.300
4787,6214,2,382,2292,2736,4096,400,86,0,291.000
4788,6215,2,502,3012,2736,4096,0,86,0,343.000
4789,6216,2,527,3162,2736,4096,400,86,0,392.100
4790,6217,2,674,4044,2736,4096,0,86,0,406.600
4791,6218,2,702,4212,2736,4096,400,86,0,310.300
4792,6219,2,749,4494,2736,4096,0,86,0,439.400
4793,6220,2,793,4758,2736,4096,400,86,0,480.300
4794,6221,2,794,4764,2736,4096,0,86,0,372.300
4795,6222,2,899,5394,2736,4096,400,86,0,468.900
4796,6223,2,1027,6162,2736,4096,0,86,0,529.300
4797,6224,2,1246,7476,2736,4096,400,86,0,438.500
4798,6225,2,1512,9072,2736,4096,0,86,0,512.300
4799,6226,2,1739,10434,2736,4096,400,86,0,559.300
4800,6227,2,1795,10770,2736,4096,0,86,0,611.400
4801,6228,2,1691,10146,2736,4096,400,86,0,653.300
4802,6229,2,1504,9024,2736,4096,0,86,0,531.300
4803,6230,2,1482,8892,2736,4096,400,86,0,524.300
4804,6231,2,1465,8790,2736,4096,0,86,0,626.800
4805,6232,2,1498,8988,2736,4096,400,86,0,564.500
4806,6233,2,1467,8799,2736,4096,0,86,0,618.600
4807,6234,2,1465,8790,2736,4096,400,86,0,674.300
4808,6235,2,1231,7386,2736,4096,0,86,0,544.100
4809,6236,2,1074,6444,2736,4096,400,86,0,433.600
4810,6237,2,984,5904,2736,4096,0,86,0,491.100
4811,6238,2,903,5418,2736,4096,400,86,0,546.200
4812,6239,2,821,4926,2736,4096,0,86,0,447.300
4813,6240,2,786,4716,2736,4096,400,86,0,571.000
4814,6241,2,775,4650,2736,4096,0,86,0,423.900
4815,6242,2,732,4392,2736,4096,400,86,0,435.600
4816,6244,2,679,4074,2736,4096,0,86,0,303.100
4817,6245,2,678,4068,2736,4096,400,86,0,466.800
4818,6246,2,671,4026,2736,4096,0,86,0,546.300
4819,6247,2,671,4032,2736,4096,400,86,0,476.700
4820,6248,2,596,3576,2736,4096,0,86,0,367.800
4821,6249,2,596,3576,2736,4096,400,86,0,537.100
4822,6250,2,602,3615,2736,4096,0,86,0,481.900
4823,6251,2,596,3576,2736,4096,400,86,0,411.700
4824,6252,2,593,3558,2736,4096,0,86,0,500.300
4825,6253,2,599,3594,2736,4096,400,86,0,666.900
4826,6254,2,599,3594,2736,4096,0,86,0,440.500
4827,6255,2,571,3426,2736,4096,400,86,0,371.300
4828,6256,2,565,3390,2736,4096,0,86,0,479.800
4829,6257,2,564,3384,2736,4096,400,86,0,441.500
4830,6258,2,570,3420,2736,4096,0,86,0,431.100
4831,6259,2,557,3342,2736,4096,400,86,0,447.900
4832,6260,2,491,2946,2736,4096,0,86,0,516.200
4833,6261,2,485,2910,2736,4096,400,86,0,395.000
4834,6262,2,478,2868,2736,4096,0,86,0,403.700
4835,6263,2,484,2904,2736,4096,400,86,0,457.700
4836,6264,2,467,2802,2736,4096,0,86,0,433.700
4837,6265,2,516,3096,2736,4096,400,86,0,479.900
4838,6266,2,459,2754,2736,4096,0,86,0,494.900
4839,6267,2,397,2382,2736,4096,400,86,0,372.900
4840,6268,2,450,2700,2736,4096,0,86,0,549.300
4841,6269,2,364,2184,2736,4096,400,86,0,531.300
4842,6270,2,283,1698,2736,4096,0,86,0,435.400
4843,6271,2,221,1326,2736,4096,400,86,0,387.500
4844,6272,2,216,1296,2736,4096,0,86,0,582.900
4845,6273,2,234,1404,2736,4096,400,86,0,514.200
4846,6274,2,212,1272,2736,4096,0,86,0,438.800
4847,6275,2,176,1056,2736,4096,400,86,0,449.100
4848,6276,2,117,702,2736,4096,0,86,0,383.000
4849,6277,2,107,642,2736,4096,400,86,0,480.700
4850,6278,2,49,294,2736,4096,0,86,0,369.900
4851,6279,2,49,294,2736,4096,400,86,0,430.000
4852,6280,2,46,276,2736,4096,0,86,0,336.700
4853,6281,2,43,258,2736,4096,400,86,0,392.500
4854,6282,2,6,36,2736,4096,0,86,0,287.500
4855,6283,2,3,18,2736,4096,400,86,0,424.200
4856,6284,2,3,18,2736,4096,0,86,0,498.600
4857,6285,2,4,24,2736,4096,400,86,0,370.700
4858,6286,2,5,30,2736,4096,0,86,0,421.200
4859,6287,2,5,30,2736,4096,400,86,0,320.500
4860,6288,2,2,12,2736,4096,0,86,0,383.900
4861,6289,2,2,12,2736,4096,400,86,0,428.200
4862,6290,2,2,12,2736,4096,0,86,0,334.000
4863,6291,2,1,6,2736,4096,400,86,0,324.900
4864,6292,2,7,42,2736,4096,0,86,0,404.100
4865,6293,2,7,42,2736,4096,400,86,0,455.000
4866,6294,2,6,36,2736,4096,0,86,0,484.000
4867,6295,2,0,0,2736,4096,400,86,0,260.000
4868,6296,2,8,48,2736,4096,0,86,0,361.900
4869,6297,2,84,504,2736,4096,400,86,0,374.500
4870,6298,2,92,552,2736,4096,0,86,0,330.500
4871,6299,2,133,798,2736,4096,400,86,0,319.400
4872,6300,2,144,864,2736,4096,0,86,0,607.400
4873,6301,2,155,930,2736,4096,400,86,0,498.100
4874,6302,2,155,930,2736,4096,0,86,0,323.700
4875,6303,2,179,1071,2736,4096,400,86,0,427.200
4876,6304,2,259,1557,2736,4096,0,86,0,615.500
4877,6305,2,271,1626,2736,4096,400,86,0,598.900
4878,6306,2,271,1626,2736,4096,0,86,0,425.000
4879,6308,2,273,1638,2736,4096,400,86,0,460.000
4880,6309,2,273,1638,2736,4096,0,86,0,298.700
4881,6310,2,362,2172,2736,4096,400,86,0,363.400
4882,6311,2,345,2070,2736,4096,0,86,0,272.800
4883,6312,2,296,1776,2736,4096,400,86,0,359.300
4884,6313,2,336,2016,2736,4096,0,86,0,448.400
4885,6314,2,336,2016,2736,4096,400,86,0,360.400
4886,6315,2,334,2004,2736,4096,0,86,0,432.600
4887,6316,2,338,2025,2736,4096,400,86,0,340.800
4888,6317,2,332,1992,2736,4096,0,86,0,497.200
4889,6318,2,316,1896,2736,4096,400,86,0,345.100
4890,6319,2,324,1944,2736,4096,0,86,0,377.300
4891,6320,2,311,1866,2736,4096,400,86,0,262.100
4892,6321,2,349,2094,2736,4096,0,86,0,394.800
4893,6322,2,348,2088,2736,4096,400,86,0,410.900
4894,6323,2,382,2292,2736,4096,0,86,0,385.000
4895,6324,2,381,2286,2736,4096,400,86,0,490.400
4896,6325,2,380,2280,2736,4096,0,86,0,394.700
4897,6326,2,276,1656,2736,4096,400,86,0,318.900
4898,6327,2,242,1452,2736,4096,0,86,0,341.900
4899,6328,2,174,1044,2736,4096,400,86,0,412.300
4900,6329,2,169,1014,2736,4096,0,86,0,371.500
4901,6330,2,165,990,2736,4096,400,86,1,185579.700
4902,6331,2,164,984,2736,4096,0,86,0,1303.900
4903,6332,2,164,984,2736,4096,400,86,0,869.100
4904,6333,2,168,1008,2736,4096,0,86,0,873.000
4905,6334,2,169,1014,2736,4096,400,86,0,1384.400
4906,6335,2,169,1014,2736,4096,0,86,0,956.800
4907,6336,2,171,1026,2736,4096,400,86,0,1137.700
4908,6337,2,173,1038,2736,4096,0,86,0,1184.000
4909,6338,2,166,996,2736,4096,400,86,0,1020.200
4910,6339,2,167,1002,2736,4096,0,86,0,1023.000
4911,6340,2,168,1008,2736,4096,400,86,0,438.400
4912,6341,2,169,1014,2736,4096,0,86,0,498.600
4913,6342,2,174,1044,2736,4096,400,86,0,409.300
4914,6343,2,174,1044,2736,4096,0,86,0,12523.500
4915,6345,2,171,1026,2736,4096,400,86,0,509.500
4916,6346,2,174,1044,2736,4096,0,86,0,413.500
4917,6347,2,209,1254,2736,4096,400,86,0,711.300
4918,6348,2,204,1224,2736,4096,0,86,0,564.200
4919,6349,2,254,1524,2736,4096,400,86,0,449.200
4920,6350,2,217,1302,2736,4096,0,86,0,637.200
4921,6351,2,217,1302,2736,4096,400,86,0,339.000
4922,6352,2,217,1302,2736,4096,0,86,0,379.900
4923,6353,2,213,1278,2736,4096,400,86,0,488.100
4924,6354,2,273,1644,2736,4096,0,86,0,503.600
4925,6355,2,266,1596,2736,4096,400,86,0,392.000
4926,6356,2,267,1602,2736,4096,0,86,0,16466.400
4927,6358,2,310,1863,2736,4096,400,86,0,546.200
4928,6359,2,310,1860,2736,4096,0,86,0,579.700
4929,6360,2,312,1872,2736,4096,400,86,0,549.900
4930,6361,2,308,1848,2736,4096,0,86,0,323.800
4931,6362,2,287,1722,2736,4096,400,86,0,497.900
4932,6363,2,288,1728,2736,4096,0,86,0,561.600
4933,6364,2,299,1794,2736,4096,400,86,0,859.300
4934,6365,2,292,1752,2736,4096,0,86,0,561.200
4935,6366,2,292,1752,2736,4096,400,86,0,659.400
4936,6367,2,329,1974,2736,4096,0,86,0,749.900
4937,6368,2,376,2256,2736,4096,400,86,0,667.000
4938,6369,2,376,2256,2736,4096,0,86,0,533.600
4939,6370,2,376,2256,2736,4096,400,86,0,544.000
4940,6371,2,375,2250,2736,4096,0,86,0,493.300
4941,6372,2,375,2250,2736,4096,400,86,0,430.200
4942,6373,2,375,2250,2736,4096,0,86,0,653.200
4943,6374,2,377,2262,2736,4096,400,86,0,816.200
4944,6375,2,381,2286,2736,4096,0,86,0,835.000
4945,6376,2,353,2118,2736,4096,400,86,0,856.200
4946,6377,2,352,2112,2736,4096,0,86,0,459.500
4947,6378,2,351,2106,2736,4096,400,86,0,685.000
4948,6379,2,346,2076,2736,4096,0,86,0,358.900
4949,6380,2,383,2298,2736,4096,400,86,0,445.000
4950,6381,2,382,2292,2736,4096,0,86,0,358.800
4951,6382,2,376,2256,2736,4096,400,86,0,394.800
4952,6383,2,381,2286,2736,4096,0,86,0,272.900
4953,6384,2,384,2304,2736,4096,400,86,0,595.300
4954,6385,2,341,2046,2736,4096,0,86,0,503.200
4955,6386,2,341,2046,2736,4096,400,86,0,451.500
4956,6387,2,378,2268,2736,4096,0,86,0,434.000
4957,6388,2,527,3162,2736,4096,400,86,0,325.100
4958,6389,2,492,2952,2736,4096,0,86,0,303.500
4959,6390,2,495,2970,2736,4096,400,86,0,333.900
4960,6391,2,500,3000,2736,4096,0,86,0,328.000
4961,6392,2,519,3114,2736,4096,400,86,0,382.700
4962,6393,2,547,3282,2736,4096,0,86,0,370.100
4963,6394,2,507,3042,2736,4096,400,86,0,470.200
4964,6395,2,481,2886,2736,4096,0,86,0,402.400
4965,6396,2,577,3462,2736,4096,400,86,0,398.400
4966,6397,2,613,3678,2736,4096,0,86,0,423.000
4967,6398,2,590,3540,2736,4096,400,86,0,382.700
4968,6399,2,460,2760,2736,4096,0,86,0,315.300
4969,6400,2,456,2736,2736,4096,400,86,0,423.700
4970,6401,2,418,2508,2736,4096,0,86,0,322.700
4971,6402,2,474,2844,2736,4096,400,86,0,360.900
4972,6403,2,511,3066,2736,4096,0,86,0,304.000
4973,6404,2,458,2748,2736,4096,400,86,0,492.100
4974,6405,2,390,2340,2736,4096,0,86,0,470.500
4975,6406,2,304,1824,2736,4096,400,86,0,336.200
4976,6407,2,299,1794,2736,4096,0,86,0,488.100
4977,6408,2,360,2160,2736,4096,400,86,0,637.000
4978,6409,2,353,2118,2736,4096,0,86,0,425.100
4979,6410,2,272,1632,2736,4096,400,86,0,408.400
4980,6411,2,238,1428,2736,4096,0,86,0,346.600
4981,6412,2,159,957,2736,4096,400,86,0,437.100
4982,6413,2,113,678,2736,4096,0,86,0,274.900
4983,6414,2,16,96,2736,4096,400,86,0,310.800
4984,6415,2,16,96,2736,4096,0,86,0,424.100
4985,6416,2,6,36,2736,4096,400,86,0,415.400
4986,6417,2,6,36,2736,4096,0,86,0,434.300
4987,6418,2,0,0,2736,4096,400,86,0,327.900
4988,6419,2,0,0,2736,4096,0,86,0,289.400
4989,6420,2,3,18,2736,4096,400,86,0,559.100
4990,6421,2,39,234,2736,4096,0,86,0,560.800
4991,6422,2,5,30,2736,4096,400,86,0,499.800
4992,6423,2,6,36,2736,4096,0,86,0,327.700
4993,6424,2,0,0,2736,4096,400,86,0,268.800
4994,6425,2,0,0,2736,4096,0,86,0,335.000
4995,6426,2,0,0,2736,4096,400,86,0,323.400
4996,6427,2,0,0,2736,4096,0,86,0,314.200
4997,6428,2,0,0,2736,4096,400,86,0,258.700
4998,6429,2,6,36,2736,4096,0,86,0,285.800
4999,6430,2,6,36,2736,4096,400,86,0,288.600
5000,6431,2,0,0,2736,4096,0,86,0,304.000
5001,6432,2,0,0,2736,4096,400,86,0,242.700
5002,6433,2,0,0,2736,4096,0,86,0,261.200
5003,6434,2,43,258,2736,4096,400,86,0,496.100
5004,6435,2,43,258,2736,4096,0,86,0,512.200
5005,6436,2,37,222,2736,4096,400,86,0,398.600
5006,6437,2,37,222,2736,4096,0,86,0,520.300
5007,6438,2,37,222,2736,4096,400,86,0,472.600
5008,6439,2,8,48,2736,4096,0,86,0,407.700
5009,6440,2,6,36,2736,4096,400,86,0,425.400
5010,6441,2,6,36,2736,4096,0,86,0,496.000
5011,6442,2,3,18,2736,4096,400,86,0,330.400
5012,6443,2,3,18,2736,4096,0,86,0,475.700
5013,6444,2,9,54,2736,4096,400,86,0,337.700
5014,6445,2,6,36,2736,4096,0,86,0,375.500
5015,6446,2,6,36,2736,4096,400,86,0,415.800
5016,6447,2,6,36,2736,4096,0,86,0,423.800
5017,6448,2,6,36,2736,4096,400,86,0,327.800
5018,6449,2,0,0,2736,4096,0,86,0,229.200
5019,6450,2,0,0,2736,4096,400,86,0,245.600
5020,6451,2,0,0,2736,4096,0,86,0,254.500
5021,6452,2,6,36,2736,4096,400,86,0,402.700
5022,6453,2,6,36,2736,4096,0,86,0,302.000
5023,6454,2,6,36,2736,4096,400,86,0,317.100
5024,6455,2,6,36,2736,4096,0,86,0,369.700
5025,6456,2,6,36,2736,4096,400,86,0,310.500
5026,6457,2,6,36,2736,4096,0,86,0,341.600
5027,6458,2,6,36,2736,4096,400,86,0,231.900
5028,6459,2,6,36,2736,4096,0,86,0,346.400
5029,6460,2,6,36,2736,4096,400,86,0,562.700
5030,6461,2,0,0,2736,4096,0,86,0,226.200
5031,6462,2,0,0,2736,4096,400,86,0,237.900
5032,6463,2,0,0,2736,4096,0,86,0,221.100
5033,6464,2,0,0,2736,4096,400,86,0,242.300
5034,6465,2,0,0,2736,4096,0,86,0,278.800
5035,6466,2,0,0,2736,4096,400,86,0,323.100
5036,6467,2,0,0,2736,4096,0,86,0,246.600
5037,6468,2,0,0,2736,4096,400,86,0,296.400
5038,6469,2,0,0,2736,4096,0,86,0,246.100
5039,6470,2,0,0,2736,4096,400,86,0,214.600
5040,6471,2,0,0,2736,4096,0,86,0,310.900
5041,6472,2,0,0,2736,4096,400,86,0,214.300
5042,6473,2,0,0,2736,4096,0,86,0,215.200
5043,6474,2,6,36,2736,4096,400,86,0,323.900
5044,6475,2,6,36,2736,4096,0,86,0,303.000
5045,6476,2,14,84,2736,4096,400,86,0,325.900
5046,6477,2,8,48,2736,4096,0,86,0,378.000
5047,6478,2,8,48,2736,4096,400,86,0,386.100
5048,6479,2,8,48,2736,4096,0,86,0,381.600
5049,6480,2,8,48,2736,4096,400,86,0,518.500
5050,6481,2,8,48,2736,4096,0,86,0,311.000
5051,6482,2,8,48,2736,4096,400,86,0,465.000
5052,6483,2,66,399,2736,4096,0,86,0,337.100
5053,6484,2,43,258,2736,4096,400,86,0,484.400
5054,6485,2,36,216,2736,4096,0,86,0,389.400
5055,6486,2,10,60,2736,4096,400,86,0,346.700
5056,6487,2,6,36,2736,4096,0,86,0,323.800
5057,6488,2,0,0,2736,4096,400,86,0,279.100
5058,6489,2,0,0,2736,4096,0,86,0,234.900
5059,6490,2,0,0,2736,4096,400,86,0,232.100
5060,6491,2,0,0,2736,4096,0,86,0,214.600
5061,6492,2,0,0,2736,4096,400,86,0,286.400
5062,6493,2,0,0,2736,4096,0,86,0,171.400
5063,6494,2,0,0,2736,4096,400,86,0,206.500
5064,6495,2,0,0,2736,4096,0,86,0,301.100
5065,6496,2,27,162,2736,4096,400,86,0,414.400
5066,6497,2,0,0,2736,4096,0,86,0,202.800
5067,6498,2,0,0,2736,4096,400,86,0,220.900
5068,6499,2,0,0,2736,4096,0,86,0,252.800
5069,6500,2,25,156,2736,4096,400,86,0,343.100
5070,6501,2,22,132,2736,4096,0,86,0,350.500
5071,6502,2,0,0,2736,4096,400,86,0,223.200
5072,6503,2,0,0,2736,4096,0,86,0,225.100
5073,6504,2,0,0,2736,4096,400,86,0,213.700
5074,6505,2,0,0,2736,4096,0,86,0,200.000
5075,6506,2,0,0,2736,4096,400,86,0,202.200
5076,6507,2,0,0,2736,4096,0,86,0,231.600
5077,6508,2,0,0,2736,4096,400,86,0,141.400
5078,6509,2,0,0,2736,4096,0,86,0,197.600
5079,6510,2,0,0,2736,4096,400,86,0,177.200
5080,6511,2,0,0,2736,4096,0,86,0,218.400
5081,6512,2,0,0,2736,4096,400,86,0,197.400
5082,6513,2,0,0,2736,4096,0,86,0,175.100
5083,6514,2,0,0,2736,4096,400,86,0,191.200
5084,6515,2,0,0,2736,4096,0,86,0,194.700
5085,6516,2,6,36,2736,4096,400,86,0,323.400
5086,6517,2,0,0,2736,4096,0,86,0,363.400
5087,6518,2,0,0,2736,4096,400,86,0,179.900
5088,6519,2,0,0,2736,4096,0,86,0,284.100
5089,6520,2,0,0,2736,4096,400,86,0,215.100
5090,6521,2,0,0,2736,4096,0,86,0,212.900
5091,6522,2,0,0,2736,4096,400,86,0,235.700
5092,6523,2,0,0,2736,4096,0,86,0,201.400
5093,6524,2,0,0,2736,4096,400,86,0,231.700
5094,6525,2,0,0,2736,4096,0,86,0,221.200
5095,6526,2,0,0,2736,4096,400,86,0,284.600
5096,6527,2,0,0,2736,4096,0,86,0,232.000
5097,6528,2,0,0,2736,4096,400,86,0,303.700
5098,6529,2,0,0,2736,4096,0,86,0,188.800
5099,6530,2,0,0,2736,4096,400,86,0,160.600
5100,6531,2,0,0,2736,4096,0,86,0,167.400
5101,6532,2,0,0,2736,4096,400,86,0,306.800
5102,6533,2,0,0,2736,4096,0,86,0,167.700
5103,6534,2,68,408,2736,4096,400,86,0,248.500
5104,6535,2,68,408,2736,4096,0,86,0,363.200
5105,6536,2,64,384,2736,4096,400,86,0,418.300
5106,6537,2,64,384,2736,4096,0,86,0,304.600
5107,6538,2,240,1440,2736,4096,400,86,0,362.200
5108,6539,2,174,1044,2736,4096,0,86,0,418.300
5109,6540,2,174,1044,2736,4096,400,86,0,548.100
5110,6541,2,242,1452,2736,4096,0,86,0,360.800
5111,6542,2,225,1350,2736,4096,400,86,0,343.900
5112,6543,2,157,942,2736,4096,0,86,0,316.900
5113,6544,2,157,942,2736,4096,400,86,0,442.800
5114,6545,2,165,990,2736,4096,0,86,0,268.500
5115,6546,2,165,990,2736,4096,400,86,0,388.600
5116,6547,2,165,990,2736,4096,0,86,0,300.100
5117,6548,2,165,990,2736,4096,400,86,0,410.200
5118,6549,2,165,990,2736,4096,0,86,0,337.300
5119,6550,2,165,990,2736,4096,400,86,0,250.000
5120,6551,2,165,990,2736,4096,0,86,0,346.800
5121,6552,2,165,990,2736,4096,400,86,0,357.600
5122,6553,2,166,996,2736,4096,0,86,0,351.000
5123,6554,2,166,996,2736,4096,400,86,0,341.800
5124,6555,2,165,990,2736,4096,0,86,0,347.900
5125,6556,2,165,990,2736,4096,400,86,0,344.800
5126,6557,2,165,990,2736,4096,0,86,0,371.200
5127,6558,2,165,990,2736,4096,400,86,0,328.200
5128,6559,2,165,990,2736,4096,0,86,0,496.100
5129,6560,2,165,990,2736,4096,400,86,0,359.000
5130,6561,2,165,990,2736,4096,0,86,0,338.800
5131,6562,2,165,990,2736,4096,400,86,0,386.200
5132,6563,2,165,990,2736,4096,0,86,0,482.300
5133,6564,2,165,990,2736,4096,400,86,0,437.400
5134,6565,2,165,990,2736,4096,0,86,0,420.700
5135,6566,2,165,990,2736,4096,400,86,0,394.000
5136,6567,2,165,990,2736,4096,0,86,0,428.200
5137,6568,2,165,990,2736,4096,400,86,0,394.600
5138,6569,2,165,990,2736,4096,0,86,0,441.700
5139,6570,2,166,996,2736,4096,400,86,0,461.600
5140,6571,2,166,996,2736,4096,0,86,0,273.200
5141,6572,2,166,996,2736,4096,400,86,0,412.200
5142,6573,2,166,996,2736,4096,0,86,0,348.400
5143,6574,2,187,1122,2736,4096,400,86,0,437.000
5144,6575,2,187,1122,2736,4096,0,86,0,335.700
5145,6576,2,179,1074,2736,4096,400,86,0,410.000
5146,6577,2,157,942,2736,4096,0,86,0,356.700
5147,6578,2,157,942,2736,4096,400,86,0,379.300
5148,6579,2,157,942,2736,4096,0,86,0,322.000
5149,6580,2,157,942,2736,4096,400,86,0,361.700
5150,6581,2,221,1326,2736,4096,0,86,0,421.200
5151,6582,2,223,1338,2736,4096,400,86,0,465.100
5152,6583,2,225,1350,2736,4096,0,86,0,418.100
5153,6584,2,225,1350,2736,4096,400,86,0,363.100
5154,6585,2,224,1344,2736,4096,0,86,0,319.200
5155,6586,2,156,936,2736,4096,400,86,0,397.100
5156,6587,2,156,936,2736,4096,0,86,0,383.000
5157,6588,2,156,936,2736,4096,400,86,0,328.200
5158,6589,2,156,936,2736,4096,0,86,0,386.700
5159,6590,2,156,936,2736,4096,400,86,0,349.100
5160,6591,2,156,936,2736,4096,0,86,0,409.400
5161,6592,2,156,936,2736,4096,400,86,0,394.000
5162,6593,2,156,936,2736,4096,0,86,0,561.000
5163,6594,2,156,936,2736,4096,400,86,0,373.300
5164,6595,2,171,1026,2736,4096,0,86,0,315.900
5165,6596,2,171,1026,2736,4096,400,86,0,246.500
5166,6597,2,180,1080,2736,4096,0,86,0,302.900
5167,6598,2,198,1188,2736,4096,400,86,0,317.300
5168,6599,2,183,1098,2736,4096,0,86,0,502.200
5169,6600,2,183,1098,2736,4096,400,86,0,555.400
5170,6601,2,198,1188,2736,4096,0,86,0,343.000
5171,6602,2,193,1158,2736,4096,400,86,0,409.600
5172,6603,2,193,1158,2736,4096,0,86,0,340.400
5173,6604,2,193,1158,2736,4096,400,86,0,332.400
5174,6605,2,178,1068,2736,4096,0,86,0,300.300
5175,6606,2,178,1068,2736,4096,400,86,0,495.400
5176,6607,2,186,1116,2736,4096,0,86,0,433.700
5177,6608,2,186,1116,2736,4096,400,86,0,364.100
5178,6609,2,186,1116,2736,4096,0,86,0,502.400
5179,6610,2,186,1116,2736,4096,400,86,0,336.500
5180,6611,2,186,1116,2736,4096,0,86,0,270.800
5181,6612,2,186,1116,2736,4096,400,86,0,356.600
5182,6613,2,186,1116,2736,4096,0,86,0,351.600
5183,6614,2,186,1116,2736,4096,400,86,0,403.500
5184,6615,2,178,1068,2736,4096,0,86,0,378.500
5185,6616,2,178,1068,2736,4096,400,86,0,357.000
5186,6617,2,178,1068,2736,4096,0,86,0,281.500
5187,6618,2,178,1068,2736,4096,400,86,0,335.700
5188,6619,2,178,1068,2736,4096,0,86,0,265.200
5189,6620,2,178,1068,2736,4096,400,86,0,289.200
5190,6621,2,193,1158,2736,4096,0,86,0,409.200
5191,6623,2,185,1110,2736,4096,400,86,0,371.700
5192,6624,2,187,1122,2736,4096,0,86,0,353.400
5193,6625,2,188,1128,2736,4096,400,86,0,278.700
5194,6626,2,188,1128,2736,4096,0,86,0,404.000
5195,6627,2,198,1188,2736,4096,400,86,0,262.400
5196,6628,2,198,1188,2736,4096,0,86,0,419.900
5197,6629,2,198,1188,2736,4096,400,86,0,501.800
5198,6630,2,210,1260,2736,4096,0,86,0,275.900
5199,6631,2,203,1218,2736,4096,400,86,0,398.000
5200,6632,2,189,1134,2736,4096,0,86,0,328.900
5201,6633,2,189,1134,2736,4096,400,86,0,513.900
5202,6634,2,189,1134,2736,4096,0,86,0,212.300
5203,6635,2,188,1128,2736,4096,400,86,0,502.100
5204,6636,2,188,1128,2736,4096,0,86,0,405.900
5205,6637,2,187,1122,2736,4096,400,86,0,335.000
5206,6638,2,182,1092,2736,4096,0,86,0,339.800
5207,6639,2,182,1092,2736,4096,400,86,0,385.000
5208,6640,2,182,1092,2736,4096,0,86,0,389.100
5209,6641,2,183,1098,2736,4096,400,86,0,339.200
5210,6642,2,191,1146,2736,4096,0,86,0,324.800
5211,6643,2,259,1554,2736,4096,400,86,0,395.100
5212,6644,2,251,1506,2736,4096,0,86,0,327.800
5213,6645,2,183,1098,2736,4096,400,86,0,311.900
5214,6646,2,183,1098,2736,4096,0,86,0,433.500
5215,6647,2,176,1056,2736,4096,400,86,0,559.200
5216,6648,2,176,1056,2736,4096,0,86,0,306.700
5217,6649,2,176,1056,2736,4096,400,86,0,287.900
5218,6650,2,168,1008,2736,4096,0,86,0,262.800
5219,6651,2,176,1056,2736,4096,400,86,0,297.100
5220,6652,2,155,930,2736,4096,0,86,0,287.000
5221,6653,2,155,930,2736,4096,400,86,0,277.900
5222,6654,2,177,1062,2736,4096,0,86,0,401.400
5223,6655,2,171,1026,2736,4096,400,86,0,420.700
5224,6656,2,163,978,2736,4096,0,86,0,349.700
5225,6657,2,144,864,2736,4096,400,86,0,295.500
5226,6658,2,130,780,2736,4096,0,86,0,431.300
5227,6659,2,118,708,2736,4096,400,86,0,326.100
5228,6660,2,117,702,2736,4096,0,86,0,476.600
5229,6661,2,103,618,2736,4096,400,86,0,388.600
5230,6662,2,110,660,2736,4096,0,86,0,323.500
5231,6663,2,110,660,2736,4096,400,86,0,320.800
5232,6664,2,109,654,2736,4096,0,86,0,257.200
5233,6665,2,124,744,2736,4096,400,86,0,661.600
5234,6666,2,136,816,2736,4096,0,86,0,319.600
5235,6667,2,113,678,2736,4096,400,86,0,403.400
5236,6668,2,120,720,2736,4096,0,86,0,257.600
5237,6669,2,120,720,2736,4096,400,86,0,353.000
5238,6670,2,115,690,2736,4096,0,86,0,373.000
5239,6671,2,124,744,2736,4096,400,86,0,311.600
5240,6672,2,124,744,2736,4096,0,86,0,280.000
5241,6673,2,116,696,2736,4096,400,86,0,332.200
5242,6674,2,116,696,2736,4096,0,86,0,302.600
5243,6675,2,126,756,2736,4096,400,86,0,377.200
5244,6676,2,134,804,2736,4096,0,86,0,276.700
5245,6677,2,134,804,2736,4096,400,86,0,289.200
5246,6678,2,126,756,2736,4096,0,86,0,270.300
5247,6679,2,126,756,2736,4096,400,86,0,269.600
5248,6680,2,126,756,2736,4096,0,86,0,422.800
5249,6681,2,126,756,2736,4096,400,86,0,427.400
5250,6682,2,104,624,2736,4096,0,86,0,371.800
5251,6683,2,104,624,2736,4096,400,86,0,193.000
5252,6684,2,112,672,2736,4096,0,86,0,334.600
5253,6685,2,104,624,2736,4096,400,86,0,301.900
5254,6686,2,127,762,2736,4096,0,86,0,318.900
5255,6687,2,127,762,2736,4096,400,86,0,390.100
5256,6688,2,142,852,2736,4096,0,86,0,283.100
5257,6689,2,142,852,2736,4096,400,86,0,437.300
5258,6690,2,142,852,2736,4096,0,86,0,244.700
5259,6691,2,142,852,2736,4096,400,86,0,319.700
5260,6692,2,127,762,2736,4096,0,86,0,365.300
5261,6694,2,127,762,2736,4096,400,86,0,326.000
5262,6695,2,125,750,2736,4096,0,86,0,342.800
5263,6696,2,125,750,2736,4096,400,86,0,322.500
5264,6697,2,125,750,2736,4096,0,86,0,258.000
5265,6698,2,124,744,2736,4096,400,86,0,288.500
5266,6699,2,124,744,2736,4096,0,86,0,292.900
5267,6700,2,133,798,2736,4096,400,86,0,350.900
5268,6701,2,124,744,2736,4096,0,86,0,314.400
5269,6702,2,117,702,2736,4096,400,86,0,272.700
5270,6703,2,117,702,2736,4096,0,86,0,346.800
5271,6704,2,201,1206,2736,4096,400,86,0,309.600
5272,6705,2,222,1332,2736,4096,0,86,0,326.700
5273,6706,2,214,1284,2736,4096,400,86,0,353.300
5274,6707,2,268,1608,2736,4096,0,86,0,316.300
5275,6708,2,269,1614,2736,4096,400,86,0,393.100
5276,6709,2,201,1206,2736,4096,0,86,0,251.900
5277,6710,2,190,1140,2736,4096,400,86,0,283.600
5278,6711,2,168,1008,2736,4096,0,86,0,262.100
5279,6712,2,187,1122,2736,4096,400,86,0,286.800
5280,6713,2,128,768,2736,4096,0,86,0,262.400
5281,6714,2,141,846,2736,4096,400,86,0,317.700
5282,6715,2,118,708,2736,4096,0,86,0,314.100
5283,6716,2,139,834,2736,4096,400,86,0,270.000
5284,6717,2,147,882,2736,4096,0,86,0,318.300
5285,6718,2,131,786,2736,4096,400,86,0,334.000
5286,6719,2,164,984,2736,4096,0,86,0,249.100
5287,6720,2,140,840,2736,4096,400,86,0,436.200
5288,6721,2,144,864,2736,4096,0,86,0,390.600
5289,6722,2,177,1062,2736,4096,400,86,0,334.400
5290,6723,2,173,1038,2736,4096,0,86,0,262.700
5291,6724,2,181,1086,2736,4096,400,86,0,403.700
5292,6725,2,207,1242,2736,4096,0,86,0,319.400
5293,6726,2,224,1344,2736,4096,400,86,0,316.500
5294,6727,2,259,1554,2736,4096,0,86,0,317.500
5295,6728,2,259,1554,2736,4096,400,86,0,219.900
5296,6729,2,247,1482,2736,4096,0,86,0,307.800
5297,6730,2,250,1500,2736,4096,400,86,0,347.400
5298,6731,2,326,1956,2736,4096,0,86,0,375.900
5299,6732,2,320,1920,2736,4096,400,86,0,332.600
5300,6733,2,321,1926,2736,4096,0,86,0,334.200
5301,6734,2,302,1812,2736,4096,400,86,0,327.700
5302,6735,2,312,1872,2736,4096,0,86,0,320.000
5303,6736,2,333,1998,2736,4096,400,86,0,445.900
5304,6737,2,319,1914,2736,4096,0,86,0,376.800
5305,6738,2,311,1866,2736,4096,400,86,0,494.700
5306,6739,2,279,1674,2736,4096,0,86,0,281.100
5307,6740,2,292,1752,2736,4096,400,86,0,333.200
5308,6741,2,282,1692,2736,4096,0,86,0,484.900
5309,6742,2,289,1734,2736,4096,400,86,0,371.900
5310,6743,2,290,1740,2736,4096,0,86,0,381.000
5311,6744,2,282,1692,2736,4096,400,86,0,347.700
5312,6745,2,185,1110,2736,4096,0,86,0,302.200
5313,6746,2,183,1098,2736,4096,400,86,0,282.300
5314,6747,2,173,1038,2736,4096,0,86,0,467.200
5315,6748,2,174,1044,2736,4096,400,86,0,291.600
5316,6749,2,159,954,2736,4096,0,86,0,405.000
5317,6750,2,150,900,2736,4096,400,86,0,309.700
5318,6751,2,148,888,2736,4096,0,86,0,302.300
5319,6752,2,144,864,2736,4096,400,86,0,315.700
5320,6753,2,143,858,2736,4096,0,86,0,310.700
5321,6754,2,139,834,2736,4096,400,86,0,481.800
5322,6755,2,183,1098,2736,4096,0,86,0,300.700
5323,6756,2,183,1098,2736,4096,400,86,0,295.600
5324,6757,2,193,1158,2736,4096,0,86,0,400.900
5325,6758,2,171,1026,2736,4096,400,86,0,376.000
5326,6759,2,183,1098,2736,4096,0,86,0,369.000
5327,6760,2,179,1074,2736,4096,400,86,0,301.600
5328,6761,2,173,1038,2736,4096,0,86,0,331.700
5329,6762,2,172,1032,2736,4096,400,86,0,330.900
5330,6763,2,220,1320,2736,4096,0,86,0,375.800
5331,6764,2,200,1200,2736,4096,400,86,0,385.500
5332,6765,2,217,1302,2736,4096,0,86,0,415.400
5333,6766,2,231,1386,2736,4096,400,86,0,311.000
5334,6768,2,194,1164,2736,4096,0,86,0,299.000
5335,6769,2,158,948,2736,4096,400,86,0,382.100
5336,6770,2,180,1080,2736,4096,0,86,0,343.000
5337,6771,2,149,894,2736,4096,400,86,0,325.000
5338,6773,2,141,846,2736,4096,0,86,0,265.000
5339,6774,2,189,1134,2736,4096,400,86,0,371.500
5340,6775,2,189,1134,2736,4096,0,86,0,358.800
5341,6776,2,185,1110,2736,4096,400,86,0,335.200
5342,6777,2,249,1494,2736,4096,0,86,0,251.400
5343,6778,2,231,1386,2736,4096,400,86,0,336.200
5344,6779,2,222,1332,2736,4096,0,86,0,313.900
5345,6780,2,242,1452,2736,4096,400,86,0,437.300
5346,6781,2,253,1518,2736,4096,0,86,0,336.900
5347,6782,2,240,1440,2736,4096,400,86,0,315.500
5348,6783,2,278,1668,2736,4096,0,86,0,387.700
5349,6784,2,217,1302,2736,4096,400,86,0,420.900
5350,6785,2,249,1494,2736,4096,0,86,0,402.800
5351,6786,2,291,1746,2736,4096,400,86,0,371.900
5352,6787,2,301,1806,2736,4096,0,86,0,429.800
5353,6788,2,234,1404,2736,4096,400,86,0,283.200
5354,6789,2,219,1314,2736,4096,0,86,0,354.600
5355,6790,2,193,1158,2736,4096,400,86,0,286.700
5356,6791,2,185,1110,2736,4096,0,86,0,329.800
5357,6792,2,239,1434,2736,4096,400,86,0,432.800
5358,6793,2,219,1314,2736,4096,0,86,0,298.200
5359,6794,2,219,1314,2736,4096,400,86,0,322.200
5360,6796,2,180,1080,2736,4096,0,86,0,520.000
5361,6797,2,187,1122,2736,4096,400,86,0,390.700
5362,6798,2,195,1170,2736,4096,0,86,0,246.600
5363,6799,2,178,1068,2736,4096,400,86,0,356.500
5364,6800,2,156,936,2736,4096,0,86,0,420.100
5365,6801,2,148,888,2736,4096,400,86,0,364.300
5366,6802,2,140,840,2736,4096,0,86,0,331.400
5367,6803,2,90,540,2736,4096,400,86,0,281.000
5368,6804,2,90,540,2736,4096,0,86,0,348.100
5369,6805,2,90,540,2736,4096,400,86,0,285.400
5370,6806,2,90,540,2736,4096,0,86,0,454.200
5371,6807,2,86,516,2736,4096,400,86,0,386.800
5372,6809,2,86,516,2736,4096,0,86,0,355.400
5373,6810,2,86,516,2736,4096,400,86,0,659.300
5374,6811,2,115,690,2736,4096,0,86,0,418.600
5375,6812,2,136,816,2736,4096,400,86,0,549.100
5376,6813,2,109,654,2736,4096,0,86,0,383.300
5377,6814,2,109,654,2736,4096,400,86,0,413.200
5378,6815,2,107,642,2736,4096,0,86,0,444.200
5379,6816,2,106,636,2736,4096,400,86,0,337.500
5380,6817,2,86,516,2736,4096,0,86,0,353.900
5381,6819,2,86,516,2736,4096,400,86,0,319.100
5382,6820,2,88,528,2736,4096,0,86,0,388.600
5383,6821,2,88,528,2736,4096,400,86,0,295.000
5384,6822,2,88,528,2736,4096,0,86,0,315.100
5385,6823,2,138,828,2736,4096,400,86,0,352.700
5386,6824,2,146,876,2736,4096,0,86,0,344.900
5387,6825,2,154,924,2736,4096,400,86,0,336.000
5388,6826,2,162,972,2736,4096,0,86,0,307.300
5389,6827,2,170,1020,2736,4096,400,86,0,415.400
5390,6828,2,162,972,2736,4096,0,86,0,370.900
5391,6829,2,168,1008,2736,4096,400,86,0,439.800
5392,6830,2,182,1092,2736,4096,0,86,0,362.300
5393,6831,2,327,1962,2736,4096,400,86,0,513.600
5394,6832,2,335,2010,2736,4096,0,86,0,433.800
5395,6833,2,345,2070,2736,4096,400,86,0,350.600
5396,6834,2,369,2214,2736,4096,0,86,0,365.200
5397,6835,2,404,2424,2736,4096,400,86,0,464.700
5398,6836,2,414,2484,2736,4096,0,86,0,330.500
5399,6837,2,424,2544,2736,4096,400,86,0,381.400
5400,6838,2,424,2544,2736,4096,0,86,0,366.000
5401,6839,2,441,2646,2736,4096,400,86,0,528.700
5402,6840,2,442,2652,2736,4096,0,86,0,485.900
5403,6841,2,525,3150,2736,4096,400,86,0,452.400
5404,6842,2,533,3198,2736,4096,0,86,0,393.900
5405,6843,2,485,2910,2736,4096,400,86,0,396.000
5406,6844,2,507,3042,2736,4096,0,86,0,339.500
5407,6845,2,525,3150,2736,4096,400,86,0,384.500
5408,6846,2,543,3258,2736,4096,0,86,0,348.900
5409,6847,2,550,3300,2736,4096,400,86,0,624.400
5410,6848,2,548,3288,2736,4096,0,86,0,393.500
5411,6849,2,548,3288,2736,4096,400,86,0,412.700
5412,6850,2,540,3240,2736,4096,0,86,0,460.500
5413,6851,2,548,3288,2736,4096,400,86,0,481.400
5414,6852,2,543,3258,2736,4096,0,86,0,455.300
5415,6853,2,555,3330,2736,4096,400,86,0,389.600
5416,6854,2,555,3330,2736,4096,0,86,0,439.800
5417,6855,2,564,3384,2736,4096,400,86,0,438.700
5418,6856,2,578,3468,2736,4096,0,86,0,439.200
5419,6857,2,596,3576,2736,4096,400,86,0,541.000
5420,6858,2,619,3714,2736,4096,0,86,0,487.100
5421,6859,2,627,3762,2736,4096,400,86,0,334.400
5422,6860,2,620,3720,2736,4096,0,86,0,415.000
5423,6861,2,666,3996,2736,4096,400,86,0,527.300
5424,6862,2,649,3894,2736,4096,0,86,0,508.600
5425,6863,2,665,3990,2736,4096,400,86,0,379.500
5426,6864,2,590,3540,2736,4096,0,86,0,361.900
5427,6865,2,590,3540,2736,4096,400,86,0,396.400
5428,6866,2,589,3534,2736,4096,0,86,0,406.800
5429,6867,2,564,3384,2736,4096,400,86,0,463.900
5430,6868,2,531,3186,2736,4096,0,86,0,496.900
5431,6869,2,499,2994,2736,4096,400,86,0,461.000
5432,6870,2,506,3036,2736,4096,0,86,0,537.000
5433,6871,2,483,2898,2736,4096,400,86,0,333.700
5434,6872,2,467,2802,2736,4096,0,86,0,352.200
5435,6873,2,472,2832,2736,4096,400,86,0,319.800
5436,6874,2,455,2730,2736,4096,0,86,0,479.300
5437,6875,2,420,2520,2736,4096,400,86,0,456.400
5438,6876,2,446,2676,2736,4096,0,86,0,414.500
5439,6877,2,450,2700,2736,4096,400,86,0,342.500
5440,6878,2,430,2580,2736,4096,0,86,0,294.000
5441,6879,2,425,2550,2736,4096,400,86,0,378.100
5442,6880,2,413,2478,2736,4096,0,86,0,394.000
5443,6881,2,406,2436,2736,4096,400,86,0,432.700
5444,6882,2,407,2442,2736,4096,0,86,0,478.900
5445,6883,2,398,2388,2736,4096,400,86,0,434.900
5446,6884,2,398,2388,2736,4096,0,86,0,359.200
5447,6885,2,391,2346,2736,4096,400,86,0,351.800
5448,6886,2,412,2472,2736,4096,0,86,0,332.000
5449,6887,2,407,2442,2736,4096,400,86,0,381.600
5450,6888,2,385,2310,2736,4096,0,86,0,355.000
5451,6889,2,385,2310,2736,4096,400,86,0,334.700
5452,6890,2,346,2076,2736,4096,0,86,0,289.900
5453,6891,2,346,2076,2736,4096,400,86,0,293.400
5454,6892,2,346,2076,2736,4096,0,86,0,316.600
5455,6893,2,424,2544,2736,4096,400,86,0,290.000
5456,6894,2,442,2652,2736,4096,0,86,0,401.700
5457,6895,2,438,2628,2736,4096,400,86,0,294.300
5458,6896,2,431,2586,2736,4096,0,86,0,366.600
5459,6897,2,430,2580,2736,4096,400,86,0,287.500
5460,6898,2,424,2544,2736,4096,0,86,0,381.700
5461,6899,2,445,2670,2736,4096,400,86,0,398.000
5462,6900,2,457,2742,2736,4096,0,86,0,428.300
5463,6901,2,416,2496,2736,4096,400,86,0,415.700
5464,6902,2,430,2580,2736,4096,0,86,0,308.400
5465,6903,2,423,2538,2736,4096,400,86,0,422.600
5466,6904,2,392,2352,2736,4096,0,86,0,342.300
5467,6905,2,349,2094,2736,4096,400,86,0,463.800
5468,6906,2,364,2184,2736,4096,0,86,0,247.000
5469,6907,2,354,2124,2736,4096,400,86,0,466.400
5470,6908,2,412,2472,2736,4096,0,86,0,435.100
5471,6909,2,413,2478,2736,4096,400,86,0,686.000
5472,6910,2,367,2202,2736,4096,0,86,0,491.000
5473,6911,2,322,1932,2736,4096,400,86,0,319.700
5474,6912,2,337,2022,2736,4096,0,86,0,286.400
5475,6913,2,327,1962,2736,4096,400,86,0,321.900
5476,6914,2,317,1902,2736,4096,0,86,0,357.100
5477,6915,2,285,1710,2736,4096,400,86,0,298.100
5478,6916,2,262,1572,2736,4096,0,86,0,319.000
5479,6917,2,266,1596,2736,4096,400,86,0,393.400
5480,6918,2,250,1500,2736,4096,0,86,0,308.600
5481,6919,2,229,1374,2736,4096,400,86,0,344.200
5482,6920,2,289,1734,2736,4096,0,86,0,453.100
5483,6921,2,291,1746,2736,4096,400,86,0,499.100
5484,6922,2,256,1536,2736,4096,0,86,0,291.300
5485,6923,2,248,1488,2736,4096,400,86,0,470.200
5486,6924,2,244,1464,2736,4096,0,86,0,327.200
5487,6925,2,228,1368,2736,4096,400,86,0,382.400
5488,6926,2,220,1320,2736,4096,0,86,0,244.700
5489,6927,2,229,1374,2736,4096,400,86,0,415.100
5490,6928,2,221,1326,2736,4096,0,86,0,308.700
5491,6929,2,192,1152,2736,4096,400,86,0,392.000
5492,6930,2,177,1062,2736,4096,0,86,0,520.300
5493,6931,2,131,786,2736,4096,400,86,0,289.000
5494,6932,2,131,786,2736,4096,0,86,0,355.500
5495,6933,2,131,786,2736,4096,400,86,0,410.400
5496,6934,2,132,792,2736,4096,0,86,0,380.500
5497,6935,2,132,792,2736,4096,400,86,0,482.300
5498,6936,2,41,246,2736,4096,0,86,0,322.800
5499,6937,2,41,246,2736,4096,400,86,0,436.300
5500,6938,2,23,138,2736,4096,0,86,0,302.800
5501,6939,2,23,138,2736,4096,400,86,0,282.000
5502,6940,2,23,138,2736,4096,0,86,0,428.400
5503,6941,2,23,138,2736,4096,400,86,0,323.600
5504,6942,2,23,138,2736,4096,0,86,0,484.200
5505,6943,2,23,138,2736,4096,400,86,0,326.900
5506,6944,2,22,132,2736,4096,0,86,0,352.900
5507,6945,2,22,132,2736,4096,400,86,0,331.800
5508,6947,2,108,648,2736,4096,0,86,0,363.300
5509,6948,2,175,1050,2736,4096,400,86,0,479.200
5510,6949,2,154,924,2736,4096,0,86,0,368.400
5511,6950,2,157,942,2736,4096,400,86,0,374.000
5512,6951,2,172,1032,2736,4096,0,86,0,378.000
5513,6952,2,173,1038,2736,4096,400,86,0,420.500
5514,6953,2,173,1038,2736,4096,0,86,0,338.600
5515,6954,2,188,1128,2736,4096,400,86,0,385.100
5516,6955,2,282,1692,2736,4096,0,86,0,552.800
5517,6956,2,214,1284,2736,4096,400,86,0,396.700
5518,6957,2,215,1290,2736,4096,0,86,0,391.400
5519,6958,2,214,1284,2736,4096,400,86,0,308.400
5520,6959,2,219,1314,2736,4096,0,86,0,286.400
5521,6960,2,219,1314,2736,4096,400,86,0,503.500
5522,6961,2,239,1434,2736,4096,0,86,0,427.000
5523,6962,2,122,732,2736,4096,400,86,0,391.600
5524,6963,2,104,624,2736,4096,0,86,0,365.200
5525,6964,2,202,1212,2736,4096,400,86,0,343.700
5526,6965,2,295,1770,2736,4096,0,86,0,474.400
5527,6966,2,360,2160,2736,4096,400,86,0,457.400
5528,6967,2,371,2226,2736,4096,0,86,0,356.900
5529,6968,2,387,2322,2736,4096,400,86,0,426.200
5530,6969,2,353,2118,2736,4096,0,86,0,436.700
5531,6970,2,296,1776,2736,4096,400,86,0,714.500
5532,6971,2,285,1710,2736,4096,0,86,0,383.300
5533,6972,2,193,1158,2736,4096,400,86,0,326.500
5534,6973,2,214,1284,2736,4096,0,86,0,380.100
5535,6974,2,159,954,2736,4096,400,86,0,651.200
5536,6975,2,141,846,2736,4096,0,86,0,372.700
5537,6976,2,116,696,2736,4096,400,86,0,449.000
5538,6977,2,100,600,2736,4096,0,86,0,343.300
5539,6978,2,93,558,2736,4096,400,86,0,468.400
5540,6979,2,56,336,2736,4096,0,86,0,346.800
5541,6980,2,56,336,2736,4096,400,86,0,372.400
5542,6981,2,42,252,2736,4096,0,86,0,253.500
5543,6982,2,110,660,2736,4096,400,86,0,374.200
5544,6983,2,110,660,2736,4096,0,86,0,302.300
5545,6984,2,110,660,2736,4096,400,86,0,309.200
5546,6985,2,110,660,2736,4096,0,86,0,297.200
5547,6986,2,42,252,2736,4096,400,86,0,321.700
5548,6987,2,55,330,2736,4096,0,86,0,278.600
5549,6988,2,30,180,2736,4096,400,86,0,221.900
5550,6989,2,21,126,2736,4096,0,86,0,307.600
5551,6990,2,21,126,2736,4096,400,86,0,327.700
5552,6991,2,21,126,2736,4096,0,86,0,298.600
5553,6992,2,21,126,2736,4096,400,86,0,258.200
5554,6993,2,36,216,2736,4096,0,86,0,338.600
5555,6994,2,36,216,2736,4096,400,86,0,266.200
5556,6995,2,36,216,2736,4096,0,86,0,285.400
5557,6996,2,36,216,2736,4096,400,86,0,245.200
5558,6997,2,36,216,2736,4096,0,86,0,253.900
5559,6998,2,36,216,2736,4096,400,86,0,315.100
5560,6999,2,36,216,2736,4096,0,86,0,290.000
5561,7000,2,28,168,2736,4096,400,86,0,296.800
5562,7001,2,28,168,2736,4096,0,86,0,279.300
5563,7002,2,28,168,2736,4096,400,86,0,371.000
5564,7003,2,28,168,2736,4096,0,86,0,293.100
5565,7004,2,28,168,2736,4096,400,86,0,255.600
5566,7005,2,36,216,2736,4096,0,86,0,335.400
5567,7006,2,36,216,2736,4096,400,86,0,360.500
5568,7007,2,36,216,2736,4096,0,86,0,272.300
5569,7008,2,36,216,2736,4096,400,86,0,232.600
5570,7009,2,36,216,2736,4096,0,86,0,273.200
5571,7010,2,38,228,2736,4096,400,86,0,194.200
5572,7011,2,38,228,2736,4096,0,86,0,293.400
5573,7012,2,38,228,2736,4096,400,86,0,202.400
5574,7013,2,36,216,2736,4096,0,86,0,244.000
5575,7014,2,36,216,2736,4096,400,86,0,317.000
5576,7015,2,36,216,2736,4096,0,86,0,339.100
5577,7016,2,36,216,2736,4096,400,86,0,377.400
5578,7017,2,36,216,2736,4096,0,86,0,232.800
5579,7018,2,36,216,2736,4096,400,86,0,205.200
5580,7019,2,36,216,2736,4096,0,86,0,248.600
5581,7020,2,36,216,2736,4096,400,86,0,485.900
5582,7021,2,36,216,2736,4096,0,86,0,278.900
5583,7022,2,28,168,2736,4096,400,86,0,235.100
5584,7023,2,28,168,2736,4096,0,86,0,376.300
5585,7024,2,28,168,2736,4096,400,86,0,287.000
5586,7025,2,28,168,2736,4096,0,86,0,204.300
5587,7026,2,28,168,2736,4096,400,86,0,286.600
5588,7027,2,36,216,2736,4096,0,86,0,259.400
5589,7028,2,36,216,2736,4096,400,86,0,311.400
5590,7029,2,36,216,2736,4096,0,86,0,289.000
5591,7030,2,21,126,2736,4096,400,86,0,286.000
5592,7031,2,21,126,2736,4096,0,86,0,342.600
5593,7032,2,36,216,2736,4096,400,86,0,453.000
5594,7033,2,45,270,2736,4096,0,86,0,317.800
5595,7034,2,45,270,2736,4096,400,86,0,296.100
5596,7035,2,34,204,2736,4096,0,86,0,395.500
5597,7036,2,34,204,2736,4096,400,86,0,359.200
5598,7037,2,82,492,2736,4096,0,86,0,315.100
5599,7038,2,96,576,2736,4096,400,86,0,381.600
5600,7039,2,98,588,2736,4096,0,86,0,358.500
5601,7040,2,113,678,2736,4096,400,86,0,403.900
5602,7041,2,153,918,2736,4096,0,86,0,363.200
5603,7042,2,214,1284,2736,4096,400,86,0,309.500
5604,7043,2,231,1386,2736,4096,0,86,0,492.200
5605,7044,2,271,1626,2736,4096,400,86,0,343.800
5606,7045,2,286,1716,2736,4096,0,86,0,463.700
5607,7046,2,372,2232,2736,4096,400,86,0,353.000
5608,7047,2,371,2226,2736,4096,0,86,0,372.900
5609,7048,2,400,2400,2736,4096,400,86,0,308.900
5610,7049,2,500,3000,2736,4096,0,86,0,364.400
5611,7050,2,537,3222,2736,4096,400,86,0,417.000
5612,7051,2,583,3498,2736,4096,0,86,0,473.600
5613,7052,2,597,3582,2736,4096,400,86,0,338.300
5614,7053,2,638,3828,2736,4096,0,86,0,459.800
5615,7054,2,732,4392,2736,4096,400,86,0,610.600
5616,7055,2,664,3984,2736,4096,0,86,0,485.700
5617,7056,2,684,4104,2736,4096,400,86,0,446.500
5618,7057,2,626,3756,2736,4096,0,86,0,550.200
5619,7058,2,620,3720,2736,4096,400,86,0,434.300
5620,7059,2,630,3780,2736,4096,0,86,0,537.700
5621,7060,2,633,3798,2736,4096,400,86,0,418.300
5622,7061,2,459,2754,2736,4096,0,86,0,386.200
5623,7062,2,393,2358,2736,4096,400,86,0,443.600
5624,7063,2,335,2010,2736,4096,0,86,0,379.900
5625,7064,2,288,1728,2736,4096,400,86,0,494.100
5626,7065,2,246,1476,2736,4096,0,86,0,382.400
5627,7066,2,255,1530,2736,4096,400,86,0,462.600
5628,7067,2,211,1266,2736,4096,0,86,0,360.300
5629,7068,2,205,1230,2736,4096,400,86,0,465.500
5630,7069,2,193,1158,2736,4096,0,86,0,349.600
5631,7070,2,108,648,2736,4096,400,86,0,364.400
5632,7071,2,108,648,2736,4096,0,86,0,360.000
5633,7072,2,66,396,2736,4096,400,86,0,332.800
5634,7073,2,66,396,2736,4096,0,86,0,314.000
5635,7074,2,48,288,2736,4096,400,86,0,404.800
5636,7075,2,33,198,2736,4096,0,86,0,321.700
5637,7076,2,15,90,2736,4096,400,86,0,356.500
5638,7077,2,15,90,2736,4096,0,86,0,363.100
5639,7078,2,15,90,2736,4096,400,86,0,545.000
5640,7079,2,15,90,2736,4096,0,86,0,350.700
5641,7080,2,0,0,2736,4096,400,86,0,265.000
5642,7081,2,0,0,2736,4096,0,86,0,314.100
5643,7082,2,0,0,2736,4096,400,86,0,254.900
5644,7083,2,0,0,2736,4096,0,86,0,322.900
5645,7084,2,0,0,2736,4096,400,86,0,323.200
5646,7085,2,12,72,2736,4096,0,86,0,412.600
5647,7086,2,12,72,2736,4096,400,86,0,345.900
5648,7087,2,0,0,2736,4096,0,86,0,272.400
5649,7088,2,0,0,2736,4096,400,86,0,286.400
5650,7089,2,0,0,2736,4096,0,86,0,329.300
5651,7090,2,14,84,2736,4096,400,86,0,459.300
5652,7091,2,14,84,2736,4096,0,86,0,502.100
5653,7092,2,0,0,2736,4096,400,86,0,344.700
5654,7093,2,0,0,2736,4096,0,86,0,285.800
5655,7094,2,0,0,2736,4096,400,86,0,331.000
5656,7095,2,0,0,2736,4096,0,86,0,322.900
5657,7096,2,0,0,2736,4096,400,86,0,277.700
5658,7097,2,0,0,2736,4096,0,86,0,302.600
5659,7098,2,0,0,2736,4096,400,86,0,229.400
5660,7099,2,0,0,2736,4096,0,86,0,348.600
5661,7100,2,0,0,2736,4096,400,86,0,300.000
5662,7101,2,0,0,2736,4096,0,86,0,354.600
5663,7102,2,0,0,2736,4096,400,86,0,335.000
5664,7103,2,0,0,2736,4096,0,86,0,453.700
5665,7104,2,0,0,2736,4096,400,86,0,267.600
5666,7105,2,0,0,2736,4096,0,86,0,269.800
5667,7106,2,0,0,2736,4096,400,86,0,288.700
5668,7107,2,9,54,2736,4096,0,86,0,404.400
5669,7108,2,0,0,2736,4096,400,86,0,324.700
5670,7109,2,0,0,2736,4096,0,86,0,326.500
5671,7110,2,0,0,2736,4096,400,86,0,298.400
5672,7111,2,0,0,2736,4096,0,86,0,273.700
5673,7112,2,0,0,2736,4096,400,86,0,356.100
5674,7113,2,0,0,2736,4096,0,86,0,421.200
5675,7114,2,0,0,2736,4096,400,86,0,251.900
5676,7115,2,0,0,2736,4096,0,86,0,130.500
5677,7116,2,0,0,2736,4096,400,86,0,210.000
5678,7117,2,0,0,2736,4096,0,86,0,323.300
5679,7118,2,0,0,2736,4096,400,86,0,301.200
5680,7119,2,1,6,2736,4096,0,86,0,403.300
5681,7120,2,16,96,2736,4096,400,86,0,410.600
5682,7121,2,31,186,2736,4096,0,86,0,439.700
5683,7122,2,31,186,2736,4096,400,86,0,378.000
5684,7123,2,39,234,2736,4096,0,86,0,572.900
5685,7124,2,36,216,2736,4096,400,86,0,396.700
5686,7125,2,15,90,2736,4096,0,86,0,691.900
5687,7126,2,15,90,2736,4096,400,86,0,364.900
5688,7127,2,0,0,2736,4096,0,86,0,307.200
5689,7128,2,0,0,2736,4096,400,86,0,331.900
5690,7129,2,0,0,2736,4096,0,86,0,333.100
5691,7130,2,0,0,2736,4096,400,86,0,326.400
5692,7131,2,0,0,2736,4096,0,86,0,312.200
5693,7132,2,0,0,2736,4096,400,86,0,339.800
5694,7133,2,0,0,2736,4096,0,86,0,316.100
5695,7134,2,0,0,2736,4096,400,86,0,281.600
5696,7135,2,0,0,2736,4096,0,86,0,279.200
5697,7136,2,0,0,2736,4096,400,86,0,294.400
5698,7137,2,0,0,2736,4096,0,86,0,366.100
5699,7138,2,0,0,2736,4096,400,86,0,348.900
5700,7139,2,0,0,2736,4096,0,86,0,290.400
5701,7140,2,8,48,2736,4096,400,86,0,596.100
5702,7141,2,0,0,2736,4096,0,86,0,260.000
5703,7142,2,0,0,2736,4096,400,86,0,316.000
5704,7143,2,0,0,2736,4096,0,86,0,360.100
5705,7144,2,0,0,2736,4096,400,86,0,258.200
5706,7145,2,0,0,2736,4096,0,86,0,261.200
5707,7146,2,0,0,2736,4096,400,86,0,323.800
5708,7147,2,0,0,2736,4096,0,86,0,408.600
5709,7148,2,0,0,2736,4096,400,86,0,461.900
5710,7149,2,0,0,2736,4096,0,86,0,281.200
5711,7150,2,0,0,2736,4096,400,86,0,303.800
5712,7151,2,0,0,2736,4096,0,86,0,278.100
5713,7152,2,15,90,2736,4096,400,86,0,401.700
5714,7153,2,15,90,2736,4096,0,86,0,360.600
5715,7154,2,15,90,2736,4096,400,86,0,427.900
5716,7155,2,15,90,2736,4096,0,86,0,376.600
5717,7156,2,23,138,2736,4096,400,86,0,382.400
5718,7157,2,23,138,2736,4096,0,86,0,321.200
5719,7158,2,15,90,2736,4096,400,86,0,382.100
5720,7159,2,0,0,2736,4096,0,86,0,251.900
5721,7160,2,0,0,2736,4096,400,86,0,267.300
5722,7161,2,0,0,2736,4096,0,86,0,334.000
5723,7162,2,0,0,2736,4096,400,86,0,221.400
5724,7163,2,0,0,2736,4096,0,86,0,308.100
5725,7164,2,0,0,2736,4096,400,86,0,307.800
5726,7165,2,0,0,2736,4096,0,86,0,320.800
5727,7166,2,0,0,2736,4096,400,86,0,211.900
5728,7167,2,15,90,2736,4096,0,86,0,504.100
5729,7168,2,15,90,2736,4096,400,86,0,404.700
5730,7169,2,0,0,2736,4096,0,86,0,234.500
5731,7170,2,0,0,2736,4096,400,86,0,555.900
5732,7171,2,0,0,2736,4096,0,86,0,302.300
5733,7172,2,1,6,2736,4096,400,86,0,451.400
5734,7173,2,13,78,2736,4096,0,86,0,505.700
5735,7174,2,13,78,2736,4096,400,86,0,406.800
5736,7175,2,1,6,2736,4096,0,86,0,415.500
5737,7176,2,0,0,2736,4096,400,86,0,245.800
5738,7177,2,0,0,2736,4096,0,86,0,225.800
5739,7178,2,0,0,2736,4096,400,86,0,263.800
5740,7179,2,0,0,2736,4096,0,86,0,184.200
5741,7180,2,0,0,2736,4096,400,86,0,159.300
5742,7181,2,0,0,2736,4096,0,86,0,320.700
5743,7182,2,0,0,2736,4096,400,86,0,344.200
5744,7183,2,0,0,2736,4096,0,86,0,279.000
5745,7184,2,0,0,2736,4096,400,86,0,240.600
5746,7185,2,0,0,2736,4096,0,86,0,216.800
5747,7186,2,0,0,2736,4096,400,86,0,151.800
5748,7187,2,0,0,2736,4096,0,86,1,144262.800
5749,7188,2,0,0,2736,4096,400,86,0,296.900
5750,7189,2,12,72,2736,4096,0,86,0,502.700
5751,7190,2,12,72,2736,4096,400,86,0,358.900
5752,7191,2,1,6,2736,4096,0,86,0,427.500
5753,7192,2,1,6,2736,4096,400,86,0,420.400
5754,7193,2,1,6,2736,4096,0,86,0,397.700
5755,7194,2,0,0,2736,4096,400,86,0,430.600
5756,7195,2,0,0,2736,4096,0,86,0,323.000
5757,7196,2,0,0,2736,4096,400,86,0,293.300
5758,7197,2,0,0,2736,4096,0,86,0,296.200
5759,7198,2,0,0,2736,4096,400,86,0,296.900
5760,7199,2,0,0,2736,4096,0,86,0,204.300
5761,7200,2,0,0,2736,4096,400,86,0,550.700
5762,7201,2,0,0,2736,4096,0,86,0,305.300
5763,7202,2,0,0,2736,4096,400,86,0,289.900
5764,7203,2,53,324,2736,4096,0,86,0,555.700
5765,7204,2,26,159,2736,4096,400,86,0,391.000
5766,7205,2,0,0,2736,4096,0,86,0,463.500
5767,7206,2,0,0,2736,4096,400,86,0,342.600
5768,7207,2,0,0,2736,4096,0,86,0,254.400
5769,7208,2,0,0,2736,4096,400,86,0,290.900
5770,7209,2,0,0,2736,4096,0,86,0,295.600
5771,7210,2,0,0,2736,4096,400,86,0,231.300
5772,7211,2,0,0,2736,4096,0,86,0,305.500
5773,7212,2,0,0,2736,4096,400,86,0,322.300
5774,7213,2,0,0,2736,4096,0,86,0,327.300
5775,7214,2,0,0,2736,4096,400,86,0,293.400
5776,7215,2,0,0,2736,4096,0,86,0,293.600
5777,7216,2,0,0,2736,4096,400,86,0,214.000
5778,7217,2,8,48,2736,4096,0,86,0,475.800
5779,7218,2,0,0,2736,4096,400,86,0,293.800
5780,7219,2,0,0,2736,4096,0,86,0,270.400
5781,7220,2,0,0,2736,4096,400,86,0,190.400
5782,7221,2,0,0,2736,4096,0,86,0,287.400
5783,7222,2,0,0,2736,4096,400,86,0,388.200
5784,7223,2,0,0,2736,4096,0,86,0,517.100
5785,7224,2,0,0,2736,4096,400,86,0,348.000
5786,7225,2,0,0,2736,4096,0,86,0,273.200
5787,7226,2,0,0,2736,4096,400,86,0,322.200
5788,7227,2,0,0,2736,4096,0,86,0,309.600
5789,7228,2,0,0,2736,4096,400,86,0,305.600
5790,7229,2,0,0,2736,4096,0,86,0,277.400
5791,7230,2,0,0,2736,4096,400,86,0,255.400
5792,7231,2,0,0,2736,4096,0,86,0,179.100
5793,7232,2,0,0,2736,4096,400,86,0,240.100
5794,7233,2,0,0,2736,4096,0,86,0,221.200
5795,7234,2,0,0,2736,4096,400,86,0,256.700
5796,7235,2,0,0,2736,4096,0,86,0,234.400
5797,7236,2,0,0,2736,4096,400,86,0,296.600
5798,7237,2,0,0,2736,4096,0,86,0,354.700
5799,7238,2,0,0,2736,4096,400,86,0,342.000
5800,7239,2,68,408,2736,4096,0,86,0,333.800
5801,7240,2,68,408,2736,4096,400,86,0,392.200
5802,7241,2,132,792,2736,4096,0,86,0,391.300
5803,7242,2,66,396,2736,4096,400,86,0,446.300
5804,7243,2,68,408,2736,4096,0,86,0,599.700
5805,7244,2,0,0,2736,4096,400,86,0,184.100
5806,7245,2,0,0,2736,4096,0,86,0,346.400
5807,7246,2,0,0,2736,4096,400,86,0,260.900
5808,7247,2,0,0,2736,4096,0,86,0,370.500
5809,7248,2,0,0,2736,4096,400,86,0,274.600
5810,7249,2,0,0,2736,4096,0,86,0,148.200
5811,7250,2,0,0,2736,4096,400,86,0,271.400
5812,7251,2,0,0,2736,4096,0,86,0,211.300
5813,7252,2,0,0,2736,4096,400,86,0,255.600
5814,7253,2,0,0,2736,4096,0,86,0,260.900
5815,7254,2,0,0,2736,4096,400,86,0,396.600
5816,7255,2,0,0,2736,4096,0,86,0,215.100
5817,7256,2,0,0,2736,4096,400,86,0,289.000
5818,7257,2,0,0,2736,4096,0,86,0,240.400
5819,7258,2,0,0,2736,4096,400,86,0,270.600
5820,7259,2,0,0,2736,4096,0,86,0,283.600
5821,7260,2,0,0,2736,4096,400,86,0,477.100
5822,7261,2,0,0,2736,4096,0,86,0,211.600
5823,7262,2,0,0,2736,4096,400,86,0,319.800
5824,7263,2,0,0,2736,4096,0,86,0,301.200
5825,7264,2,0,0,2736,4096,400,86,0,261.800
5826,7265,2,0,0,2736,4096,0,86,0,253.000
5827,7266,2,7,42,2736,4096,400,86,0,579.300
5828,7267,2,0,0,2736,4096,0,86,0,317.400
5829,7268,2,0,0,2736,4096,400,86,0,278.000
5830,7269,2,0,0,2736,4096,0,86,0,275.000
5831,7270,2,0,0,2736,4096,400,86,0,240.300
5832,7271,2,0,0,2736,4096,0,86,0,277.900
5833,7272,2,0,0,2736,4096,400,86,0,316.400
5834,7273,2,0,0,2736,4096,0,86,0,221.400
5835,7274,2,0,0,2736,4096,400,86,0,265.200
5836,7275,2,0,0,2736,4096,0,86,0,307.000
5837,7276,2,0,0,2736,4096,400,86,0,333.300
5838,7277,2,0,0,2736,4096,0,86,0,351.100
5839,7278,2,0,0,2736,4096,400,86,0,191.000
5840,7279,2,0,0,2736,4096,0,86,0,293.300
5841,7280,2,0,0,2736,4096,400,86,0,216.700
5842,7281,2,0,0,2736,4096,0,86,0,268.100
5843,7282,2,0,0,2736,4096,400,86,0,206.200
5844,7283,2,0,0,2736,4096,0,86,0,268.800
5845,7284,2,0,0,2736,4096,400,86,0,199.400
5846,7285,2,0,0,2736,4096,0,86,0,239.600
5847,7286,2,0,0,2736,4096,400,86,0,305.000
5848,7287,2,16,96,2736,4096,0,86,0,374.100
5849,7288,2,16,96,2736,4096,400,86,0,463.200
5850,7289,2,0,0,2736,4096,0,86,0,276.900
5851,7290,2,0,0,2736,4096,400,86,0,355.400
5852,7291,2,0,0,2736,4096,0,86,0,306.300
5853,7292,2,0,0,2736,4096,400,86,0,348.800
5854,7293,2,0,0,2736,4096,0,86,0,479.800
5855,7294,2,0,0,2736,4096,400,86,0,436.100
5856,7295,2,0,0,2736,4096,0,86,0,268.200
5857,7296,2,0,0,2736,4096,400,86,0,338.200
5858,7297,2,0,0,2736,4096,0,86,0,276.500
5859,7298,2,0,0,2736,4096,400,86,0,406.900
5860,7299,2,0,0,2736,4096,0,86,0,315.000
5861,7300,2,0,0,2736,4096,400,86,0,348.900
5862,7301,2,0,0,2736,4096,0,86,0,249.300
5863,7302,2,0,0,2736,4096,400,86,0,281.300
5864,7303,2,0,0,2736,4096,0,86,0,246.100
5865,7304,2,0,0,2736,4096,400,86,0,357.700
5866,7305,2,0,0,2736,4096,0,86,0,265.800
5867,7306,2,18,108,2736,4096,400,86,0,355.200
5868,7307,2,18,108,2736,4096,0,86,0,503.500
5869,7308,2,0,0,2736,4096,400,86,0,383.000
5870,7309,2,0,0,2736,4096,0,86,0,309.400
5871,7310,2,0,0,2736,4096,400,86,0,344.300
5872,7311,2,0,0,2736,4096,0,86,0,314.000
5873,7312,2,0,0,2736,4096,400,86,0,269.800
5874,7313,2,0,0,2736,4096,0,86,0,294.600
5875,7314,2,0,0,2736,4096,400,86,0,260.800
5876,7315,2,0,0,2736,4096,0,86,0,261.700
5877,7316,2,0,0,2736,4096,400,86,0,198.700
5878,7317,2,0,0,2736,4096,0,86,0,289.800
5879,7318,2,0,0,2736,4096,400,86,0,377.300
5880,7319,2,18,108,2736,4096,0,86,0,370.000
5881,7320,2,18,108,2736,4096,400,86,0,513.900
5882,7321,2,0,0,2736,4096,0,86,0,203.100
5883,7322,2,0,0,2736,4096,400,86,0,292.200
5884,7323,2,0,0,2736,4096,0,86,0,219.700
5885,7324,2,0,0,2736,4096,400,86,0,222.900
5886,7326,2,29,174,2736,4096,0,86,0,456.200
5887,7327,2,29,174,2736,4096,400,86,0,342.700
5888,7328,2,29,174,2736,4096,0,86,0,434.700
5889,7329,2,29,174,2736,4096,400,86,0,367.200
5890,7330,2,29,174,2736,4096,0,86,0,655.100
5891,7331,2,0,0,2736,4096,400,86,0,243.800
5892,7332,2,0,0,2736,4096,0,86,0,348.900
5893,7333,2,0,0,2736,4096,400,86,0,357.500
5894,7334,2,0,0,2736,4096,0,86,0,331.100
5895,7335,2,0,0,2736,4096,400,86,0,260.300
5896,7336,2,0,0,2736,4096,0,86,0,403.900
5897,7337,2,0,0,2736,4096,400,86,0,395.400
5898,7338,2,2,12,2736,4096,0,86,0,418.700
5899,7339,2,1,6,2736,4096,400,86,0,411.000
5900,7340,2,0,0,2736,4096,0,86,0,295.200
5901,7341,2,0,0,2736,4096,400,86,0,565.200
5902,7342,2,0,0,2736,4096,0,86,0,260.000
5903,7343,2,3,18,2736,4096,400,86,0,429.900
5904,7344,2,3,18,2736,4096,0,86,0,516.300
5905,7345,2,3,18,2736,4096,400,86,0,384.100
5906,7346,2,3,18,2736,4096,0,86,0,504.700
5907,7347,2,3,18,2736,4096,400,86,0,377.400
5908,7348,2,0,0,2736,4096,0,86,0,256.500
5909,7349,2,0,0,2736,4096,400,86,0,402.200
5910,7350,2,0,0,2736,4096,0,86,0,300.000
5911,7351,2,0,0,2736,4096,400,86,0,210.400
5912,7352,2,0,0,2736,4096,0,86,0,362.400
5913,7353,2,0,0,2736,4096,400,86,0,256.600
5914,7354,2,0,0,2736,4096,0,86,0,365.600
5915,7355,2,0,0,2736,4096,400,86,0,236.000
5916,7356,2,0,0,2736,4096,0,86,0,298.100
5917,7357,2,0,0,2736,4096,400,86,0,346.700
5918,7358,2,0,0,2736,4096,0,86,0,318.300
5919,7359,2,0,0,2736,4096,400,86,0,355.900
5920,7360,2,0,0,2736,4096,0,86,0,291.100
5921,7361,2,0,0,2736,4096,400,86,0,359.600
5922,7362,2,0,0,2736,4096,0,86,0,336.900
5923,7363,2,0,0,2736,4096,400,86,0,370.200
5924,7364,2,0,0,2736,4096,0,86,0,582.600
5925,7365,2,0,0,2736,4096,400,86,0,371.600
5926,7366,2,0,0,2736,4096,0,86,0,399.500
5927,7367,2,2,12,2736,4096,400,86,0,313.900
5928,7368,2,1,6,2736,4096,0,86,0,373.700
5929,7369,2,3,18,2736,4096,400,86,0,511.400
5930,7370,2,0,0,2736,4096,0,86,0,260.200
5931,7371,2,0,0,2736,4096,400,86,0,283.200
5932,7372,2,0,0,2736,4096,0,86,0,332.800
5933,7373,2,0,0,2736,4096,400,86,0,395.600
5934,7374,2,0,0,2736,4096,0,86,0,286.900
5935,7375,2,0,0,2736,4096,400,86,0,338.000
5936,7376,2,0,0,2736,4096,0,86,0,376.200
5937,7377,2,0,0,2736,4096,400,86,0,277.000
5938,7378,2,0,0,2736,4096,0,86,0,330.700
5939,7379,2,0,0,2736,4096,400,86,0,326.100
5940,7380,2,0,0,2736,4096,0,86,0,300.600
5941,7381,2,0,0,2736,4096,400,86,0,257.000
5942,7382,2,0,0,2736,4096,0,86,0,329.100
5943,7383,2,0,0,2736,4096,400,86,0,270.300
5944,7384,2,0,0,2736,4096,0,86,0,265.100
5945,7385,2,0,0,2736,4096,400,86,0,251.700
5946,7386,2,6,39,2736,4096,0,86,0,574.400
5947,7387,2,0,0,2736,4096,400,86,0,321.700
5948,7388,2,0,0,2736,4096,0,86,0,235.100
5949,7389,2,0,0,2736,4096,400,86,0,305.000
5950,7390,2,0,0,2736,4096,0,86,0,291.300
5951,7391,2,0,0,2736,4096,400,86,0,329.000
5952,7392,2,0,0,2736,4096,0,86,0,200.700
5953,7393,2,0,0,2736,4096,400,86,0,358.400
5954,7394,2,0,0,2736,4096,0,86,0,255.500
5955,7395,2,0,0,2736,4096,400,86,0,457.100
5956,7396,2,0,0,2736,4096,0,86,0,291.900
5957,7397,2,2,12,2736,4096,400,86,0,455.500
5958,7398,2,2,12,2736,4096,0,86,0,547.700
5959,7399,2,0,0,2736,4096,400,86,0,219.900
5960,7400,2,0,0,2736,4096,0,86,0,313.100
5961,7401,2,0,0,2736,4096,400,86,0,245.400
5962,7402,2,0,0,2736,4096,0,86,0,258.600
5963,7403,2,0,0,2736,4096,400,86,0,240.700
5964,7404,2,0,0,2736,4096,0,86,0,370.500
5965,7405,2,0,0,2736,4096,400,86,0,327.100
5966,7406,2,0,0,2736,4096,0,86,0,288.000
5967,7407,2,0,0,2736,4096,400,86,0,245.300
5968,7408,2,0,0,2736,4096,0,86,0,426.000
5969,7409,2,0,0,2736,4096,400,86,0,233.700
5970,7410,2,0,0,2736,4096,0,86,0,304.900
5971,7411,2,0,0,2736,4096,400,86,0,297.300
5972,7412,2,0,0,2736,4096,0,86,0,323.500
5973,7413,2,0,0,2736,4096,400,86,0,316.000
5974,7414,2,0,0,2736,4096,0,86,0,312.700
5975,7415,2,0,0,2736,4096,400,86,0,347.500
5976,7416,2,0,0,2736,4096,0,86,0,298.200
5977,7417,2,0,0,2736,4096,400,86,0,243.800
5978,7418,2,0,0,2736,4096,0,86,0,414.600
5979,7419,2,0,0,2736,4096,400,86,0,311.800
5980,7420,2,0,0,2736,4096,0,86,0,261.000
5981,7421,2,0,0,2736,4096,400,86,0,242.000
5982,7422,2,0,0,2736,4096,0,86,0,305.700
5983,7423,2,0,0,2736,4096,400,86,0,314.300
5984,7424,2,0,0,2736,4096,0,86,0,338.600
5985,7425,2,0,0,2736,4096,400,86,0,275.300
5986,7426,2,0,0,2736,4096,0,86,0,346.400
5987,7427,2,1,6,2736,4096,400,86,0,445.700
5988,7428,2,2,12,2736,4096,0,86,0,374.600
5989,7429,2,1,6,2736,4096,400,86,0,432.000
5990,7430,2,0,0,2736,4096,0,86,0,336.100
5991,7431,2,0,0,2736,4096,400,86,0,343.400
5992,7432,2,8,48,2736,4096,0,86,0,392.200
5993,7433,2,8,48,2736,4096,400,86,0,397.400
5994,7434,2,0,0,2736,4096,0,86,0,231.300
5995,7435,2,0,0,2736,4096,400,86,0,441.000
5996,7436,2,0,0,2736,4096,0,86,0,331.200
5997,7437,2,0,0,2736,4096,400,86,0,441.600
5998,7438,2,0,0,2736,4096,0,86,0,318.700
5999,7439,2,0,0,2736,4096,400,86,0,314.500
6000,7440,2,0,0,2736,4096,0,86,0,398.400
6001,7441,2,0,0,2736,4096,400,86,0,258.900
6002,7442,2,0,0,2736,4096,0,86,0,354.500
6003,7443,2,0,0,2736,4096,400,86,0,392.500
6004,7444,2,0,0,2736,4096,0,86,0,260.600
6005,7445,2,0,0,2736,4096,400,86,0,251.800
6006,7446,2,0,0,2736,4096,0,86,0,450.600
6007,7447,2,0,0,2736,4096,400,86,0,302.100
6008,7448,2,0,0,2736,4096,0,86,0,360.900
6009,7449,2,0,0,2736,4096,400,86,0,301.500
6010,7450,2,0,0,2736,4096,0,86,0,330.900
6011,7451,2,0,0,2736,4096,400,86,0,322.500
6012,7452,2,0,0,2736,4096,0,86,0,368.200
6013,7453,2,0,0,2736,4096,400,86,0,275.800
6014,7454,2,0,0,2736,4096,0,86,0,417.700
6015,7455,2,0,0,2736,4096,400,86,0,273.400
6016,7456,2,0,0,2736,4096,0,86,0,223.500
6017,7457,2,0,0,2736,4096,400,86,0,290.800
6018,7458,2,0,0,2736,4096,0,86,0,300.600
6019,7459,2,0,0,2736,4096,400,86,0,335.400
6020,7460,2,0,0,2736,4096,0,86,0,218.100
6021,7461,2,0,0,2736,4096,400,86,0,284.200
6022,7462,2,0,0,2736,4096,0,86,0,394.600
6023,7463,2,0,0,2736,4096,400,86,0,323.600
6024,7464,2,0,0,2736,4096,0,86,0,317.300
6025,7465,2,0,0,2736,4096,400,86,0,329.800
6026,7466,2,0,0,2736,4096,0,86,0,273.500
6027,7467,2,0,0,2736,4096,400,86,0,272.600
6028,7468,2,1,6,2736,4096,0,86,0,346.500
6029,7469,2,1,6,2736,4096,400,86,0,459.300
6030,7470,2,4,24,2736,4096,0,86,0,325.700
6031,7471,2,3,18,2736,4096,400,86,0,354.500
6032,7472,2,0,0,2736,4096,0,86,0,296.600
6033,7473,2,0,0,2736,4096,400,86,0,230.300
6034,7474,2,0,0,2736,4096,0,86,0,271.300
6035,7475,2,0,0,2736,4096,400,86,0,288.100
6036,7476,2,0,0,2736,4096,0,86,0,323.500
6037,7477,2,0,0,2736,4096,400,86,0,426.500
6038,7478,2,0,0,2736,4096,0,86,0,237.700
6039,7479,2,0,0,2736,4096,400,86,0,290.900
6040,7480,2,0,0,2736,4096,0,86,0,303.200
6041,7481,2,0,0,2736,4096,400,86,0,311.300
6042,7482,2,0,0,2736,4096,0,86,0,286.200
6043,7483,2,0,0,2736,4096,400,86,0,288.800
6044,7484,2,0,0,2736,4096,0,86,0,282.800
6045,7485,2,0,0,2736,4096,400,86,0,244.800
6046,7486,2,0,0,2736,4096,0,86,0,294.000
6047,7487,2,0,0,2736,4096,400,86,0,321.200
6048,7488,2,0,0,2736,4096,0,86,0,150.900
6049,7489,2,0,0,2736,4096,400,86,0,229.900
6050,7490,2,0,0,2736,4096,0,86,0,274.700
6051,7491,2,0,0,2736,4096,400,86,0,280.200
6052,7492,2,0,0,2736,4096,0,86,0,324.000
6053,7493,2,0,0,2736,4096,400,86,0,264.900
6054,7494,2,0,0,2736,4096,0,86,0,290.100
6055,7495,2,0,0,2736,4096,400,86,0,237.300
6056,7496,2,0,0,2736,4096,0,86,0,249.600
6057,7497,2,0,0,2736,4096,400,86,0,477.900
6058,7498,2,0,0,2736,4096,0,86,0,240.400
6059,7499,2,0,0,2736,4096,400,86,0,273.100
6060,7500,2,1,6,2736,4096,0,86,0,513.300
6061,7501,2,1,6,2736,4096,400,86,0,386.200
6062,7502,2,1,6,2736,4096,0,86,0,513.000
6063,7503,2,4,24,2736,4096,400,86,0,403.100
6064,7504,2,3,18,2736,4096,0,86,0,399.600
6065,7505,2,0,0,2736,4096,400,86,0,394.100
6066,7506,2,0,0,2736,4096,0,86,0,243.000
6067,7507,2,407,2442,2736,4096,400,86,0,479.200
6068,7508,2,410,2460,2736,4096,0,86,0,459.800
6069,7509,2,410,2460,2736,4096,400,86,0,470.800
6070,7510,2,411,2466,2736,4096,0,86,0,411.300
6071,7511,2,411,2466,2736,4096,400,86,0,341.900
6072,7512,2,411,2466,2736,4096,0,86,0,467.400
6073,7513,2,411,2466,2736,4096,400,86,0,370.100
6074,7514,2,411,2466,2736,4096,0,86,0,405.400
6075,7515,2,411,2466,2736,4096,400,86,0,448.400
6076,7516,2,411,2466,2736,4096,0,86,0,438.300
6077,7517,2,412,2472,2736,4096,400,86,0,447.500
6078,7518,2,412,2472,2736,4096,0,86,0,424.600
6079,7519,2,412,2472,2736,4096,400,86,0,528.200
6080,7520,2,412,2472,2736,4096,0,86,0,594.400
6081,7521,2,412,2472,2736,4096,400,86,0,476.500
6082,7522,2,412,2472,2736,4096,0,86,0,411.600
6083,7523,2,415,2490,2736,4096,400,86,0,461.800
6084,7524,2,415,2490,2736,4096,0,86,0,401.100
6085,7525,2,415,2490,2736,4096,400,86,0,445.800
6086,7526,2,423,2538,2736,4096,0,86,0,512.100
6087,7527,2,423,2538,2736,4096,400,86,0,447.800
6088,7528,2,420,2520,2736,4096,0,86,0,384.600
6089,7529,2,424,2544,2736,4096,400,86,0,450.000
6090,7530,2,436,2616,2736,4096,0,86,0,453.000
6091,7531,2,439,2634,2736,4096,400,86,0,427.900
6092,7532,2,453,2718,2736,4096,0,86,0,444.800
6093,7533,2,455,2730,2736,4096,400,86,0,508.300
6094,7534,2,455,2730,2736,4096,0,86,0,539.100
6095,7535,2,476,2856,2736,4096,400,86,0,384.600
6096,7536,2,480,2880,2736,4096,0,86,0,411.500
6097,7537,2,514,3084,2736,4096,400,86,0,414.400
6098,7538,2,532,3192,2736,4096,0,86,0,511.500
6099,7539,2,539,3234,2736,4096,400,86,0,368.600
6100,7540,2,555,3330,2736,4096,0,86,0,444.900
6101,7541,2,570,3420,2736,4096,400,86,0,374.900
6102,7542,2,570,3420,2736,4096,0,86,0,424.000
6103,7543,2,587,3522,2736,4096,400,86,0,555.800
6104,7544,2,587,3522,2736,4096,0,86,0,475.400
6105,7545,2,604,3624,2736,4096,400,86,0,453.100
6106,7546,2,618,3708,2736,4096,0,86,0,475.600
6107,7547,2,621,3726,2736,4096,400,86,0,458.200
6108,7548,2,617,3702,2736,4096,0,86,0,511.300
6109,7549,2,713,4278,2736,4096,400,86,0,638.500
6110,7550,2,714,4284,2736,4096,0,86,0,524.600
6111,7551,2,792,4752,2736,4096,400,86,0,518.500
6112,7552,2,810,4860,2736,4096,0,86,0,397.000
6113,7553,2,810,4860,2736,4096,400,86,0,655.700
6114,7554,2,899,5394,2736,4096,0,86,0,507.300
6115,7555,2,902,5412,2736,4096,400,86,0,544.000
6116,7556,2,916,5496,2736,4096,0,86,0,556.200
6117,7557,2,916,5496,2736,4096,400,86,0,576.700
6118,7558,2,996,5976,2736,4096,0,86,0,521.700
6119,7559,2,1000,6000,2736,4096,400,86,0,421.400
6120,7560,2,1008,6048,2736,4096,0,86,0,722.900
6121,7561,2,1006,6036,2736,4096,400,86,0,380.500
6122,7562,2,1009,6054,2736,4096,0,86,0,561.500
6123,7563,2,1017,6102,2736,4096,400,86,0,463.200
6124,7564,2,1025,6150,2736,4096,0,86,0,474.900
6125,7565,2,1026,6156,2736,4096,400,86,0,560.300
6126,7566,2,1117,6702,2736,4096,0,86,0,566.200
6127,7567,2,1116,6696,2736,4096,400,86,0,446.400
6128,7568,2,1117,6702,2736,4096,0,86,0,534.200
6129,7569,2,1134,6804,2736,4096,400,86,0,611.200
6130,7570,2,1139,6834,2736,4096,0,86,0,501.300
6131,7571,2,1129,6774,2736,4096,400,86,0,519.500
6132,7572,2,1137,6822,2736,4096,0,86,0,518.100
6133,7573,2,1130,6780,2736,4096,400,86,0,599.600
6134,7574,2,1207,7242,2736,4096,0,86,0,506.900
6135,7575,2,1204,7224,2736,4096,400,86,0,455.200
6136,7576,2,1197,7182,2736,4096,0,86,0,547.100
6137,7577,2,1180,7080,2736,4096,400,86,0,527.500
6138,7578,2,1190,7140,2736,4096,0,86,0,396.000
6139,7579,2,1059,6354,2736,4096,400,86,0,508.100
6140,7580,2,967,5802,2736,4096,0,86,0,514.100
6141,7581,2,967,5802,2736,4096,400,86,0,572.800
6142,7582,2,911,5466,2736,4096,0,86,0,552.000
6143,7583,2,891,5346,2736,4096,400,86,0,509.100
6144,7584,2,909,5454,2736,4096,0,86,0,674.500
6145,7585,2,872,5232,2736,4096,400,86,0,544.700
6146,7586,2,746,4476,2736,4096,0,86,0,464.300
6147,7587,2,718,4308,2736,4096,400,86,0,451.000
6148,7588,2,727,4362,2736,4096,0,86,0,510.400
6149,7589,2,603,3618,2736,4096,400,86,0,459.200
6150,7590,2,488,2928,2736,4096,0,86,0,453.500
6151,7591,2,366,2196,2736,4096,400,86,0,522.000
6152,7592,2,359,2154,2736,4096,0,86,0,395.000
6153,7593,2,332,1992,2736,4096,400,86,0,477.700
6154,7594,2,309,1854,2736,4096,0,86,0,485.000
6155,7595,2,292,1752,2736,4096,400,86,0,473.400
6156,7596,2,241,1446,2736,4096,0,86,0,301.300
6157,7597,2,159,954,2736,4096,400,86,0,444.000
6158,7598,2,101,606,2736,4096,0,86,0,504.100
6159,7599,2,97,582,2736,4096,400,86,0,446.800
6160,7600,2,95,570,2736,4096,0,86,0,452.000
6161,7601,2,55,330,2736,4096,400,86,0,359.000
6162,7602,2,11,66,2736,4096,0,86,0,376.800
6163,7603,2,7,42,2736,4096,400,86,0,461.100
6164,7604,2,8,48,2736,4096,0,86,0,326.700
6165,7605,2,6,36,2736,4096,400,86,0,350.000
6166,7606,2,3,18,2736,4096,0,86,0,497.800
6167,7607,2,3,18,2736,4096,400,86,0,473.600
6168,7608,2,3,18,2736,4096,0,86,0,414.500
6169,7609,2,0,0,2736,4096,400,86,0,315.700
6170,7610,2,0,0,2736,4096,0,86,0,278.400
6171,7611,2,0,0,2736,4096,400,86,0,231.800
6172,7612,2,0,0,2736,4096,0,86,0,270.100
6173,7613,2,0,0,2736,4096,400,86,0,279.200
6174,7614,2,0,0,2736,4096,0,86,0,279.800
6175,7615,2,0,0,2736,4096,400,86,0,155.600
6176,7616,2,3,18,2736,4096,0,86,0,396.400
6177,7617,2,3,18,2736,4096,400,86,0,346.600
6178,7618,2,6,36,2736,4096,0,86,0,333.700
6179,7619,2,6,36,2736,4096,400,86,0,358.500
6180,7620,2,6,36,2736,4096,0,86,0,459.400
6181,7621,2,3,18,2736,4096,400,86,0,389.900
6182,7622,2,3,18,2736,4096,0,86,0,475.700
6183,7623,2,3,18,2736,4096,400,86,0,394.200
6184,7624,2,3,18,2736,4096,0,86,0,350.300
6185,7625,2,3,18,2736,4096,400,86,0,448.200
6186,7626,2,3,18,2736,4096,0,86,0,395.400
6187,7627,2,3,18,2736,4096,400,86,0,404.800
6188,7628,2,4,24,2736,4096,0,86,0,469.900
6189,7629,2,1,6,2736,4096,400,86,0,408.200
6190,7630,2,1,6,2736,4096,0,86,0,401.000
6191,7631,2,2,12,2736,4096,400,86,0,389.400
6192,7632,2,0,0,2736,4096,0,86,0,303.700
6193,7633,2,1,6,2736,4096,400,86,0,420.200
6194,7634,2,1,6,2736,4096,0,86,0,486.500
6195,7635,2,6,36,2736,4096,400,86,0,372.900
6196,7636,2,5,30,2736,4096,0,86,0,386.100
6197,7637,2,4,24,2736,4096,400,86,0,396.000
6198,7638,2,1,6,2736,4096,0,86,0,314.900
6199,7639,2,4,24,2736,4096,400,86,0,341.500
6200,7640,2,4,24,2736,4096,0,86,0,310.800
6201,7641,2,5,30,2736,4096,400,86,0,519.300
6202,7642,2,8,48,2736,4096,0,86,0,457.700
6203,7643,2,7,42,2736,4096,400,86,0,523.600
6204,7644,2,7,42,2736,4096,0,86,0,353.500
6205,7645,2,7,42,2736,4096,400,86,0,359.000
6206,7646,2,7,42,2736,4096,0,86,0,424.000
6207,7647,2,6,36,2736,4096,400,86,0,397.800
6208,7648,2,6,36,2736,4096,0,86,0,416.800
6209,7649,2,6,36,2736,4096,400,86,0,391.200
6210,7650,2,6,36,2736,4096,0,86,0,289.300
6211,7651,2,6,36,2736,4096,400,86,0,308.900
6212,7652,2,3,18,2736,4096,0,86,0,440.400
6213,7653,2,3,18,2736,4096,400,86,0,360.900
6214,7654,2,3,18,2736,4096,0,86,0,298.600
6215,7655,2,3,18,2736,4096,400,86,0,340.200
6216,7656,2,3,18,2736,4096,0,86,0,469.000
6217,7657,2,5,30,2736,4096,400,86,0,420.800
6218,7658,2,81,486,2736,4096,0,86,0,425.700
6219,7659,2,117,702,2736,4096,400,86,0,568.100
6220,7660,2,200,1200,2736,4096,0,86,0,493.800
6221,7661,2,328,1968,2736,4096,400,86,0,460.300
6222,7662,2,385,2310,2736,4096,0,86,0,530.600
6223,7663,2,400,2400,2736,4096,400,86,0,448.100
6224,7664,2,348,2088,2736,4096,0,86,0,393.300
6225,7665,2,411,2466,2736,4096,400,86,0,434.700
6226,7666,2,411,2466,2736,4096,0,86,0,325.700
6227,7667,2,350,2100,2736,4096,400,86,0,450.900
6228,7668,2,318,1908,2736,4096,0,86,0,307.600
6229,7669,2,280,1680,2736,4096,400,86,0,522.200
6230,7670,2,357,2142,2736,4096,0,86,0,429.200
6231,7671,2,365,2190,2736,4096,400,86,0,512.700
6232,7672,2,428,2568,2736,4096,0,86,0,343.500
6233,7673,2,470,2820,2736,4096,400,86,0,416.100
6234,7674,2,467,2802,2736,4096,0,86,0,419.100
6235,7675,2,388,2328,2736,4096,400,86,0,429.200
6236,7676,2,355,2130,2736,4096,0,86,0,365.200
6237,7677,2,207,1242,2736,4096,400,86,0,540.200
6238,7678,2,230,1380,2736,4096,0,86,0,259.700
6239,7679,2,704,4224,2736,4096,400,86,0,492.900
6240,7680,2,705,4230,2736,4096,0,86,0,551.700
6241,7681,2,668,4008,2736,4096,400,86,0,390.000
6242,7682,2,658,3948,2736,4096,0,86,0,530.600
6243,7683,2,629,3774,2736,4096,400,86,0,516.500
6244,7684,2,632,3792,2736,4096,0,86,0,471.900
6245,7685,2,633,3798,2736,4096,400,86,0,365.800
6246,7686,2,632,3792,2736,4096,0,86,0,414.100
6247,7687,2,659,3954,2736,4096,400,86,0,338.300
6248,7688,2,654,3924,2736,4096,0,86,0,406.200
6249,7689,2,688,4128,2736,4096,400,86,0,418.300
6250,7690,2,688,4128,2736,4096,0,86,0,349.300
6251,7691,2,698,4188,2736,4096,400,86,0,401.900
6252,7692,2,745,4470,2736,4096,0,86,0,389.800
6253,7693,2,753,4518,2736,4096,400,86,0,556.700
6254,7694,2,780,4680,2736,4096,0,86,0,464.300
6255,7695,2,780,4680,2736,4096,400,86,0,325.000
6256,7696,2,776,4656,2736,4096,0,86,0,373.400
6257,7697,2,792,4752,2736,4096,400,86,0,372.900
6258,7698,2,802,4812,2736,4096,0,86,0,455.600
6259,7699,2,803,4818,2736,4096,400,86,0,451.700
6260,7700,2,837,5022,2736,4096,0,86,0,428.900
6261,7701,2,826,4956,2736,4096,400,86,0,442.900
6262,7702,2,819,4914,2736,4096,0,86,0,400.600
6263,7703,2,844,5064,2736,4096,400,86,0,299.900
6264,7704,2,856,5136,2736,4096,0,86,0,471.700
6265,7705,2,858,5148,2736,4096,400,86,0,535.500
6266,7706,2,882,5292,2736,4096,0,86,0,338.300
6267,7707,2,883,5298,2736,4096,400,86,0,484.700
6268,7708,2,872,5232,2736,4096,0,86,0,402.400
6269,7709,2,768,4608,2736,4096,400,86,0,442.500
6270,7710,2,768,4608,2736,4096,0,86,0,550.000
6271,7711,2,806,4836,2736,4096,400,86,0,475.200
6272,7712,2,515,3090,2736,4096,0,86,0,506.400
6273,7713,2,253,1518,2736,4096,400,86,0,440.400
6274,7714,2,239,1434,2736,4096,0,86,0,344.200
6275,7715,2,208,1248,2736,4096,400,86,0,279.800
6276,7716,2,130,780,2736,4096,0,86,0,374.000
6277,7717,2,109,654,2736,4096,400,86,0,359.800
6278,7718,2,68,408,2736,4096,0,86,0,418.000
6279,7719,2,23,138,2736,4096,400,86,0,330.900
6280,7720,2,3,18,2736,4096,0,86,0,343.700
6281,7721,2,3,18,2736,4096,400,86,0,547.900
6282,7722,2,19,114,2736,4096,0,86,0,407.100
6283,7723,2,59,354,2736,4096,400,86,0,446.800
6284,7724,2,119,714,2736,4096,0,86,0,478.400
6285,7725,2,182,1092,2736,4096,400,86,0,421.200
6286,7726,2,224,1344,2736,4096,0,86,0,465.900
6287,7727,2,256,1536,2736,4096,400,86,0,399.600
6288,7728,2,291,1746,2736,4096,0,86,0,462.700
6289,7729,2,284,1704,2736,4096,400,86,0,473.600
6290,7730,2,284,1704,2736,4096,0,86,0,381.900
6291,7731,2,300,1800,2736,4096,400,86,0,534.200
6292,7732,2,246,1476,2736,4096,0,86,0,454.900
6293,7733,2,266,1596,2736,4096,400,86,0,393.700
6294,7734,2,247,1482,2736,4096,0,86,0,933.000
6295,7735,2,277,1662,2736,4096,400,86,0,397.000
6296,7736,2,257,1542,2736,4096,0,86,0,342.000
6297,7737,2,303,1818,2736,4096,400,86,0,555.300
6298,7738,2,306,1836,2736,4096,0,86,0,382.100
6299,7739,2,341,2046,2736,4096,400,86,0,445.400
6300,7740,2,330,1980,2736,4096,0,86,0,441.200
6301,7741,2,327,1962,2736,4096,400,86,0,455.200
6302,7742,2,370,2220,2736,4096,0,86,0,365.100
6303,7743,2,386,2316,2736,4096,400,86,0,370.700
6304,7744,2,370,2220,2736,4096,0,86,0,383.500
6305,7745,2,356,2136,2736,4096,400,86,0,472.200
6306,7746,2,348,2088,2736,4096,0,86,0,427.100
6307,7747,2,275,1650,2736,4096,400,86,0,371.000
6308,7748,2,235,1410,2736,4096,0,86,0,329.900
6309,7749,2,235,1410,2736,4096,400,86,0,512.900
6310,7750,2,231,1386,2736,4096,0,86,0,438.500
6311,7751,2,232,1392,2736,4096,400,86,0,406.600
6312,7752,2,259,1554,2736,4096,0,86,0,506.200
6313,7753,2,259,1554,2736,4096,400,86,0,391.700
6314,7754,2,216,1296,2736,4096,0,86,0,325.300
6315,7755,2,216,1296,2736,4096,400,86,0,402.100
6316,7756,2,216,1296,2736,4096,0,86,0,315.100
6317,7757,2,190,1140,2736,4096,400,86,0,451.400
6318,7758,2,182,1092,2736,4096,0,86,0,495.500
6319,7759,2,182,1092,2736,4096,400,86,0,454.100
6320,7760,2,173,1038,2736,4096,0,86,0,407.100
6321,7761,2,173,1038,2736,4096,400,86,0,442.700
6322,7762,2,181,1086,2736,4096,0,86,0,359.700
6323,7763,2,181,1086,2736,4096,400,86,0,334.600
6324,7764,2,181,1086,2736,4096,0,86,0,359.400
6325,7765,2,181,1086,2736,4096,400,86,0,330.600
6326,7766,2,204,1224,2736,4096,0,86,0,550.300
6327,7767,2,206,1236,2736,4096,400,86,0,473.800
6328,7768,2,201,1206,2736,4096,0,86,0,306.300
6329,7769,2,198,1188,2736,4096,400,86,0,441.900
6330,7770,2,198,1188,2736,4096,0,86,0,351.900
6331,7771,2,211,1266,2736,4096,400,86,0,266.100
6332,7772,2,211,1266,2736,4096,0,86,0,356.300
6333,7773,2,218,1308,2736,4096,400,86,0,680.400
6334,7774,2,218,1308,2736,4096,0,86,0,388.800
6335,7775,2,231,1386,2736,4096,400,86,0,354.100
6336,7776,2,235,1410,2736,4096,0,86,0,383.900
6337,7777,2,204,1224,2736,4096,400,86,0,318.900
6338,7778,2,204,1224,2736,4096,0,86,0,493.900
6339,7779,2,204,1224,2736,4096,400,86,0,408.300
6340,7780,2,204,1224,2736,4096,0,86,0,334.400
6341,7781,2,197,1182,2736,4096,400,86,0,304.000
6342,7782,2,196,1176,2736,4096,0,86,0,441.800
6343,7783,2,196,1176,2736,4096,400,86,0,395.700
6344,7784,2,190,1140,2736,4096,0,86,0,378.600
6345,7785,2,116,696,2736,4096,400,86,0,254.000
6346,7786,2,116,696,2736,4096,0,86,0,479.900
6347,7787,2,116,696,2736,4096,400,86,0,484.400
6348,7788,2,121,726,2736,4096,0,86,0,453.300
6349,7789,2,116,696,2736,4096,400,86,0,381.900
6350,7790,2,117,702,2736,4096,0,86,0,360.500
6351,7791,2,117,702,2736,4096,400,86,0,256.200
6352,7792,2,160,960,2736,4096,0,86,0,343.300
6353,7793,2,160,960,2736,4096,400,86,0,401.500
6354,7794,2,154,924,2736,4096,0,86,0,355.600
6355,7795,2,142,852,2736,4096,400,86,0,358.200
6356,7796,2,136,816,2736,4096,0,86,0,342.200
6357,7798,2,197,1182,2736,4096,400,86,0,312.600
6358,7799,2,198,1188,2736,4096,0,86,0,404.500
6359,7800,2,205,1230,2736,4096,400,86,0,434.700
6360,7801,2,206,1236,2736,4096,0,86,0,328.600
6361,7802,2,225,1350,2736,4096,400,86,0,322.200
6362,7803,2,232,1392,2736,4096,0,86,0,340.500
6363,7804,2,229,1374,2736,4096,400,86,0,261.100
6364,7805,2,246,1476,2736,4096,0,86,0,340.300
6365,7806,2,231,1386,2736,4096,400,86,0,517.100
6366,7807,2,244,1464,2736,4096,0,86,0,282.200
6367,7808,2,257,1542,2736,4096,400,86,0,394.200
6368,7809,2,276,1656,2736,4096,0,86,0,317.100
6369,7810,2,275,1650,2736,4096,400,86,0,394.800
6370,7811,2,273,1638,2736,4096,0,86,0,274.200
6371,7812,2,305,1830,2736,4096,400,86,0,348.200
6372,7813,2,327,1962,2736,4096,0,86,0,301.000
6373,7814,2,347,2082,2736,4096,400,86,0,406.900
6374,7815,2,415,2490,2736,4096,0,86,0,454.600
6375,7816,2,483,2898,2736,4096,400,86,0,424.500
6376,7817,2,528,3171,2736,4096,0,86,0,466.400
6377,7818,2,560,3360,2736,4096,400,86,0,319.200
6378,7819,2,542,3252,2736,4096,0,86,0,395.000
6379,7820,2,562,3372,2736,4096,400,86,0,410.100
6380,7821,2,598,3588,2736,4096,0,86,0,410.700
6381,7822,2,607,3642,2736,4096,400,86,0,380.100
6382,7823,2,649,3894,2736,4096,0,86,0,441.300
6383,7824,2,612,3672,2736,4096,400,86,0,308.700
6384,7825,2,631,3786,2736,4096,0,86,0,444.800
6385,7826,2,634,3807,2736,4096,400,86,0,475.100
6386,7827,2,645,3870,2736,4096,0,86,0,465.800
6387,7828,2,644,3864,2736,4096,400,86,0,477.600
6388,7829,2,635,3810,2736,4096,0,86,0,445.300
6389,7830,2,621,3726,2736,4096,400,86,0,532.300
6390,7831,2,587,3522,2736,4096,0,86,0,352.000
6391,7832,2,550,3300,2736,4096,400,86,0,285.000
6392,7833,2,559,3354,2736,4096,0,86,0,427.000
6393,7834,2,585,3510,2736,4096,400,86,0,376.500
6394,7835,2,603,3621,2736,4096,0,86,0,358.500
6395,7836,2,589,3534,2736,4096,400,86,0,445.000
6396,7837,2,582,3492,2736,4096,0,86,0,468.700
6397,7838,2,559,3354,2736,4096,400,86,0,276.800
6398,7839,2,554,3324,2736,4096,0,86,0,363.500
6399,7840,2,604,3624,2736,4096,400,86,0,377.600
6400,7841,2,631,3786,2736,4096,0,86,0,434.800
6401,7842,2,640,3840,2736,4096,400,86,0,504.300
6402,7843,2,684,4104,2736,4096,0,86,0,320.500
6403,7844,2,619,3714,2736,4096,400,86,0,404.800
6404,7845,2,558,3348,2736,4096,0,86,0,558.400
6405,7846,2,566,3396,2736,4096,400,86,0,469.500
6406,7847,2,509,3054,2736,4096,0,86,0,384.000
6407,7848,2,457,2742,2736,4096,400,86,0,522.300
6408,7849,2,398,2388,2736,4096,0,86,0,448.900
6409,7850,2,320,1920,2736,4096,400,86,0,305.200
6410,7851,2,243,1458,2736,4096,0,86,0,424.500
6411,7852,2,108,648,2736,4096,400,86,0,417.200
6412,7853,2,106,636,2736,4096,0,86,0,699.400
6413,7854,2,57,342,2736,4096,400,86,0,493.300
6414,7855,2,39,234,2736,4096,0,86,0,316.800
6415,7856,2,37,222,2736,4096,400,86,0,376.300
6416,7857,2,27,162,2736,4096,0,86,0,347.100
6417,7858,2,20,120,2736,4096,400,86,0,306.100
6418,7859,2,8,48,2736,4096,0,86,0,368.100
6419,7860,2,19,114,2736,4096,400,86,0,707.400
6420,7861,2,23,138,2736,4096,0,86,0,310.300
6421,7862,2,19,114,2736,4096,400,86,0,338.700
6422,7863,2,59,354,2736,4096,0,86,0,479.900
6423,7864,2,25,150,2736,4096,400,86,0,333.900
6424,7865,2,19,114,2736,4096,0,86,0,368.100
6425,7866,2,25,150,2736,4096,400,86,0,374.600
6426,7867,2,4,24,2736,4096,0,86,0,314.500
6427,7868,2,4,24,2736,4096,400,86,0,340.100
6428,7869,2,4,24,2736,4096,0,86,0,321.100
6429,7870,2,3,18,2736,4096,400,86,0,334.000
6430,7871,2,19,114,2736,4096,0,86,0,328.300
6431,7873,2,0,0,2736,4096,400,86,0,206.500
6432,7874,2,3,18,2736,4096,0,86,0,399.700
6433,7875,2,15,96,2736,4096,400,86,0,363.700
6434,7876,2,15,93,2736,4096,0,86,0,383.400
6435,7877,2,3,18,2736,4096,400,86,0,383.900
6436,7878,2,3,18,2736,4096,0,86,0,427.200
6437,7879,2,3,18,2736,4096,400,86,0,410.600
6438,7880,2,3,18,2736,4096,0,86,0,294.900
6439,7881,2,3,18,2736,4096,400,86,0,366.900
6440,7882,2,0,0,2736,4096,0,86,0,320.900
6441,7883,2,0,0,2736,4096,400,86,0,199.500
6442,7884,2,43,258,2736,4096,0,86,0,375.900
6443,7885,2,37,222,2736,4096,400,86,0,363.800
6444,7886,2,37,222,2736,4096,0,86,0,442.100
6445,7887,2,37,222,2736,4096,400,86,0,354.600
6446,7888,2,43,261,2736,4096,0,86,0,645.200
6447,7889,2,37,222,2736,4096,400,86,0,354.400
6448,7890,2,37,222,2736,4096,0,86,0,439.100
6449,7891,2,37,222,2736,4096,400,86,0,563.300
6450,7892,2,53,315,2736,4096,0,86,0,398.600
6451,7893,2,6,36,2736,4096,400,86,0,308.100
6452,7894,2,0,0,2736,4096,0,86,0,225.200
6453,7895,2,0,0,2736,4096,400,86,0,323.600
6454,7896,2,0,0,2736,4096,0,86,0,344.000
6455,7897,2,0,0,2736,4096,400,86,0,355.600
6456,7898,2,8,48,2736,4096,0,86,0,386.200
6457,7899,2,3,18,2736,4096,400,86,0,414.700
6458,7900,2,3,18,2736,4096,0,86,0,307.400
6459,7901,2,3,18,2736,4096,400,86,0,348.900
6460,7902,2,3,18,2736,4096,0,86,0,397.200
6461,7903,2,3,18,2736,4096,400,86,0,300.400
6462,7904,2,9,54,2736,4096,0,86,0,516.100
6463,7905,2,3,18,2736,4096,400,86,0,534.800
6464,7906,2,3,18,2736,4096,0,86,0,299.000
6465,7907,2,9,57,2736,4096,400,86,0,354.500
6466,7908,2,3,18,2736,4096,0,86,0,370.600
6467,7909,2,3,18,2736,4096,400,86,0,354.200
6468,7910,2,3,18,2736,4096,0,86,0,475.300
6469,7911,2,3,18,2736,4096,400,86,0,326.900
6470,7912,2,3,18,2736,4096,0,86,0,393.000
6471,7913,2,3,18,2736,4096,400,86,0,437.900
6472,7914,2,9,54,2736,4096,0,86,0,339.400
6473,7915,2,3,18,2736,4096,400,86,0,430.400
6474,7916,2,9,57,2736,4096,0,86,0,422.100
6475,7917,2,14,84,2736,4096,400,86,0,402.200
6476,7918,2,14,84,2736,4096,0,86,0,429.900
6477,7919,2,14,84,2736,4096,400,86,0,411.000
6478,7920,2,14,84,2736,4096,0,86,0,456.800
6479,7921,2,14,84,2736,4096,400,86,0,315.200
6480,7922,2,14,84,2736,4096,0,86,0,359.200
6481,7923,2,44,264,2736,4096,400,86,0,499.600
6482,7924,2,15,93,2736,4096,0,86,0,317.000
6483,7925,2,3,18,2736,4096,400,86,0,292.600
6484,7926,2,3,18,2736,4096,0,86,0,343.600
6485,7927,2,3,18,2736,4096,400,86,0,360.500
6486,7928,2,3,18,2736,4096,0,86,0,338.300
6487,7929,2,3,18,2736,4096,400,86,0,437.300
6488,7930,2,3,18,2736,4096,0,86,0,322.700
6489,7931,2,3,18,2736,4096,400,86,0,367.000
6490,7932,2,3,18,2736,4096,0,86,0,352.700
6491,7933,2,25,153,2736,4096,400,86,0,370.900
6492,7934,2,25,150,2736,4096,0,86,0,336.600
6493,7935,2,3,18,2736,4096,400,86,0,358.900
6494,7936,2,3,18,2736,4096,0,86,0,321.700
6495,7937,2,3,18,2736,4096,400,86,0,492.500
6496,7938,2,3,18,2736,4096,0,86,0,484.600
6497,7939,2,3,18,2736,4096,400,86,0,295.200
6498,7940,2,3,18,2736,4096,0,86,0,308.800
6499,7941,2,3,18,2736,4096,400,86,0,415.300
6500,7942,2,7,42,2736,4096,0,86,0,368.100
6501,7943,2,7,42,2736,4096,400,86,0,395.100
6502,7944,2,7,42,2736,4096,0,86,0,273.800
6503,7945,2,7,42,2736,4096,400,86,0,358.000
6504,7946,2,7,42,2736,4096,0,86,0,336.000
6505,7947,2,7,42,2736,4096,400,86,0,297.600
6506,7948,2,7,42,2736,4096,0,86,0,421.200
6507,7949,2,7,42,2736,4096,400,86,0,466.800
6508,7950,2,7,42,2736,4096,0,86,0,471.800
6509,7951,2,7,42,2736,4096,400,86,0,340.400
6510,7952,2,7,42,2736,4096,0,86,0,450.600
6511,7953,2,3,18,2736,4096,400,86,0,450.300
6512,7954,2,3,18,2736,4096,0,86,0,368.700
6513,7955,2,20,120,2736,4096,400,86,0,311.900
6514,7956,2,20,120,2736,4096,0,86,0,275.200
6515,7957,2,3,18,2736,4096,400,86,0,507.200
6516,7958,2,3,18,2736,4096,0,86,0,355.600
6517,7959,2,3,18,2736,4096,400,86,0,323.300
6518,7960,2,3,18,2736,4096,0,86,0,357.000
6519,7961,2,3,18,2736,4096,400,86,0,458.300
6520,7962,2,3,18,2736,4096,0,86,0,319.000
6521,7963,2,3,18,2736,4096,400,86,0,487.300
6522,7964,2,3,18,2736,4096,0,86,0,416.800
6523,7965,2,3,18,2736,4096,400,86,0,390.200
6524,7966,2,3,18,2736,4096,0,86,0,422.100
6525,7967,2,3,18,2736,4096,400,86,0,367.500
6526,7968,2,3,18,2736,4096,0,86,0,526.200
6527,7969,2,3,18,2736,4096,400,86,0,318.300
6528,7970,2,3,18,2736,4096,0,86,0,403.400
6529,7971,2,20,120,2736,4096,400,86,0,387.000
6530,7972,2,3,18,2736,4096,0,86,0,440.400
6531,7973,2,3,18,2736,4096,400,86,0,378.700
6532,7974,2,3,18,2736,4096,0,86,0,308.300
6533,7975,2,15,90,2736,4096,400,86,0,368.300
6534,7976,2,15,90,2736,4096,0,86,0,302.200
6535,7977,2,23,138,2736,4096,400,86,0,332.400
6536,7978,2,11,66,2736,4096,0,86,0,387.700
6537,7979,2,11,66,2736,4096,400,86,0,425.200
6538,7980,2,11,66,2736,4096,0,86,0,668.100
6539,7981,2,11,66,2736,4096,400,86,0,409.300
6540,7982,2,11,66,2736,4096,0,86,0,288.400
6541,7983,2,11,66,2736,4096,400,86,0,373.000
6542,7984,2,19,114,2736,4096,0,86,0,380.700
6543,7986,2,13,78,2736,4096,400,86,0,315.100
6544,7987,2,13,78,2736,4096,0,86,0,309.200
6545,7988,2,21,126,2736,4096,400,86,0,397.200
6546,7989,2,21,126,2736,4096,0,86,0,349.200
6547,7990,2,13,78,2736,4096,400,86,0,380.000
6548,7991,2,17,105,2736,4096,0,86,0,430.800
6549,7992,2,13,78,2736,4096,400,86,0,348.900
6550,7993,2,33,192,2736,4096,0,86,0,328.200
6551,7994,2,25,144,2736,4096,400,86,0,293.800
6552,7995,2,25,144,2736,4096,0,86,0,407.300
6553,7996,2,32,189,2736,4096,400,86,0,367.100
6554,7997,2,31,186,2736,4096,0,86,0,335.800
6555,7998,2,86,516,2736,4096,400,86,0,372.400
6556,7999,2,92,552,2736,4096,0,86,0,295.100
6557,8000,2,92,552,2736,4096,400,86,0,260.500
6558,8001,2,92,552,2736,4096,0,86,0,318.500
6559,8002,2,102,612,2736,4096,400,86,0,406.600
6560,8003,2,88,528,2736,4096,0,86,0,567.900
6561,8004,2,86,516,2736,4096,400,86,0,360.900
6562,8005,2,95,570,2736,4096,0,86,0,338.200
6563,8006,2,95,570,2736,4096,400,86,0,389.400
6564,8007,2,89,534,2736,4096,0,86,0,414.100
6565,8008,2,90,540,2736,4096,400,86,0,323.100
6566,8009,2,90,540,2736,4096,0,86,0,323.700
6567,8010,2,90,540,2736,4096,400,86,0,256.100
6568,8011,2,97,579,2736,4096,0,86,0,327.000
6569,8012,2,90,540,2736,4096,400,86,0,854.900
6570,8013,2,90,540,2736,4096,0,86,0,413.600
6571,8014,2,98,588,2736,4096,400,86,0,357.400
6572,8015,2,98,588,2736,4096,0,86,0,336.800
6573,8016,2,90,540,2736,4096,400,86,0,296.500
6574,8017,2,90,540,2736,4096,0,86,0,317.900
6575,8018,2,90,540,2736,4096,400,86,0,360.500
6576,8019,2,90,540,2736,4096,0,86,0,334.000
6577,8020,2,97,579,2736,4096,400,86,0,325.700
6578,8021,2,123,738,2736,4096,0,86,0,390.600
6579,8022,2,131,786,2736,4096,400,86,0,288.000
6580,8023,2,131,786,2736,4096,0,86,0,373.800
6581,8024,2,123,738,2736,4096,400,86,0,358.400
6582,8025,2,123,738,2736,4096,0,86,0,333.900
6583,8026,2,127,762,2736,4096,400,86,0,336.300
6584,8027,2,123,738,2736,4096,0,86,0,346.700
6585,8028,2,123,738,2736,4096,400,86,0,499.500
6586,8029,2,131,783,2736,4096,0,86,0,350.600
6587,8030,2,124,744,2736,4096,400,86,0,334.800
6588,8031,2,132,792,2736,4096,0,86,0,321.800
6589,8032,2,132,792,2736,4096,400,86,0,411.100
6590,8033,2,123,738,2736,4096,0,86,0,309.000
6591,8034,2,121,726,2736,4096,400,86,0,393.700
6592,8035,2,121,726,2736,4096,0,86,0,467.000
6593,8036,2,131,786,2736,4096,400,86,0,515.600
6594,8037,2,128,765,2736,4096,0,86,0,305.500
6595,8038,2,121,726,2736,4096,400,86,0,295.400
6596,8039,2,129,774,2736,4096,0,86,0,413.900
6597,8040,2,129,774,2736,4096,400,86,0,734.900
6598,8041,2,121,726,2736,4096,0,86,0,415.200
6599,8042,2,120,720,2736,4096,400,86,0,393.200
6600,8043,2,152,912,2736,4096,0,86,0,384.000
6601,8044,2,152,912,2736,4096,400,86,0,535.400
6602,8045,2,152,912,2736,4096,0,86,0,414.600
6603,8046,2,152,912,2736,4096,400,86,0,376.600
6604,8047,2,152,912,2736,4096,0,86,0,320.100
6605,8048,2,160,960,2736,4096,400,86,0,289.100
6606,8049,2,160,960,2736,4096,0,86,0,425.800
6607,8050,2,152,912,2736,4096,400,86,0,435.100
6608,8051,2,152,912,2736,4096,0,86,0,382.800
6609,8052,2,152,912,2736,4096,400,86,0,404.900
6610,8053,2,160,960,2736,4096,0,86,0,335.500
6611,8054,2,151,906,2736,4096,400,86,0,424.200
6612,8055,2,151,906,2736,4096,0,86,0,368.400
6613,8056,2,151,906,2736,4096,400,86,0,458.600
6614,8057,2,159,954,2736,4096,0,86,0,362.900
6615,8058,2,151,906,2736,4096,400,86,0,425.800
6616,8059,2,151,906,2736,4096,0,86,0,317.100
6617,8060,2,151,906,2736,4096,400,86,0,426.700
6618,8061,2,159,954,2736,4096,0,86,0,308.900
6619,8062,2,151,906,2736,4096,400,86,0,413.100
6620,8063,2,151,906,2736,4096,0,86,0,349.500
6621,8064,2,151,906,2736,4096,400,86,0,360.100
6622,8065,2,159,954,2736,4096,0,86,0,343.300
6623,8066,2,159,954,2736,4096,400,86,0,336.300
6624,8067,2,151,906,2736,4096,0,86,0,290.000
6625,8068,2,155,930,2736,4096,400,86,0,571.300
6626,8069,2,163,978,2736,4096,0,86,0,269.500
6627,8070,2,155,930,2736,4096,400,86,0,311.900
6628,8072,2,159,954,2736,4096,0,86,0,307.900
6629,8073,2,131,786,2736,4096,400,86,0,342.200
6630,8074,2,139,834,2736,4096,0,86,0,357.000
6631,8075,2,131,786,2736,4096,400,86,0,436.600
6632,8076,2,139,834,2736,4096,0,86,0,296.500
6633,8077,2,131,786,2736,4096,400,86,0,409.300
6634,8078,2,130,780,2736,4096,0,86,0,363.300
6635,8079,2,166,993,2736,4096,400,86,0,463.900
6636,8080,2,163,975,2736,4096,0,86,0,362.200
6637,8081,2,137,822,2736,4096,400,86,0,363.100
6638,8082,2,161,966,2736,4096,0,86,0,317.400
6639,8083,2,160,960,2736,4096,400,86,0,425.700
6640,8084,2,157,942,2736,4096,0,86,0,285.200
6641,8085,2,157,942,2736,4096,400,86,0,410.900
6642,8086,2,209,1254,2736,4096,0,86,0,251.000
6643,8087,2,211,1266,2736,4096,400,86,0,367.000
6644,8088,2,216,1296,2736,4096,0,86,0,435.600
6645,8089,2,216,1296,2736,4096,400,86,0,359.600
6646,8090,2,218,1308,2736,4096,0,86,0,392.600
6647,8091,2,282,1692,2736,4096,400,86,0,365.500
6648,8092,2,266,1596,2736,4096,0,86,0,422.300
6649,8093,2,276,1656,2736,4096,400,86,0,376.400
6650,8094,2,355,2130,2736,4096,0,86,0,338.800
6651,8095,2,317,1902,2736,4096,400,86,0,347.300
6652,8096,2,317,1902,2736,4096,0,86,0,566.800
6653,8097,2,389,2334,2736,4096,400,86,0,407.500
6654,8098,2,386,2316,2736,4096,0,86,0,371.000
6655,8099,2,406,2436,2736,4096,400,86,0,413.000
6656,8100,2,390,2340,2736,4096,0,86,0,540.900
6657,8101,2,392,2352,2736,4096,400,86,0,456.600
6658,8103,2,320,1920,2736,4096,0,86,0,345.300
6659,8105,2,328,1968,2736,4096,400,86,0,681.300
6660,8106,2,343,2058,2736,4096,0,86,0,412.500
6661,8108,2,362,2172,2736,4096,400,86,0,366.900
6662,8110,2,363,2178,2736,4096,0,86,0,442.300
6663,8111,2,366,2196,2736,4096,400,86,0,364.200
6664,8112,2,366,2196,2736,4096,0,86,0,394.100
6665,8113,2,367,2202,2736,4096,400,86,0,427.300
6666,8114,2,377,2262,2736,4096,0,86,0,402.400
6667,8115,2,421,2526,2736,4096,400,86,0,421.500
6668,8116,2,421,2526,2736,4096,0,86,0,334.500
6669,8117,2,428,2562,2736,4096,400,86,0,311.000
6670,8118,2,417,2502,2736,4096,0,86,0,383.700
6671,8119,2,423,2538,2736,4096,400,86,0,425.100
6672,8120,2,424,2544,2736,4096,0,86,0,385.500
6673,8121,2,436,2616,2736,4096,400,86,0,371.500
6674,8122,2,474,2844,2736,4096,0,86,0,371.200
6675,8123,2,468,2808,2736,4096,400,86,0,426.000
6676,8124,2,474,2847,2736,4096,0,86,0,399.500
6677,8125,2,469,2814,2736,4096,400,86,0,444.600
6678,8126,2,526,3156,2736,4096,0,86,0,402.700
6679,8127,2,475,2850,2736,4096,400,86,0,437.300
6680,8128,2,444,2664,2736,4096,0,86,0,451.600
6681,8129,2,442,2652,2736,4096,400,86,0,396.400
6682,8130,2,427,2562,2736,4096,0,86,0,381.400
6683,8131,2,428,2568,2736,4096,400,86,0,401.400
6684,8132,2,447,2682,2736,4096,0,86,0,422.900
6685,8133,2,364,2184,2736,4096,400,86,0,415.300
6686,8134,2,390,2337,2736,4096,0,86,0,357.900
6687,8135,2,376,2256,2736,4096,400,86,0,321.600
6688,8136,2,420,2520,2736,4096,0,86,0,373.400
6689,8137,2,416,2496,2736,4096,400,86,0,376.300
6690,8138,2,416,2496,2736,4096,0,86,0,411.800
6691,8139,2,419,2514,2736,4096,400,86,0,299.000
6692,8140,2,416,2496,2736,4096,0,86,0,364.700
6693,8142,2,463,2778,2736,4096,400,86,0,327.700
6694,8143,2,446,2676,2736,4096,0,86,0,397.900
6695,8144,2,283,1698,2736,4096,400,86,0,458.600
6696,8145,2,307,1842,2736,4096,0,86,0,403.700
6697,8146,2,307,1842,2736,4096,400,86,0,397.800
6698,8147,2,300,1800,2736,4096,0,86,0,405.900
6699,8148,2,321,1926,2736,4096,400,86,0,427.900
6700,8149,2,337,2022,2736,4096,0,86,0,418.000
6701,8150,2,358,2148,2736,4096,400,86,0,497.500
6702,8151,2,363,2178,2736,4096,0,86,0,308.300
6703,8152,2,355,2130,2736,4096,400,86,0,291.800
6704,8153,2,311,1866,2736,4096,0,86,0,451.500
6705,8154,2,253,1518,2736,4096,400,86,0,349.500
6706,8155,2,212,1272,2736,4096,0,86,0,425.700
6707,8156,2,211,1266,2736,4096,400,86,0,353.300
6708,8157,2,212,1272,2736,4096,0,86,0,283.300
6709,8158,2,206,1236,2736,4096,400,86,0,378.400
6710,8159,2,198,1188,2736,4096,0,86,0,306.800
6711,8160,2,409,2454,2736,4096,400,86,0,539.400
6712,8161,2,377,2262,2736,4096,0,86,0,376.700
6713,8162,2,372,2232,2736,4096,400,86,0,342.800
6714,8163,2,331,1986,2736,4096,0,86,0,371.600
6715,8164,2,401,2406,2736,4096,400,86,0,550.200
6716,8165,2,409,2454,2736,4096,0,86,0,331.600
6717,8166,2,404,2424,2736,4096,400,86,0,388.000
6718,8167,2,371,2226,2736,4096,0,86,0,390.900
6719,8168,2,478,2868,2736,4096,400,86,0,374.300
6720,8169,2,504,3024,2736,4096,0,86,0,352.600
6721,8170,2,331,1986,2736,4096,400,86,0,380.500
6722,8171,2,329,1974,2736,4096,0,86,0,411.500
6723,8172,2,260,1560,2736,4096,400,86,0,367.700
6724,8173,2,308,1848,2736,4096,0,86,0,299.700
6725,8174,2,313,1878,2736,4096,400,86,0,596.000
6726,8175,2,327,1962,2736,4096,0,86,0,381.300
6727,8176,2,325,1950,2736,4096,400,86,0,390.900
6728,8177,2,327,1962,2736,4096,0,86,0,387.500
6729,8178,2,345,2070,2736,4096,400,86,0,457.300
6730,8179,2,374,2244,2736,4096,0,86,0,505.300
6731,8180,2,445,2670,2736,4096,400,86,0,727.300
6732,8181,2,462,2772,2736,4096,0,86,0,454.100
6733,8182,2,532,3192,2736,4096,400,86,0,389.200
6734,8183,2,558,3348,2736,4096,0,86,0,361.300
6735,8184,2,552,3312,2736,4096,400,86,0,386.800
6736,8185,2,555,3327,2736,4096,0,86,0,493.500
6737,8186,2,494,2964,2736,4096,400,86,0,499.500
6738,8187,2,407,2442,2736,4096,0,86,0,422.300
6739,8188,2,362,2172,2736,4096,400,86,0,416.500
6740,8189,2,290,1740,2736,4096,0,86,0,493.500
6741,8190,2,268,1608,2736,4096,400,86,0,529.600
6742,8191,2,248,1488,2736,4096,0,86,0,524.400
6743,8192,2,256,1536,2736,4096,400,86,0,400.100
6744,8193,2,240,1440,2736,4096,0,86,0,367.900
6745,8194,2,226,1356,2736,4096,400,86,0,426.800
6746,8195,2,208,1248,2736,4096,0,86,0,453.200
6747,8196,2,192,1152,2736,4096,400,86,0,487.800
6748,8197,2,141,846,2736,4096,0,86,0,400.300
6749,8198,2,132,792,2736,4096,400,86,0,270.500
6750,8199,2,118,708,2736,4096,0,86,0,445.200
6751,8200,2,122,732,2736,4096,400,86,0,588.900
6752,8201,2,114,684,2736,4096,0,86,0,515.300
6753,8202,2,114,684,2736,4096,400,86,0,479.200
6754,8203,2,120,726,2736,4096,0,86,0,530.900
6755,8204,2,108,648,2736,4096,400,86,0,486.000
6756,8205,2,116,696,2736,4096,0,86,0,461.900
6757,8206,2,110,660,2736,4096,400,86,0,318.100
6758,8207,2,100,600,2736,4096,0,86,0,455.400
6759,8208,2,100,600,2736,4096,400,86,0,443.100
6760,8209,2,134,804,2736,4096,0,86,0,481.300
6761,8210,2,105,630,2736,4096,400,86,0,499.200
6762,8211,2,106,636,2736,4096,0,86,0,430.700
6763,8212,2,78,471,2736,4096,400,86,0,328.500
6764,8213,2,66,396,2736,4096,0,86,0,424.200
6765,8214,2,62,372,2736,4096,400,86,0,471.100
6766,8215,2,56,336,2736,4096,0,86,0,354.100
6767,8216,2,56,336,2736,4096,400,86,0,380.000
6768,8217,2,57,342,2736,4096,0,86,0,347.800
6769,8218,2,52,312,2736,4096,400,86,0,422.900
6770,8219,2,58,348,2736,4096,0,86,0,385.500
6771,8220,2,58,351,2736,4096,400,86,0,585.400
6772,8221,2,49,294,2736,4096,0,86,0,337.700
6773,8222,2,49,294,2736,4096,400,86,0,401.600
6774,8223,2,49,294,2736,4096,0,86,0,284.600
6775,8224,2,81,486,2736,4096,400,86,0,488.900
6776,8225,2,79,474,2736,4096,0,86,0,346.000
6777,8226,2,65,390,2736,4096,400,86,0,411.800
6778,8227,2,28,168,2736,4096,0,86,0,566.000
6779,8228,2,31,186,2736,4096,400,86,0,380.500
6780,8229,2,23,138,2736,4096,0,86,0,582.500
6781,8230,2,45,267,2736,4096,400,86,0,484.700
6782,8231,2,24,144,2736,4096,0,86,0,363.200
6783,8232,2,18,108,2736,4096,400,86,0,432.500
6784,8233,2,16,96,2736,4096,0,86,0,514.900
6785,8234,2,58,348,2736,4096,400,86,0,406.800
6786,8235,2,56,336,2736,4096,0,86,0,394.400
6787,8236,2,51,306,2736,4096,400,86,0,360.400
6788,8237,2,16,96,2736,4096,0,86,0,426.700
6789,8238,2,16,96,2736,4096,400,86,0,299.600
6790,8239,2,16,96,2736,4096,0,86,0,297.000
6791,8240,2,16,96,2736,4096,400,86,0,343.300
6792,8241,2,16,96,2736,4096,0,86,0,406.000
6793,8242,2,16,96,2736,4096,400,86,0,354.200
6794,8243,2,16,96,2736,4096,0,86,0,328.600
6795,8244,2,16,96,2736,4096,400,86,0,325.600
6796,8245,2,16,96,2736,4096,0,86,0,408.200
6797,8246,2,13,78,2736,4096,400,86,0,508.000
6798,8247,2,13,78,2736,4096,0,86,0,333.200
6799,8248,2,13,78,2736,4096,400,86,0,306.100
6800,8249,2,13,78,2736,4096,0,86,0,414.300
6801,8250,2,13,78,2736,4096,400,86,0,374.400
6802,8251,2,13,78,2736,4096,0,86,0,310.800
6803,8252,2,13,78,2736,4096,400,86,0,445.100
6804,8253,2,13,78,2736,4096,0,86,0,410.800
6805,8254,2,13,78,2736,4096,400,86,0,367.900
6806,8255,2,13,78,2736,4096,0,86,0,408.400
6807,8256,2,13,78,2736,4096,400,86,0,360.200
6808,8257,2,13,78,2736,4096,0,86,0,380.600
6809,8258,2,13,78,2736,4096,400,86,0,389.900
6810,8259,2,13,78,2736,4096,0,86,0,406.300
6811,8260,2,28,168,2736,4096,400,86,0,354.300
6812,8261,2,28,168,2736,4096,0,86,0,316.300
6813,8262,2,28,168,2736,4096,400,86,0,420.100
6814,8263,2,25,150,2736,4096,0,86,0,286.900
6815,8264,2,23,138,2736,4096,400,86,0,365.200
6816,8265,2,23,138,2736,4096,0,86,0,482.300
6817,8266,2,22,132,2736,4096,400,86,0,330.500
6818,8267,2,22,132,2736,4096,0,86,0,368.500
6819,8268,2,22,132,2736,4096,400,86,0,364.900
6820,8269,2,22,132,2736,4096,0,86,0,411.000
6821,8270,2,22,132,2736,4096,400,86,0,315.300
6822,8271,2,22,132,2736,4096,0,86,0,290.800
6823,8272,2,22,132,2736,4096,400,86,0,400.000
6824,8273,2,22,132,2736,4096,0,86,0,334.400
6825,8274,2,22,132,2736,4096,400,86,0,349.500
6826,8275,2,22,132,2736,4096,0,86,0,363.000
6827,8276,2,22,132,2736,4096,400,86,0,386.700
6828,8277,2,12,72,2736,4096,0,86,0,372.900
6829,8278,2,12,72,2736,4096,400,86,0,391.600
6830,8279,2,12,72,2736,4096,0,86,0,413.400
6831,8280,2,12,72,2736,4096,400,86,0,820.200
6832,8281,2,12,72,2736,4096,0,86,0,344.400
6833,8282,2,12,72,2736,4096,400,86,0,412.300
6834,8283,2,12,72,2736,4096,0,86,0,340.100
6835,8284,2,12,72,2736,4096,400,86,0,280.900
6836,8285,2,12,72,2736,4096,0,86,0,352.400
6837,8286,2,12,72,2736,4096,400,86,0,376.600
6838,8287,2,12,72,2736,4096,0,86,0,380.800
6839,8288,2,12,72,2736,4096,400,86,0,437.600
6840,8289,2,12,72,2736,4096,0,86,0,470.400
6841,8290,2,12,72,2736,4096,400,86,0,303.800
6842,8291,2,12,72,2736,4096,0,86,0,329.800
6843,8292,2,12,72,2736,4096,400,86,0,342.200
6844,8293,2,12,72,2736,4096,0,86,0,356.400
6845,8294,2,12,72,2736,4096,400,86,0,442.600
6846,8295,2,12,72,2736,4096,0,86,0,373.600
6847,8296,2,12,72,2736,4096,400,86,0,337.900
6848,8297,2,12,72,2736,4096,0,86,0,394.400
6849,8298,2,12,72,2736,4096,400,86,0,245.700
6850,8299,2,12,72,2736,4096,0,86,0,458.700
6851,8300,2,12,72,2736,4096,400,86,0,310.000
6852,8301,2,18,108,2736,4096,0,86,0,368.800
6853,8302,2,18,108,2736,4096,400,86,0,328.000
6854,8303,2,18,108,2736,4096,0,86,0,520.300
6855,8304,2,18,108,2736,4096,400,86,0,296.600
6856,8305,2,18,108,2736,4096,0,86,0,319.900
6857,8306,2,18,108,2736,4096,400,86,0,459.600
6858,8307,2,18,108,2736,4096,0,86,0,308.500
6859,8308,2,14,84,2736,4096,400,86,0,339.600
6860,8309,2,14,84,2736,4096,0,86,0,327.800
6861,8310,2,14,84,2736,4096,400,86,0,336.400
6862,8311,2,14,84,2736,4096,0,86,0,294.800
6863,8312,2,15,90,2736,4096,400,86,0,287.400
6864,8313,2,15,90,2736,4096,0,86,0,520.000
6865,8314,2,15,90,2736,4096,400,86,0,490.900
6866,8315,2,15,90,2736,4096,0,86,0,403.700
6867,8316,2,15,90,2736,4096,400,86,0,388.000
6868,8317,2,15,90,2736,4096,0,86,0,356.700
6869,8318,2,15,90,2736,4096,400,86,0,367.500
6870,8319,2,15,90,2736,4096,0,86,0,400.900
6871,8320,2,15,90,2736,4096,400,86,0,278.900
6872,8321,2,15,90,2736,4096,0,86,0,329.100
6873,8322,2,15,90,2736,4096,400,86,0,327.500
6874,8323,2,15,90,2736,4096,0,86,0,500.000
6875,8324,2,15,90,2736,4096,400,86,0,406.800
6876,8325,2,15,90,2736,4096,0,86,0,361.600
6877,8326,2,15,90,2736,4096,400,86,0,373.700
6878,8327,2,15,90,2736,4096,0,86,0,392.600
6879,8328,2,15,90,2736,4096,400,86,0,400.800
6880,8329,2,15,90,2736,4096,0,86,0,313.600
6881,8330,2,15,90,2736,4096,400,86,0,316.300
6882,8331,2,15,90,2736,4096,0,86,0,382.400
6883,8332,2,15,90,2736,4096,400,86,0,473.600
6884,8333,2,15,90,2736,4096,0,86,0,313.400
6885,8334,2,15,90,2736,4096,400,86,0,419.400
6886,8335,2,15,90,2736,4096,0,86,0,409.500
6887,8336,2,15,90,2736,4096,400,86,0,382.800
6888,8337,2,15,90,2736,4096,0,86,0,413.700
6889,8338,2,15,90,2736,4096,400,86,0,335.800
6890,8339,2,15,90,2736,4096,0,86,0,469.300
6891,8340,2,15,90,2736,4096,400,86,0,730.900
6892,8341,2,15,90,2736,4096,0,86,0,491.900
6893,8342,2,15,90,2736,4096,400,86,0,370.500
6894,8343,2,15,90,2736,4096,0,86,0,515.900
6895,8344,2,15,90,2736,4096,400,86,0,410.400
6896,8345,2,15,90,2736,4096,0,86,0,371.000
6897,8346,2,15,90,2736,4096,400,86,0,303.400
6898,8347,2,15,90,2736,4096,0,86,0,364.500
6899,8348,2,15,90,2736,4096,400,86,0,691.000
6900,8349,2,15,90,2736,4096,0,86,0,363.300
6901,8350,2,15,90,2736,4096,400,86,0,365.200
6902,8351,2,15,90,2736,4096,0,86,0,532.200
6903,8352,2,15,90,2736,4096,400,86,0,448.000
6904,8353,2,15,90,2736,4096,0,86,0,396.600
6905,8354,2,15,90,2736,4096,400,86,0,321.900
6906,8355,2,15,90,2736,4096,0,86,0,357.200
6907,8356,2,15,90,2736,4096,400,86,0,394.100
6908,8357,2,15,90,2736,4096,0,86,0,452.600
6909,8358,2,15,90,2736,4096,400,86,0,395.800
6910,8359,2,15,90,2736,4096,0,86,0,315.200
6911,8360,2,15,90,2736,4096,400,86,0,435.700
6912,8361,2,15,90,2736,4096,0,86,0,375.100
6913,8362,2,15,90,2736,4096,400,86,0,366.900
6914,8363,2,15,90,2736,4096,0,86,0,409.800
6915,8364,2,15,90,2736,4096,400,86,0,399.500
6916,8365,2,15,90,2736,4096,0,86,0,261.500
6917,8366,2,15,90,2736,4096,400,86,0,317.000
6918,8367,2,15,90,2736,4096,0,86,0,478.100
6919,8368,2,15,90,2736,4096,400,86,0,359.100
6920,8369,2,15,90,2736,4096,0,86,0,271.700
6921,8370,2,15,90,2736,4096,400,86,0,463.700
6922,8371,2,15,90,2736,4096,0,86,0,322.500
6923,8372,2,15,90,2736,4096,400,86,0,462.900
6924,8373,2,15,90,2736,4096,0,86,0,559.400
6925,8374,2,15,90,2736,4096,400,86,0,346.700
6926,8375,2,15,90,2736,4096,0,86,0,337.800
6927,8376,2,15,90,2736,4096,400,86,0,375.500
6928,8377,2,15,90,2736,4096,0,86,0,386.400
6929,8378,2,15,90,2736,4096,400,86,0,471.000
6930,8379,2,15,90,2736,4096,0,86,0,332.000
6931,8380,2,15,90,2736,4096,400,86,0,360.500
6932,8381,2,15,90,2736,4096,0,86,0,353.700
6933,8382,2,15,90,2736,4096,400,86,0,429.700
6934,8383,2,15,90,2736,4096,0,86,0,332.300
6935,8384,2,15,90,2736,4096,400,86,0,293.800
6936,8385,2,15,90,2736,4096,0,86,0,335.300
6937,8386,2,15,90,2736,4096,400,86,0,341.900
6938,8387,2,15,90,2736,4096,0,86,0,432.700
6939,8388,2,15,90,2736,4096,400,86,0,337.600
6940,8389,2,15,90,2736,4096,0,86,0,350.600
6941,8390,2,15,90,2736,4096,400,86,0,424.400
6942,8391,2,15,90,2736,4096,0,86,0,340.800
6943,8392,2,15,90,2736,4096,400,86,0,356.700
6944,8393,2,15,90,2736,4096,0,86,0,378.200
6945,8394,2,15,90,2736,4096,400,86,0,416.800
6946,8395,2,15,90,2736,4096,0,86,0,492.700
6947,8396,2,15,90,2736,4096,400,86,0,446.700
6948,8397,2,15,90,2736,4096,0,86,0,342.200
6949,8398,2,15,90,2736,4096,400,86,0,338.100
6950,8399,2,15,90,2736,4096,0,86,0,331.900
6951,8400,2,15,90,2736,4096,400,86,0,543.100
6952,8401,2,15,90,2736,4096,0,86,0,309.800
6953,8402,2,15,90,2736,4096,400,86,0,346.000
6954,8403,2,15,90,2736,4096,0,86,0,325.300
6955,8404,2,15,90,2736,4096,400,86,0,377.700
6956,8405,2,15,90,2736,4096,0,86,0,395.300
6957,8406,2,15,90,2736,4096,400,86,0,432.900
6958,8407,2,15,90,2736,4096,0,86,0,322.100
6959,8408,2,15,90,2736,4096,400,86,0,376.300
6960,8409,2,15,90,2736,4096,0,86,0,563.400
6961,8410,2,15,90,2736,4096,400,86,0,590.100
6962,8411,2,15,90,2736,4096,0,86,0,391.500
6963,8412,2,15,90,2736,4096,400,86,0,388.700
6964,8413,2,15,90,2736,4096,0,86,0,623.000
6965,8414,2,15,90,2736,4096,400,86,0,436.800
6966,8415,2,15,90,2736,4096,0,86,0,369.000
6967,8416,2,15,90,2736,4096,400,86,0,452.300
6968,8417,2,15,90,2736,4096,0,86,0,493.400
6969,8418,2,15,90,2736,4096,400,86,0,512.000
6970,8419,2,15,90,2736,4096,0,86,0,493.900
6971,8420,2,15,90,2736,4096,400,86,0,318.800
6972,8421,2,15,90,2736,4096,0,86,0,352.800
6973,8422,2,15,90,2736,4096,400,86,0,308.700
6974,8423,2,15,90,2736,4096,0,86,0,321.800
6975,8424,2,15,90,2736,4096,400,86,0,367.400
6976,8425,2,15,90,2736,4096,0,86,0,355.900
6977,8426,2,15,90,2736,4096,400,86,0,361.400
6978,8427,2,15,90,2736,4096,0,86,0,435.300
6979,8428,2,15,90,2736,4096,400,86,0,316.200
6980,8429,2,15,90,2736,4096,0,86,0,334.600
6981,8430,2,15,90,2736,4096,400,86,0,269.600
6982,8431,2,15,90,2736,4096,0,86,0,352.200
6983,8432,2,15,90,2736,4096,400,86,0,335.100
6984,8433,2,15,90,2736,4096,0,86,0,328.300
6985,8434,2,15,90,2736,4096,400,86,0,465.000
6986,8435,2,15,90,2736,4096,0,86,0,348.100
6987,8436,2,15,90,2736,4096,400,86,0,379.600
6988,8437,2,15,90,2736,4096,0,86,0,303.500
6989,8438,2,15,90,2736,4096,400,86,0,295.200
6990,8439,2,15,90,2736,4096,0,86,0,425.600
6991,8440,2,15,90,2736,4096,400,86,0,360.600
6992,8441,2,15,90,2736,4096,0,86,0,395.800
6993,8442,2,0,0,2736,4096,400,86,0,105.200
6994,8443,2,0,0,2736,4096,0,86,0,87.800
6995,8444,2,0,0,2736,4096,400,86,0,122.500
6996,8445,2,0,0,2736,4096,0,86,0,107.600
6997,8446,2,0,0,2736,4096,400,86,0,91.500
6998,8447,2,0,0,2736,4096,0,86,0,113.900
6999,8448,2,0,0,2736,4096,400,86,0,97.000
7000,8449,2,0,0,2736,4096,0,86,0,98.100
7001,8450,2,0,0,2736,4096,400,86,0,155.100
7002,8451,2,0,0,2736,4096,0,86,0,92.500
7003,8452,2,0,0,2736,4096,400,86,0,79.200
7004,8453,2,0,0,2736,4096,0,86,0,98.600
7005,8454,2,0,0,2736,4096,400,86,0,207.700
7006,8455,2,0,0,2736,4096,0,86,0,114.700
7007,8456,2,0,0,2736,4096,400,86,0,140.500
7008,8457,2,0,0,2736,4096,0,86,0,142.900
7009,8458,2,0,0,2736,4096,400,86,0,91.200
7010,8459,2,0,0,2736,4096,0,86,0,93.200
7011,8460,2,0,0,2736,4096,400,86,0,136.700
7012,8461,2,0,0,2736,4096,0,86,0,83.300
7013,8462,2,0,0,2736,4096,400,86,0,89.600
7014,8463,2,0,0,2736,4096,0,86,0,97.600
7015,8464,2,0,0,2736,4096,400,86,0,151.500
7016,8465,2,0,0,2736,4096,0,86,0,119.900
7017,8466,2,0,0,2736,4096,400,86,0,110.700
7018,8467,2,0,0,2736,4096,0,86,0,72.000
7019,8468,2,0,0,2736,4096,400,86,0,85.800
7020,8469,2,0,0,2736,4096,0,86,0,125.400
7021,8470,2,0,0,2736,4096,400,86,0,93.100
7022,8471,2,0,0,2736,4096,0,86,0,111.900
7023,8472,2,0,0,2736,4096,400,86,0,52.600
7024,8473,2,0,0,2736,4096,0,86,0,80.600
7025,8474,2,0,0,2736,4096,400,86,0,124.400
7026,8475,2,0,0,2736,4096,0,86,0,99.200
7027,8476,2,0,0,2736,4096,400,86,0,126.800
7028,8477,2,0,0,2736,4096,0,86,0,137.200
7029,8478,2,0,0,2736,4096,400,86,0,182.800
7030,8479,2,0,0,2736,4096,0,86,0,122.300
7031,8480,2,0,0,2736,4096,400,86,0,63.600
7032,8481,2,0,0,2736,4096,0,86,0,94.600
7033,8482,2,0,0,2736,4096,400,86,0,92.400
7034,8483,2,0,0,2736,4096,0,86,0,104.900
7035,8484,2,0,0,2736,4096,400,86,0,150.600
7036,8485,2,0,0,2736,4096,0,86,0,139.800
7037,8486,2,0,0,2736,4096,400,86,0,114.100
7038,8487,2,0,0,2736,4096,0,86,0,82.800
7039,8488,2,0,0,2736,4096,400,86,0,133.100
7040,8489,2,0,0,2736,4096,0,86,0,98.400
7041,8490,2,0,0,2736,4096,400,86,0,90.900
7042,8491,2,0,0,2736,4096,0,86,0,103.400
7043,8492,2,0,0,2736,4096,400,86,0,121.200
7044,8493,2,0,0,2736,4096,0,86,0,162.100
7045,8494,2,0,0,2736,4096,400,86,0,55.300
7046,8495,2,0,0,2736,4096,0,86,0,123.700
7047,8496,2,0,0,2736,4096,400,86,0,89.100
7048,8497,2,0,0,2736,4096,0,86,0,110.200
7049,8498,2,0,0,2736,4096,400,86,0,96.300
7050,8499,2,0,0,2736,4096,0,86,0,97.100
7051,8500,2,0,0,2736,4096,400,86,0,108.900
7052,8501,2,0,0,2736,4096,0,86,0,91.400
7053,8502,2,0,0,2736,4096,400,86,0,93.900
7054,8503,2,0,0,2736,4096,0,86,0,122.900
7055,8504,2,0,0,2736,4096,400,86,0,150.300
7056,8505,2,0,0,2736,4096,0,86,0,114.600
7057,8506,2,0,0,2736,4096,400,86,0,116.500
7058,8507,2,0,0,2736,4096,0,86,0,116.200
7059,8508,2,0,0,2736,4096,400,86,0,141.300
7060,8509,2,0,0,2736,4096,0,86,0,247.800
7061,8510,2,0,0,2736,4096,400,86,0,90.900
7062,8511,2,0,0,2736,4096,0,86,0,91.900
7063,8512,2,0,0,2736,4096,400,86,0,89.000
7064,8513,2,0,0,2736,4096,0,86,0,115.400
7065,8514,2,0,0,2736,4096,400,86,0,53.400
7066,8515,2,0,0,2736,4096,0,86,0,97.800
7067,8516,2,0,0,2736,4096,400,86,0,86.200
7068,8517,2,0,0,2736,4096,0,86,0,133.600
7069,8518,2,0,0,2736,4096,400,86,0,98.200
7070,8519,2,0,0,2736,4096,0,86,0,97.200
7071,8520,2,0,0,2736,4096,400,86,0,124.600
7072,8521,2,0,0,2736,4096,0,86,0,154.100
7073,8522,2,0,0,2736,4096,400,86,0,129.800
7074,8523,2,0,0,2736,4096,0,86,0,101.700
7075,8524,2,0,0,2736,4096,400,86,0,109.600
7076,8525,2,0,0,2736,4096,0,86,0,52.100
7077,8526,2,0,0,2736,4096,400,86,0,107.800
7078,8527,2,0,0,2736,4096,0,86,0,145.300
7079,8528,2,0,0,2736,4096,400,86,0,150.800
7080,8529,2,0,0,2736,4096,0,86,0,97.000
7081,8530,2,0,0,2736,4096,400,86,0,89.500
7082,8531,2,0,0,2736,4096,0,86,0,170.100
7083,8532,2,0,0,2736,4096,400,86,0,161.500
7084,8533,2,0,0,2736,4096,0,86,0,142.200
7085,8534,2,0,0,2736,4096,400,86,0,236.300
7086,8535,2,0,0,2736,4096,0,86,0,51.900
7087,8536,2,0,0,2736,4096,400,86,0,180.600
7088,8537,2,0,0,2736,4096,0,86,0,139.900
7089,8538,2,0,0,2736,4096,400,86,0,95.900
7090,8539,2,0,0,2736,4096,0,86,0,95.300
7091,8540,2,0,0,2736,4096,400,86,0,105.300
7092,8541,2,0,0,2736,4096,0,86,0,123.600
7093,8542,2,0,0,2736,4096,400,86,0,93.300
7094,8543,2,0,0,2736,4096,0,86,0,182.600
7095,8544,2,0,0,2736,4096,400,86,0,148.900
7096,8545,2,0,0,2736,4096,0,86,0,97.400
7097,8546,2,0,0,2736,4096,400,86,0,147.500
7098,8547,2,0,0,2736,4096,0,86,0,172.400
7099,8548,2,0,0,2736,4096,400,86,0,119.900
7100,8549,2,0,0,2736,4096,0,86,0,137.500
7101,8550,2,0,0,2736,4096,400,86,0,98.100
7102,8551,2,0,0,2736,4096,0,86,0,96.700
7103,8552,2,0,0,2736,4096,400,86,0,49.600
7104,8553,2,0,0,2736,4096,0,86,0,152.700
7105,8554,2,0,0,2736,4096,400,86,0,126.200
7106,8555,2,0,0,2736,4096,0,86,0,51.500
7107,8556,2,0,0,2736,4096,400,86,0,114.700
7108,8557,2,0,0,2736,4096,0,86,0,105.500
7109,8558,2,0,0,2736,4096,400,86,0,90.400
7110,8559,2,0,0,2736,4096,0,86,0,94.800
7111,8560,2,0,0,2736,4096,400,86,0,138.300
7112,8561,2,0,0,2736,4096,0,86,0,94.500
7113,8562,2,0,0,2736,4096,400,86,0,75.200
7114,8563,2,0,0,2736,4096,0,86,0,93.200
7115,8564,2,0,0,2736,4096,400,86,0,132.400
7116,8565,2,0,0,2736,4096,0,86,0,93.300
7117,8566,2,0,0,2736,4096,400,86,0,94.700
7118,8567,2,0,0,2736,4096,0,86,0,92.500
7119,8568,2,0,0,2736,4096,400,86,0,90.100
7120,8569,2,0,0,2736,4096,0,86,0,174.700
7121,8570,2,0,0,2736,4096,400,86,0,92.200
7122,8571,2,0,0,2736,4096,0,86,0,93.500
7123,8572,2,0,0,2736,4096,400,86,0,48.900
7124,8573,2,0,0,2736,4096,0,86,0,49.400
7125,8574,2,0,0,2736,4096,400,86,0,178.700
7126,8575,2,0,0,2736,4096,0,86,0,123.300
7127,8576,2,0,0,2736,4096,400,86,0,111.600
7128,8577,2,0,0,2736,4096,0,86,0,93.900
7129,8578,2,0,0,2736,4096,400,86,0,93.000
7130,8579,2,0,0,2736,4096,0,86,0,149.200
7131,8580,2,0,0,2736,4096,400,86,0,174.800
7132,8581,2,0,0,2736,4096,0,86,0,126.200
7133,8582,2,0,0,2736,4096,400,86,0,79.500
7134,8583,2,0,0,2736,4096,0,86,0,120.400
7135,8584,2,0,0,2736,4096,400,86,0,172.700
7136,8585,2,0,0,2736,4096,0,86,0,51.700
7137,8586,2,0,0,2736,4096,400,86,0,445.400
7138,8587,2,0,0,2736,4096,0,86,0,97.100
7139,8588,2,0,0,2736,4096,400,86,0,102.600
7140,8589,2,0,0,2736,4096,0,86,0,129.700
7141,8590,2,0,0,2736,4096,400,86,0,58.200
7142,8591,2,0,0,2736,4096,0,86,0,98.300
7143,8592,2,0,0,2736,4096,400,86,0,101.200
7144,8593,2,0,0,2736,4096,0,86,0,93.400
7145,8594,2,0,0,2736,4096,400,86,0,126.200
7146,8595,2,0,0,2736,4096,0,86,0,111.900
7147,8596,2,0,0,2736,4096,400,86,0,180.500
7148,8597,2,0,0,2736,4096,0,86,0,96.800
7149,8598,2,0,0,2736,4096,400,86,0,120.600
7150,8599,2,0,0,2736,4096,0,86,0,60.200
7151,8600,2,0,0,2736,4096,400,86,0,96.600
7152,8601,2,0,0,2736,4096,0,86,0,99.000
7153,8602,2,0,0,2736,4096,400,86,0,146.400
7154,8603,2,0,0,2736,4096,0,86,0,188.900
7155,8604,2,0,0,2736,4096,400,86,0,56.800
7156,8605,2,0,0,2736,4096,0,86,0,61.000
7157,8606,2,0,0,2736,4096,400,86,0,99.700
7158,8607,2,0,0,2736,4096,0,86,0,98.300
7159,8608,2,0,0,2736,4096,400,86,0,96.000
7160,8609,2,0,0,2736,4096,0,86,0,158.000
7161,8610,2,0,0,2736,4096,400,86,0,61.500
7162,8611,2,0,0,2736,4096,0,86,0,90.100
7163,8612,2,0,0,2736,4096,400,86,0,63.400
7164,8613,2,0,0,2736,4096,0,86,0,132.000
7165,8614,2,0,0,2736,4096,400,86,0,103.100
7166,8615,2,0,0,2736,4096,0,86,0,99.800
7167,8616,2,0,0,2736,4096,400,86,0,109.800
7168,8617,2,0,0,2736,4096,0,86,0,129.700
7169,8618,2,0,0,2736,4096,400,86,0,87.700
7170,8619,2,0,0,2736,4096,0,86,0,122.100
7171,8620,2,0,0,2736,4096,400,86,0,101.900
7172,8621,2,0,0,2736,4096,0,86,0,57.400
7173,8622,2,0,0,2736,4096,400,86,0,131.600
7174,8623,2,0,0,2736,4096,0,86,0,63.800
7175,8624,2,0,0,2736,4096,400,86,0,59.000
7176,8625,2,0,0,2736,4096,0,86,0,158.000
7177,8626,2,0,0,2736,4096,400,86,0,127.600
7178,8627,2,0,0,2736,4096,0,86,0,127.600
7179,8628,2,0,0,2736,4096,400,86,0,136.000
7180,8629,2,0,0,2736,4096,0,86,0,119.300
7181,8630,2,0,0,2736,4096,400,86,0,58.500
7182,8631,2,0,0,2736,4096,0,86,0,162.400
7183,8632,2,0,0,2736,4096,400,86,0,93.000
7184,8633,2,0,0,2736,4096,0,86,0,99.200
7185,8634,2,0,0,2736,4096,400,86,0,97.000
7186,8635,2,0,0,2736,4096,0,86,0,122.800
7187,8636,2,0,0,2736,4096,400,86,0,56.000
7188,8637,2,0,0,2736,4096,0,86,0,222.000
7189,8638,2,0,0,2736,4096,400,86,0,93.900
7190,8639,2,0,0,2736,4096,0,86,0,52.700
7191,8640,2,0,0,2736,4096,400,86,0,114.200
7192,8641,2,0,0,2736,4096,0,86,0,106.100
7193,8642,2,0,0,2736,4096,400,86,0,125.900
7194,8643,2,0,0,2736,4096,0,86,0,56.200
7195,8644,2,0,0,2736,4096,400,86,0,97.700
7196,8645,2,0,0,2736,4096,0,86,0,149.700
7197,8646,2,0,0,2736,4096,400,86,0,57.600
7198,8647,2,0,0,2736,4096,0,86,0,126.800
7199,8648,2,0,0,2736,4096,400,86,0,183.500
7200,8649,2,0,0,2736,4096,0,86,0,136.200
7201,8650,2,0,0,2736,4096,400,86,0,154.100
7202,8651,2,0,0,2736,4096,0,86,0,57.300
7203,8652,2,0,0,2736,4096,400,86,0,221.700
7204,8653,2,0,0,2736,4096,0,86,0,95.300
7205,8654,2,0,0,2736,4096,400,86,0,95.900
7206,8655,2,0,0,2736,4096,0,86,0,123.200
7207,8656,2,0,0,2736,4096,400,86,0,108.400
7208,8657,2,0,0,2736,4096,0,86,0,99.200
7209,8658,2,0,0,2736,4096,400,86,0,114.900
7210,8659,2,0,0,2736,4096,0,86,0,162.900
7211,8660,2,0,0,2736,4096,400,86,0,52.800
7212,8661,2,0,0,2736,4096,0,86,0,57.600
7213,8662,2,0,0,2736,4096,400,86,0,99.400
7214,8663,2,0,0,2736,4096,0,86,0,96.200
7215,8664,2,0,0,2736,4096,400,86,0,217.400
7216,8665,2,0,0,2736,4096,0,86,0,103.000
7217,8666,2,0,0,2736,4096,400,86,0,147.800
7218,8667,2,0,0,2736,4096,0,86,0,122.100
7219,8668,2,0,0,2736,4096,400,86,0,64.800
7220,8669,2,0,0,2736,4096,0,86,0,100.500
7221,8670,2,0,0,2736,4096,400,86,0,97.200
7222,8671,2,0,0,2736,4096,0,86,0,102.900
7223,8672,2,0,0,2736,4096,400,86,0,208.900
7224,8673,2,0,0,2736,4096,0,86,0,102.400
7225,8674,2,0,0,2736,4096,400,86,0,91.800
7226,8675,2,0,0,2736,4096,0,86,0,210.100
7227,8676,2,0,0,2736,4096,400,86,0,96.600
7228,8677,2,0,0,2736,4096,0,86,0,207.300
7229,8678,2,0,0,2736,4096,400,86,0,97.400
7230,8679,2,0,0,2736,4096,0,86,0,121.800
7231,8680,2,0,0,2736,4096,400,86,0,123.900
7232,8681,2,0,0,2736,4096,0,86,0,99.700
7233,8682,2,0,0,2736,4096,400,86,0,139.500
7234,8683,2,0,0,2736,4096,0,86,0,126.900
7235,8684,2,0,0,2736,4096,400,86,0,137.100
7236,8685,2,0,0,2736,4096,0,86,0,64.600
7237,8686,2,0,0,2736,4096,400,86,0,97.000
7238,8687,2,0,0,2736,4096,0,86,0,161.900
7239,8688,2,0,0,2736,4096,400,86,0,99.800
7240,8689,2,0,0,2736,4096,0,86,0,88.700
7241,8690,2,0,0,2736,4096,400,86,0,55.900
7242,8691,2,0,0,2736,4096,0,86,0,91.800
7243,8692,2,0,0,2736,4096,400,86,0,94.100
7244,8693,2,0,0,2736,4096,0,86,0,123.400
7245,8694,2,0,0,2736,4096,400,86,0,53.600
7246,8695,2,0,0,2736,4096,0,86,0,102.100
7247,8696,2,0,0,2736,4096,400,86,0,94.900
7248,8697,2,0,0,2736,4096,0,86,0,125.300
7249,8698,2,0,0,2736,4096,400,86,0,102.100
7250,8699,2,0,0,2736,4096,0,86,0,118.900
7251,8700,2,0,0,2736,4096,400,86,0,170.900
7252,8701,2,0,0,2736,4096,0,86,0,107.900
7253,8702,2,0,0,2736,4096,400,86,0,168.100
7254,8703,2,0,0,2736,4096,0,86,0,109.500
7255,8704,2,0,0,2736,4096,400,86,0,183.500
7256,8705,2,0,0,2736,4096,0,86,0,121.900
7257,8706,2,0,0,2736,4096,400,86,0,179.100
7258,8707,2,0,0,2736,4096,0,86,0,108.200
7259,8708,2,0,0,2736,4096,400,86,0,144.500
7260,8709,2,0,0,2736,4096,0,86,0,57.800
7261,8710,2,0,0,2736,4096,400,86,0,162.700
7262,8711,2,0,0,2736,4096,0,86,0,128.800
7263,8712,2,0,0,2736,4096,400,86,0,214.200
7264,8713,2,0,0,2736,4096,0,86,0,91.500
7265,8714,2,0,0,2736,4096,400,86,0,124.400
7266,8715,2,0,0,2736,4096,0,86,0,252.400
7267,8716,2,0,0,2736,4096,400,86,0,103.900
7268,8717,2,0,0,2736,4096,0,86,0,94.500
7269,8718,2,0,0,2736,4096,400,86,0,94.400
7270,8719,2,0,0,2736,4096,0,86,0,148.500
7271,8720,2,0,0,2736,4096,400,86,0,104.100
7272,8721,2,0,0,2736,4096,0,86,0,170.600
7273,8722,2,0,0,2736,4096,400,86,0,104.700
7274,8723,2,0,0,2736,4096,0,86,0,168.800
7275,8724,2,0,0,2736,4096,400,86,0,95.900
7276,8725,2,0,0,2736,4096,0,86,0,146.500
7277,8726,2,0,0,2736,4096,400,86,0,55.800
7278,8727,2,0,0,2736,4096,0,86,0,89.600
7279,8728,2,0,0,2736,4096,400,86,0,97.200
7280,8729,2,0,0,2736,4096,0,86,0,109.300
7281,8730,2,0,0,2736,4096,400,86,0,119.600
7282,8731,2,0,0,2736,4096,0,86,0,115.000
7283,8732,2,0,0,2736,4096,400,86,0,93.800
7284,8733,2,0,0,2736,4096,0,86,0,102.700
7285,8734,2,0,0,2736,4096,400,86,0,157.600
7286,8735,2,0,0,2736,4096,0,86,0,130.300
7287,8736,2,0,0,2736,4096,400,86,0,55.800
7288,8737,2,0,0,2736,4096,0,86,0,109.000
7289,8738,2,0,0,2736,4096,400,86,0,152.000
7290,8739,2,0,0,2736,4096,0,86,0,129.100
7291,8740,2,0,0,2736,4096,400,86,0,135.200
7292,8741,2,0,0,2736,4096,0,86,0,62.000
7293,8742,2,0,0,2736,4096,400,86,0,95.400
7294,8743,2,0,0,2736,4096,0,86,0,141.900
7295,8744,2,0,0,2736,4096,400,86,0,118.200
7296,8745,2,0,0,2736,4096,0,86,0,60.000
7297,8746,2,0,0,2736,4096,400,86,0,92.900
7298,8747,2,0,0,2736,4096,0,86,0,126.500
7299,8748,2,0,0,2736,4096,400,86,0,164.500
7300,8749,2,0,0,2736,4096,0,86,0,129.000
7301,8750,2,0,0,2736,4096,400,86,0,61.800
7302,8751,2,0,0,2736,4096,0,86,0,59.100
7303,8752,2,0,0,2736,4096,400,86,0,104.200
7304,8753,2,0,0,2736,4096,0,86,0,94.700
7305,8754,2,0,0,2736,4096,400,86,0,91.900
7306,8755,2,0,0,2736,4096,0,86,0,70.300
7307,8756,2,0,0,2736,4096,400,86,0,170.500
7308,8757,2,0,0,2736,4096,0,86,0,134.200
7309,8758,2,0,0,2736,4096,400,86,0,89.300
7310,8759,2,0,0,2736,4096,0,86,0,108.800
7311,8760,2,0,0,2736,4096,400,86,1,559743.200
7312,8761,2,0,0,2736,4096,0,86,0,106.200
7313,8762,2,0,0,2736,4096,400,86,0,109.100
7314,8763,2,0,0,2736,4096,0,86,0,82.100
7315,8764,2,0,0,2736,4096,400,86,0,95.200
7316,8765,2,0,0,2736,4096,0,86,0,122.600
7317,8766,2,0,0,2736,4096,400,86,0,105.000
7318,8767,2,0,0,2736,4096,0,86,0,109.800
7319,8768,2,0,0,2736,4096,400,86,0,147.600
7320,8769,2,0,0,2736,4096,0,86,0,131.100
7321,8770,2,0,0,2736,4096,400,86,0,145.300
7322,8771,2,0,0,2736,4096,0,86,0,167.900
7323,8772,2,0,0,2736,4096,400,86,0,151.300
7324,8773,2,0,0,2736,4096,0,86,0,146.400
7325,8774,2,0,0,2736,4096,400,86,0,131.200
7326,8775,2,0,0,2736,4096,0,86,0,130.900
7327,8776,2,0,0,2736,4096,400,86,0,126.100
7328,8777,2,0,0,2736,4096,0,86,0,138.900
7329,8778,2,0,0,2736,4096,400,86,0,108.900
7330,8779,2,0,0,2736,4096,0,86,0,119.800
7331,8780,2,0,0,2736,4096,400,86,0,118.400
7332,8781,2,0,0,2736,4096,0,86,0,121.400
7333,8782,2,0,0,2736,4096,400,86,0,119.600
7334,8783,2,0,0,2736,4096,0,86,0,145.000
7335,8784,2,0,0,2736,4096,400,86,0,122.500
7336,8785,2,0,0,2736,4096,0,86,0,127.300
7337,8786,2,0,0,2736,4096,400,86,0,112.100
7338,8787,2,0,0,2736,4096,0,86,0,142.800
7339,8788,2,0,0,2736,4096,400,86,0,163.900
7340,8789,2,0,0,2736,4096,0,86,0,148.900
7341,8790,2,0,0,2736,4096,400,86,0,269.400
7342,8791,2,0,0,2736,4096,0,86,0,237.800
7343,8792,2,0,0,2736,4096,400,86,0,247.400
7344,8793,2,0,0,2736,4096,0,86,0,115.700
7345,8794,2,0,0,2736,4096,400,86,0,60.900
7346,8795,2,0,0,2736,4096,0,86,0,169.000
7347,8796,2,0,0,2736,4096,400,86,0,74.800
7348,8797,2,0,0,2736,4096,0,86,0,124.800
7349,8798,2,0,0,2736,4096,400,86,0,144.400
7350,8799,2,0,0,2736,4096,0,86,0,210.300
7351,8800,2,0,0,2736,4096,400,86,0,62.400
7352,8801,2,0,0,2736,4096,0,86,0,134.300
7353,8802,2,0,0,2736,4096,400,86,0,105.900
7354,8803,2,0,0,2736,4096,0,86,0,125.700
7355,8804,2,0,0,2736,4096,400,86,0,125.700
7356,8805,2,0,0,2736,4096,0,86,0,59.200
7357,8806,2,0,0,2736,4096,400,86,0,129.300
7358,8807,2,0,0,2736,4096,0,86,0,121.800
7359,8808,2,0,0,2736,4096,400,86,0,92.000
7360,8809,2,0,0,2736,4096,0,86,0,132.000
7361,8810,2,0,0,2736,4096,400,86,0,55.900
7362,8811,2,0,0,2736,4096,0,86,0,57.900
7363,8812,2,0,0,2736,4096,400,86,0,123.800
7364,8813,2,0,0,2736,4096,0,86,0,115.400
7365,8814,2,0,0,2736,4096,400,86,0,97.200
7366,8815,2,0,0,2736,4096,0,86,0,90.900
7367,8816,2,0,0,2736,4096,400,86,0,96.100
7368,8817,2,0,0,2736,4096,0,86,0,99.600
7369,8818,2,0,0,2736,4096,400,86,0,143.100
7370,8819,2,0,0,2736,4096,0,86,0,54.000
7371,8820,2,0,0,2736,4096,400,86,0,119.200
7372,8821,2,0,0,2736,4096,0,86,0,113.200
7373,8822,2,0,0,2736,4096,400,86,0,97.600
7374,8823,2,0,0,2736,4096,0,86,0,115.900
7375,8824,2,0,0,2736,4096,400,86,0,226.400
7376,8825,2,0,0,2736,4096,0,86,0,140.200
7377,8826,2,0,0,2736,4096,400,86,0,189.100
7378,8827,2,0,0,2736,4096,0,86,0,123.800
7379,8828,2,0,0,2736,4096,400,86,0,87.900
7380,8829,2,0,0,2736,4096,0,86,0,113.800
7381,8830,2,0,0,2736,4096,400,86,0,127.900
7382,8831,2,0,0,2736,4096,0,86,0,90.700
7383,8832,2,0,0,2736,4096,400,86,0,122.600
7384,8833,2,0,0,2736,4096,0,86,0,156.600
7385,8834,2,0,0,2736,4096,400,86,0,178.000
7386,8835,2,0,0,2736,4096,0,86,0,171.900
7387,8836,2,0,0,2736,4096,400,86,0,102.700
7388,8837,2,0,0,2736,4096,0,86,0,125.600
7389,8838,2,0,0,2736,4096,400,86,0,127.900
7390,8839,2,0,0,2736,4096,0,86,0,93.300
7391,8840,2,0,0,2736,4096,400,86,0,124.500
7392,8841,2,0,0,2736,4096,0,86,0,122.000
7393,8842,2,0,0,2736,4096,400,86,0,208.300
7394,8843,2,0,0,2736,4096,0,86,0,100.200
7395,8844,2,0,0,2736,4096,400,86,0,116.100
7396,8845,2,0,0,2736,4096,0,86,0,124.200
7397,8846,2,0,0,2736,4096,400,86,0,180.300
7398,8847,2,0,0,2736,4096,0,86,0,126.100
7399,8848,2,0,0,2736,4096,400,86,0,196.400
7400,8849,2,0,0,2736,4096,0,86,0,158.900
7401,8850,2,0,0,2736,4096,400,86,0,104.200
