scene,frame,mode,quads,vertices,width,height,page,margin,snapshot,host_us
2112,3501,2,382,2292,2736,4096,0,86,0,4321.800
2113,3502,2,383,2298,2736,4096,400,86,0,500.800
2114,3503,2,379,2274,2736,4096,0,86,0,380.000
2115,3504,2,399,2394,2736,4096,400,86,0,348.800
2116,3505,2,400,2400,2736,4096,0,86,0,456.400
2117,3506,2,413,2478,2736,4096,400,86,0,396.600
2118,3507,2,435,2610,2736,4096,0,86,0,381.200
2119,3508,2,463,2778,2736,4096,400,86,0,510.500
2120,3509,2,462,2772,2736,4096,0,86,0,458.200
2121,3510,2,476,2856,2736,4096,400,86,0,486.000
2122,3512,2,511,3066,2736,4096,0,86,0,360.800
2123,3513,2,532,3192,2736,4096,400,86,0,502.800
2124,3514,2,576,3456,2736,4096,0,86,0,384.500
2125,3515,2,641,3849,2736,4096,400,86,0,342.800
2126,3516,2,659,3954,2736,4096,0,86,0,546.800
2127,3517,2,690,4140,2736,4096,400,86,0,437.200
2128,3518,2,719,4317,2736,4096,0,86,0,523.900
2129,3519,2,754,4524,2736,4096,400,86,0,464.600
2130,3520,2,756,4536,2736,4096,0,86,0,390.300
2131,3521,2,758,4548,2736,4096,400,86,0,453.100
2132,3522,2,751,4506,2736,4096,0,86,0,626.900
2133,3523,2,767,4602,2736,4096,400,86,0,628.800
2134,3524,2,774,4644,2736,4096,0,86,0,470.900
2135,3525,2,816,4896,2736,4096,400,86,0,438.600
2136,3526,2,862,5172,2736,4096,0,86,0,401.700
2137,3527,2,868,5208,2736,4096,400,86,0,365.400
2138,3528,2,872,5232,2736,4096,0,86,0,659.300
2139,3529,2,896,5376,2736,4096,400,86,0,503.300
2140,3530,2,904,5424,2736,4096,0,86,0,419.500
2141,3531,2,942,5652,2736,4096,400,86,0,539.500
2142,3532,2,1028,6168,2736,4096,0,86,0,484.000
2143,3533,2,1041,6246,2736,4096,400,86,0,534.200
2144,3534,2,1059,6354,2736,4096,0,86,0,497.700
2145,3535,2,1110,6660,2736,4096,400,86,0,481.900
2146,3536,2,1104,6624,2736,4096,0,86,0,470.500
2147,3537,2,1081,6486,2736,4096,400,86,0,608.300
2148,3538,2,1081,6486,2736,4096,0,86,0,546.300
2149,3539,2,1015,6090,2736,4096,400,86,0,499.400
2150,3540,2,963,5778,2736,4096,0,86,0,613.200
2151,3542,2,921,5526,2736,4096,400,86,0,787.700
2152,3543,2,903,5418,2736,4096,0,86,0,454.400
2153,3544,2,901,5406,2736,4096,400,86,0,489.200
2154,3545,2,847,5082,2736,4096,0,86,0,516.800
2155,3546,2,801,4806,2736,4096,400,86,0,603.100
2156,3547,2,799,4794,2736,4096,0,86,0,628.900
2157,3548,2,792,4752,2736,4096,400,86,0,472.200
2158,3549,2,768,4608,2736,4096,0,86,0,462.800
2159,3550,2,758,4548,2736,4096,400,86,0,600.900
2160,3551,2,575,3450,2736,4096,0,86,0,458.500
2161,3552,2,529,3174,2736,4096,400,86,0,356.000
2162,3553,2,513,3078,2736,4096,0,86,0,411.600
2163,3554,2,506,3036,2736,4096,400,86,0,416.800
2164,3555,2,456,2736,2736,4096,0,86,0,455.000
2165,3556,2,444,2664,2736,4096,400,86,0,476.500
2166,3557,2,401,2406,2736,4096,0,86,0,354.400
2167,3558,2,363,2178,2736,4096,400,86,0,716.200
2168,3559,2,324,1944,2736,4096,0,86,0,487.300
2169,3560,2,313,1878,2736,4096,400,86,0,366.600
2170,3561,2,253,1518,2736,4096,0,86,0,438.400
2171,3562,2,239,1434,2736,4096,400,86,0,422.100
2172,3563,2,219,1314,2736,4096,0,86,0,355.700
2173,3564,2,188,1128,2736,4096,400,86,0,345.800
2174,3565,2,134,804,2736,4096,0,86,0,556.100
2175,3567,2,101,606,2736,4096,400,86,0,299.800
2176,3568,2,101,606,2736,4096,0,86,0,427.100
2177,3569,2,113,675,2736,4096,400,86,0,454.900
2178,3570,2,111,669,2736,4096,0,86,0,395.000
2179,3571,2,109,657,2736,4096,400,86,0,410.700
2180,3572,2,86,519,2736,4096,0,86,0,344.000
2181,3573,2,86,519,2736,4096,400,86,0,432.900
2182,3574,2,74,444,2736,4096,0,86,0,421.600
2183,3575,2,49,294,2736,4096,400,86,0,337.400
2184,3576,2,21,126,2736,4096,0,86,0,968.200
2185,3577,2,19,114,2736,4096,400,86,0,359.000
2186,3578,2,22,132,2736,4096,0,86,0,409.700
2187,3579,2,24,144,2736,4096,400,86,0,393.900
2188,3580,2,24,144,2736,4096,0,86,0,375.400
2189,3581,2,15,90,2736,4096,400,86,0,407.900
2190,3582,2,13,78,2736,4096,0,86,0,383.500
2191,3583,2,13,78,2736,4096,400,86,0,382.200
2192,3584,2,9,54,2736,4096,0,86,0,494.400
2193,3585,2,16,96,2736,4096,400,86,0,334.300
2194,3586,2,16,96,2736,4096,0,86,0,359.200
2195,3587,2,26,156,2736,4096,400,86,0,646.300
2196,3588,2,34,204,2736,4096,0,86,0,381.800
2197,3589,2,35,210,2736,4096,400,86,0,527.600
2198,3590,2,22,132,2736,4096,0,86,0,506.800
2199,3591,2,19,114,2736,4096,400,86,0,438.000
2200,3592,2,26,156,2736,4096,0,86,0,528.200
2201,3593,2,40,240,2736,4096,400,86,0,445.800
2202,3594,2,43,258,2736,4096,0,86,0,609.500
2203,3595,2,50,300,2736,4096,400,86,0,564.400
2204,3596,2,67,402,2736,4096,0,86,0,456.600
2205,3597,2,77,462,2736,4096,400,86,0,559.800
2206,3598,2,96,576,2736,4096,0,86,0,578.700
2207,3599,2,137,822,2736,4096,400,86,0,473.100
2208,3600,2,172,1032,2736,4096,0,86,0,639.000
2209,3601,2,201,1206,2736,4096,400,86,0,479.200
2210,3602,2,227,1362,2736,4096,0,86,0,322.500
2211,3603,2,253,1518,2736,4096,400,86,0,510.200
2212,3604,2,262,1572,2736,4096,0,86,0,407.300
2213,3605,2,291,1746,2736,4096,400,86,0,374.400
2214,3606,2,288,1728,2736,4096,0,86,0,401.000
2215,3607,2,285,1710,2736,4096,400,86,0,413.000
2216,3608,2,244,1464,2736,4096,0,86,0,360.100
2217,3609,2,233,1398,2736,4096,400,86,0,391.300
2218,3610,2,253,1518,2736,4096,0,86,0,470.400
2219,3611,2,273,1638,2736,4096,400,86,0,449.200
2220,3612,2,254,1524,2736,4096,0,86,0,592.700
2221,3613,2,256,1536,2736,4096,400,86,0,308.700
2222,3614,2,261,1566,2736,4096,0,86,0,370.600
2223,3615,2,261,1566,2736,4096,400,86,0,471.900
2224,3616,2,271,1626,2736,4096,0,86,0,349.900
2225,3617,2,274,1644,2736,4096,400,86,0,326.300
2226,3618,2,278,1668,2736,4096,0,86,0,525.400
2227,3619,2,273,1638,2736,4096,400,86,0,491.100
2228,3620,2,274,1644,2736,4096,0,86,0,615.600
2229,3621,2,278,1668,2736,4096,400,86,0,441.300
2230,3622,2,281,1686,2736,4096,0,86,0,423.200
2231,3623,2,289,1734,2736,4096,400,86,0,452.000
2232,3624,2,302,1812,2736,4096,0,86,0,498.600
2233,3625,2,285,1710,2736,4096,400,86,0,400.900
2234,3626,2,285,1710,2736,4096,0,86,0,373.000
2235,3627,2,285,1710,2736,4096,400,86,0,474.300
2236,3628,2,297,1782,2736,4096,0,86,0,433.500
2237,3629,2,297,1782,2736,4096,400,86,0,333.900
2238,3630,2,294,1764,2736,4096,0,86,0,512.900
2239,3631,2,294,1764,2736,4096,400,86,0,428.000
2240,3632,2,294,1764,2736,4096,0,86,0,411.200
2241,3633,2,272,1632,2736,4096,400,86,0,522.200
2242,3634,2,273,1638,2736,4096,0,86,0,396.900
2243,3635,2,273,1638,2736,4096,400,86,0,352.800
2244,3636,2,270,1620,2736,4096,0,86,0,448.500
2245,3637,2,271,1626,2736,4096,400,86,0,473.200
2246,3638,2,271,1626,2736,4096,0,86,0,412.900
2247,3639,2,271,1626,2736,4096,400,86,0,369.600
2248,3640,2,268,1608,2736,4096,0,86,0,472.300
2249,3641,2,274,1644,2736,4096,400,86,0,413.900
2250,3642,2,276,1656,2736,4096,0,86,0,543.800
2251,3643,2,271,1626,2736,4096,400,86,0,409.000
2252,3644,2,275,1650,2736,4096,0,86,0,472.300
2253,3645,2,275,1650,2736,4096,400,86,0,466.000
2254,3646,2,275,1650,2736,4096,0,86,0,369.400
2255,3647,2,275,1650,2736,4096,400,86,0,384.000
2256,3648,2,277,1662,2736,4096,0,86,0,319.100
2257,3650,2,271,1626,2736,4096,400,86,0,504.600
2258,3651,2,273,1638,2736,4096,0,86,0,460.300
2259,3652,2,273,1638,2736,4096,400,86,0,520.300
2260,3653,2,273,1638,2736,4096,0,86,0,673.400
2261,3654,2,273,1638,2736,4096,400,86,0,393.000
2262,3655,2,273,1641,2736,4096,0,86,0,440.700
2263,3656,2,271,1629,2736,4096,400,86,0,396.100
2264,3657,2,269,1614,2736,4096,0,86,0,420.600
2265,3658,2,269,1614,2736,4096,400,86,0,506.900
2266,3659,2,269,1614,2736,4096,0,86,0,431.900
2267,3660,2,269,1614,2736,4096,400,86,0,525.100
2268,3661,2,269,1614,2736,4096,0,86,0,462.200
2269,3662,2,275,1650,2736,4096,400,86,0,458.800
2270,3663,2,275,1650,2736,4096,0,86,0,344.500
2271,3664,2,299,1794,2736,4096,400,86,0,371.700
2272,3665,2,299,1794,2736,4096,0,86,0,349.600
2273,3666,2,311,1866,2736,4096,400,86,0,301.200
2274,3667,2,317,1902,2736,4096,0,86,0,506.800
2275,3668,2,317,1902,2736,4096,400,86,0,461.800
2276,3669,2,315,1890,2736,4096,0,86,0,660.100
2277,3670,2,323,1938,2736,4096,400,86,0,297.600
2278,3671,2,310,1860,2736,4096,0,86,0,476.100
2279,3672,2,336,2016,2736,4096,400,86,0,376.500
2280,3673,2,319,1914,2736,4096,0,86,0,347.900
2281,3674,2,266,1596,2736,4096,400,86,0,342.000
2282,3675,2,272,1632,2736,4096,0,86,0,397.900
2283,3676,2,264,1584,2736,4096,400,86,0,372.400
2284,3677,2,240,1440,2736,4096,0,86,0,336.700
2285,3678,2,294,1764,2736,4096,400,86,0,427.700
2286,3679,2,290,1740,2736,4096,0,86,0,448.800
2287,3680,2,290,1740,2736,4096,400,86,0,398.300
2288,3681,2,289,1734,2736,4096,0,86,0,531.900
2289,3682,2,288,1728,2736,4096,400,86,0,566.700
2290,3683,2,286,1716,2736,4096,0,86,0,459.600
2291,3684,2,274,1644,2736,4096,400,86,0,391.400
2292,3685,2,264,1584,2736,4096,0,86,0,413.600
2293,3686,2,258,1548,2736,4096,400,86,0,321.500
2294,3687,2,276,1656,2736,4096,0,86,0,437.000
2295,3688,2,273,1638,2736,4096,400,86,0,276.500
2296,3689,2,276,1656,2736,4096,0,86,0,333.100
2297,3690,2,271,1626,2736,4096,400,86,0,394.400
2298,3691,2,273,1638,2736,4096,0,86,0,367.100
2299,3692,2,287,1722,2736,4096,400,86,0,361.900
2300,3693,2,281,1686,2736,4096,0,86,0,307.100
2301,3694,2,273,1638,2736,4096,400,86,0,304.400
2302,3695,2,264,1584,2736,4096,0,86,0,421.600
2303,3696,2,244,1464,2736,4096,400,86,0,325.500
2304,3697,2,231,1386,2736,4096,0,86,0,286.600
2305,3698,2,147,882,2736,4096,400,86,0,358.600
2306,3699,2,119,714,2736,4096,0,86,0,516.600
2307,3700,2,120,720,2736,4096,400,86,0,361.100
2308,3701,2,149,894,2736,4096,0,86,0,411.200
2309,3702,2,202,1215,2736,4096,400,86,0,369.300
2310,3703,2,194,1167,2736,4096,0,86,0,288.500
2311,3704,2,205,1233,2736,4096,400,86,0,395.500
2312,3705,2,189,1137,2736,4096,0,86,0,342.200
2313,3706,2,187,1125,2736,4096,400,86,0,289.200
2314,3707,2,196,1179,2736,4096,0,86,0,294.100
2315,3708,2,196,1185,2736,4096,400,86,0,402.200
2316,3709,2,148,891,2736,4096,0,86,0,360.200
2317,3710,2,115,690,2736,4096,400,86,0,356.200
2318,3711,2,130,780,2736,4096,0,86,0,431.900
2319,3712,2,137,822,2736,4096,400,86,0,281.600
2320,3714,2,136,816,2736,4096,0,86,0,397.400
2321,3715,2,134,804,2736,4096,400,86,0,268.300
2322,3716,2,126,756,2736,4096,0,86,0,355.100
2323,3717,2,105,630,2736,4096,400,86,0,310.300
2324,3718,2,107,645,2736,4096,0,86,0,324.600
2325,3719,2,101,606,2736,4096,400,86,0,275.700
2326,3720,2,101,606,2736,4096,0,86,0,551.900
2327,3721,2,102,612,2736,4096,400,86,0,348.700
2328,3722,2,108,648,2736,4096,0,86,0,373.500
2329,3723,2,108,648,2736,4096,400,86,0,257.300
2330,3724,2,118,708,2736,4096,0,86,0,281.300
2331,3725,2,141,843,2736,4096,400,86,0,315.600
2332,3726,2,115,690,2736,4096,0,86,0,416.000
2333,3727,2,119,714,2736,4096,400,86,0,341.000
2334,3728,2,122,732,2736,4096,0,86,0,274.900
2335,3729,2,122,732,2736,4096,400,86,0,314.200
2336,3730,2,152,912,2736,4096,0,86,0,276.500
2337,3731,2,158,948,2736,4096,400,86,0,264.200
2338,3732,2,142,852,2736,4096,0,86,0,318.900
2339,3733,2,148,888,2736,4096,400,86,0,413.000
2340,3734,2,147,882,2736,4096,0,86,0,306.500
2341,3735,2,153,918,2736,4096,400,86,0,406.400
2342,3736,2,154,924,2736,4096,0,86,0,355.400
2343,3737,2,154,924,2736,4096,400,86,0,278.400
2344,3738,2,156,936,2736,4096,0,86,0,367.800
2345,3739,2,160,960,2736,4096,400,86,0,357.200
2346,3740,2,207,1242,2736,4096,0,86,0,456.500
2347,3741,2,214,1284,2736,4096,400,86,0,375.600
2348,3742,2,215,1290,2736,4096,0,86,0,356.500
2349,3743,2,197,1182,2736,4096,400,86,0,293.500
2350,3744,2,192,1152,2736,4096,0,86,0,415.900
2351,3745,2,209,1257,2736,4096,400,86,0,498.800
2352,3746,2,205,1227,2736,4096,0,86,0,536.200
2353,3747,2,182,1089,2736,4096,400,86,0,442.800
2354,3748,2,208,1245,2736,4096,0,86,0,396.600
2355,3749,2,202,1215,2736,4096,400,86,0,395.100
2356,3750,2,180,1080,2736,4096,0,86,0,381.200
2357,3751,2,193,1161,2736,4096,400,86,0,385.100
2358,3752,2,208,1251,2736,4096,0,86,0,427.800
2359,3753,2,194,1167,2736,4096,400,86,0,370.600
2360,3754,2,214,1287,2736,4096,0,86,0,330.800
2361,3755,2,241,1449,2736,4096,400,86,0,319.800
2362,3756,2,266,1599,2736,4096,0,86,0,279.400
2363,3757,2,268,1611,2736,4096,400,86,0,443.100
2364,3758,2,276,1659,2736,4096,0,86,0,308.300
2365,3759,2,283,1701,2736,4096,400,86,0,376.700
2366,3760,2,326,1959,2736,4096,0,86,0,376.700
2367,3761,2,320,1920,2736,4096,400,86,0,420.700
2368,3762,2,354,2124,2736,4096,0,86,0,362.100
2369,3763,2,357,2142,2736,4096,400,86,0,326.300
2370,3764,2,350,2100,2736,4096,0,86,0,411.200
2371,3765,2,374,2244,2736,4096,400,86,0,284.000
2372,3766,2,380,2280,2736,4096,0,86,0,531.200
2373,3767,2,382,2292,2736,4096,400,86,0,392.000
2374,3768,2,432,2592,2736,4096,0,86,0,408.900
2375,3769,2,454,2724,2736,4096,400,86,0,467.600
2376,3770,2,437,2622,2736,4096,0,86,0,421.100
2377,3771,2,408,2448,2736,4096,400,86,0,330.900
2378,3772,2,375,2250,2736,4096,0,86,0,383.300
2379,3773,2,374,2244,2736,4096,400,86,0,392.200
2380,3774,2,321,1926,2736,4096,0,86,0,343.300
2381,3775,2,347,2082,2736,4096,400,86,0,406.400
2382,3776,2,313,1878,2736,4096,0,86,0,357.100
2383,3777,2,304,1827,2736,4096,400,86,0,258.800
2384,3778,2,298,1794,2736,4096,0,86,0,313.800
2385,3779,2,404,2430,2736,4096,400,86,0,449.500
2386,3780,2,343,2061,2736,4096,0,86,0,694.400
2387,3781,2,337,2022,2736,4096,400,86,0,374.200
2388,3782,2,323,1938,2736,4096,0,86,0,427.500
2389,3783,2,324,1944,2736,4096,400,86,0,399.000
2390,3784,2,328,1968,2736,4096,0,86,0,552.600
2391,3785,2,415,2490,2736,4096,400,86,0,403.300
2392,3786,2,411,2466,2736,4096,0,86,0,381.100
2393,3787,2,432,2592,2736,4096,400,86,0,373.300
2394,3788,2,384,2304,2736,4096,0,86,0,439.500
2395,3789,2,369,2214,2736,4096,400,86,0,500.800
2396,3790,2,346,2076,2736,4096,0,86,0,524.700
2397,3791,2,371,2226,2736,4096,400,86,0,438.200
2398,3792,2,390,2340,2736,4096,0,86,0,384.000
2399,3793,2,395,2370,2736,4096,400,86,0,549.700
2400,3794,2,409,2454,2736,4096,0,86,0,461.700
2401,3795,2,401,2406,2736,4096,400,86,0,374.700
2402,3796,2,412,2472,2736,4096,0,86,0,436.600
2403,3797,2,353,2118,2736,4096,400,86,0,414.100
2404,3798,2,369,2217,2736,4096,0,86,0,448.100
2405,3800,2,305,1833,2736,4096,400,86,0,470.800
2406,3801,2,339,2037,2736,4096,0,86,0,426.800
2407,3802,2,385,2313,2736,4096,400,86,0,459.300
2408,3803,2,431,2595,2736,4096,0,86,0,362.200
2409,3804,2,382,2295,2736,4096,400,86,0,491.300
2410,3805,2,360,2160,2736,4096,0,86,0,627.400
2411,3807,2,370,2220,2736,4096,400,86,0,421.600
2412,3808,2,372,2232,2736,4096,0,86,0,384.600
2413,3809,2,374,2244,2736,4096,400,86,0,490.800
2414,3810,2,344,2064,2736,4096,0,86,0,435.800
2415,3811,2,390,2340,2736,4096,400,86,0,656.700
2416,3812,2,443,2658,2736,4096,0,86,0,550.200
2417,3813,2,404,2424,2736,4096,400,86,0,393.500
2418,3814,2,422,2535,2736,4096,0,86,0,456.700
2419,3815,2,440,2643,2736,4096,400,86,0,659.100
2420,3816,2,414,2487,2736,4096,0,86,0,454.900
2421,3817,2,411,2466,2736,4096,400,86,0,349.500
2422,3818,2,399,2394,2736,4096,0,86,0,463.100
2423,3819,2,383,2301,2736,4096,400,86,0,530.500
2424,3820,2,370,2223,2736,4096,0,86,0,443.500
2425,3821,2,382,2292,2736,4096,400,86,0,463.700
2426,3822,2,436,2616,2736,4096,0,86,0,451.300
2427,3823,2,423,2538,2736,4096,400,86,0,476.200
2428,3824,2,401,2406,2736,4096,0,86,0,449.700
2429,3825,2,347,2082,2736,4096,400,86,0,430.600
2430,3826,2,334,2004,2736,4096,0,86,0,392.600
2431,3827,2,342,2052,2736,4096,400,86,0,481.800
2432,3828,2,285,1710,2736,4096,0,86,0,422.900
2433,3829,2,309,1854,2736,4096,400,86,0,569.600
2434,3830,2,317,1905,2736,4096,0,86,0,508.700
2435,3831,2,308,1851,2736,4096,400,86,0,389.600
2436,3832,2,315,1893,2736,4096,0,86,0,466.300
2437,3833,2,319,1917,2736,4096,400,86,0,481.500
2438,3834,2,324,1947,2736,4096,0,86,0,430.600
2439,3835,2,294,1764,2736,4096,400,86,0,457.200
2440,3836,2,274,1644,2736,4096,0,86,0,423.500
2441,3837,2,280,1680,2736,4096,400,86,0,402.600
2442,3838,2,328,1968,2736,4096,0,86,0,579.100
2443,3839,2,307,1842,2736,4096,400,86,0,457.800
2444,3840,2,255,1533,2736,4096,0,86,0,743.900
2445,3841,2,231,1386,2736,4096,400,86,0,475.400
2446,3842,2,337,2022,2736,4096,0,86,0,553.600
2447,3843,2,363,2178,2736,4096,400,86,0,380.600
2448,3844,2,349,2094,2736,4096,0,86,0,437.900
2449,3845,2,357,2142,2736,4096,400,86,0,456.900
2450,3846,2,343,2058,2736,4096,0,86,0,481.300
2451,3847,2,349,2094,2736,4096,400,86,0,430.700
2452,3848,2,351,2106,2736,4096,0,86,0,456.800
2453,3849,2,319,1914,2736,4096,400,86,0,471.200
2454,3850,2,319,1914,2736,4096,0,86,0,418.700
2455,3851,2,311,1869,2736,4096,400,86,0,457.600
2456,3852,2,315,1893,2736,4096,0,86,0,381.200
2457,3853,2,316,1899,2736,4096,400,86,0,475.700
2458,3854,2,318,1911,2736,4096,0,86,0,430.700
2459,3855,2,307,1842,2736,4096,400,86,0,375.200
2460,3856,2,315,1890,2736,4096,0,86,0,348.800
2461,3857,2,321,1926,2736,4096,400,86,0,374.300
2462,3858,2,424,2544,2736,4096,0,86,0,384.500
2463,3859,2,423,2538,2736,4096,400,86,0,584.200
2464,3860,2,384,2304,2736,4096,0,86,0,467.200
2465,3861,2,387,2325,2736,4096,400,86,0,579.600
2466,3862,2,381,2286,2736,4096,0,86,0,597.900
2467,3863,2,381,2286,2736,4096,400,86,0,501.700
2468,3864,2,379,2274,2736,4096,0,86,0,414.400
2469,3865,2,332,1992,2736,4096,400,86,0,470.500
2470,3866,2,260,1560,2736,4096,0,86,0,465.500
2471,3867,2,240,1440,2736,4096,400,86,0,542.500
2472,3868,2,240,1440,2736,4096,0,86,0,439.400
2473,3869,2,237,1422,2736,4096,400,86,0,403.000
2474,3870,2,237,1422,2736,4096,0,86,0,559.400
2475,3871,2,252,1512,2736,4096,400,86,0,378.300
2476,3872,2,243,1458,2736,4096,0,86,0,363.500
2477,3873,2,237,1422,2736,4096,400,86,0,407.400
2478,3874,2,239,1434,2736,4096,0,86,0,460.900
2479,3875,2,234,1404,2736,4096,400,86,0,413.000
2480,3876,2,228,1368,2736,4096,0,86,0,503.200
2481,3877,2,228,1368,2736,4096,400,86,0,439.900
2482,3878,2,228,1368,2736,4096,0,86,0,342.300
2483,3879,2,225,1350,2736,4096,400,86,0,382.600
2484,3880,2,225,1350,2736,4096,0,86,0,455.900
2485,3881,2,233,1398,2736,4096,400,86,0,520.600
2486,3882,2,228,1368,2736,4096,0,86,0,410.600
2487,3883,2,234,1404,2736,4096,400,86,0,533.500
2488,3884,2,230,1380,2736,4096,0,86,0,466.300
2489,3885,2,230,1380,2736,4096,400,86,0,552.300
2490,3886,2,228,1368,2736,4096,0,86,0,490.200
2491,3887,2,228,1368,2736,4096,400,86,0,329.700
2492,3888,2,225,1350,2736,4096,0,86,0,502.900
2493,3889,2,225,1350,2736,4096,400,86,0,381.400
2494,3890,2,237,1422,2736,4096,0,86,0,414.500
2495,3891,2,248,1488,2736,4096,400,86,0,402.200
2496,3892,2,243,1458,2736,4096,0,86,0,451.000
2497,3893,2,237,1422,2736,4096,400,86,0,439.100
2498,3894,2,237,1422,2736,4096,0,86,0,358.300
2499,3895,2,237,1422,2736,4096,400,86,0,372.000
2500,3896,2,237,1422,2736,4096,0,86,0,365.900
2501,3897,2,237,1422,2736,4096,400,86,0,568.400
2502,3898,2,234,1404,2736,4096,0,86,0,563.500
2503,3899,2,256,1536,2736,4096,400,86,0,619.700
2504,3900,2,262,1572,2736,4096,0,86,0,778.800
2505,3901,2,262,1572,2736,4096,400,86,0,491.200
2506,3902,2,272,1632,2736,4096,0,86,0,370.300
2507,3903,2,280,1680,2736,4096,400,86,0,535.100
2508,3904,2,280,1680,2736,4096,0,86,0,415.600
2509,3905,2,280,1680,2736,4096,400,86,0,585.600
2510,3906,2,280,1680,2736,4096,0,86,0,556.500
2511,3907,2,271,1626,2736,4096,400,86,0,377.500
2512,3908,2,271,1626,2736,4096,0,86,0,320.300
2513,3910,2,277,1662,2736,4096,400,86,0,443.600
2514,3911,2,271,1626,2736,4096,0,86,0,375.200
2515,3912,2,271,1626,2736,4096,400,86,0,549.200
2516,3913,2,263,1578,2736,4096,0,86,0,493.100
2517,3914,2,263,1578,2736,4096,400,86,0,462.700
2518,3915,2,282,1692,2736,4096,0,86,0,302.400
2519,3916,2,284,1704,2736,4096,400,86,0,459.400
2520,3917,2,257,1542,2736,4096,0,86,0,458.700
2521,3918,2,263,1578,2736,4096,400,86,0,386.000
2522,3919,2,263,1578,2736,4096,0,86,0,431.000
2523,3920,2,258,1548,2736,4096,400,86,0,502.400
2524,3921,2,258,1548,2736,4096,0,86,0,311.600
2525,3922,2,246,1476,2736,4096,400,86,0,331.000
2526,3923,2,341,2052,2736,4096,0,86,0,289.100
2527,3924,2,249,1494,2736,4096,400,86,0,559.200
2528,3925,2,249,1494,2736,4096,0,86,0,498.100
2529,3926,2,249,1494,2736,4096,400,86,0,510.900
2530,3927,2,255,1530,2736,4096,0,86,0,449.700
2531,3928,2,261,1566,2736,4096,400,86,0,415.000
2532,3929,2,257,1542,2736,4096,0,86,0,277.100
2533,3930,2,259,1554,2736,4096,400,86,0,373.400
2534,3931,2,259,1554,2736,4096,0,86,0,445.700
2535,3932,2,259,1554,2736,4096,400,86,0,526.100
2536,3933,2,267,1602,2736,4096,0,86,0,509.900
2537,3934,2,259,1554,2736,4096,400,86,0,404.100
2538,3935,2,275,1647,2736,4096,0,86,0,533.300
2539,3936,2,265,1590,2736,4096,400,86,0,436.700
2540,3937,2,265,1590,2736,4096,0,86,0,442.900
2541,3938,2,270,1620,2736,4096,400,86,0,420.100
2542,3939,2,267,1602,2736,4096,0,86,0,395.300
2543,3940,2,267,1602,2736,4096,400,86,0,471.000
2544,3941,2,267,1602,2736,4096,0,86,0,391.300
2545,3942,2,267,1602,2736,4096,400,86,0,413.900
2546,3943,2,272,1632,2736,4096,0,86,0,371.800
2547,3944,2,267,1602,2736,4096,400,86,0,416.800
2548,3945,2,273,1638,2736,4096,0,86,0,634.200
2549,3946,2,269,1614,2736,4096,400,86,0,349.100
2550,3947,2,269,1614,2736,4096,0,86,0,536.500
2551,3948,2,267,1602,2736,4096,400,86,0,385.200
2552,3949,2,267,1602,2736,4096,0,86,0,356.100
2553,3950,2,267,1602,2736,4096,400,86,0,339.000
2554,3951,2,272,1632,2736,4096,0,86,0,391.300
2555,3952,2,267,1602,2736,4096,400,86,0,529.800
2556,3953,2,275,1650,2736,4096,0,86,0,481.900
2557,3954,2,273,1638,2736,4096,400,86,0,468.500
2558,3955,2,267,1602,2736,4096,0,86,0,457.200
2559,3956,2,267,1602,2736,4096,400,86,0,468.100
2560,3957,2,269,1614,2736,4096,0,86,0,414.300
2561,3958,2,271,1626,2736,4096,400,86,0,399.500
2562,3959,2,276,1656,2736,4096,0,86,0,443.800
2563,3960,2,269,1614,2736,4096,400,86,0,819.600
2564,3961,2,269,1614,2736,4096,0,86,0,454.700
2565,3962,2,275,1650,2736,4096,400,86,0,404.700
2566,3963,2,275,1650,2736,4096,0,86,0,436.100
2567,3964,2,269,1614,2736,4096,400,86,0,503.600
2568,3965,2,269,1614,2736,4096,0,86,0,315.100
2569,3966,2,269,1614,2736,4096,400,86,0,503.700
2570,3967,2,286,1716,2736,4096,0,86,0,381.700
2571,3968,2,281,1686,2736,4096,400,86,0,444.600
2572,3969,2,289,1734,2736,4096,0,86,0,440.800
2573,3970,2,269,1614,2736,4096,400,86,0,322.000
2574,3971,2,275,1650,2736,4096,0,86,0,331.400
2575,3972,2,269,1614,2736,4096,400,86,0,425.100
2576,3973,2,269,1614,2736,4096,0,86,0,558.000
2577,3974,2,269,1614,2736,4096,400,86,0,444.000
2578,3975,2,274,1644,2736,4096,0,86,0,462.700
2579,3976,2,269,1614,2736,4096,400,86,0,459.100
2580,3977,2,269,1614,2736,4096,0,86,0,465.900
2581,3978,2,269,1614,2736,4096,400,86,0,429.300
2582,3979,2,275,1650,2736,4096,0,86,0,445.400
2583,3980,2,269,1614,2736,4096,400,86,0,375.100
2584,3981,2,269,1614,2736,4096,0,86,0,400.700
2585,3982,2,269,1614,2736,4096,400,86,0,725.100
2586,3983,2,269,1614,2736,4096,0,86,0,418.800
2587,3984,2,269,1614,2736,4096,400,86,0,541.000
2588,3985,2,269,1614,2736,4096,0,86,0,439.300
2589,3986,2,277,1662,2736,4096,400,86,0,333.100
2590,3987,2,275,1650,2736,4096,0,86,0,476.700
2591,3988,2,269,1614,2736,4096,400,86,0,410.100
2592,3989,2,269,1614,2736,4096,0,86,0,527.000
2593,3990,2,269,1614,2736,4096,400,86,0,385.000
2594,3991,2,269,1614,2736,4096,0,86,0,512.600
2595,3992,2,274,1644,2736,4096,400,86,0,363.300
2596,3993,2,269,1614,2736,4096,0,86,0,443.900
2597,3994,2,269,1614,2736,4096,400,86,0,339.300
2598,3995,2,275,1650,2736,4096,0,86,0,471.500
2599,3996,2,269,1614,2736,4096,400,86,0,511.400
2600,3997,2,269,1614,2736,4096,0,86,0,464.700
2601,3998,2,269,1614,2736,4096,400,86,0,251.300
2602,3999,2,269,1614,2736,4096,0,86,0,442.500
2603,4000,2,274,1644,2736,4096,400,86,0,469.200
2604,4001,2,272,1632,2736,4096,0,86,0,517.400
2605,4002,2,288,1725,2736,4096,400,86,0,439.900
2606,4003,2,277,1662,2736,4096,0,86,0,485.700
2607,4004,2,271,1626,2736,4096,400,86,0,461.100
2608,4005,2,271,1626,2736,4096,0,86,0,441.400
2609,4006,2,271,1626,2736,4096,400,86,0,444.900
2610,4007,2,271,1626,2736,4096,0,86,0,316.100
2611,4008,2,274,1644,2736,4096,400,86,0,452.500
2612,4009,2,274,1644,2736,4096,0,86,0,508.800
2613,4010,2,274,1644,2736,4096,400,86,0,389.200
2614,4011,2,280,1680,2736,4096,0,86,0,378.600
2615,4012,2,280,1680,2736,4096,400,86,0,424.200
2616,4013,2,274,1644,2736,4096,0,86,0,351.300
2617,4014,2,274,1644,2736,4096,400,86,0,501.900
2618,4015,2,271,1626,2736,4096,0,86,0,479.100
2619,4016,2,271,1626,2736,4096,400,86,0,358.500
2620,4017,2,271,1626,2736,4096,0,86,0,450.300
2621,4018,2,287,1719,2736,4096,400,86,0,388.000
2622,4019,2,265,1590,2736,4096,0,86,0,449.700
2623,4020,2,271,1626,2736,4096,400,86,0,716.100
2624,4021,2,265,1590,2736,4096,0,86,0,429.300
2625,4022,2,267,1602,2736,4096,400,86,0,443.500
2626,4023,2,267,1602,2736,4096,0,86,0,315.500
2627,4024,2,261,1566,2736,4096,400,86,0,486.100
2628,4025,2,261,1566,2736,4096,0,86,0,373.300
2629,4026,2,261,1566,2736,4096,400,86,0,415.300
2630,4027,2,261,1566,2736,4096,0,86,0,449.900
2631,4028,2,279,1674,2736,4096,400,86,0,396.800
2632,4029,2,271,1626,2736,4096,0,86,0,371.500
2633,4030,2,271,1626,2736,4096,400,86,0,437.800
2634,4031,2,273,1641,2736,4096,0,86,0,380.400
2635,4032,2,276,1656,2736,4096,400,86,0,661.000
2636,4033,2,267,1602,2736,4096,0,86,0,445.800
2637,4034,2,267,1602,2736,4096,400,86,0,514.600
2638,4035,2,271,1623,2736,4096,0,86,0,366.300
2639,4036,2,261,1566,2736,4096,400,86,0,368.200
2640,4037,2,255,1530,2736,4096,0,86,0,644.300
2641,4038,2,255,1530,2736,4096,400,86,0,416.900
2642,4039,2,255,1530,2736,4096,0,86,0,409.300
2643,4040,2,260,1560,2736,4096,400,86,0,316.100
2644,4041,2,255,1530,2736,4096,0,86,0,435.800
2645,4042,2,255,1530,2736,4096,400,86,0,353.100
2646,4043,2,255,1530,2736,4096,0,86,0,409.800
2647,4044,2,267,1602,2736,4096,400,86,0,516.400
2648,4045,2,261,1566,2736,4096,0,86,0,418.600
2649,4046,2,263,1578,2736,4096,400,86,0,382.400
2650,4047,2,263,1578,2736,4096,0,86,0,260.400
2651,4048,2,268,1608,2736,4096,400,86,0,478.400
2652,4049,2,273,1638,2736,4096,0,86,0,417.200
2653,4050,2,263,1578,2736,4096,400,86,0,432.200
2654,4051,2,255,1530,2736,4096,0,86,0,366.800
2655,4052,2,246,1476,2736,4096,400,86,0,469.000
2656,4053,2,252,1512,2736,4096,0,86,0,456.200
2657,4054,2,246,1476,2736,4096,400,86,0,411.700
2658,4055,2,251,1509,2736,4096,0,86,0,352.100
2659,4056,2,245,1470,2736,4096,400,86,0,336.100
2660,4057,2,253,1518,2736,4096,0,86,0,354.600
2661,4058,2,253,1518,2736,4096,400,86,0,527.700
2662,4059,2,253,1518,2736,4096,0,86,0,387.600
2663,4060,2,253,1518,2736,4096,400,86,0,346.200
2664,4061,2,259,1554,2736,4096,0,86,0,338.100
2665,4062,2,247,1482,2736,4096,400,86,0,508.400
2666,4063,2,249,1497,2736,4096,0,86,0,487.300
2667,4064,2,248,1488,2736,4096,400,86,0,424.900
2668,4065,2,248,1488,2736,4096,0,86,0,487.000
2669,4066,2,259,1554,2736,4096,400,86,0,447.500
2670,4067,2,261,1566,2736,4096,0,86,0,489.700
2671,4068,2,264,1584,2736,4096,400,86,0,293.000
2672,4069,2,272,1632,2736,4096,0,86,0,392.300
2673,4070,2,264,1584,2736,4096,400,86,0,367.600
2674,4071,2,272,1632,2736,4096,0,86,0,500.500
2675,4072,2,274,1644,2736,4096,400,86,0,368.500
2676,4073,2,273,1638,2736,4096,0,86,0,446.200
2677,4074,2,273,1638,2736,4096,400,86,0,439.900
2678,4075,2,273,1638,2736,4096,0,86,0,509.100
2679,4076,2,346,2076,2736,4096,400,86,0,472.100
2680,4077,2,352,2112,2736,4096,0,86,0,334.700
2681,4078,2,347,2085,2736,4096,400,86,0,440.500
2682,4079,2,344,2064,2736,4096,0,86,0,495.800
2683,4080,2,344,2064,2736,4096,400,86,0,630.100
2684,4081,2,336,2016,2736,4096,0,86,0,476.600
2685,4082,2,335,2010,2736,4096,400,86,0,377.600
2686,4083,2,333,1998,2736,4096,0,86,0,439.800
2687,4084,2,373,2238,2736,4096,400,86,0,435.400
2688,4085,2,377,2262,2736,4096,0,86,0,410.400
2689,4086,2,389,2337,2736,4096,400,86,0,372.300
2690,4087,2,375,2250,2736,4096,0,86,0,497.700
2691,4088,2,433,2598,2736,4096,400,86,0,602.400
2692,4089,2,325,1950,2736,4096,0,86,0,421.200
2693,4090,2,323,1938,2736,4096,400,86,0,648.200
2694,4091,2,343,2058,2736,4096,0,86,0,553.300
2695,4092,2,346,2076,2736,4096,400,86,0,400.200
2696,4093,2,354,2124,2736,4096,0,86,0,349.300
2697,4094,2,319,1914,2736,4096,400,86,0,354.200
2698,4095,2,314,1884,2736,4096,0,86,0,412.000
2699,4096,2,316,1896,2736,4096,400,86,0,415.600
2700,4097,2,314,1884,2736,4096,0,86,0,345.300
2701,4098,2,311,1866,2736,4096,400,86,0,395.400
2702,4099,2,311,1866,2736,4096,0,86,0,374.800
2703,4100,2,308,1848,2736,4096,400,86,0,470.900
2704,4101,2,316,1899,2736,4096,0,86,0,595.900
2705,4102,2,308,1848,2736,4096,400,86,0,407.600
2706,4103,2,254,1524,2736,4096,0,86,0,331.800
2707,4104,2,252,1512,2736,4096,400,86,0,407.600
2708,4105,2,248,1488,2736,4096,0,86,0,314.600
2709,4106,2,249,1494,2736,4096,400,86,0,421.000
2710,4107,2,245,1470,2736,4096,0,86,0,389.800
2711,4108,2,252,1512,2736,4096,400,86,0,421.400
2712,4109,2,269,1614,2736,4096,0,86,0,343.700
2713,4110,2,317,1902,2736,4096,400,86,0,327.800
2714,4111,2,315,1890,2736,4096,0,86,0,483.000
2715,4112,2,316,1896,2736,4096,400,86,0,383.500
2716,4113,2,305,1830,2736,4096,0,86,0,397.000
2717,4114,2,305,1830,2736,4096,400,86,0,415.700
2718,4115,2,316,1896,2736,4096,0,86,0,440.800
2719,4116,2,313,1878,2736,4096,400,86,0,349.700
2720,4117,2,315,1890,2736,4096,0,86,0,350.900
2721,4118,2,328,1968,2736,4096,400,86,0,370.600
2722,4119,2,312,1872,2736,4096,0,86,0,498.200
2723,4120,2,312,1875,2736,4096,400,86,0,579.200
2724,4121,2,314,1887,2736,4096,0,86,0,503.800
2725,4122,2,313,1881,2736,4096,400,86,0,403.100
2726,4123,2,316,1899,2736,4096,0,86,0,465.700
2727,4124,2,308,1851,2736,4096,400,86,0,454.200
2728,4125,2,303,1821,2736,4096,0,86,0,310.200
2729,4126,2,351,2109,2736,4096,400,86,0,429.300
2730,4127,2,339,2037,2736,4096,0,86,0,456.400
2731,4128,2,355,2133,2736,4096,400,86,0,399.100
2732,4129,2,336,2019,2736,4096,0,86,0,584.600
2733,4130,2,372,2238,2736,4096,400,86,0,392.700
2734,4131,2,364,2196,2736,4096,0,86,0,415.300
2735,4133,2,362,2187,2736,4096,400,86,0,402.500
2736,4135,2,479,2874,2736,4096,0,86,0,433.900
2737,4137,2,478,2868,2736,4096,400,86,0,459.800
2738,4139,2,495,2970,2736,4096,0,86,0,431.300
2739,4140,2,499,2994,2736,4096,400,86,0,622.900
2740,4141,2,458,2748,2736,4096,0,86,0,413.700
2741,4142,2,401,2406,2736,4096,400,86,0,350.100
2742,4143,2,404,2421,2736,4096,0,86,0,305.400
2743,4144,2,410,2460,2736,4096,400,86,0,423.600
2744,4145,2,399,2394,2736,4096,0,86,0,373.200
2745,4146,2,441,2646,2736,4096,400,86,0,476.900
2746,4147,2,512,3072,2736,4096,0,86,0,441.000
2747,4148,2,511,3066,2736,4096,400,86,0,379.600
2748,4149,2,561,3366,2736,4096,0,86,0,422.500
2749,4150,2,559,3354,2736,4096,400,86,0,401.700
2750,4151,2,586,3516,2736,4096,0,86,0,354.300
2751,4152,2,619,3711,2736,4096,400,86,0,433.900
2752,4153,2,495,2970,2736,4096,0,86,0,550.000
2753,4154,2,501,3006,2736,4096,400,86,0,474.100
2754,4155,2,529,3174,2736,4096,0,86,0,434.900
2755,4156,2,473,2838,2736,4096,400,86,0,490.400
2756,4157,2,414,2484,2736,4096,0,86,0,373.300
2757,4158,2,447,2682,2736,4096,400,86,0,422.300
2758,4159,2,481,2886,2736,4096,0,86,0,445.900
2759,4160,2,511,3063,2736,4096,400,86,0,413.300
2760,4161,2,512,3075,2736,4096,0,86,0,494.900
2761,4162,2,548,3288,2736,4096,400,86,0,296.700
2762,4163,2,553,3318,2736,4096,0,86,0,517.500
2763,4164,2,599,3594,2736,4096,400,86,0,396.900
2764,4165,2,598,3588,2736,4096,0,86,0,363.500
2765,4166,2,630,3780,2736,4096,400,86,0,529.500
2766,4167,2,613,3678,2736,4096,0,86,0,370.600
2767,4168,2,727,4362,2736,4096,400,86,0,394.900
2768,4169,2,727,4359,2736,4096,0,86,0,466.800
2769,4170,2,746,4476,2736,4096,400,86,0,467.600
2770,4171,2,726,4356,2736,4096,0,86,0,416.000
2771,4172,2,759,4554,2736,4096,400,86,0,356.000
2772,4173,2,709,4254,2736,4096,0,86,0,453.300
2773,4174,2,620,3720,2736,4096,400,86,0,462.000
2774,4175,2,540,3240,2736,4096,0,86,0,406.900
2775,4176,2,497,2985,2736,4096,400,86,0,414.500
2776,4177,2,417,2505,2736,4096,0,86,0,419.100
2777,4178,2,332,1989,2736,4096,400,86,0,430.500
2778,4179,2,299,1794,2736,4096,0,86,0,386.500
2779,4180,2,293,1758,2736,4096,400,86,0,323.100
2780,4181,2,252,1512,2736,4096,0,86,0,362.900
2781,4182,2,192,1152,2736,4096,400,86,0,502.800
2782,4183,2,183,1098,2736,4096,0,86,0,385.800
2783,4184,2,169,1014,2736,4096,400,86,0,193.000
2784,4185,2,162,972,2736,4096,0,86,0,337.600
2785,4186,2,125,750,2736,4096,400,86,0,413.800
2786,4187,2,124,744,2736,4096,0,86,0,391.100
2787,4188,2,125,750,2736,4096,400,86,0,528.500
2788,4189,2,122,732,2736,4096,0,86,0,483.900
2789,4190,2,114,684,2736,4096,400,86,0,368.000
2790,4191,2,79,474,2736,4096,0,86,0,378.200
2791,4192,2,41,246,2736,4096,400,86,0,370.900
2792,4193,2,41,246,2736,4096,0,86,0,432.400
2793,4194,2,41,246,2736,4096,400,86,0,442.200
2794,4195,2,29,174,2736,4096,0,86,0,375.300
2795,4196,2,26,156,2736,4096,400,86,0,401.700
2796,4197,2,26,156,2736,4096,0,86,0,430.800
2797,4198,2,30,180,2736,4096,400,86,0,387.700
2798,4199,2,20,120,2736,4096,0,86,0,328.800
2799,4200,2,20,120,2736,4096,400,86,0,599.800
2800,4201,2,15,90,2736,4096,0,86,0,521.400
2801,4202,2,15,90,2736,4096,400,86,0,554.000
2802,4203,2,31,186,2736,4096,0,86,0,452.200
2803,4205,2,23,138,2736,4096,400,86,0,343.700
2804,4206,2,14,84,2736,4096,0,86,0,446.000
2805,4207,2,25,150,2736,4096,400,86,0,415.300
2806,4208,2,25,150,2736,4096,0,86,0,544.300
2807,4209,2,25,150,2736,4096,400,86,0,439.600
2808,4210,2,25,150,2736,4096,0,86,0,381.200
2809,4211,2,27,165,2736,4096,400,86,0,294.900
2810,4212,2,33,201,2736,4096,0,86,0,455.200
2811,4213,2,33,201,2736,4096,400,86,0,381.600
2812,4214,2,31,186,2736,4096,0,86,0,556.900
2813,4215,2,21,126,2736,4096,400,86,0,496.700
2814,4216,2,13,78,2736,4096,0,86,0,340.000
2815,4217,2,13,78,2736,4096,400,86,0,379.800
2816,4218,2,13,78,2736,4096,0,86,0,424.300
2817,4219,2,16,96,2736,4096,400,86,0,561.500
2818,4220,2,12,72,2736,4096,0,86,0,420.300
2819,4221,2,12,72,2736,4096,400,86,0,468.400
2820,4222,2,14,84,2736,4096,0,86,0,364.900
2821,4223,2,20,120,2736,4096,400,86,0,451.800
2822,4224,2,20,120,2736,4096,0,86,0,447.300
2823,4225,2,20,120,2736,4096,400,86,0,416.700
2824,4226,2,14,84,2736,4096,0,86,0,392.800
2825,4227,2,26,156,2736,4096,400,86,0,294.100
2826,4228,2,37,222,2736,4096,0,86,0,403.800
2827,4229,2,34,204,2736,4096,400,86,0,345.600
2828,4230,2,22,132,2736,4096,0,86,0,374.300
2829,4231,2,25,150,2736,4096,400,86,0,420.400
2830,4232,2,25,150,2736,4096,0,86,0,387.700
2831,4233,2,25,150,2736,4096,400,86,0,179.800
2832,4234,2,38,231,2736,4096,0,86,0,174.300
2833,4235,2,44,267,2736,4096,400,86,0,478.700
2834,4236,2,28,171,2736,4096,0,86,0,387.700
2835,4237,2,22,135,2736,4096,400,86,0,346.400
2836,4238,2,19,114,2736,4096,0,86,0,481.300
2837,4239,2,100,600,2736,4096,400,86,0,406.300
2838,4240,2,92,552,2736,4096,0,86,0,393.100
2839,4242,2,92,552,2736,4096,400,86,0,500.300
2840,4243,2,95,570,2736,4096,0,86,0,493.400
2841,4244,2,94,567,2736,4096,400,86,0,443.700
2842,4245,2,93,561,2736,4096,0,86,0,460.400
2843,4246,2,99,597,2736,4096,400,86,0,514.200
2844,4247,2,105,636,2736,4096,0,86,0,429.400
2845,4248,2,16,99,2736,4096,400,86,0,525.100
2846,4249,2,14,87,2736,4096,0,86,0,446.300
2847,4250,2,20,123,2736,4096,400,86,0,459.300
2848,4251,2,10,63,2736,4096,0,86,0,458.000
2849,4252,2,16,99,2736,4096,400,86,0,426.400
2850,4253,2,19,117,2736,4096,0,86,0,350.800
2851,4254,2,15,93,2736,4096,400,86,0,378.400
2852,4255,2,12,75,2736,4096,0,86,0,360.100
2853,4256,2,15,90,2736,4096,400,86,0,386.900
2854,4257,2,21,129,2736,4096,0,86,0,364.500
2855,4258,2,19,114,2736,4096,400,86,0,425.600
2856,4259,2,27,162,2736,4096,0,86,0,365.000
2857,4260,2,47,282,2736,4096,400,86,0,549.000
2858,4261,2,62,372,2736,4096,0,86,0,391.000
2859,4262,2,117,702,2736,4096,400,86,0,581.500
2860,4263,2,130,780,2736,4096,0,86,0,389.300
2861,4264,2,157,942,2736,4096,400,86,0,537.800
2862,4265,2,196,1179,2736,4096,0,86,0,419.100
2863,4267,2,246,1476,2736,4096,400,86,0,469.600
2864,4268,2,251,1506,2736,4096,0,86,0,358.400
2865,4269,2,236,1416,2736,4096,400,86,0,415.700
2866,4270,2,262,1572,2736,4096,0,86,0,439.800
2867,4271,2,282,1692,2736,4096,400,86,0,500.200
2868,4272,2,328,1968,2736,4096,0,86,0,323.200
2869,4273,2,336,2016,2736,4096,400,86,0,373.900
2870,4274,2,356,2139,2736,4096,0,86,0,460.800
2871,4275,2,358,2148,2736,4096,400,86,0,446.300
2872,4276,2,366,2196,2736,4096,0,86,0,490.400
2873,4277,2,366,2196,2736,4096,400,86,0,395.900
2874,4278,2,367,2202,2736,4096,0,86,0,484.300
2875,4279,2,362,2172,2736,4096,400,86,0,448.900
2876,4280,2,358,2148,2736,4096,0,86,0,359.200
2877,4281,2,356,2136,2736,4096,400,86,0,282.000
2878,4282,2,365,2190,2736,4096,0,86,0,450.400
2879,4283,2,371,2229,2736,4096,400,86,0,483.200
2880,4284,2,366,2196,2736,4096,0,86,0,356.400
2881,4285,2,353,2118,2736,4096,400,86,0,389.900
2882,4286,2,350,2100,2736,4096,0,86,0,552.400
2883,4287,2,350,2100,2736,4096,400,86,0,442.900
2884,4288,2,349,2094,2736,4096,0,86,0,413.400
2885,4289,2,375,2250,2736,4096,400,86,0,447.600
2886,4290,2,381,2286,2736,4096,0,86,0,467.700
2887,4291,2,384,2304,2736,4096,400,86,0,613.600
2888,4292,2,376,2256,2736,4096,0,86,0,399.100
2889,4293,2,387,2325,2736,4096,400,86,0,354.000
2890,4294,2,373,2238,2736,4096,0,86,0,361.300
2891,4295,2,374,2244,2736,4096,400,86,0,766.100
2892,4296,2,376,2256,2736,4096,0,86,0,441.500
2893,4297,2,377,2262,2736,4096,400,86,0,367.300
2894,4298,2,360,2160,2736,4096,0,86,0,466.300
2895,4299,2,367,2202,2736,4096,400,86,0,452.000
2896,4300,2,367,2202,2736,4096,0,86,0,454.800
2897,4301,2,399,2394,2736,4096,400,86,0,629.200
2898,4302,2,408,2451,2736,4096,0,86,0,418.600
2899,4303,2,400,2400,2736,4096,400,86,0,548.100
2900,4304,2,419,2514,2736,4096,0,86,0,495.700
2901,4305,2,493,2958,2736,4096,400,86,0,349.700
2902,4306,2,531,3186,2736,4096,0,86,0,478.000
2903,4307,2,524,3144,2736,4096,400,86,0,465.100
2904,4308,2,516,3096,2736,4096,0,86,0,545.300
2905,4309,2,434,2604,2736,4096,400,86,0,509.600
2906,4310,2,372,2232,2736,4096,0,86,0,385.100
2907,4311,2,349,2094,2736,4096,400,86,0,438.700
2908,4312,2,300,1800,2736,4096,0,86,0,343.600
2909,4313,2,308,1851,2736,4096,400,86,0,421.600
2910,4314,2,282,1692,2736,4096,0,86,0,396.400
2911,4315,2,306,1836,2736,4096,400,86,0,512.600
2912,4316,2,245,1470,2736,4096,0,86,0,381.500
2913,4317,2,146,876,2736,4096,400,86,0,482.900
2914,4318,2,87,522,2736,4096,0,86,0,469.100
2915,4319,2,66,396,2736,4096,400,86,0,345.000
2916,4320,2,71,426,2736,4096,0,86,0,500.900
2917,4321,2,67,402,2736,4096,400,86,0,285.500
2918,4322,2,45,270,2736,4096,0,86,0,318.000
2919,4323,2,59,354,2736,4096,400,86,0,316.100
2920,4324,2,52,312,2736,4096,0,86,0,511.300
2921,4325,2,41,246,2736,4096,400,86,0,357.900
2922,4326,2,43,258,2736,4096,0,86,0,416.200
2923,4327,2,41,246,2736,4096,400,86,0,353.200
2924,4328,2,45,270,2736,4096,0,86,0,351.700
2925,4329,2,50,306,2736,4096,400,86,0,393.000
2926,4330,2,66,396,2736,4096,0,86,0,294.100
2927,4331,2,27,162,2736,4096,400,86,0,436.300
2928,4332,2,23,138,2736,4096,0,86,0,398.200
2929,4333,2,115,690,2736,4096,400,86,0,423.700
2930,4334,2,119,714,2736,4096,0,86,0,363.700
2931,4335,2,102,612,2736,4096,400,86,0,393.100
2932,4336,2,99,594,2736,4096,0,86,0,376.700
2933,4337,2,104,624,2736,4096,400,86,0,296.300
2934,4338,2,102,612,2736,4096,0,86,0,415.200
2935,4339,2,99,594,2736,4096,400,86,0,446.000
2936,4340,2,7,42,2736,4096,0,86,0,382.900
2937,4341,2,7,42,2736,4096,400,86,0,429.900
2938,4342,2,44,267,2736,4096,0,86,0,311.500
2939,4343,2,40,243,2736,4096,400,86,0,407.000
2940,4344,2,24,147,2736,4096,0,86,0,364.400
2941,4345,2,24,147,2736,4096,400,86,0,398.900
2942,4346,2,36,213,2736,4096,0,86,0,350.800
2943,4347,2,8,48,2736,4096,400,86,0,346.700
2944,4348,2,3,18,2736,4096,0,86,0,505.300
2945,4349,2,15,90,2736,4096,400,86,0,396.300
2946,4350,2,23,141,2736,4096,0,86,0,398.300
2947,4351,2,15,90,2736,4096,400,86,0,319.000
2948,4352,2,15,90,2736,4096,0,86,0,315.300
2949,4353,2,8,48,2736,4096,400,86,0,302.100
2950,4354,2,0,0,2736,4096,0,86,0,390.900
2951,4355,2,0,0,2736,4096,400,86,0,321.800
2952,4356,2,0,0,2736,4096,0,86,0,168.600
2953,4357,2,0,0,2736,4096,400,86,0,207.900
2954,4358,2,5,30,2736,4096,0,86,0,406.700
2955,4359,2,6,36,2736,4096,400,86,0,341.400
2956,4360,2,46,276,2736,4096,0,86,0,387.100
2957,4361,2,48,288,2736,4096,400,86,0,429.900
2958,4362,2,73,432,2736,4096,0,86,0,370.300
2959,4363,2,73,432,2736,4096,400,86,0,465.000
2960,4364,2,97,582,2736,4096,0,86,0,374.900
2961,4365,2,97,582,2736,4096,400,86,0,352.600
2962,4366,2,138,828,2736,4096,0,86,0,428.100
2963,4367,2,143,858,2736,4096,400,86,0,385.600
2964,4368,2,140,840,2736,4096,0,86,0,361.300
2965,4369,2,177,1062,2736,4096,400,86,0,350.900
2966,4370,2,173,1038,2736,4096,0,86,0,296.100
2967,4371,2,177,1062,2736,4096,400,86,0,348.900
2968,4372,2,183,1098,2736,4096,0,86,0,370.100
2969,4373,2,201,1206,2736,4096,400,86,0,335.700
2970,4374,2,201,1206,2736,4096,0,86,0,385.800
2971,4375,2,201,1206,2736,4096,400,86,0,401.900
2972,4376,2,201,1206,2736,4096,0,86,0,525.900
2973,4377,2,164,984,2736,4096,400,86,0,354.400
2974,4378,2,161,966,2736,4096,0,86,0,358.000
2975,4379,2,157,942,2736,4096,400,86,0,342.200
2976,4380,2,161,966,2736,4096,0,86,0,563.300
2977,4381,2,173,1038,2736,4096,400,86,0,346.100
2978,4382,2,211,1266,2736,4096,0,86,0,478.200
2979,4383,2,157,942,2736,4096,400,86,0,375.100
2980,4384,2,132,792,2736,4096,0,86,0,374.800
2981,4385,2,128,768,2736,4096,400,86,0,353.800
2982,4386,2,165,990,2736,4096,0,86,0,303.500
2983,4387,2,166,996,2736,4096,400,86,0,461.500
2984,4388,2,132,792,2736,4096,0,86,0,336.100
2985,4389,2,90,540,2736,4096,400,86,0,323.000
2986,4390,2,89,534,2736,4096,0,86,0,461.000
2987,4391,2,55,330,2736,4096,400,86,0,360.800
2988,4392,2,55,330,2736,4096,0,86,0,493.200
2989,4393,2,49,294,2736,4096,400,86,0,342.000
2990,4394,2,49,294,2736,4096,0,86,0,383.000
2991,4395,2,45,270,2736,4096,400,86,0,354.200
2992,4396,2,59,354,2736,4096,0,86,0,329.800
2993,4397,2,58,348,2736,4096,400,86,0,361.800
2994,4398,2,21,126,2736,4096,0,86,0,414.500
2995,4399,2,21,126,2736,4096,400,86,0,370.400
2996,4400,2,21,126,2736,4096,0,86,0,351.200
2997,4401,2,21,126,2736,4096,400,86,0,279.700
2998,4402,2,27,162,2736,4096,0,86,0,343.200
2999,4403,2,18,108,2736,4096,400,86,0,356.000
3000,4404,2,22,132,2736,4096,0,86,0,313.100
3001,4405,2,22,132,2736,4096,400,86,0,554.000
3002,4406,2,22,132,2736,4096,0,86,0,425.300
3003,4407,2,22,132,2736,4096,400,86,0,282.900
3004,4408,2,20,120,2736,4096,0,86,0,324.700
3005,4409,2,22,132,2736,4096,400,86,0,343.700
3006,4410,2,21,126,2736,4096,0,86,0,371.300
3007,4411,2,25,150,2736,4096,400,86,0,369.500
3008,4412,2,55,330,2736,4096,0,86,0,246.400
3009,4413,2,47,282,2736,4096,400,86,0,390.700
3010,4414,2,51,306,2736,4096,0,86,0,429.600
3011,4415,2,53,318,2736,4096,400,86,0,301.200
3012,4416,2,94,564,2736,4096,0,86,0,379.300
3013,4417,2,99,594,2736,4096,400,86,0,293.800
3014,4418,2,135,810,2736,4096,0,86,0,494.600
3015,4419,2,178,1068,2736,4096,400,86,0,314.600
3016,4420,2,211,1266,2736,4096,0,86,0,441.400
3017,4421,2,251,1506,2736,4096,400,86,0,487.800
3018,4422,2,284,1704,2736,4096,0,86,0,489.800
3019,4423,2,307,1842,2736,4096,400,86,0,401.900
3020,4424,2,301,1806,2736,4096,0,86,0,380.600
3021,4425,2,302,1812,2736,4096,400,86,0,372.100
3022,4426,2,286,1716,2736,4096,0,86,0,464.600
3023,4427,2,341,2046,2736,4096,400,86,0,378.700
3024,4428,2,301,1806,2736,4096,0,86,0,278.800
3025,4429,2,342,2052,2736,4096,400,86,0,343.400
3026,4430,2,340,2040,2736,4096,0,86,0,311.400
3027,4431,2,302,1812,2736,4096,400,86,0,379.600
3028,4432,2,299,1794,2736,4096,0,86,0,483.300
3029,4433,2,295,1770,2736,4096,400,86,0,429.000
3030,4434,2,330,1980,2736,4096,0,86,0,342.700
3031,4435,2,280,1680,2736,4096,400,86,0,408.400
3032,4436,2,279,1674,2736,4096,0,86,0,396.900
3033,4437,2,250,1503,2736,4096,400,86,0,296.900
3034,4438,2,250,1500,2736,4096,0,86,0,357.000
3035,4439,2,287,1722,2736,4096,400,86,0,384.700
3036,4440,2,299,1794,2736,4096,0,86,0,650.300
3037,4441,2,299,1794,2736,4096,400,86,0,341.900
3038,4442,2,265,1590,2736,4096,0,86,0,364.200
3039,4443,2,276,1659,2736,4096,400,86,0,394.800
3040,4444,2,276,1659,2736,4096,0,86,0,339.400
3041,4445,2,277,1665,2736,4096,400,86,0,333.200
3042,4446,2,280,1680,2736,4096,0,86,0,264.100
3043,4447,2,278,1668,2736,4096,400,86,0,380.600
3044,4448,2,325,1950,2736,4096,0,86,0,466.400
3045,4449,2,307,1842,2736,4096,400,86,0,322.300
3046,4450,2,270,1620,2736,4096,0,86,0,500.100
3047,4451,2,278,1668,2736,4096,400,86,0,374.500
3048,4452,2,315,1890,2736,4096,0,86,0,289.400
3049,4453,2,313,1878,2736,4096,400,86,0,301.000
3050,4454,2,363,2178,2736,4096,0,86,0,364.900
3051,4455,2,325,1950,2736,4096,400,86,0,302.200
3052,4456,2,323,1938,2736,4096,0,86,0,359.800
3053,4457,2,324,1944,2736,4096,400,86,0,309.600
3054,4458,2,366,2196,2736,4096,0,86,0,518.400
3055,4459,2,374,2244,2736,4096,400,86,0,324.600
3056,4460,2,376,2256,2736,4096,0,86,0,362.700
3057,4461,2,331,1986,2736,4096,400,86,0,410.000
3058,4462,2,365,2190,2736,4096,0,86,0,503.400
3059,4463,2,330,1980,2736,4096,400,86,0,332.600
3060,4464,2,312,1872,2736,4096,0,86,0,366.400
3061,4465,2,330,1980,2736,4096,400,86,0,339.100
3062,4466,2,329,1974,2736,4096,0,86,0,428.400
3063,4467,2,368,2208,2736,4096,400,86,0,387.100
3064,4468,2,337,2022,2736,4096,0,86,0,351.900
3065,4469,2,337,2022,2736,4096,400,86,0,527.200
3066,4470,2,321,1926,2736,4096,0,86,0,409.800
3067,4471,2,359,2154,2736,4096,400,86,0,350.800
3068,4472,2,355,2130,2736,4096,0,86,0,382.100
3069,4473,2,337,2022,2736,4096,400,86,0,364.100
3070,4474,2,355,2130,2736,4096,0,86,0,468.100
3071,4475,2,362,2172,2736,4096,400,86,0,296.800
3072,4476,2,398,2388,2736,4096,0,86,0,426.800
3073,4477,2,380,2280,2736,4096,400,86,0,454.400
3074,4478,2,412,2472,2736,4096,0,86,0,442.000
3075,4479,2,373,2238,2736,4096,400,86,0,471.200
3076,4480,2,359,2154,2736,4096,0,86,0,419.000
3077,4481,2,349,2094,2736,4096,400,86,0,483.000
3078,4482,2,302,1812,2736,4096,0,86,0,438.400
3079,4483,2,327,1962,2736,4096,400,86,0,485.600
3080,4484,2,282,1692,2736,4096,0,86,0,377.100
3081,4485,2,318,1908,2736,4096,400,86,0,440.700
3082,4486,2,257,1542,2736,4096,0,86,0,418.500
3083,4487,2,270,1620,2736,4096,400,86,0,427.400
3084,4488,2,265,1590,2736,4096,0,86,0,510.700
3085,4489,2,290,1740,2736,4096,400,86,0,561.000
3086,4490,2,265,1590,2736,4096,0,86,0,431.700
3087,4491,2,293,1758,2736,4096,400,86,0,520.200
3088,4492,2,294,1764,2736,4096,0,86,0,402.500
3089,4493,2,260,1560,2736,4096,400,86,0,297.700
3090,4494,2,245,1470,2736,4096,0,86,0,395.400
3091,4495,2,245,1470,2736,4096,400,86,0,411.500
3092,4496,2,249,1494,2736,4096,0,86,0,449.100
3093,4497,2,272,1632,2736,4096,400,86,0,388.400
3094,4498,2,272,1632,2736,4096,0,86,0,297.000
3095,4499,2,272,1632,2736,4096,400,86,0,544.400
3096,4500,2,272,1632,2736,4096,0,86,0,652.800
3097,4501,2,271,1626,2736,4096,400,86,0,422.600
3098,4502,2,271,1626,2736,4096,0,86,0,404.400
3099,4503,2,270,1620,2736,4096,400,86,0,437.800
3100,4504,2,270,1620,2736,4096,0,86,0,400.700
3101,4505,2,270,1620,2736,4096,400,86,0,386.700
3102,4506,2,278,1668,2736,4096,0,86,0,377.300
3103,4507,2,278,1668,2736,4096,400,86,0,319.000
3104,4509,2,288,1728,2736,4096,0,86,0,404.800
3105,4510,2,286,1716,2736,4096,400,86,0,416.600
3106,4511,2,286,1716,2736,4096,0,86,0,416.500
3107,4512,2,280,1680,2736,4096,400,86,0,397.100
3108,4513,2,280,1680,2736,4096,0,86,0,382.200
3109,4514,2,282,1692,2736,4096,400,86,0,427.700
3110,4515,2,281,1686,2736,4096,0,86,0,450.600
3111,4516,2,281,1686,2736,4096,400,86,0,288.200
3112,4517,2,281,1686,2736,4096,0,86,0,481.400
3113,4518,2,267,1602,2736,4096,400,86,0,356.600
3114,4519,2,267,1602,2736,4096,0,86,0,383.700
3115,4520,2,275,1650,2736,4096,400,86,0,354.800
3116,4521,2,275,1650,2736,4096,0,86,0,381.800
3117,4522,2,239,1434,2736,4096,400,86,0,425.200
3118,4523,2,231,1386,2736,4096,0,86,0,431.200
3119,4524,2,281,1686,2736,4096,400,86,0,418.700
3120,4525,2,267,1602,2736,4096,0,86,0,357.900
3121,4526,2,260,1560,2736,4096,400,86,0,429.900
3122,4527,2,298,1788,2736,4096,0,86,0,363.900
3123,4528,2,272,1632,2736,4096,400,86,0,478.400
3124,4529,2,263,1578,2736,4096,0,86,0,351.900
3125,4530,2,273,1638,2736,4096,400,86,0,305.900
3126,4531,2,277,1662,2736,4096,0,86,0,388.100
3127,4532,2,269,1614,2736,4096,400,86,0,389.600
3128,4533,2,314,1884,2736,4096,0,86,0,377.700
3129,4534,2,307,1842,2736,4096,400,86,0,383.000
3130,4535,2,299,1794,2736,4096,0,86,0,489.100
3131,4536,2,282,1692,2736,4096,400,86,0,360.000
3132,4537,2,297,1782,2736,4096,0,86,0,376.700
3133,4538,2,275,1650,2736,4096,400,86,0,343.000
3134,4539,2,275,1650,2736,4096,0,86,0,433.100
3135,4540,2,320,1920,2736,4096,400,86,0,346.800
3136,4541,2,307,1842,2736,4096,0,86,0,346.100
3137,4542,2,311,1866,2736,4096,400,86,0,315.800
3138,4543,2,290,1740,2736,4096,0,86,0,434.200
3139,4544,2,310,1860,2736,4096,400,86,0,496.300
3140,4545,2,310,1863,2736,4096,0,86,0,410.200
3141,4546,2,302,1812,2736,4096,400,86,0,329.600
3142,4547,2,315,1890,2736,4096,0,86,0,286.800
3143,4548,2,325,1950,2736,4096,400,86,0,483.600
3144,4549,2,344,2064,2736,4096,0,86,0,367.800
3145,4550,2,340,2040,2736,4096,400,86,0,326.700
3146,4551,2,332,1992,2736,4096,0,86,0,559.400
3147,4552,2,349,2094,2736,4096,400,86,0,348.200
3148,4553,2,349,2094,2736,4096,0,86,0,402.500
3149,4554,2,349,2097,2736,4096,400,86,0,345.000
3150,4555,2,341,2046,2736,4096,0,86,0,391.100
3151,4556,2,334,2004,2736,4096,400,86,0,404.500
3152,4557,2,294,1764,2736,4096,0,86,0,418.600
3153,4558,2,294,1764,2736,4096,400,86,0,375.500
3154,4559,2,294,1764,2736,4096,0,86,0,307.200
3155,4560,2,294,1764,2736,4096,400,86,0,614.900
3156,4561,2,278,1668,2736,4096,0,86,0,474.400
3157,4562,2,294,1764,2736,4096,400,86,0,418.200
3158,4563,2,298,1791,2736,4096,0,86,0,271.600
3159,4564,2,282,1692,2736,4096,400,86,0,322.700
3160,4565,2,284,1707,2736,4096,0,86,0,335.800
3161,4566,2,282,1692,2736,4096,400,86,0,293.800
3162,4567,2,282,1692,2736,4096,0,86,0,583.900
3163,4568,2,283,1698,2736,4096,400,86,0,496.100
3164,4569,2,320,1920,2736,4096,0,86,0,552.100
3165,4570,2,365,2190,2736,4096,400,86,0,402.700
3166,4571,2,385,2310,2736,4096,0,86,0,575.400
3167,4572,2,422,2532,2736,4096,400,86,0,351.600
3168,4573,2,434,2604,2736,4096,0,86,0,422.600
3169,4574,2,439,2634,2736,4096,400,86,0,418.600
3170,4575,2,432,2592,2736,4096,0,86,0,382.700
3171,4576,2,406,2436,2736,4096,400,86,0,404.400
3172,4577,2,437,2622,2736,4096,0,86,0,467.800
3173,4578,2,435,2610,2736,4096,400,86,0,348.800
3174,4579,2,422,2532,2736,4096,0,86,0,397.000
3175,4580,2,456,2736,2736,4096,400,86,0,399.300
3176,4581,2,442,2652,2736,4096,0,86,0,522.200
3177,4582,2,459,2754,2736,4096,400,86,0,446.900
3178,4583,2,459,2757,2736,4096,0,86,0,481.800
3179,4584,2,440,2643,2736,4096,400,86,0,510.700
3180,4585,2,438,2631,2736,4096,0,86,0,338.500
3181,4586,2,372,2232,2736,4096,400,86,0,938.200
3182,4587,2,452,2712,2736,4096,0,86,0,347.500
3183,4588,2,506,3036,2736,4096,400,86,0,402.600
3184,4589,2,496,2976,2736,4096,0,86,0,359.400
3185,4590,2,486,2916,2736,4096,400,86,0,348.100
3186,4591,2,485,2910,2736,4096,0,86,0,334.900
3187,4592,2,477,2862,2736,4096,400,86,0,271.200
3188,4593,2,486,2916,2736,4096,0,86,0,371.600
3189,4594,2,405,2430,2736,4096,400,86,0,414.000
3190,4595,2,398,2388,2736,4096,0,86,0,408.200
3191,4596,2,397,2382,2736,4096,400,86,0,287.400
3192,4597,2,405,2430,2736,4096,0,86,0,366.200
3193,4598,2,447,2682,2736,4096,400,86,0,403.200
3194,4599,2,453,2718,2736,4096,0,86,0,344.100
3195,4600,2,451,2706,2736,4096,400,86,0,584.800
3196,4601,2,450,2700,2736,4096,0,86,0,395.400
3197,4602,2,481,2886,2736,4096,400,86,0,435.900
3198,4603,2,481,2886,2736,4096,0,86,0,472.100
3199,4604,2,481,2886,2736,4096,400,86,0,439.800
3200,4605,2,485,2910,2736,4096,0,86,0,348.900
3201,4606,2,482,2892,2736,4096,400,86,0,404.600
3202,4607,2,503,3018,2736,4096,0,86,0,302.300
3203,4608,2,473,2838,2736,4096,400,86,0,359.000
3204,4609,2,472,2832,2736,4096,0,86,0,492.300
3205,4610,2,467,2802,2736,4096,400,86,0,419.200
3206,4611,2,473,2838,2736,4096,0,86,0,480.400
3207,4612,2,468,2808,2736,4096,400,86,0,417.100
3208,4613,2,470,2820,2736,4096,0,86,0,419.100
3209,4614,2,486,2916,2736,4096,400,86,0,472.400
3210,4615,2,483,2898,2736,4096,0,86,0,363.200
3211,4616,2,484,2904,2736,4096,400,86,0,464.500
3212,4617,2,485,2910,2736,4096,0,86,0,402.500
3213,4618,2,527,3162,2736,4096,400,86,0,539.200
3214,4619,2,498,2991,2736,4096,0,86,0,400.900
3215,4620,2,486,2916,2736,4096,400,86,0,617.500
3216,4621,2,443,2658,2736,4096,0,86,0,369.500
3217,4622,2,443,2658,2736,4096,400,86,0,506.000
3218,4623,2,463,2778,2736,4096,0,86,0,424.700
3219,4624,2,435,2610,2736,4096,400,86,0,369.500
3220,4625,2,436,2616,2736,4096,0,86,0,416.800
3221,4626,2,449,2694,2736,4096,400,86,0,362.800
3222,4627,2,456,2736,2736,4096,0,86,0,359.000
3223,4628,2,540,3243,2736,4096,400,86,0,743.300
3224,4629,2,534,3207,2736,4096,0,86,0,368.200
3225,4630,2,566,3396,2736,4096,400,86,0,359.700
3226,4631,2,499,2994,2736,4096,0,86,0,466.000
3227,4632,2,477,2862,2736,4096,400,86,0,375.700
3228,4633,2,456,2736,2736,4096,0,86,0,381.100
3229,4634,2,434,2604,2736,4096,400,86,0,334.700
3230,4635,2,399,2394,2736,4096,0,86,0,336.300
3231,4636,2,412,2472,2736,4096,400,86,0,324.100
3232,4637,2,502,3012,2736,4096,0,86,0,397.900
3233,4638,2,501,3009,2736,4096,400,86,0,425.900
3234,4639,2,482,2892,2736,4096,0,86,0,390.900
3235,4640,2,551,3306,2736,4096,400,86,0,340.800
3236,4641,2,606,3636,2736,4096,0,86,0,358.300
3237,4642,2,601,3606,2736,4096,400,86,0,493.000
3238,4643,2,611,3666,2736,4096,0,86,0,1010.800
3239,4644,2,653,3918,2736,4096,400,86,0,404.200
3240,4645,2,680,4077,2736,4096,0,86,0,433.600
3241,4646,2,625,3750,2736,4096,400,86,0,390.200
3242,4647,2,680,4080,2736,4096,0,86,0,477.700
3243,4648,2,713,4281,2736,4096,400,86,0,535.900
3244,4649,2,661,3966,2736,4096,0,86,0,386.600
3245,4650,2,694,4164,2736,4096,400,86,0,605.800
3246,4651,2,614,3684,2736,4096,0,86,0,610.700
3247,4652,2,585,3510,2736,4096,400,86,0,581.600
3248,4653,2,593,3558,2736,4096,0,86,0,577.600
3249,4654,2,559,3354,2736,4096,400,86,0,440.200
3250,4655,2,648,3888,2736,4096,0,86,0,437.800
3251,4656,2,582,3492,2736,4096,400,86,0,522.900
3252,4657,2,556,3336,2736,4096,0,86,0,583.900
3253,4658,2,534,3207,2736,4096,400,86,0,517.700
3254,4659,2,588,3528,2736,4096,0,86,0,411.700
3255,4660,2,705,4230,2736,4096,400,86,0,476.500
3256,4661,2,719,4314,2736,4096,0,86,0,497.700
3257,4662,2,724,4344,2736,4096,400,86,0,462.700
3258,4663,2,692,4152,2736,4096,0,86,0,445.400
3259,4664,2,728,4368,2736,4096,400,86,0,503.200
3260,4665,2,722,4332,2736,4096,0,86,0,456.400
3261,4666,2,741,4443,2736,4096,400,86,0,475.600
3262,4667,2,713,4278,2736,4096,0,86,0,492.700
3263,4668,2,723,4341,2736,4096,400,86,0,657.600
3264,4669,2,659,3954,2736,4096,0,86,0,547.900
3265,4670,2,725,4350,2736,4096,400,86,0,736.600
3266,4671,2,709,4254,2736,4096,0,86,0,467.200
3267,4672,2,720,4320,2736,4096,400,86,0,557.200
3268,4673,2,705,4230,2736,4096,0,86,0,388.500
3269,4674,2,642,3852,2736,4096,400,86,0,459.200
3270,4675,2,596,3576,2736,4096,0,86,0,437.100
3271,4676,2,598,3588,2736,4096,400,86,0,431.700
3272,4677,2,620,3720,2736,4096,0,86,0,458.100
3273,4678,2,591,3546,2736,4096,400,86,0,394.300
3274,4679,2,578,3468,2736,4096,0,86,0,544.400
3275,4680,2,539,3234,2736,4096,400,86,0,681.200
3276,4681,2,532,3192,2736,4096,0,86,0,488.400
3277,4682,2,448,2688,2736,4096,400,86,0,462.700
3278,4683,2,464,2784,2736,4096,0,86,0,559.100
3279,4684,2,400,2400,2736,4096,400,86,0,522.500
3280,4685,2,403,2418,2736,4096,0,86,0,428.100
3281,4686,2,373,2238,2736,4096,400,86,0,339.300
3282,4687,2,352,2112,2736,4096,0,86,0,523.300
3283,4688,2,338,2028,2736,4096,400,86,0,522.300
3284,4689,2,336,2016,2736,4096,0,86,0,428.000
3285,4690,2,279,1674,2736,4096,400,86,0,402.300
3286,4691,2,306,1836,2736,4096,0,86,0,398.600
3287,4692,2,268,1608,2736,4096,400,86,0,320.700
3288,4693,2,236,1416,2736,4096,0,86,0,410.500
3289,4694,2,215,1290,2736,4096,400,86,0,456.400
3290,4695,2,212,1272,2736,4096,0,86,0,505.200
3291,4696,2,196,1176,2736,4096,400,86,0,466.900
3292,4697,2,185,1110,2736,4096,0,86,0,641.800
3293,4698,2,146,876,2736,4096,400,86,0,406.600
3294,4699,2,132,792,2736,4096,0,86,0,377.400
3295,4700,2,87,522,2736,4096,400,86,0,291.600
3296,4701,2,81,486,2736,4096,0,86,0,627.100
3297,4702,2,17,102,2736,4096,400,86,0,491.200
3298,4703,2,46,276,2736,4096,0,86,0,344.600
3299,4704,2,40,240,2736,4096,400,86,0,422.100
3300,4705,2,36,216,2736,4096,0,86,0,454.900
3301,4706,2,6,36,2736,4096,400,86,0,394.900
3302,4707,2,6,36,2736,4096,0,86,0,376.200
3303,4708,2,6,36,2736,4096,400,86,0,537.600
3304,4709,2,0,0,2736,4096,0,86,0,277.500
3305,4710,2,0,0,2736,4096,400,86,0,343.900
3306,4711,2,0,0,2736,4096,0,86,0,210.500
3307,4712,2,6,36,2736,4096,400,86,0,387.900
3308,4713,2,6,36,2736,4096,0,86,0,436.300
3309,4714,2,6,36,2736,4096,400,86,0,569.500
3310,4715,2,0,0,2736,4096,0,86,0,328.600
3311,4716,2,37,222,2736,4096,400,86,0,349.000
3312,4717,2,37,222,2736,4096,0,86,0,331.000
3313,4718,2,43,258,2736,4096,400,86,0,295.200
3314,4719,2,43,258,2736,4096,0,86,0,580.800
3315,4720,2,43,258,2736,4096,400,86,0,368.200
3316,4721,2,43,258,2736,4096,0,86,0,378.100
3317,4722,2,37,222,2736,4096,400,86,0,326.200
3318,4723,2,0,0,2736,4096,0,86,0,380.600
3319,4724,2,0,0,2736,4096,400,86,0,285.500
3320,4725,2,6,36,2736,4096,0,86,0,434.000
3321,4726,2,6,36,2736,4096,400,86,0,385.000
3322,4727,2,6,36,2736,4096,0,86,0,397.700
3323,4728,2,6,36,2736,4096,400,86,0,540.300
3324,4729,2,6,36,2736,4096,0,86,0,431.700
3325,4730,2,0,0,2736,4096,400,86,0,420.700
3326,4731,2,0,0,2736,4096,0,86,0,326.800
3327,4732,2,0,0,2736,4096,400,86,0,366.900
3328,4733,2,0,0,2736,4096,0,86,0,300.100
3329,4734,2,0,0,2736,4096,400,86,0,740.600
3330,4735,2,0,0,2736,4096,0,86,0,387.800
3331,4736,2,0,0,2736,4096,400,86,0,320.000
3332,4737,2,0,0,2736,4096,0,86,0,250.900
3333,4738,2,0,0,2736,4096,400,86,0,332.800
3334,4739,2,0,0,2736,4096,0,86,0,387.200
3335,4740,2,0,0,2736,4096,400,86,0,525.600
3336,4741,2,2,12,2736,4096,0,86,0,481.500
3337,4742,2,3,18,2736,4096,400,86,0,459.700
3338,4743,2,3,18,2736,4096,0,86,0,331.000
3339,4744,2,4,24,2736,4096,400,86,0,456.100
3340,4745,2,4,24,2736,4096,0,86,0,583.600
3341,4746,2,5,30,2736,4096,400,86,0,391.900
3342,4747,2,36,216,2736,4096,0,86,0,418.100
3343,4748,2,0,0,2736,4096,400,86,0,197.000
3344,4749,2,0,0,2736,4096,0,86,0,322.900
3345,4750,2,8,51,2736,4096,400,86,0,377.600
3346,4751,2,39,234,2736,4096,0,86,0,448.600
3347,4752,2,76,456,2736,4096,400,86,0,406.200
3348,4753,2,76,456,2736,4096,0,86,0,499.100
3349,4754,2,84,507,2736,4096,400,86,0,392.100
3350,4755,2,37,222,2736,4096,0,86,0,460.600
3351,4756,2,37,222,2736,4096,400,86,0,426.400
3352,4757,2,37,222,2736,4096,0,86,0,337.200
3353,4758,2,0,0,2736,4096,400,86,0,268.500
3354,4759,2,0,0,2736,4096,0,86,0,363.100
3355,4760,2,0,0,2736,4096,400,86,0,313.700
3356,4761,2,0,0,2736,4096,0,86,0,270.400
3357,4762,2,0,0,2736,4096,400,86,0,338.300
3358,4763,2,0,0,2736,4096,0,86,0,295.500
3359,4764,2,0,0,2736,4096,400,86,0,276.800
3360,4765,2,0,0,2736,4096,0,86,0,209.100
3361,4766,2,0,0,2736,4096,400,86,0,318.100
3362,4767,2,0,0,2736,4096,0,86,0,297.700
3363,4768,2,0,0,2736,4096,400,86,0,218.000
3364,4769,2,0,0,2736,4096,0,86,0,314.300
3365,4770,2,0,0,2736,4096,400,86,0,167.700
3366,4771,2,0,0,2736,4096,0,86,0,295.600
3367,4772,2,0,0,2736,4096,400,86,0,250.400
3368,4773,2,0,0,2736,4096,0,86,0,433.100
3369,4774,2,37,222,2736,4096,400,86,0,334.000
3370,4775,2,35,210,2736,4096,0,86,0,442.700
3371,4776,2,4,24,2736,4096,400,86,0,457.200
3372,4777,2,4,24,2736,4096,0,86,0,364.000
3373,4778,2,4,24,2736,4096,400,86,0,466.900
3374,4779,2,4,24,2736,4096,0,86,0,466.000
3375,4781,2,4,24,2736,4096,400,86,0,447.800
3376,4783,2,4,24,2736,4096,0,86,0,311.700
3377,4784,2,33,198,2736,4096,400,86,0,386.600
3378,4785,2,27,162,2736,4096,0,86,0,725.400
3379,4786,2,27,162,2736,4096,400,86,0,602.700
3380,4787,2,27,162,2736,4096,0,86,0,379.800
3381,4788,2,8,48,2736,4096,400,86,0,289.900
3382,4789,2,14,84,2736,4096,0,86,0,298.200
3383,4790,2,20,120,2736,4096,400,86,0,317.300
3384,4791,2,42,255,2736,4096,0,86,0,472.800
3385,4792,2,24,144,2736,4096,400,86,0,358.200
3386,4793,2,30,180,2736,4096,0,86,0,384.600
3387,4794,2,50,300,2736,4096,400,86,0,437.300
3388,4795,2,52,312,2736,4096,0,86,0,507.900
3389,4796,2,62,372,2736,4096,400,86,0,372.100
3390,4797,2,82,492,2736,4096,0,86,0,377.000
3391,4798,2,88,528,2736,4096,400,86,0,377.600
3392,4799,2,131,786,2736,4096,0,86,0,531.900
3393,4800,2,129,774,2736,4096,400,86,0,729.300
3394,4801,2,145,870,2736,4096,0,86,0,539.400
3395,4802,2,144,864,2736,4096,400,86,0,564.500
3396,4803,2,150,900,2736,4096,0,86,0,516.000
3397,4804,2,143,858,2736,4096,400,86,0,450.900
3398,4805,2,177,1065,2736,4096,0,86,0,438.500
3399,4806,2,176,1059,2736,4096,400,86,0,412.000
3400,4807,2,124,744,2736,4096,0,86,0,367.900
3401,4808,2,136,816,2736,4096,400,86,0,353.300
3402,4809,2,136,816,2736,4096,0,86,0,396.600
3403,4810,2,136,816,2736,4096,400,86,0,518.700
3404,4811,2,136,816,2736,4096,0,86,0,473.000
3405,4812,2,136,816,2736,4096,400,86,0,308.900
3406,4813,2,136,816,2736,4096,0,86,0,422.400
3407,4814,2,136,816,2736,4096,400,86,0,394.500
3408,4815,2,221,1326,2736,4096,0,86,0,457.900
3409,4816,2,221,1326,2736,4096,400,86,0,571.200
3410,4817,2,220,1320,2736,4096,0,86,0,421.900
3411,4818,2,217,1302,2736,4096,400,86,0,396.200
3412,4819,2,218,1308,2736,4096,0,86,0,395.000
3413,4820,2,236,1416,2736,4096,400,86,0,464.700
3414,4821,2,243,1458,2736,4096,0,86,0,447.900
3415,4822,2,243,1458,2736,4096,400,86,0,408.100
3416,4823,2,243,1458,2736,4096,0,86,0,464.300
3417,4824,2,243,1458,2736,4096,400,86,0,429.500
3418,4825,2,252,1512,2736,4096,0,86,0,469.100
3419,4826,2,254,1524,2736,4096,400,86,0,347.800
3420,4827,2,253,1518,2736,4096,0,86,0,435.400
3421,4828,2,254,1524,2736,4096,400,86,0,498.600
3422,4829,2,257,1542,2736,4096,0,86,0,398.900
3423,4830,2,257,1542,2736,4096,400,86,0,369.700
3424,4831,2,169,1014,2736,4096,0,86,0,438.900
3425,4832,2,169,1014,2736,4096,400,86,0,443.300
3426,4833,2,157,942,2736,4096,0,86,0,377.300
3427,4834,2,157,942,2736,4096,400,86,0,398.300
3428,4835,2,157,942,2736,4096,0,86,0,439.100
3429,4836,2,173,1038,2736,4096,400,86,0,436.500
3430,4837,2,156,936,2736,4096,0,86,0,512.300
3431,4838,2,156,936,2736,4096,400,86,0,440.900
3432,4839,2,248,1488,2736,4096,0,86,0,375.000
3433,4840,2,241,1446,2736,4096,400,86,0,325.000
3434,4841,2,245,1470,2736,4096,0,86,0,421.300
3435,4842,2,240,1440,2736,4096,400,86,0,437.000
3436,4843,2,240,1440,2736,4096,0,86,0,414.100
3437,4844,2,240,1440,2736,4096,400,86,0,404.600
3438,4845,2,232,1392,2736,4096,0,86,0,319.000
3439,4846,2,218,1308,2736,4096,400,86,0,427.200
3440,4847,2,251,1506,2736,4096,0,86,0,432.600
3441,4848,2,250,1500,2736,4096,400,86,0,328.400
3442,4849,2,249,1494,2736,4096,0,86,0,403.900
3443,4850,2,241,1446,2736,4096,400,86,0,389.700
3444,4851,2,250,1506,2736,4096,0,86,0,399.600
3445,4852,2,258,1554,2736,4096,400,86,0,424.300
3446,4853,2,227,1362,2736,4096,0,86,0,366.100
3447,4854,2,319,1914,2736,4096,400,86,0,342.100
3448,4855,2,315,1890,2736,4096,0,86,0,392.000
3449,4856,2,323,1938,2736,4096,400,86,0,544.600
3450,4857,2,333,1998,2736,4096,0,86,0,338.300
3451,4858,2,375,2250,2736,4096,400,86,0,367.900
3452,4859,2,368,2208,2736,4096,0,86,0,494.700
3453,4860,2,368,2208,2736,4096,400,86,0,650.400
3454,4861,2,368,2208,2736,4096,0,86,0,505.700
3455,4862,2,366,2196,2736,4096,400,86,0,456.300
3456,4863,2,362,2172,2736,4096,0,86,0,525.500
3457,4864,2,361,2166,2736,4096,400,86,0,567.500
3458,4865,2,361,2166,2736,4096,0,86,0,443.700
3459,4866,2,345,2070,2736,4096,400,86,0,494.800
3460,4867,2,345,2070,2736,4096,0,86,0,466.800
3461,4868,2,363,2178,2736,4096,400,86,0,654.500
3462,4869,2,356,2136,2736,4096,0,86,0,413.500
3463,4870,2,277,1662,2736,4096,400,86,0,398.500
3464,4871,2,277,1662,2736,4096,0,86,0,435.300
3465,4872,2,273,1638,2736,4096,400,86,0,411.900
3466,4873,2,298,1788,2736,4096,0,86,0,692.400
3467,4874,2,291,1746,2736,4096,400,86,0,320.100
3468,4876,2,289,1734,2736,4096,0,86,0,692.600
3469,4877,2,288,1728,2736,4096,400,86,0,462.200
3470,4878,2,215,1290,2736,4096,0,86,0,535.800
3471,4879,2,215,1290,2736,4096,400,86,0,442.000
3472,4880,2,215,1290,2736,4096,0,86,0,365.300
3473,4881,2,219,1314,2736,4096,400,86,0,326.500
3474,4882,2,219,1314,2736,4096,0,86,0,331.700
3475,4883,2,219,1314,2736,4096,400,86,0,350.600
3476,4884,2,211,1266,2736,4096,0,86,0,311.100
3477,4885,2,218,1308,2736,4096,400,86,0,344.300
3478,4886,2,211,1266,2736,4096,0,86,0,345.200
3479,4887,2,211,1266,2736,4096,400,86,0,387.300
3480,4888,2,211,1266,2736,4096,0,86,0,349.400
3481,4889,2,211,1266,2736,4096,400,86,0,501.000
3482,4890,2,220,1320,2736,4096,0,86,0,395.700
3483,4891,2,219,1314,2736,4096,400,86,0,353.800
3484,4892,2,211,1266,2736,4096,0,86,0,336.400
3485,4893,2,211,1266,2736,4096,400,86,0,353.500
3486,4894,2,211,1266,2736,4096,0,86,0,333.900
3487,4895,2,211,1266,2736,4096,400,86,0,350.300
3488,4896,2,211,1266,2736,4096,0,86,0,512.900
3489,4897,2,211,1266,2736,4096,400,86,0,287.800
3490,4898,2,229,1374,2736,4096,0,86,0,375.000
3491,4899,2,226,1356,2736,4096,400,86,0,402.100
3492,4900,2,239,1434,2736,4096,0,86,0,354.100
3493,4901,2,255,1530,2736,4096,400,86,0,366.900
3494,4902,2,262,1572,2736,4096,0,86,0,424.300
3495,4903,2,255,1530,2736,4096,400,86,0,396.700
3496,4904,2,255,1530,2736,4096,0,86,0,342.300
3497,4905,2,255,1530,2736,4096,400,86,0,392.600
3498,4906,2,336,2016,2736,4096,0,86,0,548.400
3499,4907,2,312,1872,2736,4096,400,86,0,335.100
3500,4908,2,314,1884,2736,4096,0,86,0,525.900
3501,4909,2,305,1830,2736,4096,400,86,0,338.600
3502,4910,2,304,1824,2736,4096,0,86,0,448.900
3503,4911,2,307,1842,2736,4096,400,86,0,394.200
3504,4912,2,306,1836,2736,4096,0,86,0,418.600
3505,4913,2,305,1830,2736,4096,400,86,0,507.700
3506,4914,2,316,1896,2736,4096,0,86,0,428.000
3507,4915,2,325,1950,2736,4096,400,86,0,577.900
3508,4916,2,324,1944,2736,4096,0,86,0,380.700
3509,4917,2,300,1800,2736,4096,400,86,0,444.400
3510,4918,2,305,1830,2736,4096,0,86,0,484.900
3511,4919,2,304,1824,2736,4096,400,86,0,383.400
3512,4920,2,306,1833,2736,4096,0,86,0,485.200
3513,4921,2,303,1815,2736,4096,400,86,0,337.600
3514,4922,2,303,1815,2736,4096,0,86,0,432.700
3515,4923,2,296,1776,2736,4096,400,86,0,411.900
3516,4924,2,315,1890,2736,4096,0,86,0,468.800
3517,4925,2,313,1878,2736,4096,400,86,0,435.700
3518,4926,2,305,1830,2736,4096,0,86,0,484.200
3519,4927,2,306,1836,2736,4096,400,86,0,440.500
3520,4928,2,401,2406,2736,4096,0,86,0,354.700
3521,4929,2,321,1926,2736,4096,400,86,0,515.200
3522,4930,2,321,1926,2736,4096,0,86,0,432.200
3523,4931,2,345,2073,2736,4096,400,86,0,353.500
3524,4932,2,334,2004,2736,4096,0,86,0,462.900
3525,4933,2,336,2016,2736,4096,400,86,0,296.400
3526,4934,2,329,1974,2736,4096,0,86,0,449.600
3527,4935,2,344,2064,2736,4096,400,86,0,418.500
3528,4936,2,333,1998,2736,4096,0,86,0,381.600
3529,4937,2,336,2016,2736,4096,400,86,0,439.700
3530,4938,2,345,2070,2736,4096,0,86,0,416.400
3531,4939,2,346,2076,2736,4096,400,86,0,431.900
3532,4940,2,353,2118,2736,4096,0,86,0,341.000
3533,4941,2,366,2196,2736,4096,400,86,0,408.800
3534,4942,2,339,2034,2736,4096,0,86,0,275.400
3535,4943,2,339,2034,2736,4096,400,86,0,399.000
3536,4944,2,349,2094,2736,4096,0,86,0,384.300
3537,4945,2,335,2010,2736,4096,400,86,0,405.400
3538,4946,2,343,2058,2736,4096,0,86,0,445.000
3539,4947,2,337,2022,2736,4096,400,86,0,323.400
3540,4948,2,355,2130,2736,4096,0,86,0,371.200
3541,4949,2,366,2193,2736,4096,400,86,0,386.100
3542,4950,2,350,2100,2736,4096,0,86,0,505.100
3543,4951,2,366,2196,2736,4096,400,86,0,406.300
3544,4952,2,359,2154,2736,4096,0,86,0,368.700
3545,4953,2,339,2034,2736,4096,400,86,0,410.300
3546,4954,2,339,2034,2736,4096,0,86,0,354.000
3547,4955,2,339,2034,2736,4096,400,86,0,367.400
3548,4956,2,340,2040,2736,4096,0,86,0,402.900
3549,4957,2,347,2082,2736,4096,400,86,0,401.100
3550,4958,2,340,2040,2736,4096,0,86,0,399.100
3551,4959,2,341,2046,2736,4096,400,86,0,338.800
3552,4960,2,330,1980,2736,4096,0,86,0,409.700
3553,4961,2,349,2094,2736,4096,400,86,0,387.200
3554,4962,2,349,2094,2736,4096,0,86,0,424.500
3555,4963,2,346,2076,2736,4096,400,86,0,383.900
3556,4964,2,347,2082,2736,4096,0,86,0,478.600
3557,4965,2,304,1824,2736,4096,400,86,0,330.100
3558,4966,2,298,1788,2736,4096,0,86,0,400.200
3559,4967,2,311,1866,2736,4096,400,86,0,319.900
3560,4968,2,313,1878,2736,4096,0,86,0,452.400
3561,4969,2,321,1926,2736,4096,400,86,0,401.700
3562,4970,2,320,1920,2736,4096,0,86,0,565.100
3563,4971,2,319,1914,2736,4096,400,86,0,455.100
3564,4972,2,298,1788,2736,4096,0,86,0,369.200
3565,4973,2,299,1794,2736,4096,400,86,0,486.100
3566,4974,2,296,1776,2736,4096,0,86,0,411.300
3567,4975,2,289,1734,2736,4096,400,86,0,355.000
3568,4976,2,267,1602,2736,4096,0,86,0,337.300
3569,4977,2,262,1572,2736,4096,400,86,0,365.200
3570,4978,2,278,1668,2736,4096,0,86,0,438.400
3571,4979,2,279,1674,2736,4096,400,86,0,324.400
3572,4980,2,275,1650,2736,4096,0,86,0,454.800
3573,4981,2,275,1650,2736,4096,400,86,0,349.100
3574,4982,2,281,1686,2736,4096,0,86,0,481.100
3575,4983,2,282,1692,2736,4096,400,86,0,357.500
3576,4984,2,274,1644,2736,4096,0,86,0,475.500
3577,4985,2,273,1638,2736,4096,400,86,0,397.200
3578,4986,2,267,1602,2736,4096,0,86,0,309.400
3579,4987,2,259,1554,2736,4096,400,86,0,330.800
3580,4988,2,181,1086,2736,4096,0,86,0,273.100
3581,4989,2,179,1074,2736,4096,400,86,0,356.400
3582,4990,2,179,1074,2736,4096,0,86,0,318.100
3583,4991,2,185,1110,2736,4096,400,86,0,285.400
3584,4992,2,225,1350,2736,4096,0,86,0,353.300
3585,4993,2,213,1278,2736,4096,400,86,0,224.100
3586,4994,2,194,1164,2736,4096,0,86,0,251.100
3587,4995,2,197,1182,2736,4096,400,86,0,345.100
3588,4996,2,221,1326,2736,4096,0,86,0,297.800
3589,4997,2,229,1374,2736,4096,400,86,0,333.200
3590,4998,2,233,1398,2736,4096,0,86,0,383.200
3591,4999,2,241,1443,2736,4096,400,86,0,350.200
3592,5000,2,239,1434,2736,4096,0,86,0,303.100
3593,5001,2,228,1368,2736,4096,400,86,0,289.200
3594,5002,2,228,1368,2736,4096,0,86,0,272.400
3595,5003,2,230,1380,2736,4096,400,86,0,375.400
3596,5004,2,210,1260,2736,4096,0,86,0,288.400
3597,5005,2,197,1182,2736,4096,400,86,0,356.500
3598,5006,2,192,1152,2736,4096,0,86,0,367.800
3599,5007,2,194,1164,2736,4096,400,86,0,319.500
3600,5008,2,194,1164,2736,4096,0,86,0,310.700
3601,5009,2,164,984,2736,4096,400,86,0,276.300
3602,5010,2,132,792,2736,4096,0,86,0,346.300
3603,5011,2,150,900,2736,4096,400,86,0,384.300
3604,5012,2,156,936,2736,4096,0,86,0,278.500
3605,5013,2,144,864,2736,4096,400,86,0,416.600
3606,5014,2,164,984,2736,4096,0,86,0,268.800
3607,5015,2,158,948,2736,4096,400,86,0,353.600
3608,5016,2,158,948,2736,4096,0,86,0,452.700
3609,5017,2,154,924,2736,4096,400,86,0,268.200
3610,5018,2,140,840,2736,4096,0,86,0,506.400
3611,5019,2,141,846,2736,4096,400,86,0,252.300
3612,5020,2,141,846,2736,4096,0,86,0,313.800
3613,5021,2,134,804,2736,4096,400,86,0,250.100
3614,5022,2,173,1038,2736,4096,0,86,0,427.500
3615,5023,2,189,1134,2736,4096,400,86,0,455.200
3616,5024,2,185,1110,2736,4096,0,86,0,315.500
3617,5025,2,170,1020,2736,4096,400,86,0,326.100
3618,5026,2,179,1074,2736,4096,0,86,0,382.900
3619,5027,2,198,1188,2736,4096,400,86,0,260.300
3620,5028,2,201,1206,2736,4096,0,86,0,362.300
3621,5030,2,244,1464,2736,4096,400,86,0,416.600
3622,5032,2,453,2718,2736,4096,0,86,0,415.900
3623,5033,2,453,2718,2736,4096,400,86,0,366.600
3624,5034,2,414,2484,2736,4096,0,86,0,408.700
3625,5035,2,414,2484,2736,4096,400,86,0,449.200
3626,5036,2,416,2496,2736,4096,0,86,0,297.400
3627,5037,2,386,2316,2736,4096,400,86,0,326.600
3628,5038,2,614,3684,2736,4096,0,86,0,383.200
3629,5039,2,598,3588,2736,4096,400,86,0,328.900
3630,5040,2,614,3684,2736,4096,0,86,0,452.900
3631,5041,2,639,3834,2736,4096,400,86,0,446.900
3632,5042,2,635,3813,2736,4096,0,86,0,346.900
3633,5043,2,403,2421,2736,4096,400,86,0,400.200
3634,5044,2,402,2415,2736,4096,0,86,0,632.700
3635,5045,2,380,2283,2736,4096,400,86,0,444.500
3636,5046,2,356,2139,2736,4096,0,86,0,439.000
3637,5047,2,431,2589,2736,4096,400,86,0,469.100
3638,5048,2,196,1179,2736,4096,0,86,0,450.300
3639,5049,2,218,1311,2736,4096,400,86,0,395.000
3640,5050,2,236,1419,2736,4096,0,86,0,454.900
3641,5051,2,410,2463,2736,4096,400,86,0,509.600
3642,5052,2,427,2565,2736,4096,0,86,0,468.600
3643,5053,2,433,2601,2736,4096,400,86,0,512.800
3644,5054,2,603,3621,2736,4096,0,86,0,440.600
3645,5055,2,674,4047,2736,4096,400,86,0,418.200
3646,5056,2,753,4521,2736,4096,0,86,0,417.100
3647,5057,2,815,4893,2736,4096,400,86,0,620.300
3648,5058,2,951,5709,2736,4096,0,86,0,505.000
3649,5059,2,990,5943,2736,4096,400,86,0,522.200
3650,5060,2,1042,6252,2736,4096,0,86,0,438.000
3651,5061,2,1047,6282,2736,4096,400,86,0,516.800
3652,5062,2,930,5580,2736,4096,0,86,0,547.900
3653,5063,2,881,5286,2736,4096,400,86,0,441.900
3654,5064,2,595,3573,2736,4096,0,86,0,449.500
3655,5065,2,669,4014,2736,4096,400,86,0,493.200
3656,5066,2,778,4668,2736,4096,0,86,0,555.600
3657,5067,2,767,4602,2736,4096,400,86,0,550.500
3658,5068,2,718,4308,2736,4096,0,86,0,623.900
3659,5069,2,684,4104,2736,4096,400,86,0,436.500
3660,5070,2,611,3666,2736,4096,0,86,0,545.000
3661,5071,2,578,3468,2736,4096,400,86,0,640.700
3662,5072,2,522,3132,2736,4096,0,86,0,535.300
3663,5073,2,409,2454,2736,4096,400,86,0,496.500
3664,5074,2,432,2592,2736,4096,0,86,0,375.800
3665,5075,2,408,2448,2736,4096,400,86,0,460.000
3666,5076,2,360,2160,2736,4096,0,86,0,332.800
3667,5077,2,301,1806,2736,4096,400,86,0,658.700
3668,5078,2,255,1530,2736,4096,0,86,0,552.200
3669,5079,2,217,1302,2736,4096,400,86,0,355.600
3670,5080,2,160,960,2736,4096,0,86,0,401.800
3671,5081,2,100,600,2736,4096,400,86,0,522.100
3672,5082,2,82,492,2736,4096,0,86,0,450.700
3673,5083,2,50,300,2736,4096,400,86,0,454.600
3674,5084,2,31,186,2736,4096,0,86,0,422.100
3675,5085,2,30,180,2736,4096,400,86,0,336.300
3676,5086,2,35,210,2736,4096,0,86,0,563.900
3677,5087,2,30,180,2736,4096,400,86,0,457.000
3678,5088,2,22,132,2736,4096,0,86,0,347.200
3679,5089,2,22,132,2736,4096,400,86,0,526.100
3680,5090,2,20,120,2736,4096,0,86,0,382.500
3681,5091,2,15,90,2736,4096,400,86,0,432.400
3682,5092,2,15,90,2736,4096,0,86,0,385.200
3683,5093,2,15,90,2736,4096,400,86,0,448.500
3684,5094,2,27,165,2736,4096,0,86,0,322.500
3685,5095,2,11,66,2736,4096,400,86,0,943.000
3686,5096,2,2,12,2736,4096,0,86,0,355.700
3687,5097,2,0,0,2736,4096,400,86,0,270.800
3688,5098,2,0,0,2736,4096,0,86,0,322.200
3689,5099,2,0,0,2736,4096,400,86,0,315.900
3690,5100,2,0,0,2736,4096,0,86,0,586.400
3691,5101,2,0,0,2736,4096,400,86,0,349.400
3692,5102,2,0,0,2736,4096,0,86,0,344.600
3693,5103,2,8,48,2736,4096,400,86,0,411.200
3694,5104,2,8,48,2736,4096,0,86,0,421.900
3695,5105,2,8,48,2736,4096,400,86,0,474.000
3696,5106,2,8,48,2736,4096,0,86,0,385.800
3697,5107,2,16,96,2736,4096,400,86,0,486.800
3698,5108,2,8,48,2736,4096,0,86,0,395.700
3699,5109,2,8,48,2736,4096,400,86,0,477.500
3700,5110,2,8,48,2736,4096,0,86,0,370.100
3701,5111,2,20,120,2736,4096,400,86,0,482.200
3702,5112,2,8,48,2736,4096,0,86,0,458.400
3703,5113,2,16,96,2736,4096,400,86,0,370.400
3704,5114,2,8,48,2736,4096,0,86,0,421.600
3705,5115,2,8,48,2736,4096,400,86,0,427.700
3706,5116,2,8,48,2736,4096,0,86,0,398.400
3707,5117,2,0,0,2736,4096,400,86,0,353.900
3708,5118,2,0,0,2736,4096,0,86,0,293.700
3709,5119,2,0,0,2736,4096,400,86,0,292.800
3710,5120,2,0,0,2736,4096,0,86,0,343.800
3711,5121,2,0,0,2736,4096,400,86,0,256.800
3712,5122,2,0,0,2736,4096,0,86,0,302.500
3713,5123,2,0,0,2736,4096,400,86,0,251.400
3714,5124,2,8,48,2736,4096,0,86,0,359.100
3715,5125,2,8,48,2736,4096,400,86,0,349.400
3716,5126,2,8,48,2736,4096,0,86,0,449.900
3717,5127,2,8,48,2736,4096,400,86,0,437.900
3718,5128,2,0,0,2736,4096,0,86,0,337.600
3719,5129,2,2,12,2736,4096,400,86,0,478.200
3720,5130,2,0,0,2736,4096,0,86,0,332.800
3721,5131,2,0,0,2736,4096,400,86,0,258.400
3722,5132,2,0,0,2736,4096,0,86,0,338.600
3723,5133,2,0,0,2736,4096,400,86,0,309.200
3724,5134,2,0,0,2736,4096,0,86,0,271.600
3725,5135,2,3,18,2736,4096,400,86,0,413.800
3726,5136,2,3,18,2736,4096,0,86,0,311.300
3727,5137,2,11,66,2736,4096,400,86,0,489.700
3728,5138,2,11,66,2736,4096,0,86,0,586.800
3729,5139,2,11,66,2736,4096,400,86,0,352.000
3730,5140,2,10,60,2736,4096,0,86,0,348.600
3731,5141,2,10,60,2736,4096,400,86,0,286.200
3732,5142,2,0,0,2736,4096,0,86,0,467.500
3733,5143,2,0,0,2736,4096,400,86,0,303.500
3734,5144,2,2,12,2736,4096,0,86,0,368.200
3735,5145,2,2,12,2736,4096,400,86,0,333.800
3736,5146,2,2,12,2736,4096,0,86,0,419.200
3737,5147,2,10,60,2736,4096,400,86,0,311.300
3738,5148,2,10,60,2736,4096,0,86,0,401.200
3739,5149,2,8,48,2736,4096,400,86,0,398.100
3740,5150,2,0,0,2736,4096,0,86,0,252.000
3741,5151,2,0,0,2736,4096,400,86,0,302.400
3742,5152,2,0,0,2736,4096,0,86,0,417.300
3743,5153,2,0,0,2736,4096,400,86,0,621.900
3744,5154,2,0,0,2736,4096,0,86,0,341.100
3745,5155,2,0,0,2736,4096,400,86,0,316.800
3746,5156,2,85,510,2736,4096,0,86,0,364.500
3747,5157,2,94,564,2736,4096,400,86,0,414.500
3748,5158,2,93,558,2736,4096,0,86,0,460.100
3749,5159,2,92,552,2736,4096,400,86,0,470.700
3750,5160,2,85,510,2736,4096,0,86,0,737.300
3751,5161,2,93,558,2736,4096,400,86,0,405.900
3752,5162,2,86,516,2736,4096,0,86,0,360.600
3753,5163,2,86,516,2736,4096,400,86,0,483.600
3754,5164,2,0,0,2736,4096,0,86,0,315.900
3755,5165,2,0,0,2736,4096,400,86,0,319.500
3756,5166,2,0,0,2736,4096,0,86,0,206.200
3757,5167,2,8,48,2736,4096,400,86,0,327.000
3758,5168,2,8,48,2736,4096,0,86,0,397.400
3759,5169,2,0,0,2736,4096,400,86,0,246.800
3760,5170,2,81,486,2736,4096,0,86,0,409.600
3761,5171,2,78,468,2736,4096,400,86,0,362.300
3762,5172,2,80,480,2736,4096,0,86,0,348.500
3763,5173,2,80,480,2736,4096,400,86,0,459.800
3764,5174,2,0,0,2736,4096,0,86,0,305.100
3765,5175,2,0,0,2736,4096,400,86,0,234.600
3766,5176,2,8,48,2736,4096,0,86,0,477.800
3767,5177,2,8,48,2736,4096,400,86,0,330.300
3768,5178,2,8,48,2736,4096,0,86,0,351.700
3769,5179,2,0,0,2736,4096,400,86,0,259.300
3770,5180,2,7,42,2736,4096,0,86,0,496.600
3771,5181,2,0,0,2736,4096,400,86,0,253.400
3772,5182,2,0,0,2736,4096,0,86,0,272.900
3773,5183,2,12,72,2736,4096,400,86,0,334.800
3774,5184,2,12,72,2736,4096,0,86,0,423.600
3775,5185,2,12,72,2736,4096,400,86,0,393.800
3776,5186,2,21,126,2736,4096,0,86,0,389.400
3777,5187,2,20,120,2736,4096,400,86,0,433.400
3778,5188,2,12,72,2736,4096,0,86,0,432.500
3779,5189,2,12,72,2736,4096,400,86,0,322.200
3780,5190,2,12,72,2736,4096,0,86,0,463.600
3781,5191,2,12,72,2736,4096,400,86,0,389.600
3782,5192,2,12,72,2736,4096,0,86,0,415.300
3783,5193,2,12,72,2736,4096,400,86,0,378.200
3784,5194,2,12,72,2736,4096,0,86,0,317.400
3785,5195,2,20,120,2736,4096,400,86,0,287.200
3786,5197,2,20,120,2736,4096,0,86,0,429.300
3787,5198,2,12,72,2736,4096,400,86,0,386.000
3788,5199,2,19,114,2736,4096,0,86,0,365.600
3789,5200,2,12,72,2736,4096,400,86,0,423.600
3790,5201,2,15,90,2736,4096,0,86,0,535.300
3791,5202,2,15,90,2736,4096,400,86,0,454.400
3792,5203,2,15,90,2736,4096,0,86,0,397.500
3793,5204,2,23,138,2736,4096,400,86,0,384.000
3794,5205,2,23,138,2736,4096,0,86,0,447.300
3795,5206,2,23,138,2736,4096,400,86,0,357.900
3796,5207,2,15,90,2736,4096,0,86,0,433.300
3797,5208,2,15,90,2736,4096,400,86,0,338.000
3798,5209,2,15,90,2736,4096,0,86,0,341.200
3799,5210,2,15,90,2736,4096,400,86,0,313.700
3800,5211,2,23,138,2736,4096,0,86,0,356.500
3801,5212,2,23,138,2736,4096,400,86,0,360.600
3802,5213,2,12,72,2736,4096,0,86,0,383.400
3803,5214,2,23,138,2736,4096,400,86,0,539.900
3804,5215,2,25,150,2736,4096,0,86,0,384.900
3805,5216,2,17,102,2736,4096,400,86,0,504.500
3806,5217,2,17,102,2736,4096,0,86,0,873.000
3807,5218,2,24,144,2736,4096,400,86,0,312.800
3808,5219,2,17,102,2736,4096,0,86,0,349.600
3809,5220,2,17,102,2736,4096,400,86,0,484.200
3810,5221,2,17,102,2736,4096,0,86,0,353.200
3811,5222,2,21,126,2736,4096,400,86,0,535.400
3812,5223,2,33,198,2736,4096,0,86,0,578.300
3813,5224,2,33,198,2736,4096,400,86,0,472.900
3814,5225,2,33,198,2736,4096,0,86,0,447.200
3815,5226,2,25,150,2736,4096,400,86,0,425.100
3816,5227,2,25,150,2736,4096,0,86,0,617.100
3817,5228,2,25,150,2736,4096,400,86,0,517.800
3818,5229,2,25,150,2736,4096,0,86,0,317.000
3819,5230,2,25,150,2736,4096,400,86,0,379.000
3820,5231,2,25,150,2736,4096,0,86,0,357.100
3821,5232,2,33,198,2736,4096,400,86,0,393.100
3822,5233,2,33,198,2736,4096,0,86,0,355.900
3823,5234,2,33,198,2736,4096,400,86,0,292.000
3824,5235,2,25,150,2736,4096,0,86,0,528.600
3825,5236,2,32,192,2736,4096,400,86,0,325.700
3826,5237,2,25,150,2736,4096,0,86,0,349.300
3827,5238,2,25,150,2736,4096,400,86,0,447.500
3828,5239,2,25,150,2736,4096,0,86,0,472.100
3829,5240,2,25,150,2736,4096,400,86,0,334.200
3830,5241,2,33,198,2736,4096,0,86,0,476.300
3831,5242,2,33,198,2736,4096,400,86,0,548.900
3832,5244,2,25,150,2736,4096,0,86,0,478.300
3833,5246,2,25,150,2736,4096,400,86,0,327.600
3834,5247,2,25,150,2736,4096,0,86,0,352.300
3835,5248,2,25,150,2736,4096,400,86,0,423.800
3836,5249,2,25,150,2736,4096,0,86,0,447.500
3837,5250,2,33,198,2736,4096,400,86,0,483.100
3838,5251,2,33,198,2736,4096,0,86,0,555.300
3839,5252,2,33,198,2736,4096,400,86,0,472.500
3840,5253,2,25,150,2736,4096,0,86,0,562.100
3841,5254,2,32,192,2736,4096,400,86,0,347.300
3842,5255,2,25,150,2736,4096,0,86,0,355.000
3843,5256,2,31,186,2736,4096,400,86,0,382.800
3844,5257,2,31,186,2736,4096,0,86,0,349.300
3845,5258,2,31,186,2736,4096,400,86,0,303.800
3846,5259,2,39,234,2736,4096,0,86,0,471.400
3847,5260,2,39,234,2736,4096,400,86,0,387.500
3848,5261,2,45,270,2736,4096,0,86,0,287.000
3849,5262,2,37,222,2736,4096,400,86,0,416.200
3850,5263,2,37,222,2736,4096,0,86,0,491.500
3851,5264,2,37,222,2736,4096,400,86,0,501.900
3852,5265,2,37,222,2736,4096,0,86,0,320.900
3853,5266,2,37,222,2736,4096,400,86,0,461.300
3854,5267,2,39,234,2736,4096,0,86,0,446.600
3855,5268,2,50,300,2736,4096,400,86,0,487.100
3856,5269,2,50,300,2736,4096,0,86,0,416.100
3857,5270,2,43,258,2736,4096,400,86,0,413.500
3858,5271,2,43,258,2736,4096,0,86,0,295.000
3859,5272,2,50,300,2736,4096,400,86,0,532.700
3860,5273,2,43,258,2736,4096,0,86,0,486.000
3861,5274,2,50,300,2736,4096,400,86,0,420.600
3862,5275,2,53,318,2736,4096,0,86,0,472.100
3863,5276,2,53,318,2736,4096,400,86,0,435.300
3864,5277,2,69,414,2736,4096,0,86,0,479.300
3865,5278,2,98,588,2736,4096,400,86,0,495.400
3866,5279,2,90,540,2736,4096,0,86,0,350.000
3867,5280,2,100,600,2736,4096,400,86,0,575.400
3868,5281,2,100,600,2736,4096,0,86,0,354.500
3869,5282,2,100,600,2736,4096,400,86,0,604.400
3870,5283,2,111,666,2736,4096,0,86,0,488.000
3871,5284,2,111,666,2736,4096,400,86,0,387.100
3872,5285,2,119,714,2736,4096,0,86,0,580.900
3873,5286,2,131,786,2736,4096,400,86,0,392.600
3874,5287,2,131,786,2736,4096,0,86,0,458.700
3875,5288,2,123,738,2736,4096,400,86,0,371.300
3876,5289,2,134,804,2736,4096,0,86,0,445.600
3877,5290,2,127,762,2736,4096,400,86,0,511.100
3878,5291,2,127,762,2736,4096,0,86,0,415.000
3879,5292,2,115,690,2736,4096,400,86,0,235.900
3880,5293,2,115,690,2736,4096,0,86,0,567.000
3881,5294,2,123,738,2736,4096,400,86,0,480.400
3882,5295,2,190,1140,2736,4096,0,86,0,469.900
3883,5296,2,182,1092,2736,4096,400,86,0,400.700
3884,5297,2,182,1092,2736,4096,0,86,0,347.400
3885,5298,2,182,1092,2736,4096,400,86,0,409.800
3886,5299,2,182,1092,2736,4096,0,86,0,388.700
3887,5300,2,182,1092,2736,4096,400,86,0,379.800
3888,5301,2,182,1092,2736,4096,0,86,0,375.400
3889,5302,2,190,1140,2736,4096,400,86,0,437.500
3890,5303,2,190,1140,2736,4096,0,86,0,682.100
3891,5304,2,190,1140,2736,4096,400,86,0,424.100
3892,5305,2,182,1092,2736,4096,0,86,0,300.100
3893,5306,2,189,1134,2736,4096,400,86,0,348.400
3894,5307,2,182,1092,2736,4096,0,86,0,357.700
3895,5308,2,182,1092,2736,4096,400,86,0,345.500
3896,5309,2,182,1092,2736,4096,0,86,0,447.900
3897,5310,2,182,1092,2736,4096,400,86,0,357.000
3898,5311,2,190,1140,2736,4096,0,86,0,419.200
3899,5312,2,190,1140,2736,4096,400,86,0,415.500
3900,5313,2,182,1092,2736,4096,0,86,0,405.700
3901,5314,2,170,1020,2736,4096,400,86,0,302.900
3902,5315,2,170,1020,2736,4096,0,86,0,357.900
3903,5316,2,170,1020,2736,4096,400,86,0,359.700
3904,5317,2,170,1020,2736,4096,0,86,0,470.000
3905,5318,2,170,1020,2736,4096,400,86,0,327.000
3906,5319,2,178,1068,2736,4096,0,86,0,441.100
3907,5320,2,178,1068,2736,4096,400,86,0,365.100
3908,5321,2,170,1020,2736,4096,0,86,0,354.900
3909,5322,2,170,1020,2736,4096,400,86,0,512.200
3910,5323,2,177,1062,2736,4096,0,86,0,493.500
3911,5324,2,170,1020,2736,4096,400,86,0,355.200
3912,5325,2,170,1020,2736,4096,0,86,0,332.900
3913,5326,2,170,1020,2736,4096,400,86,0,498.100
3914,5327,2,175,1050,2736,4096,0,86,0,313.600
3915,5328,2,189,1134,2736,4096,400,86,0,475.500
3916,5329,2,188,1128,2736,4096,0,86,0,501.600
3917,5330,2,168,1008,2736,4096,400,86,0,382.200
3918,5331,2,169,1014,2736,4096,0,86,0,436.200
3919,5332,2,169,1014,2736,4096,400,86,0,454.700
3920,5333,2,170,1020,2736,4096,0,86,0,322.600
3921,5334,2,170,1020,2736,4096,400,86,0,505.300
3922,5335,2,170,1020,2736,4096,0,86,0,447.100
3923,5336,2,178,1068,2736,4096,400,86,0,515.200
3924,5337,2,178,1068,2736,4096,0,86,0,396.900
3925,5338,2,234,1404,2736,4096,400,86,0,395.100
3926,5339,2,245,1470,2736,4096,0,86,0,404.900
3927,5340,2,239,1434,2736,4096,400,86,0,808.700
3928,5341,2,243,1458,2736,4096,0,86,0,363.200
3929,5342,2,247,1482,2736,4096,400,86,0,503.700
3930,5343,2,243,1458,2736,4096,0,86,0,653.800
3931,5344,2,251,1506,2736,4096,400,86,0,497.300
3932,5345,2,251,1506,2736,4096,0,86,0,410.200
3933,5346,2,243,1458,2736,4096,400,86,0,523.100
3934,5347,2,243,1458,2736,4096,0,86,0,326.100
3935,5348,2,243,1458,2736,4096,400,86,0,450.800
3936,5349,2,243,1458,2736,4096,0,86,0,494.700
3937,5350,2,240,1440,2736,4096,400,86,0,571.300
3938,5351,2,240,1440,2736,4096,0,86,0,396.100
3939,5352,2,259,1554,2736,4096,400,86,0,476.500
3940,5353,2,259,1554,2736,4096,0,86,0,389.500
3941,5354,2,251,1506,2736,4096,400,86,0,537.900
3942,5355,2,251,1506,2736,4096,0,86,0,475.600
3943,5356,2,254,1524,2736,4096,400,86,0,416.400
3944,5357,2,247,1482,2736,4096,0,86,0,353.400
3945,5358,2,247,1482,2736,4096,400,86,0,457.300
3946,5359,2,247,1482,2736,4096,0,86,0,502.400
3947,5360,2,246,1476,2736,4096,400,86,0,457.300
3948,5361,2,253,1518,2736,4096,0,86,0,419.300
3949,5362,2,253,1518,2736,4096,400,86,0,350.600
3950,5363,2,246,1476,2736,4096,0,86,0,525.500
3951,5364,2,260,1560,2736,4096,400,86,0,457.900
3952,5365,2,260,1560,2736,4096,0,86,0,645.100
3953,5366,2,260,1560,2736,4096,400,86,0,321.800
3954,5367,2,260,1560,2736,4096,0,86,0,401.500
3955,5368,2,257,1542,2736,4096,400,86,0,411.200
3956,5369,2,265,1590,2736,4096,0,86,0,490.200
3957,5370,2,267,1602,2736,4096,400,86,0,349.800
3958,5371,2,259,1554,2736,4096,0,86,0,348.000
3959,5372,2,260,1560,2736,4096,400,86,0,324.000
3960,5373,2,257,1542,2736,4096,0,86,0,330.400
3961,5374,2,257,1542,2736,4096,400,86,0,352.500
3962,5375,2,257,1542,2736,4096,0,86,0,403.700
3963,5376,2,257,1542,2736,4096,400,86,0,467.600
3964,5377,2,264,1584,2736,4096,0,86,0,364.500
3965,5378,2,265,1590,2736,4096,400,86,0,467.200
3966,5379,2,257,1542,2736,4096,0,86,0,711.100
3967,5380,2,261,1566,2736,4096,400,86,0,467.900
3968,5381,2,262,1572,2736,4096,0,86,0,483.700
3969,5382,2,262,1572,2736,4096,400,86,0,431.200
3970,5383,2,263,1578,2736,4096,0,86,0,472.400
3971,5384,2,263,1578,2736,4096,400,86,0,292.400
3972,5385,2,267,1602,2736,4096,0,86,0,476.900
3973,5386,2,275,1650,2736,4096,400,86,0,656.300
3974,5387,2,269,1614,2736,4096,0,86,0,454.200
3975,5388,2,234,1404,2736,4096,400,86,0,531.500
3976,5389,2,247,1482,2736,4096,0,86,0,532.100
3977,5390,2,235,1410,2736,4096,400,86,0,380.700
3978,5391,2,236,1416,2736,4096,0,86,0,385.500
3979,5392,2,261,1566,2736,4096,400,86,0,341.400
3980,5393,2,259,1554,2736,4096,0,86,0,421.300
3981,5394,2,266,1596,2736,4096,400,86,0,439.200
3982,5395,2,266,1596,2736,4096,0,86,0,406.800
3983,5396,2,291,1746,2736,4096,400,86,0,303.100
3984,5397,2,281,1686,2736,4096,0,86,0,411.800
3985,5398,2,273,1638,2736,4096,400,86,0,547.400
3986,5399,2,265,1590,2736,4096,0,86,0,457.700
3987,5400,2,265,1590,2736,4096,400,86,0,519.000
3988,5401,2,351,2106,2736,4096,0,86,0,387.200
3989,5402,2,345,2070,2736,4096,400,86,0,358.500
3990,5403,2,352,2112,2736,4096,0,86,0,426.300
3991,5404,2,342,2052,2736,4096,400,86,0,457.100
3992,5405,2,345,2070,2736,4096,0,86,0,399.900
3993,5406,2,341,2046,2736,4096,400,86,0,406.400
3994,5407,2,347,2082,2736,4096,0,86,0,385.200
3995,5408,2,341,2046,2736,4096,400,86,0,426.400
3996,5409,2,335,2010,2736,4096,0,86,0,361.400
3997,5410,2,335,2010,2736,4096,400,86,0,433.400
3998,5411,2,342,2052,2736,4096,0,86,0,392.200
3999,5412,2,337,2022,2736,4096,400,86,0,432.000
4000,5413,2,331,1986,2736,4096,0,86,0,323.500
4001,5414,2,335,2010,2736,4096,400,86,0,411.000
4002,5415,2,338,2028,2736,4096,0,86,0,416.800
4003,5416,2,355,2130,2736,4096,400,86,0,427.800
4004,5417,2,382,2292,2736,4096,0,86,0,378.500
4005,5418,2,263,1578,2736,4096,400,86,0,274.800
4006,5419,2,271,1626,2736,4096,0,86,0,392.800
4007,5420,2,266,1596,2736,4096,400,86,0,400.100
4008,5421,2,266,1596,2736,4096,0,86,0,435.200
4009,5422,2,274,1644,2736,4096,400,86,0,370.000
4010,5423,2,253,1518,2736,4096,0,86,0,351.500
4011,5424,2,255,1530,2736,4096,400,86,0,350.700
4012,5425,2,253,1518,2736,4096,0,86,0,453.300
4013,5426,2,254,1524,2736,4096,400,86,0,286.300
4014,5427,2,257,1542,2736,4096,0,86,0,577.000
4015,5428,2,222,1332,2736,4096,400,86,0,461.600
4016,5429,2,216,1296,2736,4096,0,86,0,379.300
4017,5430,2,216,1296,2736,4096,400,86,0,386.600
4018,5431,2,229,1374,2736,4096,0,86,0,385.700
4019,5432,2,226,1356,2736,4096,400,86,0,390.900
4020,5433,2,228,1368,2736,4096,0,86,0,325.800
4021,5434,2,236,1416,2736,4096,400,86,0,297.800
4022,5435,2,225,1350,2736,4096,0,86,0,423.400
4023,5436,2,251,1503,2736,4096,400,86,0,382.200
4024,5437,2,245,1470,2736,4096,0,86,0,274.000
4025,5438,2,247,1482,2736,4096,400,86,0,305.200
4026,5439,2,248,1491,2736,4096,0,86,0,406.200
4027,5440,2,242,1452,2736,4096,400,86,0,339.400
4028,5441,2,245,1470,2736,4096,0,86,0,635.700
4029,5442,2,261,1566,2736,4096,400,86,0,386.400
4030,5443,2,266,1596,2736,4096,0,86,0,323.000
4031,5444,2,255,1530,2736,4096,400,86,0,441.900
4032,5445,2,216,1296,2736,4096,0,86,0,325.300
4033,5446,2,223,1338,2736,4096,400,86,0,341.400
4034,5447,2,291,1749,2736,4096,0,86,0,346.800
4035,5448,2,281,1686,2736,4096,400,86,0,365.700
4036,5449,2,337,2022,2736,4096,0,86,0,373.800
4037,5450,2,380,2280,2736,4096,400,86,0,388.800
4038,5451,2,370,2220,2736,4096,0,86,0,451.600
4039,5452,2,348,2088,2736,4096,400,86,0,408.400
4040,5453,2,449,2691,2736,4096,0,86,0,467.200
4041,5454,2,533,3198,2736,4096,400,86,0,379.200
4042,5455,2,551,3309,2736,4096,0,86,0,433.500
4043,5456,2,580,3480,2736,4096,400,86,0,443.400
4044,5457,2,598,3588,2736,4096,0,86,0,504.600
4045,5458,2,639,3834,2736,4096,400,86,0,524.500
4046,5459,2,552,3312,2736,4096,0,86,0,465.700
4047,5460,2,536,3216,2736,4096,400,86,0,643.600
4048,5461,2,590,3540,2736,4096,0,86,0,525.200
4049,5462,2,575,3450,2736,4096,400,86,0,512.900
4050,5463,2,582,3492,2736,4096,0,86,0,733.200
4051,5464,2,576,3456,2736,4096,400,86,0,483.100
4052,5465,2,498,2988,2736,4096,0,86,0,321.900
4053,5466,2,486,2916,2736,4096,400,86,0,343.600
4054,5467,2,491,2946,2736,4096,0,86,0,509.500
4055,5468,2,572,3432,2736,4096,400,86,0,385.300
4056,5469,2,523,3141,2736,4096,0,86,0,404.400
4057,5470,2,483,2901,2736,4096,400,86,0,485.400
4058,5471,2,509,3057,2736,4096,0,86,0,383.000
4059,5472,2,448,2691,2736,4096,400,86,0,449.900
4060,5473,2,428,2571,2736,4096,0,86,0,436.000
4061,5474,2,384,2307,2736,4096,400,86,0,544.900
4062,5475,2,331,1989,2736,4096,0,86,0,366.300
4063,5476,2,333,1998,2736,4096,400,86,0,432.600
4064,5477,2,342,2055,2736,4096,0,86,0,409.900
4065,5478,2,546,3279,2736,4096,400,86,0,545.000
4066,5479,2,543,3261,2736,4096,0,86,0,554.300
4067,5480,2,516,3099,2736,4096,400,86,0,459.500
4068,5481,2,505,3033,2736,4096,0,86,0,396.600
4069,5482,2,410,2463,2736,4096,400,86,0,468.400
4070,5483,2,342,2055,2736,4096,0,86,0,500.600
4071,5484,2,368,2208,2736,4096,400,86,0,485.200
4072,5485,2,364,2184,2736,4096,0,86,0,555.600
4073,5486,2,374,2241,2736,4096,400,86,0,364.100
4074,5487,2,348,2088,2736,4096,0,86,0,478.300
4075,5488,2,348,2088,2736,4096,400,86,0,411.800
4076,5489,2,135,810,2736,4096,0,86,0,418.300
4077,5490,2,106,636,2736,4096,400,86,0,423.300
4078,5491,2,109,654,2736,4096,0,86,0,330.700
4079,5492,2,105,630,2736,4096,400,86,0,484.500
4080,5493,2,31,186,2736,4096,0,86,0,397.200
4081,5494,2,52,312,2736,4096,400,86,0,459.500
4082,5496,2,41,243,2736,4096,0,86,0,371.500
4083,5497,2,36,216,2736,4096,400,86,0,527.300
4084,5498,2,32,192,2736,4096,0,86,0,393.600
4085,5499,2,36,216,2736,4096,400,86,0,346.400
4086,5500,2,35,210,2736,4096,0,86,0,350.000
4087,5501,2,29,174,2736,4096,400,86,0,356.300
4088,5502,2,38,228,2736,4096,0,86,0,371.200
4089,5503,2,27,162,2736,4096,400,86,0,409.100
4090,5504,2,25,150,2736,4096,0,86,0,486.300
4091,5505,2,41,246,2736,4096,400,86,0,440.600
4092,5506,2,48,285,2736,4096,0,86,0,398.300
4093,5507,2,50,300,2736,4096,400,86,0,548.700
4094,5508,2,46,276,2736,4096,0,86,0,351.800
4095,5509,2,42,252,2736,4096,400,86,0,379.900
4096,5510,2,31,186,2736,4096,0,86,0,400.400
4097,5511,2,25,150,2736,4096,400,86,0,378.900
4098,5512,2,22,132,2736,4096,0,86,0,438.400
4099,5513,2,32,192,2736,4096,400,86,0,359.800
4100,5514,2,16,96,2736,4096,0,86,0,459.300
4101,5515,2,18,108,2736,4096,400,86,0,434.000
4102,5516,2,18,108,2736,4096,0,86,0,416.100
4103,5517,2,20,120,2736,4096,400,86,0,359.200
4104,5518,2,8,48,2736,4096,0,86,0,373.400
4105,5519,2,4,24,2736,4096,400,86,0,380.700
4106,5520,2,21,126,2736,4096,0,86,0,614.500
4107,5521,2,21,126,2736,4096,400,86,0,449.100
4108,5522,2,35,210,2736,4096,0,86,0,403.900
4109,5523,2,40,240,2736,4096,400,86,0,431.600
4110,5524,2,28,168,2736,4096,0,86,0,362.600
4111,5525,2,28,168,2736,4096,400,86,0,311.600
4112,5526,2,19,114,2736,4096,0,86,0,354.500
4113,5527,2,218,1308,2736,4096,400,86,0,375.600
4114,5528,2,214,1284,2736,4096,0,86,0,448.200
4115,5529,2,10,60,2736,4096,400,86,0,256.500
4116,5530,2,23,138,2736,4096,0,86,0,347.900
4117,5531,2,21,126,2736,4096,400,86,0,407.300
4118,5532,2,13,78,2736,4096,0,86,0,398.900
4119,5533,2,41,246,2736,4096,400,86,0,319.700
4120,5534,2,48,288,2736,4096,0,86,0,381.200
4121,5535,2,51,306,2736,4096,400,86,0,365.500
4122,5536,2,47,282,2736,4096,0,86,0,301.700
4123,5537,2,51,306,2736,4096,400,86,0,312.600
4124,5538,2,49,294,2736,4096,0,86,0,381.600
4125,5539,2,47,282,2736,4096,400,86,0,407.500
4126,5540,2,49,294,2736,4096,0,86,0,518.000
4127,5541,2,70,420,2736,4096,400,86,0,411.100
4128,5542,2,64,384,2736,4096,0,86,0,391.900
4129,5543,2,64,384,2736,4096,400,86,0,332.600
4130,5544,2,64,384,2736,4096,0,86,0,370.900
4131,5545,2,49,294,2736,4096,400,86,0,430.200
4132,5546,2,49,294,2736,4096,0,86,0,360.200
4133,5547,2,49,294,2736,4096,400,86,0,267.000
4134,5548,2,48,288,2736,4096,0,86,0,294.900
4135,5549,2,47,282,2736,4096,400,86,0,326.700
4136,5550,2,60,363,2736,4096,0,86,0,397.800
4137,5551,2,58,351,2736,4096,400,86,0,361.400
4138,5552,2,36,219,2736,4096,0,86,0,417.000
4139,5553,2,35,213,2736,4096,400,86,0,349.900
4140,5554,2,19,117,2736,4096,0,86,0,432.200
4141,5555,2,15,90,2736,4096,400,86,0,472.900
4142,5556,2,18,108,2736,4096,0,86,0,299.600
4143,5557,2,44,267,2736,4096,400,86,0,261.800
4144,5558,2,38,228,2736,4096,0,86,0,360.900
4145,5559,2,30,180,2736,4096,400,86,0,355.600
4146,5560,2,18,108,2736,4096,0,86,0,371.000
4147,5561,2,28,168,2736,4096,400,86,0,244.600
4148,5562,2,12,72,2736,4096,0,86,0,405.700
4149,5563,2,27,162,2736,4096,400,86,0,421.400
4150,5564,2,25,150,2736,4096,0,86,0,353.700
4151,5565,2,51,306,2736,4096,400,86,0,407.400
4152,5566,2,37,222,2736,4096,0,86,0,296.600
4153,5567,2,46,276,2736,4096,400,86,0,311.800
4154,5568,2,35,210,2736,4096,0,86,0,367.800
4155,5569,2,39,234,2736,4096,400,86,0,415.000
4156,5570,2,24,144,2736,4096,0,86,0,340.300
4157,5571,2,17,102,2736,4096,400,86,0,312.200
4158,5572,2,46,276,2736,4096,0,86,0,474.900
4159,5573,2,121,726,2736,4096,400,86,0,402.100
4160,5574,2,383,2298,2736,4096,0,86,0,330.300
4161,5575,2,338,2031,2736,4096,400,86,0,444.800
4162,5576,2,324,1947,2736,4096,0,86,0,300.300
4163,5577,2,564,3384,2736,4096,400,86,0,321.900
4164,5578,2,570,3420,2736,4096,0,86,0,385.000
4165,5579,2,604,3624,2736,4096,400,86,0,443.400
4166,5580,2,548,3288,2736,4096,0,86,0,690.500
4167,5581,2,463,2778,2736,4096,400,86,0,527.400
4168,5582,2,505,3030,2736,4096,0,86,0,507.800
4169,5583,2,575,3456,2736,4096,400,86,0,422.200
4170,5584,2,519,3120,2736,4096,0,86,0,318.200
4171,5585,2,519,3123,2736,4096,400,86,0,586.100
4172,5586,2,471,2838,2736,4096,0,86,0,497.300
4173,5587,2,449,2694,2736,4096,400,86,0,514.500
4174,5588,2,460,2760,2736,4096,0,86,0,342.600
4175,5589,2,459,2757,2736,4096,400,86,0,386.400
4176,5590,2,454,2727,2736,4096,0,86,0,424.300
4177,5591,2,447,2685,2736,4096,400,86,0,317.500
4178,5592,2,446,2679,2736,4096,0,86,0,436.600
4179,5593,2,448,2691,2736,4096,400,86,0,402.500
4180,5594,2,439,2634,2736,4096,0,86,0,425.500
4181,5595,2,435,2610,2736,4096,400,86,0,274.800
4182,5596,2,498,3003,2736,4096,0,86,0,374.200
4183,5597,2,502,3024,2736,4096,400,86,0,403.900
4184,5598,2,536,3228,2736,4096,0,86,0,470.500
4185,5599,2,541,3246,2736,4096,400,86,0,435.800
4186,5600,2,505,3030,2736,4096,0,86,0,511.700
4187,5601,2,487,2922,2736,4096,400,86,0,388.900
4188,5602,2,449,2694,2736,4096,0,86,0,406.100
4189,5603,2,443,2658,2736,4096,400,86,0,459.500
4190,5604,2,435,2610,2736,4096,0,86,0,400.400
4191,5605,2,413,2478,2736,4096,400,86,0,363.200
4192,5606,2,406,2436,2736,4096,0,86,0,400.200
4193,5607,2,396,2376,2736,4096,400,86,0,402.400
4194,5608,2,400,2400,2736,4096,0,86,0,432.800
4195,5609,2,377,2262,2736,4096,400,86,0,341.100
4196,5610,2,470,2820,2736,4096,0,86,0,387.400
4197,5611,2,486,2916,2736,4096,400,86,0,329.300
4198,5612,2,523,3138,2736,4096,0,86,0,326.300
4199,5613,2,523,3138,2736,4096,400,86,0,337.300
4200,5614,2,517,3102,2736,4096,0,86,0,318.200
4201,5615,2,518,3108,2736,4096,400,86,0,459.400
4202,5616,2,560,3360,2736,4096,0,86,0,477.000
4203,5617,2,601,3606,2736,4096,400,86,0,386.000
4204,5618,2,217,1302,2736,4096,0,86,0,307.000
4205,5619,2,27,162,2736,4096,400,86,0,393.300
4206,5620,2,29,174,2736,4096,0,86,0,325.400
4207,5621,2,28,168,2736,4096,400,86,0,314.300
4208,5622,2,29,177,2736,4096,0,86,0,466.900
4209,5623,2,22,135,2736,4096,400,86,0,331.500
4210,5625,2,33,198,2736,4096,0,86,0,333.400
4211,5626,2,33,198,2736,4096,400,86,0,451.000
4212,5627,2,27,162,2736,4096,0,86,0,397.900
4213,5628,2,21,126,2736,4096,400,86,0,499.900
4214,5629,2,18,108,2736,4096,0,86,0,304.800
4215,5630,2,25,150,2736,4096,400,86,0,651.900
4216,5631,2,40,240,2736,4096,0,86,0,382.000
4217,5632,2,53,318,2736,4096,400,86,0,356.400
4218,5633,2,56,336,2736,4096,0,86,0,409.500
4219,5634,2,152,912,2736,4096,400,86,0,586.200
4220,5635,2,175,1050,2736,4096,0,86,0,411.000
4221,5636,2,189,1134,2736,4096,400,86,0,475.900
4222,5637,2,209,1254,2736,4096,0,86,0,433.800
4223,5638,2,264,1584,2736,4096,400,86,0,389.800
4224,5639,2,263,1578,2736,4096,0,86,0,325.000
4225,5640,2,253,1518,2736,4096,400,86,0,652.600
4226,5641,2,270,1620,2736,4096,0,86,0,546.000
4227,5642,2,265,1590,2736,4096,400,86,0,421.500
4228,5643,2,265,1590,2736,4096,0,86,0,451.900
4229,5644,2,254,1524,2736,4096,400,86,0,448.600
4230,5645,2,254,1524,2736,4096,0,86,0,358.400
4231,5646,2,227,1362,2736,4096,400,86,0,519.700
4232,5647,2,29,174,2736,4096,0,86,0,385.900
4233,5648,2,38,228,2736,4096,400,86,0,349.600
4234,5649,2,52,315,2736,4096,0,86,0,456.800
4235,5650,2,47,285,2736,4096,400,86,0,492.200
4236,5651,2,52,315,2736,4096,0,86,0,398.100
4237,5652,2,48,288,2736,4096,400,86,0,586.800
4238,5653,2,48,288,2736,4096,0,86,0,416.900
4239,5654,2,28,168,2736,4096,400,86,0,338.200
4240,5655,2,25,150,2736,4096,0,86,0,446.100
4241,5656,2,25,150,2736,4096,400,86,0,365.800
4242,5657,2,33,198,2736,4096,0,86,0,332.400
4243,5658,2,45,270,2736,4096,400,86,0,378.000
4244,5659,2,45,270,2736,4096,0,86,0,418.600
4245,5660,2,45,270,2736,4096,400,86,0,402.000
4246,5661,2,29,174,2736,4096,0,86,0,396.300
4247,5662,2,35,210,2736,4096,400,86,0,373.000
4248,5663,2,35,213,2736,4096,0,86,0,393.000
4249,5664,2,27,162,2736,4096,400,86,0,355.200
4250,5665,2,15,90,2736,4096,0,86,0,299.300
4251,5666,2,15,90,2736,4096,400,86,0,391.900
4252,5667,2,15,90,2736,4096,0,86,0,542.600
4253,5668,2,41,246,2736,4096,400,86,0,450.600
4254,5669,2,46,276,2736,4096,0,86,0,380.200
4255,5670,2,34,204,2736,4096,400,86,0,401.100
4256,5671,2,34,204,2736,4096,0,86,0,399.600
4257,5672,2,45,270,2736,4096,400,86,0,471.300
4258,5673,2,21,126,2736,4096,0,86,0,533.800
4259,5674,2,18,108,2736,4096,400,86,0,302.900
4260,5675,2,22,135,2736,4096,0,86,0,352.900
4261,5676,2,30,180,2736,4096,400,86,0,274.900
4262,5677,2,40,240,2736,4096,0,86,0,535.000
4263,5678,2,62,372,2736,4096,400,86,0,410.700
4264,5679,2,58,348,2736,4096,0,86,0,417.200
4265,5680,2,139,834,2736,4096,400,86,0,333.500
4266,5681,2,159,954,2736,4096,0,86,0,564.600
4267,5682,2,163,978,2736,4096,400,86,0,423.700
4268,5683,2,157,942,2736,4096,0,86,0,334.300
4269,5684,2,167,1002,2736,4096,400,86,0,427.000
4270,5685,2,283,1698,2736,4096,0,86,0,520.400
4271,5686,2,325,1959,2736,4096,400,86,0,419.000
4272,5687,2,329,1980,2736,4096,0,86,0,359.400
4273,5688,2,385,2316,2736,4096,400,86,0,293.600
4274,5689,2,385,2313,2736,4096,0,86,0,521.700
4275,5690,2,340,2046,2736,4096,400,86,0,383.900
4276,5691,2,341,2049,2736,4096,0,86,0,442.600
4277,5692,2,347,2085,2736,4096,400,86,0,293.300
4278,5693,2,282,1695,2736,4096,0,86,0,386.200
4279,5694,2,297,1785,2736,4096,400,86,0,373.900
4280,5695,2,298,1791,2736,4096,0,86,0,484.000
4281,5696,2,290,1743,2736,4096,400,86,0,439.100
4282,5697,2,279,1677,2736,4096,0,86,0,397.500
4283,5698,2,274,1647,2736,4096,400,86,0,393.000
4284,5699,2,270,1623,2736,4096,0,86,0,503.600
4285,5700,2,204,1224,2736,4096,400,86,0,598.800
4286,5701,2,90,540,2736,4096,0,86,0,279.800
4287,5702,2,65,390,2736,4096,400,86,0,486.500
4288,5703,2,63,378,2736,4096,0,86,0,364.700
4289,5704,2,47,282,2736,4096,400,86,0,324.500
4290,5705,2,38,228,2736,4096,0,86,0,305.000
4291,5707,2,25,150,2736,4096,400,86,0,418.800
4292,5708,2,25,150,2736,4096,0,86,0,364.400
4293,5709,2,28,168,2736,4096,400,86,0,371.200
4294,5710,2,30,180,2736,4096,0,86,0,334.900
4295,5711,2,19,114,2736,4096,400,86,0,336.900
4296,5712,2,19,114,2736,4096,0,86,0,368.300
4297,5713,2,19,114,2736,4096,400,86,0,404.800
4298,5714,2,19,114,2736,4096,0,86,0,381.000
4299,5715,2,13,78,2736,4096,400,86,0,508.300
4300,5716,2,22,132,2736,4096,0,86,0,444.800
4301,5717,2,22,132,2736,4096,400,86,0,257.400
4302,5718,2,12,72,2736,4096,0,86,0,283.300
4303,5719,2,12,72,2736,4096,400,86,0,373.200
4304,5720,2,12,72,2736,4096,0,86,0,306.100
4305,5721,2,12,72,2736,4096,400,86,0,325.300
4306,5722,2,12,72,2736,4096,0,86,0,428.900
4307,5723,2,12,72,2736,4096,400,86,0,398.200
4308,5725,2,12,72,2736,4096,0,86,0,321.000
4309,5726,2,46,276,2736,4096,400,86,0,416.800
4310,5727,2,46,276,2736,4096,0,86,0,327.300
4311,5728,2,46,276,2736,4096,400,86,0,431.400
4312,5729,2,46,276,2736,4096,0,86,0,332.700
4313,5730,2,46,276,2736,4096,400,86,0,470.700
4314,5731,2,40,240,2736,4096,0,86,0,540.200
4315,5732,2,40,240,2736,4096,400,86,0,409.100
4316,5733,2,40,240,2736,4096,0,86,0,409.600
4317,5734,2,40,240,2736,4096,400,86,0,418.100
4318,5735,2,40,240,2736,4096,0,86,0,294.100
4319,5736,2,40,240,2736,4096,400,86,0,390.100
4320,5737,2,40,240,2736,4096,0,86,0,332.300
4321,5738,2,28,168,2736,4096,400,86,0,512.100
4322,5739,2,28,168,2736,4096,0,86,0,307.100
4323,5740,2,28,168,2736,4096,400,86,0,399.800
4324,5741,2,31,189,2736,4096,0,86,0,408.000
4325,5742,2,31,189,2736,4096,400,86,0,367.900
4326,5743,2,31,189,2736,4096,0,86,0,431.000
4327,5744,2,28,168,2736,4096,400,86,0,259.500
4328,5745,2,28,168,2736,4096,0,86,0,328.700
4329,5746,2,12,72,2736,4096,400,86,0,438.700
4330,5747,2,12,72,2736,4096,0,86,0,291.100
4331,5748,2,12,72,2736,4096,400,86,0,318.800
4332,5749,2,12,72,2736,4096,0,86,0,324.300
4333,5750,2,12,72,2736,4096,400,86,0,286.700
4334,5751,2,12,72,2736,4096,0,86,0,368.100
4335,5753,2,12,72,2736,4096,400,86,0,365.100
4336,5754,2,14,84,2736,4096,0,86,0,297.900
4337,5755,2,14,84,2736,4096,400,86,0,288.500
4338,5756,2,14,84,2736,4096,0,86,0,397.600
4339,5757,2,14,84,2736,4096,400,86,0,391.700
4340,5758,2,12,72,2736,4096,0,86,0,409.200
4341,5759,2,12,72,2736,4096,400,86,0,427.500
4342,5760,2,12,72,2736,4096,0,86,0,483.400
4343,5761,2,24,144,2736,4096,400,86,0,548.900
4344,5762,2,24,144,2736,4096,0,86,0,374.800
4345,5763,2,24,144,2736,4096,400,86,0,415.400
4346,5764,2,24,144,2736,4096,0,86,0,357.800
4347,5765,2,24,144,2736,4096,400,86,0,341.800
4348,5766,2,24,144,2736,4096,0,86,0,433.500
4349,5767,2,24,144,2736,4096,400,86,0,284.300
4350,5768,2,24,144,2736,4096,0,86,0,349.700
4351,5769,2,24,144,2736,4096,400,86,0,252.000
4352,5770,2,24,144,2736,4096,0,86,0,307.100
4353,5771,2,24,144,2736,4096,400,86,0,311.600
4354,5772,2,41,246,2736,4096,0,86,0,464.500
4355,5774,2,41,246,2736,4096,400,86,0,331.800
4356,5775,2,42,252,2736,4096,0,86,0,506.900
4357,5776,2,42,252,2736,4096,400,86,0,464.600
4358,5777,2,42,252,2736,4096,0,86,0,380.800
4359,5778,2,42,252,2736,4096,400,86,0,345.000
4360,5779,2,63,381,2736,4096,0,86,0,412.000
4361,5780,2,63,381,2736,4096,400,86,0,427.600
4362,5781,2,63,381,2736,4096,0,86,0,374.500
4363,5782,2,63,381,2736,4096,400,86,0,365.100
4364,5783,2,40,240,2736,4096,0,86,0,317.400
4365,5784,2,40,240,2736,4096,400,86,0,247.000
4366,5785,2,40,240,2736,4096,0,86,0,336.500
4367,5786,2,40,240,2736,4096,400,86,0,338.700
4368,5787,2,40,240,2736,4096,0,86,0,565.800
4369,5788,2,40,240,2736,4096,400,86,0,415.200
4370,5789,2,40,240,2736,4096,0,86,0,416.300
4371,5790,2,40,240,2736,4096,400,86,0,325.800
4372,5791,2,24,144,2736,4096,0,86,0,319.900
4373,5792,2,57,342,2736,4096,400,86,0,272.900
4374,5793,2,57,342,2736,4096,0,86,0,289.400
4375,5794,2,57,342,2736,4096,400,86,0,467.800
4376,5795,2,57,342,2736,4096,0,86,0,343.700
4377,5796,2,57,342,2736,4096,400,86,0,371.600
4378,5797,2,57,342,2736,4096,0,86,0,789.000
4379,5798,2,58,348,2736,4096,400,86,0,390.800
4380,5799,2,58,348,2736,4096,0,86,0,360.000
4381,5800,2,46,276,2736,4096,400,86,0,417.600
4382,5801,2,12,72,2736,4096,0,86,0,331.600
4383,5802,2,14,84,2736,4096,400,86,0,287.300
4384,5803,2,14,84,2736,4096,0,86,0,444.400
4385,5804,2,14,84,2736,4096,400,86,0,405.500
4386,5805,2,12,72,2736,4096,0,86,0,337.500
4387,5806,2,12,72,2736,4096,400,86,0,317.500
4388,5807,2,12,72,2736,4096,0,86,0,385.700
4389,5808,2,12,72,2736,4096,400,86,0,394.100
4390,5809,2,12,72,2736,4096,0,86,0,272.700
4391,5810,2,12,72,2736,4096,400,86,0,261.600
4392,5811,2,12,72,2736,4096,0,86,0,341.400
4393,5812,2,12,72,2736,4096,400,86,0,278.200
4394,5813,2,12,72,2736,4096,0,86,0,253.400
4395,5814,2,12,72,2736,4096,400,86,0,358.500
4396,5815,2,15,90,2736,4096,0,86,0,357.800
4397,5816,2,15,90,2736,4096,400,86,0,299.800
4398,5817,2,27,162,2736,4096,0,86,0,320.600
4399,5818,2,27,162,2736,4096,400,86,0,356.900
4400,5819,2,27,162,2736,4096,0,86,0,448.800
4401,5820,2,27,162,2736,4096,400,86,0,395.000
4402,5821,2,27,162,2736,4096,0,86,0,254.100
4403,5822,2,27,162,2736,4096,400,86,0,354.600
4404,5823,2,27,162,2736,4096,0,86,0,340.700
4405,5824,2,27,162,2736,4096,400,86,0,274.000
4406,5825,2,27,162,2736,4096,0,86,0,451.000
4407,5826,2,15,90,2736,4096,400,86,0,437.400
4408,5827,2,15,90,2736,4096,0,86,0,329.900
4409,5828,2,15,90,2736,4096,400,86,0,351.400
4410,5829,2,15,90,2736,4096,0,86,0,418.600
4411,5830,2,15,90,2736,4096,400,86,0,389.900
4412,5831,2,15,90,2736,4096,0,86,0,378.400
4413,5832,2,15,90,2736,4096,400,86,0,396.700
4414,5833,2,15,90,2736,4096,0,86,0,713.700
4415,5834,2,15,90,2736,4096,400,86,0,537.400
4416,5835,2,15,90,2736,4096,0,86,0,361.000
4417,5836,2,15,90,2736,4096,400,86,0,394.900
4418,5837,2,15,90,2736,4096,0,86,0,336.800
4419,5838,2,15,90,2736,4096,400,86,0,331.000
4420,5839,2,15,90,2736,4096,0,86,0,375.200
4421,5840,2,15,90,2736,4096,400,86,0,370.700
4422,5841,2,15,90,2736,4096,0,86,0,362.000
4423,5842,2,15,90,2736,4096,400,86,0,501.500
4424,5843,2,15,90,2736,4096,0,86,0,456.800
4425,5844,2,15,90,2736,4096,400,86,0,394.900
4426,5845,2,15,90,2736,4096,0,86,0,346.600
4427,5846,2,15,90,2736,4096,400,86,0,303.100
4428,5847,2,15,90,2736,4096,0,86,0,313.400
4429,5848,2,15,90,2736,4096,400,86,0,410.400
4430,5849,2,15,90,2736,4096,0,86,0,336.400
4431,5850,2,15,90,2736,4096,400,86,0,492.600
4432,5851,2,12,72,2736,4096,0,86,0,386.700
4433,5852,2,12,72,2736,4096,400,86,0,358.800
4434,5853,2,12,72,2736,4096,0,86,0,375.000
4435,5854,2,12,72,2736,4096,400,86,0,377.200
4436,5855,2,12,72,2736,4096,0,86,0,365.700
4437,5856,2,15,90,2736,4096,400,86,0,405.700
4438,5857,2,15,90,2736,4096,0,86,0,362.100
4439,5858,2,15,90,2736,4096,400,86,0,328.300
4440,5859,2,15,90,2736,4096,0,86,0,417.400
4441,5860,2,15,90,2736,4096,400,86,0,390.900
4442,5861,2,15,90,2736,4096,0,86,0,380.400
4443,5862,2,15,90,2736,4096,400,86,0,420.200
4444,5863,2,15,90,2736,4096,0,86,0,435.200
4445,5864,2,15,90,2736,4096,400,86,0,411.000
4446,5865,2,15,90,2736,4096,0,86,0,428.900
4447,5866,2,15,90,2736,4096,400,86,0,302.200
4448,5867,2,15,90,2736,4096,0,86,0,428.900
4449,5868,2,15,90,2736,4096,400,86,0,433.200
4450,5869,2,28,168,2736,4096,0,86,0,453.700
4451,5870,2,15,90,2736,4096,400,86,0,362.600
4452,5871,2,15,90,2736,4096,0,86,0,369.800
4453,5872,2,15,90,2736,4096,400,86,0,395.100
4454,5873,2,15,90,2736,4096,0,86,0,329.400
4455,5874,2,3,18,2736,4096,400,86,0,402.500
4456,5875,2,3,18,2736,4096,0,86,0,523.500
4457,5876,2,3,18,2736,4096,400,86,0,369.600
4458,5877,2,0,0,2736,4096,0,86,0,195.400
4459,5878,2,0,0,2736,4096,400,86,0,300.700
4460,5879,2,0,0,2736,4096,0,86,0,225.300
4461,5880,2,0,0,2736,4096,400,86,0,463.400
4462,5881,2,0,0,2736,4096,0,86,0,232.100
4463,5882,2,5,30,2736,4096,400,86,0,411.500
4464,5883,2,5,30,2736,4096,0,86,0,410.900
4465,5884,2,16,96,2736,4096,400,86,0,408.900
4466,5885,2,16,96,2736,4096,0,86,0,339.300
4467,5886,2,16,96,2736,4096,400,86,0,274.800
4468,5887,2,16,96,2736,4096,0,86,0,614.600
4469,5888,2,16,96,2736,4096,400,86,0,362.000
4470,5889,2,28,168,2736,4096,0,86,0,540.100
4471,5890,2,16,96,2736,4096,400,86,0,611.600
4472,5891,2,16,96,2736,4096,0,86,0,403.100
4473,5892,2,22,132,2736,4096,400,86,0,409.400
4474,5893,2,22,132,2736,4096,0,86,0,355.700
4475,5894,2,22,132,2736,4096,400,86,0,305.900
4476,5895,2,22,132,2736,4096,0,86,0,359.000
4477,5896,2,22,132,2736,4096,400,86,0,437.900
4478,5897,2,22,132,2736,4096,0,86,0,436.200
4479,5898,2,22,132,2736,4096,400,86,0,367.000
4480,5899,2,11,66,2736,4096,0,86,0,413.100
4481,5900,2,11,66,2736,4096,400,86,0,482.900
4482,5901,2,11,66,2736,4096,0,86,0,337.300
4483,5902,2,11,66,2736,4096,400,86,0,401.000
4484,5903,2,21,126,2736,4096,0,86,0,305.300
4485,5904,2,21,126,2736,4096,400,86,0,378.600
4486,5905,2,21,126,2736,4096,0,86,0,458.300
4487,5906,2,21,126,2736,4096,400,86,0,454.800
4488,5907,2,21,126,2736,4096,0,86,0,263.900
4489,5908,2,21,126,2736,4096,400,86,0,394.500
4490,5909,2,21,126,2736,4096,0,86,0,444.800
4491,5910,2,59,354,2736,4096,400,86,0,339.300
4492,5911,2,60,360,2736,4096,0,86,0,378.500
4493,5912,2,59,354,2736,4096,400,86,0,415.900
4494,5914,2,96,576,2736,4096,0,86,0,422.300
4495,5915,2,96,576,2736,4096,400,86,0,347.600
4496,5916,2,93,558,2736,4096,0,86,0,450.100
4497,5918,2,56,336,2736,4096,400,86,0,463.000
4498,5919,2,56,336,2736,4096,0,86,0,276.900
4499,5920,2,50,300,2736,4096,400,86,0,459.400
4500,5921,2,49,294,2736,4096,0,86,0,415.500
4501,5922,2,52,312,2736,4096,400,86,0,641.500
4502,5923,2,62,372,2736,4096,0,86,0,459.600
4503,5924,2,58,348,2736,4096,400,86,0,608.200
4504,5925,2,57,342,2736,4096,0,86,0,348.600
4505,5926,2,59,354,2736,4096,400,86,0,393.400
4506,5927,2,73,438,2736,4096,0,86,0,406.100
4507,5928,2,71,426,2736,4096,400,86,0,314.000
4508,5929,2,70,420,2736,4096,0,86,0,352.800
4509,5930,2,69,414,2736,4096,400,86,0,326.300
4510,5931,2,60,360,2736,4096,0,86,0,303.400
4511,5932,2,60,360,2736,4096,400,86,0,265.300
4512,5933,2,62,372,2736,4096,0,86,0,404.900
4513,5934,2,23,138,2736,4096,400,86,0,454.300
4514,5935,2,29,174,2736,4096,0,86,0,239.300
4515,5936,2,36,216,2736,4096,400,86,0,359.100
4516,5937,2,37,222,2736,4096,0,86,0,279.200
4517,5938,2,41,246,2736,4096,400,86,0,309.300
4518,5939,2,52,312,2736,4096,0,86,0,295.000
4519,5940,2,56,336,2736,4096,400,86,0,432.300
4520,5941,2,52,312,2736,4096,0,86,0,414.300
4521,5942,2,42,252,2736,4096,400,86,0,363.400
4522,5943,2,54,324,2736,4096,0,86,0,351.100
4523,5944,2,55,330,2736,4096,400,86,0,363.600
4524,5945,2,57,342,2736,4096,0,86,0,309.400
4525,5946,2,60,360,2736,4096,400,86,0,406.200
4526,5947,2,46,276,2736,4096,0,86,0,470.300
4527,5948,2,47,282,2736,4096,400,86,0,526.400
4528,5949,2,48,288,2736,4096,0,86,0,409.800
4529,5950,2,46,276,2736,4096,400,86,0,337.800
4530,5951,2,56,336,2736,4096,0,86,0,547.200
4531,5952,2,53,318,2736,4096,400,86,0,394.400
4532,5953,2,48,288,2736,4096,0,86,0,341.800
4533,5954,2,48,288,2736,4096,400,86,0,364.700
4534,5955,2,48,288,2736,4096,0,86,0,294.700
4535,5956,2,46,276,2736,4096,400,86,0,354.900
4536,5957,2,52,312,2736,4096,0,86,0,343.400
4537,5958,2,61,366,2736,4096,400,86,0,434.300
4538,5959,2,63,378,2736,4096,0,86,0,325.500
4539,5960,2,63,378,2736,4096,400,86,0,351.400
4540,5961,2,57,342,2736,4096,0,86,0,395.700
4541,5962,2,61,366,2736,4096,400,86,0,517.500
4542,5963,2,61,366,2736,4096,0,86,0,364.800
4543,5964,2,60,360,2736,4096,400,86,0,456.000
4544,5965,2,60,360,2736,4096,0,86,0,332.400
4545,5966,2,55,330,2736,4096,400,86,0,455.600
4546,5967,2,56,336,2736,4096,0,86,0,332.800
4547,5968,2,56,336,2736,4096,400,86,0,447.300
4548,5969,2,59,354,2736,4096,0,86,0,324.200
4549,5970,2,63,378,2736,4096,400,86,0,432.100
4550,5971,2,63,378,2736,4096,0,86,0,306.200
4551,5972,2,63,378,2736,4096,400,86,0,308.700
4552,5973,2,64,384,2736,4096,0,86,0,437.400
4553,5974,2,64,384,2736,4096,400,86,0,425.200
4554,5975,2,62,372,2736,4096,0,86,0,458.100
4555,5976,2,61,366,2736,4096,400,86,0,425.500
4556,5977,2,61,366,2736,4096,0,86,0,334.400
4557,5978,2,61,366,2736,4096,400,86,0,388.100
4558,5979,2,58,348,2736,4096,0,86,0,427.100
4559,5980,2,58,348,2736,4096,400,86,0,509.400
4560,5981,2,58,348,2736,4096,0,86,0,639.900
4561,5983,2,55,330,2736,4096,400,86,0,315.500
4562,5984,2,55,330,2736,4096,0,86,0,348.700
4563,5985,2,54,324,2736,4096,400,86,0,271.100
4564,5986,2,52,312,2736,4096,0,86,0,314.600
4565,5987,2,52,312,2736,4096,400,86,0,748.400
4566,5988,2,53,318,2736,4096,0,86,0,329.600
4567,5989,2,51,306,2736,4096,400,86,0,258.500
4568,5990,2,51,306,2736,4096,0,86,0,432.600
4569,5991,2,49,294,2736,4096,400,86,0,312.800
4570,5992,2,48,288,2736,4096,0,86,0,459.800
4571,5993,2,48,288,2736,4096,400,86,0,454.000
4572,5994,2,52,312,2736,4096,0,86,0,328.400
4573,5995,2,46,276,2736,4096,400,86,0,412.800
4574,5996,2,46,276,2736,4096,0,86,0,305.400
4575,5997,2,51,306,2736,4096,400,86,0,433.800
4576,5998,2,51,306,2736,4096,0,86,0,320.100
4577,5999,2,50,300,2736,4096,400,86,0,296.300
4578,6000,2,49,294,2736,4096,0,86,0,389.000
4579,6001,2,49,294,2736,4096,400,86,0,336.800
4580,6002,2,56,336,2736,4096,0,86,0,541.500
4581,6003,2,54,324,2736,4096,400,86,0,418.800
4582,6004,2,52,312,2736,4096,0,86,0,307.100
4583,6005,2,48,288,2736,4096,400,86,0,389.100
4584,6006,2,48,288,2736,4096,0,86,0,294.900
4585,6007,2,56,336,2736,4096,400,86,0,341.700
4586,6008,2,48,288,2736,4096,0,86,0,352.800
4587,6009,2,48,288,2736,4096,400,86,0,391.400
4588,6010,2,51,306,2736,4096,0,86,0,275.600
4589,6011,2,43,258,2736,4096,400,86,0,338.700
4590,6012,2,43,258,2736,4096,0,86,0,292.600
4591,6013,2,43,258,2736,4096,400,86,0,374.600
4592,6014,2,43,258,2736,4096,0,86,0,296.500
4593,6015,2,51,306,2736,4096,400,86,0,364.800
4594,6016,2,43,258,2736,4096,0,86,0,376.000
4595,6017,2,43,258,2736,4096,400,86,0,318.000
4596,6018,2,53,318,2736,4096,0,86,0,334.400
4597,6019,2,45,270,2736,4096,400,86,0,320.900
4598,6020,2,39,234,2736,4096,0,86,0,276.700
4599,6021,2,39,234,2736,4096,400,86,0,317.300
4600,6022,2,47,282,2736,4096,0,86,0,290.000
4601,6023,2,45,270,2736,4096,400,86,0,352.200
4602,6024,2,43,258,2736,4096,0,86,0,303.700
4603,6025,2,47,282,2736,4096,400,86,0,354.200
4604,6026,2,55,330,2736,4096,0,86,0,293.400
4605,6027,2,47,282,2736,4096,400,86,0,304.800
4606,6028,2,47,282,2736,4096,0,86,0,305.400
4607,6029,2,41,246,2736,4096,400,86,0,448.100
4608,6030,2,41,246,2736,4096,0,86,0,316.900
4609,6031,2,45,270,2736,4096,400,86,0,506.900
4610,6032,2,42,252,2736,4096,0,86,0,467.300
4611,6033,2,42,252,2736,4096,400,86,0,421.200
4612,6034,2,50,300,2736,4096,0,86,0,442.700
4613,6035,2,45,270,2736,4096,400,86,0,384.600
4614,6036,2,48,288,2736,4096,0,86,0,334.800
4615,6037,2,45,270,2736,4096,400,86,0,330.600
4616,6038,2,45,270,2736,4096,0,86,0,421.200
4617,6039,2,40,240,2736,4096,400,86,0,305.300
4618,6040,2,40,240,2736,4096,0,86,0,205.700
4619,6041,2,41,246,2736,4096,400,86,0,292.500
4620,6042,2,49,294,2736,4096,0,86,0,467.000
4621,6043,2,41,246,2736,4096,400,86,0,352.500
4622,6044,2,34,204,2736,4096,0,86,0,365.900
4623,6045,2,57,342,2736,4096,400,86,0,332.000
4624,6046,2,53,318,2736,4096,0,86,0,257.000
4625,6047,2,52,312,2736,4096,400,86,0,370.300
4626,6048,2,51,306,2736,4096,0,86,0,291.500
4627,6049,2,48,288,2736,4096,400,86,0,288.900
4628,6050,2,56,336,2736,4096,0,86,0,411.200
4629,6051,2,48,288,2736,4096,400,86,0,334.500
4630,6052,2,50,300,2736,4096,0,86,0,348.400
4631,6053,2,50,300,2736,4096,400,86,0,332.700
4632,6054,2,54,324,2736,4096,0,86,0,243.200
4633,6055,2,46,276,2736,4096,400,86,0,397.600
4634,6056,2,47,282,2736,4096,0,86,0,252.600
4635,6057,2,46,279,2736,4096,400,86,0,326.700
4636,6058,2,46,279,2736,4096,0,86,0,419.800
4637,6059,2,39,237,2736,4096,400,86,0,444.300
4638,6060,2,48,288,2736,4096,0,86,0,369.600
4639,6061,2,48,288,2736,4096,400,86,0,362.300
4640,6062,2,44,264,2736,4096,0,86,0,337.500
4641,6063,2,41,246,2736,4096,400,86,0,387.200
4642,6064,2,41,246,2736,4096,0,86,0,306.700
4643,6065,2,41,246,2736,4096,400,86,0,267.200
4644,6066,2,41,246,2736,4096,0,86,0,299.800
4645,6067,2,51,303,2736,4096,400,86,0,397.300
4646,6068,2,43,258,2736,4096,0,86,0,307.100
4647,6069,2,47,282,2736,4096,400,86,0,375.700
4648,6070,2,47,282,2736,4096,0,86,0,371.300
4649,6071,2,56,336,2736,4096,400,86,0,372.400
4650,6072,2,42,252,2736,4096,0,86,0,340.400
4651,6073,2,42,252,2736,4096,400,86,0,395.700
4652,6074,2,50,300,2736,4096,0,86,0,308.000
4653,6075,2,50,300,2736,4096,400,86,0,338.500
4654,6076,2,44,267,2736,4096,0,86,0,277.400
4655,6077,2,49,297,2736,4096,400,86,0,315.900
4656,6078,2,42,252,2736,4096,0,86,0,312.400
4657,6079,2,42,252,2736,4096,400,86,0,277.800
4658,6080,2,42,252,2736,4096,0,86,0,320.400
4659,6081,2,48,288,2736,4096,400,86,0,386.400
4660,6082,2,40,240,2736,4096,0,86,0,322.100
4661,6083,2,25,150,2736,4096,400,86,0,288.900
4662,6084,2,30,180,2736,4096,0,86,0,487.400
4663,6085,2,30,180,2736,4096,400,86,0,518.000
4664,6086,2,30,180,2736,4096,0,86,0,494.300
4665,6087,2,30,180,2736,4096,400,86,0,309.200
4666,6088,2,30,180,2736,4096,0,86,0,378.400
4667,6089,2,34,204,2736,4096,400,86,0,445.300
4668,6090,2,34,204,2736,4096,0,86,0,299.900
4669,6091,2,34,204,2736,4096,400,86,0,362.300
4670,6092,2,32,192,2736,4096,0,86,0,293.900
4671,6093,2,32,192,2736,4096,400,86,0,247.100
4672,6094,2,20,120,2736,4096,0,86,0,427.500
4673,6095,2,20,120,2736,4096,400,86,0,474.000
4674,6096,2,20,120,2736,4096,0,86,0,361.500
4675,6097,2,22,132,2736,4096,400,86,0,250.700
4676,6098,2,18,108,2736,4096,0,86,0,333.500
4677,6099,2,20,120,2736,4096,400,86,0,296.400
4678,6100,2,14,84,2736,4096,0,86,0,392.900
4679,6101,2,14,84,2736,4096,400,86,0,318.500
4680,6102,2,14,84,2736,4096,0,86,0,296.700
4681,6103,2,14,84,2736,4096,400,86,0,361.700
4682,6104,2,14,84,2736,4096,0,86,0,278.200
4683,6105,2,15,90,2736,4096,400,86,0,276.100
4684,6106,2,15,90,2736,4096,0,86,0,360.700
4685,6107,2,13,78,2736,4096,400,86,0,344.100
4686,6108,2,19,114,2736,4096,0,86,0,308.700
4687,6109,2,14,84,2736,4096,400,86,0,226.000
4688,6110,2,14,84,2736,4096,0,86,0,279.000
4689,6111,2,22,129,2736,4096,400,86,0,348.200
4690,6112,2,17,102,2736,4096,0,86,0,266.000
4691,6113,2,17,102,2736,4096,400,86,0,633.900
4692,6114,2,19,114,2736,4096,0,86,0,278.000
4693,6115,2,19,114,2736,4096,400,86,0,243.000
4694,6116,2,28,168,2736,4096,0,86,0,300.200
4695,6117,2,34,204,2736,4096,400,86,0,517.700
4696,6118,2,34,207,2736,4096,0,86,0,290.700
4697,6119,2,29,174,2736,4096,400,86,0,291.600
4698,6120,2,23,138,2736,4096,0,86,0,301.800
4699,6121,2,23,138,2736,4096,400,86,0,239.800
4700,6122,2,32,192,2736,4096,0,86,0,278.000
4701,6123,2,34,204,2736,4096,400,86,0,305.200
4702,6124,2,43,261,2736,4096,0,86,0,265.200
4703,6125,2,35,210,2736,4096,400,86,0,308.500
4704,6126,2,25,150,2736,4096,0,86,0,316.700
4705,6127,2,43,261,2736,4096,400,86,0,352.600
4706,6128,2,35,210,2736,4096,0,86,0,237.400
4707,6129,2,34,204,2736,4096,400,86,0,255.700
4708,6130,2,19,114,2736,4096,0,86,0,267.000
4709,6131,2,25,150,2736,4096,400,86,0,413.800
4710,6132,2,25,150,2736,4096,0,86,0,285.500
4711,6133,2,13,78,2736,4096,400,86,0,254.100
4712,6134,2,2,12,2736,4096,0,86,0,307.500
4713,6135,2,2,12,2736,4096,400,86,0,358.400
4714,6136,2,2,12,2736,4096,0,86,0,267.500
4715,6137,2,5,30,2736,4096,400,86,0,336.100
4716,6138,2,5,30,2736,4096,0,86,0,350.700
4717,6139,2,5,30,2736,4096,400,86,0,445.800
4718,6140,2,9,54,2736,4096,0,86,0,309.200
4719,6141,2,11,66,2736,4096,400,86,0,255.200
4720,6142,2,19,114,2736,4096,0,86,0,244.600
4721,6143,2,34,207,2736,4096,400,86,0,325.100
4722,6144,2,26,156,2736,4096,0,86,0,365.200
4723,6145,2,64,387,2736,4096,400,86,0,284.800
4724,6146,2,114,684,2736,4096,0,86,0,307.600
4725,6147,2,110,660,2736,4096,400,86,0,325.600
4726,6148,2,110,660,2736,4096,0,86,0,350.200
4727,6149,2,145,870,2736,4096,400,86,0,257.700
4728,6150,2,152,912,2736,4096,0,86,0,355.400
4729,6151,2,186,1116,2736,4096,400,86,0,317.900
4730,6152,2,95,570,2736,4096,0,86,0,292.600
4731,6153,2,125,750,2736,4096,400,86,0,345.600
4732,6154,2,130,780,2736,4096,0,86,0,342.000
4733,6155,2,179,1074,2736,4096,400,86,0,308.500
4734,6156,2,227,1362,2736,4096,0,86,0,465.200
4735,6157,2,295,1770,2736,4096,400,86,0,438.200
4736,6158,2,324,1944,2736,4096,0,86,0,417.900
4737,6159,2,358,2148,2736,4096,400,86,0,422.100
4738,6160,2,370,2220,2736,4096,0,86,0,470.300
4739,6161,2,431,2586,2736,4096,400,86,0,446.600
4740,6162,2,432,2592,2736,4096,0,86,0,371.500
4741,6163,2,407,2442,2736,4096,400,86,0,412.500
4742,6164,2,413,2478,2736,4096,0,86,0,290.400
4743,6165,2,453,2721,2736,4096,400,86,0,327.100
4744,6166,2,460,2763,2736,4096,0,86,0,362.500
4745,6167,2,466,2799,2736,4096,400,86,0,357.900
4746,6168,2,464,2784,2736,4096,0,86,0,315.700
4747,6169,2,464,2784,2736,4096,400,86,0,381.700
4748,6170,2,465,2790,2736,4096,0,86,0,322.000
4749,6171,2,459,2754,2736,4096,400,86,0,366.900
4750,6172,2,463,2778,2736,4096,0,86,0,346.700
4751,6173,2,463,2778,2736,4096,400,86,0,291.200
4752,6174,2,463,2778,2736,4096,0,86,0,375.400
4753,6175,2,472,2832,2736,4096,400,86,0,384.100
4754,6176,2,473,2838,2736,4096,0,86,0,351.700
4755,6177,2,470,2820,2736,4096,400,86,0,456.100
4756,6178,2,479,2874,2736,4096,0,86,0,335.900
4757,6179,2,467,2802,2736,4096,400,86,0,1017.200
4758,6181,2,469,2814,2736,4096,0,86,0,307.900
4759,6183,2,454,2724,2736,4096,400,86,0,478.200
4760,6184,2,437,2622,2736,4096,0,86,0,351.000
4761,6185,2,455,2730,2736,4096,400,86,0,473.500
4762,6186,2,425,2550,2736,4096,0,86,0,444.200
4763,6187,2,425,2553,2736,4096,400,86,0,362.700
4764,6188,2,370,2220,2736,4096,0,86,0,374.900
4765,6189,2,345,2070,2736,4096,400,86,0,358.200
4766,6190,2,346,2076,2736,4096,0,86,0,342.900
4767,6191,2,304,1824,2736,4096,400,86,0,468.200
4768,6192,2,304,1824,2736,4096,0,86,0,365.300
4769,6193,2,305,1830,2736,4096,400,86,0,396.300
4770,6194,2,310,1860,2736,4096,0,86,0,347.600
4771,6195,2,347,2082,2736,4096,400,86,0,341.600
4772,6196,2,347,2082,2736,4096,0,86,0,366.700
4773,6197,2,323,1938,2736,4096,400,86,0,428.800
4774,6198,2,324,1944,2736,4096,0,86,0,362.000
4775,6199,2,325,1950,2736,4096,400,86,0,369.800
4776,6200,2,320,1920,2736,4096,0,86,0,281.500
4777,6201,2,332,1992,2736,4096,400,86,0,382.900
4778,6203,2,364,2184,2736,4096,0,86,0,362.900
4779,6205,2,352,2112,2736,4096,400,86,0,334.500
4780,6206,2,315,1890,2736,4096,0,86,0,371.800
4781,6207,2,333,2001,2736,4096,400,86,0,403.500
4782,6209,2,319,1914,2736,4096,0,86,0,282.800
4783,6210,2,292,1752,2736,4096,400,86,0,265.300
4784,6211,2,293,1758,2736,4096,0,86,0,293.200
4785,6212,2,340,2040,2736,4096,400,86,0,443.700
4786,6213,2,338,2028,2736,4096,0,86,0,470.200
4787,6214,2,382,2292,2736,4096,400,86,0,336.400
4788,6215,2,502,3012,2736,4096,0,86,0,409.100
4789,6216,2,527,3162,2736,4096,400,86,0,402.800
4790,6217,2,674,4044,2736,4096,0,86,0,392.400
4791,6218,2,702,4212,2736,4096,400,86,0,433.900
4792,6219,2,749,4494,2736,4096,0,86,0,328.400
4793,6220,2,793,4758,2736,4096,400,86,0,385.900
4794,6221,2,794,4764,2736,4096,0,86,0,532.500
4795,6222,2,899,5394,2736,4096,400,86,0,408.700
4796,6223,2,1027,6162,2736,4096,0,86,0,603.400
4797,6224,2,1246,7476,2736,4096,400,86,0,447.300
4798,6225,2,1512,9072,2736,4096,0,86,0,545.000
4799,6226,2,1739,10434,2736,4096,400,86,0,694.100
4800,6227,2,1795,10770,2736,4096,0,86,0,650.600
4801,6228,2,1691,10146,2736,4096,400,86,0,872.400
4802,6229,2,1504,9024,2736,4096,0,86,0,546.500
4803,6230,2,1482,8892,2736,4096,400,86,0,610.100
4804,6231,2,1465,8790,2736,4096,0,86,0,658.600
4805,6232,2,1498,8988,2736,4096,400,86,0,649.600
4806,6233,2,1467,8799,2736,4096,0,86,0,607.800
4807,6234,2,1465,8790,2736,4096,400,86,0,654.300
4808,6235,2,1231,7386,2736,4096,0,86,0,619.700
4809,6236,2,1074,6444,2736,4096,400,86,0,478.700
4810,6237,2,984,5904,2736,4096,0,86,0,510.400
4811,6238,2,903,5418,2736,4096,400,86,0,481.300
4812,6239,2,821,4926,2736,4096,0,86,0,499.300
4813,6240,2,786,4716,2736,4096,400,86,0,796.700
4814,6241,2,775,4650,2736,4096,0,86,0,669.900
4815,6242,2,732,4392,2736,4096,400,86,0,553.400
4816,6244,2,679,4074,2736,4096,0,86,0,494.500
4817,6245,2,678,4068,2736,4096,400,86,0,412.800
4818,6246,2,671,4026,2736,4096,0,86,0,488.200
4819,6247,2,671,4032,2736,4096,400,86,0,531.600
4820,6248,2,596,3576,2736,4096,0,86,0,389.000
4821,6249,2,596,3576,2736,4096,400,86,0,378.200
4822,6250,2,602,3615,2736,4096,0,86,0,438.500
4823,6251,2,596,3576,2736,4096,400,86,0,600.000
4824,6252,2,593,3558,2736,4096,0,86,0,369.700
4825,6253,2,599,3594,2736,4096,400,86,0,538.100
4826,6254,2,599,3594,2736,4096,0,86,0,349.100
4827,6255,2,571,3426,2736,4096,400,86,0,369.500
4828,6256,2,565,3390,2736,4096,0,86,0,437.400
4829,6257,2,564,3384,2736,4096,400,86,0,511.100
4830,6258,2,570,3420,2736,4096,0,86,0,381.700
4831,6259,2,557,3342,2736,4096,400,86,0,590.100
4832,6260,2,491,2946,2736,4096,0,86,0,412.800
4833,6261,2,485,2910,2736,4096,400,86,0,371.700
4834,6262,2,478,2868,2736,4096,0,86,0,425.900
4835,6263,2,484,2904,2736,4096,400,86,0,388.200
4836,6264,2,467,2802,2736,4096,0,86,0,466.700
4837,6265,2,516,3096,2736,4096,400,86,0,435.800
4838,6266,2,459,2754,2736,4096,0,86,0,415.000
4839,6267,2,397,2382,2736,4096,400,86,0,417.500
4840,6268,2,450,2700,2736,4096,0,86,0,419.200
4841,6269,2,364,2184,2736,4096,400,86,0,436.300
4842,6270,2,283,1698,2736,4096,0,86,0,456.700
4843,6271,2,221,1326,2736,4096,400,86,0,404.600
4844,6272,2,216,1296,2736,4096,0,86,0,443.000
4845,6273,2,234,1404,2736,4096,400,86,0,376.000
4846,6274,2,212,1272,2736,4096,0,86,0,413.000
4847,6275,2,176,1056,2736,4096,400,86,0,451.900
4848,6276,2,117,702,2736,4096,0,86,0,389.100
4849,6277,2,107,642,2736,4096,400,86,0,493.800
4850,6278,2,49,294,2736,4096,0,86,0,472.600
4851,6279,2,49,294,2736,4096,400,86,0,363.500
4852,6280,2,46,276,2736,4096,0,86,0,381.700
4853,6281,2,43,258,2736,4096,400,86,0,422.700
4854,6282,2,6,36,2736,4096,0,86,0,314.500
4855,6283,2,3,18,2736,4096,400,86,0,420.800
4856,6284,2,3,18,2736,4096,0,86,0,367.400
4857,6285,2,4,24,2736,4096,400,86,0,335.000
4858,6286,2,5,30,2736,4096,0,86,0,491.000
4859,6287,2,5,30,2736,4096,400,86,0,318.600
4860,6288,2,2,12,2736,4096,0,86,0,571.800
4861,6289,2,2,12,2736,4096,400,86,0,433.700
4862,6290,2,2,12,2736,4096,0,86,0,435.100
4863,6291,2,1,6,2736,4096,400,86,0,400.100
4864,6292,2,7,42,2736,4096,0,86,0,416.900
4865,6293,2,7,42,2736,4096,400,86,0,354.200
4866,6294,2,6,36,2736,4096,0,86,0,430.500
4867,6295,2,0,0,2736,4096,400,86,0,226.600
4868,6296,2,8,48,2736,4096,0,86,0,284.100
4869,6297,2,84,504,2736,4096,400,86,0,365.700
4870,6298,2,92,552,2736,4096,0,86,0,496.000
4871,6299,2,133,798,2736,4096,400,86,0,350.400
4872,6300,2,144,864,2736,4096,0,86,0,628.900
4873,6301,2,155,930,2736,4096,400,86,0,308.800
4874,6302,2,155,930,2736,4096,0,86,0,639.600
4875,6303,2,179,1071,2736,4096,400,86,0,419.100
4876,6304,2,259,1557,2736,4096,0,86,0,391.100
4877,6305,2,271,1626,2736,4096,400,86,0,508.200
4878,6306,2,271,1626,2736,4096,0,86,0,458.600
4879,6308,2,273,1638,2736,4096,400,86,0,651.400
4880,6309,2,273,1638,2736,4096,0,86,0,498.200
4881,6310,2,362,2172,2736,4096,400,86,0,353.300
4882,6311,2,345,2070,2736,4096,0,86,0,325.300
4883,6312,2,296,1776,2736,4096,400,86,0,316.100
4884,6313,2,336,2016,2736,4096,0,86,0,373.300
4885,6314,2,336,2016,2736,4096,400,86,0,391.300
4886,6315,2,334,2004,2736,4096,0,86,0,404.400
4887,6316,2,338,2025,2736,4096,400,86,0,333.400
4888,6317,2,332,1992,2736,4096,0,86,0,382.000
4889,6318,2,316,1896,2736,4096,400,86,0,512.700
4890,6319,2,324,1944,2736,4096,0,86,0,354.800
4891,6320,2,311,1866,2736,4096,400,86,0,613.600
4892,6321,2,349,2094,2736,4096,0,86,0,482.200
4893,6322,2,348,2088,2736,4096,400,86,0,489.000
4894,6323,2,382,2292,2736,4096,0,86,0,417.600
4895,6324,2,381,2286,2736,4096,400,86,0,423.800
4896,6325,2,380,2280,2736,4096,0,86,0,542.100
4897,6326,2,276,1656,2736,4096,400,86,0,349.800
4898,6327,2,242,1452,2736,4096,0,86,0,396.200
4899,6328,2,174,1044,2736,4096,400,86,0,461.400
4900,6329,2,169,1014,2736,4096,0,86,0,367.000
4901,6330,2,165,990,2736,4096,400,86,1,182062.000
4902,6331,2,164,984,2736,4096,0,86,0,1439.200
4903,6332,2,164,984,2736,4096,400,86,0,988.000
4904,6333,2,168,1008,2736,4096,0,86,0,1141.700
4905,6334,2,169,1014,2736,4096,400,86,0,1171.800
4906,6335,2,169,1014,2736,4096,0,86,0,1009.200
4907,6336,2,171,1026,2736,4096,400,86,0,1277.200
4908,6337,2,173,1038,2736,4096,0,86,0,1402.300
4909,6338,2,166,996,2736,4096,400,86,0,1049.200
4910,6339,2,167,1002,2736,4096,0,86,0,1214.900
4911,6340,2,168,1008,2736,4096,400,86,0,466.800
4912,6341,2,169,1014,2736,4096,0,86,0,515.600
4913,6342,2,174,1044,2736,4096,400,86,0,465.900
4914,6343,2,174,1044,2736,4096,0,86,0,11421.300
4915,6345,2,171,1026,2736,4096,400,86,0,510.600
4916,6346,2,174,1044,2736,4096,0,86,0,583.800
4917,6347,2,209,1254,2736,4096,400,86,0,487.200
4918,6348,2,204,1224,2736,4096,0,86,0,461.700
4919,6349,2,254,1524,2736,4096,400,86,0,454.200
4920,6350,2,217,1302,2736,4096,0,86,0,517.100
4921,6351,2,217,1302,2736,4096,400,86,0,666.800
4922,6352,2,217,1302,2736,4096,0,86,0,696.700
4923,6353,2,213,1278,2736,4096,400,86,0,478.900
4924,6354,2,273,1644,2736,4096,0,86,0,850.800
4925,6355,2,266,1596,2736,4096,400,86,0,563.600
4926,6356,2,267,1602,2736,4096,0,86,0,16465.100
4927,6358,2,310,1863,2736,4096,400,86,0,699.300
4928,6359,2,310,1860,2736,4096,0,86,0,504.100
4929,6360,2,312,1872,2736,4096,400,86,0,403.600
4930,6361,2,308,1848,2736,4096,0,86,0,568.900
4931,6362,2,287,1722,2736,4096,400,86,0,658.900
4932,6363,2,288,1728,2736,4096,0,86,0,520.200
4933,6364,2,299,1794,2736,4096,400,86,0,442.600
4934,6365,2,292,1752,2736,4096,0,86,0,427.800
4935,6366,2,292,1752,2736,4096,400,86,0,583.700
4936,6367,2,329,1974,2736,4096,0,86,0,434.200
4937,6368,2,376,2256,2736,4096,400,86,0,508.400
4938,6369,2,376,2256,2736,4096,0,86,0,492.800
4939,6370,2,376,2256,2736,4096,400,86,0,437.600
4940,6371,2,375,2250,2736,4096,0,86,0,496.100
4941,6372,2,375,2250,2736,4096,400,86,0,393.700
4942,6373,2,375,2250,2736,4096,0,86,0,458.000
4943,6374,2,377,2262,2736,4096,400,86,0,540.500
4944,6375,2,381,2286,2736,4096,0,86,0,458.100
4945,6376,2,353,2118,2736,4096,400,86,0,357.400
4946,6377,2,352,2112,2736,4096,0,86,0,420.500
4947,6378,2,351,2106,2736,4096,400,86,0,539.700
4948,6379,2,346,2076,2736,4096,0,86,0,469.300
4949,6380,2,383,2298,2736,4096,400,86,0,461.100
4950,6381,2,382,2292,2736,4096,0,86,0,453.300
4951,6382,2,376,2256,2736,4096,400,86,0,305.500
4952,6383,2,381,2286,2736,4096,0,86,0,330.800
4953,6384,2,384,2304,2736,4096,400,86,0,376.400
4954,6385,2,341,2046,2736,4096,0,86,0,368.200
4955,6386,2,341,2046,2736,4096,400,86,0,323.900
4956,6387,2,378,2268,2736,4096,0,86,0,476.200
4957,6388,2,527,3162,2736,4096,400,86,0,362.300
4958,6389,2,492,2952,2736,4096,0,86,0,335.500
4959,6390,2,495,2970,2736,4096,400,86,0,495.500
4960,6391,2,500,3000,2736,4096,0,86,0,306.700
4961,6392,2,519,3114,2736,4096,400,86,0,434.100
4962,6393,2,547,3282,2736,4096,0,86,0,488.000
4963,6394,2,507,3042,2736,4096,400,86,0,536.300
4964,6395,2,481,2886,2736,4096,0,86,0,479.300
4965,6396,2,577,3462,2736,4096,400,86,0,508.100
4966,6397,2,613,3678,2736,4096,0,86,0,632.300
4967,6398,2,590,3540,2736,4096,400,86,0,394.300
4968,6399,2,460,2760,2736,4096,0,86,0,371.900
4969,6400,2,456,2736,2736,4096,400,86,0,422.200
4970,6401,2,418,2508,2736,4096,0,86,0,397.400
4971,6402,2,474,2844,2736,4096,400,86,0,356.300
4972,6403,2,511,3066,2736,4096,0,86,0,457.500
4973,6404,2,458,2748,2736,4096,400,86,0,465.700
4974,6405,2,390,2340,2736,4096,0,86,0,581.200
4975,6406,2,304,1824,2736,4096,400,86,0,382.800
4976,6407,2,299,1794,2736,4096,0,86,0,555.300
4977,6408,2,360,2160,2736,4096,400,86,0,427.400
4978,6409,2,353,2118,2736,4096,0,86,0,358.800
4979,6410,2,272,1632,2736,4096,400,86,0,689.900
4980,6411,2,238,1428,2736,4096,0,86,0,409.800
4981,6412,2,159,957,2736,4096,400,86,0,430.200
4982,6413,2,113,678,2736,4096,0,86,0,328.300
4983,6414,2,16,96,2736,4096,400,86,0,382.600
4984,6415,2,16,96,2736,4096,0,86,0,322.800
4985,6416,2,6,36,2736,4096,400,86,0,378.400
4986,6417,2,6,36,2736,4096,0,86,0,727.900
4987,6418,2,0,0,2736,4096,400,86,0,280.400
4988,6419,2,0,0,2736,4096,0,86,0,264.300
4989,6420,2,3,18,2736,4096,400,86,0,586.200
4990,6421,2,39,234,2736,4096,0,86,0,319.900
4991,6422,2,5,30,2736,4096,400,86,0,458.600
4992,6423,2,6,36,2736,4096,0,86,0,370.300
4993,6424,2,0,0,2736,4096,400,86,0,273.600
4994,6425,2,0,0,2736,4096,0,86,0,218.400
4995,6426,2,0,0,2736,4096,400,86,0,327.700
4996,6427,2,0,0,2736,4096,0,86,0,263.300
4997,6428,2,0,0,2736,4096,400,86,0,277.300
4998,6429,2,6,36,2736,4096,0,86,0,328.200
4999,6430,2,6,36,2736,4096,400,86,0,423.800
5000,6431,2,0,0,2736,4096,0,86,0,402.300
5001,6432,2,0,0,2736,4096,400,86,0,222.600
5002,6433,2,0,0,2736,4096,0,86,0,315.600
5003,6434,2,43,258,2736,4096,400,86,0,386.800
5004,6435,2,43,258,2736,4096,0,86,0,477.500
5005,6436,2,37,222,2736,4096,400,86,0,424.300
5006,6437,2,37,222,2736,4096,0,86,0,400.000
5007,6438,2,37,222,2736,4096,400,86,0,457.100
5008,6439,2,8,48,2736,4096,0,86,0,411.000
5009,6440,2,6,36,2736,4096,400,86,0,432.300
5010,6441,2,6,36,2736,4096,0,86,0,490.000
5011,6442,2,3,18,2736,4096,400,86,0,355.700
5012,6443,2,3,18,2736,4096,0,86,0,382.600
5013,6444,2,9,54,2736,4096,400,86,0,382.500
5014,6445,2,6,36,2736,4096,0,86,0,367.300
5015,6446,2,6,36,2736,4096,400,86,0,358.400
5016,6447,2,6,36,2736,4096,0,86,0,559.900
5017,6448,2,6,36,2736,4096,400,86,0,364.900
5018,6449,2,0,0,2736,4096,0,86,0,270.800
5019,6450,2,0,0,2736,4096,400,86,0,257.700
5020,6451,2,0,0,2736,4096,0,86,0,229.800
5021,6452,2,6,36,2736,4096,400,86,0,427.600
5022,6453,2,6,36,2736,4096,0,86,0,395.300
5023,6454,2,6,36,2736,4096,400,86,0,448.600
5024,6455,2,6,36,2736,4096,0,86,0,377.900
5025,6456,2,6,36,2736,4096,400,86,0,375.700
5026,6457,2,6,36,2736,4096,0,86,0,360.400
5027,6458,2,6,36,2736,4096,400,86,0,390.900
5028,6459,2,6,36,2736,4096,0,86,0,381.900
5029,6460,2,6,36,2736,4096,400,86,0,317.600
5030,6461,2,0,0,2736,4096,0,86,0,220.400
5031,6462,2,0,0,2736,4096,400,86,0,238.200
5032,6463,2,0,0,2736,4096,0,86,0,322.300
5033,6464,2,0,0,2736,4096,400,86,0,283.500
5034,6465,2,0,0,2736,4096,0,86,0,187.700
5035,6466,2,0,0,2736,4096,400,86,0,225.900
5036,6467,2,0,0,2736,4096,0,86,0,367.900
5037,6468,2,0,0,2736,4096,400,86,0,331.200
5038,6469,2,0,0,2736,4096,0,86,0,324.000
5039,6470,2,0,0,2736,4096,400,86,0,244.400
5040,6471,2,0,0,2736,4096,0,86,0,285.000
5041,6472,2,0,0,2736,4096,400,86,0,287.100
5042,6473,2,0,0,2736,4096,0,86,0,331.900
5043,6474,2,6,36,2736,4096,400,86,0,415.600
5044,6475,2,6,36,2736,4096,0,86,0,392.400
5045,6476,2,14,84,2736,4096,400,86,0,611.800
5046,6477,2,8,48,2736,4096,0,86,0,364.700
5047,6478,2,8,48,2736,4096,400,86,0,324.200
5048,6479,2,8,48,2736,4096,0,86,0,465.100
5049,6480,2,8,48,2736,4096,400,86,0,555.900
5050,6481,2,8,48,2736,4096,0,86,0,471.000
5051,6482,2,8,48,2736,4096,400,86,0,492.100
5052,6483,2,66,399,2736,4096,0,86,0,287.800
5053,6484,2,43,258,2736,4096,400,86,0,431.100
5054,6485,2,36,216,2736,4096,0,86,0,347.800
5055,6486,2,10,60,2736,4096,400,86,0,736.000
5056,6487,2,6,36,2736,4096,0,86,0,561.300
5057,6488,2,0,0,2736,4096,400,86,0,225.500
5058,6489,2,0,0,2736,4096,0,86,0,212.300
5059,6490,2,0,0,2736,4096,400,86,0,255.900
5060,6491,2,0,0,2736,4096,0,86,0,268.300
5061,6492,2,0,0,2736,4096,400,86,0,245.300
5062,6493,2,0,0,2736,4096,0,86,0,381.800
5063,6494,2,0,0,2736,4096,400,86,0,332.800
5064,6495,2,0,0,2736,4096,0,86,0,270.200
5065,6496,2,27,162,2736,4096,400,86,0,336.000
5066,6497,2,0,0,2736,4096,0,86,0,262.400
5067,6498,2,0,0,2736,4096,400,86,0,206.800
5068,6499,2,0,0,2736,4096,0,86,0,155.700
5069,6500,2,25,156,2736,4096,400,86,0,331.000
5070,6501,2,22,132,2736,4096,0,86,0,363.100
5071,6502,2,0,0,2736,4096,400,86,0,152.300
5072,6503,2,0,0,2736,4096,0,86,0,259.200
5073,6504,2,0,0,2736,4096,400,86,0,263.400
5074,6505,2,0,0,2736,4096,0,86,0,335.500
5075,6506,2,0,0,2736,4096,400,86,0,279.800
5076,6507,2,0,0,2736,4096,0,86,0,204.800
5077,6508,2,0,0,2736,4096,400,86,0,237.200
5078,6509,2,0,0,2736,4096,0,86,0,266.600
5079,6510,2,0,0,2736,4096,400,86,0,184.900
5080,6511,2,0,0,2736,4096,0,86,0,214.100
5081,6512,2,0,0,2736,4096,400,86,0,240.600
5082,6513,2,0,0,2736,4096,0,86,0,196.400
5083,6514,2,0,0,2736,4096,400,86,0,344.700
5084,6515,2,0,0,2736,4096,0,86,0,239.400
5085,6516,2,6,36,2736,4096,400,86,0,308.700
5086,6517,2,0,0,2736,4096,0,86,0,164.500
5087,6518,2,0,0,2736,4096,400,86,0,180.400
5088,6519,2,0,0,2736,4096,0,86,0,187.300
5089,6520,2,0,0,2736,4096,400,86,0,251.800
5090,6521,2,0,0,2736,4096,0,86,0,269.300
5091,6522,2,0,0,2736,4096,400,86,0,177.300
5092,6523,2,0,0,2736,4096,0,86,0,187.500
5093,6524,2,0,0,2736,4096,400,86,0,235.500
5094,6525,2,0,0,2736,4096,0,86,0,208.500
5095,6526,2,0,0,2736,4096,400,86,0,214.600
5096,6527,2,0,0,2736,4096,0,86,0,217.900
5097,6528,2,0,0,2736,4096,400,86,0,233.500
5098,6529,2,0,0,2736,4096,0,86,0,244.000
5099,6530,2,0,0,2736,4096,400,86,0,179.600
5100,6531,2,0,0,2736,4096,0,86,0,171.300
5101,6532,2,0,0,2736,4096,400,86,0,361.100
5102,6533,2,0,0,2736,4096,0,86,0,214.500
5103,6534,2,68,408,2736,4096,400,86,0,304.300
5104,6535,2,68,408,2736,4096,0,86,0,317.600
5105,6536,2,64,384,2736,4096,400,86,0,285.100
5106,6537,2,64,384,2736,4096,0,86,0,279.800
5107,6538,2,240,1440,2736,4096,400,86,0,437.100
5108,6539,2,174,1044,2736,4096,0,86,0,465.200
5109,6540,2,174,1044,2736,4096,400,86,0,659.600
5110,6541,2,242,1452,2736,4096,0,86,0,513.400
5111,6542,2,225,1350,2736,4096,400,86,0,452.300
5112,6543,2,157,942,2736,4096,0,86,0,357.300
5113,6544,2,157,942,2736,4096,400,86,0,504.000
5114,6545,2,165,990,2736,4096,0,86,0,387.400
5115,6546,2,165,990,2736,4096,400,86,0,509.100
5116,6547,2,165,990,2736,4096,0,86,0,369.900
5117,6548,2,165,990,2736,4096,400,86,0,437.300
5118,6549,2,165,990,2736,4096,0,86,0,313.800
5119,6550,2,165,990,2736,4096,400,86,0,301.100
5120,6551,2,165,990,2736,4096,0,86,0,441.700
5121,6552,2,165,990,2736,4096,400,86,0,382.000
5122,6553,2,166,996,2736,4096,0,86,0,491.000
5123,6554,2,166,996,2736,4096,400,86,0,369.800
5124,6555,2,165,990,2736,4096,0,86,0,366.500
5125,6556,2,165,990,2736,4096,400,86,0,404.600
5126,6557,2,165,990,2736,4096,0,86,0,401.300
5127,6558,2,165,990,2736,4096,400,86,0,265.300
5128,6559,2,165,990,2736,4096,0,86,0,423.500
5129,6560,2,165,990,2736,4096,400,86,0,347.000
5130,6561,2,165,990,2736,4096,0,86,0,415.000
5131,6562,2,165,990,2736,4096,400,86,0,427.100
5132,6563,2,165,990,2736,4096,0,86,0,399.000
5133,6564,2,165,990,2736,4096,400,86,0,372.400
5134,6565,2,165,990,2736,4096,0,86,0,343.900
5135,6566,2,165,990,2736,4096,400,86,0,346.500
5136,6567,2,165,990,2736,4096,0,86,0,367.400
5137,6568,2,165,990,2736,4096,400,86,0,314.600
5138,6569,2,165,990,2736,4096,0,86,0,325.500
5139,6570,2,166,996,2736,4096,400,86,0,452.400
5140,6571,2,166,996,2736,4096,0,86,0,393.800
5141,6572,2,166,996,2736,4096,400,86,0,265.600
5142,6573,2,166,996,2736,4096,0,86,0,326.400
5143,6574,2,187,1122,2736,4096,400,86,0,409.700
5144,6575,2,187,1122,2736,4096,0,86,0,359.000
5145,6576,2,179,1074,2736,4096,400,86,0,398.000
5146,6577,2,157,942,2736,4096,0,86,0,484.200
5147,6578,2,157,942,2736,4096,400,86,0,375.300
5148,6579,2,157,942,2736,4096,0,86,0,796.700
5149,6580,2,157,942,2736,4096,400,86,0,391.500
5150,6581,2,221,1326,2736,4096,0,86,0,419.600
5151,6582,2,223,1338,2736,4096,400,86,0,442.200
5152,6583,2,225,1350,2736,4096,0,86,0,399.400
5153,6584,2,225,1350,2736,4096,400,86,0,322.400
5154,6585,2,224,1344,2736,4096,0,86,0,337.300
5155,6586,2,156,936,2736,4096,400,86,0,422.900
5156,6587,2,156,936,2736,4096,0,86,0,286.700
5157,6588,2,156,936,2736,4096,400,86,0,1081.400
5158,6589,2,156,936,2736,4096,0,86,0,328.000
5159,6590,2,156,936,2736,4096,400,86,0,460.300
5160,6591,2,156,936,2736,4096,0,86,0,435.300
5161,6592,2,156,936,2736,4096,400,86,0,404.400
5162,6593,2,156,936,2736,4096,0,86,0,234.400
5163,6594,2,156,936,2736,4096,400,86,0,336.100
5164,6595,2,171,1026,2736,4096,0,86,0,398.300
5165,6596,2,171,1026,2736,4096,400,86,0,413.500
5166,6597,2,180,1080,2736,4096,0,86,0,345.700
5167,6598,2,198,1188,2736,4096,400,86,0,310.600
5168,6599,2,183,1098,2736,4096,0,86,0,331.000
5169,6600,2,183,1098,2736,4096,400,86,0,452.500
5170,6601,2,198,1188,2736,4096,0,86,0,434.900
5171,6602,2,193,1158,2736,4096,400,86,0,357.300
5172,6603,2,193,1158,2736,4096,0,86,0,340.200
5173,6604,2,193,1158,2736,4096,400,86,0,363.200
5174,6605,2,178,1068,2736,4096,0,86,0,342.500
5175,6606,2,178,1068,2736,4096,400,86,0,378.800
5176,6607,2,186,1116,2736,4096,0,86,0,402.000
5177,6608,2,186,1116,2736,4096,400,86,0,345.000
5178,6609,2,186,1116,2736,4096,0,86,0,322.900
5179,6610,2,186,1116,2736,4096,400,86,0,344.200
5180,6611,2,186,1116,2736,4096,0,86,0,345.000
5181,6612,2,186,1116,2736,4096,400,86,0,332.400
5182,6613,2,186,1116,2736,4096,0,86,0,360.200
5183,6614,2,186,1116,2736,4096,400,86,0,286.400
5184,6615,2,178,1068,2736,4096,0,86,0,373.800
5185,6616,2,178,1068,2736,4096,400,86,0,254.500
5186,6617,2,178,1068,2736,4096,0,86,0,386.900
5187,6618,2,178,1068,2736,4096,400,86,0,394.900
5188,6619,2,178,1068,2736,4096,0,86,0,413.600
5189,6620,2,178,1068,2736,4096,400,86,0,499.500
5190,6621,2,193,1158,2736,4096,0,86,0,290.900
5191,6623,2,185,1110,2736,4096,400,86,0,269.500
5192,6624,2,187,1122,2736,4096,0,86,0,486.000
5193,6625,2,188,1128,2736,4096,400,86,0,424.700
5194,6626,2,188,1128,2736,4096,0,86,0,394.900
5195,6627,2,198,1188,2736,4096,400,86,0,365.700
5196,6628,2,198,1188,2736,4096,0,86,0,301.500
5197,6629,2,198,1188,2736,4096,400,86,0,387.100
5198,6630,2,210,1260,2736,4096,0,86,0,302.000
5199,6631,2,203,1218,2736,4096,400,86,0,349.700
5200,6632,2,189,1134,2736,4096,0,86,0,337.400
5201,6633,2,189,1134,2736,4096,400,86,0,442.100
5202,6634,2,189,1134,2736,4096,0,86,0,376.600
5203,6635,2,188,1128,2736,4096,400,86,0,490.400
5204,6636,2,188,1128,2736,4096,0,86,0,462.900
5205,6637,2,187,1122,2736,4096,400,86,0,328.000
5206,6638,2,182,1092,2736,4096,0,86,0,273.300
5207,6639,2,182,1092,2736,4096,400,86,0,335.600
5208,6640,2,182,1092,2736,4096,0,86,0,285.700
5209,6641,2,183,1098,2736,4096,400,86,0,291.300
5210,6642,2,191,1146,2736,4096,0,86,0,314.500
5211,6643,2,259,1554,2736,4096,400,86,0,667.600
5212,6644,2,251,1506,2736,4096,0,86,0,311.800
5213,6645,2,183,1098,2736,4096,400,86,0,397.100
5214,6646,2,183,1098,2736,4096,0,86,0,297.100
5215,6647,2,176,1056,2736,4096,400,86,0,282.200
5216,6648,2,176,1056,2736,4096,0,86,0,460.300
5217,6649,2,176,1056,2736,4096,400,86,0,300.300
5218,6650,2,168,1008,2736,4096,0,86,0,304.300
5219,6651,2,176,1056,2736,4096,400,86,0,348.100
5220,6652,2,155,930,2736,4096,0,86,0,374.000
5221,6653,2,155,930,2736,4096,400,86,0,357.000
5222,6654,2,177,1062,2736,4096,0,86,0,386.300
5223,6655,2,171,1026,2736,4096,400,86,0,296.900
5224,6656,2,163,978,2736,4096,0,86,0,328.400
5225,6657,2,144,864,2736,4096,400,86,0,271.300
5226,6658,2,130,780,2736,4096,0,86,0,360.900
5227,6659,2,118,708,2736,4096,400,86,0,357.500
5228,6660,2,117,702,2736,4096,0,86,0,430.800
5229,6661,2,103,618,2736,4096,400,86,0,315.600
5230,6662,2,110,660,2736,4096,0,86,0,305.100
5231,6663,2,110,660,2736,4096,400,86,0,330.100
5232,6664,2,109,654,2736,4096,0,86,0,458.500
5233,6665,2,124,744,2736,4096,400,86,0,495.000
5234,6666,2,136,816,2736,4096,0,86,0,497.400
5235,6667,2,113,678,2736,4096,400,86,0,341.200
5236,6668,2,120,720,2736,4096,0,86,0,395.300
5237,6669,2,120,720,2736,4096,400,86,0,379.500
5238,6670,2,115,690,2736,4096,0,86,0,387.900
5239,6671,2,124,744,2736,4096,400,86,0,354.900
5240,6672,2,124,744,2736,4096,0,86,0,390.700
5241,6673,2,116,696,2736,4096,400,86,0,456.000
5242,6674,2,116,696,2736,4096,0,86,0,263.000
5243,6675,2,126,756,2736,4096,400,86,0,334.200
5244,6676,2,134,804,2736,4096,0,86,0,285.000
5245,6677,2,134,804,2736,4096,400,86,0,298.700
5246,6678,2,126,756,2736,4096,0,86,0,396.800
5247,6679,2,126,756,2736,4096,400,86,0,283.900
5248,6680,2,126,756,2736,4096,0,86,0,368.700
5249,6681,2,126,756,2736,4096,400,86,0,323.400
5250,6682,2,104,624,2736,4096,0,86,0,262.000
5251,6683,2,104,624,2736,4096,400,86,0,268.500
5252,6684,2,112,672,2736,4096,0,86,0,399.700
5253,6685,2,104,624,2736,4096,400,86,0,382.500
5254,6686,2,127,762,2736,4096,0,86,0,286.600
5255,6687,2,127,762,2736,4096,400,86,0,289.100
5256,6688,2,142,852,2736,4096,0,86,0,344.900
5257,6689,2,142,852,2736,4096,400,86,0,308.200
5258,6690,2,142,852,2736,4096,0,86,0,367.700
5259,6691,2,142,852,2736,4096,400,86,0,223.600
5260,6692,2,127,762,2736,4096,0,86,0,432.300
5261,6694,2,127,762,2736,4096,400,86,0,356.600
5262,6695,2,125,750,2736,4096,0,86,0,294.900
5263,6696,2,125,750,2736,4096,400,86,0,289.000
5264,6697,2,125,750,2736,4096,0,86,0,256.300
5265,6698,2,124,744,2736,4096,400,86,0,392.000
5266,6699,2,124,744,2736,4096,0,86,0,300.900
5267,6700,2,133,798,2736,4096,400,86,0,375.000
5268,6701,2,124,744,2736,4096,0,86,0,269.000
5269,6702,2,117,702,2736,4096,400,86,0,388.600
5270,6703,2,117,702,2736,4096,0,86,0,384.800
5271,6704,2,201,1206,2736,4096,400,86,0,303.600
5272,6705,2,222,1332,2736,4096,0,86,0,386.300
5273,6706,2,214,1284,2736,4096,400,86,0,316.700
5274,6707,2,268,1608,2736,4096,0,86,0,416.200
5275,6708,2,269,1614,2736,4096,400,86,0,450.900
5276,6709,2,201,1206,2736,4096,0,86,0,348.400
5277,6710,2,190,1140,2736,4096,400,86,0,372.200
5278,6711,2,168,1008,2736,4096,0,86,0,346.300
5279,6712,2,187,1122,2736,4096,400,86,0,300.900
5280,6713,2,128,768,2736,4096,0,86,0,342.900
5281,6714,2,141,846,2736,4096,400,86,0,373.500
5282,6715,2,118,708,2736,4096,0,86,0,308.000
5283,6716,2,139,834,2736,4096,400,86,0,263.200
5284,6717,2,147,882,2736,4096,0,86,0,252.400
5285,6718,2,131,786,2736,4096,400,86,0,240.600
5286,6719,2,164,984,2736,4096,0,86,0,311.900
5287,6720,2,140,840,2736,4096,400,86,0,326.000
5288,6721,2,144,864,2736,4096,0,86,0,369.700
5289,6722,2,177,1062,2736,4096,400,86,0,468.400
5290,6723,2,173,1038,2736,4096,0,86,0,276.400
5291,6724,2,181,1086,2736,4096,400,86,0,382.900
5292,6725,2,207,1242,2736,4096,0,86,0,248.900
5293,6726,2,224,1344,2736,4096,400,86,0,293.000
5294,6727,2,259,1554,2736,4096,0,86,0,348.800
5295,6728,2,259,1554,2736,4096,400,86,0,447.000
5296,6729,2,247,1482,2736,4096,0,86,0,435.000
5297,6730,2,250,1500,2736,4096,400,86,0,593.500
5298,6731,2,326,1956,2736,4096,0,86,0,518.600
5299,6732,2,320,1920,2736,4096,400,86,0,242.800
5300,6733,2,321,1926,2736,4096,0,86,0,489.800
5301,6734,2,302,1812,2736,4096,400,86,0,424.800
5302,6735,2,312,1872,2736,4096,0,86,0,397.200
5303,6736,2,333,1998,2736,4096,400,86,0,318.300
5304,6737,2,319,1914,2736,4096,0,86,0,447.300
5305,6738,2,311,1866,2736,4096,400,86,0,833.300
5306,6739,2,279,1674,2736,4096,0,86,0,537.500
5307,6740,2,292,1752,2736,4096,400,86,0,348.300
5308,6741,2,282,1692,2736,4096,0,86,0,328.700
5309,6742,2,289,1734,2736,4096,400,86,0,400.000
5310,6743,2,290,1740,2736,4096,0,86,0,383.400
5311,6744,2,282,1692,2736,4096,400,86,0,357.300
5312,6745,2,185,1110,2736,4096,0,86,0,284.400
5313,6746,2,183,1098,2736,4096,400,86,0,295.000
5314,6747,2,173,1038,2736,4096,0,86,0,312.900
5315,6748,2,174,1044,2736,4096,400,86,0,302.000
5316,6749,2,159,954,2736,4096,0,86,0,297.900
5317,6750,2,150,900,2736,4096,400,86,0,308.700
5318,6751,2,148,888,2736,4096,0,86,0,285.800
5319,6752,2,144,864,2736,4096,400,86,0,328.400
5320,6753,2,143,858,2736,4096,0,86,0,325.000
5321,6754,2,139,834,2736,4096,400,86,0,361.800
5322,6755,2,183,1098,2736,4096,0,86,0,386.400
5323,6756,2,183,1098,2736,4096,400,86,0,327.400
5324,6757,2,193,1158,2736,4096,0,86,0,360.800
5325,6758,2,171,1026,2736,4096,400,86,0,456.400
5326,6759,2,183,1098,2736,4096,0,86,0,370.000
5327,6760,2,179,1074,2736,4096,400,86,0,396.900
5328,6761,2,173,1038,2736,4096,0,86,0,443.900
5329,6762,2,172,1032,2736,4096,400,86,0,357.200
5330,6763,2,220,1320,2736,4096,0,86,0,419.200
5331,6764,2,200,1200,2736,4096,400,86,0,431.000
5332,6765,2,217,1302,2736,4096,0,86,0,409.700
5333,6766,2,231,1386,2736,4096,400,86,0,449.600
5334,6768,2,194,1164,2736,4096,0,86,0,306.500
5335,6769,2,158,948,2736,4096,400,86,0,262.500
5336,6770,2,180,1080,2736,4096,0,86,0,344.500
5337,6771,2,149,894,2736,4096,400,86,0,428.300
5338,6773,2,141,846,2736,4096,0,86,0,434.400
5339,6774,2,189,1134,2736,4096,400,86,0,333.200
5340,6775,2,189,1134,2736,4096,0,86,0,386.900
5341,6776,2,185,1110,2736,4096,400,86,0,270.800
5342,6777,2,249,1494,2736,4096,0,86,0,365.000
5343,6778,2,231,1386,2736,4096,400,86,0,394.400
5344,6779,2,222,1332,2736,4096,0,86,0,319.800
5345,6780,2,242,1452,2736,4096,400,86,0,435.100
5346,6781,2,253,1518,2736,4096,0,86,0,397.000
5347,6782,2,240,1440,2736,4096,400,86,0,570.100
5348,6783,2,278,1668,2736,4096,0,86,0,440.200
5349,6784,2,217,1302,2736,4096,400,86,0,351.300
5350,6785,2,249,1494,2736,4096,0,86,0,336.700
5351,6786,2,291,1746,2736,4096,400,86,0,309.600
5352,6787,2,301,1806,2736,4096,0,86,0,343.600
5353,6788,2,234,1404,2736,4096,400,86,0,338.700
5354,6789,2,219,1314,2736,4096,0,86,0,443.500
5355,6790,2,193,1158,2736,4096,400,86,0,463.500
5356,6791,2,185,1110,2736,4096,0,86,0,395.300
5357,6792,2,239,1434,2736,4096,400,86,0,467.700
5358,6793,2,219,1314,2736,4096,0,86,0,284.000
5359,6794,2,219,1314,2736,4096,400,86,0,340.500
5360,6796,2,180,1080,2736,4096,0,86,0,384.100
5361,6797,2,187,1122,2736,4096,400,86,0,379.800
5362,6798,2,195,1170,2736,4096,0,86,0,388.000
5363,6799,2,178,1068,2736,4096,400,86,0,392.100
5364,6800,2,156,936,2736,4096,0,86,0,373.100
5365,6801,2,148,888,2736,4096,400,86,0,271.800
5366,6802,2,140,840,2736,4096,0,86,0,353.000
5367,6803,2,90,540,2736,4096,400,86,0,315.500
5368,6804,2,90,540,2736,4096,0,86,0,350.400
5369,6805,2,90,540,2736,4096,400,86,0,441.900
5370,6806,2,90,540,2736,4096,0,86,0,291.500
5371,6807,2,86,516,2736,4096,400,86,0,340.600
5372,6809,2,86,516,2736,4096,0,86,0,401.900
5373,6810,2,86,516,2736,4096,400,86,0,393.900
5374,6811,2,115,690,2736,4096,0,86,0,460.800
5375,6812,2,136,816,2736,4096,400,86,0,416.300
5376,6813,2,109,654,2736,4096,0,86,0,449.000
5377,6814,2,109,654,2736,4096,400,86,0,315.800
5378,6815,2,107,642,2736,4096,0,86,0,390.000
5379,6816,2,106,636,2736,4096,400,86,0,395.300
5380,6817,2,86,516,2736,4096,0,86,0,321.300
5381,6819,2,86,516,2736,4096,400,86,0,302.800
5382,6820,2,88,528,2736,4096,0,86,0,358.900
5383,6821,2,88,528,2736,4096,400,86,0,397.900
5384,6822,2,88,528,2736,4096,0,86,0,294.500
5385,6823,2,138,828,2736,4096,400,86,0,451.500
5386,6824,2,146,876,2736,4096,0,86,0,324.200
5387,6825,2,154,924,2736,4096,400,86,0,284.500
5388,6826,2,162,972,2736,4096,0,86,0,427.000
5389,6827,2,170,1020,2736,4096,400,86,0,334.700
5390,6828,2,162,972,2736,4096,0,86,0,258.700
5391,6829,2,168,1008,2736,4096,400,86,0,330.500
5392,6830,2,182,1092,2736,4096,0,86,0,261.400
5393,6831,2,327,1962,2736,4096,400,86,0,352.500
5394,6832,2,335,2010,2736,4096,0,86,0,257.800
5395,6833,2,345,2070,2736,4096,400,86,0,312.900
5396,6834,2,369,2214,2736,4096,0,86,0,312.300
5397,6835,2,404,2424,2736,4096,400,86,0,338.700
5398,6836,2,414,2484,2736,4096,0,86,0,336.900
5399,6837,2,424,2544,2736,4096,400,86,0,412.600
5400,6838,2,424,2544,2736,4096,0,86,0,456.500
5401,6839,2,441,2646,2736,4096,400,86,0,323.000
5402,6840,2,442,2652,2736,4096,0,86,0,481.900
5403,6841,2,525,3150,2736,4096,400,86,0,410.000
5404,6842,2,533,3198,2736,4096,0,86,0,466.100
5405,6843,2,485,2910,2736,4096,400,86,0,363.100
5406,6844,2,507,3042,2736,4096,0,86,0,503.400
5407,6845,2,525,3150,2736,4096,400,86,0,354.800
5408,6846,2,543,3258,2736,4096,0,86,0,451.400
5409,6847,2,550,3300,2736,4096,400,86,0,451.600
5410,6848,2,548,3288,2736,4096,0,86,0,511.000
5411,6849,2,548,3288,2736,4096,400,86,0,392.600
5412,6850,2,540,3240,2736,4096,0,86,0,412.500
5413,6851,2,548,3288,2736,4096,400,86,0,366.700
5414,6852,2,543,3258,2736,4096,0,86,0,489.400
5415,6853,2,555,3330,2736,4096,400,86,0,378.500
5416,6854,2,555,3330,2736,4096,0,86,0,339.700
5417,6855,2,564,3384,2736,4096,400,86,0,434.800
5418,6856,2,578,3468,2736,4096,0,86,0,593.300
5419,6857,2,596,3576,2736,4096,400,86,0,491.200
5420,6858,2,619,3714,2736,4096,0,86,0,646.100
5421,6859,2,627,3762,2736,4096,400,86,0,476.700
5422,6860,2,620,3720,2736,4096,0,86,0,490.700
5423,6861,2,666,3996,2736,4096,400,86,0,403.000
5424,6862,2,649,3894,2736,4096,0,86,0,459.500
5425,6863,2,665,3990,2736,4096,400,86,0,372.600
5426,6864,2,590,3540,2736,4096,0,86,0,365.100
5427,6865,2,590,3540,2736,4096,400,86,0,432.700
5428,6866,2,589,3534,2736,4096,0,86,0,331.800
5429,6867,2,564,3384,2736,4096,400,86,0,403.500
5430,6868,2,531,3186,2736,4096,0,86,0,390.700
5431,6869,2,499,2994,2736,4096,400,86,0,363.300
5432,6870,2,506,3036,2736,4096,0,86,0,346.700
5433,6871,2,483,2898,2736,4096,400,86,0,542.800
5434,6872,2,467,2802,2736,4096,0,86,0,313.200
5435,6873,2,472,2832,2736,4096,400,86,0,394.700
5436,6874,2,455,2730,2736,4096,0,86,0,332.900
5437,6875,2,420,2520,2736,4096,400,86,0,406.400
5438,6876,2,446,2676,2736,4096,0,86,0,361.600
5439,6877,2,450,2700,2736,4096,400,86,0,298.700
5440,6878,2,430,2580,2736,4096,0,86,0,429.000
5441,6879,2,425,2550,2736,4096,400,86,0,469.700
5442,6880,2,413,2478,2736,4096,0,86,0,453.400
5443,6881,2,406,2436,2736,4096,400,86,0,401.700
5444,6882,2,407,2442,2736,4096,0,86,0,364.700
5445,6883,2,398,2388,2736,4096,400,86,0,349.900
5446,6884,2,398,2388,2736,4096,0,86,0,338.800
5447,6885,2,391,2346,2736,4096,400,86,0,287.300
5448,6886,2,412,2472,2736,4096,0,86,0,362.800
5449,6887,2,407,2442,2736,4096,400,86,0,435.800
5450,6888,2,385,2310,2736,4096,0,86,0,399.300
5451,6889,2,385,2310,2736,4096,400,86,0,465.300
5452,6890,2,346,2076,2736,4096,0,86,0,353.200
5453,6891,2,346,2076,2736,4096,400,86,0,323.600
5454,6892,2,346,2076,2736,4096,0,86,0,356.100
5455,6893,2,424,2544,2736,4096,400,86,0,491.100
5456,6894,2,442,2652,2736,4096,0,86,0,358.100
5457,6895,2,438,2628,2736,4096,400,86,0,321.400
5458,6896,2,431,2586,2736,4096,0,86,0,366.000
5459,6897,2,430,2580,2736,4096,400,86,0,422.900
5460,6898,2,424,2544,2736,4096,0,86,0,407.800
5461,6899,2,445,2670,2736,4096,400,86,0,342.400
5462,6900,2,457,2742,2736,4096,0,86,0,490.200
5463,6901,2,416,2496,2736,4096,400,86,0,418.500
5464,6902,2,430,2580,2736,4096,0,86,0,483.800
5465,6903,2,423,2538,2736,4096,400,86,0,594.300
5466,6904,2,392,2352,2736,4096,0,86,0,487.800
5467,6905,2,349,2094,2736,4096,400,86,0,368.600
5468,6906,2,364,2184,2736,4096,0,86,0,456.600
5469,6907,2,354,2124,2736,4096,400,86,0,372.300
5470,6908,2,412,2472,2736,4096,0,86,0,358.900
5471,6909,2,413,2478,2736,4096,400,86,0,354.000
5472,6910,2,367,2202,2736,4096,0,86,0,580.000
5473,6911,2,322,1932,2736,4096,400,86,0,389.200
5474,6912,2,337,2022,2736,4096,0,86,0,364.400
5475,6913,2,327,1962,2736,4096,400,86,0,371.200
5476,6914,2,317,1902,2736,4096,0,86,0,370.200
5477,6915,2,285,1710,2736,4096,400,86,0,372.800
5478,6916,2,262,1572,2736,4096,0,86,0,411.000
5479,6917,2,266,1596,2736,4096,400,86,0,383.800
5480,6918,2,250,1500,2736,4096,0,86,0,306.200
5481,6919,2,229,1374,2736,4096,400,86,0,288.200
5482,6920,2,289,1734,2736,4096,0,86,0,349.700
5483,6921,2,291,1746,2736,4096,400,86,0,386.700
5484,6922,2,256,1536,2736,4096,0,86,0,403.500
5485,6923,2,248,1488,2736,4096,400,86,0,374.100
5486,6924,2,244,1464,2736,4096,0,86,0,348.000
5487,6925,2,228,1368,2736,4096,400,86,0,366.900
5488,6926,2,220,1320,2736,4096,0,86,0,355.700
5489,6927,2,229,1374,2736,4096,400,86,0,406.600
5490,6928,2,221,1326,2736,4096,0,86,0,376.600
5491,6929,2,192,1152,2736,4096,400,86,0,353.100
5492,6930,2,177,1062,2736,4096,0,86,0,323.400
5493,6931,2,131,786,2736,4096,400,86,0,390.500
5494,6932,2,131,786,2736,4096,0,86,0,394.800
5495,6933,2,131,786,2736,4096,400,86,0,443.600
5496,6934,2,132,792,2736,4096,0,86,0,337.100
5497,6935,2,132,792,2736,4096,400,86,0,351.400
5498,6936,2,41,246,2736,4096,0,86,0,384.600
5499,6937,2,41,246,2736,4096,400,86,0,356.500
5500,6938,2,23,138,2736,4096,0,86,0,398.300
5501,6939,2,23,138,2736,4096,400,86,0,318.100
5502,6940,2,23,138,2736,4096,0,86,0,390.100
5503,6941,2,23,138,2736,4096,400,86,0,333.000
5504,6942,2,23,138,2736,4096,0,86,0,312.900
5505,6943,2,23,138,2736,4096,400,86,0,340.800
5506,6944,2,22,132,2736,4096,0,86,0,383.600
5507,6945,2,22,132,2736,4096,400,86,0,304.300
5508,6947,2,108,648,2736,4096,0,86,0,369.000
5509,6948,2,175,1050,2736,4096,400,86,0,413.200
5510,6949,2,154,924,2736,4096,0,86,0,385.000
5511,6950,2,157,942,2736,4096,400,86,0,387.500
5512,6951,2,172,1032,2736,4096,0,86,0,276.500
5513,6952,2,173,1038,2736,4096,400,86,0,363.000
5514,6953,2,173,1038,2736,4096,0,86,0,357.300
5515,6954,2,188,1128,2736,4096,400,86,0,368.400
5516,6955,2,282,1692,2736,4096,0,86,0,391.700
5517,6956,2,214,1284,2736,4096,400,86,0,471.700
5518,6957,2,215,1290,2736,4096,0,86,0,433.500
5519,6958,2,214,1284,2736,4096,400,86,0,325.000
5520,6959,2,219,1314,2736,4096,0,86,0,438.300
5521,6960,2,219,1314,2736,4096,400,86,0,503.200
5522,6961,2,239,1434,2736,4096,0,86,0,422.900
5523,6962,2,122,732,2736,4096,400,86,0,364.800
5524,6963,2,104,624,2736,4096,0,86,0,463.500
5525,6964,2,202,1212,2736,4096,400,86,0,299.200
5526,6965,2,295,1770,2736,4096,0,86,0,440.900
5527,6966,2,360,2160,2736,4096,400,86,0,433.600
5528,6967,2,371,2226,2736,4096,0,86,0,367.300
5529,6968,2,387,2322,2736,4096,400,86,0,364.100
5530,6969,2,353,2118,2736,4096,0,86,0,389.300
5531,6970,2,296,1776,2736,4096,400,86,0,484.200
5532,6971,2,285,1710,2736,4096,0,86,0,380.400
5533,6972,2,193,1158,2736,4096,400,86,0,354.400
5534,6973,2,214,1284,2736,4096,0,86,0,339.400
5535,6974,2,159,954,2736,4096,400,86,0,773.000
5536,6975,2,141,846,2736,4096,0,86,0,327.400
5537,6976,2,116,696,2736,4096,400,86,0,334.100
5538,6977,2,100,600,2736,4096,0,86,0,372.200
5539,6978,2,93,558,2736,4096,400,86,0,355.700
5540,6979,2,56,336,2736,4096,0,86,0,372.100
5541,6980,2,56,336,2736,4096,400,86,0,276.700
5542,6981,2,42,252,2736,4096,0,86,0,351.100
5543,6982,2,110,660,2736,4096,400,86,0,284.000
5544,6983,2,110,660,2736,4096,0,86,0,387.100
5545,6984,2,110,660,2736,4096,400,86,0,325.800
5546,6985,2,110,660,2736,4096,0,86,0,293.400
5547,6986,2,42,252,2736,4096,400,86,0,318.900
5548,6987,2,55,330,2736,4096,0,86,0,374.700
5549,6988,2,30,180,2736,4096,400,86,0,336.500
5550,6989,2,21,126,2736,4096,0,86,0,252.600
5551,6990,2,21,126,2736,4096,400,86,0,325.700
5552,6991,2,21,126,2736,4096,0,86,0,295.300
5553,6992,2,21,126,2736,4096,400,86,0,346.300
5554,6993,2,36,216,2736,4096,0,86,0,287.500
5555,6994,2,36,216,2736,4096,400,86,0,256.200
5556,6995,2,36,216,2736,4096,0,86,0,282.200
5557,6996,2,36,216,2736,4096,400,86,0,318.100
5558,6997,2,36,216,2736,4096,0,86,0,337.500
5559,6998,2,36,216,2736,4096,400,86,0,389.000
5560,6999,2,36,216,2736,4096,0,86,0,350.900
5561,7000,2,28,168,2736,4096,400,86,0,347.000
5562,7001,2,28,168,2736,4096,0,86,0,306.600
5563,7002,2,28,168,2736,4096,400,86,0,343.200
5564,7003,2,28,168,2736,4096,0,86,0,418.100
5565,7004,2,28,168,2736,4096,400,86,0,260.500
5566,7005,2,36,216,2736,4096,0,86,0,242.700
5567,7006,2,36,216,2736,4096,400,86,0,352.200
5568,7007,2,36,216,2736,4096,0,86,0,310.500
5569,7008,2,36,216,2736,4096,400,86,0,266.500
5570,7009,2,36,216,2736,4096,0,86,0,335.300
5571,7010,2,38,228,2736,4096,400,86,0,295.700
5572,7011,2,38,228,2736,4096,0,86,0,315.500
5573,7012,2,38,228,2736,4096,400,86,0,281.700
5574,7013,2,36,216,2736,4096,0,86,0,361.800
5575,7014,2,36,216,2736,4096,400,86,0,341.100
5576,7015,2,36,216,2736,4096,0,86,0,331.400
5577,7016,2,36,216,2736,4096,400,86,0,371.400
5578,7017,2,36,216,2736,4096,0,86,0,258.500
5579,7018,2,36,216,2736,4096,400,86,0,305.500
5580,7019,2,36,216,2736,4096,0,86,0,309.400
5581,7020,2,36,216,2736,4096,400,86,0,479.200
5582,7021,2,36,216,2736,4096,0,86,0,301.700
5583,7022,2,28,168,2736,4096,400,86,0,384.100
5584,7023,2,28,168,2736,4096,0,86,0,314.200
5585,7024,2,28,168,2736,4096,400,86,0,348.200
5586,7025,2,28,168,2736,4096,0,86,0,219.700
5587,7026,2,28,168,2736,4096,400,86,0,237.100
5588,7027,2,36,216,2736,4096,0,86,0,263.800
5589,7028,2,36,216,2736,4096,400,86,0,245.500
5590,7029,2,36,216,2736,4096,0,86,0,373.000
5591,7030,2,21,126,2736,4096,400,86,0,300.900
5592,7031,2,21,126,2736,4096,0,86,0,365.200
5593,7032,2,36,216,2736,4096,400,86,0,325.000
5594,7033,2,45,270,2736,4096,0,86,0,311.300
5595,7034,2,45,270,2736,4096,400,86,0,353.100
5596,7035,2,34,204,2736,4096,0,86,0,262.700
5597,7036,2,34,204,2736,4096,400,86,0,313.700
5598,7037,2,82,492,2736,4096,0,86,0,332.900
5599,7038,2,96,576,2736,4096,400,86,0,353.400
5600,7039,2,98,588,2736,4096,0,86,0,295.000
5601,7040,2,113,678,2736,4096,400,86,0,443.800
5602,7041,2,153,918,2736,4096,0,86,0,461.300
5603,7042,2,214,1284,2736,4096,400,86,0,334.300
5604,7043,2,231,1386,2736,4096,0,86,0,401.700
5605,7044,2,271,1626,2736,4096,400,86,0,398.900
5606,7045,2,286,1716,2736,4096,0,86,0,349.100
5607,7046,2,372,2232,2736,4096,400,86,0,355.400
5608,7047,2,371,2226,2736,4096,0,86,0,320.000
5609,7048,2,400,2400,2736,4096,400,86,0,288.600
5610,7049,2,500,3000,2736,4096,0,86,0,442.500
5611,7050,2,537,3222,2736,4096,400,86,0,477.900
5612,7051,2,583,3498,2736,4096,0,86,0,498.300
5613,7052,2,597,3582,2736,4096,400,86,0,540.900
5614,7053,2,638,3828,2736,4096,0,86,0,392.500
5615,7054,2,732,4392,2736,4096,400,86,0,638.500
5616,7055,2,664,3984,2736,4096,0,86,0,397.900
5617,7056,2,684,4104,2736,4096,400,86,0,705.700
5618,7057,2,626,3756,2736,4096,0,86,0,475.900
5619,7058,2,620,3720,2736,4096,400,86,0,590.500
5620,7059,2,630,3780,2736,4096,0,86,0,546.000
5621,7060,2,633,3798,2736,4096,400,86,0,448.500
5622,7061,2,459,2754,2736,4096,0,86,0,407.300
5623,7062,2,393,2358,2736,4096,400,86,0,388.900
5624,7063,2,335,2010,2736,4096,0,86,0,436.400
5625,7064,2,288,1728,2736,4096,400,86,0,370.200
5626,7065,2,246,1476,2736,4096,0,86,0,539.400
5627,7066,2,255,1530,2736,4096,400,86,0,383.900
5628,7067,2,211,1266,2736,4096,0,86,0,372.200
5629,7068,2,205,1230,2736,4096,400,86,0,451.700
5630,7069,2,193,1158,2736,4096,0,86,0,360.900
5631,7070,2,108,648,2736,4096,400,86,0,517.700
5632,7071,2,108,648,2736,4096,0,86,0,445.300
5633,7072,2,66,396,2736,4096,400,86,0,366.000
5634,7073,2,66,396,2736,4096,0,86,0,362.100
5635,7074,2,48,288,2736,4096,400,86,0,408.400
5636,7075,2,33,198,2736,4096,0,86,0,358.700
5637,7076,2,15,90,2736,4096,400,86,0,340.200
5638,7077,2,15,90,2736,4096,0,86,0,593.300
5639,7078,2,15,90,2736,4096,400,86,0,432.800
5640,7079,2,15,90,2736,4096,0,86,0,584.400
5641,7080,2,0,0,2736,4096,400,86,0,314.000
5642,7081,2,0,0,2736,4096,0,86,0,244.600
5643,7082,2,0,0,2736,4096,400,86,0,329.600
5644,7083,2,0,0,2736,4096,0,86,0,351.900
5645,7084,2,0,0,2736,4096,400,86,0,335.100
5646,7085,2,12,72,2736,4096,0,86,0,328.700
5647,7086,2,12,72,2736,4096,400,86,0,267.500
5648,7087,2,0,0,2736,4096,0,86,0,354.200
5649,7088,2,0,0,2736,4096,400,86,0,278.400
5650,7089,2,0,0,2736,4096,0,86,0,302.800
5651,7090,2,14,84,2736,4096,400,86,0,444.700
5652,7091,2,14,84,2736,4096,0,86,0,342.200
5653,7092,2,0,0,2736,4096,400,86,0,251.600
5654,7093,2,0,0,2736,4096,0,86,0,180.700
5655,7094,2,0,0,2736,4096,400,86,0,253.600
5656,7095,2,0,0,2736,4096,0,86,0,315.700
5657,7096,2,0,0,2736,4096,400,86,0,336.600
5658,7097,2,0,0,2736,4096,0,86,0,246.000
5659,7098,2,0,0,2736,4096,400,86,0,273.700
5660,7099,2,0,0,2736,4096,0,86,0,304.700
5661,7100,2,0,0,2736,4096,400,86,0,275.200
5662,7101,2,0,0,2736,4096,0,86,0,328.300
5663,7102,2,0,0,2736,4096,400,86,0,288.100
5664,7103,2,0,0,2736,4096,0,86,0,289.000
5665,7104,2,0,0,2736,4096,400,86,0,353.000
5666,7105,2,0,0,2736,4096,0,86,0,345.000
5667,7106,2,0,0,2736,4096,400,86,0,306.200
5668,7107,2,9,54,2736,4096,0,86,0,414.900
5669,7108,2,0,0,2736,4096,400,86,0,244.900
5670,7109,2,0,0,2736,4096,0,86,0,314.600
5671,7110,2,0,0,2736,4096,400,86,0,306.100
5672,7111,2,0,0,2736,4096,0,86,0,227.700
5673,7112,2,0,0,2736,4096,400,86,0,377.800
5674,7113,2,0,0,2736,4096,0,86,0,251.100
5675,7114,2,0,0,2736,4096,400,86,0,267.900
5676,7115,2,0,0,2736,4096,0,86,0,485.500
5677,7116,2,0,0,2736,4096,400,86,0,365.900
5678,7117,2,0,0,2736,4096,0,86,0,387.600
5679,7118,2,0,0,2736,4096,400,86,0,298.700
5680,7119,2,1,6,2736,4096,0,86,0,466.100
5681,7120,2,16,96,2736,4096,400,86,0,468.100
5682,7121,2,31,186,2736,4096,0,86,0,420.300
5683,7122,2,31,186,2736,4096,400,86,0,515.500
5684,7123,2,39,234,2736,4096,0,86,0,384.700
5685,7124,2,36,216,2736,4096,400,86,0,537.100
5686,7125,2,15,90,2736,4096,0,86,0,398.900
5687,7126,2,15,90,2736,4096,400,86,0,365.500
5688,7127,2,0,0,2736,4096,0,86,0,133.100
5689,7128,2,0,0,2736,4096,400,86,0,364.700
5690,7129,2,0,0,2736,4096,0,86,0,365.700
5691,7130,2,0,0,2736,4096,400,86,0,335.200
5692,7131,2,0,0,2736,4096,0,86,0,338.000
5693,7132,2,0,0,2736,4096,400,86,0,223.400
5694,7133,2,0,0,2736,4096,0,86,0,273.900
5695,7134,2,0,0,2736,4096,400,86,0,243.300
5696,7135,2,0,0,2736,4096,0,86,0,318.500
5697,7136,2,0,0,2736,4096,400,86,0,279.300
5698,7137,2,0,0,2736,4096,0,86,0,338.100
5699,7138,2,0,0,2736,4096,400,86,0,368.000
5700,7139,2,0,0,2736,4096,0,86,0,267.200
5701,7140,2,8,48,2736,4096,400,86,0,521.400
5702,7141,2,0,0,2736,4096,0,86,0,363.900
5703,7142,2,0,0,2736,4096,400,86,0,400.800
5704,7143,2,0,0,2736,4096,0,86,0,294.300
5705,7144,2,0,0,2736,4096,400,86,0,293.900
5706,7145,2,0,0,2736,4096,0,86,0,369.000
5707,7146,2,0,0,2736,4096,400,86,0,350.800
5708,7147,2,0,0,2736,4096,0,86,0,243.500
5709,7148,2,0,0,2736,4096,400,86,0,333.700
5710,7149,2,0,0,2736,4096,0,86,0,314.200
5711,7150,2,0,0,2736,4096,400,86,0,389.300
5712,7151,2,0,0,2736,4096,0,86,0,297.100
5713,7152,2,15,90,2736,4096,400,86,0,301.400
5714,7153,2,15,90,2736,4096,0,86,0,363.300
5715,7154,2,15,90,2736,4096,400,86,0,395.300
5716,7155,2,15,90,2736,4096,0,86,0,308.400
5717,7156,2,23,138,2736,4096,400,86,0,513.300
5718,7157,2,23,138,2736,4096,0,86,0,375.500
5719,7158,2,15,90,2736,4096,400,86,0,405.400
5720,7159,2,0,0,2736,4096,0,86,0,424.500
5721,7160,2,0,0,2736,4096,400,86,0,333.300
5722,7161,2,0,0,2736,4096,0,86,0,656.100
5723,7162,2,0,0,2736,4096,400,86,0,434.600
5724,7163,2,0,0,2736,4096,0,86,0,346.400
5725,7164,2,0,0,2736,4096,400,86,0,299.900
5726,7165,2,0,0,2736,4096,0,86,0,339.700
5727,7166,2,0,0,2736,4096,400,86,0,211.000
5728,7167,2,15,90,2736,4096,0,86,0,643.400
5729,7168,2,15,90,2736,4096,400,86,0,634.900
5730,7169,2,0,0,2736,4096,0,86,0,257.300
5731,7170,2,0,0,2736,4096,400,86,0,282.900
5732,7171,2,0,0,2736,4096,0,86,0,360.600
5733,7172,2,1,6,2736,4096,400,86,0,409.000
5734,7173,2,13,78,2736,4096,0,86,0,336.700
5735,7174,2,13,78,2736,4096,400,86,0,481.300
5736,7175,2,1,6,2736,4096,0,86,0,466.800
5737,7176,2,0,0,2736,4096,400,86,0,191.000
5738,7177,2,0,0,2736,4096,0,86,0,243.300
5739,7178,2,0,0,2736,4096,400,86,0,273.800
5740,7179,2,0,0,2736,4096,0,86,0,204.100
5741,7180,2,0,0,2736,4096,400,86,0,279.500
5742,7181,2,0,0,2736,4096,0,86,0,316.500
5743,7182,2,0,0,2736,4096,400,86,0,280.300
5744,7183,2,0,0,2736,4096,0,86,0,271.300
5745,7184,2,0,0,2736,4096,400,86,0,152.200
5746,7185,2,0,0,2736,4096,0,86,0,178.600
5747,7186,2,0,0,2736,4096,400,86,0,274.700
5748,7187,2,0,0,2736,4096,0,86,1,136237.900
5749,7188,2,0,0,2736,4096,400,86,0,545.900
5750,7189,2,12,72,2736,4096,0,86,0,587.900
5751,7190,2,12,72,2736,4096,400,86,0,419.500
5752,7191,2,1,6,2736,4096,0,86,0,365.000
5753,7192,2,1,6,2736,4096,400,86,0,532.800
5754,7193,2,1,6,2736,4096,0,86,0,359.600
5755,7194,2,0,0,2736,4096,400,86,0,251.100
5756,7195,2,0,0,2736,4096,0,86,0,251.400
5757,7196,2,0,0,2736,4096,400,86,0,296.900
5758,7197,2,0,0,2736,4096,0,86,0,286.500
5759,7198,2,0,0,2736,4096,400,86,0,315.400
5760,7199,2,0,0,2736,4096,0,86,0,339.700
5761,7200,2,0,0,2736,4096,400,86,0,394.900
5762,7201,2,0,0,2736,4096,0,86,0,534.100
5763,7202,2,0,0,2736,4096,400,86,0,425.300
5764,7203,2,53,324,2736,4096,0,86,0,470.100
5765,7204,2,26,159,2736,4096,400,86,0,495.100
5766,7205,2,0,0,2736,4096,0,86,0,343.900
5767,7206,2,0,0,2736,4096,400,86,0,274.300
5768,7207,2,0,0,2736,4096,0,86,0,246.600
5769,7208,2,0,0,2736,4096,400,86,0,532.900
5770,7209,2,0,0,2736,4096,0,86,0,267.700
5771,7210,2,0,0,2736,4096,400,86,0,655.000
5772,7211,2,0,0,2736,4096,0,86,0,280.900
5773,7212,2,0,0,2736,4096,400,86,0,361.500
5774,7213,2,0,0,2736,4096,0,86,0,227.200
5775,7214,2,0,0,2736,4096,400,86,0,275.200
5776,7215,2,0,0,2736,4096,0,86,0,306.900
5777,7216,2,0,0,2736,4096,400,86,0,233.400
5778,7217,2,8,48,2736,4096,0,86,0,686.400
5779,7218,2,0,0,2736,4096,400,86,0,355.200
5780,7219,2,0,0,2736,4096,0,86,0,290.100
5781,7220,2,0,0,2736,4096,400,86,0,284.000
5782,7221,2,0,0,2736,4096,0,86,0,270.200
5783,7222,2,0,0,2736,4096,400,86,0,494.200
5784,7223,2,0,0,2736,4096,0,86,0,280.400
5785,7224,2,0,0,2736,4096,400,86,0,379.900
5786,7225,2,0,0,2736,4096,0,86,0,249.000
5787,7226,2,0,0,2736,4096,400,86,0,206.200
5788,7227,2,0,0,2736,4096,0,86,0,332.500
5789,7228,2,0,0,2736,4096,400,86,0,246.500
5790,7229,2,0,0,2736,4096,0,86,0,434.600
5791,7230,2,0,0,2736,4096,400,86,0,315.200
5792,7231,2,0,0,2736,4096,0,86,0,267.300
5793,7232,2,0,0,2736,4096,400,86,0,255.200
5794,7233,2,0,0,2736,4096,0,86,0,290.300
5795,7234,2,0,0,2736,4096,400,86,0,264.800
5796,7235,2,0,0,2736,4096,0,86,0,296.400
5797,7236,2,0,0,2736,4096,400,86,0,266.200
5798,7237,2,0,0,2736,4096,0,86,0,251.700
5799,7238,2,0,0,2736,4096,400,86,0,298.100
5800,7239,2,68,408,2736,4096,0,86,0,435.400
5801,7240,2,68,408,2736,4096,400,86,0,337.600
5802,7241,2,132,792,2736,4096,0,86,0,426.600
5803,7242,2,66,396,2736,4096,400,86,0,371.500
5804,7243,2,68,408,2736,4096,0,86,0,382.900
5805,7244,2,0,0,2736,4096,400,86,0,363.600
5806,7245,2,0,0,2736,4096,0,86,0,190.200
5807,7246,2,0,0,2736,4096,400,86,0,604.500
5808,7247,2,0,0,2736,4096,0,86,0,269.000
5809,7248,2,0,0,2736,4096,400,86,0,355.500
5810,7249,2,0,0,2736,4096,0,86,0,246.400
5811,7250,2,0,0,2736,4096,400,86,0,312.400
5812,7251,2,0,0,2736,4096,0,86,0,279.800
5813,7252,2,0,0,2736,4096,400,86,0,258.500
5814,7253,2,0,0,2736,4096,0,86,0,398.400
5815,7254,2,0,0,2736,4096,400,86,0,329.200
5816,7255,2,0,0,2736,4096,0,86,0,307.300
5817,7256,2,0,0,2736,4096,400,86,0,223.800
5818,7257,2,0,0,2736,4096,0,86,0,259.100
5819,7258,2,0,0,2736,4096,400,86,0,289.300
5820,7259,2,0,0,2736,4096,0,86,0,226.900
5821,7260,2,0,0,2736,4096,400,86,0,344.300
5822,7261,2,0,0,2736,4096,0,86,0,290.100
5823,7262,2,0,0,2736,4096,400,86,0,249.100
5824,7263,2,0,0,2736,4096,0,86,0,330.500
5825,7264,2,0,0,2736,4096,400,86,0,280.100
5826,7265,2,0,0,2736,4096,0,86,0,295.900
5827,7266,2,7,42,2736,4096,400,86,0,444.800
5828,7267,2,0,0,2736,4096,0,86,0,270.700
5829,7268,2,0,0,2736,4096,400,86,0,318.200
5830,7269,2,0,0,2736,4096,0,86,0,249.200
5831,7270,2,0,0,2736,4096,400,86,0,350.900
5832,7271,2,0,0,2736,4096,0,86,0,284.400
5833,7272,2,0,0,2736,4096,400,86,0,246.700
5834,7273,2,0,0,2736,4096,0,86,0,190.000
5835,7274,2,0,0,2736,4096,400,86,0,275.000
5836,7275,2,0,0,2736,4096,0,86,0,212.400
5837,7276,2,0,0,2736,4096,400,86,0,228.300
5838,7277,2,0,0,2736,4096,0,86,0,334.600
5839,7278,2,0,0,2736,4096,400,86,0,263.300
5840,7279,2,0,0,2736,4096,0,86,0,261.800
5841,7280,2,0,0,2736,4096,400,86,0,226.800
5842,7281,2,0,0,2736,4096,0,86,0,372.600
5843,7282,2,0,0,2736,4096,400,86,0,310.100
5844,7283,2,0,0,2736,4096,0,86,0,296.900
5845,7284,2,0,0,2736,4096,400,86,0,330.200
5846,7285,2,0,0,2736,4096,0,86,0,341.000
5847,7286,2,0,0,2736,4096,400,86,0,200.300
5848,7287,2,16,96,2736,4096,0,86,0,360.500
5849,7288,2,16,96,2736,4096,400,86,0,609.900
5850,7289,2,0,0,2736,4096,0,86,0,330.000
5851,7290,2,0,0,2736,4096,400,86,0,761.700
5852,7291,2,0,0,2736,4096,0,86,0,452.600
5853,7292,2,0,0,2736,4096,400,86,0,256.600
5854,7293,2,0,0,2736,4096,0,86,0,257.900
5855,7294,2,0,0,2736,4096,400,86,0,297.400
5856,7295,2,0,0,2736,4096,0,86,0,180.000
5857,7296,2,0,0,2736,4096,400,86,0,311.000
5858,7297,2,0,0,2736,4096,0,86,0,192.400
5859,7298,2,0,0,2736,4096,400,86,0,246.100
5860,7299,2,0,0,2736,4096,0,86,0,322.100
5861,7300,2,0,0,2736,4096,400,86,0,287.600
5862,7301,2,0,0,2736,4096,0,86,0,330.300
5863,7302,2,0,0,2736,4096,400,86,0,516.500
5864,7303,2,0,0,2736,4096,0,86,0,607.600
5865,7304,2,0,0,2736,4096,400,86,0,440.000
5866,7305,2,0,0,2736,4096,0,86,0,306.100
5867,7306,2,18,108,2736,4096,400,86,0,351.600
5868,7307,2,18,108,2736,4096,0,86,0,379.600
5869,7308,2,0,0,2736,4096,400,86,0,355.300
5870,7309,2,0,0,2736,4096,0,86,0,273.800
5871,7310,2,0,0,2736,4096,400,86,0,286.800
5872,7311,2,0,0,2736,4096,0,86,0,273.800
5873,7312,2,0,0,2736,4096,400,86,0,262.700
5874,7313,2,0,0,2736,4096,0,86,0,320.700
5875,7314,2,0,0,2736,4096,400,86,0,230.800
5876,7315,2,0,0,2736,4096,0,86,0,277.600
5877,7316,2,0,0,2736,4096,400,86,0,295.800
5878,7317,2,0,0,2736,4096,0,86,0,247.300
5879,7318,2,0,0,2736,4096,400,86,0,252.000
5880,7319,2,18,108,2736,4096,0,86,0,447.200
5881,7320,2,18,108,2736,4096,400,86,0,801.700
5882,7321,2,0,0,2736,4096,0,86,0,312.400
5883,7322,2,0,0,2736,4096,400,86,0,345.200
5884,7323,2,0,0,2736,4096,0,86,0,401.800
5885,7324,2,0,0,2736,4096,400,86,0,220.500
5886,7326,2,29,174,2736,4096,0,86,0,467.700
5887,7327,2,29,174,2736,4096,400,86,0,343.700
5888,7328,2,29,174,2736,4096,0,86,0,322.100
5889,7329,2,29,174,2736,4096,400,86,0,395.700
5890,7330,2,29,174,2736,4096,0,86,0,388.100
5891,7331,2,0,0,2736,4096,400,86,0,519.800
5892,7332,2,0,0,2736,4096,0,86,0,410.400
5893,7333,2,0,0,2736,4096,400,86,0,464.500
5894,7334,2,0,0,2736,4096,0,86,0,558.000
5895,7335,2,0,0,2736,4096,400,86,0,531.300
5896,7336,2,0,0,2736,4096,0,86,0,344.400
5897,7337,2,0,0,2736,4096,400,86,0,387.400
5898,7338,2,2,12,2736,4096,0,86,0,594.400
5899,7339,2,1,6,2736,4096,400,86,0,627.200
5900,7340,2,0,0,2736,4096,0,86,0,372.400
5901,7341,2,0,0,2736,4096,400,86,0,384.000
5902,7342,2,0,0,2736,4096,0,86,0,328.100
5903,7343,2,3,18,2736,4096,400,86,0,524.100
5904,7344,2,3,18,2736,4096,0,86,0,572.800
5905,7345,2,3,18,2736,4096,400,86,0,421.600
5906,7346,2,3,18,2736,4096,0,86,0,432.800
5907,7347,2,3,18,2736,4096,400,86,0,449.600
5908,7348,2,0,0,2736,4096,0,86,0,341.200
5909,7349,2,0,0,2736,4096,400,86,0,365.000
5910,7350,2,0,0,2736,4096,0,86,0,368.700
5911,7351,2,0,0,2736,4096,400,86,0,265.700
5912,7352,2,0,0,2736,4096,0,86,0,272.600
5913,7353,2,0,0,2736,4096,400,86,0,350.300
5914,7354,2,0,0,2736,4096,0,86,0,414.000
5915,7355,2,0,0,2736,4096,400,86,0,316.000
5916,7356,2,0,0,2736,4096,0,86,0,297.700
5917,7357,2,0,0,2736,4096,400,86,0,443.100
5918,7358,2,0,0,2736,4096,0,86,0,418.600
5919,7359,2,0,0,2736,4096,400,86,0,308.100
5920,7360,2,0,0,2736,4096,0,86,0,306.400
5921,7361,2,0,0,2736,4096,400,86,0,427.400
5922,7362,2,0,0,2736,4096,0,86,0,381.100
5923,7363,2,0,0,2736,4096,400,86,0,322.600
5924,7364,2,0,0,2736,4096,0,86,0,537.300
5925,7365,2,0,0,2736,4096,400,86,0,373.900
5926,7366,2,0,0,2736,4096,0,86,0,533.500
5927,7367,2,2,12,2736,4096,400,86,0,559.500
5928,7368,2,1,6,2736,4096,0,86,0,450.700
5929,7369,2,3,18,2736,4096,400,86,0,392.500
5930,7370,2,0,0,2736,4096,0,86,0,305.400
5931,7371,2,0,0,2736,4096,400,86,0,364.600
5932,7372,2,0,0,2736,4096,0,86,0,317.000
5933,7373,2,0,0,2736,4096,400,86,0,294.500
5934,7374,2,0,0,2736,4096,0,86,0,271.600
5935,7375,2,0,0,2736,4096,400,86,0,290.500
5936,7376,2,0,0,2736,4096,0,86,0,336.000
5937,7377,2,0,0,2736,4096,400,86,0,677.300
5938,7378,2,0,0,2736,4096,0,86,0,447.600
5939,7379,2,0,0,2736,4096,400,86,0,324.300
5940,7380,2,0,0,2736,4096,0,86,0,593.100
5941,7381,2,0,0,2736,4096,400,86,0,303.200
5942,7382,2,0,0,2736,4096,0,86,0,298.100
5943,7383,2,0,0,2736,4096,400,86,0,529.000
5944,7384,2,0,0,2736,4096,0,86,0,314.800
5945,7385,2,0,0,2736,4096,400,86,0,474.100
5946,7386,2,6,39,2736,4096,0,86,0,345.900
5947,7387,2,0,0,2736,4096,400,86,0,244.500
5948,7388,2,0,0,2736,4096,0,86,0,399.000
5949,7389,2,0,0,2736,4096,400,86,0,371.700
5950,7390,2,0,0,2736,4096,0,86,0,339.800
5951,7391,2,0,0,2736,4096,400,86,0,264.600
5952,7392,2,0,0,2736,4096,0,86,0,295.500
5953,7393,2,0,0,2736,4096,400,86,0,300.900
5954,7394,2,0,0,2736,4096,0,86,0,338.400
5955,7395,2,0,0,2736,4096,400,86,0,326.200
5956,7396,2,0,0,2736,4096,0,86,0,235.800
5957,7397,2,2,12,2736,4096,400,86,0,346.500
5958,7398,2,2,12,2736,4096,0,86,0,347.300
5959,7399,2,0,0,2736,4096,400,86,0,322.200
5960,7400,2,0,0,2736,4096,0,86,0,310.600
5961,7401,2,0,0,2736,4096,400,86,0,328.200
5962,7402,2,0,0,2736,4096,0,86,0,339.600
5963,7403,2,0,0,2736,4096,400,86,0,274.500
5964,7404,2,0,0,2736,4096,0,86,0,290.900
5965,7405,2,0,0,2736,4096,400,86,0,302.600
5966,7406,2,0,0,2736,4096,0,86,0,310.600
5967,7407,2,0,0,2736,4096,400,86,0,350.300
5968,7408,2,0,0,2736,4096,0,86,0,261.000
5969,7409,2,0,0,2736,4096,400,86,0,270.400
5970,7410,2,0,0,2736,4096,0,86,0,232.700
5971,7411,2,0,0,2736,4096,400,86,0,327.900
5972,7412,2,0,0,2736,4096,0,86,0,340.000
5973,7413,2,0,0,2736,4096,400,86,0,411.900
5974,7414,2,0,0,2736,4096,0,86,0,440.800
5975,7415,2,0,0,2736,4096,400,86,0,376.400
5976,7416,2,0,0,2736,4096,0,86,0,260.100
5977,7417,2,0,0,2736,4096,400,86,0,379.400
5978,7418,2,0,0,2736,4096,0,86,0,281.900
5979,7419,2,0,0,2736,4096,400,86,0,497.300
5980,7420,2,0,0,2736,4096,0,86,0,667.200
5981,7421,2,0,0,2736,4096,400,86,0,479.700
5982,7422,2,0,0,2736,4096,0,86,0,398.400
5983,7423,2,0,0,2736,4096,400,86,0,265.800
5984,7424,2,0,0,2736,4096,0,86,0,374.300
5985,7425,2,0,0,2736,4096,400,86,0,336.800
5986,7426,2,0,0,2736,4096,0,86,0,354.000
5987,7427,2,1,6,2736,4096,400,86,0,408.200
5988,7428,2,2,12,2736,4096,0,86,0,365.600
5989,7429,2,1,6,2736,4096,400,86,0,486.900
5990,7430,2,0,0,2736,4096,0,86,0,269.900
5991,7431,2,0,0,2736,4096,400,86,0,333.100
5992,7432,2,8,48,2736,4096,0,86,0,542.100
5993,7433,2,8,48,2736,4096,400,86,0,548.700
5994,7434,2,0,0,2736,4096,0,86,0,409.900
5995,7435,2,0,0,2736,4096,400,86,0,430.500
5996,7436,2,0,0,2736,4096,0,86,0,407.500
5997,7437,2,0,0,2736,4096,400,86,0,311.700
5998,7438,2,0,0,2736,4096,0,86,0,246.000
5999,7439,2,0,0,2736,4096,400,86,0,297.900
6000,7440,2,0,0,2736,4096,0,86,0,364.500
6001,7441,2,0,0,2736,4096,400,86,0,300.700
6002,7442,2,0,0,2736,4096,0,86,0,269.000
6003,7443,2,0,0,2736,4096,400,86,0,296.800
6004,7444,2,0,0,2736,4096,0,86,0,247.000
6005,7445,2,0,0,2736,4096,400,86,0,208.700
6006,7446,2,0,0,2736,4096,0,86,0,271.700
6007,7447,2,0,0,2736,4096,400,86,0,255.300
6008,7448,2,0,0,2736,4096,0,86,0,321.100
6009,7449,2,0,0,2736,4096,400,86,0,321.100
6010,7450,2,0,0,2736,4096,0,86,0,256.000
6011,7451,2,0,0,2736,4096,400,86,0,257.900
6012,7452,2,0,0,2736,4096,0,86,0,305.100
6013,7453,2,0,0,2736,4096,400,86,0,249.400
6014,7454,2,0,0,2736,4096,0,86,0,320.500
6015,7455,2,0,0,2736,4096,400,86,0,337.900
6016,7456,2,0,0,2736,4096,0,86,0,293.000
6017,7457,2,0,0,2736,4096,400,86,0,333.400
6018,7458,2,0,0,2736,4096,0,86,0,260.200
6019,7459,2,0,0,2736,4096,400,86,0,301.000
6020,7460,2,0,0,2736,4096,0,86,0,297.400
6021,7461,2,0,0,2736,4096,400,86,0,355.300
6022,7462,2,0,0,2736,4096,0,86,0,245.400
6023,7463,2,0,0,2736,4096,400,86,0,276.400
6024,7464,2,0,0,2736,4096,0,86,0,609.700
6025,7465,2,0,0,2736,4096,400,86,0,372.500
6026,7466,2,0,0,2736,4096,0,86,0,296.900
6027,7467,2,0,0,2736,4096,400,86,0,274.000
6028,7468,2,1,6,2736,4096,0,86,0,406.100
6029,7469,2,1,6,2736,4096,400,86,0,558.900
6030,7470,2,4,24,2736,4096,0,86,0,600.400
6031,7471,2,3,18,2736,4096,400,86,0,422.000
6032,7472,2,0,0,2736,4096,0,86,0,337.000
6033,7473,2,0,0,2736,4096,400,86,0,314.600
6034,7474,2,0,0,2736,4096,0,86,0,276.500
6035,7475,2,0,0,2736,4096,400,86,0,294.900
6036,7476,2,0,0,2736,4096,0,86,0,366.100
6037,7477,2,0,0,2736,4096,400,86,0,211.200
6038,7478,2,0,0,2736,4096,0,86,0,329.900
6039,7479,2,0,0,2736,4096,400,86,0,241.800
6040,7480,2,0,0,2736,4096,0,86,0,224.900
6041,7481,2,0,0,2736,4096,400,86,0,324.800
6042,7482,2,0,0,2736,4096,0,86,0,336.900
6043,7483,2,0,0,2736,4096,400,86,0,370.000
6044,7484,2,0,0,2736,4096,0,86,0,243.700
6045,7485,2,0,0,2736,4096,400,86,0,216.900
6046,7486,2,0,0,2736,4096,0,86,0,329.900
6047,7487,2,0,0,2736,4096,400,86,0,341.000
6048,7488,2,0,0,2736,4096,0,86,0,349.800
6049,7489,2,0,0,2736,4096,400,86,0,290.000
6050,7490,2,0,0,2736,4096,0,86,0,211.000
6051,7491,2,0,0,2736,4096,400,86,0,295.600
6052,7492,2,0,0,2736,4096,0,86,0,267.000
6053,7493,2,0,0,2736,4096,400,86,0,304.300
6054,7494,2,0,0,2736,4096,0,86,0,254.300
6055,7495,2,0,0,2736,4096,400,86,0,281.500
6056,7496,2,0,0,2736,4096,0,86,0,248.300
6057,7497,2,0,0,2736,4096,400,86,0,160.900
6058,7498,2,0,0,2736,4096,0,86,0,338.700
6059,7499,2,0,0,2736,4096,400,86,0,239.500
6060,7500,2,1,6,2736,4096,0,86,0,384.300
6061,7501,2,1,6,2736,4096,400,86,0,392.600
6062,7502,2,1,6,2736,4096,0,86,0,466.300
6063,7503,2,4,24,2736,4096,400,86,0,357.100
6064,7504,2,3,18,2736,4096,0,86,0,385.300
6065,7505,2,0,0,2736,4096,400,86,0,247.100
6066,7506,2,0,0,2736,4096,0,86,0,275.500
6067,7507,2,407,2442,2736,4096,400,86,0,358.700
6068,7508,2,410,2460,2736,4096,0,86,0,653.000
6069,7509,2,410,2460,2736,4096,400,86,0,441.000
6070,7510,2,411,2466,2736,4096,0,86,0,381.600
6071,7511,2,411,2466,2736,4096,400,86,0,427.400
6072,7512,2,411,2466,2736,4096,0,86,0,537.300
6073,7513,2,411,2466,2736,4096,400,86,0,479.400
6074,7514,2,411,2466,2736,4096,0,86,0,548.300
6075,7515,2,411,2466,2736,4096,400,86,0,496.500
6076,7516,2,411,2466,2736,4096,0,86,0,500.600
6077,7517,2,412,2472,2736,4096,400,86,0,430.800
6078,7518,2,412,2472,2736,4096,0,86,0,711.000
6079,7519,2,412,2472,2736,4096,400,86,0,423.800
6080,7520,2,412,2472,2736,4096,0,86,0,521.500
6081,7521,2,412,2472,2736,4096,400,86,0,444.200
6082,7522,2,412,2472,2736,4096,0,86,0,423.600
6083,7523,2,415,2490,2736,4096,400,86,0,457.700
6084,7524,2,415,2490,2736,4096,0,86,0,431.600
6085,7525,2,415,2490,2736,4096,400,86,0,430.500
6086,7526,2,423,2538,2736,4096,0,86,0,392.300
6087,7527,2,423,2538,2736,4096,400,86,0,556.500
6088,7528,2,420,2520,2736,4096,0,86,0,465.900
6089,7529,2,424,2544,2736,4096,400,86,0,538.600
6090,7530,2,436,2616,2736,4096,0,86,0,336.100
6091,7531,2,439,2634,2736,4096,400,86,0,377.200
6092,7532,2,453,2718,2736,4096,0,86,0,515.400
6093,7533,2,455,2730,2736,4096,400,86,0,363.800
6094,7534,2,455,2730,2736,4096,0,86,0,360.900
6095,7535,2,476,2856,2736,4096,400,86,0,565.700
6096,7536,2,480,2880,2736,4096,0,86,0,853.800
6097,7537,2,514,3084,2736,4096,400,86,0,519.400
6098,7538,2,532,3192,2736,4096,0,86,0,612.600
6099,7539,2,539,3234,2736,4096,400,86,0,746.300
6100,7540,2,555,3330,2736,4096,0,86,0,584.400
6101,7541,2,570,3420,2736,4096,400,86,0,567.600
6102,7542,2,570,3420,2736,4096,0,86,0,425.300
6103,7543,2,587,3522,2736,4096,400,86,0,477.800
6104,7544,2,587,3522,2736,4096,0,86,0,574.300
6105,7545,2,604,3624,2736,4096,400,86,0,557.000
6106,7546,2,618,3708,2736,4096,0,86,0,456.200
6107,7547,2,621,3726,2736,4096,400,86,0,415.800
6108,7548,2,617,3702,2736,4096,0,86,0,568.700
6109,7549,2,713,4278,2736,4096,400,86,0,500.900
6110,7550,2,714,4284,2736,4096,0,86,0,604.400
6111,7551,2,792,4752,2736,4096,400,86,0,549.300
6112,7552,2,810,4860,2736,4096,0,86,0,514.000
6113,7553,2,810,4860,2736,4096,400,86,0,667.500
6114,7554,2,899,5394,2736,4096,0,86,0,497.200
6115,7555,2,902,5412,2736,4096,400,86,0,669.200
6116,7556,2,916,5496,2736,4096,0,86,0,510.400
6117,7557,2,916,5496,2736,4096,400,86,0,504.500
6118,7558,2,996,5976,2736,4096,0,86,0,536.200
6119,7559,2,1000,6000,2736,4096,400,86,0,497.000
6120,7560,2,1008,6048,2736,4096,0,86,0,1410.100
6121,7561,2,1006,6036,2736,4096,400,86,0,497.500
6122,7562,2,1009,6054,2736,4096,0,86,0,511.100
6123,7563,2,1017,6102,2736,4096,400,86,0,578.600
6124,7564,2,1025,6150,2736,4096,0,86,0,547.100
6125,7565,2,1026,6156,2736,4096,400,86,0,576.300
6126,7566,2,1117,6702,2736,4096,0,86,0,441.300
6127,7567,2,1116,6696,2736,4096,400,86,0,511.700
6128,7568,2,1117,6702,2736,4096,0,86,0,449.300
6129,7569,2,1134,6804,2736,4096,400,86,0,468.300
6130,7570,2,1139,6834,2736,4096,0,86,0,809.900
6131,7571,2,1129,6774,2736,4096,400,86,0,493.300
6132,7572,2,1137,6822,2736,4096,0,86,0,534.300
6133,7573,2,1130,6780,2736,4096,400,86,0,516.400
6134,7574,2,1207,7242,2736,4096,0,86,0,581.700
6135,7575,2,1204,7224,2736,4096,400,86,0,557.300
6136,7576,2,1197,7182,2736,4096,0,86,0,453.700
6137,7577,2,1180,7080,2736,4096,400,86,0,642.400
6138,7578,2,1190,7140,2736,4096,0,86,0,528.400
6139,7579,2,1059,6354,2736,4096,400,86,0,601.500
6140,7580,2,967,5802,2736,4096,0,86,0,525.700
6141,7581,2,967,5802,2736,4096,400,86,0,500.100
6142,7582,2,911,5466,2736,4096,0,86,0,646.500
6143,7583,2,891,5346,2736,4096,400,86,0,400.400
6144,7584,2,909,5454,2736,4096,0,86,0,512.400
6145,7585,2,872,5232,2736,4096,400,86,0,496.800
6146,7586,2,746,4476,2736,4096,0,86,0,423.200
6147,7587,2,718,4308,2736,4096,400,86,0,472.300
6148,7588,2,727,4362,2736,4096,0,86,0,577.800
6149,7589,2,603,3618,2736,4096,400,86,0,552.100
6150,7590,2,488,2928,2736,4096,0,86,0,542.400
6151,7591,2,366,2196,2736,4096,400,86,0,410.300
6152,7592,2,359,2154,2736,4096,0,86,0,621.800
6153,7593,2,332,1992,2736,4096,400,86,0,395.600
6154,7594,2,309,1854,2736,4096,0,86,0,704.000
6155,7595,2,292,1752,2736,4096,400,86,0,489.200
6156,7596,2,241,1446,2736,4096,0,86,0,441.700
6157,7597,2,159,954,2736,4096,400,86,0,550.700
6158,7598,2,101,606,2736,4096,0,86,0,343.000
6159,7599,2,97,582,2736,4096,400,86,0,401.700
6160,7600,2,95,570,2736,4096,0,86,0,371.600
6161,7601,2,55,330,2736,4096,400,86,0,744.900
6162,7602,2,11,66,2736,4096,0,86,0,425.000
6163,7603,2,7,42,2736,4096,400,86,0,448.200
6164,7604,2,8,48,2736,4096,0,86,0,360.300
6165,7605,2,6,36,2736,4096,400,86,0,474.100
6166,7606,2,3,18,2736,4096,0,86,0,416.100
6167,7607,2,3,18,2736,4096,400,86,0,542.600
6168,7608,2,3,18,2736,4096,0,86,0,400.200
6169,7609,2,0,0,2736,4096,400,86,0,322.500
6170,7610,2,0,0,2736,4096,0,86,0,320.400
6171,7611,2,0,0,2736,4096,400,86,0,198.300
6172,7612,2,0,0,2736,4096,0,86,0,219.300
6173,7613,2,0,0,2736,4096,400,86,0,296.300
6174,7614,2,0,0,2736,4096,0,86,0,335.200
6175,7615,2,0,0,2736,4096,400,86,0,375.700
6176,7616,2,3,18,2736,4096,0,86,0,483.400
6177,7617,2,3,18,2736,4096,400,86,0,397.700
6178,7618,2,6,36,2736,4096,0,86,0,362.900
6179,7619,2,6,36,2736,4096,400,86,0,439.500
6180,7620,2,6,36,2736,4096,0,86,0,441.700
6181,7621,2,3,18,2736,4096,400,86,0,381.500
6182,7622,2,3,18,2736,4096,0,86,0,334.700
6183,7623,2,3,18,2736,4096,400,86,0,576.400
6184,7624,2,3,18,2736,4096,0,86,0,440.100
6185,7625,2,3,18,2736,4096,400,86,0,312.500
6186,7626,2,3,18,2736,4096,0,86,0,484.300
6187,7627,2,3,18,2736,4096,400,86,0,310.900
6188,7628,2,4,24,2736,4096,0,86,0,309.000
6189,7629,2,1,6,2736,4096,400,86,0,368.800
6190,7630,2,1,6,2736,4096,0,86,0,431.800
6191,7631,2,2,12,2736,4096,400,86,0,443.300
6192,7632,2,0,0,2736,4096,0,86,0,206.100
6193,7633,2,1,6,2736,4096,400,86,0,344.900
6194,7634,2,1,6,2736,4096,0,86,0,413.400
6195,7635,2,6,36,2736,4096,400,86,0,423.200
6196,7636,2,5,30,2736,4096,0,86,0,346.800
6197,7637,2,4,24,2736,4096,400,86,0,390.600
6198,7638,2,1,6,2736,4096,0,86,0,450.700
6199,7639,2,4,24,2736,4096,400,86,0,348.200
6200,7640,2,4,24,2736,4096,0,86,0,517.300
6201,7641,2,5,30,2736,4096,400,86,0,362.900
6202,7642,2,8,48,2736,4096,0,86,0,305.700
6203,7643,2,7,42,2736,4096,400,86,0,364.700
6204,7644,2,7,42,2736,4096,0,86,0,340.900
6205,7645,2,7,42,2736,4096,400,86,0,343.000
6206,7646,2,7,42,2736,4096,0,86,0,793.200
6207,7647,2,6,36,2736,4096,400,86,0,424.700
6208,7648,2,6,36,2736,4096,0,86,0,508.800
6209,7649,2,6,36,2736,4096,400,86,0,658.900
6210,7650,2,6,36,2736,4096,0,86,0,366.400
6211,7651,2,6,36,2736,4096,400,86,0,356.300
6212,7652,2,3,18,2736,4096,0,86,0,471.800
6213,7653,2,3,18,2736,4096,400,86,0,398.300
6214,7654,2,3,18,2736,4096,0,86,0,348.200
6215,7655,2,3,18,2736,4096,400,86,0,331.700
6216,7656,2,3,18,2736,4096,0,86,0,342.100
6217,7657,2,5,30,2736,4096,400,86,0,347.400
6218,7658,2,81,486,2736,4096,0,86,0,357.500
6219,7659,2,117,702,2736,4096,400,86,0,376.000
6220,7660,2,200,1200,2736,4096,0,86,0,415.200
6221,7661,2,328,1968,2736,4096,400,86,0,474.100
6222,7662,2,385,2310,2736,4096,0,86,0,359.000
6223,7663,2,400,2400,2736,4096,400,86,0,429.400
6224,7664,2,348,2088,2736,4096,0,86,0,375.300
6225,7665,2,411,2466,2736,4096,400,86,0,483.600
6226,7666,2,411,2466,2736,4096,0,86,0,484.700
6227,7667,2,350,2100,2736,4096,400,86,0,375.900
6228,7668,2,318,1908,2736,4096,0,86,0,469.200
6229,7669,2,280,1680,2736,4096,400,86,0,275.600
6230,7670,2,357,2142,2736,4096,0,86,0,427.700
6231,7671,2,365,2190,2736,4096,400,86,0,508.600
6232,7672,2,428,2568,2736,4096,0,86,0,471.000
6233,7673,2,470,2820,2736,4096,400,86,0,411.600
6234,7674,2,467,2802,2736,4096,0,86,0,343.300
6235,7675,2,388,2328,2736,4096,400,86,0,333.300
6236,7676,2,355,2130,2736,4096,0,86,0,457.200
6237,7677,2,207,1242,2736,4096,400,86,0,272.400
6238,7678,2,230,1380,2736,4096,0,86,0,355.100
6239,7679,2,704,4224,2736,4096,400,86,0,562.000
6240,7680,2,705,4230,2736,4096,0,86,0,679.700
6241,7681,2,668,4008,2736,4096,400,86,0,613.700
6242,7682,2,658,3948,2736,4096,0,86,0,632.900
6243,7683,2,629,3774,2736,4096,400,86,0,311.100
6244,7684,2,632,3792,2736,4096,0,86,0,430.100
6245,7685,2,633,3798,2736,4096,400,86,0,306.900
6246,7686,2,632,3792,2736,4096,0,86,0,480.400
6247,7687,2,659,3954,2736,4096,400,86,0,459.400
6248,7688,2,654,3924,2736,4096,0,86,0,354.600
6249,7689,2,688,4128,2736,4096,400,86,0,403.300
6250,7690,2,688,4128,2736,4096,0,86,0,443.200
6251,7691,2,698,4188,2736,4096,400,86,0,506.700
6252,7692,2,745,4470,2736,4096,0,86,0,383.900
6253,7693,2,753,4518,2736,4096,400,86,0,581.300
6254,7694,2,780,4680,2736,4096,0,86,0,499.900
6255,7695,2,780,4680,2736,4096,400,86,0,510.600
6256,7696,2,776,4656,2736,4096,0,86,0,371.500
6257,7697,2,792,4752,2736,4096,400,86,0,294.300
6258,7698,2,802,4812,2736,4096,0,86,0,474.300
6259,7699,2,803,4818,2736,4096,400,86,0,335.900
6260,7700,2,837,5022,2736,4096,0,86,0,439.900
6261,7701,2,826,4956,2736,4096,400,86,0,397.000
6262,7702,2,819,4914,2736,4096,0,86,0,435.400
6263,7703,2,844,5064,2736,4096,400,86,0,347.700
6264,7704,2,856,5136,2736,4096,0,86,0,482.800
6265,7705,2,858,5148,2736,4096,400,86,0,364.600
6266,7706,2,882,5292,2736,4096,0,86,0,409.200
6267,7707,2,883,5298,2736,4096,400,86,0,522.000
6268,7708,2,872,5232,2736,4096,0,86,0,515.800
6269,7709,2,768,4608,2736,4096,400,86,0,424.900
6270,7710,2,768,4608,2736,4096,0,86,0,407.000
6271,7711,2,806,4836,2736,4096,400,86,0,451.700
6272,7712,2,515,3090,2736,4096,0,86,0,415.200
6273,7713,2,253,1518,2736,4096,400,86,0,464.700
6274,7714,2,239,1434,2736,4096,0,86,0,531.800
6275,7715,2,208,1248,2736,4096,400,86,0,400.500
6276,7716,2,130,780,2736,4096,0,86,0,437.400
6277,7717,2,109,654,2736,4096,400,86,0,353.300
6278,7718,2,68,408,2736,4096,0,86,0,480.300
6279,7719,2,23,138,2736,4096,400,86,0,504.200
6280,7720,2,3,18,2736,4096,0,86,0,340.700
6281,7721,2,3,18,2736,4096,400,86,0,373.100
6282,7722,2,19,114,2736,4096,0,86,0,425.800
6283,7723,2,59,354,2736,4096,400,86,0,464.200
6284,7724,2,119,714,2736,4096,0,86,0,381.600
6285,7725,2,182,1092,2736,4096,400,86,0,409.000
6286,7726,2,224,1344,2736,4096,0,86,0,384.100
6287,7727,2,256,1536,2736,4096,400,86,0,396.800
6288,7728,2,291,1746,2736,4096,0,86,0,406.900
6289,7729,2,284,1704,2736,4096,400,86,0,353.000
6290,7730,2,284,1704,2736,4096,0,86,0,342.900
6291,7731,2,300,1800,2736,4096,400,86,0,339.400
6292,7732,2,246,1476,2736,4096,0,86,0,469.500
6293,7733,2,266,1596,2736,4096,400,86,0,476.900
6294,7734,2,247,1482,2736,4096,0,86,0,746.200
6295,7735,2,277,1662,2736,4096,400,86,0,393.200
6296,7736,2,257,1542,2736,4096,0,86,0,389.700
6297,7737,2,303,1818,2736,4096,400,86,0,487.300
6298,7738,2,306,1836,2736,4096,0,86,0,407.000
6299,7739,2,341,2046,2736,4096,400,86,0,408.700
6300,7740,2,330,1980,2736,4096,0,86,0,418.100
6301,7741,2,327,1962,2736,4096,400,86,0,421.500
6302,7742,2,370,2220,2736,4096,0,86,0,456.700
6303,7743,2,386,2316,2736,4096,400,86,0,535.700
6304,7744,2,370,2220,2736,4096,0,86,0,366.800
6305,7745,2,356,2136,2736,4096,400,86,0,362.100
6306,7746,2,348,2088,2736,4096,0,86,0,319.600
6307,7747,2,275,1650,2736,4096,400,86,0,513.500
6308,7748,2,235,1410,2736,4096,0,86,0,397.700
6309,7749,2,235,1410,2736,4096,400,86,0,332.100
6310,7750,2,231,1386,2736,4096,0,86,0,348.800
6311,7751,2,232,1392,2736,4096,400,86,0,466.500
6312,7752,2,259,1554,2736,4096,0,86,0,332.800
6313,7753,2,259,1554,2736,4096,400,86,0,360.300
6314,7754,2,216,1296,2736,4096,0,86,0,307.200
6315,7755,2,216,1296,2736,4096,400,86,0,496.200
6316,7756,2,216,1296,2736,4096,0,86,0,428.000
6317,7757,2,190,1140,2736,4096,400,86,0,415.000
6318,7758,2,182,1092,2736,4096,0,86,0,464.400
6319,7759,2,182,1092,2736,4096,400,86,0,372.900
6320,7760,2,173,1038,2736,4096,0,86,0,365.300
6321,7761,2,173,1038,2736,4096,400,86,0,422.900
6322,7762,2,181,1086,2736,4096,0,86,0,412.800
6323,7763,2,181,1086,2736,4096,400,86,0,431.400
6324,7764,2,181,1086,2736,4096,0,86,0,370.100
6325,7765,2,181,1086,2736,4096,400,86,0,436.100
6326,7766,2,204,1224,2736,4096,0,86,0,284.100
6327,7767,2,206,1236,2736,4096,400,86,0,356.900
6328,7768,2,201,1206,2736,4096,0,86,0,297.900
6329,7769,2,198,1188,2736,4096,400,86,0,279.200
6330,7770,2,198,1188,2736,4096,0,86,0,531.800
6331,7771,2,211,1266,2736,4096,400,86,0,359.000
6332,7772,2,211,1266,2736,4096,0,86,0,299.200
6333,7773,2,218,1308,2736,4096,400,86,0,400.600
6334,7774,2,218,1308,2736,4096,0,86,0,349.300
6335,7775,2,231,1386,2736,4096,400,86,0,391.400
6336,7776,2,235,1410,2736,4096,0,86,0,331.700
6337,7777,2,204,1224,2736,4096,400,86,0,344.600
6338,7778,2,204,1224,2736,4096,0,86,0,259.400
6339,7779,2,204,1224,2736,4096,400,86,0,342.600
6340,7780,2,204,1224,2736,4096,0,86,0,357.200
6341,7781,2,197,1182,2736,4096,400,86,0,356.100
6342,7782,2,196,1176,2736,4096,0,86,0,284.000
6343,7783,2,196,1176,2736,4096,400,86,0,371.200
6344,7784,2,190,1140,2736,4096,0,86,0,391.100
6345,7785,2,116,696,2736,4096,400,86,0,304.400
6346,7786,2,116,696,2736,4096,0,86,0,298.700
6347,7787,2,116,696,2736,4096,400,86,0,333.300
6348,7788,2,121,726,2736,4096,0,86,0,319.200
6349,7789,2,116,696,2736,4096,400,86,0,305.200
6350,7790,2,117,702,2736,4096,0,86,0,393.600
6351,7791,2,117,702,2736,4096,400,86,0,502.700
6352,7792,2,160,960,2736,4096,0,86,0,460.000
6353,7793,2,160,960,2736,4096,400,86,0,432.600
6354,7794,2,154,924,2736,4096,0,86,0,467.800
6355,7795,2,142,852,2736,4096,400,86,0,372.800
6356,7796,2,136,816,2736,4096,0,86,0,442.500
6357,7798,2,197,1182,2736,4096,400,86,0,253.500
6358,7799,2,198,1188,2736,4096,0,86,0,333.200
6359,7800,2,205,1230,2736,4096,400,86,0,522.900
6360,7801,2,206,1236,2736,4096,0,86,0,420.400
6361,7802,2,225,1350,2736,4096,400,86,0,474.400
6362,7803,2,232,1392,2736,4096,0,86,0,443.900
6363,7804,2,229,1374,2736,4096,400,86,0,410.100
6364,7805,2,246,1476,2736,4096,0,86,0,375.800
6365,7806,2,231,1386,2736,4096,400,86,0,325.100
6366,7807,2,244,1464,2736,4096,0,86,0,306.400
6367,7808,2,257,1542,2736,4096,400,86,0,405.700
6368,7809,2,276,1656,2736,4096,0,86,0,353.100
6369,7810,2,275,1650,2736,4096,400,86,0,532.400
6370,7811,2,273,1638,2736,4096,0,86,0,283.000
6371,7812,2,305,1830,2736,4096,400,86,0,480.000
6372,7813,2,327,1962,2736,4096,0,86,0,471.100
6373,7814,2,347,2082,2736,4096,400,86,0,396.900
6374,7815,2,415,2490,2736,4096,0,86,0,479.700
6375,7816,2,483,2898,2736,4096,400,86,0,451.700
6376,7817,2,528,3171,2736,4096,0,86,0,465.200
6377,7818,2,560,3360,2736,4096,400,86,0,292.700
6378,7819,2,542,3252,2736,4096,0,86,0,425.300
6379,7820,2,562,3372,2736,4096,400,86,0,343.200
6380,7821,2,598,3588,2736,4096,0,86,0,487.800
6381,7822,2,607,3642,2736,4096,400,86,0,475.100
6382,7823,2,649,3894,2736,4096,0,86,0,319.700
6383,7824,2,612,3672,2736,4096,400,86,0,371.100
6384,7825,2,631,3786,2736,4096,0,86,0,431.100
6385,7826,2,634,3807,2736,4096,400,86,0,317.100
6386,7827,2,645,3870,2736,4096,0,86,0,408.400
6387,7828,2,644,3864,2736,4096,400,86,0,333.500
6388,7829,2,635,3810,2736,4096,0,86,0,394.400
6389,7830,2,621,3726,2736,4096,400,86,0,423.800
6390,7831,2,587,3522,2736,4096,0,86,0,392.100
6391,7832,2,550,3300,2736,4096,400,86,0,363.900
6392,7833,2,559,3354,2736,4096,0,86,0,404.100
6393,7834,2,585,3510,2736,4096,400,86,0,531.700
6394,7835,2,603,3621,2736,4096,0,86,0,437.800
6395,7836,2,589,3534,2736,4096,400,86,0,535.400
6396,7837,2,582,3492,2736,4096,0,86,0,403.300
6397,7838,2,559,3354,2736,4096,400,86,0,499.000
6398,7839,2,554,3324,2736,4096,0,86,0,391.300
6399,7840,2,604,3624,2736,4096,400,86,0,467.500
6400,7841,2,631,3786,2736,4096,0,86,0,485.600
6401,7842,2,640,3840,2736,4096,400,86,0,394.200
6402,7843,2,684,4104,2736,4096,0,86,0,392.900
6403,7844,2,619,3714,2736,4096,400,86,0,468.900
6404,7845,2,558,3348,2736,4096,0,86,0,522.200
6405,7846,2,566,3396,2736,4096,400,86,0,389.100
6406,7847,2,509,3054,2736,4096,0,86,0,565.300
6407,7848,2,457,2742,2736,4096,400,86,0,428.100
6408,7849,2,398,2388,2736,4096,0,86,0,366.900
6409,7850,2,320,1920,2736,4096,400,86,0,338.400
6410,7851,2,243,1458,2736,4096,0,86,0,433.900
6411,7852,2,108,648,2736,4096,400,86,0,456.200
6412,7853,2,106,636,2736,4096,0,86,0,394.300
6413,7854,2,57,342,2736,4096,400,86,0,381.000
6414,7855,2,39,234,2736,4096,0,86,0,409.400
6415,7856,2,37,222,2736,4096,400,86,0,492.600
6416,7857,2,27,162,2736,4096,0,86,0,540.900
6417,7858,2,20,120,2736,4096,400,86,0,615.800
6418,7859,2,8,48,2736,4096,0,86,0,587.400
6419,7860,2,19,114,2736,4096,400,86,0,522.100
6420,7861,2,23,138,2736,4096,0,86,0,363.500
6421,7862,2,19,114,2736,4096,400,86,0,422.600
6422,7863,2,59,354,2736,4096,0,86,0,334.000
6423,7864,2,25,150,2736,4096,400,86,0,344.300
6424,7865,2,19,114,2736,4096,0,86,0,379.500
6425,7866,2,25,150,2736,4096,400,86,0,375.500
6426,7867,2,4,24,2736,4096,0,86,0,309.200
6427,7868,2,4,24,2736,4096,400,86,0,323.600
6428,7869,2,4,24,2736,4096,0,86,0,388.900
6429,7870,2,3,18,2736,4096,400,86,0,503.600
6430,7871,2,19,114,2736,4096,0,86,0,313.300
6431,7873,2,0,0,2736,4096,400,86,0,251.100
6432,7874,2,3,18,2736,4096,0,86,0,382.600
6433,7875,2,15,96,2736,4096,400,86,0,360.500
6434,7876,2,15,93,2736,4096,0,86,0,290.100
6435,7877,2,3,18,2736,4096,400,86,0,280.300
6436,7878,2,3,18,2736,4096,0,86,0,357.100
6437,7879,2,3,18,2736,4096,400,86,0,308.300
6438,7880,2,3,18,2736,4096,0,86,0,559.800
6439,7881,2,3,18,2736,4096,400,86,0,335.200
6440,7882,2,0,0,2736,4096,0,86,0,334.200
6441,7883,2,0,0,2736,4096,400,86,0,175.600
6442,7884,2,43,258,2736,4096,0,86,0,309.600
6443,7885,2,37,222,2736,4096,400,86,0,289.900
6444,7886,2,37,222,2736,4096,0,86,0,416.300
6445,7887,2,37,222,2736,4096,400,86,0,576.300
6446,7888,2,43,261,2736,4096,0,86,0,539.400
6447,7889,2,37,222,2736,4096,400,86,0,365.700
6448,7890,2,37,222,2736,4096,0,86,0,523.500
6449,7891,2,37,222,2736,4096,400,86,0,407.900
6450,7892,2,53,315,2736,4096,0,86,0,397.000
6451,7893,2,6,36,2736,4096,400,86,0,362.200
6452,7894,2,0,0,2736,4096,0,86,0,208.900
6453,7895,2,0,0,2736,4096,400,86,0,228.300
6454,7896,2,0,0,2736,4096,0,86,0,244.000
6455,7897,2,0,0,2736,4096,400,86,0,574.100
6456,7898,2,8,48,2736,4096,0,86,0,345.100
6457,7899,2,3,18,2736,4096,400,86,0,315.700
6458,7900,2,3,18,2736,4096,0,86,0,359.900
6459,7901,2,3,18,2736,4096,400,86,0,483.500
6460,7902,2,3,18,2736,4096,0,86,0,364.900
6461,7903,2,3,18,2736,4096,400,86,0,422.600
6462,7904,2,9,54,2736,4096,0,86,0,340.700
6463,7905,2,3,18,2736,4096,400,86,0,356.000
6464,7906,2,3,18,2736,4096,0,86,0,320.600
6465,7907,2,9,57,2736,4096,400,86,0,293.500
6466,7908,2,3,18,2736,4096,0,86,0,246.000
6467,7909,2,3,18,2736,4096,400,86,0,329.600
6468,7910,2,3,18,2736,4096,0,86,0,464.500
6469,7911,2,3,18,2736,4096,400,86,0,352.300
6470,7912,2,3,18,2736,4096,0,86,0,299.300
6471,7913,2,3,18,2736,4096,400,86,0,290.600
6472,7914,2,9,54,2736,4096,0,86,0,308.100
6473,7915,2,3,18,2736,4096,400,86,0,316.300
6474,7916,2,9,57,2736,4096,0,86,0,330.500
6475,7917,2,14,84,2736,4096,400,86,0,340.300
6476,7918,2,14,84,2736,4096,0,86,0,339.100
6477,7919,2,14,84,2736,4096,400,86,0,350.500
6478,7920,2,14,84,2736,4096,0,86,0,550.400
6479,7921,2,14,84,2736,4096,400,86,0,427.000
6480,7922,2,14,84,2736,4096,0,86,0,422.300
6481,7923,2,44,264,2736,4096,400,86,0,583.500
6482,7924,2,15,93,2736,4096,0,86,0,424.000
6483,7925,2,3,18,2736,4096,400,86,0,420.200
6484,7926,2,3,18,2736,4096,0,86,0,339.800
6485,7927,2,3,18,2736,4096,400,86,0,292.800
6486,7928,2,3,18,2736,4096,0,86,0,318.300
6487,7929,2,3,18,2736,4096,400,86,0,369.800
6488,7930,2,3,18,2736,4096,0,86,0,265.100
6489,7931,2,3,18,2736,4096,400,86,0,327.200
6490,7932,2,3,18,2736,4096,0,86,0,409.700
6491,7933,2,25,153,2736,4096,400,86,0,719.000
6492,7934,2,25,150,2736,4096,0,86,0,466.500
6493,7935,2,3,18,2736,4096,400,86,0,375.600
6494,7936,2,3,18,2736,4096,0,86,0,324.200
6495,7937,2,3,18,2736,4096,400,86,0,363.500
6496,7938,2,3,18,2736,4096,0,86,0,300.900
6497,7939,2,3,18,2736,4096,400,86,0,667.500
6498,7940,2,3,18,2736,4096,0,86,0,379.100
6499,7941,2,3,18,2736,4096,400,86,0,356.300
6500,7942,2,7,42,2736,4096,0,86,0,482.400
6501,7943,2,7,42,2736,4096,400,86,0,497.600
6502,7944,2,7,42,2736,4096,0,86,0,349.500
6503,7945,2,7,42,2736,4096,400,86,0,438.300
6504,7946,2,7,42,2736,4096,0,86,0,341.900
6505,7947,2,7,42,2736,4096,400,86,0,329.700
6506,7948,2,7,42,2736,4096,0,86,0,419.900
6507,7949,2,7,42,2736,4096,400,86,0,347.900
6508,7950,2,7,42,2736,4096,0,86,0,350.900
6509,7951,2,7,42,2736,4096,400,86,0,301.400
6510,7952,2,7,42,2736,4096,0,86,0,338.100
6511,7953,2,3,18,2736,4096,400,86,0,358.600
6512,7954,2,3,18,2736,4096,0,86,0,345.600
6513,7955,2,20,120,2736,4096,400,86,0,381.800
6514,7956,2,20,120,2736,4096,0,86,0,377.100
6515,7957,2,3,18,2736,4096,400,86,0,454.500
6516,7958,2,3,18,2736,4096,0,86,0,421.600
6517,7959,2,3,18,2736,4096,400,86,0,552.900
6518,7960,2,3,18,2736,4096,0,86,0,366.600
6519,7961,2,3,18,2736,4096,400,86,0,452.600
6520,7962,2,3,18,2736,4096,0,86,0,368.000
6521,7963,2,3,18,2736,4096,400,86,0,377.000
6522,7964,2,3,18,2736,4096,0,86,0,381.200
6523,7965,2,3,18,2736,4096,400,86,0,341.000
6524,7966,2,3,18,2736,4096,0,86,0,350.500
6525,7967,2,3,18,2736,4096,400,86,0,361.300
6526,7968,2,3,18,2736,4096,0,86,0,358.200
6527,7969,2,3,18,2736,4096,400,86,0,368.800
6528,7970,2,3,18,2736,4096,0,86,0,371.000
6529,7971,2,20,120,2736,4096,400,86,0,581.400
6530,7972,2,3,18,2736,4096,0,86,0,299.000
6531,7973,2,3,18,2736,4096,400,86,0,385.800
6532,7974,2,3,18,2736,4096,0,86,0,350.200
6533,7975,2,15,90,2736,4096,400,86,0,421.400
6534,7976,2,15,90,2736,4096,0,86,0,321.600
6535,7977,2,23,138,2736,4096,400,86,0,419.800
6536,7978,2,11,66,2736,4096,0,86,0,399.000
6537,7979,2,11,66,2736,4096,400,86,0,438.600
6538,7980,2,11,66,2736,4096,0,86,0,443.900
6539,7981,2,11,66,2736,4096,400,86,0,371.300
6540,7982,2,11,66,2736,4096,0,86,0,305.300
6541,7983,2,11,66,2736,4096,400,86,0,384.200
6542,7984,2,19,114,2736,4096,0,86,0,277.600
6543,7986,2,13,78,2736,4096,400,86,0,438.700
6544,7987,2,13,78,2736,4096,0,86,0,360.500
6545,7988,2,21,126,2736,4096,400,86,0,331.700
6546,7989,2,21,126,2736,4096,0,86,0,330.900
6547,7990,2,13,78,2736,4096,400,86,0,319.300
6548,7991,2,17,105,2736,4096,0,86,0,406.600
6549,7992,2,13,78,2736,4096,400,86,0,328.500
6550,7993,2,33,192,2736,4096,0,86,0,667.600
6551,7994,2,25,144,2736,4096,400,86,0,427.700
6552,7995,2,25,144,2736,4096,0,86,0,373.800
6553,7996,2,32,189,2736,4096,400,86,0,397.400
6554,7997,2,31,186,2736,4096,0,86,0,370.700
6555,7998,2,86,516,2736,4096,400,86,0,384.000
6556,7999,2,92,552,2736,4096,0,86,0,376.300
6557,8000,2,92,552,2736,4096,400,86,0,177.800
6558,8001,2,92,552,2736,4096,0,86,0,295.700
6559,8002,2,102,612,2736,4096,400,86,0,332.200
6560,8003,2,88,528,2736,4096,0,86,0,377.900
6561,8004,2,86,516,2736,4096,400,86,0,334.300
6562,8005,2,95,570,2736,4096,0,86,0,286.200
6563,8006,2,95,570,2736,4096,400,86,0,354.800
6564,8007,2,89,534,2736,4096,0,86,0,362.100
6565,8008,2,90,540,2736,4096,400,86,0,348.000
6566,8009,2,90,540,2736,4096,0,86,0,338.100
6567,8010,2,90,540,2736,4096,400,86,0,367.900
6568,8011,2,97,579,2736,4096,0,86,0,320.100
6569,8012,2,90,540,2736,4096,400,86,0,283.300
6570,8013,2,90,540,2736,4096,0,86,0,372.600
6571,8014,2,98,588,2736,4096,400,86,0,274.200
6572,8015,2,98,588,2736,4096,0,86,0,355.800
6573,8016,2,90,540,2736,4096,400,86,0,426.300
6574,8017,2,90,540,2736,4096,0,86,0,354.200
6575,8018,2,90,540,2736,4096,400,86,0,345.400
6576,8019,2,90,540,2736,4096,0,86,0,367.200
6577,8020,2,97,579,2736,4096,400,86,0,322.400
6578,8021,2,123,738,2736,4096,0,86,0,313.000
6579,8022,2,131,786,2736,4096,400,86,0,262.600
6580,8023,2,131,786,2736,4096,0,86,0,302.200
6581,8024,2,123,738,2736,4096,400,86,0,311.000
6582,8025,2,123,738,2736,4096,0,86,0,431.700
6583,8026,2,127,762,2736,4096,400,86,0,341.200
6584,8027,2,123,738,2736,4096,0,86,0,356.600
6585,8028,2,123,738,2736,4096,400,86,0,333.800
6586,8029,2,131,783,2736,4096,0,86,0,418.200
6587,8030,2,124,744,2736,4096,400,86,0,487.300
6588,8031,2,132,792,2736,4096,0,86,0,379.400
6589,8032,2,132,792,2736,4096,400,86,0,338.200
6590,8033,2,123,738,2736,4096,0,86,0,253.600
6591,8034,2,121,726,2736,4096,400,86,0,281.800
6592,8035,2,121,726,2736,4096,0,86,0,331.500
6593,8036,2,131,786,2736,4096,400,86,0,336.600
6594,8037,2,128,765,2736,4096,0,86,0,258.300
6595,8038,2,121,726,2736,4096,400,86,0,383.800
6596,8039,2,129,774,2736,4096,0,86,0,438.500
6597,8040,2,129,774,2736,4096,400,86,0,501.900
6598,8041,2,121,726,2736,4096,0,86,0,344.400
6599,8042,2,120,720,2736,4096,400,86,0,390.200
6600,8043,2,152,912,2736,4096,0,86,0,424.700
6601,8044,2,152,912,2736,4096,400,86,0,388.300
6602,8045,2,152,912,2736,4096,0,86,0,523.400
6603,8046,2,152,912,2736,4096,400,86,0,387.100
6604,8047,2,152,912,2736,4096,0,86,0,357.200
6605,8048,2,160,960,2736,4096,400,86,0,705.300
6606,8049,2,160,960,2736,4096,0,86,0,343.100
6607,8050,2,152,912,2736,4096,400,86,0,327.700
6608,8051,2,152,912,2736,4096,0,86,0,511.400
6609,8052,2,152,912,2736,4096,400,86,0,463.100
6610,8053,2,160,960,2736,4096,0,86,0,445.500
6611,8054,2,151,906,2736,4096,400,86,0,379.700
6612,8055,2,151,906,2736,4096,0,86,0,262.000
6613,8056,2,151,906,2736,4096,400,86,0,343.300
6614,8057,2,159,954,2736,4096,0,86,0,408.600
6615,8058,2,151,906,2736,4096,400,86,0,424.300
6616,8059,2,151,906,2736,4096,0,86,0,376.100
6617,8060,2,151,906,2736,4096,400,86,0,320.100
6618,8061,2,159,954,2736,4096,0,86,0,404.500
6619,8062,2,151,906,2736,4096,400,86,0,392.200
6620,8063,2,151,906,2736,4096,0,86,0,383.400
6621,8064,2,151,906,2736,4096,400,86,0,424.100
6622,8065,2,159,954,2736,4096,0,86,0,327.200
6623,8066,2,159,954,2736,4096,400,86,0,428.300
6624,8067,2,151,906,2736,4096,0,86,0,379.000
6625,8068,2,155,930,2736,4096,400,86,0,304.600
6626,8069,2,163,978,2736,4096,0,86,0,353.100
6627,8070,2,155,930,2736,4096,400,86,0,384.300
6628,8072,2,159,954,2736,4096,0,86,0,384.600
6629,8073,2,131,786,2736,4096,400,86,0,376.600
6630,8074,2,139,834,2736,4096,0,86,0,325.700
6631,8075,2,131,786,2736,4096,400,86,0,369.400
6632,8076,2,139,834,2736,4096,0,86,0,419.400
6633,8077,2,131,786,2736,4096,400,86,0,319.600
6634,8078,2,130,780,2736,4096,0,86,0,368.500
6635,8079,2,166,993,2736,4096,400,86,0,346.700
6636,8080,2,163,975,2736,4096,0,86,0,248.800
6637,8081,2,137,822,2736,4096,400,86,0,255.300
6638,8082,2,161,966,2736,4096,0,86,0,389.900
6639,8083,2,160,960,2736,4096,400,86,0,366.300
6640,8084,2,157,942,2736,4096,0,86,0,366.200
6641,8085,2,157,942,2736,4096,400,86,0,387.900
6642,8086,2,209,1254,2736,4096,0,86,0,461.100
6643,8087,2,211,1266,2736,4096,400,86,0,418.800
6644,8088,2,216,1296,2736,4096,0,86,0,495.000
6645,8089,2,216,1296,2736,4096,400,86,0,377.000
6646,8090,2,218,1308,2736,4096,0,86,0,420.800
6647,8091,2,282,1692,2736,4096,400,86,0,466.700
6648,8092,2,266,1596,2736,4096,0,86,0,441.900
6649,8093,2,276,1656,2736,4096,400,86,0,316.000
6650,8094,2,355,2130,2736,4096,0,86,0,326.100
6651,8095,2,317,1902,2736,4096,400,86,0,324.000
6652,8096,2,317,1902,2736,4096,0,86,0,423.600
6653,8097,2,389,2334,2736,4096,400,86,0,473.400
6654,8098,2,386,2316,2736,4096,0,86,0,720.500
6655,8099,2,406,2436,2736,4096,400,86,0,734.600
6656,8100,2,390,2340,2736,4096,0,86,0,727.400
6657,8101,2,392,2352,2736,4096,400,86,0,392.400
6658,8103,2,320,1920,2736,4096,0,86,0,571.400
6659,8105,2,328,1968,2736,4096,400,86,0,407.800
6660,8106,2,343,2058,2736,4096,0,86,0,422.700
6661,8108,2,362,2172,2736,4096,400,86,0,387.300
6662,8110,2,363,2178,2736,4096,0,86,0,463.700
6663,8111,2,366,2196,2736,4096,400,86,0,414.400
6664,8112,2,366,2196,2736,4096,0,86,0,418.700
6665,8113,2,367,2202,2736,4096,400,86,0,593.800
6666,8114,2,377,2262,2736,4096,0,86,0,441.200
6667,8115,2,421,2526,2736,4096,400,86,0,376.900
6668,8116,2,421,2526,2736,4096,0,86,0,423.200
6669,8117,2,428,2562,2736,4096,400,86,0,505.800
6670,8118,2,417,2502,2736,4096,0,86,0,367.700
6671,8119,2,423,2538,2736,4096,400,86,0,493.800
6672,8120,2,424,2544,2736,4096,0,86,0,425.900
6673,8121,2,436,2616,2736,4096,400,86,0,412.200
6674,8122,2,474,2844,2736,4096,0,86,0,501.600
6675,8123,2,468,2808,2736,4096,400,86,0,619.500
6676,8124,2,474,2847,2736,4096,0,86,0,429.200
6677,8125,2,469,2814,2736,4096,400,86,0,427.100
6678,8126,2,526,3156,2736,4096,0,86,0,654.500
6679,8127,2,475,2850,2736,4096,400,86,0,423.500
6680,8128,2,444,2664,2736,4096,0,86,0,756.300
6681,8129,2,442,2652,2736,4096,400,86,0,410.200
6682,8130,2,427,2562,2736,4096,0,86,0,385.000
6683,8131,2,428,2568,2736,4096,400,86,0,362.900
6684,8132,2,447,2682,2736,4096,0,86,0,343.700
6685,8133,2,364,2184,2736,4096,400,86,0,323.800
6686,8134,2,390,2337,2736,4096,0,86,0,359.800
6687,8135,2,376,2256,2736,4096,400,86,0,448.900
6688,8136,2,420,2520,2736,4096,0,86,0,413.900
6689,8137,2,416,2496,2736,4096,400,86,0,331.300
6690,8138,2,416,2496,2736,4096,0,86,0,321.000
6691,8139,2,419,2514,2736,4096,400,86,0,455.500
6692,8140,2,416,2496,2736,4096,0,86,0,362.300
6693,8142,2,463,2778,2736,4096,400,86,0,521.600
6694,8143,2,446,2676,2736,4096,0,86,0,360.800
6695,8144,2,283,1698,2736,4096,400,86,0,389.600
6696,8145,2,307,1842,2736,4096,0,86,0,461.800
6697,8146,2,307,1842,2736,4096,400,86,0,439.500
6698,8147,2,300,1800,2736,4096,0,86,0,369.100
6699,8148,2,321,1926,2736,4096,400,86,0,379.900
6700,8149,2,337,2022,2736,4096,0,86,0,351.200
6701,8150,2,358,2148,2736,4096,400,86,0,403.600
6702,8151,2,363,2178,2736,4096,0,86,0,378.100
6703,8152,2,355,2130,2736,4096,400,86,0,243.100
6704,8153,2,311,1866,2736,4096,0,86,0,953.900
6705,8154,2,253,1518,2736,4096,400,86,0,304.800
6706,8155,2,212,1272,2736,4096,0,86,0,262.700
6707,8156,2,211,1266,2736,4096,400,86,0,322.900
6708,8157,2,212,1272,2736,4096,0,86,0,345.100
6709,8158,2,206,1236,2736,4096,400,86,0,276.300
6710,8159,2,198,1188,2736,4096,0,86,0,341.400
6711,8160,2,409,2454,2736,4096,400,86,0,504.600
6712,8161,2,377,2262,2736,4096,0,86,0,333.900
6713,8162,2,372,2232,2736,4096,400,86,0,438.800
6714,8163,2,331,1986,2736,4096,0,86,0,571.900
6715,8164,2,401,2406,2736,4096,400,86,0,430.700
6716,8165,2,409,2454,2736,4096,0,86,0,341.800
6717,8166,2,404,2424,2736,4096,400,86,0,408.200
6718,8167,2,371,2226,2736,4096,0,86,0,377.400
6719,8168,2,478,2868,2736,4096,400,86,0,400.400
6720,8169,2,504,3024,2736,4096,0,86,0,273.100
6721,8170,2,331,1986,2736,4096,400,86,0,425.100
6722,8171,2,329,1974,2736,4096,0,86,0,437.800
6723,8172,2,260,1560,2736,4096,400,86,0,325.600
6724,8173,2,308,1848,2736,4096,0,86,0,447.100
6725,8174,2,313,1878,2736,4096,400,86,0,423.800
6726,8175,2,327,1962,2736,4096,0,86,0,450.400
6727,8176,2,325,1950,2736,4096,400,86,0,387.200
6728,8177,2,327,1962,2736,4096,0,86,0,500.800
6729,8178,2,345,2070,2736,4096,400,86,0,375.300
6730,8179,2,374,2244,2736,4096,0,86,0,452.800
6731,8180,2,445,2670,2736,4096,400,86,0,405.400
6732,8181,2,462,2772,2736,4096,0,86,0,323.800
6733,8182,2,532,3192,2736,4096,400,86,0,378.900
6734,8183,2,558,3348,2736,4096,0,86,0,381.000
6735,8184,2,552,3312,2736,4096,400,86,0,480.900
6736,8185,2,555,3327,2736,4096,0,86,0,484.200
6737,8186,2,494,2964,2736,4096,400,86,0,442.600
6738,8187,2,407,2442,2736,4096,0,86,0,573.600
6739,8188,2,362,2172,2736,4096,400,86,0,459.400
6740,8189,2,290,1740,2736,4096,0,86,0,322.400
6741,8190,2,268,1608,2736,4096,400,86,0,442.400
6742,8191,2,248,1488,2736,4096,0,86,0,435.300
6743,8192,2,256,1536,2736,4096,400,86,0,436.100
6744,8193,2,240,1440,2736,4096,0,86,0,385.000
6745,8194,2,226,1356,2736,4096,400,86,0,460.700
6746,8195,2,208,1248,2736,4096,0,86,0,591.700
6747,8196,2,192,1152,2736,4096,400,86,0,410.000
6748,8197,2,141,846,2736,4096,0,86,0,436.200
6749,8198,2,132,792,2736,4096,400,86,0,488.100
6750,8199,2,118,708,2736,4096,0,86,0,442.400
6751,8200,2,122,732,2736,4096,400,86,0,519.000
6752,8201,2,114,684,2736,4096,0,86,0,382.900
6753,8202,2,114,684,2736,4096,400,86,0,354.100
6754,8203,2,120,726,2736,4096,0,86,0,397.400
6755,8204,2,108,648,2736,4096,400,86,0,381.800
6756,8205,2,116,696,2736,4096,0,86,0,505.700
6757,8206,2,110,660,2736,4096,400,86,0,396.200
6758,8207,2,100,600,2736,4096,0,86,0,393.600
6759,8208,2,100,600,2736,4096,400,86,0,369.700
6760,8209,2,134,804,2736,4096,0,86,0,490.500
6761,8210,2,105,630,2736,4096,400,86,0,330.700
6762,8211,2,106,636,2736,4096,0,86,0,338.900
6763,8212,2,78,471,2736,4096,400,86,0,598.300
6764,8213,2,66,396,2736,4096,0,86,0,345.700
6765,8214,2,62,372,2736,4096,400,86,0,255.300
6766,8215,2,56,336,2736,4096,0,86,0,383.000
6767,8216,2,56,336,2736,4096,400,86,0,403.600
6768,8217,2,57,342,2736,4096,0,86,0,417.300
6769,8218,2,52,312,2736,4096,400,86,0,502.900
6770,8219,2,58,348,2736,4096,0,86,0,210.800
6771,8220,2,58,351,2736,4096,400,86,0,583.500
6772,8221,2,49,294,2736,4096,0,86,0,277.500
6773,8222,2,49,294,2736,4096,400,86,0,436.200
6774,8223,2,49,294,2736,4096,0,86,0,327.900
6775,8224,2,81,486,2736,4096,400,86,0,529.700
6776,8225,2,79,474,2736,4096,0,86,0,452.000
6777,8226,2,65,390,2736,4096,400,86,0,341.800
6778,8227,2,28,168,2736,4096,0,86,0,213.200
6779,8228,2,31,186,2736,4096,400,86,0,471.300
6780,8229,2,23,138,2736,4096,0,86,0,362.700
6781,8230,2,45,267,2736,4096,400,86,0,318.800
6782,8231,2,24,144,2736,4096,0,86,0,451.900
6783,8232,2,18,108,2736,4096,400,86,0,488.800
6784,8233,2,16,96,2736,4096,0,86,0,609.700
6785,8234,2,58,348,2736,4096,400,86,0,440.200
6786,8235,2,56,336,2736,4096,0,86,0,371.700
6787,8236,2,51,306,2736,4096,400,86,0,416.900
6788,8237,2,16,96,2736,4096,0,86,0,434.800
6789,8238,2,16,96,2736,4096,400,86,0,426.900
6790,8239,2,16,96,2736,4096,0,86,0,355.800
6791,8240,2,16,96,2736,4096,400,86,0,370.300
6792,8241,2,16,96,2736,4096,0,86,0,341.800
6793,8242,2,16,96,2736,4096,400,86,0,352.000
6794,8243,2,16,96,2736,4096,0,86,0,414.700
6795,8244,2,16,96,2736,4096,400,86,0,349.500
6796,8245,2,16,96,2736,4096,0,86,0,279.300
6797,8246,2,13,78,2736,4096,400,86,0,369.400
6798,8247,2,13,78,2736,4096,0,86,0,345.200
6799,8248,2,13,78,2736,4096,400,86,0,245.800
6800,8249,2,13,78,2736,4096,0,86,0,487.600
6801,8250,2,13,78,2736,4096,400,86,0,331.400
6802,8251,2,13,78,2736,4096,0,86,0,338.300
6803,8252,2,13,78,2736,4096,400,86,0,351.800
6804,8253,2,13,78,2736,4096,0,86,0,346.400
6805,8254,2,13,78,2736,4096,400,86,0,318.100
6806,8255,2,13,78,2736,4096,0,86,0,406.000
6807,8256,2,13,78,2736,4096,400,86,0,348.100
6808,8257,2,13,78,2736,4096,0,86,0,422.700
6809,8258,2,13,78,2736,4096,400,86,0,417.000
6810,8259,2,13,78,2736,4096,0,86,0,365.000
6811,8260,2,28,168,2736,4096,400,86,0,427.200
6812,8261,2,28,168,2736,4096,0,86,0,446.200
6813,8262,2,28,168,2736,4096,400,86,0,363.000
6814,8263,2,25,150,2736,4096,0,86,0,417.000
6815,8264,2,23,138,2736,4096,400,86,0,371.500
6816,8265,2,23,138,2736,4096,0,86,0,424.400
6817,8266,2,22,132,2736,4096,400,86,0,440.500
6818,8267,2,22,132,2736,4096,0,86,0,492.400
6819,8268,2,22,132,2736,4096,400,86,0,396.400
6820,8269,2,22,132,2736,4096,0,86,0,382.400
6821,8270,2,22,132,2736,4096,400,86,0,346.600
6822,8271,2,22,132,2736,4096,0,86,0,347.600
6823,8272,2,22,132,2736,4096,400,86,0,402.000
6824,8273,2,22,132,2736,4096,0,86,0,415.100
6825,8274,2,22,132,2736,4096,400,86,0,387.100
6826,8275,2,22,132,2736,4096,0,86,0,412.600
6827,8276,2,22,132,2736,4096,400,86,0,378.200
6828,8277,2,12,72,2736,4096,0,86,0,525.700
6829,8278,2,12,72,2736,4096,400,86,0,408.000
6830,8279,2,12,72,2736,4096,0,86,0,357.400
6831,8280,2,12,72,2736,4096,400,86,0,562.500
6832,8281,2,12,72,2736,4096,0,86,0,687.200
6833,8282,2,12,72,2736,4096,400,86,0,310.200
6834,8283,2,12,72,2736,4096,0,86,0,369.900
6835,8284,2,12,72,2736,4096,400,86,0,375.100
6836,8285,2,12,72,2736,4096,0,86,0,355.000
6837,8286,2,12,72,2736,4096,400,86,0,338.300
6838,8287,2,12,72,2736,4096,0,86,0,304.400
6839,8288,2,12,72,2736,4096,400,86,0,338.400
6840,8289,2,12,72,2736,4096,0,86,0,399.100
6841,8290,2,12,72,2736,4096,400,86,0,399.500
6842,8291,2,12,72,2736,4096,0,86,0,391.000
6843,8292,2,12,72,2736,4096,400,86,0,577.500
6844,8293,2,12,72,2736,4096,0,86,0,349.900
6845,8294,2,12,72,2736,4096,400,86,0,339.300
6846,8295,2,12,72,2736,4096,0,86,0,357.000
6847,8296,2,12,72,2736,4096,400,86,0,372.800
6848,8297,2,12,72,2736,4096,0,86,0,387.000
6849,8298,2,12,72,2736,4096,400,86,0,370.000
6850,8299,2,12,72,2736,4096,0,86,0,394.900
6851,8300,2,12,72,2736,4096,400,86,0,359.100
6852,8301,2,18,108,2736,4096,0,86,0,366.000
6853,8302,2,18,108,2736,4096,400,86,0,265.500
6854,8303,2,18,108,2736,4096,0,86,0,461.800
6855,8304,2,18,108,2736,4096,400,86,0,357.000
6856,8305,2,18,108,2736,4096,0,86,0,338.700
6857,8306,2,18,108,2736,4096,400,86,0,325.700
6858,8307,2,18,108,2736,4096,0,86,0,339.100
6859,8308,2,14,84,2736,4096,400,86,0,417.600
6860,8309,2,14,84,2736,4096,0,86,0,305.200
6861,8310,2,14,84,2736,4096,400,86,0,456.000
6862,8311,2,14,84,2736,4096,0,86,0,388.400
6863,8312,2,15,90,2736,4096,400,86,0,475.800
6864,8313,2,15,90,2736,4096,0,86,0,485.300
6865,8314,2,15,90,2736,4096,400,86,0,359.500
6866,8315,2,15,90,2736,4096,0,86,0,368.600
6867,8316,2,15,90,2736,4096,400,86,0,317.300
6868,8317,2,15,90,2736,4096,0,86,0,421.400
6869,8318,2,15,90,2736,4096,400,86,0,290.300
6870,8319,2,15,90,2736,4096,0,86,0,537.100
6871,8320,2,15,90,2736,4096,400,86,0,448.400
6872,8321,2,15,90,2736,4096,0,86,0,477.600
6873,8322,2,15,90,2736,4096,400,86,0,489.300
6874,8323,2,15,90,2736,4096,0,86,0,342.400
6875,8324,2,15,90,2736,4096,400,86,0,405.200
6876,8325,2,15,90,2736,4096,0,86,0,282.800
6877,8326,2,15,90,2736,4096,400,86,0,349.000
6878,8327,2,15,90,2736,4096,0,86,0,406.600
6879,8328,2,15,90,2736,4096,400,86,0,344.800
6880,8329,2,15,90,2736,4096,0,86,0,459.400
6881,8330,2,15,90,2736,4096,400,86,0,372.100
6882,8331,2,15,90,2736,4096,0,86,0,443.200
6883,8332,2,15,90,2736,4096,400,86,0,310.300
6884,8333,2,15,90,2736,4096,0,86,0,364.500
6885,8334,2,15,90,2736,4096,400,86,0,310.100
6886,8335,2,15,90,2736,4096,0,86,0,440.700
6887,8336,2,15,90,2736,4096,400,86,0,428.900
6888,8337,2,15,90,2736,4096,0,86,0,325.000
6889,8338,2,15,90,2736,4096,400,86,0,393.500
6890,8339,2,15,90,2736,4096,0,86,0,368.900
6891,8340,2,15,90,2736,4096,400,86,0,571.400
6892,8341,2,15,90,2736,4096,0,86,0,381.500
6893,8342,2,15,90,2736,4096,400,86,0,395.500
6894,8343,2,15,90,2736,4096,0,86,0,487.300
6895,8344,2,15,90,2736,4096,400,86,0,370.200
6896,8345,2,15,90,2736,4096,0,86,0,455.000
6897,8346,2,15,90,2736,4096,400,86,0,389.100
6898,8347,2,15,90,2736,4096,0,86,0,338.500
6899,8348,2,15,90,2736,4096,400,86,0,326.200
6900,8349,2,15,90,2736,4096,0,86,0,444.900
6901,8350,2,15,90,2736,4096,400,86,0,439.100
6902,8351,2,15,90,2736,4096,0,86,0,368.200
6903,8352,2,15,90,2736,4096,400,86,0,433.500
6904,8353,2,15,90,2736,4096,0,86,0,311.600
6905,8354,2,15,90,2736,4096,400,86,0,305.200
6906,8355,2,15,90,2736,4096,0,86,0,429.300
6907,8356,2,15,90,2736,4096,400,86,0,346.900
6908,8357,2,15,90,2736,4096,0,86,0,480.500
6909,8358,2,15,90,2736,4096,400,86,0,393.500
6910,8359,2,15,90,2736,4096,0,86,0,347.300
6911,8360,2,15,90,2736,4096,400,86,0,420.500
6912,8361,2,15,90,2736,4096,0,86,0,350.800
6913,8362,2,15,90,2736,4096,400,86,0,332.700
6914,8363,2,15,90,2736,4096,0,86,0,264.900
6915,8364,2,15,90,2736,4096,400,86,0,410.600
6916,8365,2,15,90,2736,4096,0,86,0,337.400
6917,8366,2,15,90,2736,4096,400,86,0,365.000
6918,8367,2,15,90,2736,4096,0,86,0,437.100
6919,8368,2,15,90,2736,4096,400,86,0,353.700
6920,8369,2,15,90,2736,4096,0,86,0,266.600
6921,8370,2,15,90,2736,4096,400,86,0,290.600
6922,8371,2,15,90,2736,4096,0,86,0,397.800
6923,8372,2,15,90,2736,4096,400,86,0,329.200
6924,8373,2,15,90,2736,4096,0,86,0,250.300
6925,8374,2,15,90,2736,4096,400,86,0,454.400
6926,8375,2,15,90,2736,4096,0,86,0,338.900
6927,8376,2,15,90,2736,4096,400,86,0,341.200
6928,8377,2,15,90,2736,4096,0,86,0,354.800
6929,8378,2,15,90,2736,4096,400,86,0,333.900
6930,8379,2,15,90,2736,4096,0,86,0,395.100
6931,8380,2,15,90,2736,4096,400,86,0,541.600
6932,8381,2,15,90,2736,4096,0,86,0,440.400
6933,8382,2,15,90,2736,4096,400,86,0,291.400
6934,8383,2,15,90,2736,4096,0,86,0,363.100
6935,8384,2,15,90,2736,4096,400,86,0,313.300
6936,8385,2,15,90,2736,4096,0,86,0,337.100
6937,8386,2,15,90,2736,4096,400,86,0,391.400
6938,8387,2,15,90,2736,4096,0,86,0,312.500
6939,8388,2,15,90,2736,4096,400,86,0,397.800
6940,8389,2,15,90,2736,4096,0,86,0,537.700
6941,8390,2,15,90,2736,4096,400,86,0,423.500
6942,8391,2,15,90,2736,4096,0,86,0,480.700
6943,8392,2,15,90,2736,4096,400,86,0,337.600
6944,8393,2,15,90,2736,4096,0,86,0,308.800
6945,8394,2,15,90,2736,4096,400,86,0,360.700
6946,8395,2,15,90,2736,4096,0,86,0,346.200
6947,8396,2,15,90,2736,4096,400,86,0,367.700
6948,8397,2,15,90,2736,4096,0,86,0,374.100
6949,8398,2,15,90,2736,4096,400,86,0,324.800
6950,8399,2,15,90,2736,4096,0,86,0,375.600
6951,8400,2,15,90,2736,4096,400,86,0,758.000
6952,8401,2,15,90,2736,4096,0,86,0,373.800
6953,8402,2,15,90,2736,4096,400,86,0,333.100
6954,8403,2,15,90,2736,4096,0,86,0,514.900
6955,8404,2,15,90,2736,4096,400,86,0,420.800
6956,8405,2,15,90,2736,4096,0,86,0,364.200
6957,8406,2,15,90,2736,4096,400,86,0,297.700
6958,8407,2,15,90,2736,4096,0,86,0,497.600
6959,8408,2,15,90,2736,4096,400,86,0,321.800
6960,8409,2,15,90,2736,4096,0,86,0,357.300
6961,8410,2,15,90,2736,4096,400,86,0,333.000
6962,8411,2,15,90,2736,4096,0,86,0,377.000
6963,8412,2,15,90,2736,4096,400,86,0,431.500
6964,8413,2,15,90,2736,4096,0,86,0,298.900
6965,8414,2,15,90,2736,4096,400,86,0,269.100
6966,8415,2,15,90,2736,4096,0,86,0,431.800
6967,8416,2,15,90,2736,4096,400,86,0,318.900
6968,8417,2,15,90,2736,4096,0,86,0,402.800
6969,8418,2,15,90,2736,4096,400,86,0,489.500
6970,8419,2,15,90,2736,4096,0,86,0,343.600
6971,8420,2,15,90,2736,4096,400,86,0,403.700
6972,8421,2,15,90,2736,4096,0,86,0,391.300
6973,8422,2,15,90,2736,4096,400,86,0,411.300
6974,8423,2,15,90,2736,4096,0,86,0,337.700
6975,8424,2,15,90,2736,4096,400,86,0,328.700
6976,8425,2,15,90,2736,4096,0,86,0,392.300
6977,8426,2,15,90,2736,4096,400,86,0,325.800
6978,8427,2,15,90,2736,4096,0,86,0,301.600
6979,8428,2,15,90,2736,4096,400,86,0,483.500
6980,8429,2,15,90,2736,4096,0,86,0,254.000
6981,8430,2,15,90,2736,4096,400,86,0,309.000
6982,8431,2,15,90,2736,4096,0,86,0,307.700
6983,8432,2,15,90,2736,4096,400,86,0,348.600
6984,8433,2,15,90,2736,4096,0,86,0,409.700
6985,8434,2,15,90,2736,4096,400,86,0,438.800
6986,8435,2,15,90,2736,4096,0,86,0,572.300
6987,8436,2,15,90,2736,4096,400,86,0,390.500
6988,8437,2,15,90,2736,4096,0,86,0,469.900
6989,8438,2,15,90,2736,4096,400,86,0,372.100
6990,8439,2,15,90,2736,4096,0,86,0,337.500
6991,8440,2,15,90,2736,4096,400,86,0,373.300
6992,8441,2,15,90,2736,4096,0,86,0,330.600
6993,8442,2,0,0,2736,4096,400,86,0,72.900
6994,8443,2,0,0,2736,4096,0,86,0,124.700
6995,8444,2,0,0,2736,4096,400,86,0,89.500
6996,8445,2,0,0,2736,4096,0,86,0,52.800
6997,8446,2,0,0,2736,4096,400,86,0,92.200
6998,8447,2,0,0,2736,4096,0,86,0,118.200
6999,8448,2,0,0,2736,4096,400,86,0,99.400
7000,8449,2,0,0,2736,4096,0,86,0,55.200
7001,8450,2,0,0,2736,4096,400,86,0,89.600
7002,8451,2,0,0,2736,4096,0,86,0,98.300
7003,8452,2,0,0,2736,4096,400,86,0,96.300
7004,8453,2,0,0,2736,4096,0,86,0,120.100
7005,8454,2,0,0,2736,4096,400,86,0,144.500
7006,8455,2,0,0,2736,4096,0,86,0,106.500
7007,8456,2,0,0,2736,4096,400,86,0,156.300
7008,8457,2,0,0,2736,4096,0,86,0,154.900
7009,8458,2,0,0,2736,4096,400,86,0,103.400
7010,8459,2,0,0,2736,4096,0,86,0,138.200
7011,8460,2,0,0,2736,4096,400,86,0,166.500
7012,8461,2,0,0,2736,4096,0,86,0,100.600
7013,8462,2,0,0,2736,4096,400,86,0,52.300
7014,8463,2,0,0,2736,4096,0,86,0,144.600
7015,8464,2,0,0,2736,4096,400,86,0,101.200
7016,8465,2,0,0,2736,4096,0,86,0,50.500
7017,8466,2,0,0,2736,4096,400,86,0,91.300
7018,8467,2,0,0,2736,4096,0,86,0,86.300
7019,8468,2,0,0,2736,4096,400,86,0,54.100
7020,8469,2,0,0,2736,4096,0,86,0,99.200
7021,8470,2,0,0,2736,4096,400,86,0,97.600
7022,8471,2,0,0,2736,4096,0,86,0,116.600
7023,8472,2,0,0,2736,4096,400,86,0,95.100
7024,8473,2,0,0,2736,4096,0,86,0,51.400
7025,8474,2,0,0,2736,4096,400,86,0,111.100
7026,8475,2,0,0,2736,4096,0,86,0,72.500
7027,8476,2,0,0,2736,4096,400,86,0,75.600
7028,8477,2,0,0,2736,4096,0,86,0,91.700
7029,8478,2,0,0,2736,4096,400,86,0,122.200
7030,8479,2,0,0,2736,4096,0,86,0,115.600
7031,8480,2,0,0,2736,4096,400,86,0,92.300
7032,8481,2,0,0,2736,4096,0,86,0,85.600
7033,8482,2,0,0,2736,4096,400,86,0,82.300
7034,8483,2,0,0,2736,4096,0,86,0,183.900
7035,8484,2,0,0,2736,4096,400,86,0,48.400
7036,8485,2,0,0,2736,4096,0,86,0,82.200
7037,8486,2,0,0,2736,4096,400,86,0,52.600
7038,8487,2,0,0,2736,4096,0,86,0,83.000
7039,8488,2,0,0,2736,4096,400,86,0,122.100
7040,8489,2,0,0,2736,4096,0,86,0,93.300
7041,8490,2,0,0,2736,4096,400,86,0,102.400
7042,8491,2,0,0,2736,4096,0,86,0,148.700
7043,8492,2,0,0,2736,4096,400,86,0,95.900
7044,8493,2,0,0,2736,4096,0,86,0,114.900
7045,8494,2,0,0,2736,4096,400,86,0,124.400
7046,8495,2,0,0,2736,4096,0,86,0,95.600
7047,8496,2,0,0,2736,4096,400,86,0,103.600
7048,8497,2,0,0,2736,4096,0,86,0,96.100
7049,8498,2,0,0,2736,4096,400,86,0,142.400
7050,8499,2,0,0,2736,4096,0,86,0,118.300
7051,8500,2,0,0,2736,4096,400,86,0,123.700
7052,8501,2,0,0,2736,4096,0,86,0,119.500
7053,8502,2,0,0,2736,4096,400,86,0,91.000
7054,8503,2,0,0,2736,4096,0,86,0,53.900
7055,8504,2,0,0,2736,4096,400,86,0,104.300
7056,8505,2,0,0,2736,4096,0,86,0,125.100
7057,8506,2,0,0,2736,4096,400,86,0,131.800
7058,8507,2,0,0,2736,4096,0,86,0,126.500
7059,8508,2,0,0,2736,4096,400,86,0,85.400
7060,8509,2,0,0,2736,4096,0,86,0,131.800
7061,8510,2,0,0,2736,4096,400,86,0,89.500
7062,8511,2,0,0,2736,4096,0,86,0,134.900
7063,8512,2,0,0,2736,4096,400,86,0,136.300
7064,8513,2,0,0,2736,4096,0,86,0,143.600
7065,8514,2,0,0,2736,4096,400,86,0,85.400
7066,8515,2,0,0,2736,4096,0,86,0,112.700
7067,8516,2,0,0,2736,4096,400,86,0,54.100
7068,8517,2,0,0,2736,4096,0,86,0,100.900
7069,8518,2,0,0,2736,4096,400,86,0,159.500
7070,8519,2,0,0,2736,4096,0,86,0,88.300
7071,8520,2,0,0,2736,4096,400,86,0,176.400
7072,8521,2,0,0,2736,4096,0,86,0,136.100
7073,8522,2,0,0,2736,4096,400,86,0,146.200
7074,8523,2,0,0,2736,4096,0,86,0,170.500
7075,8524,2,0,0,2736,4096,400,86,0,123.000
7076,8525,2,0,0,2736,4096,0,86,0,90.700
7077,8526,2,0,0,2736,4096,400,86,0,96.300
7078,8527,2,0,0,2736,4096,0,86,0,282.000
7079,8528,2,0,0,2736,4096,400,86,0,104.700
7080,8529,2,0,0,2736,4096,0,86,0,138.100
7081,8530,2,0,0,2736,4096,400,86,0,94.200
7082,8531,2,0,0,2736,4096,0,86,0,138.200
7083,8532,2,0,0,2736,4096,400,86,0,178.600
7084,8533,2,0,0,2736,4096,0,86,0,97.400
7085,8534,2,0,0,2736,4096,400,86,0,99.500
7086,8535,2,0,0,2736,4096,0,86,0,48.400
7087,8536,2,0,0,2736,4096,400,86,0,120.300
7088,8537,2,0,0,2736,4096,0,86,0,175.800
7089,8538,2,0,0,2736,4096,400,86,0,106.300
7090,8539,2,0,0,2736,4096,0,86,0,126.200
7091,8540,2,0,0,2736,4096,400,86,0,154.600
7092,8541,2,0,0,2736,4096,0,86,0,92.800
7093,8542,2,0,0,2736,4096,400,86,0,155.700
7094,8543,2,0,0,2736,4096,0,86,0,56.200
7095,8544,2,0,0,2736,4096,400,86,0,96.300
7096,8545,2,0,0,2736,4096,0,86,0,134.500
7097,8546,2,0,0,2736,4096,400,86,0,116.400
7098,8547,2,0,0,2736,4096,0,86,0,145.000
7099,8548,2,0,0,2736,4096,400,86,0,124.500
7100,8549,2,0,0,2736,4096,0,86,0,52.000
7101,8550,2,0,0,2736,4096,400,86,0,85.400
7102,8551,2,0,0,2736,4096,0,86,0,127.800
7103,8552,2,0,0,2736,4096,400,86,0,119.900
7104,8553,2,0,0,2736,4096,0,86,0,52.100
7105,8554,2,0,0,2736,4096,400,86,0,156.300
7106,8555,2,0,0,2736,4096,0,86,0,140.200
7107,8556,2,0,0,2736,4096,400,86,0,83.400
7108,8557,2,0,0,2736,4096,0,86,0,51.400
7109,8558,2,0,0,2736,4096,400,86,0,95.800
7110,8559,2,0,0,2736,4096,0,86,0,58.400
7111,8560,2,0,0,2736,4096,400,86,0,92.100
7112,8561,2,0,0,2736,4096,0,86,0,137.100
7113,8562,2,0,0,2736,4096,400,86,0,97.800
7114,8563,2,0,0,2736,4096,0,86,0,136.200
7115,8564,2,0,0,2736,4096,400,86,0,96.400
7116,8565,2,0,0,2736,4096,0,86,0,131.000
7117,8566,2,0,0,2736,4096,400,86,0,124.200
7118,8567,2,0,0,2736,4096,0,86,0,138.900
7119,8568,2,0,0,2736,4096,400,86,0,86.000
7120,8569,2,0,0,2736,4096,0,86,0,115.000
7121,8570,2,0,0,2736,4096,400,86,0,116.500
7122,8571,2,0,0,2736,4096,0,86,0,135.500
7123,8572,2,0,0,2736,4096,400,86,0,141.800
7124,8573,2,0,0,2736,4096,0,86,0,139.200
7125,8574,2,0,0,2736,4096,400,86,0,99.600
7126,8575,2,0,0,2736,4096,0,86,0,198.300
7127,8576,2,0,0,2736,4096,400,86,0,151.500
7128,8577,2,0,0,2736,4096,0,86,0,101.700
7129,8578,2,0,0,2736,4096,400,86,0,100.200
7130,8579,2,0,0,2736,4096,0,86,0,139.300
7131,8580,2,0,0,2736,4096,400,86,0,163.600
7132,8581,2,0,0,2736,4096,0,86,0,137.900
7133,8582,2,0,0,2736,4096,400,86,0,122.900
7134,8583,2,0,0,2736,4096,0,86,0,52.000
7135,8584,2,0,0,2736,4096,400,86,0,90.700
7136,8585,2,0,0,2736,4096,0,86,0,109.200
7137,8586,2,0,0,2736,4096,400,86,0,188.400
7138,8587,2,0,0,2736,4096,0,86,0,104.400
7139,8588,2,0,0,2736,4096,400,86,0,124.000
7140,8589,2,0,0,2736,4096,0,86,0,99.400
7141,8590,2,0,0,2736,4096,400,86,0,89.600
7142,8591,2,0,0,2736,4096,0,86,0,97.800
7143,8592,2,0,0,2736,4096,400,86,0,105.000
7144,8593,2,0,0,2736,4096,0,86,0,114.500
7145,8594,2,0,0,2736,4096,400,86,0,170.500
7146,8595,2,0,0,2736,4096,0,86,0,67.000
7147,8596,2,0,0,2736,4096,400,86,0,121.700
7148,8597,2,0,0,2736,4096,0,86,0,104.300
7149,8598,2,0,0,2736,4096,400,86,0,110.600
7150,8599,2,0,0,2736,4096,0,86,0,106.900
7151,8600,2,0,0,2736,4096,400,86,0,198.900
7152,8601,2,0,0,2736,4096,0,86,0,99.100
7153,8602,2,0,0,2736,4096,400,86,0,49.900
7154,8603,2,0,0,2736,4096,0,86,0,143.100
7155,8604,2,0,0,2736,4096,400,86,0,129.600
7156,8605,2,0,0,2736,4096,0,86,0,214.300
7157,8606,2,0,0,2736,4096,400,86,0,136.300
7158,8607,2,0,0,2736,4096,0,86,0,146.700
7159,8608,2,0,0,2736,4096,400,86,0,93.100
7160,8609,2,0,0,2736,4096,0,86,0,94.600
7161,8610,2,0,0,2736,4096,400,86,0,55.800
7162,8611,2,0,0,2736,4096,0,86,0,60.600
7163,8612,2,0,0,2736,4096,400,86,0,100.200
7164,8613,2,0,0,2736,4096,0,86,0,94.500
7165,8614,2,0,0,2736,4096,400,86,0,142.500
7166,8615,2,0,0,2736,4096,0,86,0,61.000
7167,8616,2,0,0,2736,4096,400,86,0,101.300
7168,8617,2,0,0,2736,4096,0,86,0,84.100
7169,8618,2,0,0,2736,4096,400,86,0,134.400
7170,8619,2,0,0,2736,4096,0,86,0,146.300
7171,8620,2,0,0,2736,4096,400,86,0,149.000
7172,8621,2,0,0,2736,4096,0,86,0,105.700
7173,8622,2,0,0,2736,4096,400,86,0,58.500
7174,8623,2,0,0,2736,4096,0,86,0,130.400
7175,8624,2,0,0,2736,4096,400,86,0,115.500
7176,8625,2,0,0,2736,4096,0,86,0,171.900
7177,8626,2,0,0,2736,4096,400,86,0,120.000
7178,8627,2,0,0,2736,4096,0,86,0,84.200
7179,8628,2,0,0,2736,4096,400,86,0,113.200
7180,8629,2,0,0,2736,4096,0,86,0,104.100
7181,8630,2,0,0,2736,4096,400,86,0,62.300
7182,8631,2,0,0,2736,4096,0,86,0,112.400
7183,8632,2,0,0,2736,4096,400,86,0,106.000
7184,8633,2,0,0,2736,4096,0,86,0,162.100
7185,8634,2,0,0,2736,4096,400,86,0,123.500
7186,8635,2,0,0,2736,4096,0,86,0,162.800
7187,8636,2,0,0,2736,4096,400,86,0,97.000
7188,8637,2,0,0,2736,4096,0,86,0,101.700
7189,8638,2,0,0,2736,4096,400,86,0,96.600
7190,8639,2,0,0,2736,4096,0,86,0,172.000
7191,8640,2,0,0,2736,4096,400,86,0,224.200
7192,8641,2,0,0,2736,4096,0,86,0,52.100
7193,8642,2,0,0,2736,4096,400,86,0,156.800
7194,8643,2,0,0,2736,4096,0,86,0,97.600
7195,8644,2,0,0,2736,4096,400,86,0,57.700
7196,8645,2,0,0,2736,4096,0,86,0,142.300
7197,8646,2,0,0,2736,4096,400,86,0,51.700
7198,8647,2,0,0,2736,4096,0,86,0,95.500
7199,8648,2,0,0,2736,4096,400,86,0,94.000
7200,8649,2,0,0,2736,4096,0,86,0,115.800
7201,8650,2,0,0,2736,4096,400,86,0,154.400
7202,8651,2,0,0,2736,4096,0,86,0,156.800
7203,8652,2,0,0,2736,4096,400,86,0,107.800
7204,8653,2,0,0,2736,4096,0,86,0,117.400
7205,8654,2,0,0,2736,4096,400,86,0,110.200
7206,8655,2,0,0,2736,4096,0,86,0,152.800
7207,8656,2,0,0,2736,4096,400,86,0,86.500
7208,8657,2,0,0,2736,4096,0,86,0,99.000
7209,8658,2,0,0,2736,4096,400,86,0,123.200
7210,8659,2,0,0,2736,4096,0,86,0,103.300
7211,8660,2,0,0,2736,4096,400,86,0,165.800
7212,8661,2,0,0,2736,4096,0,86,0,99.900
7213,8662,2,0,0,2736,4096,400,86,0,92.200
7214,8663,2,0,0,2736,4096,0,86,0,105.100
7215,8664,2,0,0,2736,4096,400,86,0,100.300
7216,8665,2,0,0,2736,4096,0,86,0,147.700
7217,8666,2,0,0,2736,4096,400,86,0,62.200
7218,8667,2,0,0,2736,4096,0,86,0,124.400
7219,8668,2,0,0,2736,4096,400,86,0,93.100
7220,8669,2,0,0,2736,4096,0,86,0,100.400
7221,8670,2,0,0,2736,4096,400,86,0,203.500
7222,8671,2,0,0,2736,4096,0,86,0,114.000
7223,8672,2,0,0,2736,4096,400,86,0,108.700
7224,8673,2,0,0,2736,4096,0,86,0,100.100
7225,8674,2,0,0,2736,4096,400,86,0,92.700
7226,8675,2,0,0,2736,4096,0,86,0,57.100
7227,8676,2,0,0,2736,4096,400,86,0,177.800
7228,8677,2,0,0,2736,4096,0,86,0,95.200
7229,8678,2,0,0,2736,4096,400,86,0,133.800
7230,8679,2,0,0,2736,4096,0,86,0,100.400
7231,8680,2,0,0,2736,4096,400,86,0,158.000
7232,8681,2,0,0,2736,4096,0,86,0,91.700
7233,8682,2,0,0,2736,4096,400,86,0,119.500
7234,8683,2,0,0,2736,4096,0,86,0,99.300
7235,8684,2,0,0,2736,4096,400,86,0,54.600
7236,8685,2,0,0,2736,4096,0,86,0,308.200
7237,8686,2,0,0,2736,4096,400,86,0,163.000
7238,8687,2,0,0,2736,4096,0,86,0,115.000
7239,8688,2,0,0,2736,4096,400,86,0,156.900
7240,8689,2,0,0,2736,4096,0,86,0,131.800
7241,8690,2,0,0,2736,4096,400,86,0,147.300
7242,8691,2,0,0,2736,4096,0,86,0,97.400
7243,8692,2,0,0,2736,4096,400,86,0,137.900
7244,8693,2,0,0,2736,4096,0,86,0,96.300
7245,8694,2,0,0,2736,4096,400,86,0,125.600
7246,8695,2,0,0,2736,4096,0,86,0,131.000
7247,8696,2,0,0,2736,4096,400,86,0,92.600
7248,8697,2,0,0,2736,4096,0,86,0,160.200
7249,8698,2,0,0,2736,4096,400,86,0,153.400
7250,8699,2,0,0,2736,4096,0,86,0,58.800
7251,8700,2,0,0,2736,4096,400,86,0,172.900
7252,8701,2,0,0,2736,4096,0,86,0,88.800
7253,8702,2,0,0,2736,4096,400,86,0,98.700
7254,8703,2,0,0,2736,4096,0,86,0,95.600
7255,8704,2,0,0,2736,4096,400,86,0,122.500
7256,8705,2,0,0,2736,4096,0,86,0,55.300
7257,8706,2,0,0,2736,4096,400,86,0,55.000
7258,8707,2,0,0,2736,4096,0,86,0,100.900
7259,8708,2,0,0,2736,4096,400,86,0,145.100
7260,8709,2,0,0,2736,4096,0,86,0,94.800
7261,8710,2,0,0,2736,4096,400,86,0,201.600
7262,8711,2,0,0,2736,4096,0,86,0,130.700
7263,8712,2,0,0,2736,4096,400,86,0,146.800
7264,8713,2,0,0,2736,4096,0,86,0,113.900
7265,8714,2,0,0,2736,4096,400,86,0,98.400
7266,8715,2,0,0,2736,4096,0,86,0,85.600
7267,8716,2,0,0,2736,4096,400,86,0,81.400
7268,8717,2,0,0,2736,4096,0,86,0,163.800
7269,8718,2,0,0,2736,4096,400,86,0,94.100
7270,8719,2,0,0,2736,4096,0,86,0,104.900
7271,8720,2,0,0,2736,4096,400,86,0,165.200
7272,8721,2,0,0,2736,4096,0,86,0,96.200
7273,8722,2,0,0,2736,4096,400,86,0,94.300
7274,8723,2,0,0,2736,4096,0,86,0,55.800
7275,8724,2,0,0,2736,4096,400,86,0,100.800
7276,8725,2,0,0,2736,4096,0,86,0,143.100
7277,8726,2,0,0,2736,4096,400,86,0,135.200
7278,8727,2,0,0,2736,4096,0,86,0,58.900
7279,8728,2,0,0,2736,4096,400,86,0,57.700
7280,8729,2,0,0,2736,4096,0,86,0,144.100
7281,8730,2,0,0,2736,4096,400,86,0,98.000
7282,8731,2,0,0,2736,4096,0,86,0,111.100
7283,8732,2,0,0,2736,4096,400,86,0,130.700
7284,8733,2,0,0,2736,4096,0,86,0,188.700
7285,8734,2,0,0,2736,4096,400,86,0,57.100
7286,8735,2,0,0,2736,4096,0,86,0,92.100
7287,8736,2,0,0,2736,4096,400,86,0,128.500
7288,8737,2,0,0,2736,4096,0,86,0,173.500
7289,8738,2,0,0,2736,4096,400,86,0,70.000
7290,8739,2,0,0,2736,4096,0,86,0,149.400
7291,8740,2,0,0,2736,4096,400,86,0,156.400
7292,8741,2,0,0,2736,4096,0,86,0,95.800
7293,8742,2,0,0,2736,4096,400,86,0,97.900
7294,8743,2,0,0,2736,4096,0,86,0,91.400
7295,8744,2,0,0,2736,4096,400,86,0,140.300
7296,8745,2,0,0,2736,4096,0,86,0,205.200
7297,8746,2,0,0,2736,4096,400,86,0,126.900
7298,8747,2,0,0,2736,4096,0,86,0,55.300
7299,8748,2,0,0,2736,4096,400,86,0,99.800
7300,8749,2,0,0,2736,4096,0,86,0,115.400
7301,8750,2,0,0,2736,4096,400,86,0,181.700
7302,8751,2,0,0,2736,4096,0,86,0,192.900
7303,8752,2,0,0,2736,4096,400,86,0,123.000
7304,8753,2,0,0,2736,4096,0,86,0,114.500
7305,8754,2,0,0,2736,4096,400,86,0,199.400
7306,8755,2,0,0,2736,4096,0,86,0,164.600
7307,8756,2,0,0,2736,4096,400,86,0,142.300
7308,8757,2,0,0,2736,4096,0,86,0,103.000
7309,8758,2,0,0,2736,4096,400,86,0,117.700
7310,8759,2,0,0,2736,4096,0,86,0,97.300
7311,8760,2,0,0,2736,4096,400,86,1,129836.700
7312,8761,2,0,0,2736,4096,0,86,0,116.400
7313,8762,2,0,0,2736,4096,400,86,0,104.600
7314,8763,2,0,0,2736,4096,0,86,0,77.400
7315,8764,2,0,0,2736,4096,400,86,0,76.500
7316,8765,2,0,0,2736,4096,0,86,0,138.200
7317,8766,2,0,0,2736,4096,400,86,0,115.700
7318,8767,2,0,0,2736,4096,0,86,0,210.300
7319,8768,2,0,0,2736,4096,400,86,0,163.900
7320,8769,2,0,0,2736,4096,0,86,0,142.200
7321,8770,2,0,0,2736,4096,400,86,0,188.000
7322,8771,2,0,0,2736,4096,0,86,0,154.000
7323,8772,2,0,0,2736,4096,400,86,0,119.000
7324,8773,2,0,0,2736,4096,0,86,0,157.900
7325,8774,2,0,0,2736,4096,400,86,0,178.800
7326,8775,2,0,0,2736,4096,0,86,0,149.900
7327,8776,2,0,0,2736,4096,400,86,0,146.500
7328,8777,2,0,0,2736,4096,0,86,0,117.800
7329,8778,2,0,0,2736,4096,400,86,0,107.900
7330,8779,2,0,0,2736,4096,0,86,0,105.600
7331,8780,2,0,0,2736,4096,400,86,0,148.900
7332,8781,2,0,0,2736,4096,0,86,0,119.400
7333,8782,2,0,0,2736,4096,400,86,0,147.600
7334,8783,2,0,0,2736,4096,0,86,0,149.100
7335,8784,2,0,0,2736,4096,400,86,0,205.900
7336,8785,2,0,0,2736,4096,0,86,0,241.600
7337,8786,2,0,0,2736,4096,400,86,0,181.200
7338,8787,2,0,0,2736,4096,0,86,0,126.200
7339,8788,2,0,0,2736,4096,400,86,0,161.300
7340,8789,2,0,0,2736,4096,0,86,0,153.400
7341,8790,2,0,0,2736,4096,400,86,0,181.300
7342,8791,2,0,0,2736,4096,0,86,0,154.400
7343,8792,2,0,0,2736,4096,400,86,0,154.200
7344,8793,2,0,0,2736,4096,0,86,0,129.400
7345,8794,2,0,0,2736,4096,400,86,0,123.300
7346,8795,2,0,0,2736,4096,0,86,0,189.100
7347,8796,2,0,0,2736,4096,400,86,0,114.100
7348,8797,2,0,0,2736,4096,0,86,0,116.600
7349,8798,2,0,0,2736,4096,400,86,0,183.700
7350,8799,2,0,0,2736,4096,0,86,0,144.300
7351,8800,2,0,0,2736,4096,400,86,0,158.000
7352,8801,2,0,0,2736,4096,0,86,0,162.800
7353,8802,2,0,0,2736,4096,400,86,0,138.900
7354,8803,2,0,0,2736,4096,0,86,0,147.500
7355,8804,2,0,0,2736,4096,400,86,0,165.300
7356,8805,2,0,0,2736,4096,0,86,0,169.500
7357,8806,2,0,0,2736,4096,400,86,0,136.500
7358,8807,2,0,0,2736,4096,0,86,0,127.300
7359,8808,2,0,0,2736,4096,400,86,0,122.600
7360,8809,2,0,0,2736,4096,0,86,0,124.400
7361,8810,2,0,0,2736,4096,400,86,0,171.200
7362,8811,2,0,0,2736,4096,0,86,0,128.200
7363,8812,2,0,0,2736,4096,400,86,0,146.000
7364,8813,2,0,0,2736,4096,0,86,0,138.800
7365,8814,2,0,0,2736,4096,400,86,0,145.100
7366,8815,2,0,0,2736,4096,0,86,0,164.300
7367,8816,2,0,0,2736,4096,400,86,0,132.900
7368,8817,2,0,0,2736,4096,0,86,0,106.400
7369,8818,2,0,0,2736,4096,400,86,0,109.200
7370,8819,2,0,0,2736,4096,0,86,0,107.900
7371,8820,2,0,0,2736,4096,400,86,0,151.100
7372,8821,2,0,0,2736,4096,0,86,0,112.900
7373,8822,2,0,0,2736,4096,400,86,0,105.100
7374,8823,2,0,0,2736,4096,0,86,0,115.200
7375,8824,2,0,0,2736,4096,400,86,0,111.600
7376,8825,2,0,0,2736,4096,0,86,0,166.300
7377,8826,2,0,0,2736,4096,400,86,0,177.200
7378,8827,2,0,0,2736,4096,0,86,0,172.600
7379,8828,2,0,0,2736,4096,400,86,0,139.000
7380,8829,2,0,0,2736,4096,0,86,0,152.200
7381,8830,2,0,0,2736,4096,400,86,0,144.200
7382,8831,2,0,0,2736,4096,0,86,0,109.100
7383,8832,2,0,0,2736,4096,400,86,0,116.100
7384,8833,2,0,0,2736,4096,0,86,0,115.300
7385,8834,2,0,0,2736,4096,400,86,0,114.000
7386,8835,2,0,0,2736,4096,0,86,0,173.400
7387,8836,2,0,0,2736,4096,400,86,0,109.600
7388,8837,2,0,0,2736,4096,0,86,0,151.600
7389,8838,2,0,0,2736,4096,400,86,0,143.500
7390,8839,2,0,0,2736,4096,0,86,0,126.200
7391,8840,2,0,0,2736,4096,400,86,0,142.500
7392,8841,2,0,0,2736,4096,0,86,0,104.000
7393,8842,2,0,0,2736,4096,400,86,0,134.100
7394,8843,2,0,0,2736,4096,0,86,0,112.200
7395,8844,2,0,0,2736,4096,400,86,0,110.900
7396,8845,2,0,0,2736,4096,0,86,0,156.700
7397,8846,2,0,0,2736,4096,400,86,0,188.000
7398,8847,2,0,0,2736,4096,0,86,0,142.300
7399,8848,2,0,0,2736,4096,400,86,0,179.900
7400,8849,2,0,0,2736,4096,0,86,0,143.600
7401,8850,2,0,0,2736,4096,400,86,0,154.200
