frame,emulated_seconds,host_seconds
1,0.017502471249,0.005634100
2,0.035004942498,0.030264100
3,0.052507413746,0.046607600
4,0.070009884995,0.064057000
5,0.087512356244,0.082176500
6,0.105014827493,0.100145300
7,0.122517298741,0.115527400
8,0.140019769990,0.142030500
9,0.157522241239,0.158076500
10,0.175024712488,0.181226600
11,0.192527183736,0.195795200
12,0.210029654985,0.214658500
13,0.227532126234,0.229533800
14,0.245034597483,0.252670700
15,0.262537068731,0.274730300
16,0.280039539980,0.291027600
17,0.297542011229,0.306185100
18,0.315044482478,0.324502800
19,0.332546953727,0.342482200
20,0.350049424975,0.361953500
21,0.367551896224,0.378276900
22,0.385054367473,0.396001600
23,0.402556838722,0.412753300
24,0.420059309970,0.429755100
25,0.437561781219,0.447242200
26,0.455064252468,0.465533100
27,0.472566723717,0.485655400
28,0.490069194965,0.502804400
29,0.507571666214,0.519732300
30,0.525074137463,0.537792900
31,0.542576608712,0.555602500
32,0.560079079960,0.573328100
33,0.577581551209,0.589853900
34,0.595084022458,0.608359700
35,0.612586493707,0.624803000
36,0.630088964956,0.641384700
37,0.647591436204,0.658143800
38,0.665093907453,0.675901400
39,0.682596378702,0.693253000
40,0.700098849951,0.711504600
41,0.717601321199,0.727929300
42,0.735103792448,0.746285800
43,0.752606263697,0.763802600
44,0.770108734946,0.781576300
45,0.787611206194,0.799249400
46,0.805113677443,0.815763300
47,0.822616148692,0.834291800
48,0.840118619941,0.853777100
49,0.857621091189,0.870156100
50,0.875123562438,0.887114000
51,0.892626033687,0.904003500
52,0.910128504936,0.920923700
53,0.927630976185,0.938270000
54,0.945133447433,0.955813700
55,0.962635918682,0.973500700
56,0.980138389931,0.990841800
57,0.997640861180,1.008219800
58,1.015143332428,1.025567700
59,1.032645803677,1.043789100
60,1.050148274926,1.060598700
61,1.067650746175,1.078528600
62,1.085153217423,1.096343300
63,1.102655688672,1.113952800
64,1.120158159921,1.131057000
65,1.137660631170,1.148199300
66,1.155163102418,1.166042300
67,1.172665573667,1.184112400
68,1.190168044916,1.201369800
69,1.207670516165,1.220497800
70,1.225172987414,1.237285300
71,1.242675458662,1.254245200
72,1.260177929911,1.271175600
73,1.277680401160,1.288071900
74,1.295182872409,1.305613500
75,1.312685343657,1.323214400
76,1.330187814906,1.341120600
77,1.347690286155,1.358360800
78,1.365192757404,1.376737700
79,1.382695228652,1.393471300
80,1.400197699901,1.410721800
81,1.417700171150,1.428897300
82,1.435202642399,1.445957800
83,1.452705113647,1.463394000
84,1.470207584896,1.480861900
85,1.487710056145,1.498962200
86,1.505212527394,1.516554400
87,1.522714998642,1.534482500
88,1.540217469891,1.552155100
89,1.557719941140,1.570768700
90,1.575222412389,1.587455100
91,1.592724883638,1.603930700
92,1.610227354886,1.621343100
93,1.627729826135,1.641297200
94,1.645232297384,1.656136400
95,1.662734768633,1.673212800
96,1.680237239881,1.690975500
97,1.697739711130,1.709545700
98,1.715242182379,1.725729500
99,1.732744653628,1.743249600
100,1.750247124876,1.761697000
101,1.767749596125,1.778736800
102,1.785252067374,1.796248300
103,1.802754538623,1.813665600
104,1.820257009871,1.830944000
105,1.837759481120,1.848088800
106,1.855261952369,1.865883600
107,1.872764423618,1.884390200
108,1.890266894867,1.901604100
109,1.907769366115,1.920442400
110,1.925271837364,1.937179600
111,1.942774308613,1.954136600
112,1.960276779862,1.971324700
113,1.977779251110,1.988338300
114,1.995281722359,2.006264900
115,2.012784193608,2.023404900
116,2.030286664857,2.041055600
117,2.047789136105,2.058366600
118,2.065291607354,2.075888700
119,2.082794078603,2.093533900
120,2.100296549852,2.110863700
121,2.117799021100,2.128951400
122,2.135301492349,2.146445600
123,2.152803963598,2.163344800
124,2.170306434847,2.180913600
125,2.187808906096,2.198705000
126,2.205311377344,2.216756500
127,2.222813848593,2.234235300
128,2.240316319842,2.251867400
129,2.257818791091,2.270550100
130,2.275321262339,2.287465200
131,2.292823733588,2.304468500
132,2.310326204837,2.320838800
133,2.327828676086,2.338189400
134,2.345331147334,2.356035300
135,2.362833618583,2.373375300
136,2.380336089832,2.391023200
137,2.397838561081,2.408444300
138,2.415341032329,2.426268700
139,2.432843503578,2.443489300
140,2.450345974827,2.461013900
141,2.467848446076,2.478388900
142,2.485350917325,2.495961900
143,2.502853388573,2.513442000
144,2.520355859822,2.531455700
145,2.537858331071,2.549811800
146,2.555360802320,2.568039700
147,2.572863273568,2.584592900
148,2.590365744817,2.601875100
149,2.607868216066,2.621094800
150,2.625370687315,2.637538900
151,2.642873158563,2.654319400
152,2.660375629812,2.671360100
153,2.677878101061,2.689483100
154,2.695380572310,2.706189800
155,2.712883043558,2.724231000
156,2.730385514807,2.740870500
157,2.747887986056,2.758556200
158,2.765390457305,2.776914800
159,2.782892928554,2.793894300
160,2.800395399802,2.811312800
161,2.817897871051,2.828481800
162,2.835400342300,2.845813100
163,2.852902813549,2.863351400
164,2.870405284797,2.881075800
165,2.887907756046,2.898371700
166,2.905410227295,2.916289300
167,2.922912698544,2.934417200
168,2.940415169792,2.951889700
169,2.957917641041,2.970170800
170,2.975420112290,2.987185300
171,2.992922583539,3.004021700
172,3.010425054787,3.021431100
173,3.027927526036,3.038459700
174,3.045429997285,3.055815300
175,3.062932468534,3.073799400
176,3.080434939783,3.091527700
177,3.097937411031,3.108750900
178,3.115439882280,3.126023700
179,3.132942353529,3.143506600
180,3.150444824778,3.161154000
181,3.167947296026,3.178416000
182,3.185449767275,3.195881300
183,3.202952238524,3.213524000
184,3.220454709773,3.231086700
185,3.237957181021,3.248307300
186,3.255459652270,3.266219600
187,3.272962123519,3.284133600
188,3.290464594768,3.304100100
189,3.307967066016,3.320342700
190,3.325469537265,3.337361300
191,3.342972008514,3.354015500
192,3.360474479763,3.371290800
193,3.377976951012,3.388773100
194,3.395479422260,3.406383100
195,3.412981893509,3.423486400
196,3.430484364758,3.441021500
197,3.447986836007,3.458560400
198,3.465489307255,3.476058700
199,3.482991778504,3.493540000
200,3.500494249753,3.510915600
201,3.517996721002,3.528403700
202,3.535499192250,3.546224500
203,3.553001663499,3.563382400
204,3.570504134748,3.581047100
205,3.588006605997,3.599796900
206,3.605509077245,3.617505100
207,3.623011548494,3.634202600
208,3.640514019743,3.651822500
209,3.658016490992,3.670707300
210,3.675518962241,3.687109500
211,3.693021433489,3.704013200
212,3.710523904738,3.720906900
213,3.728026375987,3.738651100
214,3.745528847236,3.756851000
215,3.763031318484,3.773645600
216,3.780533789733,3.791720700
217,3.798036260982,3.809220900
218,3.815538732231,3.825967600
219,3.833041203479,3.843654600
220,3.850543674728,3.861780300
221,3.868046145977,3.878952100
222,3.885548617226,3.896634000
223,3.903051088474,3.914402200
224,3.920553559723,3.930973100
225,3.938056030972,3.948828500
226,3.955558502221,3.966302000
227,3.973060973470,3.984341000
228,3.990563444718,4.001819900
229,4.008065915967,4.020349700
230,4.025568387216,4.037556200
231,4.043070858465,4.054107100
232,4.060573329713,4.071151200
233,4.078075800962,4.088929600
234,4.095578272211,4.106526500
235,4.113080743460,4.124193000
236,4.130583214708,4.141318000
237,4.148085685957,4.158507400
238,4.165588157206,4.176039600
239,4.183090628455,4.193879300
240,4.200593099703,4.211125500
241,4.218095570952,4.228745400
242,4.235598042201,4.246208900
243,4.253100513450,4.264021800
244,4.270602984699,4.281356200
245,4.288105455947,4.298916800
246,4.305607927196,4.318033700
247,4.323110398445,4.335404300
248,4.340612869694,4.351473300
249,4.358115340942,4.369504500
250,4.375617812191,4.386010300
251,4.393120283440,4.402880400
252,4.410622754689,4.420143500
253,4.428125225937,4.437656100
254,4.445627697186,4.455252000
255,4.463130168435,4.472751400
256,4.480632639684,4.490022400
257,4.498135110932,4.507431900
258,4.515637582181,4.525155200
259,4.533140053430,4.542962300
260,4.550642524679,4.560208300
261,4.568144995927,4.578032600
262,4.585647467176,4.596004000
263,4.603149938425,4.613533600
264,4.620652409674,4.631228800
265,4.638154880923,4.648011500
266,4.655657352171,4.665427200
267,4.673159823420,4.683297300
268,4.690662294669,4.702826800
269,4.708164765918,4.719718800
270,4.725667237166,4.736304400
271,4.743169708415,4.753171400
272,4.760672179664,4.770136500
273,4.778174650913,4.787648000
274,4.795677122161,4.805368300
275,4.813179593410,4.823317400
276,4.830682064659,4.840336500
277,4.848184535908,4.857964200
278,4.865687007156,4.875146700
279,4.883189478405,4.892891900
280,4.900691949654,4.911310600
281,4.918194420903,4.928543200
282,4.935696892152,4.948527100
283,4.953199363400,4.963237300
284,4.970701834649,4.980056700
285,4.988204305898,4.997859900
286,5.005706777147,5.015452500
287,5.023209248395,5.034117700
288,5.040711719644,5.053168000
289,5.058214190893,5.070000700
290,5.075716662142,5.087342000
291,5.093219133390,5.105384600
292,5.110721604639,5.121196000
293,5.128224075888,5.138134100
294,5.145726547137,5.155540200
295,5.163229018385,5.173499200
296,5.180731489634,5.190689600
297,5.198233960883,5.208306700
298,5.215736432132,5.225737200
299,5.233238903381,5.243546200
300,5.250741374629,5.260400800
301,5.268243845878,5.277765800
302,5.285746317127,5.295635400
303,5.303248788376,5.312916600
304,5.320751259624,5.330303100
305,5.338253730873,5.348776000
306,5.355756202122,5.366522500
307,5.373258673371,5.383716500
308,5.390761144619,5.402913600
309,5.408263615868,5.419276800
310,5.425766087117,5.436638400
311,5.443268558366,5.453098000
312,5.460771029614,5.470734300
313,5.478273500863,5.487782000
314,5.495775972112,5.505411300
315,5.513278443361,5.522972100
316,5.530780914610,5.541128000
317,5.548283385858,5.557827600
318,5.565785857107,5.575528700
319,5.583288328356,5.593558000
320,5.600790799605,5.611994500
321,5.618293270853,5.629336100
322,5.635795742102,5.645829000
323,5.653298213351,5.662900200
324,5.670800684600,5.680737000
325,5.688303155848,5.698056800
326,5.705805627097,5.715605500
327,5.723308098346,5.733711500
328,5.740810569595,5.753458300
329,5.758313040843,5.769977900
330,5.775815512092,5.786426500
331,5.793317983341,5.803016200
332,5.810820454590,5.820484600
333,5.828322925839,5.838268500
334,5.845825397087,5.855774500
335,5.863327868336,5.873201100
336,5.880830339585,5.890769100
337,5.898332810834,5.907863700
338,5.915835282082,5.925720300
339,5.933337753331,5.942961200
340,5.950840224580,5.960707500
341,5.968342695829,5.978123800
342,5.985845167077,5.995462800
343,6.003347638326,6.013047600
344,6.020850109575,6.030516200
345,6.038352580824,6.048404100
346,6.055855052072,6.065928900
347,6.073357523321,6.083820600
348,6.090859994570,6.102758000
349,6.108362465819,6.120825500
350,6.125864937068,6.137110300
351,6.143367408316,6.153192800
352,6.160869879565,6.170484200
353,6.178372350814,6.188346000
354,6.195874822063,6.205542100
355,6.213377293311,6.223415700
356,6.230879764560,6.245290800
357,6.248382235809,6.259387800
358,6.265884707058,6.277729300
359,6.283387178306,6.293215600
360,6.300889649555,6.310517800
361,6.318392120804,6.327955700
362,6.335894592053,6.345766900
363,6.353397063301,6.363426600
364,6.370899534550,6.380846100
365,6.388402005799,6.398763600
366,6.405904477048,6.416138300
367,6.423406948297,6.433879000
368,6.440909419545,6.452879200
369,6.458411890794,6.470058200
370,6.475914362043,6.486698400
371,6.493416833292,6.503453300
372,6.510919304540,6.520537300
373,6.528421775789,6.538293900
374,6.545924247038,6.555761700
375,6.563426718287,6.573742800
376,6.580929189535,6.590735900
377,6.598431660784,6.608256400
378,6.615934132033,6.626399100
379,6.633436603282,6.643181000
380,6.650939074530,6.661375700
381,6.668441545779,6.679093000
382,6.685944017028,6.695680200
383,6.703446488277,6.713002700
384,6.720948959526,6.730625900
385,6.738451430774,6.749057600
386,6.755953902023,6.766702500
387,6.773456373272,6.783993400
388,6.790958844521,6.802887300
389,6.808461315769,6.819808500
390,6.825963787018,6.836723700
391,6.843466258267,6.853340400
392,6.860968729516,6.870747900
393,6.878471200764,6.888371500
394,6.895973672013,6.905556800
395,6.913476143262,6.922953700
396,6.930978614511,6.941025400
397,6.948481085759,6.958277100
398,6.965983557008,6.975874100
399,6.983486028257,6.993061800
400,7.000988499506,7.011111500
401,7.018490970755,7.028681100
402,7.035993442003,7.045502400
403,7.053495913252,7.063178600
404,7.070998384501,7.080748100
405,7.088500855750,7.098333800
406,7.106003326998,7.116020900
407,7.123505798247,7.133972000
408,7.141008269496,7.153095000
409,7.158510740745,7.169962600
410,7.176013211993,7.186864400
411,7.193515683242,7.203318300
412,7.211018154491,7.221223800
413,7.228520625740,7.238124500
414,7.246023096988,7.255772900
415,7.263525568237,7.273552800
416,7.281028039486,7.290797600
417,7.298530510735,7.308056300
418,7.316032981984,7.325913100
419,7.333535453232,7.343234000
420,7.351037924481,7.360517400
421,7.368540395730,7.379260400
422,7.386042866979,7.396189000
423,7.403545338227,7.413517200
424,7.421047809476,7.431548700
425,7.438550280725,7.448948000
426,7.456052751974,7.467135900
427,7.473555223222,7.484537400
428,7.491057694471,7.503086800
429,7.508560165720,7.519686000
430,7.526062636969,7.536485900
431,7.543565108217,7.553241300
432,7.561067579466,7.570765400
433,7.578570050715,7.588511900
434,7.596072521964,7.605916700
435,7.613574993212,7.623754000
436,7.631077464461,7.640809300
437,7.648579935710,7.659043000
438,7.666082406959,7.675790300
439,7.683584878208,7.693504700
440,7.701087349456,7.711226200
441,7.718589820705,7.728525000
442,7.736092291954,7.746411500
443,7.753594763203,7.763269600
444,7.771097234451,7.781865400
445,7.788599705700,7.799594900
446,7.806102176949,7.816902700
447,7.823604648198,7.833962900
448,7.841107119446,7.852873800
449,7.858609590695,7.869943100
450,7.876112061944,7.886554300
451,7.893614533193,7.903952800
452,7.911117004441,7.921024300
453,7.928619475690,7.938207700
454,7.946121946939,7.956853200
455,7.963624418188,7.973552300
456,7.981126889437,7.990745300
457,7.998629360685,8.008364800
458,8.016131831934,8.025886200
459,8.033634303183,8.043723500
460,8.051136774432,8.061400800
461,8.068639245680,8.078515500
462,8.086141716929,8.096354200
463,8.103644188178,8.113623200
464,8.121146659427,8.130769900
465,8.138649130675,8.149075500
466,8.156151601924,8.167536100
467,8.173654073173,8.184428300
468,8.191156544422,8.202817300
469,8.208659015670,8.219928000
470,8.226161486919,8.236105300
471,8.243663958168,8.253394500
472,8.261166429417,8.270753200
473,8.278668900666,8.288520500
474,8.296171371914,8.306205600
475,8.313673843163,8.323646700
476,8.331176314412,8.341778700
477,8.348678785661,8.358215400
478,8.366181256909,8.375989900
479,8.383683728158,8.393534000
480,8.401186199407,8.411232300
481,8.418688670656,8.428423700
482,8.436191141904,8.446085600
483,8.453693613153,8.463393000
484,8.471196084402,8.481869300
485,8.488698555651,8.498359200
486,8.506201026899,8.516582200
487,8.523703498148,8.533991600
488,8.541205969397,8.552717000
489,8.558708440646,8.570740100
490,8.576210911895,8.587759000
491,8.593713383143,8.604672000
492,8.611215854392,8.621695700
493,8.628718325641,8.637989500
494,8.646220796890,8.655023600
495,8.663723268138,8.672256500
496,8.681225739387,8.690832200
497,8.698728210636,8.707678900
498,8.716230681885,8.725251500
499,8.733733153133,8.742281200
500,8.751235624382,8.759758700
501,8.768738095631,8.779254400
502,8.786240566880,8.794958000
503,8.803743038128,8.812435800
504,8.821245509377,8.830008900
505,8.838747980626,8.847413800
506,8.856250451875,8.865854900
507,8.873752923124,8.884400300
508,8.891255394372,8.902231600
509,8.908757865621,8.918768600
510,8.926260336870,8.935913900
511,8.943762808119,8.952423700
512,8.961265279367,8.969718200
513,8.978767750616,8.987493300
514,8.996270221865,9.005064300
515,9.013772693114,9.022315000
516,9.031275164362,9.040301500
517,9.048777635611,9.057275500
518,9.066280106860,9.074999600
519,9.083782578109,9.093088200
520,9.101285049357,9.110185200
521,9.118787520606,9.127598600
522,9.136289991855,9.145289300
523,9.153792463104,9.163314800
524,9.171294934353,9.180599500
525,9.188797405601,9.197790900
526,9.206299876850,9.216426600
527,9.223802348099,9.232961100
528,9.241304819348,9.252167900
529,9.258807290596,9.268741700
530,9.276309761845,9.286308800
531,9.293812233094,9.302472000
532,9.311314704343,9.320161300
533,9.328817175591,9.337358600
534,9.346319646840,9.355390900
535,9.363822118089,9.372485600
536,9.381324589338,9.390443900
537,9.398827060586,9.408093900
538,9.416329531835,9.424968300
539,9.433832003084,9.442496600
540,9.451334474333,9.459847300
541,9.468836945582,9.477339000
542,9.486339416830,9.494971400
543,9.503841888079,9.512463700
544,9.521344359328,9.530432800
545,9.538846830577,9.547599800
546,9.556349301825,9.565973900
547,9.573851773074,9.583580700
548,9.591354244323,9.602330300
549,9.608856715572,9.620015700
550,9.626359186820,9.635216900
551,9.643861658069,9.652482800
552,9.661364129318,9.669833300
553,9.678866600567,9.687513700
554,9.696369071815,9.705062800
555,9.713871543064,9.722380300
556,9.731374014313,9.740459500
557,9.748876485562,9.758199800
558,9.766378956811,9.775379400
559,9.783881428059,9.792797600
560,9.801383899308,9.810334800
561,9.818886370557,9.828605400
562,9.836388841806,9.844962700
563,9.853891313054,9.862622800
564,9.871393784303,9.880885800
565,9.888896255552,9.898596800
566,9.906398726801,9.916335200
567,9.923901198049,9.935691400
568,9.941403669298,9.952090600
569,9.958906140547,9.968998800
570,9.976408611796,9.985411800
571,9.993911083044,10.002974100
572,10.011413554293,10.020350300
573,10.028916025542,10.037490000
574,10.046418496791,10.055040900
575,10.063920968040,10.072696500
576,10.081423439288,10.090048800
577,10.098925910537,10.107564600
578,10.116428381786,10.124893100
579,10.133930853035,10.142866400
580,10.151433324283,10.160742300
581,10.168935795532,10.177647900
582,10.186438266781,10.195604800
583,10.203940738030,10.212884200
584,10.221443209278,10.230353400
585,10.238945680527,10.247771800
586,10.256448151776,10.265999900
587,10.273950623025,10.285471300
588,10.291453094273,10.302167100
589,10.308955565522,10.318885600
590,10.326458036771,10.335431300
591,10.343960508020,10.352557900
592,10.361462979269,10.370550600
593,10.378965450517,10.387833200
594,10.396467921766,10.405354900
595,10.413970393015,10.422975300
596,10.431472864264,10.440738100
597,10.448975335512,10.458296100
598,10.466477806761,10.475360000
599,10.483980278010,10.492946600
600,10.501482749259,10.510400800
601,10.518985220507,10.528513700
602,10.536487691756,10.545091700
603,10.553990163005,10.562737600
604,10.571492634254,10.580473900
605,10.588995105502,10.598138100
606,10.606497576751,10.617024300
607,10.624000048000,10.633784200
608,10.641502519249,10.652224300
609,10.659004990498,10.668490500
610,10.676507461746,10.686965700
611,10.694009932995,10.702736200
612,10.711512404244,10.720487300
613,10.729014875493,10.737957200
614,10.746517346741,10.755801700
615,10.764019817990,10.773016500
616,10.781522289239,10.790706700
617,10.799024760488,10.807575800
618,10.816527231736,10.825341000
619,10.834029702985,10.842767400
620,10.851532174234,10.860260400
621,10.869034645483,10.877862600
622,10.886537116731,10.895612400
623,10.904039587980,10.913610500
624,10.921542059229,10.930714600
625,10.939044530478,10.948851000
626,10.956547001726,10.966183700
627,10.974049472975,10.985457700
628,10.991551944224,11.002558800
629,11.009054415473,11.018793100
630,11.026556886722,11.035741100
631,11.044059357970,11.052611700
632,11.061561829219,11.070504700
633,11.079064300468,11.087849300
634,11.096566771717,11.105617300
635,11.114069242965,11.123308900
636,11.131571714214,11.140505300
637,11.149074185463,11.157895800
638,11.166576656712,11.175508400
639,11.184079127960,11.193543200
640,11.201581599209,11.210385300
641,11.219084070458,11.227868500
642,11.236586541707,11.245313800
643,11.254089012955,11.262839500
644,11.271591484204,11.280303900
645,11.289093955453,11.297873400
646,11.306596426702,11.316092700
647,11.324098897951,11.335306900
648,11.341601369199,11.352168400
649,11.359103840448,11.368523800
650,11.376606311697,11.385671900
651,11.394108782946,11.402805500
652,11.411611254194,11.420256800
653,11.429113725443,11.437765700
654,11.446616196692,11.455767100
655,11.464118667941,11.473137500
656,11.481621139189,11.490910000
657,11.499123610438,11.507929900
658,11.516626081687,11.525530800
659,11.534128552936,11.543250600
660,11.551631024184,11.560684900
661,11.569133495433,11.577911800
662,11.586635966682,11.595338600
663,11.604138437931,11.613051900
664,11.621640909180,11.632860500
665,11.639143380428,11.651069300
666,11.656645851677,11.666977500
667,11.674148322926,11.684356700
668,11.691650794175,11.701709800
669,11.709153265423,11.718917400
670,11.726655736672,11.737021500
671,11.744158207921,11.754365500
672,11.761660679170,11.771526000
673,11.779163150418,11.788925700
674,11.796665621667,11.806526100
675,11.814168092916,11.824486400
676,11.831670564165,11.841957400
677,11.849173035413,11.859468200
678,11.866675506662,11.876916700
679,11.884177977911,11.894117400
680,11.901680449160,11.912161000
681,11.919182920409,11.929764900
682,11.936685391657,11.948934700
683,11.954187862906,11.966133000
684,11.971690334155,11.983864500
685,11.989192805404,11.999974600
686,12.006695276652,12.016814000
687,12.024197747901,12.034276200
688,12.041700219150,12.051942200
689,12.059202690399,12.069251400
690,12.076705161647,12.086953400
691,12.094207632896,12.104464000
692,12.111710104145,12.121960700
693,12.129212575394,12.139575400
694,12.146715046642,12.156874700
695,12.164217517891,12.174728600
696,12.181719989140,12.192091100
697,12.199222460389,12.209587500
698,12.216724931638,12.226757300
699,12.234227402886,12.244036500
700,12.251729874135,12.261552300
701,12.269232345384,12.279826400
702,12.286734816633,12.299207800
703,12.304237287881,12.316375800
704,12.321739759130,12.332620400
705,12.339242230379,12.349691900
706,12.356744701628,12.366998200
707,12.374247172876,12.384427800
708,12.391749644125,12.402138300
709,12.409252115374,12.419605300
710,12.426754586623,12.437351300
711,12.444257057871,12.454336600
712,12.461759529120,12.472380500
713,12.479262000369,12.489929100
714,12.496764471618,12.507004500
715,12.514266942867,12.524581900
716,12.531769414115,12.541721700
717,12.549271885364,12.559477100
718,12.566774356613,12.576786700
719,12.584276827862,12.594300300
720,12.601779299110,12.612014400
721,12.619281770359,12.629734600
722,12.636784241608,12.646980600
723,12.654286712857,12.664449900
724,12.671789184105,12.681780400
725,12.689291655354,12.699091900
726,12.706794126603,12.717445200
727,12.724296597852,12.734209700
728,12.741799069100,12.752273300
729,12.759301540349,12.769272600
730,12.776804011598,12.786518900
731,12.794306482847,12.804093800
732,12.811808954096,12.821590500
733,12.829311425344,12.839566600
734,12.846813896593,12.857116200
735,12.864316367842,12.875048900
736,12.881818839091,12.891832500
737,12.899321310339,12.909350200
738,12.916823781588,12.926925300
739,12.934326252837,12.944311100
740,12.951828724086,12.961772100
741,12.969331195334,12.979437000
742,12.986833666583,12.996876000
743,13.004336137832,13.014228000
744,13.021838609081,13.031823800
745,13.039341080329,13.049064200
746,13.056843551578,13.066260100
747,13.074346022827,13.083978000
748,13.091848494076,13.101869300
749,13.109350965325,13.119726300
750,13.126853436573,13.136889900
751,13.144355907822,13.154430400
752,13.161858379071,13.172288000
753,13.179360850320,13.189488600
754,13.196863321568,13.206564600
755,13.214365792817,13.224738900
756,13.231868264066,13.242105200
757,13.249370735315,13.259118900
758,13.266873206563,13.277405800
759,13.284375677812,13.294699200
760,13.301878149061,13.312058900
761,13.319380620310,13.330403300
762,13.336883091558,13.349905400
763,13.354385562807,13.365995500
764,13.371888034056,13.382918800
765,13.389390505305,13.399753600
766,13.406892976554,13.416885800
767,13.424395447802,13.434707000
768,13.441897919051,13.451735800
769,13.459400390300,13.469368600
770,13.476902861549,13.487330300
771,13.494405332797,13.504880700
772,13.511907804046,13.522034300
773,13.529410275295,13.539849400
774,13.546912746544,13.556690200
775,13.564415217792,13.574503100
776,13.581917689041,13.591696800
777,13.599420160290,13.609584500
778,13.616922631539,13.627348400
779,13.634425102787,13.644131800
780,13.651927574036,13.661750200
781,13.669430045285,13.679288000
782,13.686932516534,13.696864800
783,13.704434987783,13.714652800
784,13.721937459031,13.732309400
785,13.739439930280,13.750068800
786,13.756942401529,13.766909800
787,13.774444872778,13.784414800
788,13.791947344026,13.801932800
789,13.809449815275,13.819282000
790,13.826952286524,13.837189300
791,13.844454757773,13.854510400
792,13.861957229021,13.872061700
793,13.879459700270,13.890257100
794,13.896962171519,13.907074200
795,13.914464642768,13.924511400
796,13.931967114016,13.941803900
797,13.949469585265,13.962296000
798,13.966972056514,13.978263300
799,13.984474527763,13.995149200
800,14.001976999011,14.012699400
801,14.019479470260,14.029659500
802,14.036981941509,14.047952000
803,14.054484412758,14.064492300
804,14.071986884007,14.082025300
805,14.089489355255,14.099433700
806,14.106991826504,14.117213100
807,14.124494297753,14.134426400
808,14.141996769002,14.152103100
809,14.159499240250,14.169866600
810,14.177001711499,14.187896300
811,14.194504182748,14.206899700
812,14.212006653997,14.223701300
813,14.229509125245,14.240464300
814,14.247011596494,14.258032700
815,14.264514067743,14.275151700
816,14.282016538992,14.292998300
817,14.299519010240,14.309544800
818,14.317021481489,14.327248500
819,14.334523952738,14.344462400
820,14.352026423987,14.362253400
821,14.369528895236,14.379547300
822,14.387031366484,14.397114900
823,14.404533837733,14.414522200
824,14.422036308982,14.432252900
825,14.439538780231,14.449941300
826,14.457041251479,14.467411600
827,14.474543722728,14.484489000
828,14.492046193977,14.502425600
829,14.509548665226,14.519451800
830,14.527051136474,14.537189200
831,14.544553607723,14.554627000
832,14.562056078972,14.571819100
833,14.579558550221,14.589973800
834,14.597061021469,14.607044000
835,14.614563492718,14.624799700
836,14.632065963967,14.641900600
837,14.649568435216,14.659500900
838,14.667070906465,14.676904100
839,14.684573377713,14.694552900
840,14.702075848962,14.712518400
841,14.719578320211,14.729773300
842,14.737080791460,14.746979200
843,14.754583262708,14.764858500
844,14.772085733957,14.782410000
845,14.789588205206,14.799193600
846,14.807090676455,14.816804000
847,14.824593147703,14.834568000
848,14.842095618952,14.851875900
849,14.859598090201,14.869276300
850,14.877100561450,14.887197700
851,14.894603032698,14.904510600
852,14.912105503947,14.922738900
853,14.929607975196,14.940265300
854,14.947110446445,14.956953500
855,14.964612917694,14.974521100
856,14.982115388942,14.991751700
857,14.999617860191,15.009362600
858,15.017120331440,15.028007300
859,15.034622802689,15.046494900
860,15.052125273937,15.065540600
861,15.069627745186,15.081800600
862,15.087130216435,15.098725300
863,15.104632687684,15.114986200
864,15.122135158932,15.131872700
865,15.139637630181,15.149658400
866,15.157140101430,15.167314900
867,15.174642572679,15.184771500
868,15.192145043927,15.202196500
869,15.209647515176,15.220531000
870,15.227149986425,15.237309000
871,15.244652457674,15.254790600
872,15.262154928923,15.272213000
873,15.279657400171,15.290363500
874,15.297159871420,15.307446200
875,15.314662342669,15.325061700
876,15.332164813918,15.342602600
877,15.349667285166,15.359680000
878,15.367169756415,15.377092100
879,15.384672227664,15.394500300
880,15.402174698913,15.412606100
881,15.419677170161,15.429506700
882,15.437179641410,15.447042400
883,15.454682112659,15.464797800
884,15.472184583908,15.482538000
885,15.489687055156,15.499937900
886,15.507189526405,15.517364900
887,15.524691997654,15.534794800
888,15.542194468903,15.552153600
889,15.559696940152,15.570719200
890,15.577199411400,15.588128300
891,15.594701882649,15.605085200
892,15.612204353898,15.623020600
893,15.629706825147,15.639768300
894,15.647209296395,15.657150100
895,15.664711767644,15.674877300
896,15.682214238893,15.692265000
897,15.699716710142,15.709805300
898,15.717219181390,15.727230500
899,15.734721652639,15.744929500
900,15.752224123888,15.762331300
901,15.769726595137,15.779565500
902,15.787229066385,15.797058600
903,15.804731537634,15.814943800
904,15.822234008883,15.832159900
905,15.839736480132,15.850056200
906,15.857238951381,15.867011300
907,15.874741422629,15.884613200
908,15.892243893878,15.902267500
909,15.909746365127,15.919723800
910,15.927248836376,15.937328800
911,15.944751307624,15.954543200
912,15.962253778873,15.972147600
913,15.979756250122,15.989686500
914,15.997258721371,16.007239000
915,16.014761192619,16.025157800
916,16.032263663868,16.042541100
917,16.049766135117,16.060350500
918,16.067268606366,16.077117000
919,16.084771077614,16.094794000
920,16.102273548863,16.112257200
921,16.119776020112,16.129557400
922,16.137278491361,16.147418300
923,16.154780962610,16.164921500
924,16.172283433858,16.182229300
925,16.189785905107,16.200146900
926,16.207288376356,16.218002500
927,16.224790847605,16.234823900
928,16.242293318853,16.252177900
929,16.259795790102,16.269795500
930,16.277298261351,16.287719200
931,16.294800732600,16.305317800
932,16.312303203848,16.322472400
933,16.329805675097,16.339926100
934,16.347308146346,16.357229700
935,16.364810617595,16.374984100
936,16.382313088843,16.392483000
937,16.399815560092,16.409762600
938,16.417318031341,16.427700100
939,16.434820502590,16.444313700
940,16.452322973839,16.461969600
941,16.469825445087,16.479471400
942,16.487327916336,16.497115000
943,16.504830387585,16.514521100
944,16.522332858834,16.532652200
945,16.539835330082,16.549802200
946,16.557337801331,16.567595000
947,16.574840272580,16.585044100
948,16.592342743829,16.602177300
949,16.609845215077,16.619767500
950,16.627347686326,16.637462400
951,16.644850157575,16.654573200
952,16.662352628824,16.672060200
953,16.679855100072,16.690052300
954,16.697357571321,16.707301300
955,16.714860042570,16.725108500
956,16.732362513819,16.742605900
957,16.749864985068,16.760551300
958,16.767367456316,16.780533200
959,16.784869927565,16.796700600
960,16.802372398814,16.813522900
961,16.819874870063,16.831419600
962,16.837377341311,16.847904800
963,16.854879812560,16.865342500
964,16.872382283809,16.882645200
965,16.889884755058,16.900132200
966,16.907387226306,16.917694400
967,16.924889697555,16.934870600
968,16.942392168804,16.952254700
969,16.959894640053,16.969945900
970,16.977397111301,16.987801400
971,16.994899582550,17.004745900
972,17.012402053799,17.022255000
973,17.029904525048,17.039999300
974,17.047406996296,17.057772600
975,17.064909467545,17.074901100
976,17.082411938794,17.092773100
977,17.099914410043,17.110077600
978,17.117416881292,17.127321900
979,17.134919352540,17.144970600
980,17.152421823789,17.162607800
981,17.169924295038,17.180018300
982,17.187426766287,17.197456800
983,17.204929237535,17.215688900
984,17.222431708784,17.232553700
985,17.239934180033,17.249993000
986,17.257436651282,17.267543100
987,17.274939122530,17.285070800
988,17.292441593779,17.302624200
989,17.309944065028,17.320849900
990,17.327446536277,17.337443400
991,17.344949007525,17.355240700
992,17.362451478774,17.372538300
993,17.379953950023,17.390297900
994,17.397456421272,17.407398000
995,17.414958892521,17.424930800
996,17.432461363769,17.442395300
997,17.449963835018,17.460498500
998,17.467466306267,17.477424500
999,17.484968777516,17.494890000
1000,17.502471248764,17.512504400
1001,17.519973720013,17.529908000
1002,17.537476191262,17.548260300
1003,17.554978662511,17.565388500
1004,17.572481133759,17.582826100
1005,17.589983605008,17.600742400
1006,17.607486076257,17.617446500
1007,17.624988547506,17.635204400
1008,17.642491018754,17.652472600
1009,17.659993490003,17.670641800
1010,17.677495961252,17.687211500
1011,17.694998432501,17.704944400
1012,17.712500903750,17.722789600
1013,17.730003374998,17.740329900
1014,17.747505846247,17.757559300
1015,17.765008317496,17.775028900
1016,17.782510788745,17.792965700
1017,17.800013259993,17.809885100
1018,17.817515731242,17.827282500
1019,17.835018202491,17.844993100
1020,17.852520673740,17.864241900
1021,17.870023144988,17.880544100
1022,17.887525616237,17.897884800
1023,17.905028087486,17.915040900
1024,17.922530558735,17.932856900
1025,17.940033029983,17.950180300
1026,17.957535501232,17.967446000
1027,17.975037972481,17.985758200
1028,17.992540443730,18.002833000
1029,18.010042914979,18.020444500
1030,18.027545386227,18.037772200
1031,18.045047857476,18.055268800
1032,18.062550328725,18.072943500
1033,18.080052799974,18.090394300
1034,18.097555271222,18.107403600
1035,18.115057742471,18.125137100
1036,18.132560213720,18.142808300
1037,18.150062684969,18.161400600
1038,18.167565156217,18.178895300
1039,18.185067627466,18.196906000
1040,18.202570098715,18.213818500
1041,18.220072569964,18.230482600
1042,18.237575041212,18.247457100
1043,18.255077512461,18.265068900
1044,18.272579983710,18.282588100
1045,18.290082454959,18.300064600
1046,18.307584926208,18.317625400
1047,18.325087397456,18.336583100
1048,18.342589868705,18.352755800
1049,18.360092339954,18.370111000
1050,18.377594811203,18.387607500
1051,18.395097282451,18.405317800
1052,18.412599753700,18.422607300
1053,18.430102224949,18.440642900
1054,18.447604696198,18.458366100
1055,18.465107167446,18.475498600
1056,18.482609638695,18.493219400
1057,18.500112109944,18.510316200
1058,18.517614581193,18.527775200
1059,18.535117052441,18.545381100
1060,18.552619523690,18.563372400
1061,18.570121994939,18.582094500
1062,18.587624466188,18.599056500
1063,18.605126937437,18.617526500
1064,18.622629408685,18.633489500
1065,18.640131879934,18.650294000
1066,18.657634351183,18.668007600
1067,18.675136822432,18.685288100
1068,18.692639293680,18.702770100
1069,18.710141764929,18.720280700
1070,18.727644236178,18.739040300
1071,18.745146707427,18.755403500
1072,18.762649178675,18.772672800
1073,18.780151649924,18.790058100
1074,18.797654121173,18.808108900
1075,18.815156592422,18.825853400
1076,18.832659063670,18.845188800
1077,18.850161534919,18.861942100
1078,18.867664006168,18.879001900
1079,18.885166477417,18.895063900
1080,18.902668948666,18.912651200
1081,18.920171419914,18.930517900
1082,18.937673891163,18.947586100
1083,18.955176362412,18.965104800
1084,18.972678833661,18.982866600
1085,18.990181304909,19.000124700
1086,19.007683776158,19.018046600
1087,19.025186247407,19.035022800
1088,19.042688718656,19.052708100
1089,19.060191189904,19.070940200
1090,19.077693661153,19.087716700
1091,19.095196132402,19.106956000
1092,19.112698603651,19.122952800
1093,19.130201074899,19.140068100
1094,19.147703546148,19.157859300
1095,19.165206017397,19.175689000
1096,19.182708488646,19.193035300
1097,19.200210959895,19.210743300
1098,19.217713431143,19.229541500
1099,19.235215902392,19.247341800
1100,19.252718373641,19.263721500
1101,19.270220844890,19.281938300
1102,19.287723316138,19.298530800
1103,19.305225787387,19.315920100
1104,19.322728258636,19.333135000
1105,19.340230729885,19.350703200
1106,19.357733201133,19.368272900
1107,19.375235672382,19.386272800
1108,19.392738143631,19.403445900
1109,19.410240614880,19.420885600
1110,19.427743086128,19.437889000
1111,19.445245557377,19.455027700
1112,19.462748028626,19.473201700
1113,19.480250499875,19.490863500
1114,19.497752971124,19.510027400
1115,19.515255442372,19.527000200
1116,19.532757913621,19.543480500
1117,19.550260384870,19.560496900
1118,19.567762856119,19.577957500
1119,19.585265327367,19.595123200
1120,19.602767798616,19.613555900
1121,19.620270269865,19.630791800
1122,19.637772741114,19.648324700
1123,19.655275212362,19.665868500
1124,19.672777683611,19.683627200
1125,19.690280154860,19.700183200
1126,19.707782626109,19.717389100
1127,19.725285097357,19.735588300
1128,19.742787568606,19.752859900
1129,19.760290039855,19.770114800
1130,19.777792511104,19.787451500
1131,19.795294982353,19.805907500
1132,19.812797453601,19.822526600
1133,19.830299924850,19.840320700
1134,19.847802396099,19.857751500
1135,19.865304867348,19.876059100
1136,19.882807338596,19.893729400
1137,19.900309809845,19.911637000
1138,19.917812281094,19.930530900
1139,19.935314752343,19.947387600
1140,19.952817223591,19.963736000
1141,19.970319694840,19.980417900
1142,19.987822166089,19.997709000
1143,20.005324637338,20.015385400
1144,20.022827108586,20.032839200
1145,20.040329579835,20.050708900
1146,20.057832051084,20.067702600
1147,20.075334522333,20.085430200
1148,20.092836993581,20.103029800
1149,20.110339464830,20.120391200
1150,20.127841936079,20.138790000
1151,20.145344407328,20.155081300
1152,20.162846878577,20.172307200
1153,20.180349349825,20.189534700
1154,20.197851821074,20.206869800
1155,20.215354292323,20.224993100
1156,20.232856763572,20.242239300
1157,20.250359234820,20.259706300
1158,20.267861706069,20.277764100
1159,20.285364177318,20.296072400
1160,20.302866648567,20.313721700
1161,20.320369119815,20.336615400
1162,20.337871591064,20.353316500
1163,20.355374062313,20.370130000
1164,20.372876533562,20.386621500
1165,20.390379004810,20.403786900
1166,20.407881476059,20.420215700
1167,20.425383947308,20.436739800
1168,20.442886418557,20.453386200
1169,20.460388889806,20.471036700
1170,20.477891361054,20.488556200
1171,20.495393832303,20.506043400
1172,20.512896303552,20.523369300
1173,20.530398774801,20.541024400
1174,20.547901246049,20.558870400
1175,20.565403717298,20.576002600
1176,20.582906188547,20.593554100
1177,20.600408659796,20.610987700
1178,20.617911131044,20.628463200
1179,20.635413602293,20.645880700
1180,20.652916073542,20.663767800
1181,20.670418544791,20.681802300
1182,20.687921016039,20.700876300
1183,20.705423487288,20.717849500
1184,20.722925958537,20.734172600
1185,20.740428429786,20.751309600
1186,20.757930901035,20.768577500
1187,20.775433372283,20.786143000
1188,20.792935843532,20.803372900
1189,20.810438314781,20.820940100
1190,20.827940786030,20.838450200
1191,20.845443257278,20.855964900
1192,20.862945728527,20.873438000
1193,20.880448199776,20.891421300
1194,20.897950671025,20.909412400
1195,20.915453142273,20.926274300
1196,20.932955613522,20.943759900
1197,20.950458084771,20.961902500
1198,20.967960556020,20.978876700
1199,20.985463027268,20.996219200
1200,21.002965498517,21.013704000
1201,21.020467969766,21.031092200
1202,21.037970441015,21.048621600
1203,21.055472912264,21.066259900
1204,21.072975383512,21.084015500
1205,21.090477854761,21.102253000
1206,21.107980326010,21.121602600
1207,21.125482797259,21.137433900
1208,21.142985268507,21.155809700
1209,21.160487739756,21.171661900
1210,21.177990211005,21.188510600
1211,21.195492682254,21.205865700
1212,21.212995153502,21.223414000
1213,21.230497624751,21.241373600
1214,21.248000096000,21.258529700
1215,21.265502567249,21.276116200
1216,21.283005038497,21.293448000
1217,21.300507509746,21.311221800
1218,21.318009980995,21.329708600
1219,21.335512452244,21.346509200
1220,21.353014923493,21.363843800
1221,21.370517394741,21.381722800
1222,21.388019865990,21.398825800
1223,21.405522337239,21.416562000
1224,21.423024808488,21.433702000
1225,21.440527279736,21.451442100
1226,21.458029750985,21.468872900
1227,21.475532222234,21.486482200
1228,21.493034693483,21.503871700
1229,21.510537164731,21.521385100
1230,21.528039635980,21.539037800
1231,21.545542107229,21.556808600
1232,21.563044578478,21.575523000
1233,21.580547049726,21.593402500
1234,21.598049520975,21.609070100
1235,21.615551992224,21.626771200
1236,21.633054463473,21.643669600
1237,21.650556934722,21.661030100
1238,21.668059405970,21.679007300
1239,21.685561877219,21.696246700
1240,21.703064348468,21.713771700
1241,21.720566819717,21.730984500
1242,21.738069290965,21.748623000
1243,21.755571762214,21.766264200
1244,21.773074233463,21.783742000
1245,21.790576704712,21.801851700
1246,21.808079175960,21.819797900
1247,21.825581647209,21.838290100
1248,21.843084118458,21.854862600
1249,21.860586589707,21.872056800
1250,21.878089060955,21.889282400
1251,21.895591532204,21.906394300
1252,21.913094003453,21.924874400
1253,21.930596474702,21.941337200
1254,21.948098945951,21.959492100
1255,21.965601417199,21.976405200
1256,21.983103888448,21.994025600
1257,22.000606359697,22.011421100
1258,22.018108830946,22.029293200
1259,22.035611302194,22.046376900
1260,22.053113773443,22.064319100
1261,22.070616244692,22.081341100
1262,22.088118715941,22.099682200
1263,22.105621187189,22.116642900
1264,22.123123658438,22.134263400
1265,22.140626129687,22.151480700
1266,22.158128600936,22.169004600
1267,22.175631072184,22.186518100
1268,22.193133543433,22.203780700
1269,22.210636014682,22.221717000
1270,22.228138485931,22.238956400
1271,22.245640957180,22.256442300
1272,22.263143428428,22.274199900
1273,22.280645899677,22.291591100
1274,22.298148370926,22.308555700
1275,22.315650842175,22.326206400
1276,22.333153313423,22.344128600
1277,22.350655784672,22.361164900
1278,22.368158255921,22.378593100
1279,22.385660727170,22.396315500
1280,22.403163198418,22.413990300
1281,22.420665669667,22.431804700
1282,22.438168140916,22.448916500
1283,22.455670612165,22.466592100
1284,22.473173083413,22.484435500
1285,22.490675554662,22.501824700
1286,22.508178025911,22.518782200
1287,22.525680497160,22.536724300
1288,22.543182968409,22.554046300
1289,22.560685439657,22.571864200
1290,22.578187910906,22.588856600
1291,22.595690382155,22.606783700
1292,22.613192853404,22.624842800
1293,22.630695324652,22.641229600
1294,22.648197795901,22.658743900
1295,22.665700267150,22.676036800
1296,22.683202738399,22.693766200
1297,22.700705209647,22.711942600
1298,22.718207680896,22.729848000
1299,22.735710152145,22.747003700
1300,22.753212623394,22.764248200
1301,22.770715094642,22.782178700
1302,22.788217565891,22.799719800
1303,22.805720037140,22.816484500
1304,22.823222508389,22.833613800
1305,22.840724979638,22.851360100
1306,22.858227450886,22.868711000
1307,22.875729922135,22.886514400
1308,22.893232393384,22.904447800
1309,22.910734864633,22.921743600
1310,22.928237335881,22.939584200
1311,22.945739807130,22.957116400
1312,22.963242278379,22.973959300
1313,22.980744749628,22.991997900
1314,22.998247220876,23.011422800
1315,23.015749692125,23.028184700
1316,23.033252163374,23.045025200
1317,23.050754634623,23.061739800
1318,23.068257105871,23.079090600
1319,23.085759577120,23.096540000
1320,23.103262048369,23.113795300
1321,23.120764519618,23.131308600
1322,23.138266990867,23.148955700
1323,23.155769462115,23.166631200
1324,23.173271933364,23.184138900
1325,23.190774404613,23.202369800
1326,23.208276875862,23.219586600
1327,23.225779347110,23.236446900
1328,23.243281818359,23.253935000
1329,23.260784289608,23.271647800
1330,23.278286760857,23.288738000
1331,23.295789232105,23.306348800
1332,23.313291703354,23.324540000
1333,23.330794174603,23.342008100
1334,23.348296645852,23.359116200
1335,23.365799117100,23.376794100
1336,23.383301588349,23.394499300
1337,23.400804059598,23.411261100
1338,23.418306530847,23.428606200
1339,23.435809002095,23.446334100
1340,23.453311473344,23.464157800
1341,23.470813944593,23.481715700
1342,23.488316415842,23.499010100
1343,23.505818887091,23.516624600
1344,23.523321358339,23.534245000
1345,23.540823829588,23.551854600
1346,23.558326300837,23.568868000
1347,23.575828772086,23.586522100
1348,23.593331243334,23.604275400
1349,23.610833714583,23.622016700
1350,23.628336185832,23.638841000
1351,23.645838657081,23.656504300
1352,23.663341128329,23.673860800
1353,23.680843599578,23.691406000
1354,23.698346070827,23.708858600
1355,23.715848542076,23.726336400
1356,23.733351013324,23.745525600
1357,23.750853484573,23.761631300
1358,23.768355955822,23.779274900
1359,23.785858427071,23.796663500
1360,23.803360898320,23.814231700
1361,23.820863369568,23.831729400
1362,23.838365840817,23.849157000
1363,23.855868312066,23.866522000
1364,23.873370783315,23.884342500
1365,23.890873254563,23.901909200
1366,23.908375725812,23.919506900
1367,23.925878197061,23.936515800
1368,23.943380668310,23.954229400
1369,23.960883139558,23.971694100
1370,23.978385610807,23.989884200
1371,23.995888082056,24.006742800
1372,24.013390553305,24.024294300
1373,24.030893024553,24.041767300
1374,24.048395495802,24.059307500
1375,24.065897967051,24.076460900
1376,24.083400438300,24.094042300
1377,24.100902909549,24.111538600
1378,24.118405380797,24.129127000
1379,24.135907852046,24.146670700
1380,24.153410323295,24.164360100
1381,24.170912794544,24.181548400
1382,24.188415265792,24.199219100
1383,24.205917737041,24.217136400
1384,24.223420208290,24.235427400
1385,24.240922679539,24.252319300
1386,24.258425150787,24.270000800
1387,24.275927622036,24.284545900
1388,24.293430093285,24.302140200
1389,24.310932564534,24.319904400
1390,24.328435035782,24.337436700
1391,24.345937507031,24.355325900
1392,24.363439978280,24.372130900
1393,24.380942449529,24.390236100
1394,24.398444920778,24.407035000
1395,24.415947392026,24.425111500
1396,24.433449863275,24.442432800
1397,24.450952334524,24.459595600
1398,24.468454805773,24.477547000
1399,24.485957277021,24.495130200
1400,24.503459748270,24.512443700
1401,24.520962219519,24.530040400
1402,24.538464690768,24.547318200
1403,24.555967162016,24.564776200
1404,24.573469633265,24.582700000
1405,24.590972104514,24.599726400
1406,24.608474575763,24.617436700
1407,24.625977047011,24.634923700
1408,24.643479518260,24.652103700
1409,24.660981989509,24.669610500
1410,24.678484460758,24.687106400
1411,24.695986932007,24.704719400
1412,24.713489403255,24.722528700
1413,24.730991874504,24.739967000
1414,24.748494345753,24.757719500
1415,24.765996817002,24.774880900
1416,24.783499288250,24.792187000
1417,24.801001759499,24.810250600
1418,24.818504230748,24.827396600
1419,24.836006701997,24.844807900
1420,24.853509173245,24.862719100
1421,24.871011644494,24.879760900
1422,24.888514115743,24.897764700
1423,24.906016586992,24.914845000
1424,24.923519058240,24.933048300
1425,24.941021529489,24.949996200
1426,24.958524000738,24.967204700
1427,24.976026471987,24.985812800
1428,24.993528943236,25.002618100
1429,25.011031414484,25.019791100
1430,25.028533885733,25.038116700
1431,25.046036356982,25.055298600
1432,25.063538828231,25.072710600
1433,25.081041299479,25.089968600
1434,25.098543770728,25.107705600
1435,25.116046241977,25.125674400
1436,25.133548713226,25.142946200
1437,25.151051184474,25.161118500
1438,25.168553655723,25.178057200
1439,25.186056126972,25.195321400
1440,25.203558598221,25.213033300
1441,25.221061069469,25.230075100
1442,25.238563540718,25.247443900
1443,25.256066011967,25.264940900
1444,25.273568483216,25.282857300
1445,25.291070954465,25.299908000
1446,25.308573425713,25.317397100
1447,25.326075896962,25.334689800
1448,25.343578368211,25.352249400
1449,25.361080839460,25.370298400
1450,25.378583310708,25.387460600
1451,25.396085781957,25.405612100
1452,25.413588253206,25.422530800
1453,25.431090724455,25.440724300
1454,25.448593195703,25.457326700
1455,25.466095666952,25.474747300
1456,25.483598138201,25.492526200
1457,25.501100609450,25.510387700
1458,25.518603080698,25.527589200
1459,25.536105551947,25.544969500
1460,25.553608023196,25.563356400
1461,25.571110494445,25.579971100
1462,25.588612965694,25.598126000
1463,25.606115436942,25.615064300
1464,25.623617908191,25.632573200
1465,25.641120379440,25.649892100
1466,25.658622850689,25.667584100
1467,25.676125321937,25.685561800
1468,25.693627793186,25.702261100
1469,25.711130264435,25.720211500
1470,25.728632735684,25.737514500
1471,25.746135206932,25.754978800
1472,25.763637678181,25.772857900
1473,25.781140149430,25.790508900
1474,25.798642620679,25.807512200
1475,25.816145091927,25.825254200
1476,25.833647563176,25.842456500
1477,25.851150034425,25.859778300
1478,25.868652505674,25.877273700
1479,25.886154976923,25.894903600
1480,25.903657448171,25.912854800
1481,25.921159919420,25.929967600
1482,25.938662390669,25.947955200
1483,25.956164861918,25.965082100
1484,25.973667333166,25.982413400
1485,25.991169804415,26.000887300
1486,26.008672275664,26.017895300
1487,26.026174746913,26.034879200
1488,26.043677218161,26.052706900
1489,26.061179689410,26.069885300
1490,26.078682160659,26.087770000
1491,26.096184631908,26.104875500
1492,26.113687103156,26.122764200
1493,26.131189574405,26.140812000
1494,26.148692045654,26.157525500
1495,26.166194516903,26.175228200
1496,26.183696988152,26.193475500
1497,26.201199459400,26.210095400
1498,26.218701930649,26.227672600
1499,26.236204401898,26.245094700
1500,26.253706873147,26.262764900
1501,26.271209344395,26.280363600
1502,26.288711815644,26.298333600
1503,26.306214286893,26.315262600
1504,26.323716758142,26.332754700
1505,26.341219229390,26.350299800
1506,26.358721700639,26.367746600
1507,26.376224171888,26.385231700
1508,26.393726643137,26.402440400
1509,26.411229114385,26.419977000
1510,26.428731585634,26.437718600
1511,26.446234056883,26.455140000
1512,26.463736528132,26.472623200
1513,26.481238999380,26.490156200
1514,26.498741470629,26.507501900
1515,26.516243941878,26.525845300
1516,26.533746413127,26.542841500
1517,26.551248884376,26.560874800
1518,26.568751355624,26.578065600
1519,26.586253826873,26.595001500
1520,26.603756298122,26.612590800
1521,26.621258769371,26.630122300
1522,26.638761240619,26.647667800
1523,26.656263711868,26.665045800
1524,26.673766183117,26.683529400
1525,26.691268654366,26.700407700
1526,26.708771125614,26.717843000
1527,26.726273596863,26.735490600
1528,26.743776068112,26.753610000
1529,26.761278539361,26.770951500
1530,26.778781010609,26.789553600
1531,26.796283481858,26.807451200
1532,26.813785953107,26.823820800
1533,26.831288424356,26.840263700
1534,26.848790895605,26.857917300
1535,26.866293366853,26.874979300
1536,26.883795838102,26.892527000
1537,26.901298309351,26.909985200
1538,26.918800780600,26.927490900
1539,26.936303251848,26.945031500
1540,26.953805723097,26.963257100
1541,26.971308194346,26.980326600
1542,26.988810665595,26.998024600
1543,27.006313136843,27.015387400
1544,27.023815608092,27.032408500
1545,27.041318079341,27.050446200
1546,27.058820550590,27.067603500
1547,27.076323021838,27.085000000
1548,27.093825493087,27.102456100
1549,27.111327964336,27.120175300
1550,27.128830435585,27.138133600
1551,27.146332906834,27.154985000
1552,27.163835378082,27.172589100
1553,27.181337849331,27.190197400
1554,27.198840320580,27.208152500
1555,27.216342791829,27.224931200
1556,27.233845263077,27.242783600
1557,27.251347734326,27.260114100
1558,27.268850205575,27.277615800
1559,27.286352676824,27.295073600
1560,27.303855148072,27.313265100
1561,27.321357619321,27.330390600
1562,27.338860090570,27.348359200
1563,27.356362561819,27.365125400
1564,27.373865033067,27.383017300
1565,27.391367504316,27.400402900
1566,27.408869975565,27.418007700
1567,27.426372446814,27.435529800
1568,27.443874918063,27.453235900
1569,27.461377389311,27.471431800
1570,27.478879860560,27.490971100
1571,27.496382331809,27.507734500
1572,27.513884803058,27.525023200
1573,27.531387274306,27.541078100
1574,27.548889745555,27.558078200
1575,27.566392216804,27.575721600
1576,27.583894688053,27.593053400
1577,27.601397159301,27.610774400
1578,27.618899630550,27.627870400
1579,27.636402101799,27.645484100
1580,27.653904573048,27.663068600
1581,27.671407044296,27.680759900
1582,27.688909515545,27.698043000
1583,27.706411986794,27.715844700
1584,27.723914458043,27.733110600
1585,27.741416929292,27.750560300
1586,27.758919400540,27.768569300
1587,27.776421871789,27.785607800
1588,27.793924343038,27.803255300
1589,27.811426814287,27.821059000
1590,27.828929285535,27.839027300
1591,27.846431756784,27.855618900
1592,27.863934228033,27.872932400
1593,27.881436699282,27.890928700
1594,27.898939170530,27.907873500
1595,27.916441641779,27.925457400
1596,27.933944113028,27.943330100
1597,27.951446584277,27.960627900
1598,27.968949055525,27.977961800
1599,27.986451526774,27.996320600
1600,28.003953998023,28.013118500
1601,28.021456469272,28.030645400
1602,28.038958940521,28.048094300
1603,28.056461411769,28.065681400
1604,28.073963883018,28.082928000
1605,28.091466354267,28.100744600
1606,28.108968825516,28.118084000
1607,28.126471296764,28.135566500
1608,28.143973768013,28.153164400
1609,28.161476239262,28.170885100
1610,28.178978710511,28.189239700
1611,28.196481181759,28.205562200
1612,28.213983653008,28.223174200
1613,28.231486124257,28.240672400
1614,28.248988595506,28.258141400
1615,28.266491066754,28.275749300
1616,28.283993538003,28.293116100
1617,28.301496009252,28.310695400
1618,28.318998480501,28.328525200
1619,28.336500951750,28.346407700
1620,28.354003422998,28.363199200
1621,28.371505894247,28.380748500
1622,28.389008365496,28.398213600
1623,28.406510836745,28.415663400
1624,28.424013307993,28.432864300
1625,28.441515779242,28.450883000
1626,28.459018250491,28.468082100
1627,28.476520721740,28.485867600
1628,28.494023192988,28.503650500
1629,28.511525664237,28.521015800
1630,28.529028135486,28.538493700
1631,28.546530606735,28.556300300
1632,28.564033077983,28.573408700
1633,28.581535549232,28.590745000
1634,28.599038020481,28.608584500
1635,28.616540491730,28.626094500
1636,28.634042962979,28.644046700
1637,28.651545434227,28.663260000
1638,28.669047905476,28.680254600
1639,28.686550376725,28.696894000
1640,28.704052847974,28.713773500
1641,28.721555319222,28.730928300
1642,28.739057790471,28.748229000
1643,28.756560261720,28.765748500
1644,28.774062732969,28.783138800
1645,28.791565204217,28.800559900
1646,28.809067675466,28.818045700
1647,28.826570146715,28.835752900
1648,28.844072617964,28.853235800
1649,28.861575089212,28.870890100
1650,28.879077560461,28.888403000
1651,28.896580031710,28.905598100
1652,28.914082502959,28.924099100
1653,28.931584974208,28.940156400
1654,28.949087445456,28.957909800
1655,28.966589916705,28.975139700
1656,28.984092387954,28.992768100
1657,29.001594859203,29.010578500
1658,29.019097330451,29.027864500
1659,29.036599801700,29.045696800
1660,29.054102272949,29.063248100
1661,29.071604744198,29.080876800
1662,29.089107215446,29.098129000
1663,29.106609686695,29.116078600
1664,29.124112157944,29.133362400
1665,29.141614629193,29.150667700
1666,29.159117100441,29.168181700
1667,29.176619571690,29.185543400
1668,29.194122042939,29.203102400
1669,29.211624514188,29.221356400
1670,29.229126985437,29.238328300
1671,29.246629456685,29.255511100
1672,29.264131927934,29.273330000
1673,29.281634399183,29.290778900
1674,29.299136870432,29.308045300
1675,29.316639341680,29.325668300
1676,29.334141812929,29.343695000
1677,29.351644284178,29.360919000
1678,29.369146755427,29.379159400
1679,29.386649226675,29.395793600
1680,29.404151697924,29.413143800
1681,29.421654169173,29.430880500
1682,29.439156640422,29.448567800
1683,29.456659111670,29.466389000
1684,29.474161582919,29.484361000
1685,29.491664054168,29.500844300
1686,29.509166525417,29.518294500
1687,29.526668996665,29.535742900
1688,29.544171467914,29.552974000
1689,29.561673939163,29.571584600
1690,29.579176410412,29.589451400
1691,29.596678881661,29.606174200
1692,29.614181352909,29.623118000
1693,29.631683824158,29.640681800
1694,29.649186295407,29.658116800
1695,29.666688766656,29.675427400
1696,29.684191237904,29.693371100
1697,29.701693709153,29.710821800
1698,29.719196180402,29.728206100
1699,29.736698651651,29.745758300
1700,29.754201122899,29.763932100
1701,29.771703594148,29.783608300
1702,29.789206065397,29.799853300
1703,29.806708536646,29.816575700
1704,29.824211007894,29.833509600
1705,29.841713479143,29.850707500
1706,29.859215950392,29.868146400
1707,29.876718421641,29.885584400
1708,29.894220892890,29.904328600
1709,29.911723364138,29.921374100
1710,29.929225835387,29.938871800
1711,29.946728306636,29.956018400
1712,29.964230777885,29.973083800
1713,29.981733249133,29.990525500
1714,29.999235720382,30.008368600
1715,30.016738191631,30.025722500
1716,30.034240662880,30.043321800
1717,30.051743134128,30.060628800
1718,30.069245605377,30.078044700
1719,30.086748076626,30.096506300
1720,30.104250547875,30.113081300
1721,30.121753019123,30.130762800
1722,30.139255490372,30.149073500
1723,30.156757961621,30.166215100
1724,30.174260432870,30.183080300
1725,30.191762904119,30.201034100
1726,30.209265375367,30.218474400
1727,30.226767846616,30.235445400
1728,30.244270317865,30.253118000
1729,30.261772789114,30.270854600
1730,30.279275260362,30.288146000
1731,30.296777731611,30.305853900
1732,30.314280202860,30.323378200
1733,30.331782674109,30.341294700
1734,30.349285145357,30.358002200
1735,30.366787616606,30.375606700
1736,30.384290087855,30.393738600
1737,30.401792559104,30.411706600
1738,30.419295030352,30.428253900
1739,30.436797501601,30.445530600
1740,30.454299972850,30.463738400
1741,30.471802444099,30.480943700
1742,30.489304915348,30.498234600
1743,30.506807386596,30.515822600
1744,30.524309857845,30.533389900
1745,30.541812329094,30.550592100
1746,30.559314800343,30.568453900
1747,30.576817271591,30.586261900
1748,30.594319742840,30.603525900
1749,30.611822214089,30.621226100
1750,30.629324685338,30.638103300
1751,30.646827156586,30.655764300
1752,30.664329627835,30.673071500
1753,30.681832099084,30.690959900
1754,30.699334570333,30.708383800
1755,30.716837041581,30.725896300
1756,30.734339512830,30.743292100
1757,30.751841984079,30.760962400
1758,30.769344455328,30.778453400
1759,30.786846926577,30.795878400
1760,30.804349397825,30.813415200
1761,30.821851869074,30.831043200
1762,30.839354340323,30.848622300
1763,30.856856811572,30.866071000
1764,30.874359282820,30.883802900
1765,30.891861754069,30.901263500
1766,30.909364225318,30.918500200
1767,30.926866696567,30.936261000
1768,30.944369167815,30.954423200
1769,30.961871639064,30.973194100
1770,30.979374110313,30.989986700
1771,30.996876581562,31.006447300
1772,31.014379052810,31.023493000
1773,31.031881524059,31.041367800
1774,31.049383995308,31.058850800
1775,31.066886466557,31.075982100
1776,31.084388937806,31.093650200
1777,31.101891409054,31.111771800
1778,31.119393880303,31.128802200
1779,31.136896351552,31.145916200
1780,31.154398822801,31.163943700
1781,31.171901294049,31.181600400
1782,31.189403765298,31.198511700
1783,31.206906236547,31.215887400
1784,31.224408707796,31.233327100
1785,31.241911179044,31.250751200
1786,31.259413650293,31.268295700
1787,31.276916121542,31.285937100
1788,31.294418592791,31.303526100
1789,31.311921064039,31.320903800
1790,31.329423535288,31.339142900
1791,31.346926006537,31.355820200
1792,31.364428477786,31.373259300
1793,31.381930949035,31.391163400
1794,31.399433420283,31.408821900
1795,31.416935891532,31.426153100
1796,31.434438362781,31.443377200
1797,31.451940834030,31.461156200
1798,31.469443305278,31.478856000
1799,31.486945776527,31.496107100
1800,31.504448247776,31.514105800
1801,31.521950719025,31.531113300
1802,31.539453190273,31.548527000
1803,31.556955661522,31.565879400
1804,31.574458132771,31.584312400
1805,31.591960604020,31.601474600
1806,31.609463075268,31.619317200
1807,31.626965546517,31.635846000
1808,31.644468017766,31.653392400
1809,31.661970489015,31.671153700
1810,31.679472960264,31.688198000
1811,31.696975431512,31.705769300
1812,31.714477902761,31.723381400
1813,31.731980374010,31.741207200
1814,31.749482845259,31.758527500
1815,31.766985316507,31.776083400
1816,31.784487787756,31.793779700
1817,31.801990259005,31.810913900
1818,31.819492730254,31.828719900
1819,31.836995201502,31.846349700
1820,31.854497672751,31.863724400
1821,31.872000144000,31.881069500
1822,31.889502615249,31.898969400
1823,31.907005086497,31.916345000
1824,31.924507557746,31.933892200
1825,31.942010028995,31.951148800
1826,31.959512500244,31.968752000
1827,31.977014971493,31.985811000
1828,31.994517442741,32.003368400
1829,32.012019913990,32.021282300
1830,32.029522385239,32.038972800
1831,32.047024856488,32.056182500
1832,32.064527327736,32.073697600
1833,32.082029798985,32.091742200
1834,32.099532270234,32.108562800
1835,32.117034741483,32.126301700
1836,32.134537212731,32.143529000
1837,32.152039683980,32.161455600
1838,32.169542155229,32.178610000
1839,32.187044626478,32.196007700
1840,32.204547097726,32.214195500
1841,32.222049568975,32.231537800
1842,32.239552040224,32.248974200
1843,32.257054511473,32.266073400
1844,32.274556982722,32.283835600
1845,32.292059453970,32.301284700
1846,32.309561925219,32.318501900
1847,32.327064396468,32.336601500
1848,32.344566867717,32.353576800
1849,32.362069338965,32.370932800
1850,32.379571810214,32.388531900
1851,32.397074281463,32.406062100
1852,32.414576752712,32.423670200
1853,32.432079223960,32.441417500
1854,32.449581695209,32.458378200
1855,32.467084166458,32.476045100
1856,32.484586637707,32.493365000
1857,32.502089108955,32.511023500
1858,32.519591580204,32.528653800
1859,32.537094051453,32.546792300
1860,32.554596522702,32.563813700
1861,32.572098993950,32.581404800
1862,32.589601465199,32.598908900
1863,32.607103936448,32.616881000
1864,32.624606407697,32.634299800
1865,32.642108878946,32.651013100
1866,32.659611350194,32.668546600
1867,32.677113821443,32.687229800
1868,32.694616292692,32.706487400
1869,32.712118763941,32.723037800
1870,32.729621235189,32.740077700
1871,32.747123706438,32.756658700
1872,32.764626177687,32.773643700
1873,32.782128648936,32.791955100
1874,32.799631120184,32.808793100
1875,32.817133591433,32.826064700
1876,32.834636062682,32.843679300
1877,32.852138533931,32.862055900
1878,32.869641005179,32.878541800
1879,32.887143476428,32.897282900
1880,32.904645947677,32.913794300
1881,32.922148418926,32.931516200
1882,32.939650890175,32.948818300
1883,32.957153361423,32.966431200
1884,32.974655832672,32.983880400
1885,32.992158303921,33.001245500
1886,33.009660775170,33.019091500
1887,33.027163246418,33.036409000
1888,33.044665717667,33.053930000
1889,33.062168188916,33.071618800
1890,33.079670660165,33.088864600
1891,33.097173131413,33.106770400
1892,33.114675602662,33.123919500
1893,33.132178073911,33.141462900
1894,33.149680545160,33.158666300
1895,33.167183016408,33.175982000
1896,33.184685487657,33.193622500
1897,33.202187958906,33.211125700
1898,33.219690430155,33.228496700
1899,33.237192901404,33.246135300
1900,33.254695372652,33.263822000
1901,33.272197843901,33.281322000
1902,33.289700315150,33.298540800
1903,33.307202786399,33.317148500
1904,33.324705257647,33.333610200
1905,33.342207728896,33.351002000
1906,33.359710200145,33.368392400
1907,33.377212671394,33.385964400
1908,33.394715142642,33.403801400
1909,33.412217613891,33.421436900
1910,33.429720085140,33.439434100
1911,33.447222556389,33.456595400
1912,33.464725027637,33.474005800
1913,33.482227498886,33.491154000
1914,33.499729970135,33.508593100
1915,33.517232441384,33.526041400
1916,33.534734912633,33.543757100
1917,33.552237383881,33.561973400
1918,33.569739855130,33.578775800
1919,33.587242326379,33.596586400
1920,33.604744797628,33.613931000
1921,33.622247268876,33.631685000
1922,33.639749740125,33.648562700
1923,33.657252211374,33.666272800
1924,33.674754682623,33.683547000
1925,33.692257153871,33.701072700
1926,33.709759625120,33.718794600
1927,33.727262096369,33.737037400
1928,33.744764567618,33.753624200
1929,33.762267038866,33.771420100
1930,33.779769510115,33.789029600
1931,33.797271981364,33.806115800
1932,33.814774452613,33.823733200
1933,33.832276923862,33.841314600
1934,33.849779395110,33.859134300
1935,33.867281866359,33.876165300
1936,33.884784337608,33.893866100
1937,33.902286808857,33.911555900
1938,33.919789280105,33.928901500
1939,33.937291751354,33.946490400
1940,33.954794222603,33.964333700
1941,33.972296693852,33.981877300
1942,33.989799165100,33.998941300
1943,34.007301636349,34.016263100
1944,34.024804107598,34.034056000
1945,34.042306578847,34.051417600
1946,34.059809050095,34.068817000
1947,34.077311521344,34.086698400
1948,34.094813992593,34.103910500
1949,34.112316463842,34.121556000
1950,34.129818935091,34.139155400
1951,34.147321406339,34.156614600
1952,34.164823877588,34.174062300
1953,34.182326348837,34.191898900
1954,34.199828820086,34.208529200
1955,34.217331291334,34.226210800
1956,34.234833762583,34.243764500
1957,34.252336233832,34.261988300
1958,34.269838705081,34.278789700
1959,34.287341176329,34.298249900
1960,34.304843647578,34.314450500
1961,34.322346118827,34.331485300
1962,34.339848590076,34.349130800
1963,34.357351061324,34.367035300
1964,34.374853532573,34.383815500
1965,34.392356003822,34.401085100
1966,34.409858475071,34.418839500
1967,34.427360946320,34.436901000
1968,34.444863417568,34.453530000
1969,34.462365888817,34.471744600
1970,34.479868360066,34.490094100
1971,34.497370831315,34.506242600
1972,34.514873302563,34.523897300
1973,34.532375773812,34.541610700
1974,34.549878245061,34.559744400
1975,34.567380716310,34.576794200
1976,34.584883187558,34.593886800
1977,34.602385658807,34.611782900
1978,34.619888130056,34.629564800
1979,34.637390601305,34.646630900
1980,34.654893072553,34.664226400
1981,34.672395543802,34.681801400
1982,34.689898015051,34.698877400
1983,34.707400486300,34.716709200
1984,34.724902957549,34.733851100
1985,34.742405428797,34.751337000
1986,34.759907900046,34.768694200
1987,34.777410371295,34.786240600
1988,34.794912842544,34.803918500
1989,34.812415313792,34.821909400
1990,34.829917785041,34.839063100
1991,34.847420256290,34.856540100
1992,34.864922727539,34.874028100
1993,34.882425198787,34.891535600
1994,34.899927670036,34.908965000
1995,34.917430141285,34.929057800
1996,34.934932612534,34.943679500
1997,34.952435083782,34.963043900
1998,34.969937555031,34.978918000
1999,34.987440026280,34.996731000
2000,35.004942497529,35.013771000
2001,35.022444968778,35.031732500
2002,35.039947440026,35.049159300
2003,35.057449911275,35.066536400
2004,35.074952382524,35.083756700
2005,35.092454853773,35.101716000
2006,35.109957325021,35.118900500
2007,35.127459796270,35.137410400
2008,35.144962267519,35.153751700
2009,35.162464738768,35.171386800
2010,35.179967210016,35.188893900
2011,35.197469681265,35.206787500
2012,35.214972152514,35.223944400
2013,35.232474623763,35.242075900
2014,35.249977095011,35.258891000
2015,35.267479566260,35.276744700
2016,35.284982037509,35.294416700
2017,35.302484508758,35.311487600
2018,35.319986980007,35.328759400
2019,35.337489451255,35.346576700
2020,35.354991922504,35.364507700
2021,35.372494393753,35.381424800
2022,35.389996865002,35.399065500
2023,35.407499336250,35.416483500
2024,35.425001807499,35.434605900
2025,35.442504278748,35.451487600
2026,35.460006749997,35.469471600
2027,35.477509221245,35.486651500
2028,35.495011692494,35.504175600
2029,35.512514163743,35.521349500
2030,35.530016634992,35.539170600
2031,35.547519106240,35.556582100
2032,35.565021577489,35.574360600
2033,35.582524048738,35.591712100
2034,35.600026519987,35.609182300
2035,35.617528991236,35.626940200
2036,35.635031462484,35.644004300
2037,35.652533933733,35.661752300
2038,35.670036404982,35.678959200
2039,35.687538876231,35.696230100
2040,35.705041347479,35.714132800
2041,35.722543818728,35.732098900
2042,35.740046289977,35.749031600
2043,35.757548761226,35.767425400
2044,35.775051232474,35.784131800
2045,35.792553703723,35.802551000
2046,35.810056174972,35.821054600
2047,35.827558646221,35.839897600
2048,35.845061117469,35.856698300
2049,35.862563588718,35.873514200
2050,35.880066059967,35.891266500
2051,35.897568531216,35.906832900
2052,35.915071002464,35.924399500
2053,35.932573473713,35.941540500
2054,35.950075944962,35.958894200
2055,35.967578416211,35.977036700
2056,35.985080887460,35.994295700
2057,36.002583358708,36.012775000
2058,36.020085829957,36.028990300
2059,36.037588301206,36.047359200
2060,36.055090772455,36.064933400
2061,36.072593243703,36.082036900
2062,36.090095714952,36.099080300
2063,36.107598186201,36.116868500
2064,36.125100657450,36.133970900
2065,36.142603128698,36.151990200
2066,36.160105599947,36.170817700
2067,36.177608071196,36.186845500
2068,36.195110542445,36.207416100
2069,36.212613013693,36.222392000
2070,36.230115484942,36.239623900
2071,36.247617956191,36.256955000
2072,36.265120427440,36.274369400
2073,36.282622898689,36.292190200
2074,36.300125369937,36.309685900
2075,36.317627841186,36.327155700
2076,36.335130312435,36.345795800
2077,36.352632783684,36.364355100
2078,36.370135254932,36.381099000
2079,36.387637726181,36.398076700
2080,36.405140197430,36.415397900
2081,36.422642668679,36.432034400
2082,36.440145139927,36.449294500
2083,36.457647611176,36.466595100
2084,36.475150082425,36.484683200
2085,36.492652553674,36.502323000
2086,36.510155024922,36.519003800
2087,36.527657496171,36.536839700
2088,36.545159967420,36.554503400
2089,36.562662438669,36.571785100
2090,36.580164909918,36.589842400
2091,36.597667381166,36.606695100
2092,36.615169852415,36.624942500
2093,36.632672323664,36.641719000
2094,36.650174794913,36.659285900
2095,36.667677266161,36.676952600
2096,36.685179737410,36.694306600
2097,36.702682208659,36.711986700
2098,36.720184679908,36.729637100
2099,36.737687151156,36.746816400
2100,36.755189622405,36.764254100
2101,36.772692093654,36.781578400
2102,36.790194564903,36.799446700
2103,36.807697036151,36.816926600
2104,36.825199507400,36.834217400
2105,36.842701978649,36.851824700
2106,36.860204449898,36.869433400
2107,36.877706921147,36.887127400
2108,36.895209392395,36.904319500
2109,36.912711863644,36.921774600
2110,36.930214334893,36.939700500
2111,36.947716806142,36.957265100
2112,36.965219277390,36.974378400
2113,36.982721748639,36.991745100
2114,37.000224219888,37.009684400
2115,37.017726691137,37.026925800
2116,37.035229162385,37.044348200
2117,37.052731633634,37.061876100
2118,37.070234104883,37.079372800
2119,37.087736576132,37.096621900
2120,37.105239047380,37.114389600
2121,37.122741518629,37.132167600
2122,37.140243989878,37.149545400
2123,37.157746461127,37.166987800
2124,37.175248932376,37.184222000
2125,37.192751403624,37.202567700
2126,37.210253874873,37.219252300
2127,37.227756346122,37.236947900
2128,37.245258817371,37.254131400
2129,37.262761288619,37.271749600
2130,37.280263759868,37.289120800
2131,37.297766231117,37.306614800
2132,37.315268702366,37.324878100
2133,37.332771173614,37.341688300
2134,37.350273644863,37.359358800
2135,37.367776116112,37.376603600
2136,37.385278587361,37.394224200
2137,37.402781058609,37.411729600
2138,37.420283529858,37.429464100
2139,37.437786001107,37.446859000
2140,37.455288472356,37.465028600
2141,37.472790943605,37.482962500
2142,37.490293414853,37.501565600
2143,37.507795886102,37.518196600
2144,37.525298357351,37.537276500
2145,37.542800828600,37.553612200
2146,37.560303299848,37.571739200
2147,37.577805771097,37.588493700
2148,37.595308242346,37.605558000
2149,37.612810713595,37.623935000
2150,37.630313184843,37.641308000
2151,37.647815656092,37.658537900
2152,37.665318127341,37.676066400
2153,37.682820598590,37.693849300
2154,37.700323069838,37.711336100
2155,37.717825541087,37.729003000
2156,37.735328012336,37.745933300
2157,37.752830483585,37.763751000
2158,37.770332954834,37.781288300
2159,37.787835426082,37.798554100
2160,37.805337897331,37.816313400
2161,37.822840368580,37.833667800
2162,37.840342839829,37.851199400
2163,37.857845311077,37.868722500
2164,37.875347782326,37.886044800
2165,37.892850253575,37.903767600
2166,37.910352724824,37.921060200
2167,37.927855196072,37.938832400
2168,37.945357667321,37.955557500
2169,37.962860138570,37.974004700
2170,37.980362609819,37.991166000
2171,37.997865081067,38.008340600
2172,38.015367552316,38.026041700
2173,38.032870023565,38.043440400
2174,38.050372494814,38.060529400
2175,38.067874966063,38.077907700
2176,38.085377437311,38.095875500
2177,38.102879908560,38.113255600
2178,38.120382379809,38.131159000
2179,38.137884851058,38.148145500
2180,38.155387322306,38.166056000
2181,38.172889793555,38.183736600
2182,38.190392264804,38.201073800
2183,38.207894736053,38.218303200
2184,38.225397207301,38.235931100
2185,38.242899678550,38.253513900
2186,38.260402149799,38.270538900
2187,38.277904621048,38.287915800
2188,38.295407092296,38.305803000
2189,38.312909563545,38.323170700
2190,38.330412034794,38.340647300
2191,38.347914506043,38.358507200
2192,38.365416977292,38.376178500
2193,38.382919448540,38.393113000
2194,38.400421919789,38.410539900
2195,38.417924391038,38.428659700
2196,38.435426862287,38.445957300
2197,38.452929333535,38.463076700
2198,38.470431804784,38.480030000
2199,38.487934276033,38.499423800
2200,38.505436747282,38.516352200
2201,38.522939218530,38.533617000
2202,38.540441689779,38.550827200
2203,38.557944161028,38.568754100
2204,38.575446632277,38.585756800
2205,38.592949103525,38.603582100
2206,38.610451574774,38.621589900
2207,38.627954046023,38.640108700
2208,38.645456517272,38.657279600
2209,38.662958988521,38.673556000
2210,38.680461459769,38.690922000
2211,38.697963931018,38.708600000
2212,38.715466402267,38.726003100
2213,38.732968873516,38.743812800
2214,38.750471344764,38.760500700
2215,38.767973816013,38.778910900
2216,38.785476287262,38.796024700
2217,38.802978758511,38.813469700
2218,38.820481229759,38.831563300
2219,38.837983701008,38.847395500
2220,38.855486172257,38.865976800
2221,38.872988643506,38.883463300
2222,38.890491114754,38.901315000
2223,38.907993586003,38.918480100
2224,38.925496057252,38.936267200
2225,38.942998528501,38.954010300
2226,38.960500999749,38.971049300
2227,38.978003470998,38.988411800
2228,38.995505942247,39.005817500
2229,39.013008413496,39.023555100
2230,39.030510884745,39.041141800
2231,39.048013355993,39.058706400
2232,39.065515827242,39.076416800
2233,39.083018298491,39.093850900
2234,39.100520769740,39.111175900
2235,39.118023240988,39.127411000
2236,39.135525712237,39.146840400
2237,39.153028183486,39.163862200
2238,39.170530654735,39.182362100
2239,39.188033125983,39.198840700
2240,39.205535597232,39.216852700
2241,39.223038068481,39.232501100
2242,39.240540539730,39.251184800
2243,39.258043010978,39.268423000
2244,39.275545482227,39.286009100
2245,39.293047953476,39.303553500
2246,39.310550424725,39.322147600
2247,39.328052895974,39.339355200
2248,39.345555367222,39.355412400
2249,39.363057838471,39.373514900
2250,39.380560309720,39.390890000
2251,39.398062780969,39.408497400
2252,39.415565252217,39.425666700
2253,39.433067723466,39.443719600
2254,39.450570194715,39.459956500
2255,39.468072665964,39.478276700
2256,39.485575137212,39.495858000
2257,39.503077608461,39.513795600
2258,39.520580079710,39.531187600
2259,39.538082550959,39.548826100
2260,39.555585022207,39.565763000
2261,39.573087493456,39.583555700
2262,39.590589964705,39.601070400
2263,39.608092435954,39.619327700
2264,39.625594907203,39.635802800
2265,39.643097378451,39.652829400
2266,39.660599849700,39.670655100
2267,39.678102320949,39.689146500
2268,39.695604792198,39.706319200
2269,39.713107263446,39.723681000
2270,39.730609734695,39.741796000
2271,39.748112205944,39.758794200
2272,39.765614677193,39.776093000
2273,39.783117148441,39.793844300
2274,39.800619619690,39.811813900
2275,39.818122090939,39.829207400
2276,39.835624562188,39.846084200
2277,39.853127033436,39.864180700
2278,39.870629504685,39.880829600
2279,39.888131975934,39.898489600
2280,39.905634447183,39.916069800
2281,39.923136918432,39.933952700
2282,39.940639389680,39.951201600
2283,39.958141860929,39.968814800
2284,39.975644332178,39.987340900
2285,39.993146803427,40.004858000
2286,40.010649274675,40.023097700
2287,40.028151745924,40.038850000
2288,40.045654217173,40.056012000
2289,40.063156688422,40.073781000
2290,40.080659159670,40.091057600
2291,40.098161630919,40.108584900
2292,40.115664102168,40.126294400
2293,40.133166573417,40.142198900
2294,40.150669044665,40.160781500
2295,40.168171515914,40.178515300
2296,40.185673987163,40.196255900
2297,40.203176458412,40.213127700
2298,40.220678929661,40.231540900
2299,40.238181400909,40.248792500
2300,40.255683872158,40.266336500
2301,40.273186343407,40.283792900
2302,40.290688814656,40.302144500
2303,40.308191285904,40.318696700
2304,40.325693757153,40.336017700
2305,40.343196228402,40.353731900
2306,40.360698699651,40.371825100
2307,40.378201170899,40.389150200
2308,40.395703642148,40.407931500
2309,40.413206113397,40.424893100
2310,40.430708584646,40.441445100
2311,40.448211055894,40.458734200
2312,40.465713527143,40.476112500
2313,40.483215998392,40.493645400
2314,40.500718469641,40.510461800
2315,40.518220940890,40.528941800
2316,40.535723412138,40.546920000
2317,40.553225883387,40.564830400
2318,40.570728354636,40.582228300
2319,40.588230825885,40.598993500
2320,40.605733297133,40.616404900
2321,40.623235768382,40.634979000
2322,40.640738239631,40.650914200
2323,40.658240710880,40.668487900
2324,40.675743182128,40.684843600
2325,40.693245653377,40.704248100
2326,40.710748124626,40.721314100
2327,40.728250595875,40.738728600
2328,40.745753067123,40.756746700
2329,40.763255538372,40.774577200
2330,40.780758009621,40.792007700
2331,40.798260480870,40.809502600
2332,40.815762952119,40.827485300
2333,40.833265423367,40.845001900
2334,40.850767894616,40.861912900
2335,40.868270365865,40.878403800
2336,40.885772837114,40.896446000
2337,40.903275308362,40.914027400
2338,40.920777779611,40.931406800
2339,40.938280250860,40.948961800
2340,40.955782722109,40.966454000
2341,40.973285193357,40.983635600
2342,40.990787664606,41.001652000
2343,41.008290135855,41.018854600
2344,41.025792607104,41.035927900
2345,41.043295078352,41.054230400
2346,41.060797549601,41.072175000
2347,41.078300020850,41.088385200
2348,41.095802492099,41.106566800
2349,41.113304963348,41.123932100
2350,41.130807434596,41.140979000
2351,41.148309905845,41.158179300
2352,41.165812377094,41.176343200
2353,41.183314848343,41.193931800
2354,41.200817319591,41.210508800
2355,41.218319790840,41.228367100
2356,41.235822262089,41.246050700
2357,41.253324733338,41.263934400
2358,41.270827204586,41.280891900
2359,41.288329675835,41.298575700
2360,41.305832147084,41.316358400
2361,41.323334618333,41.332407300
2362,41.340837089581,41.351864900
2363,41.358339560830,41.368415000
2364,41.375842032079,41.386416200
2365,41.393344503328,41.403725200
2366,41.410846974577,41.421331000
2367,41.428349445825,41.438661100
2368,41.445851917074,41.455073500
2369,41.463354388323,41.472314700
2370,41.480856859572,41.489766100
2371,41.498359330820,41.507262700
2372,41.515861802069,41.525498700
2373,41.533364273318,41.542645200
2374,41.550866744567,41.560246900
2375,41.568369215815,41.577298400
2376,41.585871687064,41.595358300
2377,41.603374158313,41.612300200
2378,41.620876629562,41.630282900
2379,41.638379100810,41.647563400
2380,41.655881572059,41.664773200
2381,41.673384043308,41.682856400
2382,41.690886514557,41.700139600
2383,41.708388985806,41.717556600
2384,41.725891457054,41.735087900
2385,41.743393928303,41.752522600
2386,41.760896399552,41.769808900
2387,41.778398870801,41.787519000
2388,41.795901342049,41.805034800
2389,41.813403813298,41.822300700
2390,41.830906284547,41.840089200
2391,41.848408755796,41.857348500
2392,41.865911227044,41.874616500
2393,41.883413698293,41.892187900
2394,41.900916169542,41.910423500
2395,41.918418640791,41.927376600
2396,41.935921112039,41.944816100
2397,41.953423583288,41.963046500
2398,41.970926054537,41.979824100
2399,41.988428525786,41.997444400
2400,42.005930997034,42.015083200
2401,42.023433468283,42.174624700
2402,42.040935939532,42.190081900
2403,42.058438410781,42.207501700
2404,42.075940882030,42.225222200
2405,42.093443353278,42.243603000
2406,42.110945824527,42.260382600
2407,42.128448295776,42.278044400
2408,42.145950767025,42.295214900
2409,42.163453238273,42.313241700
2410,42.180955709522,42.330402800
2411,42.198458180771,42.348262800
2412,42.215960652020,42.365329400
2413,42.233463123268,42.383141900
2414,42.250965594517,42.400918500
2415,42.268468065766,42.418312400
2416,42.285970537015,42.436188500
2417,42.303473008263,42.453315500
2418,42.320975479512,42.471219800
2419,42.338477950761,42.488355600
2420,42.355980422010,42.506271300
2421,42.373482893259,42.523471800
2422,42.390985364507,42.541040500
2423,42.408487835756,42.558468800
2424,42.425990307005,42.576813200
2425,42.443492778254,42.593479800
2426,42.460995249502,42.611112300
2427,42.478497720751,42.628802200
2428,42.496000192000,42.645970200
2429,42.513502663249,42.663778400
2430,42.531005134497,42.681934200
2431,42.548507605746,42.698515000
2432,42.566010076995,42.716037300
2433,42.583512548244,42.733441600
2434,42.601015019492,42.751310700
2435,42.618517490741,42.768625900
2436,42.636019961990,42.786135600
2437,42.653522433239,42.804123800
2438,42.671024904488,42.823418600
2439,42.688527375736,42.840234100
2440,42.706029846985,42.857170100
2441,42.723532318234,42.873479100
2442,42.741034789483,42.891083000
2443,42.758537260731,42.908696000
2444,42.776039731980,42.926325500
2445,42.793542203229,42.943696300
2446,42.811044674478,42.961159600
2447,42.828547145726,42.978677500
2448,42.846049616975,42.995772100
2449,42.863552088224,43.013624000
2450,42.881054559473,43.030995600
2451,42.898557030721,43.048763700
2452,42.916059501970,43.066202900
2453,42.933561973219,43.083518500
2454,42.951064444468,43.101445100
2455,42.968566915717,43.118676000
2456,42.986069386965,43.135856700
2457,43.003571858214,43.153331700
2458,43.021074329463,43.170759400
2459,43.038576800712,43.188713000
2460,43.056079271960,43.205932900
2461,43.073581743209,43.224308800
2462,43.091084214458,43.241220800
2463,43.108586685707,43.258203000
2464,43.126089156955,43.275819600
2465,43.143591628204,43.293761200
2466,43.161094099453,43.310960800
2467,43.178596570702,43.328487600
2468,43.196099041950,43.346131800
2469,43.213601513199,43.363940000
2470,43.231103984448,43.381044200
2471,43.248606455697,43.398552200
2472,43.266108926946,43.416082600
2473,43.283611398194,43.433986000
2474,43.301113869443,43.450953100
2475,43.318616340692,43.468724200
2476,43.336118811941,43.486103800
2477,43.353621283189,43.503441100
2478,43.371123754438,43.521044300
2479,43.388626225687,43.538728700
2480,43.406128696936,43.556169500
2481,43.423631168184,43.574154200
2482,43.441133639433,43.591325800
2483,43.458636110682,43.608706700
2484,43.476138581931,43.626488500
2485,43.493641053179,43.643487000
2486,43.511143524428,43.661014500
2487,43.528645995677,43.678378000
2488,43.546148466926,43.696321800
2489,43.563650938175,43.713695300
2490,43.581153409423,43.732023300
2491,43.598655880672,43.749034400
2492,43.616158351921,43.766461300
2493,43.633660823170,43.783492000
2494,43.651163294418,43.800983400
2495,43.668665765667,43.818925300
2496,43.686168236916,43.836094700
2497,43.703670708165,43.853771600
2498,43.721173179413,43.871270900
2499,43.738675650662,43.888634600
2500,43.756178121911,43.906414400
2501,43.773680593160,43.923957300
2502,43.791183064408,43.941220400
2503,43.808685535657,43.959017400
2504,43.826188006906,43.976202400
2505,43.843690478155,43.993582400
2506,43.861192949404,44.011049900
2507,43.878695420652,44.029131100
2508,43.896197891901,44.046148000
2509,43.913700363150,44.063413800
2510,43.931202834399,44.081279800
2511,43.948705305647,44.099201000
2512,43.966207776896,44.116484400
2513,43.983710248145,44.134103400
2514,44.001212719394,44.151349900
2515,44.018715190642,44.168851200
2516,44.036217661891,44.186004000
2517,44.053720133140,44.203685500
2518,44.071222604389,44.221719300
2519,44.088725075637,44.238408300
2520,44.106227546886,44.255896300
2521,44.123730018135,44.273812100
2522,44.141232489384,44.291768500
2523,44.158734960633,44.308404600
2524,44.176237431881,44.326204400
2525,44.193739903130,44.343572900
2526,44.211242374379,44.361409600
2527,44.228744845628,44.378887900
2528,44.246247316876,44.396412400
2529,44.263749788125,44.414289200
2530,44.281252259374,44.431136600
2531,44.298754730623,44.448841900
2532,44.316257201871,44.466849100
2533,44.333759673120,44.483927000
2534,44.351262144369,44.501299700
2535,44.368764615618,44.518663200
2536,44.386267086866,44.536732100
2537,44.403769558115,44.553651200
2538,44.421272029364,44.571923100
2539,44.438774500613,44.589068600
2540,44.456276971862,44.606159300
2541,44.473779443110,44.624850200
2542,44.491281914359,44.641572200
2543,44.508784385608,44.658682900
2544,44.526286856857,44.676032600
2545,44.543789328105,44.693530000
2546,44.561291799354,44.710971200
2547,44.578794270603,44.729548000
2548,44.596296741852,44.746166300
2549,44.613799213100,44.764443300
2550,44.631301684349,44.781355900
2551,44.648804155598,44.799064300
2552,44.666306626847,44.816196700
2553,44.683809098095,44.834727100
2554,44.701311569344,44.851425100
2555,44.718814040593,44.868977000
2556,44.736316511842,44.886429600
2557,44.753818983091,44.903851100
2558,44.771321454339,44.921688100
2559,44.788823925588,44.939140600
2560,44.806326396837,44.956562600
2561,44.823828868086,44.974095300
2562,44.841331339334,44.991627400
2563,44.858833810583,45.008541400
2564,44.876336281832,45.026186900
2565,44.893838753081,45.043858700
2566,44.911341224329,45.060967000
2567,44.928843695578,45.078661400
2568,44.946346166827,45.096370500
2569,44.963848638076,45.113740300
2570,44.981351109324,45.131449600
2571,44.998853580573,45.149411000
2572,45.016356051822,45.166293400
2573,45.033858523071,45.183591800
2574,45.051360994320,45.201268300
2575,45.068863465568,45.219006500
2576,45.086365936817,45.236414400
2577,45.103868408066,45.254371700
2578,45.121370879315,45.271402200
2579,45.138873350563,45.289122000
2580,45.156375821812,45.306470600
2581,45.173878293061,45.323947100
2582,45.191380764310,45.341971100
2583,45.208883235558,45.358735100
2584,45.226385706807,45.376635300
2585,45.243888178056,45.393731900
2586,45.261390649305,45.411304800
2587,45.278893120553,45.428564700
2588,45.296395591802,45.446019400
2589,45.313898063051,45.463765700
2590,45.331400534300,45.481203900
2591,45.348903005548,45.499215300
2592,45.366405476797,45.516718300
2593,45.383907948046,45.534572500
2594,45.401410419295,45.551587300
2595,45.418912890544,45.568752400
2596,45.436415361792,45.586631100
2597,45.453917833041,45.603815000
2598,45.471420304290,45.622457000
2599,45.488922775539,45.638941200
2600,45.506425246787,45.656926300
2601,45.523927718036,45.674159300
2602,45.541430189285,45.691669400
2603,45.558932660534,45.709333400
2604,45.576435131782,45.728247700
2605,45.593937603031,45.745193000
2606,45.611440074280,45.761711500
2607,45.628942545529,45.778918900
2608,45.646445016777,45.796511500
2609,45.663947488026,45.813564900
2610,45.681449959275,45.831329000
2611,45.698952430524,45.848791400
2612,45.716454901773,45.866951900
2613,45.733957373021,45.883810100
2614,45.751459844270,45.902054800
2615,45.768962315519,45.919062900
2616,45.786464786768,45.936333000
2617,45.803967258016,45.954027700
2618,45.821469729265,45.971598100
2619,45.838972200514,45.988785800
2620,45.856474671763,46.006628600
2621,45.873977143011,46.023951500
2622,45.891479614260,46.041859300
2623,45.908982085509,46.059411200
2624,45.926484556758,46.076432200
2625,45.943987028006,46.093857000
2626,45.961489499255,46.111657200
2627,45.978991970504,46.129290400
2628,45.996494441753,46.146316100
2629,46.013996913002,46.163899500
2630,46.031499384250,46.181391000
2631,46.049001855499,46.198731800
2632,46.066504326748,46.216320000
2633,46.084006797997,46.234491400
2634,46.101509269245,46.251618500
2635,46.119011740494,46.268772600
2636,46.136514211743,46.286153900
2637,46.154016682992,46.304089600
2638,46.171519154240,46.321291500
2639,46.189021625489,46.338717700
2640,46.206524096738,46.356270100
2641,46.224026567987,46.373986900
2642,46.241529039235,46.393545300
2643,46.259031510484,46.409844100
2644,46.276533981733,46.429496000
2645,46.294036452982,46.445758700
2646,46.311538924231,46.463099600
2647,46.329041395479,46.479547500
2648,46.346543866728,46.496598300
2649,46.364046337977,46.514015300
2650,46.381548809226,46.531494500
2651,46.399051280474,46.548937600
2652,46.416553751723,46.566241900
2653,46.434056222972,46.584025500
2654,46.451558694221,46.601624300
2655,46.469061165469,46.619781800
2656,46.486563636718,46.636476800
2657,46.504066107967,46.654109800
2658,46.521568579216,46.671234800
2659,46.539071050464,46.688580300
2660,46.556573521713,46.706401800
2661,46.574075992962,46.723913000
2662,46.591578464211,46.742310100
2663,46.609080935460,46.759013700
2664,46.626583406708,46.776566700
2665,46.644085877957,46.793845900
2666,46.661588349206,46.811838400
2667,46.679090820455,46.828998800
2668,46.696593291703,46.846808200
2669,46.714095762952,46.864479700
2670,46.731598234201,46.881489100
2671,46.749100705450,46.899173200
2672,46.766603176698,46.916754800
2673,46.784105647947,46.934219400
2674,46.801608119196,46.951442000
2675,46.819110590445,46.968955100
2676,46.836613061693,46.986535500
2677,46.854115532942,47.004273400
2678,46.871618004191,47.021674200
2679,46.889120475440,47.039548800
2680,46.906622946689,47.056544600
2681,46.924125417937,47.074002800
2682,46.941627889186,47.091749500
2683,46.959130360435,47.109315500
2684,46.976632831684,47.126627900
2685,46.994135302932,47.144286000
2686,47.011637774181,47.161903100
2687,47.029140245430,47.179295300
2688,47.046642716679,47.196723300
2689,47.064145187927,47.214289800
2690,47.081647659176,47.232178600
2691,47.099150130425,47.249381100
2692,47.116652601674,47.266692400
2693,47.134155072922,47.284648100
2694,47.151657544171,47.301812800
2695,47.169160015420,47.319503500
2696,47.186662486669,47.336724800
2697,47.204164957918,47.354519000
2698,47.221667429166,47.371765200
2699,47.239169900415,47.389849300
2700,47.256672371664,47.406798800
2701,47.274174842913,47.424880500
2702,47.291677314161,47.441958600
2703,47.309179785410,47.459208600
2704,47.326682256659,47.477312000
2705,47.344184727908,47.494475700
2706,47.361687199156,47.512086300
2707,47.379189670405,47.529259900
2708,47.396692141654,47.546763400
2709,47.414194612903,47.564843900
2710,47.431697084151,47.582298600
2711,47.449199555400,47.599452700
2712,47.466702026649,47.617312900
2713,47.484204497898,47.635042200
2714,47.501706969147,47.652428900
2715,47.519209440395,47.669379900
2716,47.536711911644,47.687173800
2717,47.554214382893,47.704407900
2718,47.571716854142,47.721710300
2719,47.589219325390,47.739867700
2720,47.606721796639,47.756520700
2721,47.624224267888,47.774064700
2722,47.641726739137,47.791499500
2723,47.659229210385,47.809150200
2724,47.676731681634,47.826748300
2725,47.694234152883,47.844448400
2726,47.711736624132,47.861927800
2727,47.729239095380,47.879300400
2728,47.746741566629,47.896804900
2729,47.764244037878,47.914578700
2730,47.781746509127,47.932069100
2731,47.799248980376,47.949257600
2732,47.816751451624,47.966952400
2733,47.834253922873,47.984421600
2734,47.851756394122,48.001872500
2735,47.869258865371,48.019600100
2736,47.886761336619,48.037769700
2737,47.904263807868,48.054779600
2738,47.921766279117,48.071631400
2739,47.939268750366,48.089307900
2740,47.956771221614,48.106863200
2741,47.974273692863,48.124695800
2742,47.991776164112,48.141567500
2743,48.009278635361,48.159664600
2744,48.026781106609,48.176792600
2745,48.044283577858,48.195038000
2746,48.061786049107,48.211791700
2747,48.079288520356,48.229788800
2748,48.096790991605,48.246482500
2749,48.114293462853,48.264485800
2750,48.131795934102,48.281816200
2751,48.149298405351,48.299204100
2752,48.166800876600,48.317222500
2753,48.184303347848,48.334290800
2754,48.201805819097,48.351633900
2755,48.219308290346,48.369225900
2756,48.236810761595,48.386339500
2757,48.254313232843,48.403808800
2758,48.271815704092,48.421715400
2759,48.289318175341,48.439950100
2760,48.306820646590,48.456579100
2761,48.324323117838,48.474051900
2762,48.341825589087,48.491498600
2763,48.359328060336,48.508994000
2764,48.376830531585,48.526568500
2765,48.394333002833,48.544421600
2766,48.411835474082,48.562030300
2767,48.429337945331,48.579336400
2768,48.446840416580,48.596522500
2769,48.464342887829,48.614170500
2770,48.481845359077,48.631853200
2771,48.499347830326,48.649098200
2772,48.516850301575,48.666343500
2773,48.534352772824,48.684741000
2774,48.551855244072,48.701848500
2775,48.569357715321,48.719013600
2776,48.586860186570,48.736511100
2777,48.604362657819,48.754194100
2778,48.621865129067,48.771979100
2779,48.639367600316,48.789867300
2780,48.656870071565,48.806678700
2781,48.674372542814,48.824178500
2782,48.691875014062,48.841620500
2783,48.709377485311,48.859175800
2784,48.726879956560,48.876913800
2785,48.744382427809,48.894140300
2786,48.761884899058,48.911648200
2787,48.779387370306,48.929071900
2788,48.796889841555,48.946840400
2789,48.814392312804,48.964046300
2790,48.831894784053,48.981503300
2791,48.849397255301,48.999148900
2792,48.866899726550,49.016944100
2793,48.884402197799,49.034553200
2794,48.901904669048,49.051968000
2795,48.919407140296,49.069155700
2796,48.936909611545,49.086481000
2797,48.954412082794,49.104536700
2798,48.971914554043,49.121461200
2799,48.989417025291,49.139364200
2800,49.006919496540,49.157119500
2801,49.024421967789,49.174530400
2802,49.041924439038,49.192313200
2803,49.059426910287,49.209046200
2804,49.076929381535,49.226629500
2805,49.094431852784,49.244801600
2806,49.111934324033,49.263630600
2807,49.129436795282,49.280723800
2808,49.146939266530,49.297586500
2809,49.164441737779,49.314312200
2810,49.181944209028,49.331881700
2811,49.199446680277,49.349155600
2812,49.216949151525,49.366912000
2813,49.234451622774,49.384323900
2814,49.251954094023,49.401640000
2815,49.269456565272,49.418911000
2816,49.286959036520,49.437250100
2817,49.304461507769,49.454528400
2818,49.321963979018,49.471545300
2819,49.339466450267,49.489424800
2820,49.356968921516,49.507209800
2821,49.374471392764,49.524138300
2822,49.391973864013,49.541893500
2823,49.409476335262,49.559418700
2824,49.426978806511,49.577202300
2825,49.444481277759,49.594309500
2826,49.461983749008,49.612765700
2827,49.479486220257,49.629465200
2828,49.496988691506,49.647073000
2829,49.514491162754,49.664047000
2830,49.531993634003,49.682038300
2831,49.549496105252,49.699533800
2832,49.566998576501,49.716616600
2833,49.584501047749,49.734752700
2834,49.602003518998,49.751961600
2835,49.619505990247,49.769139900
2836,49.637008461496,49.786484200
2837,49.654510932745,49.804161700
2838,49.672013403993,49.821764600
2839,49.689515875242,49.839170200
2840,49.707018346491,49.856770700
2841,49.724520817740,49.874344100
2842,49.742023288988,49.891971700
2843,49.759525760237,49.908971800
2844,49.777028231486,49.926601900
2845,49.794530702735,49.944389400
2846,49.812033173983,49.962491000
2847,49.829535645232,49.979550900
2848,49.847038116481,49.997597200
2849,49.864540587730,50.014577600
2850,49.882043058978,50.031936200
2851,49.899545530227,50.049557000
2852,49.917048001476,50.066624800
2853,49.934550472725,50.084238500
2854,49.952052943974,50.101962100
2855,49.969555415222,50.119194400
2856,49.987057886471,50.136608700
2857,50.004560357720,50.154265700
2858,50.022062828969,50.171735600
2859,50.039565300217,50.189495100
2860,50.057067771466,50.207520000
2861,50.074570242715,50.227671500
2862,50.092072713964,50.243345600
2863,50.109575185212,50.260292700
2864,50.127077656461,50.277160900
2865,50.144580127710,50.294514600
2866,50.162082598959,50.312123300
2867,50.179585070207,50.329351100
2868,50.197087541456,50.346952000
2869,50.214590012705,50.364534100
2870,50.232092483954,50.382396400
2871,50.249594955203,50.399361100
2872,50.267097426451,50.416828400
2873,50.284599897700,50.434795400
2874,50.302102368949,50.452194300
2875,50.319604840198,50.469766600
2876,50.337107311446,50.486982200
2877,50.354609782695,50.504850300
2878,50.372112253944,50.521941600
2879,50.389614725193,50.539482400
2880,50.407117196441,50.557170000
2881,50.424619667690,50.574792300
2882,50.442122138939,50.591931200
2883,50.459624610188,50.609332000
2884,50.477127081436,50.627028800
2885,50.494629552685,50.644092500
2886,50.512132023934,50.661745600
2887,50.529634495183,50.679297300
2888,50.547136966432,50.696933100
2889,50.564639437680,50.714941600
2890,50.582141908929,50.732857600
2891,50.599644380178,50.750264600
2892,50.617146851427,50.766810600
2893,50.634649322675,50.784236600
2894,50.652151793924,50.801828500
2895,50.669654265173,50.819362700
2896,50.687156736422,50.836716100
2897,50.704659207670,50.853965500
2898,50.722161678919,50.872126600
2899,50.739664150168,50.889446100
2900,50.757166621417,50.906566000
2901,50.774669092665,50.924482300
2902,50.792171563914,50.941216600
2903,50.809674035163,50.958985700
2904,50.827176506412,50.976299400
2905,50.844678977661,50.994055300
2906,50.862181448909,51.012365800
2907,50.879683920158,51.028956600
2908,50.897186391407,51.046376700
2909,50.914688862656,51.063755200
2910,50.932191333904,51.082281100
2911,50.949693805153,51.098919200
2912,50.967196276402,51.117050500
2913,50.984698747651,51.134027100
2914,51.002201218899,51.151394100
2915,51.019703690148,51.169517500
2916,51.037206161397,51.186748000
2917,51.054708632646,51.203930700
2918,51.072211103894,51.221546600
2919,51.089713575143,51.238754400
2920,51.107216046392,51.256507400
2921,51.124718517641,51.273900400
2922,51.142220988890,51.291014700
2923,51.159723460138,51.308677700
2924,51.177225931387,51.326297900
2925,51.194728402636,51.343852700
2926,51.212230873885,51.361140000
2927,51.229733345133,51.378732300
2928,51.247235816382,51.396765800
2929,51.264738287631,51.413798200
2930,51.282240758880,51.431479800
2931,51.299743230128,51.451330800
2932,51.317245701377,51.468650800
2933,51.334748172626,51.486373800
2934,51.352250643875,51.504605300
2935,51.369753115123,51.521137100
2936,51.387255586372,51.538643500
2937,51.404758057621,51.556462200
2938,51.422260528870,51.574059400
2939,51.439763000118,51.591445300
2940,51.457265471367,51.608784700
2941,51.474767942616,51.627167400
2942,51.492270413865,51.644518100
2943,51.509772885114,51.661754400
2944,51.527275356362,51.681020800
2945,51.544777827611,51.698283900
2946,51.562280298860,51.713991700
2947,51.579782770109,51.731423100
2948,51.597285241357,51.749545700
2949,51.614787712606,51.766601200
2950,51.632290183855,51.784378700
2951,51.649792655104,51.801399000
2952,51.667295126352,51.819270400
2953,51.684797597601,51.836387200
2954,51.702300068850,51.853668000
2955,51.719802540099,51.871139200
2956,51.737305011347,51.889237600
2957,51.754807482596,51.906093900
2958,51.772309953845,51.923928600
2959,51.789812425094,51.941725700
2960,51.807314896343,51.958747500
2961,51.824817367591,51.976115900
2962,51.842319838840,51.993697600
2963,51.859822310089,52.011373000
2964,51.877324781338,52.029211100
2965,51.894827252586,52.046591300
2966,51.912329723835,52.063720900
2967,51.929832195084,52.081499700
2968,51.947334666333,52.098616800
2969,51.964837137581,52.116731400
2970,51.982339608830,52.133933600
2971,51.999842080079,52.151191600
2972,52.017344551328,52.169041400
2973,52.034847022576,52.186333900
2974,52.052349493825,52.204142700
2975,52.069851965074,52.221289300
2976,52.087354436323,52.238734500
2977,52.104856907572,52.257241400
2978,52.122359378820,52.273885600
2979,52.139861850069,52.291479300
2980,52.157364321318,52.308892100
2981,52.174866792567,52.326929900
2982,52.192369263815,52.343985100
2983,52.209871735064,52.361448500
2984,52.227374206313,52.379069000
2985,52.244876677562,52.396358600
2986,52.262379148810,52.413843100
2987,52.279881620059,52.431316000
2988,52.297384091308,52.449130300
2989,52.314886562557,52.466530200
2990,52.332389033805,52.484167400
2991,52.349891505054,52.501396200
2992,52.367393976303,52.519053200
2993,52.384896447552,52.536480700
2994,52.402398918801,52.553921100
2995,52.419901390049,52.571967100
2996,52.437403861298,52.589120900
2997,52.454906332547,52.607010500
2998,52.472408803796,52.625595100
2999,52.489911275044,52.641409400
3000,52.507413746293,52.658896200
3001,52.524916217542,52.676469300
3002,52.542418688791,52.694113300
3003,52.559921160039,52.711485500
3004,52.577423631288,52.728856000
3005,52.594926102537,52.746416600
3006,52.612428573786,52.764468100
3007,52.629931045034,52.781560500
3008,52.647433516283,52.798811000
3009,52.664935987532,52.816748200
3010,52.682438458781,52.834491600
3011,52.699940930030,52.851999500
3012,52.717443401278,52.869590000
3013,52.734945872527,52.886611900
3014,52.752448343776,52.903791600
3015,52.769950815025,52.921423500
3016,52.787453286273,52.939062700
3017,52.804955757522,52.956765500
3018,52.822458228771,52.974216700
3019,52.839960700020,52.991384100
3020,52.857463171268,53.008981300
3021,52.874965642517,53.026382700
3022,52.892468113766,53.045203500
3023,52.909970585015,53.061459800
3024,52.927473056263,53.078989700
3025,52.944975527512,53.096426300
3026,52.962477998761,53.113885300
3027,52.979980470010,53.131968000
3028,52.997482941259,53.150130200
3029,53.014985412507,53.166847600
3030,53.032487883756,53.185088100
3031,53.049990355005,53.201850500
3032,53.067492826254,53.219319800
3033,53.084995297502,53.236729500
3034,53.102497768751,53.255307000
3035,53.120000240000,53.271932300
3036,53.137502711249,53.289107600
3037,53.155005182497,53.306529100
3038,53.172507653746,53.324326500
3039,53.190010124995,53.342426300
3040,53.207512596244,53.359708700
3041,53.225015067492,53.378423500
3042,53.242517538741,53.395841200
3043,53.260020009990,53.412076300
3044,53.277522481239,53.429060300
3045,53.295024952488,53.446944100
3046,53.312527423736,53.465019300
3047,53.330029894985,53.482070800
3048,53.347532366234,53.499811100
3049,53.365034837483,53.517161600
3050,53.382537308731,53.535355300
3051,53.400039779980,53.552243700
3052,53.417542251229,53.569608700
3053,53.435044722478,53.586976100
3054,53.452547193726,53.604144000
3055,53.470049664975,53.622523800
3056,53.487552136224,53.639389200
3057,53.505054607473,53.656797800
3058,53.522557078721,53.674176800
3059,53.540059549970,53.691772700
3060,53.557562021219,53.709206500
3061,53.575064492468,53.745994500
3062,53.592566963717,53.762740700
3063,53.610069434965,53.778716600
3064,53.627571906214,53.794467300
3065,53.645074377463,53.810295800
3066,53.662576848712,53.825980100
3067,53.680079319960,53.842036800
3068,53.697581791209,53.858018400
3069,53.715084262458,53.873731700
3070,53.732586733707,53.889954400
3071,53.750089204955,53.905856000
3072,53.767591676204,53.921462500
3073,53.785094147453,53.937076600
3074,53.802596618702,53.954285700
3075,53.820099089950,53.971544400
3076,53.837601561199,53.989077900
3077,53.855104032448,54.006611500
3078,53.872606503697,54.024073500
3079,53.890108974946,54.041622000
3080,53.907611446194,54.059970100
3081,53.925113917443,54.077247900
3082,53.942616388692,54.094383100
3083,53.960118859941,54.111897200
3084,53.977621331189,54.129513100
3085,53.995123802438,54.147169000
3086,54.012626273687,54.165512200
3087,54.030128744936,54.182069100
3088,54.047631216184,54.200260700
3089,54.065133687433,54.218296800
3090,54.082636158682,54.236695100
3091,54.100138629931,54.253893100
3092,54.117641101179,54.270077400
3093,54.135143572428,54.288083300
3094,54.152646043677,54.304872100
3095,54.170148514926,54.322893600
3096,54.187650986175,54.340520700
3097,54.205153457423,54.357250200
3098,54.222655928672,54.374862100
3099,54.240158399921,54.392400500
3100,54.257660871170,54.409785600
3101,54.275163342418,54.427322200
3102,54.292665813667,54.445245100
3103,54.310168284916,54.462491100
3104,54.327670756165,54.480298500
3105,54.345173227413,54.497652700
3106,54.362675698662,54.514998700
3107,54.380178169911,54.532686500
3108,54.397680641160,54.549964300
3109,54.415183112408,54.568204600
3110,54.432685583657,54.585427300
3111,54.450188054906,54.602859400
3112,54.467690526155,54.619766000
3113,54.485192997404,54.637226900
3114,54.502695468652,54.654737700
3115,54.520197939901,54.671974100
3116,54.537700411150,54.690220800
3117,54.555202882399,54.707901200
3118,54.572705353647,54.725123100
3119,54.590207824896,54.742305100
3120,54.607710296145,54.760101800
3121,54.625212767394,54.778650600
3122,54.642715238642,54.795104200
3123,54.660217709891,54.812208600
3124,54.677720181140,54.829930900
3125,54.695222652389,54.847246800
3126,54.712725123637,54.864488200
3127,54.730227594886,54.882114100
3128,54.747730066135,54.899685400
3129,54.765232537384,54.917137800
3130,54.782735008632,54.934914500
3131,54.800237479881,54.952623400
3132,54.817739951130,54.970187200
3133,54.835242422379,54.987742000
3134,54.852744893628,55.005357000
3135,54.870247364876,55.022189500
3136,54.887749836125,55.039793200
3137,54.905252307374,55.057016900
3138,54.922754778623,55.074978500
3139,54.940257249871,55.092413700
3140,54.957759721120,55.109368700
3141,54.975262192369,55.127933000
3142,54.992764663618,55.143393000
3143,55.010267134866,55.162749300
3144,55.027769606115,55.181623400
3145,55.045272077364,55.198587100
3146,55.062774548613,55.215535000
3147,55.080277019861,55.232297400
3148,55.097779491110,55.250102100
3149,55.115281962359,55.267873400
3150,55.132784433608,55.284880600
3151,55.150286904857,55.302567600
3152,55.167789376105,55.319666100
3153,55.185291847354,55.337500000
3154,55.202794318603,55.354568600
3155,55.220296789852,55.371995400
3156,55.237799261100,55.389759200
3157,55.255301732349,55.407759200
3158,55.272804203598,55.424795600
3159,55.290306674847,55.442275600
3160,55.307809146095,55.460422800
3161,55.325311617344,55.477260800
3162,55.342814088593,55.494720000
3163,55.360316559842,55.512546900
3164,55.377819031090,55.530077100
3165,55.395321502339,55.547670900
3166,55.412823973588,55.565245600
3167,55.430326444837,55.582639500
3168,55.447828916086,55.600270100
3169,55.465331387334,55.617352500
3170,55.482833858583,55.634865900
3171,55.500336329832,55.652494200
3172,55.517838801081,55.669419100
3173,55.535341272329,55.688167800
3174,55.552843743578,55.704444300
3175,55.570346214827,55.722030800
3176,55.587848686076,55.739877800
3177,55.605351157324,55.757559700
3178,55.622853628573,55.774832900
3179,55.640356099822,55.792063300
3180,55.657858571071,55.809544900
3181,55.675361042319,55.827798700
3182,55.692863513568,55.845062800
3183,55.710365984817,55.862112700
3184,55.727868456066,55.880068100
3185,55.745370927315,55.898143600
3186,55.762873398563,55.915132800
3187,55.780375869812,55.932647300
3188,55.797878341061,55.950089100
3189,55.815380812310,55.967879300
3190,55.832883283558,55.984876800
3191,55.850385754807,56.002365900
3192,55.867888226056,56.020043000
3193,55.885390697305,56.037212600
3194,55.902893168553,56.055311000
3195,55.920395639802,56.074913200
3196,55.937898111051,56.092093600
3197,55.955400582300,56.109687900
3198,55.972903053548,56.125470600
3199,55.990405524797,56.142350100
3200,56.007907996046,56.159705600
3201,56.025410467295,56.175758600
3202,56.042912938544,56.194737400
3203,56.060415409792,56.212561500
3204,56.077917881041,56.230128100
3205,56.095420352290,56.247495800
3206,56.112922823539,56.264742300
3207,56.130425294787,56.282429900
3208,56.147927766036,56.300090700
3209,56.165430237285,56.318248300
3210,56.182932708534,56.335103100
3211,56.200435179782,56.352175100
3212,56.217937651031,56.369835200
3213,56.235440122280,56.387251500
3214,56.252942593529,56.404940400
3215,56.270445064777,56.422132000
3216,56.287947536026,56.439889900
3217,56.305450007275,56.457467000
3218,56.322952478524,56.474800400
3219,56.340454949773,56.492232400
3220,56.357957421021,56.509698500
3221,56.375459892270,56.527809500
3222,56.392962363519,56.544475900
3223,56.410464834768,56.562184900
3224,56.427967306016,56.580498500
3225,56.445469777265,56.597432400
3226,56.462972248514,56.615206900
3227,56.480474719763,56.631957100
3228,56.497977191011,56.649862800
3229,56.515479662260,56.667217000
3230,56.532982133509,56.684503500
3231,56.550484604758,56.702176100
3232,56.567987076006,56.719811700
3233,56.585489547255,56.737442400
3234,56.602992018504,56.754637700
3235,56.620494489753,56.773142300
3236,56.637996961002,56.790642400
3237,56.655499432250,56.809159600
3238,56.673001903499,56.826307200
3239,56.690504374748,56.842775100
3240,56.708006845997,56.859775700
3241,56.725509317245,56.877198200
3242,56.743011788494,56.894918800
3243,56.760514259743,56.912292600
3244,56.778016730992,56.930308100
3245,56.795519202240,56.947153200
3246,56.813021673489,56.964743800
3247,56.830524144738,56.982391500
3248,56.848026615987,56.999506800
3249,56.865529087235,57.017562000
3250,56.883031558484,57.034778800
3251,56.900534029733,57.050687600
3252,56.918036500982,57.069758900
3253,56.935538972231,57.087778500
3254,56.953041443479,57.105145500
3255,56.970543914728,57.122224700
3256,56.988046385977,57.140799600
3257,57.005548857226,57.157613700
3258,57.023051328474,57.174912200
3259,57.040553799723,57.192329300
3260,57.058056270972,57.209799100
3261,57.075558742221,57.227604100
3262,57.093061213469,57.245372300
3263,57.110563684718,57.262013900
3264,57.128066155967,57.279567100
3265,57.145568627216,57.297107500
3266,57.163071098464,57.314633100
3267,57.180573569713,57.332298500
3268,57.198076040962,57.350254000
3269,57.215578512211,57.367226200
3270,57.233080983460,57.385416400
3271,57.250583454708,57.402663800
3272,57.268085925957,57.419836300
3273,57.285588397206,57.437249300
3274,57.303090868455,57.455131300
3275,57.320593339703,57.472730700
3276,57.338095810952,57.489559700
3277,57.355598282201,57.505759700
3278,57.373100753450,57.524769900
3279,57.390603224698,57.542523500
3280,57.408105695947,57.559873200
3281,57.425608167196,57.577367800
3282,57.443110638445,57.595279300
3283,57.460613109693,57.612378200
3284,57.478115580942,57.630470200
3285,57.495618052191,57.647791900
3286,57.513120523440,57.664803400
3287,57.530622994688,57.682052400
3288,57.548125465937,57.699862500
3289,57.565627937186,57.717429100
3290,57.583130408435,57.735202500
3291,57.600632879684,57.753091000
3292,57.618135350932,57.770709700
3293,57.635637822181,57.789951900
3294,57.653140293430,57.805840200
3295,57.670642764679,57.823059500
3296,57.688145235927,57.839869500
3297,57.705647707176,57.857803100
3298,57.723150178425,57.874976600
3299,57.740652649674,57.892389400
3300,57.758155120922,57.909822600
3301,57.775657592171,57.927039500
3302,57.793160063420,57.944886000
3303,57.810662534669,57.962973500
3304,57.828165005917,57.979760100
3305,57.845667477166,57.997391200
3306,57.863169948415,58.014621000
3307,57.880672419664,58.032571300
3308,57.898174890913,58.049923500
3309,57.915677362161,58.067411800
3310,57.933179833410,58.085820600
3311,57.950682304659,58.102594100
3312,57.968184775908,58.120199300
3313,57.985687247156,58.138059200
3314,58.003189718405,58.155173100
3315,58.020692189654,58.172348500
3316,58.038194660903,58.189790100
3317,58.055697132151,58.207375900
3318,58.073199603400,58.225838500
3319,58.090702074649,58.242597600
3320,58.108204545898,58.259860600
3321,58.125707017146,58.277645000
3322,58.143209488395,58.295066100
3323,58.160711959644,58.312256800
3324,58.178214430893,58.329668100
3325,58.195716902142,58.347675000
3326,58.213219373390,58.365287900
3327,58.230721844639,58.382500800
3328,58.248224315888,58.400239900
3329,58.265726787137,58.417542700
3330,58.283229258385,58.434544900
3331,58.300731729634,58.452283600
3332,58.318234200883,58.469979900
3333,58.335736672132,58.487640800
3334,58.353239143380,58.506274300
3335,58.370741614629,58.524771100
3336,58.388244085878,58.541315100
3337,58.405746557127,58.558328700
3338,58.423249028375,58.575005200
3339,58.440751499624,58.592735200
3340,58.458253970873,58.608295500
3341,58.475756442122,58.627496800
3342,58.493258913371,58.645830700
3343,58.510761384619,58.662677200
3344,58.528263855868,58.679605100
3345,58.545766327117,58.697783800
3346,58.563268798366,58.715343000
3347,58.580771269614,58.732953200
3348,58.598273740863,58.750066100
3349,58.615776212112,58.767646800
3350,58.633278683361,58.785230300
3351,58.650781154609,58.802664200
3352,58.668283625858,58.820030100
3353,58.685786097107,58.837925400
3354,58.703288568356,58.855238800
3355,58.720791039604,58.872661200
3356,58.738293510853,58.890025600
3357,58.755795982102,58.907811100
3358,58.773298453351,58.925393300
3359,58.790800924600,58.942495400
3360,58.808303395848,58.960137300
3361,58.825805867097,58.978722000
3362,58.843308338346,58.994860700
3363,58.860810809595,59.012595700
3364,58.878313280843,59.030545500
3365,58.895815752092,59.047813200
3366,58.913318223341,59.065260800
3367,58.930820694590,59.082692800
3368,58.948323165838,59.100348100
3369,58.965825637087,59.117622200
3370,58.983328108336,59.135165900
3371,59.000830579585,59.152309800
3372,59.018333050833,59.170131700
3373,59.035835522082,59.187744900
3374,59.053337993331,59.204972300
3375,59.070840464580,59.223410200
3376,59.088342935829,59.240695100
3377,59.105845407077,59.257512000
3378,59.123347878326,59.274837600
3379,59.140850349575,59.292378300
3380,59.158352820824,59.309573400
3381,59.175855292072,59.327268500
3382,59.193357763321,59.345120800
3383,59.210860234570,59.362523300
3384,59.228362705819,59.380394900
3385,59.245865177067,59.397963500
3386,59.263367648316,59.415737700
3387,59.280870119565,59.432599100
3388,59.298372590814,59.450463800
3389,59.315875062062,59.468025100
3390,59.333377533311,59.485502300
3391,59.350880004560,59.502572100
3392,59.368382475809,59.520158600
3393,59.385884947058,59.537894900
3394,59.403387418306,59.554857400
3395,59.420889889555,59.572831500
3396,59.438392360804,59.590293800
3397,59.455894832053,59.607728500
3398,59.473397303301,59.625483000
3399,59.490899774550,59.642796500
3400,59.508402245799,59.660530600
3401,59.525904717048,59.677681500
3402,59.543407188296,59.694937300
3403,59.560909659545,59.712779900
3404,59.578412130794,59.730077700
3405,59.595914602043,59.747703200
3406,59.613417073291,59.766202700
3407,59.630919544540,59.782785000
3408,59.648422015789,59.800314000
3409,59.665924487038,59.817733600
3410,59.683426958287,59.835303100
3411,59.700929429535,59.853913200
3412,59.718431900784,59.872874200
3413,59.735934372033,59.891256600
3414,59.753436843282,59.907595200
3415,59.770939314530,59.923559400
3416,59.788441785779,59.940250900
3417,59.805944257028,59.958046700
3418,59.823446728277,59.975827800
3419,59.840949199525,59.993521300
3420,59.858451670774,60.010770100
3421,59.875954142023,60.028284700
3422,59.893456613272,60.045371300
3423,59.910959084520,60.062335000
3424,59.928461555769,60.080025600
3425,59.945964027018,60.098041500
3426,59.963466498267,60.115666300
3427,59.980968969516,60.132736900
3428,59.998471440764,60.150323700
3429,60.015973912013,60.168000100
3430,60.033476383262,60.185532000
3431,60.050978854511,60.202804900
3432,60.068481325759,60.221171700
3433,60.085983797008,60.237697400
3434,60.103486268257,60.255007500
3435,60.120988739506,60.272478800
3436,60.138491210754,60.290331600
3437,60.155993682003,60.307279500
3438,60.173496153252,60.325292000
3439,60.190998624501,60.342739200
3440,60.208501095749,60.359878900
3441,60.226003566998,60.377499600
3442,60.243506038247,60.395203700
3443,60.261008509496,60.412954300
3444,60.278510980745,60.430018300
3445,60.296013451993,60.447328200
3446,60.313515923242,60.465219700
3447,60.331018394491,60.482652400
3448,60.348520865740,60.500279400
3449,60.366023336988,60.518199300
3450,60.383525808237,60.535353100
3451,60.401028279486,60.552705500
3452,60.418530750735,60.570076400
3453,60.436033221983,60.588243900
3454,60.453535693232,60.606289300
3455,60.471038164481,60.623021200
3456,60.488540635730,60.640874600
3457,60.506043106978,60.657933300
3458,60.523545578227,60.675462600
3459,60.541048049476,60.692296600
3460,60.558550520725,60.710628600
3461,60.576052991973,60.727809400
3462,60.593555463222,60.744808000
3463,60.611057934471,60.762739100
3464,60.628560405720,60.780249400
3465,60.646062876969,60.797548900
3466,60.663565348217,60.814683200
3467,60.681067819466,60.832702400
3468,60.698570290715,60.850004900
3469,60.716072761964,60.867738100
3470,60.733575233212,60.885229800
3471,60.751077704461,60.902720000
3472,60.768580175710,60.920374300
3473,60.786082646959,60.937679200
3474,60.803585118207,60.954849400
3475,60.821087589456,60.972744600
3476,60.838590060705,60.990147500
3477,60.856092531954,61.007810300
3478,60.873595003202,61.024794800
3479,60.891097474451,61.042893300
3480,60.908599945700,61.059970300
3481,60.926102416949,61.077552000
3482,60.943604888198,61.095305900
3483,60.961107359446,61.112930200
3484,60.978609830695,61.129945400
3485,60.996112301944,61.147815700
3486,61.013614773193,61.165972700
3487,61.031117244441,61.182961700
3488,61.048619715690,61.200200200
3489,61.066122186939,61.217651200
3490,61.083624658188,61.236079700
3491,61.101127129436,61.252488600
3492,61.118629600685,61.269791500
3493,61.136132071934,61.287925000
3494,61.153634543183,61.305318200
3495,61.171137014431,61.322964600
3496,61.188639485680,61.342410600
3497,61.206141956929,61.359081700
3498,61.223644428178,61.375924100
3499,61.241146899427,61.392265900
3500,61.258649370675,61.410449700
3501,61.276151841924,61.427553500
3502,61.293654313173,61.443338300
3503,61.311156784422,61.525991500
3504,61.328659255670,61.549857900
3505,61.346161726919,61.573516500
3506,61.363664198168,61.596438900
3507,61.381166669417,61.619794600
3508,61.398669140665,61.643001200
3509,61.416171611914,61.665834100
3510,61.433674083163,61.689711400
3511,61.451176554412,61.712795300
3512,61.468679025660,61.735736500
3513,61.486181496909,61.750085300
3514,61.503683968158,61.776817600
3515,61.521186439407,61.800805700
3516,61.538688910656,61.824639700
3517,61.556191381904,61.846524700
3518,61.573693853153,61.868606200
3519,61.591196324402,61.891470800
3520,61.608698795651,61.914522500
3521,61.626201266899,61.937466700
3522,61.643703738148,61.959503700
3523,61.661206209397,61.981432800
3524,61.678708680646,62.004128000
3525,61.696211151894,62.026073700
3526,61.713713623143,62.048182400
3527,61.731216094392,62.070482400
3528,61.748718565641,62.092443900
3529,61.766221036889,62.114182000
3530,61.783723508138,62.136325900
3531,61.801225979387,62.158042200
3532,61.818728450636,62.179853600
3533,61.836230921885,62.202225200
3534,61.853733393133,62.224834800
3535,61.871235864382,62.246951000
3536,61.888738335631,62.268954200
3537,61.906240806880,62.291179100
3538,61.923743278128,62.312989100
3539,61.941245749377,62.334761000
3540,61.958748220626,62.356762700
3541,61.976250691875,62.380258800
3542,61.993753163123,62.401737900
3543,62.011255634372,62.415905400
3544,62.028758105621,62.442170500
3545,62.046260576870,62.463752800
3546,62.063763048118,62.485737400
3547,62.081265519367,62.507959900
3548,62.098767990616,62.529359900
3549,62.116270461865,62.550806900
3550,62.133772933114,62.573325100
3551,62.151275404362,62.595350200
3552,62.168777875611,62.616879200
3553,62.186280346860,62.638484500
3554,62.203782818109,62.660093400
3555,62.221285289357,62.681732100
3556,62.238787760606,62.702941500
3557,62.256290231855,62.724315500
3558,62.273792703104,62.746786900
3559,62.291295174352,62.767951200
3560,62.308797645601,62.789807000
3561,62.326300116850,62.811748900
3562,62.343802588099,62.833320900
3563,62.361305059347,62.854817600
3564,62.378807530596,62.876430400
3565,62.396310001845,62.897820500
3566,62.413812473094,62.919128400
3567,62.431314944343,62.942089200
3568,62.448817415591,62.956076900
3569,62.466319886840,62.981128900
3570,62.483822358089,63.002625600
3571,62.501324829338,63.024106000
3572,62.518827300586,63.045280500
3573,62.536329771835,63.066563900
3574,62.553832243084,63.087299200
3575,62.571334714333,63.108827500
3576,62.588837185581,63.129928700
3577,62.606339656830,63.151056500
3578,62.623842128079,63.172528700
3579,62.641344599328,63.193734500
3580,62.658847070576,63.214973200
3581,62.676349541825,63.235472200
3582,62.693852013074,63.256758800
3583,62.711354484323,63.277828000
3584,62.728856955572,63.298536900
3585,62.746359426820,63.319144800
3586,62.763861898069,63.339912000
3587,62.781364369318,63.360685400
3588,62.798866840567,63.381096100
3589,62.816369311815,63.401324900
3590,62.833871783064,63.421874800
3591,62.851374254313,63.442893800
3592,62.868876725562,63.463687700
3593,62.886379196810,63.484612400
3594,62.903881668059,63.504776400
3595,62.921384139308,63.525007300
3596,62.938886610557,63.545091800
3597,62.956389081805,63.567622900
3598,62.973891553054,63.587871800
3599,62.991394024303,63.608393300
3600,63.008896495552,63.628972500
3601,63.026398966801,63.650478900
3602,63.043901438049,63.670467600
3603,63.061403909298,63.690437300
3604,63.078906380547,63.711122100
3605,63.096408851796,63.731458300
3606,63.113911323044,63.751432200
3607,63.131413794293,63.771785300
3608,63.148916265542,63.792089000
3609,63.166418736791,63.811984000
3610,63.183921208039,63.831748500
3611,63.201423679288,63.851746700
3612,63.218926150537,63.872063000
3613,63.236428621786,63.891935300
3614,63.253931093034,63.912117600
3615,63.271433564283,63.932219300
3616,63.288936035532,63.952578100
3617,63.306438506781,63.973165900
3618,63.323940978030,63.993807700
3619,63.341443449278,64.014205000
3620,63.358945920527,64.034268400
3621,63.376448391776,64.054782400
3622,63.393950863025,64.075069900
3623,63.411453334273,64.095669000
3624,63.428955805522,64.116145900
3625,63.446458276771,64.136619700
3626,63.463960748020,64.157417800
3627,63.481463219268,64.178026800
3628,63.498965690517,64.198899700
3629,63.516468161766,64.219058500
3630,63.533970633015,64.238824800
3631,63.551473104263,64.258643700
3632,63.568975575512,64.279513600
3633,63.586478046761,64.299727300
3634,63.603980518010,64.320522600
3635,63.621482989259,64.340595100
3636,63.638985460507,64.360185100
3637,63.656487931756,64.380148700
3638,63.673990403005,64.399878800
3639,63.691492874254,64.419400600
3640,63.708995345502,64.439301600
3641,63.726497816751,64.458913300
3642,63.744000288000,64.478532300
3643,63.761502759249,64.498557400
3644,63.779005230497,64.519125400
3645,63.796507701746,64.538733900
3646,63.814010172995,64.558544000
3647,63.831512644244,64.578986100
3648,63.849015115492,64.598581400
3649,63.866517586741,64.619313500
3650,63.884020057990,64.639053700
3651,63.901522529239,64.652965500
3652,63.919025000487,64.676112400
3653,63.936527471736,64.695669800
3654,63.954029942985,64.715170900
3655,63.971532414234,64.735021700
3656,63.989034885483,64.754648100
3657,64.006537356731,64.775270200
3658,64.024039827980,64.796179100
3659,64.041542299229,64.816323800
3660,64.059044770478,64.836753400
3661,64.076547241726,64.857822300
3662,64.094049712975,64.877735800
3663,64.111552184224,64.898070500
3664,64.129054655473,64.918378700
3665,64.146557126721,64.938254700
3666,64.164059597970,64.958302500
3667,64.181562069219,64.977994600
3668,64.199064540468,64.997832400
3669,64.216567011716,65.017995400
3670,64.234069482965,65.037797800
3671,64.251571954214,65.057600000
3672,64.269074425463,65.077157400
3673,64.286576896712,65.097146500
3674,64.304079367960,65.116563900
3675,64.321581839209,65.136234600
3676,64.339084310458,65.156308000
3677,64.356586781707,65.175869800
3678,64.374089252955,65.197847600
3679,64.391591724204,65.218342300
3680,64.409094195453,65.238073300
3681,64.426596666702,65.257618300
3682,64.444099137950,65.276634900
3683,64.461601609199,65.299378900
3684,64.479104080448,65.319169500
3685,64.496606551697,65.338658800
3686,64.514109022945,65.358239600
3687,64.531611494194,65.378541700
3688,64.549113965443,65.397918000
3689,64.566616436692,65.417131200
3690,64.584118907941,65.436331300
3691,64.601621379189,65.455488200
3692,64.619123850438,65.474869500
3693,64.636626321687,65.494453000
3694,64.654128792936,65.514288200
3695,64.671631264184,65.533999900
3696,64.689133735433,65.553368400
3697,64.706636206682,65.573316400
3698,64.724138677931,65.592763900
3699,64.741641149179,65.612208500
3700,64.759143620428,65.632535500
3701,64.776646091677,65.652218800
3702,64.794148562926,65.671513500
3703,64.811651034174,65.690614300
3704,64.829153505423,65.710081000
3705,64.846655976672,65.729861700
3706,64.864158447921,65.749686300
3707,64.881660919170,65.769441400
3708,64.899163390418,65.789649600
3709,64.916665861667,65.809834700
3710,64.934168332916,65.829617700
3711,64.951670804165,65.849310800
3712,64.969173275413,65.869172400
3713,64.986675746662,65.888642300
3714,65.004178217911,65.908277700
3715,65.021680689160,65.922725000
3716,65.039183160408,65.945841300
3717,65.056685631657,65.965249800
3718,65.074188102906,65.984275700
3719,65.091690574155,66.003408100
3720,65.109193045403,66.023139800
3721,65.126695516652,66.044206400
3722,65.144197987901,66.064475100
3723,65.161700459150,66.083723400
3724,65.179202930399,66.103311300
3725,65.196705401647,66.122187300
3726,65.214207872896,66.141882500
3727,65.231710344145,66.160998100
3728,65.249212815394,66.181256300
3729,65.266715286642,66.200707600
3730,65.284217757891,66.220094300
3731,65.301720229140,66.239432300
3732,65.319222700389,66.258432300
3733,65.336725171637,66.277844900
3734,65.354227642886,66.297065500
3735,65.371730114135,66.319144700
3736,65.389232585384,66.338626600
3737,65.406735056632,66.357735400
3738,65.424237527881,66.377216700
3739,65.441739999130,66.396531700
3740,65.459242470379,66.415708200
3741,65.476744941628,66.434697200
3742,65.494247412876,66.454185300
3743,65.511749884125,66.474359300
3744,65.529252355374,66.494525500
3745,65.546754826623,66.514295000
3746,65.564257297871,66.534497200
3747,65.581759769120,66.553988300
3748,65.599262240369,66.574575400
3749,65.616764711618,66.596197200
3750,65.634267182866,66.615949400
3751,65.651769654115,66.635757100
3752,65.669272125364,66.655228900
3753,65.686774596613,66.674416500
3754,65.704277067861,66.693336800
3755,65.721779539110,66.712621100
3756,65.739282010359,66.731531000
3757,65.756784481608,66.750565000
3758,65.774286952857,66.770539700
3759,65.791789424105,66.790559800
3760,65.809291895354,66.811254700
3761,65.826794366603,66.830591000
3762,65.844296837852,66.850175100
3763,65.861799309100,66.869911200
3764,65.879301780349,66.890139700
3765,65.896804251598,66.911115000
3766,65.914306722847,66.930566300
3767,65.931809194095,66.949899600
3768,65.949311665344,66.969492300
3769,65.966814136593,66.989446400
3770,65.984316607842,67.008783000
3771,66.001819079090,67.028276400
3772,66.019321550339,67.048845500
3773,66.036824021588,67.068740400
3774,66.054326492837,67.088419900
3775,66.071828964086,67.108739600
3776,66.089331435334,67.128415500
3777,66.106833906583,67.147903600
3778,66.124336377832,67.167013200
3779,66.141838849081,67.187039600
3780,66.159341320329,67.207534200
3781,66.176843791578,67.228778300
3782,66.194346262827,67.248602300
3783,66.211848734076,67.268132400
3784,66.229351205324,67.287657900
3785,66.246853676573,67.307226200
3786,66.264356147822,67.326849800
3787,66.281858619071,67.347396300
3788,66.299361090319,67.367034000
3789,66.316863561568,67.386361900
3790,66.334366032817,67.406140500
3791,66.351868504066,67.426278400
3792,66.369370975315,67.445955900
3793,66.386873446563,67.466093500
3794,66.404375917812,67.486263000
3795,66.421878389061,67.506134500
3796,66.439380860310,67.527258000
3797,66.456883331558,67.546881100
3798,66.474385802807,67.567246400
3799,66.491888274056,67.586855200
3800,66.509390745305,67.606382500
3801,66.526893216553,67.621658000
3802,66.544395687802,67.643611200
3803,66.561898159051,67.663235000
3804,66.579400630300,67.683568000
3805,66.596903101548,67.703970100
3806,66.614405572797,67.724428300
3807,66.631908044046,67.743809700
3808,66.649410515295,67.760122000
3809,66.666912986544,67.782192400
3810,66.684415457792,67.801849800
3811,66.701917929041,67.822029100
3812,66.719420400290,67.841841200
3813,66.736922871539,67.862244200
3814,66.754425342787,67.883762900
3815,66.771927814036,67.904130000
3816,66.789430285285,67.924649400
3817,66.806932756534,67.944923200
3818,66.824435227782,67.965332400
3819,66.841937699031,67.985579800
3820,66.859440170280,68.005931400
3821,66.876942641529,68.025755600
3822,66.894445112777,68.046262300
3823,66.911947584026,68.066817400
3824,66.929450055275,68.086878800
3825,66.946952526524,68.106845600
3826,66.964454997772,68.126982100
3827,66.981957469021,68.148222300
3828,66.999459940270,68.169043300
3829,67.016962411519,68.189305900
3830,67.034464882768,68.209521300
3831,67.051967354016,68.229787900
3832,67.069469825265,68.250379600
3833,67.086972296514,68.270680500
3834,67.104474767763,68.290830000
3835,67.121977239011,68.310903100
3836,67.139479710260,68.331247400
3837,67.156982181509,68.352309300
3838,67.174484652758,68.372765900
3839,67.191987124006,68.393458300
3840,67.209489595255,68.413930500
3841,67.226992066504,68.436312500
3842,67.244494537753,68.456508300
3843,67.261997009001,68.477834300
3844,67.279499480250,68.498559100
3845,67.297001951499,68.519559100
3846,67.314504422748,68.539733800
3847,67.332006893997,68.560377100
3848,67.349509365245,68.581296400
3849,67.367011836494,68.602434400
3850,67.384514307743,68.623394700
3851,67.402016778992,68.644000800
3852,67.419519250240,68.664442800
3853,67.437021721489,68.685541500
3854,67.454524192738,68.706390700
3855,67.472026663987,68.727316400
3856,67.489529135235,68.747976500
3857,67.507031606484,68.768792000
3858,67.524534077733,68.789672200
3859,67.542036548982,68.810062200
3860,67.559539020230,68.830702200
3861,67.577041491479,68.851992700
3862,67.594543962728,68.874132200
3863,67.612046433977,68.895307200
3864,67.629548905226,68.916104900
3865,67.647051376474,68.936732900
3866,67.664553847723,68.957319200
3867,67.682056318972,68.977854400
3868,67.699558790221,68.998108200
3869,67.717061261469,69.019150500
3870,67.734563732718,69.040156800
3871,67.752066203967,69.061959300
3872,67.769568675216,69.082711200
3873,67.787071146464,69.103687200
3874,67.804573617713,69.123995900
3875,67.822076088962,69.144616300
3876,67.839578560211,69.165261600
3877,67.857081031459,69.186511300
3878,67.874583502708,69.207687500
3879,67.892085973957,69.229088500
3880,67.909588445206,69.249768200
3881,67.927090916455,69.270407800
3882,67.944593387703,69.291364400
3883,67.962095858952,69.312534700
3884,67.979598330201,69.334135800
3885,67.997100801450,69.354535800
3886,68.014603272698,69.374778200
3887,68.032105743947,69.395183800
3888,68.049608215196,69.417066700
3889,68.067110686445,69.437722700
3890,68.084613157693,69.457795200
3891,68.102115628942,69.478769900
3892,68.119618100191,69.500017500
3893,68.137120571440,69.520654300
3894,68.154623042688,69.540836800
3895,68.172125513937,69.562187100
3896,68.189627985186,69.582589000
3897,68.207130456435,69.602885300
3898,68.224632927684,69.623614200
3899,68.242135398932,69.643896100
3900,68.259637870181,69.663975400
3901,68.277140341430,69.686642900
3902,68.294642812679,69.707208000
3903,68.312145283927,69.727289200
3904,68.329647755176,69.747332700
3905,68.347150226425,69.768230200
3906,68.364652697674,69.788862900
3907,68.382155168922,69.809293600
3908,68.399657640171,69.829201400
3909,68.417160111420,69.849614500
3910,68.434662582669,69.869585500
3911,68.452165053917,69.883566700
3912,68.469667525166,69.910384000
3913,68.487169996415,69.930769500
3914,68.504672467664,69.950984300
3915,68.522174938913,69.971333300
3916,68.539677410161,69.991895800
3917,68.557179881410,70.012462500
3918,68.574682352659,70.034700700
3919,68.592184823908,70.055426400
3920,68.609687295156,70.077122600
3921,68.627189766405,70.098037100
3922,68.644692237654,70.117894800
3923,68.662194708903,70.138372900
3924,68.679697180151,70.158833400
3925,68.697199651400,70.179131800
3926,68.714702122649,70.200131000
3927,68.732204593898,70.220652900
3928,68.749707065146,70.240756200
3929,68.767209536395,70.260889100
3930,68.784712007644,70.281390500
3931,68.802214478893,70.301347800
3932,68.819716950142,70.321346200
3933,68.837219421390,70.341270300
3934,68.854721892639,70.361835800
3935,68.872224363888,70.382020900
3936,68.889726835137,70.401881800
3937,68.907229306385,70.422077800
3938,68.924731777634,70.442544200
3939,68.942234248883,70.462163000
3940,68.959736720132,70.482680300
3941,68.977239191380,70.502866400
3942,68.994741662629,70.523053800
3943,69.012244133878,70.543466600
3944,69.029746605127,70.564690300
3945,69.047249076375,70.585310000
3946,69.064751547624,70.606424500
3947,69.082254018873,70.627404100
3948,69.099756490122,70.647464100
3949,69.117258961371,70.667378300
3950,69.134761432619,70.687380800
3951,69.152263903868,70.707255800
3952,69.169766375117,70.727554200
3953,69.187268846366,70.747411300
3954,69.204771317614,70.767719500
3955,69.222273788863,70.787737000
3956,69.239776260112,70.807483200
3957,69.257278731361,70.827397000
3958,69.274781202609,70.847174400
3959,69.292283673858,70.867705400
3960,69.309786145107,70.887855200
3961,69.327288616356,70.909834300
3962,69.344791087604,70.930790300
3963,69.362293558853,70.950981500
3964,69.379796030102,70.971014400
3965,69.397298501351,70.991066600
3966,69.414800972600,71.011557800
3967,69.432303443848,71.031691900
3968,69.449805915097,71.051786600
3969,69.467308386346,71.071932700
3970,69.484810857595,71.092412100
3971,69.502313328843,71.112961100
3972,69.519815800092,71.134262500
3973,69.537318271341,71.154178600
3974,69.554820742590,71.173859100
3975,69.572323213838,71.194841600
3976,69.589825685087,71.215114400
3977,69.607328156336,71.235395600
3978,69.624830627585,71.255735700
3979,69.642333098833,71.275347600
3980,69.659835570082,71.295118600
3981,69.677338041331,71.314869600
3982,69.694840512580,71.334298600
3983,69.712342983829,71.354005700
3984,69.729845455077,71.373780600
3985,69.747347926326,71.393214800
3986,69.764850397575,71.413174000
3987,69.782352868824,71.433248600
3988,69.799855340072,71.453202700
3989,69.817357811321,71.472595900
3990,69.834860282570,71.491948800
3991,69.852362753819,71.511568200
3992,69.869865225067,71.531343500
3993,69.887367696316,71.551256300
3994,69.904870167565,71.572480100
3995,69.922372638814,71.594078400
3996,69.939875110062,71.614048500
3997,69.957377581311,71.634097900
3998,69.974880052560,71.654202400
3999,69.992382523809,71.674549000
4000,70.009884995058,71.694514200
4001,70.027387466306,71.714106700
4002,70.044889937555,71.734119200
4003,70.062392408804,71.753676100
4004,70.079894880053,71.773960300
4005,70.097397351301,71.793515700
4006,70.114899822550,71.813670600
4007,70.132402293799,71.833569500
4008,70.149904765048,71.853471800
4009,70.167407236296,71.874229300
4010,70.184909707545,71.893970900
4011,70.202412178794,71.913404800
4012,70.219914650043,71.934197300
4013,70.237417121291,71.954536000
4014,70.254919592540,71.974267100
4015,70.272422063789,71.993804900
4016,70.289924535038,72.013378800
4017,70.307427006286,72.033491200
4018,70.324929477535,72.053289600
4019,70.342431948784,72.074192500
4020,70.359934420033,72.095171200
4021,70.377436891282,72.117147500
4022,70.394939362530,72.137074600
4023,70.412441833779,72.157418700
4024,70.429944305028,72.178183700
4025,70.447446776277,72.197535900
4026,70.464949247525,72.217388700
4027,70.482451718774,72.238215200
4028,70.499954190023,72.258007200
4029,70.517456661272,72.277579500
4030,70.534959132520,72.297129600
4031,70.552461603769,72.316849100
4032,70.569964075018,72.336464100
4033,70.587466546267,72.355853000
4034,70.604969017515,72.376370000
4035,70.622471488764,72.396200500
4036,70.639973960013,72.415698800
4037,70.657476431262,72.435765800
4038,70.674978902511,72.455986100
4039,70.692481373759,72.475405700
4040,70.709983845008,72.494517900
4041,70.727486316257,72.513733700
4042,70.744988787506,72.533022200
4043,70.762491258754,72.551943000
4044,70.779993730003,72.571277600
4045,70.797496201252,72.591086500
4046,70.814998672501,72.610781600
4047,70.832501143749,72.632045300
4048,70.850003614998,72.651134400
4049,70.867506086247,72.670522200
4050,70.885008557496,72.690035000
4051,70.902511028744,72.709506700
4052,70.920013499993,72.730722600
4053,70.937515971242,72.750007900
4054,70.955018442491,72.769431800
4055,70.972520913740,72.788796700
4056,70.990023384988,72.808636000
4057,71.007525856237,72.828207200
4058,71.025028327486,72.847766000
4059,71.042530798735,72.867175800
4060,71.060033269983,72.886451800
4061,71.077535741232,72.905817400
4062,71.095038212481,72.925447900
4063,71.112540683730,72.945200000
4064,71.130043154978,72.964706700
4065,71.147545626227,72.984500300
4066,71.165048097476,73.003692800
4067,71.182550568725,73.023271400
4068,71.200053039973,73.042258700
4069,71.217555511222,73.061790200
4070,71.235057982471,73.081335300
4071,71.252560453720,73.101963200
4072,71.270062924969,73.122510400
4073,71.287565396217,73.141888600
4074,71.305067867466,73.161650300
4075,71.322570338715,73.180826400
4076,71.340072809964,73.201980500
4077,71.357575281212,73.221865100
4078,71.375077752461,73.241448900
4079,71.392580223710,73.260742800
4080,71.410082694959,73.279773300
4081,71.427585166207,73.301022200
4082,71.445087637456,73.320096300
4083,71.462590108705,73.339124800
4084,71.480092579954,73.358087400
4085,71.497595051202,73.377390600
4086,71.515097522451,73.396747900
4087,71.532599993700,73.416115100
4088,71.550102464949,73.435067900
4089,71.567604936198,73.456014500
4090,71.585107407446,73.475201200
4091,71.602609878695,73.494320900
4092,71.620112349944,73.514015900
4093,71.637614821193,73.533305900
4094,71.655117292441,73.553095800
4095,71.672619763690,73.572918800
4096,71.690122234939,73.592619900
4097,71.707624706188,73.612949200
4098,71.725127177436,73.633275000
4099,71.742629648685,73.653893600
4100,71.760132119934,73.675030500
4101,71.777634591183,73.694778100
4102,71.795137062431,73.713983800
4103,71.812639533680,73.733012100
4104,71.830142004929,73.752291500
4105,71.847644476178,73.771406900
4106,71.865146947427,73.792083200
4107,71.882649418675,73.811070300
4108,71.900151889924,73.829861200
4109,71.917654361173,73.848752900
4110,71.935156832422,73.868650900
4111,71.952659303670,73.887955200
4112,71.970161774919,73.908264500
4113,71.987664246168,73.927453900
4114,72.005166717417,73.946955200
4115,72.022669188665,73.966454700
4116,72.040171659914,73.987281800
4117,72.057674131163,74.006589300
4118,72.075176602412,74.025492800
4119,72.092679073660,74.044581300
4120,72.110181544909,74.063672400
4121,72.127684016158,74.082639400
4122,72.145186487407,74.101979000
4123,72.162688958656,74.121219600
4124,72.180191429904,74.141289400
4125,72.197693901153,74.160279900
4126,72.215196372402,74.179353200
4127,72.232698843651,74.198590000
4128,72.250201314899,74.217922600
4129,72.267703786148,74.237413500
4130,72.285206257397,74.256456200
4131,72.302708728646,74.276204000
4132,72.320211199894,74.295336700
4133,72.337713671143,74.315674200
4134,72.355216142392,74.329655700
4135,72.372718613641,74.352478600
4136,72.390221084889,74.366697000
4137,72.407723556138,74.388745500
4138,72.425226027387,74.403096600
4139,72.442728498636,74.425375600
4140,72.460230969885,74.439664300
4141,72.477733441133,74.462289200
4142,72.495235912382,74.481747800
4143,72.512738383631,74.501292600
4144,72.530240854880,74.521731300
4145,72.547743326128,74.541640300
4146,72.565245797377,74.561802300
4147,72.582748268626,74.582997100
4148,72.600250739875,74.602373300
4149,72.617753211123,74.622404500
4150,72.635255682372,74.642633400
4151,72.652758153621,74.662816800
4152,72.670260624870,74.682424000
4153,72.687763096118,74.702204500
4154,72.705265567367,74.722419300
4155,72.722768038616,74.742563500
4156,72.740270509865,74.764199700
4157,72.757772981114,74.784234200
4158,72.775275452362,74.804256200
4159,72.792777923611,74.823885200
4160,72.810280394860,74.843249300
4161,72.827782866109,74.863131600
4162,72.845285337357,74.882783400
4163,72.862787808606,74.902668800
4164,72.880290279855,74.922664400
4165,72.897792751104,74.942238200
4166,72.915295222352,74.963656000
4167,72.932797693601,74.983915300
4168,72.950300164850,75.004543600
4169,72.967802636099,75.025451700
4170,72.985305107347,75.046120300
4171,73.002807578596,75.066267600
4172,73.020310049845,75.086227900
4173,73.037812521094,75.105906500
4174,73.055314992343,75.126774200
4175,73.072817463591,75.147550700
4176,73.090319934840,75.167827400
4177,73.107822406089,75.187948400
4178,73.125324877338,75.208381800
4179,73.142827348586,75.228763900
4180,73.160329819835,75.248937200
4181,73.177832291084,75.269833100
4182,73.195334762333,75.290329200
4183,73.212837233581,75.311114900
4184,73.230339704830,75.331877600
4185,73.247842176079,75.352591400
4186,73.265344647328,75.373589600
4187,73.282847118576,75.394929600
4188,73.300349589825,75.416394700
4189,73.317852061074,75.437639100
4190,73.335354532323,75.458796400
4191,73.352857003572,75.479669800
4192,73.370359474820,75.500824900
4193,73.387861946069,75.522217400
4194,73.405364417318,75.544584600
4195,73.422866888567,75.565987000
4196,73.440369359815,75.587654400
4197,73.457871831064,75.609296700
4198,73.475374302313,75.630982100
4199,73.492876773562,75.652365900
4200,73.510379244810,75.673889900
4201,73.527881716059,75.698232900
4202,73.545384187308,75.720240100
4203,73.562886658557,75.743415100
4204,73.580389129805,75.765608300
4205,73.597891601054,75.786838000
4206,73.615394072303,75.800860200
4207,73.632896543552,75.826099900
4208,73.650399014800,75.847693000
4209,73.667901486049,75.868947900
4210,73.685403957298,75.891174400
4211,73.702906428547,75.912965500
4212,73.720408899796,75.934937200
4213,73.737911371044,75.957158800
4214,73.755413842293,75.979116300
4215,73.772916313542,76.001427100
4216,73.790418784791,76.024028300
4217,73.807921256039,76.045721600
4218,73.825423727288,76.067727100
4219,73.842926198537,76.089248500
4220,73.860428669786,76.110805600
4221,73.877931141034,76.132828700
4222,73.895433612283,76.154775800
4223,73.912936083532,76.176136900
4224,73.930438554781,76.197821800
4225,73.947941026029,76.219381300
4226,73.965443497278,76.240671000
4227,73.982945968527,76.262062900
4228,74.000448439776,76.284419400
4229,74.017950911025,76.306052100
4230,74.035453382273,76.327556200
4231,74.052955853522,76.349194200
4232,74.070458324771,76.371013700
4233,74.087960796020,76.392630300
4234,74.105463267268,76.414341000
4235,74.122965738517,76.436764000
4236,74.140468209766,76.458310500
4237,74.157970681015,76.480041700
4238,74.175473152263,76.502132200
4239,74.192975623512,76.524074500
4240,74.210478094761,76.545868000
4241,74.227980566010,76.568284500
4242,74.245483037258,76.590049700
4243,74.262985508507,76.604502300
4244,74.280487979756,76.629890000
4245,74.297990451005,76.651501200
4246,74.315492922254,76.673300400
4247,74.332995393502,76.696213400
4248,74.350497864751,76.717897600
4249,74.368000336000,76.739942900
4250,74.385502807249,76.762062900
4251,74.403005278497,76.784329600
4252,74.420507749746,76.806342600
4253,74.438010220995,76.828873500
4254,74.455512692244,76.851060100
4255,74.473015163492,76.873371000
4256,74.490517634741,76.895420500
4257,74.508020105990,76.917893300
4258,74.525522577239,76.940276900
4259,74.543025048487,76.962729000
4260,74.560527519736,76.985009100
4261,74.578029990985,77.009885100
4262,74.595532462234,77.032733600
4263,74.613034933483,77.055747700
4264,74.630537404731,77.078779200
4265,74.648039875980,77.101786600
4266,74.665542347229,77.125036200
4267,74.683044818478,77.148059700
4268,74.700547289726,77.162550900
4269,74.718049760975,77.189349100
4270,74.735552232224,77.213057500
4271,74.753054703473,77.236104700
4272,74.770557174721,77.259247100
4273,74.788059645970,77.282321800
4274,74.805562117219,77.305412200
4275,74.823064588468,77.328049800
4276,74.840567059716,77.350634400
4277,74.858069530965,77.373180400
4278,74.875572002214,77.395896800
4279,74.893074473463,77.418785600
4280,74.910576944712,77.441903800
4281,74.928079415960,77.465021100
4282,74.945581887209,77.488265200
4283,74.963084358458,77.511160100
4284,74.980586829707,77.533556200
4285,74.998089300955,77.556254500
4286,75.015591772204,77.578838600
4287,75.033094243453,77.601467100
4288,75.050596714702,77.624766500
4289,75.068099185950,77.647295300
4290,75.085601657199,77.670311500
4291,75.103104128448,77.694413400
4292,75.120606599697,77.717630000
4293,75.138109070945,77.740719600
4294,75.155611542194,77.763879100
4295,75.173114013443,77.787387300
4296,75.190616484692,77.810596200
4297,75.208118955941,77.833704000
4298,75.225621427189,77.856814700
4299,75.243123898438,77.880067100
4300,75.260626369687,77.902860800
4301,75.278128840936,77.924831200
4302,75.295631312184,77.946741600
4303,75.313133783433,77.969293100
4304,75.330636254682,77.992074900
4305,75.348138725931,78.014044000
4306,75.365641197179,78.036245900
4307,75.383143668428,78.058853400
4308,75.400646139677,78.082365100
4309,75.418148610926,78.105226000
4310,75.435651082174,78.127806900
4311,75.453153553423,78.150024300
4312,75.470656024672,78.172059900
4313,75.488158495921,78.194253000
4314,75.505660967170,78.216751600
4315,75.523163438418,78.239348800
4316,75.540665909667,78.261893700
4317,75.558168380916,78.284140100
4318,75.575670852165,78.306876300
4319,75.593173323413,78.328934400
4320,75.610675794662,78.351122100
4321,75.628178265911,78.375183100
4322,75.645680737160,78.397567600
4323,75.663183208408,78.419472400
4324,75.680685679657,78.441056100
4325,75.698188150906,78.462531800
4326,75.715690622155,78.484619700
4327,75.733193093403,78.506541100
4328,75.750695564652,78.528247500
4329,75.768198035901,78.550336800
4330,75.785700507150,78.573182700
4331,75.803202978399,78.594862300
4332,75.820705449647,78.616517300
4333,75.838207920896,78.638525400
4334,75.855710392145,78.659917600
4335,75.873212863394,78.681364000
4336,75.890715334642,78.703290000
4337,75.908217805891,78.725423200
4338,75.925720277140,78.746716900
4339,75.943222748389,78.768191900
4340,75.960725219637,78.789876200
4341,75.978227690886,78.811005200
4342,75.995730162135,78.832099200
4343,76.013232633384,78.853586000
4344,76.030735104632,78.875119400
4345,76.048237575881,78.896051000
4346,76.065740047130,78.917065300
4347,76.083242518379,78.937996400
4348,76.100744989628,78.958316200
4349,76.118247460876,78.978956800
4350,76.135749932125,78.999610000
4351,76.153252403374,79.020833800
4352,76.170754874623,79.041389800
4353,76.188257345871,79.062752500
4354,76.205759817120,79.085486600
4355,76.223262288369,79.107804700
4356,76.240764759618,79.128335200
4357,76.258267230866,79.148867000
4358,76.275769702115,79.169654000
4359,76.293272173364,79.189955300
4360,76.310774644613,79.210224800
4361,76.328277115861,79.232143100
4362,76.345779587110,79.252496700
4363,76.363282058359,79.272730800
4364,76.380784529608,79.292886000
4365,76.398287000856,79.312845200
4366,76.415789472105,79.332755900
4367,76.433291943354,79.352947700
4368,76.450794414603,79.373307800
4369,76.468296885852,79.393190000
4370,76.485799357100,79.412951300
4371,76.503301828349,79.433083500
4372,76.520804299598,79.453308900
4373,76.538306770847,79.473421800
4374,76.555809242095,79.493228300
4375,76.573311713344,79.513350400
4376,76.590814184593,79.533058400
4377,76.608316655842,79.553056800
4378,76.625819127090,79.573396500
4379,76.643321598339,79.594280300
4380,76.660824069588,79.615270200
4381,76.678326540837,79.636169700
4382,76.695829012085,79.656331200
4383,76.713331483334,79.676320200
4384,76.730833954583,79.695860800
4385,76.748336425832,79.715557900
4386,76.765838897081,79.735722900
4387,76.783341368329,79.756774200
4388,76.800843839578,79.776348000
4389,76.818346310827,79.796441400
4390,76.835848782076,79.816214100
4391,76.853351253324,79.835733400
4392,76.870853724573,79.855251300
4393,76.888356195822,79.875057100
4394,76.905858667071,79.895807300
4395,76.923361138319,79.915901000
4396,76.940863609568,79.936803800
4397,76.958366080817,79.956870700
4398,76.975868552066,79.976692300
4399,76.993371023314,79.996514900
4400,77.010873494563,80.016523800
4401,77.028375965812,80.036623700
4402,77.045878437061,80.057086500
4403,77.063380908310,80.077262700
4404,77.080883379558,80.097568000
4405,77.098385850807,80.118025600
4406,77.115888322056,80.138015900
4407,77.133390793305,80.158397900
4408,77.150893264553,80.179171100
4409,77.168395735802,80.199478200
4410,77.185898207051,80.219846200
4411,77.203400678300,80.240063800
4412,77.220903149548,80.262252500
4413,77.238405620797,80.283219200
4414,77.255908092046,80.303249800
4415,77.273410563295,80.323103600
4416,77.290913034543,80.342769800
4417,77.308415505792,80.362724000
4418,77.325917977041,80.382571900
4419,77.343420448290,80.402307600
4420,77.360922919539,80.422039800
4421,77.378425390787,80.441992700
4422,77.395927862036,80.461956600
4423,77.413430333285,80.481884300
4424,77.430932804534,80.501650600
4425,77.448435275782,80.522763100
4426,77.465937747031,80.542233700
4427,77.483440218280,80.561894900
4428,77.500942689529,80.581499200
4429,77.518445160777,80.601719800
4430,77.535947632026,80.622993300
4431,77.553450103275,80.642056200
4432,77.570952574524,80.662401300
4433,77.588455045772,80.682560300
4434,77.605957517021,80.702114300
4435,77.623459988270,80.723353000
4436,77.640962459519,80.743056800
4437,77.658464930768,80.762135600
4438,77.675967402016,80.782660500
4439,77.693469873265,80.802401100
4440,77.710972344514,80.821997400
4441,77.728474815763,80.843570200
4442,77.745977287011,80.862840400
4443,77.763479758260,80.882696100
4444,77.780982229509,80.901977800
4445,77.798484700758,80.922141200
4446,77.815987172006,80.941487700
4447,77.833489643255,80.960988100
4448,77.850992114504,80.980460600
4449,77.868494585753,80.999753200
4450,77.885997057001,81.019562300
4451,77.903499528250,81.038980100
4452,77.921001999499,81.059299300
4453,77.938504470748,81.078446600
4454,77.956006941997,81.097727700
4455,77.973509413245,81.117467700
4456,77.991011884494,81.137877300
4457,78.008514355743,81.157734800
4458,78.026016826992,81.176940900
4459,78.043519298240,81.196281000
4460,78.061021769489,81.215963000
4461,78.078524240738,81.236307800
4462,78.096026711987,81.255843000
4463,78.113529183235,81.275776200
4464,78.131031654484,81.295908200
4465,78.148534125733,81.315385700
4466,78.166036596982,81.335462200
4467,78.183539068230,81.355197700
4468,78.201041539479,81.374830600
4469,78.218544010728,81.394104700
4470,78.236046481977,81.413290000
4471,78.253548953226,81.432410400
4472,78.271051424474,81.452066700
4473,78.288553895723,81.471875000
4474,78.306056366972,81.491549400
4475,78.323558838221,81.512136900
4476,78.341061309469,81.532269900
4477,78.358563780718,81.551975100
4478,78.376066251967,81.572004400
4479,78.393568723216,81.591805100
4480,78.411071194464,81.612047000
4481,78.428573665713,81.631873400
4482,78.446076136962,81.651430000
4483,78.463578608211,81.671349200
4484,78.481081079459,81.691154300
4485,78.498583550708,81.711776700
4486,78.516086021957,81.731930300
4487,78.533588493206,81.752306800
4488,78.551090964455,81.772632300
4489,78.568593435703,81.793457900
4490,78.586095906952,81.815132300
4491,78.603598378201,81.835252400
4492,78.621100849450,81.856020800
4493,78.638603320698,81.876857600
4494,78.656105791947,81.898127800
4495,78.673608263196,81.918985800
4496,78.691110734445,81.939506600
4497,78.708613205693,81.959809700
4498,78.726115676942,81.980638200
4499,78.743618148191,82.001217300
4500,78.761120619440,82.021831900
4501,78.778623090688,82.044129800
4502,78.796125561937,82.064509600
4503,78.813628033186,82.084822400
4504,78.831130504435,82.105354500
4505,78.848632975684,82.125848600
4506,78.866135446932,82.146854600
4507,78.883637918181,82.167506300
4508,78.901140389430,82.188088000
4509,78.918642860679,82.207803900
4510,78.936145331927,82.221897600
4511,78.953647803176,82.245358800
4512,78.971150274425,82.265849600
4513,78.988652745674,82.286195300
4514,79.006155216922,82.307429200
4515,79.023657688171,82.328704900
4516,79.041160159420,82.349134800
4517,79.058662630669,82.369572200
4518,79.076165101917,82.390371100
4519,79.093667573166,82.410368100
4520,79.111170044415,82.430577100
4521,79.128672515664,82.450948700
4522,79.146174986912,82.471764100
4523,79.163677458161,82.492020700
4524,79.181179929410,82.512213900
4525,79.198682400659,82.532802200
4526,79.216184871908,82.553266400
4527,79.233687343156,82.573395000
4528,79.251189814405,82.593598500
4529,79.268692285654,82.614140000
4530,79.286194756903,82.634195000
4531,79.303697228151,82.655124100
4532,79.321199699400,82.674717700
4533,79.338702170649,82.694782400
4534,79.356204641898,82.715432200
4535,79.373707113146,82.734796600
4536,79.391209584395,82.754911000
4537,79.408712055644,82.774818300
4538,79.426214526893,82.795005300
4539,79.443716998141,82.814391400
4540,79.461219469390,82.834269000
4541,79.478721940639,82.854054100
4542,79.496224411888,82.873741000
4543,79.513726883137,82.893400300
4544,79.531229354385,82.912996500
4545,79.548731825634,82.932534000
4546,79.566234296883,82.952532500
4547,79.583736768132,82.972441200
4548,79.601239239380,82.992699500
4549,79.618741710629,83.012668800
4550,79.636244181878,83.033499700
4551,79.653746653127,83.053386200
4552,79.671249124375,83.073166400
4553,79.688751595624,83.093222800
4554,79.706254066873,83.112733100
4555,79.723756538122,83.132845300
4556,79.741259009370,83.152247600
4557,79.758761480619,83.172164300
4558,79.776263951868,83.191882200
4559,79.793766423117,83.211408200
4560,79.811268894366,83.231129500
4561,79.828771365614,83.252218900
4562,79.846273836863,83.271977200
4563,79.863776308112,83.292738200
4564,79.881278779361,83.312233700
4565,79.898781250609,83.332952500
4566,79.916283721858,83.353009800
4567,79.933786193107,83.372934300
4568,79.951288664356,83.392976500
4569,79.968791135604,83.412437000
4570,79.986293606853,83.432484000
4571,80.003796078102,83.451581400
4572,80.021298549351,83.471227200
4573,80.038801020599,83.490416600
4574,80.056303491848,83.510367300
4575,80.073805963097,83.529503900
4576,80.091308434346,83.549086600
4577,80.108810905595,83.568579100
4578,80.126313376843,83.587931400
4579,80.143815848092,83.607167700
4580,80.161318319341,83.627161300
4581,80.178820790590,83.646770100
4582,80.196323261838,83.666500300
4583,80.213825733087,83.685979500
4584,80.231328204336,83.704950800
4585,80.248830675585,83.724347200
4586,80.266333146833,83.743454400
4587,80.283835618082,83.762782000
4588,80.301338089331,83.782789800
4589,80.318840560580,83.802262400
4590,80.336343031828,83.823511100
4591,80.353845503077,83.842235200
4592,80.371347974326,83.861572400
4593,80.388850445575,83.880753100
4594,80.406352916824,83.900516100
4595,80.423855388072,83.919506400
4596,80.441357859321,83.939030500
4597,80.458860330570,83.957867400
4598,80.476362801819,83.977079600
4599,80.493865273067,83.995851000
4600,80.511367744316,84.014965700
4601,80.528870215565,84.034325200
4602,80.546372686814,84.053485100
4603,80.563875158062,84.072779000
4604,80.581377629311,84.091512900
4605,80.598880100560,84.110198900
4606,80.616382571809,84.129346400
4607,80.633885043057,84.148205800
4608,80.651387514306,84.167238000
4609,80.668889985555,84.187026800
4610,80.686392456804,84.207034500
4611,80.703894928053,84.227613800
4612,80.721397399301,84.247015700
4613,80.738899870550,84.266800700
4614,80.756402341799,84.286157700
4615,80.773904813048,84.305358700
4616,80.791407284296,84.324514500
4617,80.808909755545,84.343758200
4618,80.826412226794,84.362771200
4619,80.843914698043,84.382591800
4620,80.861417169291,84.402218300
4621,80.878919640540,84.423186700
4622,80.896422111789,84.442857300
4623,80.913924583038,84.462542300
4624,80.931427054286,84.481982000
4625,80.948929525535,84.501071200
4626,80.966431996784,84.520397100
4627,80.983934468033,84.539550800
4628,81.001436939282,84.558365100
4629,81.018939410530,84.577709800
4630,81.036441881779,84.597069400
4631,81.053944353028,84.618433800
4632,81.071446824277,84.637343100
4633,81.088949295525,84.656335500
4634,81.106451766774,84.675962000
4635,81.123954238023,84.695507400
4636,81.141456709272,84.714821700
4637,81.158959180520,84.735740100
4638,81.176461651769,84.754538100
4639,81.193964123018,84.773632200
4640,81.211466594267,84.792617300
4641,81.228969065515,84.812772400
4642,81.246471536764,84.831750200
4643,81.263974008013,84.852177500
4644,81.281476479262,84.871795200
4645,81.298978950511,84.891245500
4646,81.316481421759,84.910395600
4647,81.333983893008,84.929817700
4648,81.351486364257,84.949419300
4649,81.368988835506,84.969083700
4650,81.386491306754,84.989323100
4651,81.403993778003,85.009050000
4652,81.421496249252,85.028651900
4653,81.438998720501,85.048023500
4654,81.456501191749,85.067788200
4655,81.474003662998,85.087439900
4656,81.491506134247,85.106970600
4657,81.509008605496,85.126657500
4658,81.526511076744,85.146472300
4659,81.544013547993,85.166085800
4660,81.561516019242,85.185497200
4661,81.579018490491,85.205746000
4662,81.596520961740,85.226706700
4663,81.614023432988,85.246577100
4664,81.631525904237,85.267707100
4665,81.649028375486,85.287623100
4666,81.666530846735,85.307301100
4667,81.684033317983,85.327225200
4668,81.701535789232,85.346864700
4669,81.719038260481,85.368421400
4670,81.736540731730,85.390047000
4671,81.754043202978,85.410744600
4672,81.771545674227,85.430934500
4673,81.789048145476,85.451873200
4674,81.806550616725,85.471873100
4675,81.824053087973,85.491587900
4676,81.841555559222,85.511893600
4677,81.859058030471,85.532427500
4678,81.876560501720,85.552095300
4679,81.894062972969,85.572337100
4680,81.911565444217,85.592543800
4681,81.929067915466,85.614466100
4682,81.946570386715,85.634509200
4683,81.964072857964,85.654494800
4684,81.981575329212,85.674732100
4685,81.999077800461,85.695159100
4686,82.016580271710,85.716013700
4687,82.034082742959,85.736440100
4688,82.051585214207,85.756945000
4689,82.069087685456,85.778137400
4690,82.086590156705,85.798255300
4691,82.104092627954,85.818515500
4692,82.121595099202,85.838769500
4693,82.139097570451,85.858931800
4694,82.156600041700,85.879903200
4695,82.174102512949,85.901344700
4696,82.191604984198,85.922221700
4697,82.209107455446,85.942666300
4698,82.226609926695,85.963306600
4699,82.244112397944,85.984187600
4700,82.261614869193,86.004951900
4701,82.279117340441,86.025713400
4702,82.296619811690,86.046888400
4703,82.314122282939,86.068096200
4704,82.331624754188,86.089278400
4705,82.349127225436,86.111603500
4706,82.366629696685,86.133459900
4707,82.384132167934,86.155409700
4708,82.401634639183,86.178469900
4709,82.419137110431,86.201500600
4710,82.436639581680,86.224465300
4711,82.454142052929,86.247121300
4712,82.471644524178,86.269216000
4713,82.489146995426,86.291608700
4714,82.506649466675,86.315166000
4715,82.524151937924,86.338360700
4716,82.541654409173,86.362401600
4717,82.559156880422,86.385310700
4718,82.576659351670,86.408814400
4719,82.594161822919,86.431865700
4720,82.611664294168,86.454632800
4721,82.629166765417,86.477393700
4722,82.646669236665,86.500120400
4723,82.664171707914,86.522743500
4724,82.681674179163,86.546265500
4725,82.699176650412,86.569602900
4726,82.716679121660,86.593176300
4727,82.734181592909,86.617068200
4728,82.751684064158,86.640052100
4729,82.769186535407,86.663133100
4730,82.786689006655,86.685926800
4731,82.804191477904,86.708732300
4732,82.821693949153,86.731860900
4733,82.839196420402,86.754605700
4734,82.856698891651,86.777953000
4735,82.874201362899,86.801017000
4736,82.891703834148,86.823985700
4737,82.909206305397,86.846559100
4738,82.926708776646,86.869383200
4739,82.944211247894,86.891954500
4740,82.961713719143,86.914919800
4741,82.979216190392,86.939770000
4742,82.996718661641,86.962931400
4743,83.014221132889,86.986525500
4744,83.031723604138,87.009282800
4745,83.049226075387,87.031858300
4746,83.066728546636,87.054146400
4747,83.084231017884,87.076471500
4748,83.101733489133,87.098639400
4749,83.119235960382,87.120683700
4750,83.136738431631,87.143180100
4751,83.154240902880,87.165782400
4752,83.171743374128,87.188698900
4753,83.189245845377,87.210837700
4754,83.206748316626,87.233852800
4755,83.224250787875,87.255884400
4756,83.241753259123,87.278013900
4757,83.259255730372,87.299911400
4758,83.276758201621,87.321819600
4759,83.294260672870,87.344552600
4760,83.311763144118,87.366707900
4761,83.329265615367,87.389098600
4762,83.346768086616,87.411766400
4763,83.364270557865,87.434455800
4764,83.381773029113,87.456465900
4765,83.399275500362,87.478907400
4766,83.416777971611,87.501208300
4767,83.434280442860,87.523741300
4768,83.451782914109,87.545448400
4769,83.469285385357,87.567444200
4770,83.486787856606,87.589383000
4771,83.504290327855,87.611653100
4772,83.521792799104,87.633477700
4773,83.539295270352,87.655070200
4774,83.556797741601,87.677119500
4775,83.574300212850,87.698404600
4776,83.591802684099,87.720452300
4777,83.609305155347,87.742907700
4778,83.626807626596,87.764890800
4779,83.644310097845,87.786151400
4780,83.661812569094,87.807815600
4781,83.679315040342,87.828458200
4782,83.696817511591,87.842962200
4783,83.714319982840,87.868446200
4784,83.731822454089,87.883193100
4785,83.749324925338,87.907056100
4786,83.766827396586,87.928703700
4787,83.784329867835,87.950497900
4788,83.801832339084,87.972060400
4789,83.819334810333,87.992944700
4790,83.836837281581,88.014446700
4791,83.854339752830,88.035609200
4792,83.871842224079,88.057063800
4793,83.889344695328,88.078398900
4794,83.906847166576,88.100682100
4795,83.924349637825,88.122751200
4796,83.941852109074,88.144008700
4797,83.959354580323,88.165903600
4798,83.976857051571,88.187486200
4799,83.994359522820,88.208857800
4800,84.011861994069,88.231065700
4801,84.029364465318,88.254816700
4802,84.046866936567,88.276177700
4803,84.064369407815,88.297519600
4804,84.081871879064,88.318411800
4805,84.099374350313,88.340873200
4806,84.116876821562,88.362237700
4807,84.134379292810,88.383783800
4808,84.151881764059,88.404933600
4809,84.169384235308,88.425916500
4810,84.186886706557,88.447525500
4811,84.204389177805,88.468324800
4812,84.221891649054,88.490413400
4813,84.239394120303,88.511987500
4814,84.256896591552,88.533616900
4815,84.274399062800,88.554714200
4816,84.291901534049,88.576744300
4817,84.309404005298,88.597961500
4818,84.326906476547,88.619405500
4819,84.344408947796,88.641196100
4820,84.361911419044,88.661637300
4821,84.379413890293,88.682383000
4822,84.396916361542,88.702679700
4823,84.414418832791,88.723078100
4824,84.431921304039,88.743494900
4825,84.449423775288,88.764629200
4826,84.466926246537,88.785849000
4827,84.484428717786,88.806351200
4828,84.501931189034,88.826852900
4829,84.519433660283,88.847663100
4830,84.536936131532,88.868220100
4831,84.554438602781,88.889548700
4832,84.571941074029,88.909967500
4833,84.589443545278,88.931311100
4834,84.606946016527,88.953316400
4835,84.624448487776,88.974227400
4836,84.641950959025,88.994422000
4837,84.659453430273,89.015196000
4838,84.676955901522,89.035726200
4839,84.694458372771,89.056181800
4840,84.711960844020,89.076724700
4841,84.729463315268,89.097592400
4842,84.746965786517,89.118559900
4843,84.764468257766,89.139728900
4844,84.781970729015,89.160339500
4845,84.799473200263,89.181314100
4846,84.816975671512,89.202040800
4847,84.834478142761,89.223853800
4848,84.851980614010,89.246119700
4849,84.869483085258,89.267262000
4850,84.886985556507,89.288300000
4851,84.904488027756,89.308956700
4852,84.921990499005,89.330090800
4853,84.939492970254,89.350903200
4854,84.956995441502,89.371232400
4855,84.974497912751,89.391578500
4856,84.992000384000,89.412212000
4857,85.009502855249,89.433138700
4858,85.027005326497,89.453454100
4859,85.044507797746,89.474875900
4860,85.062010268995,89.495341400
4861,85.079512740244,89.517206300
4862,85.097015211492,89.537871200
4863,85.114517682741,89.558462700
4864,85.132020153990,89.579832200
4865,85.149522625239,89.600434900
4866,85.167025096487,89.621238100
4867,85.184527567736,89.641940000
4868,85.202030038985,89.662362100
4869,85.219532510234,89.683171300
4870,85.237034981483,89.704146300
4871,85.254537452731,89.725158600
4872,85.272039923980,89.746210900
4873,85.289542395229,89.767390200
4874,85.307044866478,89.788972900
4875,85.324547337726,89.809855600
4876,85.342049808975,89.830958600
4877,85.359552280224,89.844990100
4878,85.377054751473,89.869950600
4879,85.394557222721,89.890887400
4880,85.412059693970,89.911555900
4881,85.429562165219,89.932920800
4882,85.447064636468,89.953770000
4883,85.464567107716,89.975228500
4884,85.482069578965,89.996667700
4885,85.499572050214,90.018136100
4886,85.517074521463,90.039530200
4887,85.534576992712,90.060085600
4888,85.552079463960,90.081846400
4889,85.569581935209,90.103006700
4890,85.587084406458,90.124098200
4891,85.604586877707,90.145397400
4892,85.622089348955,90.166758700
4893,85.639591820204,90.187266200
4894,85.657094291453,90.207882600
4895,85.674596762702,90.230705600
4896,85.692099233950,90.251329500
4897,85.709601705199,90.271690200
4898,85.727104176448,90.292310400
4899,85.744606647697,90.313000100
4900,85.762109118945,90.333602900
4901,85.779611590194,90.354091700
4902,85.797114061443,90.375113800
4903,85.814616532692,90.395756700
4904,85.832119003940,90.416354800
4905,85.849621475189,90.437433100
4906,85.867123946438,90.458321200
4907,85.884626417687,90.479289500
4908,85.902128888936,90.500877600
4909,85.919631360184,90.521733000
4910,85.937133831433,90.542386800
4911,85.954636302682,90.563495800
4912,85.972138773931,90.585201200
4913,85.989641245179,90.606532500
4914,86.007143716428,90.627502400
4915,86.024646187677,90.648724600
4916,86.042148658926,90.669077200
4917,86.059651130174,90.689705900
4918,86.077153601423,90.710108500
4919,86.094656072672,90.730962400
4920,86.112158543921,90.751823400
4921,86.129661015169,90.773978000
4922,86.147163486418,90.794325100
4923,86.164665957667,90.815652500
4924,86.182168428916,90.837049500
4925,86.199670900165,90.857316300
4926,86.217173371413,90.878352500
4927,86.234675842662,90.899418800
4928,86.252178313911,90.920006200
4929,86.269680785160,90.939794000
4930,86.287183256408,90.959701000
4931,86.304685727657,90.979958500
4932,86.322188198906,91.000203600
4933,86.339690670155,91.021561800
4934,86.357193141403,91.041946600
4935,86.374695612652,91.062848000
4936,86.392198083901,91.083216400
4937,86.409700555150,91.103587900
4938,86.427203026398,91.123776200
4939,86.444705497647,91.144170300
4940,86.462207968896,91.164388300
4941,86.479710440145,91.185034300
4942,86.497212911394,91.205364600
4943,86.514715382642,91.226186200
4944,86.532217853891,91.247273600
4945,86.549720325140,91.268766000
4946,86.567222796389,91.290006600
4947,86.584725267637,91.310505900
4948,86.602227738886,91.330982800
4949,86.619730210135,91.352649300
4950,86.637232681384,91.373073000
4951,86.654735152632,91.393022200
4952,86.672237623881,91.413082900
4953,86.689740095130,91.433163800
4954,86.707242566379,91.453677200
4955,86.724745037627,91.473613300
4956,86.742247508876,91.493665800
4957,86.759749980125,91.513865700
4958,86.777252451374,91.535131500
4959,86.794754922623,91.555545200
4960,86.812257393871,91.576647100
4961,86.829759865120,91.596532700
4962,86.847262336369,91.617316300
4963,86.864764807618,91.637507200
4964,86.882267278866,91.657614600
4965,86.899769750115,91.677379100
4966,86.917272221364,91.697559600
4967,86.934774692613,91.718015500
4968,86.952277163861,91.738445100
4969,86.969779635110,91.759004800
4970,86.987282106359,91.779007100
4971,87.004784577608,91.799846500
4972,87.022287048856,91.819779400
4973,87.039789520105,91.839755000
4974,87.057291991354,91.860109500
4975,87.074794462603,91.880397900
4976,87.092296933852,91.900454500
4977,87.109799405100,91.921123800
4978,87.127301876349,91.941044700
4979,87.144804347598,91.960913000
4980,87.162306818847,91.981060900
4981,87.179809290095,92.003350000
4982,87.197311761344,92.024343000
4983,87.214814232593,92.044558200
4984,87.232316703842,92.064577000
4985,87.249819175090,92.085355800
4986,87.267321646339,92.106131700
4987,87.284824117588,92.126003000
4988,87.302326588837,92.146561800
4989,87.319829060085,92.166396400
4990,87.337331531334,92.186078800
4991,87.354834002583,92.206479600
4992,87.372336473832,92.226753300
4993,87.389838945081,92.247323200
4994,87.407341416329,92.267167300
4995,87.424843887578,92.287234900
4996,87.442346358827,92.307059000
4997,87.459848830076,92.326595200
4998,87.477351301324,92.347203700
4999,87.494853772573,92.367034300
5000,87.512356243822,92.386757900
5001,87.529858715071,92.406977700
5002,87.547361186319,92.427206800
5003,87.564863657568,92.447317200
5004,87.582366128817,92.467371300
5005,87.599868600066,92.488053600
5006,87.617371071314,92.507755400
5007,87.634873542563,92.528081700
5008,87.652376013812,92.547774100
5009,87.669878485061,92.568019900
5010,87.687380956310,92.588332100
5011,87.704883427558,92.608137900
5012,87.722385898807,92.629777500
5013,87.739888370056,92.649644500
5014,87.757390841305,92.669297000
5015,87.774893312553,92.689416900
5016,87.792395783802,92.709048100
5017,87.809898255051,92.729336400
5018,87.827400726300,92.749316800
5019,87.844903197548,92.769092200
5020,87.862405668797,92.789557400
5021,87.879908140046,92.809473600
5022,87.897410611295,92.829204400
5023,87.914913082543,92.849426100
5024,87.932415553792,92.870626900
5025,87.949918025041,92.890406400
5026,87.967420496290,92.910363400
5027,87.984922967539,92.930502300
5028,88.002425438787,92.950744900
5029,88.019927910036,92.970526500
5030,88.037430381285,92.990362000
5031,88.054932852534,93.004489500
5032,88.072435323782,93.029420500
5033,88.089937795031,93.044667200
5034,88.107440266280,93.068038400
5035,88.124942737529,93.087888400
5036,88.142445208777,93.108427000
5037,88.159947680026,93.128474600
5038,88.177450151275,93.148809400
5039,88.194952622524,93.168969800
5040,88.212455093772,93.189300700
5041,88.229957565021,93.210984800
5042,88.247460036270,93.231401200
5043,88.264962507519,93.252262700
5044,88.282464978768,93.272483700
5045,88.299967450016,93.292975000
5046,88.317469921265,93.313935100
5047,88.334972392514,93.334262400
5048,88.352474863763,93.354622900
5049,88.369977335011,93.375285800
5050,88.387479806260,93.398067900
5051,88.404982277509,93.418795800
5052,88.422484748758,93.439544100
5053,88.439987220006,93.460126600
5054,88.457489691255,93.481007800
5055,88.474992162504,93.502140300
5056,88.492494633753,93.524326900
5057,88.509997105001,93.545550500
5058,88.527499576250,93.566987300
5059,88.545002047499,93.588906200
5060,88.562504518748,93.610223900
5061,88.580006989997,93.632183400
5062,88.597509461245,93.653273200
5063,88.615011932494,93.674122400
5064,88.632514403743,93.694854900
5065,88.650016874992,93.715477400
5066,88.667519346240,93.736047100
5067,88.685021817489,93.757184500
5068,88.702524288738,93.778436600
5069,88.720026759987,93.799363800
5070,88.737529231235,93.820219800
5071,88.755031702484,93.841341800
5072,88.772534173733,93.863454800
5073,88.790036644982,93.884399300
5074,88.807539116230,93.906095200
5075,88.825041587479,93.927173600
5076,88.842544058728,93.948049200
5077,88.860046529977,93.968759300
5078,88.877549001226,93.990350000
5079,88.895051472474,94.011478000
5080,88.912553943723,94.032696300
5081,88.930056414972,94.054657300
5082,88.947558886221,94.076737800
5083,88.965061357469,94.098110100
5084,88.982563828718,94.119770900
5085,89.000066299967,94.140442500
5086,89.017568771216,94.161076500
5087,89.035071242464,94.181914100
5088,89.052573713713,94.203107500
5089,89.070076184962,94.224689600
5090,89.087578656211,94.245765700
5091,89.105081127459,94.266784100
5092,89.122583598708,94.288349800
5093,89.140086069957,94.309424000
5094,89.157588541206,94.330925800
5095,89.175091012454,94.353523900
5096,89.192593483703,94.375986700
5097,89.210095954952,94.397800800
5098,89.227598426201,94.419128200
5099,89.245100897450,94.440925700
5100,89.262603368698,94.462711800
5101,89.280105839947,94.486201500
5102,89.297608311196,94.507977700
5103,89.315110782445,94.531002400
5104,89.332613253693,94.552768300
5105,89.350115724942,94.574968600
5106,89.367618196191,94.597163300
5107,89.385120667440,94.619350100
5108,89.402623138688,94.640853500
5109,89.420125609937,94.663443200
5110,89.437628081186,94.685130300
5111,89.455130552435,94.706700900
5112,89.472633023683,94.728176700
5113,89.490135494932,94.750270500
5114,89.507637966181,94.772383800
5115,89.525140437430,94.794364300
5116,89.542642908679,94.816387000
5117,89.560145379927,94.838532600
5118,89.577647851176,94.860734800
5119,89.595150322425,94.882484600
5120,89.612652793674,94.904218800
5121,89.630155264922,94.925769300
5122,89.647657736171,94.948013700
5123,89.665160207420,94.970047700
5124,89.682662678669,94.992846400
5125,89.700165149917,95.014671300
5126,89.717667621166,95.035981800
5127,89.735170092415,95.057520200
5128,89.752672563664,95.081325800
5129,89.770175034912,95.103075400
5130,89.787677506161,95.124983800
5131,89.805179977410,95.146985100
5132,89.822682448659,95.168789800
5133,89.840184919908,95.190480000
5134,89.857687391156,95.212495300
5135,89.875189862405,95.234297500
5136,89.892692333654,95.256174900
5137,89.910194804903,95.277968000
5138,89.927697276151,95.300034900
5139,89.945199747400,95.322374000
5140,89.962702218649,95.345189600
5141,89.980204689898,95.367096800
5142,89.997707161146,95.389578200
5143,90.015209632395,95.412167300
5144,90.032712103644,95.433852200
5145,90.050214574893,95.455605400
5146,90.067717046141,95.477511400
5147,90.085219517390,95.499492400
5148,90.102721988639,95.520528400
5149,90.120224459888,95.542143700
5150,90.137726931137,95.563965900
5151,90.155229402385,95.585432500
5152,90.172731873634,95.607165900
5153,90.190234344883,95.629079100
5154,90.207736816132,95.650746700
5155,90.225239287380,95.671880100
5156,90.242741758629,95.693574100
5157,90.260244229878,95.715190000
5158,90.277746701127,95.736915700
5159,90.295249172375,95.758435600
5160,90.312751643624,95.780610000
5161,90.330254114873,95.804864300
5162,90.347756586122,95.826558800
5163,90.365259057370,95.848250600
5164,90.382761528619,95.870311400
5165,90.400263999868,95.891909100
5166,90.417766471117,95.914046300
5167,90.435268942366,95.936907900
5168,90.452771413614,95.958747000
5169,90.470273884863,95.980634700
5170,90.487776356112,96.001941100
5171,90.505278827361,96.024024800
5172,90.522781298609,96.045730600
5173,90.540283769858,96.066772700
5174,90.557786241107,96.088823500
5175,90.575288712356,96.110727500
5176,90.592791183604,96.132555300
5177,90.610293654853,96.153223200
5178,90.627796126102,96.174070700
5179,90.645298597351,96.195132100
5180,90.662801068599,96.216660100
5181,90.680303539848,96.237944200
5182,90.697806011097,96.259061200
5183,90.715308482346,96.280930600
5184,90.732810953595,96.302654800
5185,90.750313424843,96.324452100
5186,90.767815896092,96.346215500
5187,90.785318367341,96.366794400
5188,90.802820838590,96.388053100
5189,90.820323309838,96.409428600
5190,90.837825781087,96.430723700
5191,90.855328252336,96.451327500
5192,90.872830723585,96.472853000
5193,90.890333194833,96.493785400
5194,90.907835666082,96.514920900
5195,90.925338137331,96.535988000
5196,90.942840608580,96.557111100
5197,90.960343079828,96.579255500
5198,90.977845551077,96.593264400
5199,90.995348022326,96.619577500
5200,91.012850493575,96.641304700
5201,91.030352964824,96.662313500
5202,91.047855436072,96.683206600
5203,91.065357907321,96.704010600
5204,91.082860378570,96.724573600
5205,91.100362849819,96.745656800
5206,91.117865321067,96.766277800
5207,91.135367792316,96.787227900
5208,91.152870263565,96.808684600
5209,91.170372734814,96.830144800
5210,91.187875206062,96.851484300
5211,91.205377677311,96.872778200
5212,91.222880148560,96.893636100
5213,91.240382619809,96.915973200
5214,91.257885091057,96.937304100
5215,91.275387562306,96.958398400
5216,91.292890033555,96.980323200
5217,91.310392504804,97.001935700
5218,91.327894976053,97.023515900
5219,91.345397447301,97.044567500
5220,91.362899918550,97.066113500
5221,91.380402389799,97.088866000
5222,91.397904861048,97.110274400
5223,91.415407332296,97.132508200
5224,91.432909803545,97.154537500
5225,91.450412274794,97.176504600
5226,91.467914746043,97.198487700
5227,91.485417217291,97.219770200
5228,91.502919688540,97.241498600
5229,91.520422159789,97.262931200
5230,91.537924631038,97.284017300
5231,91.555427102286,97.305226400
5232,91.572929573535,97.326291600
5233,91.590432044784,97.347828000
5234,91.607934516033,97.369088300
5235,91.625436987282,97.390113700
5236,91.642939458530,97.411363500
5237,91.660441929779,97.433241900
5238,91.677944401028,97.454440000
5239,91.695446872277,97.475533000
5240,91.712949343525,97.497051600
5241,91.730451814774,97.518256900
5242,91.747954286023,97.539811600
5243,91.765456757272,97.561044400
5244,91.782959228520,97.582106800
5245,91.800461699769,97.596873700
5246,91.817964171018,97.622434100
5247,91.835466642267,97.637535500
5248,91.852969113515,97.661137400
5249,91.870471584764,97.684266900
5250,91.887974056013,97.705770900
5251,91.905476527262,97.727129900
5252,91.922978998511,97.748210100
5253,91.940481469759,97.769545700
5254,91.957983941008,97.790961100
5255,91.975486412257,97.813021400
5256,91.992988883506,97.834253900
5257,92.010491354754,97.855377100
5258,92.027993826003,97.876363000
5259,92.045496297252,97.898018200
5260,92.062998768501,97.919278400
5261,92.080501239749,97.941942400
5262,92.098003710998,97.962867100
5263,92.115506182247,97.984614900
5264,92.133008653496,98.006455400
5265,92.150511124744,98.027430000
5266,92.168013595993,98.049054900
5267,92.185516067242,98.070775800
5268,92.203018538491,98.092735600
5269,92.220521009739,98.113929100
5270,92.238023480988,98.135958400
5271,92.255525952237,98.157933200
5272,92.273028423486,98.179633300
5273,92.290530894735,98.200851600
5274,92.308033365983,98.222078600
5275,92.325535837232,98.243910100
5276,92.343038308481,98.265130800
5277,92.360540779730,98.286824800
5278,92.378043250978,98.308183800
5279,92.395545722227,98.329782900
5280,92.413048193476,98.351509300
5281,92.430550664725,98.374490900
5282,92.448053135973,98.395964600
5283,92.465555607222,98.418496000
5284,92.483058078471,98.439561300
5285,92.500560549720,98.460476200
5286,92.518063020968,98.482188700
5287,92.535565492217,98.503461000
5288,92.553067963466,98.524300700
5289,92.570570434715,98.545427000
5290,92.588072905964,98.567051000
5291,92.605575377212,98.588006400
5292,92.623077848461,98.609706800
5293,92.640580319710,98.630820000
5294,92.658082790959,98.651845600
5295,92.675585262207,98.672710400
5296,92.693087733456,98.694772100
5297,92.710590204705,98.715604200
5298,92.728092675954,98.736393300
5299,92.745595147202,98.756959900
5300,92.763097618451,98.777867900
5301,92.780600089700,98.798429300
5302,92.798102560949,98.819356600
5303,92.815605032197,98.840282500
5304,92.833107503446,98.861228200
5305,92.850609974695,98.881798000
5306,92.868112445944,98.902853400
5307,92.885614917193,98.923968000
5308,92.903117388441,98.944818100
5309,92.920619859690,98.965876800
5310,92.938122330939,98.987161600
5311,92.955624802188,99.008240300
5312,92.973127273436,99.029246700
5313,92.990629744685,99.050279100
5314,93.008132215934,99.071459700
5315,93.025634687183,99.092643100
5316,93.043137158431,99.113158900
5317,93.060639629680,99.134041700
5318,93.078142100929,99.155047700
5319,93.095644572178,99.176333100
5320,93.113147043426,99.197716800
5321,93.130649514675,99.219339400
5322,93.148151985924,99.240255400
5323,93.165654457173,99.260745700
5324,93.183156928422,99.281158500
5325,93.200659399670,99.302157700
5326,93.218161870919,99.322998900
5327,93.235664342168,99.343808700
5328,93.253166813417,99.364680000
5329,93.270669284665,99.386124300
5330,93.288171755914,99.406963800
5331,93.305674227163,99.427866300
5332,93.323176698412,99.448925600
5333,93.340679169660,99.471188800
5334,93.358181640909,99.492458900
5335,93.375684112158,99.513324700
5336,93.393186583407,99.534829500
5337,93.410689054655,99.555785200
5338,93.428191525904,99.577155300
5339,93.445693997153,99.597565100
5340,93.463196468402,99.618971300
5341,93.480698939651,99.641195600
5342,93.498201410899,99.661132200
5343,93.515703882148,99.681269900
5344,93.533206353397,99.702377000
5345,93.550708824646,99.722469500
5346,93.568211295894,99.743280400
5347,93.585713767143,99.764014100
5348,93.603216238392,99.784489800
5349,93.620718709641,99.805639100
5350,93.638221180889,99.826436100
5351,93.655723652138,99.847021000
5352,93.673226123387,99.867712900
5353,93.690728594636,99.889132000
5354,93.708231065884,99.909524000
5355,93.725733537133,99.929620000
5356,93.743236008382,99.949827200
5357,93.760738479631,99.970646800
5358,93.778240950880,99.991138400
5359,93.795743422128,100.012438700
5360,93.813245893377,100.033310700
5361,93.830748364626,100.053760400
5362,93.848250835875,100.074673000
5363,93.865753307123,100.095455200
5364,93.883255778372,100.115774900
5365,93.900758249621,100.136257500
5366,93.918260720870,100.157100100
5367,93.935763192118,100.177394100
5368,93.953265663367,100.198244600
5369,93.970768134616,100.219235600
5370,93.988270605865,100.239937300
5371,94.005773077113,100.260716200
5372,94.023275548362,100.280918700
5373,94.040778019611,100.301435500
5374,94.058280490860,100.322327600
5375,94.075782962109,100.343550200
5376,94.093285433357,100.364261300
5377,94.110787904606,100.384342300
5378,94.128290375855,100.405231200
5379,94.145792847104,100.425753300
5380,94.163295318352,100.446019100
5381,94.180797789601,100.466510100
5382,94.198300260850,100.487271700
5383,94.215802732099,100.508542600
5384,94.233305203347,100.528959300
5385,94.250807674596,100.549419000
5386,94.268310145845,100.569930800
5387,94.285812617094,100.591306000
5388,94.303315088342,100.612238000
5389,94.320817559591,100.633289600
5390,94.338320030840,100.655699600
5391,94.355822502089,100.675943600
5392,94.373324973338,100.697326800
5393,94.390827444586,100.718538600
5394,94.408329915835,100.739181800
5395,94.425832387084,100.759174200
5396,94.443334858333,100.780505100
5397,94.460837329581,100.800547300
5398,94.478339800830,100.820283800
5399,94.495842272079,100.840483900
5400,94.513344743328,100.861352100
5401,94.530847214576,100.883290300
5402,94.548349685825,100.903755300
5403,94.565852157074,100.923953700
5404,94.583354628323,100.944334900
5405,94.600857099571,100.964200200
5406,94.618359570820,100.984112400
5407,94.635862042069,101.004801100
5408,94.653364513318,101.025391300
5409,94.670866984567,101.045498800
5410,94.688369455815,101.065319000
5411,94.705871927064,101.086019900
5412,94.723374398313,101.106102800
5413,94.740876869562,101.125719200
5414,94.758379340810,101.146747700
5415,94.775881812059,101.166580500
5416,94.793384283308,101.186630400
5417,94.810886754557,101.207589200
5418,94.828389225805,101.227351200
5419,94.845891697054,101.247725300
5420,94.863394168303,101.267500600
5421,94.880896639552,101.286990600
5422,94.898399110800,101.306952100
5423,94.915901582049,101.326364500
5424,94.933404053298,101.346177000
5425,94.950906524547,101.365756500
5426,94.968408995795,101.385346100
5427,94.985911467044,101.404710700
5428,95.003413938293,101.424069800
5429,95.020916409542,101.444100600
5430,95.038418880791,101.463986300
5431,95.055921352039,101.484286000
5432,95.073423823288,101.504170000
5433,95.090926294537,101.524375700
5434,95.108428765786,101.544747900
5435,95.125931237034,101.565284200
5436,95.143433708283,101.585347300
5437,95.160936179532,101.605408600
5438,95.178438650781,101.625448800
5439,95.195941122029,101.645471300
5440,95.213443593278,101.665118400
5441,95.230946064527,101.685009200
5442,95.248448535776,101.705075100
5443,95.265951007024,101.726567900
5444,95.283453478273,101.746627100
5445,95.300955949522,101.766823100
5446,95.318458420771,101.786369700
5447,95.335960892020,101.806107800
5448,95.353463363268,101.826518900
5449,95.370965834517,101.846429000
5450,95.388468305766,101.867757300
5451,95.405970777015,101.888671800
5452,95.423473248263,101.909478200
5453,95.440975719512,101.929455500
5454,95.458478190761,101.950975200
5455,95.475980662010,101.970772000
5456,95.493483133258,101.990547400
5457,95.510985604507,102.010740800
5458,95.528488075756,102.030925200
5459,95.545990547005,102.052303400
5460,95.563493018253,102.072225100
5461,95.580995489502,102.094287000
5462,95.598497960751,102.115178000
5463,95.616000432000,102.135440200
5464,95.633502903249,102.155511200
5465,95.651005374497,102.175422100
5466,95.668507845746,102.195917600
5467,95.686010316995,102.216422300
5468,95.703512788244,102.236253800
5469,95.721015259492,102.257083100
5470,95.738517730741,102.277406500
5471,95.756020201990,102.298108500
5472,95.773522673239,102.318572400
5473,95.791025144487,102.338810900
5474,95.808527615736,102.358827200
5475,95.826030086985,102.379336500
5476,95.843532558234,102.400108100
5477,95.861035029482,102.420665200
5478,95.878537500731,102.441276900
5479,95.896039971980,102.462303100
5480,95.913542443229,102.482967200
5481,95.931044914478,102.503216100
5482,95.948547385726,102.524126500
5483,95.966049856975,102.545357700
5484,95.983552328224,102.566943600
5485,96.001054799473,102.587733700
5486,96.018557270721,102.609545300
5487,96.036059741970,102.631762100
5488,96.053562213219,102.653520600
5489,96.071064684468,102.675276200
5490,96.088567155716,102.697862600
5491,96.106069626965,102.719816100
5492,96.123572098214,102.741304700
5493,96.141074569463,102.764069400
5494,96.158577040711,102.786352900
5495,96.176079511960,102.807899800
5496,96.193581983209,102.829923200
5497,96.211084454458,102.844313800
5498,96.228586925707,102.869951500
5499,96.246089396955,102.892491600
5500,96.263591868204,102.915443200
5501,96.281094339453,102.937551800
5502,96.298596810702,102.959881700
5503,96.316099281950,102.982635300
5504,96.333601753199,103.005085300
5505,96.351104224448,103.028692800
5506,96.368606695697,103.051224200
5507,96.386109166945,103.074694600
5508,96.403611638194,103.098072200
5509,96.421114109443,103.120678600
5510,96.438616580692,103.143124300
5511,96.456119051940,103.166286800
5512,96.473621523189,103.188560200
5513,96.491123994438,103.211040500
5514,96.508626465687,103.233523700
5515,96.526128936936,103.257045700
5516,96.543631408184,103.280145200
5517,96.561133879433,103.302769700
5518,96.578636350682,103.325211400
5519,96.596138821931,103.348482000
5520,96.613641293179,103.371236100
5521,96.631143764428,103.396209200
5522,96.648646235677,103.419363700
5523,96.666148706926,103.442742000
5524,96.683651178174,103.465934300
5525,96.701153649423,103.489292800
5526,96.718656120672,103.512604600
5527,96.736158591921,103.535322600
5528,96.753661063169,103.558359200
5529,96.771163534418,103.582301700
5530,96.788666005667,103.605086000
5531,96.806168476916,103.628788100
5532,96.823670948165,103.651734800
5533,96.841173419413,103.674874100
5534,96.858675890662,103.698875900
5535,96.876178361911,103.721788400
5536,96.893680833160,103.745303200
5537,96.911183304408,103.770780900
5538,96.928685775657,103.794444700
5539,96.946188246906,103.817674900
5540,96.963690718155,103.841064700
5541,96.981193189403,103.864548000
5542,96.998695660652,103.888125100
5543,97.016198131901,103.911790100
5544,97.033700603150,103.935763000
5545,97.051203074398,103.959312100
5546,97.068705545647,103.982601100
5547,97.086208016896,104.005703800
5548,97.103710488145,104.029335300
5549,97.121212959394,104.052933300
5550,97.138715430642,104.075883800
5551,97.156217901891,104.099246800
5552,97.173720373140,104.123025800
5553,97.191222844389,104.146813500
5554,97.208725315637,104.169947200
5555,97.226227786886,104.193478300
5556,97.243730258135,104.217096600
5557,97.261232729384,104.240663100
5558,97.278735200632,104.264768100
5559,97.296237671881,104.287308000
5560,97.313740143130,104.309456800
5561,97.331242614379,104.331978300
5562,97.348745085627,104.354477400
5563,97.366247556876,104.376535000
5564,97.383750028125,104.398905000
5565,97.401252499374,104.421114700
5566,97.418754970623,104.443222700
5567,97.436257441871,104.465348500
5568,97.453759913120,104.487289200
5569,97.471262384369,104.509636900
5570,97.488764855618,104.531731600
5571,97.506267326866,104.553110800
5572,97.523769798115,104.574563200
5573,97.541272269364,104.596413200
5574,97.558774740613,104.618132100
5575,97.576277211861,104.638566200
5576,97.593779683110,104.659197000
5577,97.611282154359,104.680309100
5578,97.628784625608,104.700599200
5579,97.646287096856,104.721282100
5580,97.663789568105,104.741326800
5581,97.681292039354,104.762345500
5582,97.698794510603,104.782395700
5583,97.716296981852,104.802550500
5584,97.733799453100,104.822689000
5585,97.751301924349,104.842193900
5586,97.768804395598,104.861776900
5587,97.786306866847,104.881801200
5588,97.803809338095,104.901673400
5589,97.821311809344,104.921269300
5590,97.838814280593,104.941424300
5591,97.856316751842,104.960787000
5592,97.873819223090,104.981108100
5593,97.891321694339,105.000840500
5594,97.908824165588,105.021286000
5595,97.926326636837,105.041102000
5596,97.943829108085,105.060682600
5597,97.961331579334,105.081240600
5598,97.978834050583,105.101270700
5599,97.996336521832,105.122675100
5600,98.013838993080,105.142270100
5601,98.031341464329,105.162159300
5602,98.048843935578,105.182222800
5603,98.066346406827,105.201957300
5604,98.083848878076,105.222122300
5605,98.101351349324,105.242791200
5606,98.118853820573,105.263493300
5607,98.136356291822,105.283083800
5608,98.153858763071,105.303518200
5609,98.171361234319,105.323924000
5610,98.188863705568,105.343615000
5611,98.206366176817,105.364154600
5612,98.223868648066,105.384674000
5613,98.241371119314,105.405767200
5614,98.258873590563,105.426029900
5615,98.276376061812,105.448069300
5616,98.293878533061,105.467895800
5617,98.311381004309,105.488129400
5618,98.328883475558,105.507780200
5619,98.346385946807,105.527785200
5620,98.363888418056,105.549072400
5621,98.381390889305,105.571333500
5622,98.398893360553,105.593088500
5623,98.416395831802,105.616073900
5624,98.433898303051,105.638294100
5625,98.451400774300,105.660328400
5626,98.468903245548,105.674015600
5627,98.486405716797,105.700869800
5628,98.503908188046,105.723189200
5629,98.521410659295,105.746013500
5630,98.538913130543,105.770084500
5631,98.556415601792,105.792260600
5632,98.573918073041,105.815052600
5633,98.591420544290,105.837728700
5634,98.608923015538,105.860319800
5635,98.626425486787,105.883256700
5636,98.643927958036,105.905311500
5637,98.661430429285,105.927632500
5638,98.678932900534,105.949947700
5639,98.696435371782,105.972043400
5640,98.713937843031,105.994817800
5641,98.731440314280,106.019523000
5642,98.748942785529,106.042081100
5643,98.766445256777,106.066076800
5644,98.783947728026,106.088610400
5645,98.801450199275,106.111080200
5646,98.818952670524,106.133984300
5647,98.836455141772,106.156685800
5648,98.853957613021,106.179201900
5649,98.871460084270,106.201328400
5650,98.888962555519,106.223812200
5651,98.906465026767,106.246558800
5652,98.923967498016,106.269496200
5653,98.941469969265,106.291824600
5654,98.958972440514,106.314979100
5655,98.976474911763,106.337605700
5656,98.993977383011,106.360319400
5657,99.011479854260,106.383077600
5658,99.028982325509,106.406003100
5659,99.046484796758,106.428673700
5660,99.063987268006,106.451394500
5661,99.081489739255,106.474356800
5662,99.098992210504,106.497931500
5663,99.116494681753,106.521085200
5664,99.133997153001,106.544452300
5665,99.151499624250,106.567792700
5666,99.169002095499,106.590816400
5667,99.186504566748,106.615737900
5668,99.204007037996,106.638463300
5669,99.221509509245,106.660729200
5670,99.239011980494,106.683227100
5671,99.256514451743,106.705187000
5672,99.274016922992,106.726825800
5673,99.291519394240,106.749729500
5674,99.309021865489,106.771331100
5675,99.326524336738,106.793139700
5676,99.344026807987,106.815136500
5677,99.361529279235,106.837270900
5678,99.379031750484,106.858870300
5679,99.396534221733,106.881134000
5680,99.414036692982,106.903087700
5681,99.431539164230,106.925243500
5682,99.449041635479,106.947755100
5683,99.466544106728,106.968963900
5684,99.484046577977,106.990347600
5685,99.501549049225,107.011095700
5686,99.519051520474,107.032068900
5687,99.536553991723,107.053215300
5688,99.554056462972,107.074042600
5689,99.571558934221,107.094345300
5690,99.589061405469,107.115014700
5691,99.606563876718,107.136711500
5692,99.624066347967,107.157993100
5693,99.641568819216,107.178205600
5694,99.659071290464,107.199183300
5695,99.676573761713,107.220013200
5696,99.694076232962,107.240500300
5697,99.711578704211,107.261300800
5698,99.729081175459,107.283168100
5699,99.746583646708,107.303410100
5700,99.764086117957,107.324056000
5701,99.781588589206,107.347718000
5702,99.799091060454,107.369042800
5703,99.816593531703,107.389547700
5704,99.834096002952,107.410531900
5705,99.851598474201,107.432210400
5706,99.869100945450,107.453648800
5707,99.886603416698,107.474511400
5708,99.904105887947,107.488945300
5709,99.921608359196,107.513058600
5710,99.939110830445,107.533814500
5711,99.956613301693,107.554765500
5712,99.974115772942,107.575876700
5713,99.991618244191,107.597192100
5714,100.009120715440,107.618333700
5715,100.026623186688,107.640276600
5716,100.044125657937,107.661435000
5717,100.061628129186,107.682642900
5718,100.079130600435,107.703675900
5719,100.096633071683,107.725666800
5720,100.114135542932,107.747920500
5721,100.131638014181,107.769545400
5722,100.149140485430,107.790991400
5723,100.166642956679,107.813502200
5724,100.184145427927,107.835010300
5725,100.201647899176,107.856035600
5726,100.219150370425,107.870742600
5727,100.236652841674,107.895291800
5728,100.254155312922,107.916530000
5729,100.271657784171,107.938059400
5730,100.289160255420,107.959636400
5731,100.306662726669,107.981981000
5732,100.324165197917,108.003393700
5733,100.341667669166,108.024994000
5734,100.359170140415,108.047399300
5735,100.376672611664,108.069059200
5736,100.394175082912,108.090651000
5737,100.411677554161,108.112913700
5738,100.429180025410,108.135248000
5739,100.446682496659,108.156789900
5740,100.464184967908,108.178402900
5741,100.481687439156,108.200168800
5742,100.499189910405,108.222030800
5743,100.516692381654,108.243276500
5744,100.534194852903,108.264851300
5745,100.551697324151,108.286027400
5746,100.569199795400,108.307636700
5747,100.586702266649,108.329500900
5748,100.604204737898,108.350841800
5749,100.621707209146,108.372619600
5750,100.639209680395,108.394084200
5751,100.656712151644,108.415589700
5752,100.674214622893,108.437027600
5753,100.691717094141,108.458323900
5754,100.709219565390,108.472012400
5755,100.726722036639,108.497990500
5756,100.744224507888,108.520549300
5757,100.761726979137,108.542474000
5758,100.779229450385,108.564484800
5759,100.796731921634,108.586121300
5760,100.814234392883,108.607901500
5761,100.831736864132,108.631510500
5762,100.849239335380,108.653656000
5763,100.866741806629,108.675716100
5764,100.884244277878,108.698492000
5765,100.901746749127,108.720335300
5766,100.919249220375,108.741936900
5767,100.936751691624,108.764479600
5768,100.954254162873,108.786680400
5769,100.971756634122,108.809425700
5770,100.989259105370,108.832245500
5771,101.006761576619,108.854448800
5772,101.024264047868,108.876962100
5773,101.041766519117,108.899858600
5774,101.059268990365,108.922449500
5775,101.076771461614,108.937434200
5776,101.094273932863,108.962492100
5777,101.111776404112,108.985130300
5778,101.129278875361,109.007089000
5779,101.146781346609,109.028759200
5780,101.164283817858,109.050496100
5781,101.181786289107,109.072618600
5782,101.199288760356,109.094671500
5783,101.216791231604,109.116609900
5784,101.234293702853,109.138897200
5785,101.251796174102,109.160311700
5786,101.269298645351,109.182485300
5787,101.286801116599,109.204422400
5788,101.304303587848,109.226329800
5789,101.321806059097,109.248694900
5790,101.339308530346,109.270630800
5791,101.356811001594,109.292742000
5792,101.374313472843,109.314522300
5793,101.391815944092,109.336140200
5794,101.409318415341,109.358910400
5795,101.426820886590,109.381840500
5796,101.444323357838,109.403451500
5797,101.461825829087,109.425208500
5798,101.479328300336,109.447166200
5799,101.496830771585,109.469072700
5800,101.514333242833,109.490814200
5801,101.531835714082,109.512732600
5802,101.549338185331,109.534416100
5803,101.566840656580,109.556436600
5804,101.584343127828,109.578384200
5805,101.601845599077,109.600655800
5806,101.619348070326,109.623419400
5807,101.636850541575,109.645279100
5808,101.654353012823,109.667155100
5809,101.671855484072,109.689794600
5810,101.689357955321,109.712262200
5811,101.706860426570,109.734746400
5812,101.724362897819,109.757542300
5813,101.741865369067,109.781211700
5814,101.759367840316,109.804728700
5815,101.776870311565,109.827933200
5816,101.794372782814,109.851385900
5817,101.811875254062,109.875029500
5818,101.829377725311,109.899110700
5819,101.846880196560,109.922148000
5820,101.864382667809,109.945337300
5821,101.881885139057,109.969893500
5822,101.899387610306,109.992954000
5823,101.916890081555,110.018535400
5824,101.934392552804,110.042648500
5825,101.951895024052,110.066367400
5826,101.969397495301,110.089734200
5827,101.986899966550,110.115967600
5828,102.004402437799,110.139547900
5829,102.021904909048,110.163133700
5830,102.039407380296,110.185890600
5831,102.056909851545,110.209151800
5832,102.074412322794,110.232295500
5833,102.091914794043,110.255068100
5834,102.109417265291,110.277776100
5835,102.126919736540,110.300996400
5836,102.144422207789,110.323866600
5837,102.161924679038,110.347157100
5838,102.179427150286,110.370206000
5839,102.196929621535,110.394491000
5840,102.214432092784,110.418371200
5841,102.231934564033,110.442123700
5842,102.249437035281,110.466234000
5843,102.266939506530,110.490276100
5844,102.284441977779,110.513969000
5845,102.301944449028,110.536744400
5846,102.319446920277,110.559439000
5847,102.336949391525,110.582325100
5848,102.354451862774,110.605311500
5849,102.371954334023,110.629000700
5850,102.389456805272,110.652121500
5851,102.406959276520,110.674689100
5852,102.424461747769,110.698081500
5853,102.441964219018,110.721615400
5854,102.459466690267,110.744212100
5855,102.476969161515,110.766799100
5856,102.494471632764,110.789897000
5857,102.511974104013,110.813126000
5858,102.529476575262,110.836654400
5859,102.546979046510,110.860287100
5860,102.564481517759,110.883820400
5861,102.581983989008,110.907107000
5862,102.599486460257,110.930789100
5863,102.616988931506,110.953819300
5864,102.634491402754,110.977335300
5865,102.651993874003,111.000581000
5866,102.669496345252,111.024441500
5867,102.686998816501,111.048790300
5868,102.704501287749,111.072331900
5869,102.722003758998,111.095851000
5870,102.739506230247,111.119820000
5871,102.757008701496,111.143777900
5872,102.774511172744,111.167051900
5873,102.792013643993,111.190758500
5874,102.809516115242,111.215265700
5875,102.827018586491,111.239263100
5876,102.844521057739,111.263773600
5877,102.862023528988,111.288395700
5878,102.879526000237,111.312850400
5879,102.897028471486,111.337238500
5880,102.914530942735,111.360991400
5881,102.932033413983,111.386879200
5882,102.949535885232,111.410411200
5883,102.967038356481,111.433918700
5884,102.984540827730,111.457693000
5885,103.002043298978,111.481611100
5886,103.019545770227,111.505139800
5887,103.037048241476,111.528898300
5888,103.054550712725,111.552638200
5889,103.072053183973,111.576188600
5890,103.089555655222,111.599901300
5891,103.107058126471,111.624034800
5892,103.124560597720,111.648825400
5893,103.142063068968,111.672182100
5894,103.159565540217,111.696120800
5895,103.177068011466,111.720152500
5896,103.194570482715,111.743814300
5897,103.212072953964,111.767317900
5898,103.229575425212,111.791219000
5899,103.247077896461,111.815079100
5900,103.264580367710,111.838928300
5901,103.282082838959,111.863215000
5902,103.299585310207,111.886547400
5903,103.317087781456,111.909873700
5904,103.334590252705,111.934197900
5905,103.352092723954,111.957898900
5906,103.369595195202,111.981908300
5907,103.387097666451,112.004860500
5908,103.404600137700,112.028641100
5909,103.422102608949,112.052403100
5910,103.439605080197,112.076122700
5911,103.457107551446,112.100764400
5912,103.474610022695,112.124896900
5913,103.492112493944,112.149581900
5914,103.509614965193,112.172564600
5915,103.527117436441,112.186923400
5916,103.544619907690,112.212783300
5917,103.562122378939,112.236412300
5918,103.579624850188,112.258415800
5919,103.597127321436,112.272943600
5920,103.614629792685,112.299769300
5921,103.632132263934,112.323010000
5922,103.649634735183,112.345818400
5923,103.667137206431,112.369056800
5924,103.684639677680,112.391953000
5925,103.702142148929,112.415597200
5926,103.719644620178,112.438866300
5927,103.737147091426,112.463116200
5928,103.754649562675,112.487023100
5929,103.772152033924,112.510656000
5930,103.789654505173,112.533602100
5931,103.807156976422,112.556567300
5932,103.824659447670,112.579477300
5933,103.842161918919,112.602425700
5934,103.859664390168,112.625040100
5935,103.877166861417,112.648162900
5936,103.894669332665,112.670954600
5937,103.912171803914,112.693973600
5938,103.929674275163,112.716783900
5939,103.947176746412,112.739631200
5940,103.964679217660,112.762306400
5941,103.982181688909,112.786667400
5942,103.999684160158,112.809642100
5943,104.017186631407,112.832462300
5944,104.034689102655,112.855425300
5945,104.052191573904,112.878116500
5946,104.069694045153,112.900896000
5947,104.087196516402,112.923509200
5948,104.104698987651,112.946225900
5949,104.122201458899,112.969450700
5950,104.139703930148,112.992908200
5951,104.157206401397,113.016336800
5952,104.174708872646,113.040272300
5953,104.192211343894,113.064878100
5954,104.209713815143,113.088135900
5955,104.227216286392,113.111100200
5956,104.244718757641,113.134613100
5957,104.262221228889,113.157950300
5958,104.279723700138,113.181742000
5959,104.297226171387,113.205195600
5960,104.314728642636,113.229028600
5961,104.332231113884,113.253101100
5962,104.349733585133,113.277404100
5963,104.367236056382,113.301661200
5964,104.384738527631,113.325430400
5965,104.402240998879,113.349329400
5966,104.419743470128,113.373203400
5967,104.437245941377,113.397888300
5968,104.454748412626,113.421788000
5969,104.472250883875,113.445443400
5970,104.489753355123,113.470481900
5971,104.507255826372,113.494777800
5972,104.524758297621,113.520463700
5973,104.542260768870,113.550777600
5974,104.559763240118,113.583775300
5975,104.577265711367,113.615321600
5976,104.594768182616,113.646429900
5977,104.612270653865,113.719891200
5978,104.629773125113,113.750764200
5979,104.647275596362,113.793641800
5980,104.664778067611,114.125268200
5981,104.682280538860,114.151891400
5982,104.699783010108,114.203555000
5983,104.717285481357,114.227288100
5984,104.734787952606,114.243427100
5985,104.752290423855,114.275236800
5986,104.769792895104,114.301292000
5987,104.787295366352,114.329746600
5988,104.804797837601,114.355939400
5989,104.822300308850,114.379787400
5990,104.839802780099,114.403333200
5991,104.857305251347,114.428312300
5992,104.874807722596,114.452300900
5993,104.892310193845,114.467876000
5994,104.909812665094,114.485475400
5995,104.927315136342,114.503001600
5996,104.944817607591,114.521074400
5997,104.962320078840,114.538541200
5998,104.979822550089,114.555398100
5999,104.997325021337,114.573852700
6000,105.014827492586,114.590967700
