scene,frame,generation,pages,palettes,bytes,hash,decode_us,upload_us,snapshot_us
2112,3501,1,4096,26,16820528,036316ae6098f1fa,22880.400,2225.400,0.200
2113,3502,2,3,26,39228,20027663fcbd863f,47.000,197.900,0.100
2114,3503,3,3,26,39228,79f92d81e5cf2ba8,47.100,148.300,0.100
2115,3504,4,3,26,39228,bf1718d956283871,48.700,186.100,0.100
2116,3505,5,3,26,39228,b24842c0fdfb55ae,54.100,152.300,0.100
2117,3506,6,3,26,39228,f4f3e60e04003aed,45.800,159.500,0.200
2118,3507,7,3,26,39228,5aaf1002751accf7,47.800,189.500,0.200
2119,3508,8,3,26,39228,d533144cbdc03db4,48.400,145.100,0.100
2120,3509,9,3,26,39228,a353428549d43903,49.300,148.800,0.100
2121,3510,10,3,26,39228,0c791df796e26c21,61.700,190.700,0.200
2122,3512,11,3,26,39228,ab66c0182d488934,47.400,218.200,0.100
2123,3513,12,3,26,39228,0374ddd735e2bbcb,46.900,183.300,0.100
2124,3514,13,3,26,39228,6331d7c241b903bd,72.900,198.900,0.200
2125,3515,14,3,26,39228,0bfdb813078f9da8,46.000,191.200,0.200
2126,3516,15,3,26,39228,2a1910caf8c7bbf2,52.200,228.000,0.400
2127,3517,16,3,27,40260,4651091382f27ee0,51.500,156.300,0.400
2128,3518,17,3,27,40260,471f219f48c642fa,49.300,184.600,0.100
2129,3519,18,3,27,40260,8ed3abf422c18919,50.100,189.400,0.200
2130,3520,19,3,27,40260,9fd394eb479a8f62,48.000,135.900,0.100
2131,3521,20,3,27,40260,de5654a7d145e9c2,49.400,233.700,0.400
2132,3522,21,3,27,40260,3daf215794d23a08,49.000,144.600,0.100
2133,3523,22,3,27,40260,ce482b4cc3e741fa,55.100,176.500,0.100
2134,3524,23,3,26,39228,728d0c06456d21dc,47.100,143.600,0.100
2135,3525,24,3,26,39228,3aede842f8ac66ea,53.100,206.700,0.300
2136,3526,25,3,26,39228,a072b766141503fe,46.900,199.200,0.500
2137,3527,26,3,26,39228,cccc80a8012f2ca5,55.100,211.400,0.100
2138,3528,27,3,26,39228,a5ffa8a7c5d0c36d,47.100,158.500,0.200
2139,3529,28,3,26,39228,7677570d3057ed54,58.000,190.800,0.100
2140,3530,29,3,26,39228,f92eb28126c490f6,53.600,178.200,0.100
2141,3531,30,3,26,39228,2733c895a1b29862,48.300,212.700,0.400
2142,3532,31,3,26,39228,d39d5dad4bbf93aa,47.300,166.000,0.100
2143,3533,32,3,27,40260,5434e9eb4e8239ca,50.700,248.500,0.200
2144,3534,33,3,27,40260,382e16dde06f17f6,53.600,211.600,0.100
2145,3535,34,3,27,40260,57cba875ca4e49a4,49.700,197.300,0.300
2146,3536,35,3,26,39228,228150f39e07d2e3,70.000,200.500,0.300
2147,3537,36,3,26,39228,84b884e5cec89c39,49.700,159.900,0.500
2148,3538,37,3,26,39228,21ba231c14e8e9b0,58.500,312.400,0.300
2149,3539,38,3,26,39228,11121224a985655f,50.100,224.700,0.400
2150,3540,39,3,26,39228,c203f9a64f4665a1,56.500,272.600,0.100
2151,3542,40,3,26,39228,0947db6512e8daf1,49.800,153.700,0.100
2152,3543,41,3,26,39228,d37326a963392cec,48.000,150.600,0.200
2153,3544,42,3,26,39228,0a5e280d58a49eb8,51.900,150.600,0.200
2154,3545,43,3,26,39228,155cea9a419f677a,48.100,186.700,0.100
2155,3546,44,3,25,38196,8017b8f960ccbc06,47.300,155.900,0.100
2156,3547,45,3,25,38196,e4ed3bc93a4203df,44.200,140.600,0.200
2157,3548,46,3,26,39228,0b82cdcbf8deede5,49.100,176.100,0.300
2158,3549,47,3,26,39228,856d3b1f11a937f0,50.000,185.100,0.200
2159,3550,48,3,27,40260,4f247379308e18d6,49.000,142.400,0.100
2160,3551,49,3,26,39228,2b03f3d0f871f04c,48.500,169.800,0.100
2161,3552,50,3,25,38196,5e0896482651a0a5,46.900,175.700,0.200
2162,3553,51,3,25,38196,71fa0e3879000737,45.700,195.300,0.400
2163,3554,52,3,25,38196,8e09d2f5819ec293,47.000,150.600,0.100
2164,3555,53,3,25,38196,efd1072ea4fe26a2,46.000,138.700,0.100
2165,3556,54,3,25,38196,345335e90b75436a,46.200,219.900,0.400
2166,3557,55,3,25,38196,1629a12b57ebac16,46.400,144.900,0.400
2167,3558,56,3,26,39228,ab04ed51dca6ff34,44.200,183.900,0.400
2168,3559,57,3,27,40260,4d452dd3fcbadd54,77.500,212.100,0.100
2169,3560,58,3,26,39228,b6375ceb4065eed3,48.500,145.600,0.300
2170,3561,59,3,26,39228,0baf255b70b79340,46.500,145.100,0.100
2171,3562,60,3,26,39228,87267471aa5967bf,48.500,155.300,0.200
2172,3563,61,3,26,39228,de76148e8be68cc8,48.500,149.200,0.100
2173,3564,62,3,26,39228,a52c1cd6b0f7289b,51.100,165.400,0.100
2174,3565,63,3,26,39228,d1a17157dc7e4c76,59.400,157.700,0.200
2175,3567,64,3,25,38196,dd28f1ea16239825,46.400,191.200,0.200
2176,3568,65,3,24,37164,35f084151cf1fc3f,55.400,144.700,0.100
2177,3569,66,3,24,37164,a7cdd5c10476c455,45.700,168.900,0.100
2178,3570,67,3,24,37164,1b53f60f7e1e703f,49.200,148.000,0.100
2179,3571,68,3,24,37164,e4ac4964744b3e93,46.900,368.400,0.100
2180,3572,69,3,24,37164,e67829eb6816c4a5,46.000,152.500,0.100
2181,3573,70,3,24,37164,aa81c1860a2251b7,47.500,216.800,0.200
2182,3574,71,3,24,37164,2a111bf873445d9c,45.700,138.300,0.100
2183,3575,72,3,24,37164,55f5b1e0e9018bb6,46.400,149.200,0.100
2184,3576,73,3,24,37164,a1617fdd9c07ce27,46.600,155.400,0.300
2185,3577,74,3,24,37164,c55a6dd16aca0c75,49.400,178.100,0.100
2186,3578,75,3,24,37164,93ba23416313f236,47.300,158.200,0.500
2187,3579,76,3,23,36132,34773ea8c3577c16,45.800,205.400,0.100
2188,3580,77,3,23,36132,6431348f7d9ee7a1,51.300,202.500,0.400
2189,3581,78,3,23,36132,da784f6472e7f1f3,46.600,143.500,0.100
2190,3582,79,3,22,35100,bbdde9dc47916de1,48.100,264.900,0.300
2191,3583,80,3,23,36132,98e781fa6a176aa7,51.600,164.300,0.400
2192,3584,81,3,23,36132,2b1cde0bd79be280,49.600,256.900,1.400
2193,3585,82,3,22,35100,8b7867d848ee18db,51.300,187.200,0.100
2194,3586,83,3,16,28908,34c51c4b2bf0e99d,41.400,230.900,0.200
2195,3587,84,3,16,28908,6964f4fb1b655c7d,37.000,173.700,0.100
2196,3588,85,3,14,26844,8af2c2011a66914e,38.700,167.700,0.400
2197,3589,86,3,14,26844,0c82c7831bdc99ac,36.300,145.800,0.100
2198,3590,87,3,14,26844,9910974c32bd1a44,35.600,132.400,0.100
2199,3591,88,3,12,24780,ee93ff2ae55ac641,42.800,187.300,0.300
2200,3592,89,3,9,21684,fef8a952c6f1ae96,39.100,204.000,0.100
2201,3593,90,3,8,20652,da58367380cf3bcd,32.600,175.400,0.100
2202,3594,91,3,5,17556,902581729f54215d,29.400,145.000,0.100
2203,3595,92,3,5,17556,9ebf89a629b1174f,28.200,147.000,0.100
2204,3596,93,3,5,17556,eaa2632c11264ddc,28.700,178.100,0.300
2205,3597,94,3,3,15492,e6e1660feaf1c41b,28.200,181.100,0.100
2206,3598,95,3,5,17556,43ce6a94bc5c9a4c,36.200,140.500,0.300
2207,3599,96,3,5,17556,179bfc886f50729c,28.400,149.100,0.300
2208,3600,97,3,7,19620,f6899a2988adc094,30.100,163.400,0.200
2209,3601,98,3,5,17556,0f19fd15abe9fd2b,32.400,167.300,0.100
2210,3602,99,3,4,16524,161e31be197f826a,26.100,137.000,0.100
2211,3603,100,3,5,17556,de09509bfa3b1ce3,26.900,160.000,0.100
2212,3604,101,3,5,17556,edeb63b8bcfb542a,27.700,157.300,0.200
2213,3605,102,3,4,16524,6a3d1f47b09f2231,25.900,147.800,0.100
2214,3606,103,3,5,17556,e4c89213df2dc794,38.400,138.500,0.100
2215,3607,104,3,6,18588,dfd5e2e48d581dd1,28.900,140.600,0.100
2216,3608,105,3,4,16524,98783000c5db4d75,41.000,151.000,0.100
2217,3609,106,3,4,16524,dc1603b66baec784,25.700,145.100,0.400
2218,3610,107,3,4,16524,2146386234050224,26.900,163.600,0.400
2219,3611,108,3,5,17556,b5f8940a06d5585d,30.300,161.600,0.200
2220,3612,109,3,4,16524,e124cbed4671a955,24.100,144.700,0.200
2221,3613,110,3,4,16524,89a1597392639a36,24.500,134.500,0.100
2222,3614,111,3,4,16524,7cb3009a550416ac,28.100,156.700,0.400
2223,3615,112,3,4,16524,9de25fa323a41207,26.700,145.200,0.500
2224,3616,113,3,4,16524,231e77450318eec1,26.600,170.500,0.100
2225,3617,114,3,4,16524,4551dc1b3fa6d80f,30.000,149.400,0.500
2226,3618,115,3,4,16524,91a9c9449b96427f,25.200,229.900,0.300
2227,3619,116,3,4,16524,cc11f8ef7fafa0d9,26.200,160.200,0.100
2228,3620,117,3,4,16524,4a186490ab878ed8,25.900,143.600,0.200
2229,3621,118,3,4,16524,1038839ba23941c9,26.600,130.400,0.100
2230,3622,119,3,5,17556,a38b6b3b34fb2c4c,27.900,197.400,0.400
2231,3623,120,3,4,16524,08c110a099004584,31.900,227.800,0.500
2232,3624,121,3,4,16524,5cd6dc59be841a9f,25.800,137.600,0.100
2233,3625,122,3,5,17556,39fcdd0f9d69a450,28.600,151.700,0.100
2234,3626,123,3,5,17556,f779c59ea780527d,28.000,154.300,0.400
2235,3627,124,3,5,17556,253b4d602c053924,30.200,187.000,0.400
2236,3628,125,3,5,17556,d42b27690278839c,32.300,135.600,0.100
2237,3629,126,3,5,17556,d2e701a5110e2560,25.400,181.600,0.100
2238,3630,127,3,5,17556,dcd8cf9b9c6b19bb,26.000,241.500,0.400
2239,3631,128,3,5,17556,e346a8476e4c1ca8,28.000,135.400,0.200
2240,3632,129,3,4,16524,daa3d0e2dd2be604,25.000,137.600,0.200
2241,3633,130,3,4,16524,c800796d755b5003,25.600,150.700,0.100
2242,3634,131,3,5,17556,ecf48e3fda3ed3ac,28.200,174.200,0.100
2243,3635,132,3,5,17556,00b61ffb5ac52e8c,28.600,186.900,0.100
2244,3636,133,3,5,17556,4692a3949d8134b6,29.900,223.100,0.100
2245,3637,134,3,5,17556,332e25ed6ff46384,26.800,135.800,0.100
2246,3638,135,3,5,17556,d916c8a8c9cf02e2,29.000,170.000,1.200
2247,3639,136,3,5,17556,43090750e0df1d2a,25.300,139.500,0.100
2248,3640,137,3,5,17556,be575f24dd195b8b,28.200,171.600,0.300
2249,3641,138,3,5,17556,f2305e4a32002471,38.200,189.300,0.300
2250,3642,139,3,5,17556,8dd0f4fc53453a69,30.900,170.800,0.100
2251,3643,140,3,5,17556,a0a3d7feba7e1798,25.900,164.600,0.100
2252,3644,141,3,5,17556,75c8e81099812779,26.000,130.700,0.100
2253,3645,142,3,5,17556,37b1c23a9de1744d,29.900,153.300,0.200
2254,3646,143,3,5,17556,ad27d7e0b3e54650,26.100,129.800,0.200
2255,3647,144,3,5,17556,3549e7cef56b9d80,34.400,144.100,0.100
2256,3648,145,3,5,17556,133e2855f594ed62,28.000,148.100,0.100
2257,3650,146,3,5,17556,804c7f7d291afd0b,41.300,222.400,0.100
2258,3651,147,3,5,17556,ebd9d44788f011ab,27.400,144.200,0.200
2259,3652,148,3,4,16524,c82a2b4066bc208c,28.400,155.600,0.100
2260,3653,149,3,4,16524,96399d4ff5210f3f,28.800,186.400,0.100
2261,3654,150,3,4,16524,a6663f6408c7bf76,26.900,140.700,0.100
2262,3655,151,3,5,17556,0e1e66f61c0d2dff,28.000,202.000,0.300
2263,3656,152,3,5,17556,b0049cb9ab32af0e,26.900,156.800,0.100
2264,3657,153,3,5,17556,dbe28d51bef5da53,27.000,145.800,0.100
2265,3658,154,3,5,17556,ad726cb6f774cb91,28.500,140.900,0.100
2266,3659,155,3,4,16524,0c1f253fca520c10,36.700,147.400,0.400
2267,3660,156,3,3,15492,a98a98fd3d6db403,24.900,142.800,0.100
2268,3661,157,3,3,15492,83b050fafd1d3d84,25.900,205.100,0.100
2269,3662,158,3,3,15492,bfd5d9b3bda964fc,25.600,131.600,0.400
2270,3663,159,3,4,16524,ff9c065f531ea6b1,26.800,154.800,0.400
2271,3664,160,3,4,16524,7d0a3777af0f8c24,25.800,136.400,0.100
2272,3665,161,3,4,16524,d887931eeb0eb43f,32.200,170.000,0.300
2273,3666,162,3,4,16524,b8e7fd1de7159031,25.100,211.400,0.100
2274,3667,163,3,5,17556,e4e75a55488258f2,26.600,277.000,0.100
2275,3668,164,3,5,17556,f15873c767ecb28a,101.200,149.700,0.400
2276,3669,165,3,4,16524,12d687f4a32cbae2,24.800,236.900,0.100
2277,3670,166,3,5,17556,5a6fa916e022816e,34.400,139.800,0.100
2278,3671,167,3,5,17556,3bac216d9a612a76,37.400,158.800,0.100
2279,3672,168,3,5,17556,dd4f8db89589674c,26.800,159.500,0.300
2280,3673,169,3,6,18588,6c8a48b8243f14c5,27.500,158.200,0.100
2281,3674,170,3,4,16524,37e237cfc0417007,27.800,187.500,0.200
2282,3675,171,3,4,16524,6578dd0d19243526,31.200,240.000,0.100
2283,3676,172,3,4,16524,2da087afc7b80e50,26.700,187.700,0.100
2284,3677,173,3,3,15492,ea74c8de034fbb29,25.000,197.000,0.100
2285,3678,174,3,4,16524,d6162da42948f711,27.300,159.800,0.200
2286,3679,175,3,4,16524,a411935cb20cc106,27.500,159.000,0.100
2287,3680,176,3,4,16524,cbe9082f0a5bbfef,30.500,182.400,0.100
2288,3681,177,3,3,15492,aa093feb1db11d6a,29.400,135.500,0.100
2289,3682,178,3,3,15492,08dda29b453317d0,24.000,172.300,0.300
2290,3683,179,3,4,16524,496719091c8c9d70,25.800,183.500,0.400
2291,3684,180,3,4,16524,b7e75a68276550b4,25.700,179.600,0.400
2292,3685,181,3,4,16524,4114d289c161a6b2,27.200,168.100,0.400
2293,3686,182,3,4,16524,a39d430f9a4e0314,25.800,144.200,0.200
2294,3687,183,3,4,16524,2755f6905c4b14f6,27.400,214.400,0.400
2295,3688,184,3,4,16524,357217df417ebd1a,28.000,237.600,0.200
2296,3689,185,3,4,16524,7ef3d7866aa6e5fd,28.400,163.500,0.100
2297,3690,186,3,4,16524,c12e64914dd621a3,34.200,202.400,0.300
2298,3691,187,3,4,16524,63d76dd56ecb901f,27.600,202.600,0.200
2299,3692,188,3,4,16524,f6def9ca32454b30,25.900,167.800,0.200
2300,3693,189,3,4,16524,3547c1d04ea59431,25.700,208.900,0.100
2301,3694,190,3,4,16524,5a3dd10b6e8783b3,25.700,138.900,0.100
2302,3695,191,3,4,16524,fc69278332266ee1,23.900,206.400,0.400
2303,3696,192,3,4,16524,63be41dc2980ab9d,23.600,142.500,0.100
2304,3697,193,3,4,16524,5531f8e3a367ea5d,23.600,133.400,0.100
2305,3698,194,3,4,16524,fac1848b8d9d7fca,25.400,217.500,0.200
2306,3699,195,3,4,16524,89968accb9a21502,27.700,246.700,0.300
2307,3700,196,3,4,16524,89136861e81e85e5,35.300,206.000,0.100
2308,3701,197,3,4,16524,cd179d12131a8291,28.800,162.300,0.500
2309,3702,198,3,4,16524,bc3d75dfc4d12bb4,25.600,227.400,0.100
2310,3703,199,3,4,16524,babe2c959d9f1c66,25.700,136.600,0.100
2311,3704,200,3,4,16524,2d7b170f66106e3f,27.400,185.800,0.400
2312,3705,201,3,4,16524,7a9355defc186193,26.200,139.900,0.400
2313,3706,202,3,4,16524,044dad72a2bd2ddf,88.200,181.800,0.400
2314,3707,203,3,4,16524,e946a0779372e82e,29.800,149.200,0.300
2315,3708,204,3,4,16524,66ec91ab65ababe3,26.400,207.800,0.100
2316,3709,205,3,4,16524,a6898d83203e2076,26.100,135.100,0.300
2317,3710,206,3,4,16524,d7aaf556cb98bf1d,28.600,199.100,0.100
2318,3711,207,3,4,16524,bbc308079e52a1de,27.200,182.400,0.400
2319,3712,208,3,4,16524,7c01684bf7f88ee4,28.900,157.900,0.100
2320,3714,209,3,4,16524,53e6a50ba112f3cd,28.100,158.500,0.400
2321,3715,210,3,4,16524,e6b0953ec5609d96,26.100,146.600,0.200
2322,3716,211,3,4,16524,31c1658f57082317,27.300,151.500,0.300
2323,3717,212,3,4,16524,2328367006002981,28.200,248.100,0.400
2324,3718,213,3,4,16524,f3c1d8bf6da4c333,29.100,173.400,0.100
2325,3719,214,3,3,15492,7a1bd04fcbe824f6,24.300,144.200,0.100
2326,3720,215,3,4,16524,5ac61c501125a9f2,24.200,134.700,0.200
2327,3721,216,3,4,16524,4088f09bb7949285,25.800,136.400,0.100
2328,3722,217,3,3,15492,5d937d2d04a4b00a,24.400,159.500,0.400
2329,3723,218,3,4,16524,9dee85d54b5eaff0,25.700,171.200,0.100
2330,3724,219,3,4,16524,e6de1a5c7d356c60,25.900,144.700,0.100
2331,3725,220,3,4,16524,c3f2f3c1a8783dab,32.000,232.700,0.200
2332,3726,221,3,3,15492,4740f52ae12be1b1,27.700,149.200,0.200
2333,3727,222,3,4,16524,f38919d009a9c8d4,27.200,158.900,0.100
2334,3728,223,3,4,16524,67844c6883c04253,25.700,128.500,0.200
2335,3729,224,3,4,16524,2aafc7cb2e51a763,26.400,246.300,0.100
2336,3730,225,3,4,16524,8c696f5cd4f2ce17,27.700,151.100,0.100
2337,3731,226,3,3,15492,e1cf081e103bfca9,29.000,176.500,0.300
2338,3732,227,3,4,16524,5774f3625be6122e,25.500,137.100,0.500
2339,3733,228,3,4,16524,19fbaf6bcd956a57,26.200,137.000,0.300
2340,3734,229,3,4,16524,ca8d687ec8dd8a33,27.700,201.300,0.300
2341,3735,230,3,4,16524,5cee7fca710542ed,27.200,177.700,0.400
2342,3736,231,3,5,17556,5dc2136b79f560d3,27.100,141.900,0.200
2343,3737,232,3,6,18588,d18de75aacdf45d5,30.600,169.800,0.300
2344,3738,233,3,5,17556,9cfe24624dec0a09,29.200,181.500,0.200
2345,3739,234,3,5,17556,df8688d5c05608fb,28.100,227.800,0.100
2346,3740,235,3,5,17556,5a42fc9e03bb6833,27.700,140.000,0.100
2347,3741,236,3,4,16524,9e46e9a44500d4e6,27.300,164.600,0.100
2348,3742,237,3,5,17556,07dc7032a5e1c7f9,28.900,157.500,0.400
2349,3743,238,3,5,17556,b43ed2f051d53d2d,28.000,151.400,0.200
2350,3744,239,3,4,16524,317e2a4f6c83cbf1,59.800,205.300,0.300
2351,3745,240,3,4,16524,2b5ce2f8ca3b3c1d,25.400,129.200,0.100
2352,3746,241,3,4,16524,094f67974e7f32ed,26.800,145.200,0.300
2353,3747,242,3,4,16524,f1414870f1e50071,47.000,143.100,0.100
2354,3748,243,3,5,17556,25761006bbbc24e1,27.800,161.500,0.100
2355,3749,244,3,5,17556,1ab27f2846d6cf21,27.500,186.600,0.400
2356,3750,245,3,5,17556,9e982486907380d6,27.900,182.300,0.200
2357,3751,246,3,5,17556,c016d1fc8882e78a,30.700,185.400,0.100
2358,3752,247,3,4,16524,1a15bc6def8008c5,24.200,168.600,0.100
2359,3753,248,3,5,17556,e85bb06808c3b3cb,28.700,141.800,0.300
2360,3754,249,3,4,16524,1dde20b2760584c4,28.400,155.600,0.700
2361,3755,250,3,5,17556,2a63bd003045cc41,25.100,145.900,0.200
2362,3756,251,3,4,16524,ed734f119d3993f0,26.500,147.100,0.400
2363,3757,252,3,5,17556,63f7c3a82e157763,47.800,164.300,0.500
2364,3758,253,3,4,16524,19c5ae53aedd2af0,25.400,140.200,0.400
2365,3759,254,3,4,16524,778ec3b8da4cd92b,24.300,143.800,0.200
2366,3760,255,3,5,17556,3505e6d9f4cbfbf7,27.600,191.700,0.100
2367,3761,256,3,4,16524,8b68147da9563808,33.000,191.300,0.100
2368,3762,257,3,5,17556,88418c777415c363,30.200,185.900,0.100
2369,3763,258,3,5,17556,f73c59676e33189d,27.900,159.900,0.100
2370,3764,259,3,5,17556,235ef1ff18dc51e7,28.500,154.300,0.100
2371,3765,260,3,4,16524,3110895f0fb61bf6,28.300,150.200,0.200
2372,3766,261,3,5,17556,ee9e929dbdbff34d,27.300,166.400,0.100
2373,3767,262,3,5,17556,e999bacfa7c1b9ea,26.900,151.400,0.500
2374,3768,263,3,3,15492,d570498cccfe7a30,25.700,202.000,0.100
2375,3769,264,3,4,16524,9bab11beb16fea0b,26.000,225.700,0.300
2376,3770,265,3,4,16524,e04aa1114aebca27,26.500,164.600,0.100
2377,3771,266,3,5,17556,0a365e2f831665b6,28.600,187.800,1.300
2378,3772,267,3,5,17556,f3655daa8022dbfc,28.600,164.300,0.100
2379,3773,268,3,4,16524,7c6e8ffeffaef085,28.500,160.800,0.100
2380,3774,269,3,6,18588,e2d52a909326b9e1,30.100,143.600,0.100
2381,3775,270,3,4,16524,aa3b26e8c9459f24,33.400,127.800,0.200
2382,3776,271,3,8,20652,33fd821b193bb3ed,34.500,183.900,0.300
2383,3777,272,3,6,18588,8ab9db1fa3e3c2a5,29.000,165.500,0.400
2384,3778,273,3,6,18588,a2e9acc2aa294a5e,26.700,160.500,0.100
2385,3779,274,3,5,17556,87671dfc9b5a710a,29.900,147.900,0.100
2386,3780,275,3,5,17556,d452ae7f2005e145,28.900,219.400,0.100
2387,3781,276,3,6,18588,6b008b6356e35a70,29.400,165.500,0.100
2388,3782,277,3,4,16524,0aade70d4c7e5f20,24.700,176.700,0.100
2389,3783,278,3,4,16524,edeeb97f49893561,26.200,197.600,0.300
2390,3784,279,3,5,17556,2593a53873d93e27,28.900,157.000,0.100
2391,3785,280,3,6,18588,4cb106c50c2f6147,28.700,148.100,0.200
2392,3786,281,3,4,16524,ba9bd1dde5621801,27.500,217.800,0.500
2393,3787,282,3,4,16524,e12eecc60ad9916e,24.800,194.200,0.100
2394,3788,283,3,5,17556,721aafbf39580010,27.200,191.900,0.200
2395,3789,284,3,7,19620,f4cd9a0a5cb28736,28.800,139.100,0.100
2396,3790,285,3,4,16524,75460da5b7375464,57.000,219.000,0.100
2397,3791,286,3,5,17556,38dd75d84fe6d2d2,32.200,154.500,0.300
2398,3792,287,3,6,18588,e9fa885c5ecb6f71,28.100,178.100,0.100
2399,3793,288,3,4,16524,3eff3f8b920a2a81,31.200,162.200,0.500
2400,3794,289,3,2,14460,133af62002a03595,40.100,182.900,0.200
2401,3795,290,3,2,14460,74f019a6f4d143e0,23.800,168.100,0.100
2402,3796,291,3,3,15492,a2aca363ce93f4ab,23.400,131.900,0.100
2403,3797,292,3,3,15492,9f577277da8d7901,24.700,183.000,0.100
2404,3798,293,3,5,17556,ac98398f3669fcc8,26.600,130.400,0.100
2405,3800,294,3,7,19620,5ab6160f38f4e671,31.600,142.200,0.100
2406,3801,295,3,2,14460,74a816d399df6a92,26.900,175.900,0.100
2407,3802,296,3,1,13428,72a5688711ed6efd,28.600,180.200,0.100
2408,3803,297,3,4,16524,18ed3f065f1993a8,31.600,146.300,0.400
2409,3804,298,3,5,17556,6bb8769a1062cc51,26.200,132.700,0.100
2410,3805,299,3,7,19620,17680662502c6a10,30.200,136.500,0.100
2411,3807,300,3,7,19620,31d5e5a420689ffc,27.700,194.200,0.200
2412,3808,301,3,7,19620,3ab3cadc4a7ac676,30.900,144.500,0.400
2413,3809,302,3,8,20652,9fc51733a6228900,29.500,134.600,0.200
2414,3810,303,3,9,21684,48de9032190fbfcc,60.700,228.300,0.300
2415,3811,304,3,10,22716,070c5836b104273e,32.400,143.500,0.100
2416,3812,305,3,9,21684,10c7c023b8de1fd4,30.100,206.700,0.200
2417,3813,306,3,10,22716,78c7c8518dddb552,32.900,168.800,0.100
2418,3814,307,3,11,23748,bc93b1123888f722,33.500,192.800,0.300
2419,3815,308,3,11,23748,8dc91e85f6cfd59d,35.100,167.900,0.100
2420,3816,309,3,11,23748,61276d890d41709e,33.200,135.100,0.100
2421,3817,310,3,12,24780,a0618033c0269c71,34.800,227.200,0.100
2422,3818,311,3,12,24780,caeb8e5b2cdc6b65,35.900,188.500,0.400
2423,3819,312,3,12,24780,44f345a2a1628b5e,33.200,175.600,0.100
2424,3820,313,3,12,24780,452b5eac1870b3cb,32.100,146.700,0.100
2425,3821,314,3,14,26844,2cb900998c3c7966,40.700,170.800,0.500
2426,3822,315,3,13,25812,9842b5e500ca8d32,30.900,152.000,0.100
2427,3823,316,3,12,24780,d67e10a59ff9a995,45.400,172.900,0.200
2428,3824,317,3,12,24780,e467b9d2922a3e50,34.400,141.100,0.100
2429,3825,318,3,12,24780,230b2b22be2c55ec,32.300,146.800,0.200
2430,3826,319,3,12,24780,d0714da50d2cfc38,35.100,176.000,0.200
2431,3827,320,3,13,25812,7d806f74a5f7482d,35.900,180.100,0.100
2432,3828,321,3,13,25812,c5bd15c202bde65d,35.800,162.400,0.100
2433,3829,322,3,14,26844,9092e915499a02e3,36.500,143.800,0.100
2434,3830,323,3,14,26844,6bd59eed603c08a5,37.500,151.400,0.200
2435,3831,324,3,14,26844,9c3e692b34f1b699,44.200,178.100,0.100
2436,3832,325,3,15,27876,a8ae76b866fe3afa,52.900,145.300,0.100
2437,3833,326,3,15,27876,fa6ab83049c1223a,39.200,154.800,0.100
2438,3834,327,3,15,27876,4589f96a07c73a61,36.300,148.000,0.100
2439,3835,328,3,15,27876,138b30b5dd06df36,38.100,147.200,0.400
2440,3836,329,3,15,27876,dc0fe3e8e595d080,36.900,155.700,0.100
2441,3837,330,3,15,27876,1991888ae5e399e8,36.200,186.800,0.100
2442,3838,331,3,15,27876,44df6bfd8d4ec57c,36.100,139.000,0.100
2443,3839,332,3,15,27876,bdfbc05c84b4909b,36.100,164.600,0.100
2444,3840,333,3,15,27876,b1e2c1b83929d873,39.700,145.800,0.300
2445,3841,334,3,15,27876,9e29bf277dfdb4fa,36.900,159.600,0.400
2446,3842,335,3,15,27876,9869f2d1ee6a4693,37.300,151.700,0.100
2447,3843,336,3,15,27876,a0b12c7c008422bb,39.400,176.100,0.400
2448,3844,337,3,15,27876,415d529c0565cebc,36.400,146.100,0.100
2449,3845,338,3,15,27876,af500376f22ebbe0,35.700,175.600,0.100
2450,3846,339,3,15,27876,e3bb40baabd22591,37.000,140.800,0.200
2451,3847,340,3,16,28908,0381cec0ca4b4a5e,37.600,226.500,0.200
2452,3848,341,3,16,28908,9f5b4d69908a8820,37.400,198.400,0.300
2453,3849,342,3,15,27876,58bcd332dd5b9d49,35.700,182.800,0.100
2454,3850,343,3,16,28908,090327151f618fe0,36.800,145.500,0.400
2455,3851,344,3,16,28908,83d329d1db0e6e1c,37.700,170.500,0.400
2456,3852,345,3,16,28908,335d1acbdad41dc4,38.500,198.600,0.200
2457,3853,346,3,16,28908,7171bffb207edf5f,40.400,174.800,0.100
2458,3854,347,3,16,28908,02588244a3e78cb9,37.400,135.400,0.100
2459,3855,348,3,16,28908,eb0d50addf78bc74,38.500,163.500,0.100
2460,3856,349,3,16,28908,810779e906ec6241,43.500,159.500,0.400
2461,3857,350,3,16,28908,1787bf15e1938690,37.600,138.400,0.100
2462,3858,351,3,16,28908,35c5eccd84052118,39.100,144.900,0.100
2463,3859,352,3,17,29940,fc5dac77751e46de,40.500,139.800,0.100
2464,3860,353,3,17,29940,82d9f3fa295b1ed9,40.900,147.500,0.100
2465,3861,354,3,17,29940,8996dfbba44b7e11,40.700,226.100,0.200
2466,3862,355,3,17,29940,52c2b61aff2bfe9b,39.500,170.300,0.100
2467,3863,356,3,17,29940,13af2d4361c2beef,50.700,192.400,0.200
2468,3864,357,3,17,29940,03e252ca490a3154,39.400,150.000,0.200
2469,3865,358,3,17,29940,9ebec08ff70dc03f,40.800,142.300,0.300
2470,3866,359,3,17,29940,46749c8a5a9383b3,48.800,140.000,0.100
2471,3867,360,3,17,29940,7db93c434b83d33d,40.200,201.800,0.100
2472,3868,361,3,17,29940,68215652ff91ffd3,44.300,173.500,0.100
2473,3869,362,3,17,29940,f60f36d4b761b41c,39.400,213.900,0.100
2474,3870,363,3,17,29940,2e25a2dd495d53fb,38.400,157.100,0.100
2475,3871,364,3,17,29940,1557a00d44d88524,41.900,198.600,0.100
2476,3872,365,3,17,29940,e180fae6d172f0f2,40.300,152.900,0.300
2477,3873,366,3,17,29940,79988c1ae2a36661,53.500,143.500,0.100
2478,3874,367,3,17,29940,6b504eb05f3fe998,39.000,139.300,0.200
2479,3875,368,3,17,29940,5e2ebeadf0c2f21e,41.200,208.600,0.100
2480,3876,369,3,17,29940,8cc435715b539070,38.400,174.900,0.200
2481,3877,370,3,17,29940,a2912b5a88639543,39.000,150.600,0.200
2482,3878,371,3,17,29940,e7bdab4536179314,41.100,179.700,0.400
2483,3879,372,3,17,29940,4c9f7ce113cf45db,41.200,158.800,0.400
2484,3880,373,3,17,29940,f416b309f0f337ef,39.400,191.300,0.100
2485,3881,374,3,17,29940,d19d297eb02a92fb,39.300,143.500,0.100
2486,3882,375,3,17,29940,e0830fa3b8a87712,46.400,168.000,0.400
2487,3883,376,3,17,29940,6a565a857b9b5556,46.700,150.600,0.100
2488,3884,377,3,17,29940,f62fb276dc53bb97,40.200,219.200,0.400
2489,3885,378,3,17,29940,42745fa64fc6db42,39.100,172.200,0.300
2490,3886,379,3,17,29940,124ad634c6618627,41.800,211.800,0.400
2491,3887,380,3,17,29940,59bb7e44aa1454a8,41.500,212.200,0.100
2492,3888,381,3,17,29940,2a7396aa03512b53,48.500,192.300,0.500
2493,3889,382,3,17,29940,e7fa2b9284bf9dd5,40.400,199.200,0.200
2494,3890,383,3,16,28908,cea9d504f1ece9cc,63.900,228.700,0.200
2495,3891,384,3,9,21684,91285025c73302f1,31.400,146.500,0.100
2496,3892,385,3,9,21684,70bc349831ccb570,31.900,215.500,0.100
2497,3893,386,3,9,21684,ddeae2d0a8e2f3be,33.100,174.300,0.100
2498,3894,387,3,9,21684,a51caafdb5c5e03e,32.400,148.700,0.200
2499,3895,388,3,9,21684,175cc9fe888b7b8a,30.600,177.100,0.200
2500,3896,389,3,9,21684,db382dbdf877125e,30.700,137.400,0.200
2501,3897,390,3,9,21684,9cf8ec51c8e026da,30.900,167.900,0.100
2502,3898,391,3,9,21684,cad2dd0c595a200f,31.100,168.600,0.100
2503,3899,392,3,9,21684,04aaec8430c20754,30.000,139.300,0.100
2504,3900,393,3,9,21684,9eb986d3d4e58a2a,34.700,169.800,0.500
2505,3901,394,3,9,21684,1058bb2495a6ddc3,31.400,145.400,0.100
2506,3902,395,3,9,21684,7d7bbc1cfb0a2974,31.100,153.200,0.100
2507,3903,396,3,9,21684,be16a6adc440427f,39.200,283.500,0.400
2508,3904,397,3,9,21684,17e13bf687679bcd,52.500,137.400,0.100
2509,3905,398,3,9,21684,9246c84286e87d30,35.900,148.300,0.200
2510,3906,399,3,9,21684,4df1130fd83cd116,32.400,226.200,0.300
2511,3907,400,3,9,21684,a306a67169db2a16,39.300,139.400,0.100
2512,3908,401,3,9,21684,fc1510525b1e4f51,39.600,208.600,0.100
2513,3910,402,3,9,21684,d7819b0349e79153,28.400,142.600,0.100
2514,3911,403,3,9,21684,051c80ade7ce9a7f,29.400,210.700,0.100
2515,3912,404,3,9,21684,d3681cb8f30c92df,30.100,140.400,0.100
2516,3913,405,3,9,21684,829e0732b530d8b1,32.600,153.500,0.200
2517,3914,406,3,9,21684,471b5ae9de3f6931,31.000,134.300,0.100
2518,3915,407,3,9,21684,533e9500e2eb5270,29.800,174.500,0.200
2519,3916,408,3,9,21684,5f7f6fcec67f9bf9,28.900,189.500,0.400
2520,3917,409,3,9,21684,20e02905253a6eb7,33.400,164.100,0.200
2521,3918,410,3,9,21684,09fe8a6f4c97ea79,37.000,164.800,0.300
2522,3919,411,3,9,21684,9c6a3b888b4e4314,30.700,140.900,0.100
2523,3920,412,3,9,21684,347bdd9918456333,31.800,190.900,0.200
2524,3921,413,3,9,21684,3efd6e4f65d7505b,41.900,150.600,0.400
2525,3922,414,3,9,21684,8969ccfc49c5f292,31.800,157.700,0.100
2526,3923,415,3,9,21684,0ed27264bc28c09a,29.800,136.500,0.100
2527,3924,416,3,9,21684,4428ae9bb936a507,31.700,212.900,0.500
2528,3925,417,3,9,21684,55ceafb593cad165,29.400,136.200,0.100
2529,3926,418,3,9,21684,aba660c8201cb464,32.900,185.700,0.200
2530,3927,419,3,9,21684,5f9144b22ae393a1,30.100,145.600,0.100
2531,3928,420,3,9,21684,dd7f0d1254a563ff,30.400,140.100,0.200
2532,3929,421,3,9,21684,0b437728d09edc49,31.600,167.200,0.100
2533,3930,422,3,9,21684,6f7f9e174839d3f6,32.000,201.800,0.300
2534,3931,423,3,9,21684,aacc90336c64302d,52.700,197.000,0.600
2535,3932,424,3,9,21684,8cecf41f44851f12,30.400,143.200,0.300
2536,3933,425,3,9,21684,e26dea4692b305ee,30.400,166.400,0.400
2537,3934,426,3,8,20652,4398ffb5532bba33,56.300,148.400,0.400
2538,3935,427,3,8,20652,7a9b8c8776d1bb6e,30.800,131.300,0.100
2539,3936,428,3,8,20652,e0c2cd22fa6e18de,30.700,182.600,0.100
2540,3937,429,3,8,20652,45c3fa154a178333,31.000,168.100,0.100
2541,3938,430,3,9,21684,e88f9cc61734b1ee,31.800,184.300,0.400
2542,3939,431,3,9,21684,4dfef1b66d7f8257,41.200,191.700,0.300
2543,3940,432,3,9,21684,030eb66a85ba2ab3,32.800,203.400,0.100
2544,3941,433,3,9,21684,95d24f05c229ad0d,31.800,173.100,0.100
2545,3942,434,3,8,20652,13f264d52c58f9db,51.400,163.200,1.200
2546,3943,435,3,8,20652,ecdb53817ea12d40,31.600,144.500,0.100
2547,3944,436,3,8,20652,35c63d0fe6024a27,67.000,214.900,0.100
2548,3945,437,3,8,20652,150ec85a7cca4cb2,30.700,150.100,0.200
2549,3946,438,3,8,20652,a269287261024abf,32.500,153.900,0.200
2550,3947,439,3,8,20652,452212d9ca8cfbf6,29.900,144.300,0.100
2551,3948,440,3,8,20652,0cde29bd6efb7346,32.500,137.600,0.100
2552,3949,441,3,8,20652,061e90a4b456d4f3,42.600,166.300,0.400
2553,3950,442,3,8,20652,887e829a00908911,29.400,137.600,0.100
2554,3951,443,3,8,20652,b17b2dccc4beb64c,30.300,292.300,0.100
2555,3952,444,3,8,20652,3321cad9c9c27635,40.600,178.600,0.100
2556,3953,445,3,8,20652,dfe805555c10bc08,35.500,152.800,0.200
2557,3954,446,3,9,21684,1126de698d510be3,31.100,146.800,0.100
2558,3955,447,3,9,21684,0646466b0b094d71,31.900,162.800,0.100
2559,3956,448,3,9,21684,52b1da44cd7617e6,31.100,149.300,0.100
2560,3957,449,3,9,21684,62fbfbae97b715d3,92.900,164.700,0.700
2561,3958,450,3,9,21684,44784a3b28dab87e,41.300,152.400,0.100
2562,3959,451,3,9,21684,c04dacf969769230,32.200,249.900,0.100
2563,3960,452,3,9,21684,b0576541263cab9c,31.000,165.900,0.500
2564,3961,453,3,9,21684,79d557dee81641c2,32.500,142.500,0.100
2565,3962,454,3,8,20652,55e114cc2fb3b6f8,31.900,197.500,0.400
2566,3963,455,3,8,20652,f1b5f65b7e429ab6,30.000,177.900,0.100
2567,3964,456,3,8,20652,4fba8766d9b1f502,30.800,174.800,1.300
2568,3965,457,3,8,20652,73729dfcf1c8ed4b,30.300,199.800,0.100
2569,3966,458,3,8,20652,ba03b46eadb003d5,29.900,142.300,0.100
2570,3967,459,3,8,20652,43beeaf012248e07,30.000,146.900,0.100
2571,3968,460,3,8,20652,645982a91727f45f,28.800,146.300,0.100
2572,3969,461,3,8,20652,22b7bc77ba26f866,29.100,166.300,0.200
2573,3970,462,3,8,20652,d0affb009ee76b50,27.800,140.700,0.100
2574,3971,463,3,8,20652,f73b188a562d2c97,38.900,147.100,0.200
2575,3972,464,3,8,20652,6cd1c43f4f9ac044,30.400,153.000,0.300
2576,3973,465,3,8,20652,d1dff528a41c1635,32.500,199.100,0.100
2577,3974,466,3,8,20652,35257d0681614a27,41.000,146.500,0.300
2578,3975,467,3,8,20652,810ff1826693ebbb,29.100,160.700,0.100
2579,3976,468,3,8,20652,ef3876396e3f48ba,30.800,143.000,0.100
2580,3977,469,3,8,20652,43c392c6f8a707ea,49.400,161.800,0.200
2581,3978,470,3,8,20652,cf6477c23e4f5156,31.200,199.300,0.100
2582,3979,471,3,8,20652,7e5ed24ed6b7c5de,29.300,142.600,0.100
2583,3980,472,3,8,20652,ef0d4d10df5dab99,63.700,148.900,0.100
2584,3981,473,3,8,20652,7e958c14f2f5340f,33.400,164.500,0.100
2585,3982,474,3,8,20652,d14e93d4971b2d48,31.200,147.200,0.200
2586,3983,475,3,8,20652,1cd9955ba71e62cd,30.300,161.700,0.100
2587,3984,476,3,8,20652,4b74a092f30fa9c4,29.800,151.100,0.200
2588,3985,477,3,8,20652,d69e40e6c5921430,30.300,146.800,0.100
2589,3986,478,3,8,20652,28a950eace8f5906,29.800,151.000,0.400
2590,3987,479,3,8,20652,a291d2eecf78607c,31.700,144.200,0.200
2591,3988,480,3,8,20652,342cc559632f2f45,31.400,172.900,0.200
2592,3989,481,3,8,20652,b9ea4488fa44a9fc,30.200,154.700,0.500
2593,3990,482,3,8,20652,8ed253af7c6388f6,33.400,205.100,0.100
2594,3991,483,3,8,20652,4bc89b5db40cfed2,28.400,226.400,0.400
2595,3992,484,3,8,20652,b1feca747a10ee0b,31.400,179.400,0.100
2596,3993,485,3,8,20652,12e92e4ab4a0ccde,29.200,210.000,0.300
2597,3994,486,3,8,20652,451d355ab80e0da3,30.200,180.600,0.100
2598,3995,487,3,9,21684,b547a5dd2d20e9c9,31.000,137.900,0.200
2599,3996,488,3,10,22716,f6089fd00199a55e,36.100,168.500,0.100
2600,3997,489,3,10,22716,cfc3f09f80ef99b3,36.300,143.600,0.200
2601,3998,490,3,10,22716,7732f157ada18b25,40.800,155.200,0.300
2602,3999,491,3,10,22716,a9ca7e32786424a9,31.500,185.700,0.200
2603,4000,492,3,9,21684,cc0fcc0d16cb6189,42.400,188.200,0.300
2604,4001,493,3,9,21684,bc620da68df6d6e0,32.800,168.400,0.200
2605,4002,494,3,9,21684,90ae49b1ea24e88d,31.700,173.900,0.200
2606,4003,495,3,9,21684,ba068484335d6db4,31.900,153.300,0.200
2607,4004,496,3,9,21684,d1fc5a18d5bcca15,32.900,178.000,0.100
2608,4005,497,3,9,21684,f164a62071ba21bd,34.700,166.100,0.200
2609,4006,498,3,9,21684,a374acb42d3f5ec8,33.100,174.600,0.400
2610,4007,499,3,9,21684,ea2152a5424a6daf,33.300,164.100,0.400
2611,4008,500,3,9,21684,c8a57020b16ce535,31.000,144.400,0.100
2612,4009,501,3,9,21684,b7a213ca6898af4b,31.800,172.500,0.200
2613,4010,502,3,8,20652,3adb5fe0f4e4b3ec,31.300,141.500,0.100
2614,4011,503,3,8,20652,794fb93f2193c913,59.300,211.800,0.200
2615,4012,504,3,8,20652,4c33a9c42e70b213,30.900,141.100,0.100
2616,4013,505,3,8,20652,56dc5c401dfa971b,33.400,150.300,0.100
2617,4014,506,3,8,20652,faa3402c3321f3f3,28.100,179.700,0.100
2618,4015,507,3,8,20652,f15135408d014e7e,31.100,202.400,0.400
2619,4016,508,3,8,20652,b6e01f0b6194ad2a,34.200,257.600,0.300
2620,4017,509,3,8,20652,5ad21bc708305459,39.600,194.100,0.100
2621,4018,510,3,8,20652,fce6fdfe1fda227f,31.700,145.400,0.100
2622,4019,511,3,8,20652,aac3e3d91a6f5a0c,40.400,162.300,0.200
2623,4020,512,3,8,20652,61d00fcd5e21ee4c,30.700,164.400,0.100
2624,4021,513,3,8,20652,5a17aeac24bf8563,29.000,172.300,0.100
2625,4022,514,3,9,21684,553eab745e2a32d3,31.700,143.500,0.300
2626,4023,515,3,8,20652,0eff870285f69146,29.700,137.600,0.100
2627,4024,516,3,10,22716,4814fa5ac8aeade8,31.300,131.000,0.100
2628,4025,517,3,11,23748,a5c394088274a8bb,34.100,149.500,0.100
2629,4026,518,3,8,20652,5299cefe49aec94c,30.600,175.100,0.200
2630,4027,519,3,7,19620,11c0048bf983188b,31.500,157.600,0.100
2631,4028,520,3,7,19620,b040a5a65b38bb25,31.100,183.900,0.300
2632,4029,521,3,7,19620,c30f80e8203b0141,29.300,166.200,0.100
2633,4030,522,3,7,19620,1952eadfdd783be8,30.400,187.600,0.100
2634,4031,523,3,6,18588,d4ec7c11048792b8,27.300,150.900,0.200
2635,4032,524,3,5,17556,4f3a9446db6e6ca7,27.500,148.600,0.200
2636,4033,525,3,5,17556,842dbab948d006cf,28.100,153.500,0.400
2637,4034,526,3,5,17556,f6f90f1d1859ebfd,50.400,147.800,0.300
2638,4035,527,3,5,17556,2390175a53673f04,24.100,133.300,0.200
2639,4036,528,3,5,17556,baaa933874dd4102,27.100,137.000,0.200
2640,4037,529,3,5,17556,3fb7e2dc24d5b80a,27.500,143.500,0.100
2641,4038,530,3,5,17556,06f2dd8aa3195a0d,27.100,168.800,0.200
2642,4039,531,3,5,17556,7ba6b307a65beaeb,28.100,337.500,0.300
2643,4040,532,3,5,17556,61fcff3d935a6d4e,33.500,199.500,0.100
2644,4041,533,3,5,17556,4400868b540a6a12,40.800,154.500,0.100
2645,4042,534,3,5,17556,6be19b0b99e36852,28.300,282.900,0.300
2646,4043,535,3,5,17556,571494ed6f18dcf1,26.900,149.400,0.100
2647,4044,536,3,5,17556,cd7f134070d2e4d3,26.800,139.100,0.300
2648,4045,537,3,5,17556,6ecb8d84883504cd,69.400,162.700,0.100
2649,4046,538,3,5,17556,a6eebd9e7bdde2bb,27.400,170.100,0.200
2650,4047,539,3,4,16524,26f7d13e80188913,27.300,144.000,0.200
2651,4048,540,3,4,16524,1b4d134c97d4428e,27.100,145.600,0.400
2652,4049,541,3,4,16524,f1c5dc3b776973b8,28.300,232.700,0.100
2653,4050,542,3,4,16524,1767a4b3f8bc359c,26.700,125.200,0.100
2654,4051,543,3,4,16524,0038fd28fc394784,26.000,131.100,0.200
2655,4052,544,3,4,16524,b321e917b55dc719,30.300,224.600,0.300
2656,4053,545,3,4,16524,176871a4b80388b7,26.500,178.400,0.200
2657,4054,546,3,4,16524,726d7bf94e852fde,26.900,226.500,0.200
2658,4055,547,3,4,16524,a9022053e79a90cd,25.700,135.700,0.100
2659,4056,548,3,4,16524,b40be9f3051d95ce,24.200,139.300,0.100
2660,4057,549,3,4,16524,6b42ee89a1a4b8ce,27.000,144.700,0.400
2661,4058,550,3,4,16524,3eb4ce3dafbd1d31,24.600,137.500,0.100
2662,4059,551,3,4,16524,a33de2ce1d7f089f,26.100,143.900,0.100
2663,4060,552,3,3,15492,353a9da499201f60,28.600,210.900,0.300
2664,4061,553,3,3,15492,bdbcdff88e58bee7,25.900,166.200,0.100
2665,4062,554,3,3,15492,37cfa083f921510d,25.400,148.000,0.100
2666,4063,555,3,3,15492,bb70fc730f6dcb2a,27.700,218.200,0.100
2667,4064,556,3,3,15492,8dc335d784ec798b,45.200,154.500,0.100
2668,4065,557,3,3,15492,38b45dbbae6f390c,27.100,180.000,0.100
2669,4066,558,3,4,16524,470a5c65a6a502f3,27.200,163.200,0.100
2670,4067,559,3,4,16524,fc2eb0684b159f9e,26.800,170.700,0.100
2671,4068,560,3,4,16524,aa70793786fc68ab,29.500,155.700,0.200
2672,4069,561,3,4,16524,ff0c8de8cbd8f2a5,27.200,176.700,0.100
2673,4070,562,3,4,16524,3fe71cdba53be082,30.800,173.900,0.500
2674,4071,563,3,4,16524,a6e4e0b93dd497cf,33.200,189.600,0.300
2675,4072,564,3,4,16524,02e802646b7b8718,25.900,141.400,0.100
2676,4073,565,3,3,15492,23a39aa4efbe0f1d,25.500,148.800,0.100
2677,4074,566,3,3,15492,1fd1f90fe2c9985f,25.600,140.100,0.100
2678,4075,567,3,3,15492,0e4123d7447ca967,23.000,177.800,0.200
2679,4076,568,3,3,15492,e7057068e81aeef4,24.100,144.500,0.200
2680,4077,569,3,3,15492,add052fd68f186b2,35.200,245.300,0.100
2681,4078,570,3,3,15492,edadf2190c23088c,25.800,297.300,0.100
2682,4079,571,3,3,15492,221495e7c73df401,25.400,149.900,0.200
2683,4080,572,3,4,16524,59aa915fb9274fd8,26.200,180.300,0.200
2684,4081,573,3,4,16524,06aa036e494a74b3,26.100,148.600,0.400
2685,4082,574,3,5,17556,e9732499a3b99ac3,26.900,184.300,0.300
2686,4083,575,3,5,17556,d4be9a923ac738b7,28.000,186.100,0.100
2687,4084,576,3,5,17556,c4879639fedb4cd6,25.500,152.900,0.400
2688,4085,577,3,5,17556,970a558c99cd4dfe,37.900,210.000,0.400
2689,4086,578,3,4,16524,c89db2b67b43e677,26.300,146.700,0.100
2690,4087,579,3,4,16524,0ac17b458cf7ee6c,32.000,213.500,0.500
2691,4088,580,3,5,17556,d719abfb07309c97,26.500,140.000,0.100
2692,4089,581,3,5,17556,dcaede63da6cf806,26.400,135.100,0.100
2693,4090,582,3,5,17556,e1d93e1f30b17425,28.600,197.000,0.200
2694,4091,583,3,5,17556,61e07a9a630a3fb7,26.500,190.100,0.100
2695,4092,584,3,5,17556,1542276ef1f293b9,24.400,179.600,0.400
2696,4093,585,3,5,17556,74a30a744e6d195a,27.200,146.200,0.100
2697,4094,586,3,5,17556,573d41779ded4df3,27.800,158.000,0.100
2698,4095,587,3,5,17556,cfc1a9f518c934e4,27.000,159.600,0.300
2699,4096,588,3,5,17556,b1f80667ddd80831,25.900,195.400,0.100
2700,4097,589,3,5,17556,25155a71b512de45,60.600,221.600,0.400
2701,4098,590,3,5,17556,3c76037f8329f168,27.000,138.400,0.200
2702,4099,591,3,4,16524,b51616420653077a,26.400,197.500,0.400
2703,4100,592,3,4,16524,336f21e010f7d832,24.900,140.700,0.100
2704,4101,593,3,4,16524,2992096b14acb022,26.400,155.900,0.200
2705,4102,594,3,4,16524,23dc5a43d2160873,28.900,144.700,0.100
2706,4103,595,3,4,16524,87f55f58fda50033,27.400,220.100,0.300
2707,4104,596,3,4,16524,e9b60acbb3af2355,25.400,228.700,0.200
2708,4105,597,3,4,16524,a2f170a953f73f07,27.500,219.000,0.200
2709,4106,598,3,4,16524,90a23fcf8f3d387e,25.400,135.700,0.200
2710,4107,599,3,5,17556,19f63565a1ec55bd,28.300,211.100,0.100
2711,4108,600,3,5,17556,77c06ed676dc61b1,29.200,157.800,0.100
2712,4109,601,3,5,17556,9df63014aeba5932,26.900,193.100,0.200
2713,4110,602,3,5,17556,82f69842823dafcb,28.200,186.900,0.100
2714,4111,603,3,5,17556,968dadb2b728931b,26.700,140.000,0.200
2715,4112,604,3,5,17556,da9d1fdabde75e9f,26.000,140.500,0.100
2716,4113,605,3,5,17556,844ab9552a6e8a1e,35.000,169.600,0.200
2717,4114,606,3,5,17556,33fec00e46b010a6,28.200,180.200,0.100
2718,4115,607,3,5,17556,415b2382598462b0,25.600,139.300,0.100
2719,4116,608,3,5,17556,7b7060df414d3d8a,26.400,187.000,0.400
2720,4117,609,3,5,17556,8de3d9b3ab6ca38c,28.800,153.900,0.200
2721,4118,610,3,3,15492,ba1d6bfea1ed0ee8,24.900,140.700,0.200
2722,4119,611,3,3,15492,d6bce77591d45832,26.300,137.300,0.100
2723,4120,612,3,4,16524,e5a5db9a3bda8b4c,35.500,148.500,0.100
2724,4121,613,3,4,16524,d5d93589ecc414aa,31.300,167.300,0.100
2725,4122,614,3,4,16524,5c94f7523e94522f,27.800,220.200,0.200
2726,4123,615,3,4,16524,898be255a6f8ea88,28.800,155.000,0.400
2727,4124,616,3,4,16524,07c64f9e6fe4525b,27.200,171.900,0.100
2728,4125,617,3,5,17556,2eda908be04f6151,29.500,164.700,0.400
2729,4126,618,3,5,17556,d8a9e0d4b3961d3c,26.300,185.900,0.200
2730,4127,619,3,5,17556,11346ffed490de32,26.300,138.100,0.100
2731,4128,620,3,5,17556,ae9b6bc724245c01,29.000,169.000,0.100
2732,4129,621,3,5,17556,f53b2b774f5710e9,27.600,144.900,0.100
2733,4130,622,3,4,16524,a189dd0725fb5e2b,25.300,147.700,0.100
2734,4131,623,3,5,17556,2d4275a9d01e8f34,29.000,181.100,1.200
2735,4133,624,3,6,18588,5cd372ae3145783b,30.300,218.100,0.100
2736,4135,625,3,6,18588,a902cc4f75c1a48f,55.400,152.000,0.500
2737,4137,626,3,5,17556,d1530713805d46ae,28.100,187.200,0.300
2738,4139,627,3,5,17556,98d744b1f20191a8,26.500,144.200,0.100
2739,4140,628,3,5,17556,698bcd923e32f551,27.900,141.100,0.300
2740,4141,629,3,5,17556,f0d3956d75a3db64,25.800,136.200,0.100
2741,4142,630,3,5,17556,c6b5e4f616260a98,28.500,142.900,0.200
2742,4143,631,3,5,17556,5504628d54eaa738,25.900,140.800,0.100
2743,4144,632,3,4,16524,d16d98e3a4fb3e4f,27.700,145.800,0.400
2744,4145,633,3,4,16524,1cbe233dfea21f08,27.600,158.700,0.300
2745,4146,634,3,5,17556,b343f0abfd025ce3,26.600,144.900,0.200
2746,4147,635,3,4,16524,3c0255dd5353f2c9,26.100,154.400,0.400
2747,4148,636,3,6,18588,03f68519c4b9127d,38.300,159.300,0.100
2748,4149,637,3,5,17556,84868127238925fe,27.100,142.900,0.100
2749,4150,638,3,4,16524,2e9349ead83aa98a,27.500,173.200,0.100
2750,4151,639,3,5,17556,a6390426166558e1,36.500,138.300,0.500
2751,4152,640,3,5,17556,017b1024cff5740e,34.200,322.200,0.200
2752,4153,641,3,4,16524,26599cd1b6066e49,33.700,143.000,0.300
2753,4154,642,3,3,15492,319b79ef1b99c139,23.600,138.000,0.100
2754,4155,643,3,4,16524,591dfdbf018791f5,25.200,172.200,0.100
2755,4156,644,3,4,16524,0ec1363b005f1af9,31.900,180.600,0.100
2756,4157,645,3,4,16524,2465f5e1d0c24684,118.200,482.200,0.800
2757,4158,646,3,3,15492,27e6db5973ef6392,26.000,196.800,0.100
2758,4159,647,3,4,16524,6680268de6906735,25.700,163.000,1.200
2759,4160,648,3,5,17556,f008246d0cd57e82,27.600,177.100,0.200
2760,4161,649,3,6,18588,fbb32927ae40cc09,28.700,141.800,0.200
2761,4162,650,3,7,19620,1d9c21ed47a5cd27,98.100,163.500,0.400
2762,4163,651,3,8,20652,8aabf33accbf9ef7,30.600,141.100,0.200
2763,4164,652,3,9,21684,52d8a1deab09e59e,32.200,162.600,0.300
2764,4165,653,3,9,21684,07c5d09b0b7eebd3,30.500,131.100,0.100
2765,4166,654,3,9,21684,869a02dbccb32807,29.200,139.900,0.100
2766,4167,655,3,10,22716,b92cf672815153fa,31.900,142.900,0.100
2767,4168,656,3,10,22716,72e9f85fc1ad5ea7,35.400,212.700,0.100
2768,4169,657,3,9,21684,be1ca67e04506dbb,32.900,137.400,0.100
2769,4170,658,3,9,21684,e36f903482f42927,29.800,178.000,0.200
2770,4171,659,3,9,21684,be84a26e14a196de,29.700,200.500,0.100
2771,4172,660,3,10,22716,bdb9660014bf904f,32.400,149.700,0.300
2772,4173,661,3,10,22716,ba4c867a194a3cfd,31.400,168.100,0.100
2773,4174,662,3,10,22716,ac46e114b65d8cf2,31.600,160.500,0.100
2774,4175,663,3,10,22716,cb2901221f9262ea,31.400,169.600,0.100
2775,4176,664,3,10,22716,1261bbdc17a42392,32.900,187.700,0.200
2776,4177,665,3,10,22716,d11ffa8c4ee04950,32.400,192.100,0.100
2777,4178,666,3,10,22716,52fd1ed327e9a1f5,31.500,142.700,0.100
2778,4179,667,3,11,23748,10c627f06b13eb71,33.100,167.500,0.200
2779,4180,668,3,11,23748,06f07e64fd0156a7,36.000,205.400,0.200
2780,4181,669,3,12,24780,d5ddc76a5dff35bb,42.600,160.000,0.100
2781,4182,670,3,13,25812,c4f8a4399acace8a,48.800,194.000,0.100
2782,4183,671,3,13,25812,457f3999877e6192,45.000,207.700,0.100
2783,4184,672,3,13,25812,5f1049dfae71dd39,38.600,165.400,0.500
2784,4185,673,3,14,26844,2720c17da24e6713,37.100,194.300,0.400
2785,4186,674,3,14,26844,108ca5f923ea1b53,37.400,167.300,0.200
2786,4187,675,3,14,26844,280eaf6fa122d6b4,36.200,159.600,0.400
2787,4188,676,3,15,27876,71406240295e4620,47.900,188.700,0.100
2788,4189,677,3,15,27876,6693e41178b3a4a5,35.800,144.100,0.100
2789,4190,678,3,15,27876,1f67c1ce7217d1fb,36.700,169.200,0.200
2790,4191,679,3,16,28908,8ec18aacc077c0c0,39.100,252.800,0.200
2791,4192,680,3,16,28908,014aae3bb4735f22,41.700,152.600,0.400
2792,4193,681,3,16,28908,f0d294a1aba0a478,39.900,166.600,0.100
2793,4194,682,3,15,27876,081f9b178cfc67a1,55.000,165.200,0.100
2794,4195,683,3,15,27876,fd31b3753eba1302,36.500,136.400,0.200
2795,4196,684,3,15,27876,d297265a1d7373cf,37.200,142.900,0.100
2796,4197,685,3,15,27876,9830b159bf1e5740,38.100,158.200,0.400
2797,4198,686,3,15,27876,d2c6586adc993eec,50.900,160.400,0.300
2798,4199,687,3,15,27876,71acc028e8932b7a,45.000,193.100,0.100
2799,4200,688,3,15,27876,793faca6d7a48220,37.000,143.800,0.100
2800,4201,689,3,15,27876,fcdfe7d154c6a197,37.500,142.700,0.200
2801,4202,690,3,15,27876,175a36988e4defd7,39.300,139.800,0.100
2802,4203,691,3,15,27876,43c40db549af3860,36.300,147.600,0.200
2803,4205,692,3,15,27876,1b9fd7c7bf2272d4,39.200,153.700,0.100
2804,4206,693,3,15,27876,b21e2f21520f8c58,38.200,147.800,0.600
2805,4207,694,3,15,27876,3ee47975366a524b,36.200,162.800,0.100
2806,4208,695,3,15,27876,6a097b3b8e94df01,35.800,149.800,0.300
2807,4209,696,3,15,27876,07b1df22f92fd551,38.200,142.000,0.100
2808,4210,697,3,15,27876,f44be5d40ff532ee,35.200,142.300,0.400
2809,4211,698,3,15,27876,ea57d27bfdb5990a,36.500,185.200,0.100
2810,4212,699,3,15,27876,623313747e1c7867,42.900,180.800,0.100
2811,4213,700,3,15,27876,867c6230965df57b,60.700,137.200,0.100
2812,4214,701,3,15,27876,bc1f35f8476fb7f4,49.300,163.200,0.100
2813,4215,702,3,15,27876,f79a5feb308fb995,37.800,143.900,0.400
2814,4216,703,3,15,27876,d4e1e63bc5971c21,63.700,145.300,0.200
2815,4217,704,3,15,27876,811645998a3c22f2,36.600,211.300,0.200
2816,4218,705,3,15,27876,944385be7b8a5ac9,53.700,251.500,0.300
2817,4219,706,3,15,27876,f69c020c2c9dfcc7,36.300,147.200,0.200
2818,4220,707,3,15,27876,e032c2ce089dd04a,38.600,162.900,0.100
2819,4221,708,3,15,27876,56cb5903a39737b7,37.800,147.200,0.200
2820,4222,709,3,15,27876,4948f4abe839c827,37.800,169.300,0.200
2821,4223,710,3,15,27876,16f842ac0b976ab2,265.200,172.000,0.100
2822,4224,711,3,15,27876,be1fb744dd6fe3c8,36.100,193.900,0.200
2823,4225,712,3,15,27876,df8abcd0a479df32,39.300,155.800,0.200
2824,4226,713,3,15,27876,4507581e7ab82c98,38.100,175.200,0.100
2825,4227,714,3,15,27876,21c63cc599ee789f,37.100,142.100,0.100
2826,4228,715,3,15,27876,e02a0860d19f04c3,39.000,159.800,0.100
2827,4229,716,3,15,27876,eba3e6e6ffdefe08,38.900,202.300,0.100
2828,4230,717,3,15,27876,f5b9fa8dfeab7ff7,38.500,193.200,0.500
2829,4231,718,3,15,27876,0c92549d427b4dbe,37.600,153.000,0.200
2830,4232,719,3,15,27876,ea84ed1249095972,39.600,129.100,0.100
2831,4233,720,3,15,27876,a19ea0789800a0c3,36.600,139.600,0.100
2832,4234,721,3,15,27876,22d47351f1671af1,35.900,163.200,0.100
2833,4235,722,3,15,27876,0abb5f8b1b8d89b9,46.800,164.200,0.300
2834,4236,723,3,15,27876,b19987f57c268b8f,41.700,189.100,0.200
2835,4237,724,3,15,27876,9356574b97fc7faf,39.100,177.800,0.100
2836,4238,725,3,15,27876,6f1720340e11ac5a,59.100,171.600,0.100
2837,4239,726,3,15,27876,7ee8bcc12dd777cc,38.600,160.400,0.100
2838,4240,727,3,15,27876,6bbcd0aa599f8cfe,36.500,144.200,0.100
2839,4242,728,3,15,27876,ce5e62f0bc2a1735,42.600,216.200,0.100
2840,4243,729,3,15,27876,e28036df85e4ee4e,37.400,162.300,0.100
2841,4244,730,3,15,27876,e6652c87b655b7c0,37.800,153.700,0.400
2842,4245,731,3,15,27876,99d2ad2ba6ae6a91,37.800,149.600,0.100
2843,4246,732,3,15,27876,43e94824e2314995,36.400,172.700,0.200
2844,4247,733,3,15,27876,8b0e33d61e29e2ae,37.700,141.800,0.400
2845,4248,734,3,15,27876,eb28b857ce1d4a64,45.700,136.300,0.100
2846,4249,735,3,15,27876,5077f323dca6b10f,35.500,172.800,0.200
2847,4250,736,3,15,27876,2f03dbf61372cc40,37.400,145.200,0.100
2848,4251,737,3,16,28908,108fc747795111a7,49.400,186.500,0.300
2849,4252,738,3,15,27876,a386ab1525a6aba4,37.400,146.700,0.200
2850,4253,739,3,16,28908,7e72fc5481ec9d50,40.100,153.900,0.100
2851,4254,740,3,15,27876,87edd844ca3716b5,39.000,151.000,0.100
2852,4255,741,3,15,27876,268ca85c4f424219,48.400,146.200,0.100
2853,4256,742,3,15,27876,80862f5b6e2b9d6e,39.900,174.900,0.200
2854,4257,743,3,15,27876,d7b512ed057d9b9c,37.000,170.900,0.100
2855,4258,744,3,15,27876,29b5de10f56da792,39.100,193.200,0.200
2856,4259,745,3,17,29940,663149584c4e7ec8,38.300,143.800,0.400
2857,4260,746,3,16,28908,d6dff6cc37944fe0,38.100,139.400,0.200
2858,4261,747,3,16,28908,e158c8240c35cf75,44.100,160.600,0.100
2859,4262,748,3,17,29940,b4ac990c70f6a859,39.900,172.600,0.200
2860,4263,749,3,20,33036,88e8f88ffdadf287,46.000,152.100,0.100
2861,4264,750,3,20,33036,604422e7194e54ae,39.400,145.500,0.200
2862,4265,751,3,20,33036,9131d29c815c176e,42.000,149.100,0.200
2863,4267,752,3,21,34068,fae2f9d6e4c1b489,47.900,242.800,0.400
2864,4268,753,3,20,33036,0a43f83324c7b59e,41.400,145.100,0.500
2865,4269,754,3,21,34068,3a46de6b6480e1dc,63.900,142.800,0.300
2866,4270,755,3,21,34068,d4df217fc639b700,46.200,166.400,0.200
2867,4271,756,3,20,33036,a24596ef2dfdc430,46.600,184.800,0.300
2868,4272,757,3,22,35100,4ddc23e87856d895,46.000,170.600,0.400
2869,4273,758,3,23,36132,01250ecd2edb77e6,43.800,150.200,0.100
2870,4274,759,3,23,36132,8fc4feebc51208c5,46.300,169.700,0.100
2871,4275,760,3,22,35100,522df05570102c37,46.600,184.900,0.100
2872,4276,761,3,22,35100,efe197fbae1e1a58,46.400,183.800,0.200
2873,4277,762,3,22,35100,87bccd1f5139bbce,44.100,153.000,0.400
2874,4278,763,3,23,36132,3cef6a6cdde901f9,47.500,144.400,0.100
2875,4279,764,3,23,36132,9100b61990f90f2a,45.400,147.400,0.200
2876,4280,765,3,23,36132,2e07f05adb5aaced,47.900,189.400,0.400
2877,4281,766,3,22,35100,9a6285a62323161b,46.300,145.300,0.100
2878,4282,767,3,22,35100,40117d2bd7624f83,47.600,154.100,0.100
2879,4283,768,3,20,33036,2faec2ca16e90a19,49.900,212.100,0.400
2880,4284,769,3,20,33036,f3426daf3727e17e,42.700,181.500,0.100
2881,4285,770,3,19,32004,aac2cbd68f32f9a5,41.200,140.100,0.200
2882,4286,771,3,21,34068,9756b99c60c08495,48.000,163.000,0.400
2883,4287,772,3,21,34068,ea65ace5e75c418a,69.300,154.400,0.200
2884,4288,773,3,19,32004,5f66ef64667f474a,52.800,156.800,0.200
2885,4289,774,3,20,33036,d34d2bb162ce3475,45.400,310.300,0.300
2886,4290,775,3,21,34068,787df02720dd803e,65.100,185.500,0.100
2887,4291,776,3,19,32004,3aaa9baebe4b7fe7,46.500,187.200,0.400
2888,4292,777,3,21,34068,38ba79a2eab301ea,43.700,142.600,0.200
2889,4293,778,3,20,33036,ff3a41bbd7ce38a0,43.400,156.800,0.400
2890,4294,779,3,20,33036,fed28a931020b5f1,41.300,171.700,0.100
2891,4295,780,3,21,34068,7a75f7def874a680,43.000,179.800,0.300
2892,4296,781,3,19,32004,a56bfe9b291f5868,42.700,157.400,0.200
2893,4297,782,3,21,34068,31f316267c7e0a41,44.700,150.900,0.100
2894,4298,783,3,21,34068,0713161d46717a3e,44.800,160.700,0.400
2895,4299,784,3,19,32004,cb44b2358a3c842b,44.600,177.500,0.100
2896,4300,785,3,20,33036,de2072c41b7ba543,42.700,229.700,0.100
2897,4301,786,3,19,32004,2a1b5545bbadb79b,59.100,190.500,0.300
2898,4302,787,3,20,33036,5f325a7d289fbb0a,42.700,241.800,0.400
2899,4303,788,3,20,33036,4f7a7540d2261950,39.600,175.500,0.100
2900,4304,789,3,19,32004,f7391dafa8385b44,41.600,143.600,0.200
2901,4305,790,3,20,33036,47c6cdd9a0ce9655,43.000,201.500,0.200
2902,4306,791,3,19,32004,11193e28e53d72a5,38.300,160.600,0.100
2903,4307,792,3,19,32004,acb70b7efd4ae089,70.500,147.400,0.100
2904,4308,793,3,19,32004,1817f03cad20c2c7,44.900,239.200,0.200
2905,4309,794,3,20,33036,90750ddee3756e58,43.300,148.700,0.200
2906,4310,795,3,19,32004,e6f0b336cc867139,42.300,147.200,0.100
2907,4311,796,3,16,28908,2dae450c15b4d8dc,38.600,147.100,0.400
2908,4312,797,3,14,26844,ce838ad3e029ae01,36.000,168.500,0.200
2909,4313,798,3,14,26844,db7228f331d1ea5c,37.200,369.800,0.400
2910,4314,799,3,14,26844,69f6a45678bd9363,33.400,146.700,0.400
2911,4315,800,4,14,30944,ac07c7b4f8238063,41.400,145.500,0.300
2912,4316,801,3,14,26844,d9b86427b0e4f510,39.000,181.400,0.100
2913,4317,802,4,14,30944,ec4760bd0058a2d0,40.600,194.800,0.100
2914,4318,803,3,16,28908,b453f53d2901dc40,38.900,150.700,0.100
2915,4319,804,4,15,31976,26b6fdbd7292308f,44.600,290.900,0.300
2916,4320,805,3,16,28908,671b71eaee0b86c3,42.200,160.100,0.400
2917,4321,806,4,14,30944,cd8c44d9a6a97f0a,39.800,224.800,0.500
2918,4322,807,3,14,26844,cdd63b35887c1ecb,35.900,152.900,0.200
2919,4323,808,4,15,31976,ebafe329c441d06a,40.300,175.400,0.100
2920,4324,809,3,15,27876,b90827c71f49db0a,37.600,135.500,0.100
2921,4325,810,4,15,31976,227220dc4a68f3a0,42.700,186.200,0.200
2922,4326,811,3,14,26844,01351e37ec61a2bd,39.200,155.600,0.200
2923,4327,812,4,14,30944,3448dff0709dfa46,51.000,166.900,0.100
2924,4328,813,3,14,26844,e8e94d7c85f21c89,35.000,191.500,0.100
2925,4329,814,4,14,30944,4efd3aff9df7d2c1,39.900,200.200,0.400
2926,4330,815,3,14,26844,96684c80ec396303,34.700,145.000,0.200
2927,4331,816,4,14,30944,0a70544bc89a174c,38.400,146.200,0.500
2928,4332,817,3,14,26844,ca067184cc1b78d7,38.600,159.400,0.100
2929,4333,818,3,14,26844,c2ace57027eb20b5,38.300,178.500,0.500
2930,4334,819,3,14,26844,1813d54212887d9b,34.700,168.900,0.100
2931,4335,820,3,14,26844,f1109ecd8330cbd3,37.400,179.000,0.100
2932,4336,821,3,14,26844,d4f212a770187818,35.800,183.300,0.100
2933,4337,822,3,14,26844,854509fdf75572fa,36.200,161.300,0.100
2934,4338,823,3,15,27876,dec4686a4553c374,38.900,142.800,0.200
2935,4339,824,3,15,27876,6d4aaf41499ce87c,50.600,175.300,0.400
2936,4340,825,3,15,27876,caab58feb5b3dd79,67.300,176.900,0.100
2937,4341,826,3,15,27876,95bf4061dd735fdd,38.400,148.200,0.100
2938,4342,827,3,15,27876,6cb0932eeb0f3b47,38.800,148.800,0.100
2939,4343,828,3,15,27876,afbdd57f0991be99,41.200,171.600,0.100
2940,4344,829,3,15,27876,7063685d404267d0,40.200,153.800,0.200
2941,4345,830,3,15,27876,92bf0adb7bfb0b42,44.800,181.500,0.100
2942,4346,831,3,13,25812,e6a0f8d188c2ebc3,39.900,195.600,0.100
2943,4347,832,3,12,24780,bfecf755c29fb64c,33.800,143.300,0.100
2944,4348,833,3,13,25812,785daf7dba0a5a85,34.500,132.300,0.200
2945,4349,834,3,12,24780,ec7eb7cd2d7e2cdb,34.700,237.500,0.200
2946,4350,835,3,12,24780,edcc5d76d9c18ab8,34.800,150.000,0.400
2947,4351,836,3,12,24780,553009224ce470eb,34.500,145.200,0.200
2948,4352,837,3,11,23748,fdcd2a7632bdef15,45.600,154.100,0.100
2949,4353,838,3,10,22716,36cbe31bdd856d9f,42.400,165.900,0.200
2950,4354,839,3,10,22716,a92c3c94ff0a923a,32.100,138.000,0.400
2951,4355,840,3,11,23748,b5fdc10b6492a663,35.500,209.000,0.200
2952,4356,841,3,9,21684,4e006db3680cb115,31.100,149.200,0.100
2953,4357,842,3,10,22716,ae65085ceeb1a306,33.700,132.400,0.200
2954,4358,843,3,8,20652,be06f666b7c7bf5d,31.100,168.900,1.300
2955,4359,844,3,7,19620,c37d38905f5386bf,30.400,159.000,0.200
2956,4360,845,3,7,19620,8d70026590857692,28.100,149.700,0.100
2957,4361,846,3,6,18588,7dd57b88621c339b,28.300,138.000,0.100
2958,4362,847,3,6,18588,3394452c2c0a5a3e,27.000,137.700,0.200
2959,4363,848,3,9,21684,b4835ccced8cb37a,33.600,137.300,0.100
2960,4364,849,3,9,21684,a5a727d6e500aadc,31.800,185.700,0.300
2961,4365,850,3,9,21684,00671862d0e9f0e4,30.900,259.200,0.400
2962,4366,851,3,8,20652,67f401e02e22963d,31.100,173.500,0.300
2963,4367,852,3,7,19620,8b68507ce837a000,28.800,150.100,0.100
2964,4368,853,3,7,19620,daf823f0cf894db0,28.800,162.000,0.500
2965,4369,854,3,7,19620,73335a0b10e48dbd,29.600,127.400,0.100
2966,4370,855,3,7,19620,3212f92b79857ef5,31.800,171.100,0.300
2967,4371,856,3,7,19620,588f3591555b5c06,33.600,154.600,0.400
2968,4372,857,3,4,16524,aadd66207cd52867,27.400,149.500,0.100
2969,4373,858,3,4,16524,7e13aae2b82222a8,26.700,195.600,0.100
2970,4374,859,3,4,16524,f20111401607a1dc,34.600,149.100,0.100
2971,4375,860,3,4,16524,9efba150786a6650,34.900,200.600,0.100
2972,4376,861,3,4,16524,6f71ad4ac303d810,24.600,138.700,0.100
2973,4377,862,3,4,16524,6a7958c61d315eb8,26.600,150.000,0.400
2974,4378,863,3,5,17556,b98e0f6ff4d556c5,26.200,133.200,0.100
2975,4379,864,3,5,17556,1c1247079b7ddd0f,26.500,206.800,0.200
2976,4380,865,3,5,17556,6138766733e34097,27.100,179.500,0.400
2977,4381,866,3,5,17556,c2f1d718c7722562,27.300,196.600,0.200
2978,4382,867,3,4,16524,b41b8bba748627cf,29.300,314.400,0.300
2979,4383,868,3,4,16524,44770c190eaeea3b,31.800,205.000,0.300
2980,4384,869,3,3,15492,2d297e93ad3c4651,25.800,200.200,0.200
2981,4385,870,3,3,15492,c67a1c77b8643311,24.400,189.700,0.100
2982,4386,871,3,4,16524,6621f4f3797b95e7,26.600,156.200,0.100
2983,4387,872,3,6,18588,3dfc1c418b797181,31.100,130.700,0.300
2984,4388,873,3,7,19620,bacbaaa64a200561,28.800,137.800,0.100
2985,4389,874,3,7,19620,ca2b80b56540468c,30.900,245.500,0.300
2986,4390,875,3,9,21684,63e5e5489608f928,31.100,154.500,0.100
2987,4391,876,3,8,20652,ffccb2cd30fec70a,30.900,141.900,0.200
2988,4392,877,3,9,21684,46b34fdada1ea59c,30.600,140.700,0.200
2989,4393,878,3,9,21684,f3b520b3bc286b98,91.100,147.100,0.400
2990,4394,879,3,10,22716,83c1cba2ebe648f8,31.400,202.600,0.100
2991,4395,880,3,10,22716,0dbb48e383730865,33.000,194.300,0.400
2992,4396,881,3,11,23748,9f90aad6c713acb1,33.300,186.300,0.100
2993,4397,882,3,10,22716,f1eb6d796a95a4a1,32.300,153.200,0.100
2994,4398,883,3,11,23748,cc5dd540a36e1872,33.800,138.700,0.100
2995,4399,884,3,11,23748,da709dc85280228e,35.300,192.700,0.100
2996,4400,885,3,14,26844,a8ecb02e22e55ced,38.200,175.800,0.400
2997,4401,886,3,13,25812,5033bdb482af6b2f,39.200,191.900,0.500
2998,4402,887,3,13,25812,a4825097a7881d40,36.000,231.900,0.400
2999,4403,888,3,13,25812,880cc7d7d007ca5d,40.000,227.000,0.400
3000,4404,889,3,13,25812,dd251dd0e22e791d,35.900,172.800,0.300
3001,4405,890,3,13,25812,280a332203b9bc8b,35.600,145.200,0.100
3002,4406,891,3,13,25812,7cc4871af781bcb7,36.900,149.900,0.500
3003,4407,892,3,13,25812,f27b5b81c966d445,36.100,161.900,0.100
3004,4408,893,3,13,25812,81761625e009d801,33.400,152.100,0.100
3005,4409,894,3,13,25812,88e40e6c11182709,35.900,145.300,0.100
3006,4410,895,3,13,25812,89ccc7a15542080d,37.100,179.300,0.400
3007,4411,896,3,10,22716,8d1e14927337d6a6,31.000,148.800,0.400
3008,4412,897,3,10,22716,a18272506ec305a4,38.100,133.300,0.200
3009,4413,898,3,10,22716,122832407657ca80,57.700,182.200,0.400
3010,4414,899,3,9,21684,085116aab6fbb7aa,31.000,151.000,0.100
3011,4415,900,3,8,20652,c9e55f6e4e27fefc,32.200,145.900,0.200
3012,4416,901,3,9,21684,edae6007e4c405d9,29.200,173.200,0.500
3013,4417,902,3,7,19620,4d51c9d4f3b4391d,30.000,166.200,0.100
3014,4418,903,3,7,19620,00d8cdfbb9fec161,29.500,149.000,0.400
3015,4419,904,3,7,19620,ef078adc3a40f555,26.700,140.200,0.100
3016,4420,905,3,4,16524,2f56f50e9246e485,25.200,162.500,0.200
3017,4421,906,3,3,15492,a6f018dbf8d1f90f,25.400,146.500,0.100
3018,4422,907,3,3,15492,028e2d392a12568a,27.200,177.600,0.100
3019,4423,908,3,5,17556,6bf37f1ae1978498,29.200,163.400,0.100
3020,4424,909,3,6,18588,75051174a6564f27,25.400,142.100,0.100
3021,4425,910,3,5,17556,ab1690fc8ffc8c1a,26.900,205.000,0.200
3022,4426,911,3,4,16524,cef3c3b453959985,37.300,128.400,0.200
3023,4427,912,3,4,16524,7ac979eb4ffd6c14,26.300,148.300,0.300
3024,4428,913,3,6,18588,de0930d8937005b7,28.700,143.100,0.200
3025,4429,914,3,5,17556,c22b11c6a21662c5,27.500,212.700,0.400
3026,4430,915,3,7,19620,9cee0a89d43e5f1e,29.600,153.100,0.100
3027,4431,916,3,5,17556,a666399189a3caee,28.000,164.700,0.200
3028,4432,917,3,6,18588,a0c91d28cb4b4328,31.300,174.500,0.300
3029,4433,918,3,6,18588,e241c063830faf6c,64.100,194.300,0.100
3030,4434,919,3,5,17556,cc1ac7d3e1ec8cfc,32.000,140.400,0.100
3031,4435,920,3,5,17556,1851258871cc4b50,28.500,215.200,0.100
3032,4436,921,3,5,17556,a167f18ceb78d303,29.300,145.200,0.200
3033,4437,922,3,5,17556,cff856f440e8d0ca,31.700,225.600,0.400
3034,4438,923,3,5,17556,f6da15545381f200,29.400,152.200,0.300
3035,4439,924,3,5,17556,3d18ad8504290b7d,64.000,153.000,0.500
3036,4440,925,3,3,15492,ddcc77ff37ebe1cf,26.600,165.200,0.100
3037,4441,926,3,5,17556,499925f91ee35b2d,25.600,144.000,0.200
3038,4442,927,3,4,16524,bb5ef408650f6bef,27.900,151.500,0.200
3039,4443,928,3,5,17556,94c35a2fa1fc0169,26.500,166.400,0.100
3040,4444,929,3,4,16524,bd163d85d23fede5,25.800,177.500,0.200
3041,4445,930,3,3,15492,761deb9676cd2395,26.300,136.000,0.200
3042,4446,931,3,4,16524,fc94da196017ddbd,27.700,156.000,0.200
3043,4447,932,3,3,15492,92c48978c55d627e,27.400,192.700,0.100
3044,4448,933,3,4,16524,4518796577ffdd04,28.500,159.400,0.100
3045,4449,934,3,5,17556,3c85a148b6eb876c,27.600,139.900,0.100
3046,4450,935,3,5,17556,f7ac52e3f8e6f570,27.800,141.900,0.200
3047,4451,936,3,4,16524,880a1bd808a5ca90,24.800,181.300,0.500
3048,4452,937,3,5,17556,160955aae919fe26,28.000,175.600,0.100
3049,4453,938,3,5,17556,7025970ea6349130,28.500,150.800,0.200
3050,4454,939,3,4,16524,98e456d530069fce,25.700,168.100,0.100
3051,4455,940,3,5,17556,c05bb33e4fcf4b80,24.900,152.900,0.100
3052,4456,941,3,5,17556,4ece44055fada6ad,27.500,152.300,0.100
3053,4457,942,3,5,17556,18c36e39ceee7318,28.000,145.400,0.100
3054,4458,943,3,6,18588,160b879d2e83f249,34.500,160.300,0.300
3055,4459,944,3,6,18588,f0c21af4a749cedc,40.100,222.400,0.100
3056,4460,945,3,6,18588,48e49573a120aeab,29.000,159.000,0.100
3057,4461,946,3,6,18588,f816c83db57bc7de,30.800,220.700,0.400
3058,4462,947,3,6,18588,a3fcaa66c48894f7,32.800,180.100,0.400
3059,4463,948,3,6,18588,febc2b67987f8de9,28.500,143.400,0.100
3060,4464,949,3,4,16524,033c6d895fa65043,27.700,168.200,0.400
3061,4465,950,3,5,17556,6f5e97d80fa6bfa1,27.600,159.700,0.100
3062,4466,951,3,6,18588,2f161e473e0ff562,29.000,159.400,0.400
3063,4467,952,3,4,16524,d9d022930abb9cb7,29.800,169.200,0.400
3064,4468,953,3,5,17556,c4ec60834cbb92d2,26.000,150.800,0.400
3065,4469,954,3,5,17556,3705827427f5e67c,28.500,180.600,0.100
3066,4470,955,3,6,18588,9cc30ddb99d81947,27.400,126.100,0.100
3067,4471,956,3,6,18588,b2501ba825b3e4f3,29.100,180.100,0.100
3068,4472,957,3,6,18588,d54caaf7432896df,32.100,169.400,0.400
3069,4473,958,3,4,16524,a73d713fbf8de976,27.400,130.500,0.100
3070,4474,959,3,3,15492,00068f569f7ed792,27.200,172.700,0.200
3071,4475,960,3,4,16524,6f82574b487993b1,25.700,190.000,0.200
3072,4476,961,3,4,16524,3ed9afed44ca05db,25.900,147.800,0.100
3073,4477,962,3,4,16524,c05037e4dbe256c5,39.800,139.700,0.100
3074,4478,963,3,7,19620,0cd01097d3d908eb,34.100,140.700,0.100
3075,4479,964,3,7,19620,d5e1be07e0567943,32.400,177.600,0.300
3076,4480,965,3,9,21684,51a92eafd2d9f850,33.800,151.800,0.100
3077,4481,966,3,8,20652,8c0db58c9532e144,30.800,169.900,0.100
3078,4482,967,3,9,21684,b09875bba362bbdc,32.600,198.800,0.200
3079,4483,968,3,10,22716,b944ab02a5cb1ae6,36.300,134.200,0.400
3080,4484,969,3,11,23748,25d3b8fe3ebc9941,34.500,159.000,0.400
3081,4485,970,3,10,22716,4441f180f5e28373,36.200,163.900,0.100
3082,4486,971,3,11,23748,dd752559d96d1fda,34.800,187.700,0.500
3083,4487,972,3,12,24780,8d9a6c68f9b78efc,34.600,168.900,0.300
3084,4488,973,3,12,24780,b5aefce6ab270d7a,61.700,167.100,0.100
3085,4489,974,3,12,24780,12e81db2fe6b7fcc,70.900,155.600,0.100
3086,4490,975,3,13,25812,86397627b72f49bb,34.800,155.700,0.200
3087,4491,976,3,13,25812,0b81f1cc7009540a,35.200,143.100,0.200
3088,4492,977,3,13,25812,8cd2828351c2ebe9,56.200,150.200,0.400
3089,4493,978,3,13,25812,1dd3ad5a9e6a5258,35.500,173.800,0.100
3090,4494,979,3,13,25812,eee90e798d671f24,35.200,143.100,0.200
3091,4495,980,3,13,25812,1a7d98830d5392f0,33.000,147.300,0.100
3092,4496,981,3,13,25812,9ac895234109a968,36.900,142.600,0.200
3093,4497,982,3,13,25812,102e7aa0781a7e71,34.700,178.000,0.100
3094,4498,983,3,13,25812,24044dd28bbbeb5a,34.600,153.300,0.400
3095,4499,984,3,13,25812,12cde29fac2fbf22,35.400,147.800,0.400
3096,4500,985,3,13,25812,0419449e1af126d4,35.000,133.300,0.100
3097,4501,986,3,13,25812,b2643d940f3f8aa6,39.100,162.600,0.100
3098,4502,987,3,13,25812,4d5051dbbcf1307f,35.300,151.300,0.200
3099,4503,988,3,13,25812,e2bd80fd2a4b8d38,36.000,142.700,0.100
3100,4504,989,3,13,25812,d52d1a28e0bba9ec,43.800,185.100,0.100
3101,4505,990,3,13,25812,2acad4cc06fd57a9,35.700,166.600,0.100
3102,4506,991,3,13,25812,ff6f7142924fa01b,33.200,186.700,0.300
3103,4507,992,3,13,25812,7b84c0698de51c73,34.900,154.500,0.400
3104,4509,993,3,13,25812,e1dff6e265a13808,34.800,171.500,0.100
3105,4510,994,3,13,25812,c7fcafba90c4368c,35.900,172.300,1.300
3106,4511,995,3,13,25812,5970562a70d4c0a9,36.000,175.800,0.300
3107,4512,996,3,13,25812,9b6e22baff32a8ec,40.600,142.500,0.100
3108,4513,997,3,13,25812,3400bbfbaa8c5870,42.500,142.500,0.200
3109,4514,998,3,13,25812,5dc846d953af4342,57.300,239.400,0.400
3110,4515,999,3,13,25812,b9d243e73c2e049a,52.600,224.000,0.200
3111,4516,1000,3,13,25812,22dc8b8b801f4e09,35.600,155.200,0.100
3112,4517,1001,3,13,25812,54230505b9d74c59,34.800,153.300,0.100
3113,4518,1002,3,13,25812,c8b9fa6ae8d7a426,37.400,157.200,0.400
3114,4519,1003,3,13,25812,47dac901811997ee,38.100,171.000,0.100
3115,4520,1004,3,12,24780,4d6ef6bb1ab967a3,47.000,183.600,0.300
3116,4521,1005,3,12,24780,75a5aec75e800772,36.700,181.100,0.400
3117,4522,1006,3,13,25812,14b16a71a947102a,35.700,153.500,0.100
3118,4523,1007,3,12,24780,dfde56c21e05dc7b,44.900,170.800,0.400
3119,4524,1008,3,11,23748,2b2ed77c3661cbfd,33.500,149.300,0.100
3120,4525,1009,3,11,23748,93db1f9ea3140776,33.500,142.800,0.100
3121,4526,1010,3,11,23748,643f3b959a85c076,32.500,187.600,0.100
3122,4527,1011,3,11,23748,615326bcef82e5f6,33.500,166.400,0.400
3123,4528,1012,3,11,23748,329d651df38ed599,34.700,159.300,0.300
3124,4529,1013,3,3,15492,341ca448a3fda776,34.900,178.900,0.100
3125,4530,1014,3,2,14460,1ad359ac6078ed74,23.600,170.500,0.100
3126,4531,1015,3,2,14460,8592951cf0a0013b,23.400,232.700,0.300
3127,4532,1016,3,2,14460,36e83cabfd5f2b6a,22.000,141.600,0.200
3128,4533,1017,3,2,14460,2599957f993b6b55,35.200,142.100,0.100
3129,4534,1018,3,2,14460,42ae44d9b5004e03,22.900,163.200,0.100
3130,4535,1019,3,1,13428,28952f8390d93fce,26.800,142.100,0.100
3131,4536,1020,3,1,13428,074cc94fb7306ad3,26.700,180.800,0.400
3132,4537,1021,3,1,13428,bc821b32ab0891fd,22.000,139.000,0.400
3133,4538,1022,3,1,13428,ec626860cc387cef,22.900,180.300,0.500
3134,4539,1023,3,2,14460,af2d3b4cbb7d627f,25.700,186.900,0.200
3135,4540,1024,3,2,14460,ef85ff84e93433df,21.200,156.200,0.100
3136,4541,1025,3,1,13428,67ea42960a1a21ce,22.000,140.300,0.400
3137,4542,1026,3,1,13428,60d0bf4b7423e571,22.500,167.600,0.700
3138,4543,1027,3,2,14460,ee0fc05ad065d68d,28.700,219.000,0.100
3139,4544,1028,3,1,13428,e650399ce1b08cda,21.500,141.600,0.100
3140,4545,1029,3,2,14460,3dc94cf5c849e123,22.600,162.900,0.300
3141,4546,1030,3,2,14460,88ab23fbec5d392e,23.200,165.300,0.100
3142,4547,1031,3,1,13428,4853a538b6957a09,23.700,152.200,0.500
3143,4548,1032,3,1,13428,7eaebcc400c07732,22.800,149.800,0.300
3144,4549,1033,3,1,13428,36dc82cda77f39fb,22.500,131.500,0.200
3145,4550,1034,3,1,13428,b1bb22cc47f89831,56.500,175.900,0.100
3146,4551,1035,3,2,14460,c515566659752657,23.600,184.700,0.200
3147,4552,1036,3,2,14460,1dcc07ebf6f51be2,24.200,145.400,0.100
3148,4553,1037,3,2,14460,72a5102e5ca912ac,24.700,208.100,0.400
3149,4554,1038,3,2,14460,1d0fef683e6693ee,24.000,133.300,0.200
3150,4555,1039,3,2,14460,32c2bf5e731cd226,24.400,117.800,0.100
3151,4556,1040,3,3,15492,ae2a71f27c56743d,24.700,140.000,0.200
3152,4557,1041,3,3,15492,de1c72923fc1235e,26.600,143.500,0.100
3153,4558,1042,3,4,16524,41f8021e069f94b5,24.600,129.100,0.100
3154,4559,1043,3,4,16524,1fee7d0bfbad4109,26.000,177.900,0.100
3155,4560,1044,3,3,15492,b6f6605501d16e15,27.000,162.800,0.500
3156,4561,1045,3,3,15492,eee6e8e9f46a05d8,24.500,195.300,0.200
3157,4562,1046,3,4,16524,26a89da68d48fcf4,24.800,135.700,0.200
3158,4563,1047,3,4,16524,0cdd7d08444d1098,28.100,155.800,0.100
3159,4564,1048,3,4,16524,27f1e6d213674b02,26.500,176.200,0.100
3160,4565,1049,3,4,16524,39c3eebfd4d26181,27.200,159.800,0.200
3161,4566,1050,3,4,16524,2c3cdd9585b6fa75,29.300,183.200,0.300
3162,4567,1051,3,4,16524,f65691a460a31052,26.700,185.200,0.400
3163,4568,1052,3,5,17556,a9eafaa77283dd37,25.900,141.600,0.200
3164,4569,1053,3,5,17556,0c6badfd8f9bb7a2,34.500,359.900,0.300
3165,4570,1054,3,4,16524,41c90b9887de30fa,26.200,151.800,1.200
3166,4571,1055,3,4,16524,02d481e53d1d1bf8,31.500,219.600,0.100
3167,4572,1056,3,4,16524,bd2e555fe723ec4b,25.500,202.900,0.100
3168,4573,1057,3,4,16524,51b860d268090a3f,26.800,161.400,0.100
3169,4574,1058,3,4,16524,20df5cb4f01f4ff2,24.000,150.600,0.100
3170,4575,1059,3,2,14460,d1bba8c5754a2d51,24.700,158.300,0.300
3171,4576,1060,3,3,15492,f1c3a165c684c4b8,26.300,162.000,0.200
3172,4577,1061,3,4,16524,703615640cce04fb,27.800,151.800,0.200
3173,4578,1062,3,5,17556,d1ffa285bbacdcd8,32.000,208.300,0.200
3174,4579,1063,3,5,17556,304406c37e34f86c,31.800,267.000,0.200
3175,4580,1064,3,6,18588,c4a588240c71a7d4,28.100,141.900,0.400
3176,4581,1065,3,5,17556,a2cb1983cd8c2305,27.500,207.600,0.200
3177,4582,1066,3,5,17556,78e8c65ec565ffe9,27.200,155.400,0.100
3178,4583,1067,3,5,17556,f5b5615982563577,26.300,187.500,0.100
3179,4584,1068,3,5,17556,247d7afe085e372f,27.900,184.200,0.100
3180,4585,1069,3,4,16524,db4a8cc6ff060e36,27.100,202.600,0.300
3181,4586,1070,3,6,18588,5f5bc416569eb9e1,33.000,213.200,0.200
3182,4587,1071,3,6,18588,d02c7d9b6f37854e,29.100,208.000,0.100
3183,4588,1072,3,6,18588,8adadfabf0b87dd4,28.700,147.000,0.200
3184,4589,1073,3,6,18588,05fad7e8e03102b4,29.600,155.200,0.400
3185,4590,1074,3,5,17556,c114d21eb4a252b4,28.600,168.300,0.100
3186,4591,1075,3,3,15492,132a5bf4ee9ac12b,26.900,153.300,0.200
3187,4592,1076,3,4,16524,5988cc5a7fa9023c,25.500,145.400,0.400
3188,4593,1077,3,4,16524,076cdfea025cdd15,25.800,133.400,0.100
3189,4594,1078,3,5,17556,d7553e1dd9f74405,26.500,136.900,0.100
3190,4595,1079,3,5,17556,0fd83f7662f5afa8,27.700,183.300,0.200
3191,4596,1080,3,5,17556,17117463a63a841b,26.800,154.500,0.100
3192,4597,1081,3,5,17556,21f8ee18a21204c6,32.300,124.900,0.100
3193,4598,1082,3,4,16524,67df4d61d238a4da,28.400,151.400,0.100
3194,4599,1083,3,5,17556,c6f187394431cb85,29.900,194.900,0.300
3195,4600,1084,3,5,17556,1a6e370beb26a5b2,27.400,170.000,0.400
3196,4601,1085,3,4,16524,a4f3d611c476aeb1,27.800,165.100,0.200
3197,4602,1086,3,5,17556,e1cf824e38c5796a,27.600,141.700,0.500
3198,4603,1087,3,4,16524,0d9dd6758183a7cf,33.000,209.100,0.200
3199,4604,1088,3,4,16524,cca2c4f23764f5d2,28.000,167.000,0.100
3200,4605,1089,3,3,15492,14e510bbc1f74352,27.400,146.300,0.400
3201,4606,1090,3,3,15492,ae0e731175202bbc,26.500,141.900,0.100
3202,4607,1091,3,3,15492,91a46814faae506d,26.700,161.300,0.200
3203,4608,1092,3,3,15492,404fc0f677bd0692,27.100,153.900,0.400
3204,4609,1093,3,3,15492,af9b6e32c213b786,26.300,185.500,0.100
3205,4610,1094,3,4,16524,960bab8b1a89d51f,30.700,151.700,0.100
3206,4611,1095,3,5,17556,f4192d673fda74a4,32.900,181.300,0.200
3207,4612,1096,3,4,16524,e6b4d36e1d2132dd,26.200,169.100,0.100
3208,4613,1097,3,5,17556,96093a5ebc2f46b5,35.400,173.000,0.500
3209,4614,1098,3,4,16524,e15b4793306213d1,28.000,146.700,0.100
3210,4615,1099,3,5,17556,657281480305d586,28.000,147.400,0.100
3211,4616,1100,3,5,17556,7694ffaff1f4acd6,28.100,151.000,0.100
3212,4617,1101,3,4,16524,0ffd0be7cd14732f,30.000,164.200,0.100
3213,4618,1102,3,4,16524,240c208c38c6290a,28.600,132.400,0.100
3214,4619,1103,3,6,18588,f9dca6fc90cc695f,27.300,148.800,0.200
3215,4620,1104,3,6,18588,081bcb9b01992c1c,30.200,221.300,0.200
3216,4621,1105,3,6,18588,429e568526aadcd9,30.900,141.300,0.100
3217,4622,1106,3,6,18588,94ad16b0094e8a85,32.200,174.500,0.100
3218,4623,1107,3,5,17556,f8dc618399674ad0,26.600,262.300,0.400
3219,4624,1108,3,5,17556,c01f0984c55bddfd,30.900,198.800,0.100
3220,4625,1109,3,5,17556,5be3febcdf6d0821,28.600,139.700,0.100
3221,4626,1110,3,5,17556,0ac0e638ecdb0ec8,29.800,165.600,0.200
3222,4627,1111,3,6,18588,10f8d7f1528bbf3e,30.600,132.900,0.100
3223,4628,1112,3,5,17556,111568e184de343a,28.700,143.900,0.400
3224,4629,1113,3,6,18588,5d939af28f4a40c1,34.800,129.800,0.200
3225,4630,1114,3,4,16524,35527723dcc5d0b5,25.500,152.900,0.100
3226,4631,1115,3,4,16524,b824db7b6a010953,29.200,191.600,0.400
3227,4632,1116,3,4,16524,615ec05361f47303,26.100,138.400,0.100
3228,4633,1117,3,4,16524,45b6504f0d3b6e3a,27.400,141.900,0.100
3229,4634,1118,3,4,16524,ebd2137076fab3a6,31.200,187.300,1.400
3230,4635,1119,3,5,17556,e4990c213ea3aeba,33.300,161.700,0.500
3231,4636,1120,3,5,17556,4fa3a286bf4e84e0,27.200,185.700,0.100
3232,4637,1121,3,4,16524,204de1d99e621997,28.600,148.800,0.100
3233,4638,1122,3,3,15492,5962f89c5b4381c9,29.100,152.100,0.100
3234,4639,1123,3,2,14460,35f9242110575690,23.900,127.000,0.200
3235,4640,1124,3,2,14460,f7f36d775c6a6476,57.200,197.100,0.100
3236,4641,1125,3,2,14460,288bdfd184b76190,26.000,157.200,0.100
3237,4642,1126,3,2,14460,70c7b3cb84bcedef,24.900,147.200,0.100
3238,4643,1127,3,2,14460,4b466273d62e2dea,29.100,191.300,0.200
3239,4644,1128,3,1,13428,d283af2f1a0f19da,22.500,171.400,0.300
3240,4645,1129,3,1,13428,c88904dc32758507,21.700,133.800,0.400
3241,4646,1130,3,1,13428,e8c813965c089f72,22.000,169.200,0.100
3242,4647,1131,3,2,14460,8d01c67f1f1dfecf,33.900,151.500,0.100
3243,4648,1132,3,2,14460,1442c37146e97934,24.500,182.900,0.100
3244,4649,1133,3,2,14460,018fb23f4b857ade,23.200,170.100,0.200
3245,4650,1134,3,2,14460,ad9d18acee606c70,25.500,165.300,1.300
3246,4651,1135,3,2,14460,a401606edb00b3ae,22.000,162.200,0.100
3247,4652,1136,3,2,14460,4430859c51d98ad3,22.600,176.700,0.100
3248,4653,1137,3,2,14460,956251d57a55d97f,60.500,150.800,0.200
3249,4654,1138,3,2,14460,c5d1e4f687b8a964,25.600,171.700,0.200
3250,4655,1139,3,2,14460,7483ba7cbc7403a5,23.200,141.500,0.300
3251,4656,1140,3,2,14460,f3e7f770ea2e42f0,29.200,165.600,0.200
3252,4657,1141,3,2,14460,0d6a148c48963385,23.200,176.700,0.100
3253,4658,1142,3,5,17556,804ca4a187f80327,26.900,207.200,0.100
3254,4659,1143,3,6,18588,159f20d3b0c0b64f,25.900,140.000,0.100
3255,4660,1144,3,6,18588,c01e50c20a3b7a1b,29.200,139.200,0.100
3256,4661,1145,3,6,18588,195912c5ca58adf3,29.300,148.300,0.400
3257,4662,1146,3,6,18588,d87411db12d72b97,28.100,151.600,0.400
3258,4663,1147,3,7,19620,11b202df52c6e82d,32.500,196.300,0.200
3259,4664,1148,3,6,18588,826e521da776719d,28.800,194.600,0.200
3260,4665,1149,3,6,18588,235896471113e1f4,28.500,187.900,0.100
3261,4666,1150,3,6,18588,50653aca980163c5,29.100,142.500,0.100
3262,4667,1151,3,7,19620,ac5ef4f10dc3a3fa,30.600,192.700,0.500
3263,4668,1152,3,8,20652,741212756f2cab20,30.700,200.800,0.400
3264,4669,1153,3,8,20652,7bb414303c27bb31,30.700,142.600,0.200
3265,4670,1154,3,9,21684,5ae6797985bdc47d,31.000,138.000,0.200
3266,4671,1155,3,9,21684,ab6d0a8edd7dbd1c,32.400,135.900,0.100
3267,4672,1156,3,8,20652,3bcf7bac6ba57793,29.100,127.500,0.100
3268,4673,1157,3,8,20652,2408346a78f0c19f,30.000,134.700,0.100
3269,4674,1158,3,8,20652,f9fbbffaaeb67366,58.600,163.000,0.100
3270,4675,1159,3,8,20652,547d1b71ebf3e8fb,32.600,143.600,0.100
3271,4676,1160,3,9,21684,f54017f907821f23,51.300,135.200,0.100
3272,4677,1161,3,10,22716,634f3046a952be1e,32.300,138.000,0.300
3273,4678,1162,3,10,22716,418ad7b5d813de92,30.900,123.100,0.100
3274,4679,1163,3,10,22716,0f8be12a805f13a1,32.200,235.700,0.400
3275,4680,1164,3,9,21684,44e8277235e82abd,31.800,214.100,0.100
3276,4681,1165,3,9,21684,7268aa9566532885,44.200,124.000,0.100
3277,4682,1166,3,11,23748,926e1832b63b2cf0,32.400,137.300,0.200
3278,4683,1167,3,11,23748,ddb353b50e20323c,36.500,150.200,0.100
3279,4684,1168,3,10,22716,d2d16c25ab3c4dd9,33.100,153.600,0.300
3280,4685,1169,3,11,23748,5cd67139b736e792,48.300,134.200,0.100
3281,4686,1170,3,11,23748,0c75d040cadffe92,33.500,138.300,0.300
3282,4687,1171,3,12,24780,2d58799559b6096f,33.300,143.500,0.100
3283,4688,1172,3,12,24780,261676e234bbd702,34.200,146.700,0.200
3284,4689,1173,3,12,24780,c20fd3707e666cfa,248.600,163.300,0.100
3285,4690,1174,3,12,24780,55a01e2d96921cff,75.800,187.100,0.400
3286,4691,1175,3,12,24780,320afa8f04346239,36.600,166.700,0.100
3287,4692,1176,3,12,24780,01f333000d33581d,33.700,155.800,0.100
3288,4693,1177,3,12,24780,f9fec012add7bf75,35.000,143.200,0.100
3289,4694,1178,3,12,24780,2ce38960051f1cc6,36.600,147.400,0.100
3290,4695,1179,3,12,24780,b3507d8407b6344c,35.200,221.700,0.100
3291,4696,1180,3,14,26844,9774b49e060cb6f1,39.100,174.800,0.100
3292,4697,1181,3,13,25812,6b52668a0fd2bb61,36.700,172.100,0.100
3293,4698,1182,3,15,27876,b79c9344de0598bc,46.500,138.400,0.100
3294,4699,1183,3,13,25812,c589ffbf2ce6ae72,37.700,191.700,0.400
3295,4700,1184,3,15,27876,298a69f3833ab270,47.600,183.300,0.200
3296,4701,1185,3,15,27876,d36614890d797683,37.800,184.900,0.200
3297,4702,1186,3,15,27876,3a6dba61183011ab,44.300,158.000,0.200
3298,4703,1187,3,17,29940,9e117ff7a77ca3fb,43.100,153.400,0.100
3299,4704,1188,3,17,29940,4b2509e3a44597cc,40.400,193.600,0.100
3300,4705,1189,3,14,26844,9db5b89ba3ab5fa8,40.700,141.400,0.400
3301,4706,1190,3,15,27876,625dbd1a6ffe4178,37.000,190.800,0.400
3302,4707,1191,3,17,29940,e6be230e6c37eccb,51.000,158.500,0.400
3303,4708,1192,3,15,27876,4a653609bcfced93,37.000,155.400,0.400
3304,4709,1193,3,14,26844,c0839ac8fca6b181,37.000,134.700,0.100
3305,4710,1194,3,13,25812,2e53aa2eda5f107e,40.500,166.600,0.200
3306,4711,1195,3,14,26844,e57e9d9ce03404ce,35.200,130.800,0.400
3307,4712,1196,3,16,28908,1181c46758061069,40.000,145.000,0.100
3308,4713,1197,3,17,29940,09fb99b028c48f92,40.400,161.800,0.500
3309,4714,1198,3,16,28908,de477a32bd47fec9,47.800,200.100,0.100
3310,4715,1199,3,16,28908,037ad9db39ff4626,39.900,140.800,0.400
3311,4716,1200,3,14,26844,45a94562d17a07b3,37.800,327.200,0.100
3312,4717,1201,3,14,26844,69df4fa568949f45,39.400,151.300,0.200
3313,4718,1202,3,15,27876,97e0cef02a1b69e1,37.600,163.800,0.100
3314,4719,1203,3,16,28908,6060d617c3410942,37.900,138.500,0.100
3315,4720,1204,3,15,27876,74677bb314bf48fe,37.500,144.500,0.400
3316,4721,1205,3,14,26844,fb52cadc5f0290b2,34.500,135.900,0.100
3317,4722,1206,3,15,27876,1e04e74c8f661e29,38.600,148.400,0.100
3318,4723,1207,3,15,27876,6d642410e524ae80,39.600,169.200,0.400
3319,4724,1208,3,14,26844,bd4e63a06d6d0288,36.600,135.200,0.100
3320,4725,1209,3,15,27876,b11fadfef7d06e83,38.000,141.600,0.100
3321,4726,1210,3,15,27876,0bbbe1328b3a83d2,36.700,134.000,0.100
3322,4727,1211,3,15,27876,1e30de4414228f2a,41.900,152.900,0.100
3323,4728,1212,3,15,27876,aebb2b37c43d5792,37.200,134.700,0.100
3324,4729,1213,3,15,27876,4f4a4d746e29d0ef,59.300,149.800,1.300
3325,4730,1214,3,15,27876,b624c73a62d02ebb,35.100,138.600,0.200
3326,4731,1215,3,14,26844,869a527c02be227e,34.300,187.000,0.300
3327,4732,1216,3,14,26844,112936317c5798ac,35.200,148.400,0.100
3328,4733,1217,3,15,27876,7f9afc117fdfd026,38.300,160.800,0.400
3329,4734,1218,3,15,27876,9311f01a586aa540,36.700,136.700,0.100
3330,4735,1219,3,15,27876,19c1831788d8fb19,39.300,217.100,0.300
3331,4736,1220,3,14,26844,655e9c0119a04231,37.200,147.200,0.100
3332,4737,1221,3,17,29940,51363427a9e3a0b0,40.300,216.500,0.300
3333,4738,1222,3,15,27876,d73b0fc99e0dfaca,38.000,145.400,0.100
3334,4739,1223,3,15,27876,e98152a15b40710e,37.800,188.900,0.100
3335,4740,1224,3,14,26844,06d8704173ddd8d8,37.100,166.300,0.100
3336,4741,1225,3,14,26844,6be23c94e48fbcf6,38.000,165.500,0.200
3337,4742,1226,3,14,26844,08352b1cf51d2985,81.800,180.000,0.300
3338,4743,1227,3,15,27876,da6c2172a8021ad3,36.600,159.000,0.100
3339,4744,1228,3,15,27876,0445c6438a173005,38.500,152.000,0.100
3340,4745,1229,3,14,26844,0eed5dba688a27f4,40.000,240.100,0.300
3341,4746,1230,3,15,27876,0f55a628b67a4390,38.500,186.500,0.400
3342,4747,1231,3,14,26844,07e6f3bc8aab3589,44.700,190.700,0.100
3343,4748,1232,3,15,27876,3b7db6095c60163b,37.900,170.700,0.100
3344,4749,1233,3,15,27876,131c6156c831741b,40.800,141.200,0.100
3345,4750,1234,3,15,27876,1fb00ec7167336a7,37.600,149.200,0.100
3346,4751,1235,3,15,27876,f26fdd5b1894397e,36.000,128.700,0.100
3347,4752,1236,3,15,27876,4ed5c4f9b00e1cbb,41.000,206.100,0.100
3348,4753,1237,3,15,27876,d881e85b6e27d1eb,37.900,142.400,0.200
3349,4754,1238,3,14,26844,9bda1f54e7b4ecd1,34.900,140.000,0.100
3350,4755,1239,3,15,27876,6ee0c174bacb1623,62.500,160.400,0.100
3351,4756,1240,3,15,27876,e89dd4d1cc7914c5,36.900,150.300,0.100
3352,4757,1241,3,14,26844,c832a9f97859c258,41.100,177.800,0.100
3353,4758,1242,3,14,26844,fb58c06b866ef5e2,37.500,151.800,0.100
3354,4759,1243,3,13,25812,874a89f0b20237e1,41.900,145.300,0.200
3355,4760,1244,3,13,25812,927cb1f489ab888a,37.600,165.300,0.100
3356,4761,1245,3,14,26844,d6ca8b04e10e2faa,36.900,142.900,0.100
3357,4762,1246,3,15,27876,b0c172ecf4c6748d,36.500,142.600,0.100
3358,4763,1247,3,15,27876,f1ff4a50e175ccb8,37.400,149.500,0.100
3359,4764,1248,3,15,27876,5f4e0045dde367a4,37.300,191.100,0.100
3360,4765,1249,3,15,27876,c243ba77b489d325,34.900,136.200,0.100
3361,4766,1250,3,15,27876,d28b068146d71cf4,50.900,175.100,0.400
3362,4767,1251,3,15,27876,51f2041caed390bf,36.300,140.900,0.200
3363,4768,1252,3,15,27876,e3be55e6ecd20a81,62.400,157.700,0.200
3364,4769,1253,3,15,27876,a1427fe69eae60fe,38.200,137.500,0.200
3365,4770,1254,3,15,27876,cdaabe28b6dd4f05,37.700,169.800,0.200
3366,4771,1255,3,15,27876,6ccb9e3cbf712194,37.900,173.100,0.100
3367,4772,1256,3,15,27876,1586c3bf51e9d11f,40.200,140.500,0.100
3368,4773,1257,3,15,27876,9176dd44dea98bdc,37.900,139.100,0.400
3369,4774,1258,3,15,27876,7e5f3e0ec496d518,37.700,157.900,0.200
3370,4775,1259,3,13,25812,c3b25c64ee31ec05,34.600,156.900,0.100
3371,4776,1260,3,13,25812,8f8527df3331b86e,37.200,186.800,0.100
3372,4777,1261,3,13,25812,1f7363f82d3d5c07,33.500,143.200,0.200
3373,4778,1262,3,15,27876,a31ebd4d5a238b41,36.000,138.800,0.200
3374,4779,1263,3,15,27876,222a696f32d88c87,39.900,246.900,0.300
3375,4781,1264,3,15,27876,7f207b4743de9e22,34.800,140.600,0.100
3376,4783,1265,3,15,27876,d8f1b549fdd195a8,39.900,193.100,0.200
3377,4784,1266,3,14,26844,da2aa059e8d74bc5,36.100,139.100,0.200
3378,4785,1267,3,15,27876,b809b275a553972a,38.800,161.500,0.100
3379,4786,1268,3,15,27876,b1ccad0d8faec6d8,40.500,192.200,0.100
3380,4787,1269,3,15,27876,46ca3841e63a7656,37.100,143.300,0.300
3381,4788,1270,3,15,27876,9824788546947612,42.000,173.900,0.200
3382,4789,1271,3,15,27876,fbae8d0e6877468e,37.300,135.900,0.200
3383,4790,1272,3,15,27876,4a021009ade03120,60.200,167.100,0.200
3384,4791,1273,3,15,27876,879817621819944d,35.600,140.600,0.200
3385,4792,1274,3,15,27876,0728306d12b29791,37.100,143.600,0.500
3386,4793,1275,3,16,28908,ee0fe7374a5b7a3d,38.300,184.100,0.100
3387,4794,1276,3,16,28908,40c055f28f6aaa7c,37.800,137.100,0.100
3388,4795,1277,3,16,28908,c22c1de0d3aba16d,36.800,187.100,0.100
3389,4796,1278,3,16,28908,e5e872026c0fd412,55.700,144.100,0.100
3390,4797,1279,3,16,28908,a896aa63c5043154,41.900,146.900,0.200
3391,4798,1280,3,16,28908,28dc0ebec5ced18e,37.900,174.600,0.100
3392,4799,1281,3,15,27876,05f0a2659d09a805,39.400,153.800,0.100
3393,4800,1282,3,15,27876,6b25b5883c52f3aa,38.300,174.500,0.100
3394,4801,1283,3,15,27876,33dffac13cd52033,38.900,156.400,0.300
3395,4802,1284,3,13,25812,3c5a4af9fae6d017,37.900,142.900,0.200
3396,4803,1285,3,13,25812,118820a14f600e24,35.400,161.500,0.100
3397,4804,1286,3,13,25812,91030ee817b8d682,37.200,146.500,0.400
3398,4805,1287,3,13,25812,fc5224722b72cc75,41.400,183.900,0.300
3399,4806,1288,3,13,25812,18da17b763356d10,36.100,136.400,0.100
3400,4807,1289,3,13,25812,b569ba7c00c02d4f,51.700,161.500,0.400
3401,4808,1290,3,14,26844,b5b830f97ccaf907,37.500,153.000,0.400
3402,4809,1291,3,12,24780,2c80cae7081d41a3,35.000,190.000,0.300
3403,4810,1292,3,13,25812,d9ffb7cd581c1079,35.800,155.400,0.400
3404,4811,1293,3,13,25812,b490975e38fc3075,36.300,145.300,0.400
3405,4812,1294,3,14,26844,ffaf427b5e7fef51,38.500,162.500,0.200
3406,4813,1295,3,14,26844,fce356594d66e7f9,37.100,157.500,0.500
3407,4814,1296,3,12,24780,5bb70a18e223e57c,34.300,175.200,0.400
3408,4815,1297,3,11,23748,51a09f6ba722d2f3,36.400,157.100,0.400
3409,4816,1298,3,11,23748,aa07f5a4de8a3ccb,35.800,156.100,0.100
3410,4817,1299,3,12,24780,ac50418803619d18,35.000,153.400,0.400
3411,4818,1300,3,10,22716,e7d7e7fbbc449164,32.400,139.900,0.400
3412,4819,1301,3,11,23748,88e13fd63b1608ec,148.100,139.000,0.200
3413,4820,1302,3,10,22716,c5e31792c8fb9449,34.200,144.600,0.100
3414,4821,1303,3,10,22716,8d5f86c6ef1759de,30.900,162.200,0.400
3415,4822,1304,3,10,22716,805be4933d7611b9,30.600,125.400,0.100
3416,4823,1305,3,10,22716,574e1ca8cc261af2,31.400,185.400,0.100
3417,4824,1306,3,9,21684,6c19588e8e91255b,32.300,145.100,0.200
3418,4825,1307,3,11,23748,74a918564446f511,36.900,137.900,0.100
3419,4826,1308,3,11,23748,4cd536ce5f842fb6,36.300,175.700,0.200
3420,4827,1309,3,10,22716,02d550fda36577c1,44.700,224.300,0.100
3421,4828,1310,3,10,22716,d321bffbb6dccb08,30.800,150.300,0.200
3422,4829,1311,3,10,22716,8d94c76efe107b61,30.200,151.300,0.100
3423,4830,1312,3,10,22716,ec2e97d251094ba4,31.900,140.100,0.100
3424,4831,1313,3,10,22716,0547027734eca997,31.900,135.400,0.100
3425,4832,1314,3,10,22716,adbff783bfdfcaad,30.800,140.400,0.100
3426,4833,1315,3,10,22716,f0f7753f8dd6cca7,32.500,157.700,0.100
3427,4834,1316,3,10,22716,2d4db12a8f55f629,34.300,275.500,0.200
3428,4835,1317,3,9,21684,bbd5cccbf89355d0,31.400,157.900,0.100
3429,4836,1318,3,9,21684,1af1d27943ad9c22,34.400,174.900,0.100
3430,4837,1319,3,10,22716,bb37f2826c7119c6,31.400,155.800,0.100
3431,4838,1320,3,9,21684,986adbb07803a79c,28.700,127.400,0.200
3432,4839,1321,3,11,23748,2ef75068d93f3b3b,33.800,143.300,0.100
3433,4840,1322,3,9,21684,4b59199290585290,29.200,188.900,0.300
3434,4841,1323,3,9,21684,34a89149a0e769c3,31.300,155.700,0.300
3435,4842,1324,3,10,22716,fc998cbf9d85ba3d,33.000,178.300,0.100
3436,4843,1325,3,10,22716,4db9b5085b5d2d6c,33.700,158.500,0.200
3437,4844,1326,3,10,22716,410a4314809219c0,33.600,156.100,0.100
3438,4845,1327,3,11,23748,3a69345eb38d672c,32.900,137.300,0.100
3439,4846,1328,3,9,21684,3f7b5a57630d082f,29.300,138.700,0.200
3440,4847,1329,3,7,19620,ddf40795fe3c761d,28.300,141.800,0.200
3441,4848,1330,3,8,20652,6b66b5d11e63cbc9,30.100,150.600,0.200
3442,4849,1331,3,9,21684,af530b04419e72e0,31.800,154.100,0.200
3443,4850,1332,3,9,21684,f798a7daa2754fe5,32.900,143.100,0.400
3444,4851,1333,3,8,20652,bb54f4706caab453,32.300,166.000,0.400
3445,4852,1334,3,6,18588,01538c354d93f998,30.000,157.600,0.300
3446,4853,1335,3,6,18588,1d8133af0322d3dc,28.200,196.700,0.400
3447,4854,1336,3,6,18588,82cf19cca39321bf,40.500,145.500,0.400
3448,4855,1337,3,6,18588,7eef58a747042cb1,31.300,255.300,0.200
3449,4856,1338,3,10,22716,641a0cda068e27fc,35.600,206.600,0.100
3450,4857,1339,3,9,21684,8bacddb1ffc1f3df,35.400,155.100,0.400
3451,4858,1340,3,8,20652,32ab0317fb6e67fc,37.700,189.500,0.400
3452,4859,1341,3,8,20652,4984ac89ef72bade,47.700,142.800,0.100
3453,4860,1342,3,8,20652,c4ab7fa6fbbd2267,27.600,137.100,0.100
3454,4861,1343,3,7,19620,5ba8c43241033816,30.300,182.500,0.100
3455,4862,1344,3,8,20652,c845fb1525854f5e,35.800,194.800,0.300
3456,4863,1345,3,8,20652,ac8acb7d8b28e420,53.500,145.500,0.100
3457,4864,1346,3,8,20652,2c36d4221c7c3a06,30.100,135.700,0.100
3458,4865,1347,3,8,20652,d96982b8c7deed52,28.500,173.800,0.200
3459,4866,1348,3,7,19620,1d3097493bbdea5f,31.600,156.600,0.400
3460,4867,1349,3,8,20652,8a1a78b79b1d4a62,32.500,148.200,0.100
3461,4868,1350,3,9,21684,13431718c960e35a,40.500,157.900,0.100
3462,4869,1351,3,9,21684,a508f34a4b83e788,35.400,135.000,0.100
3463,4870,1352,3,8,20652,0607859c86c82243,31.600,160.100,0.100
3464,4871,1353,3,8,20652,8763ded6405f2b65,34.800,145.700,0.400
3465,4872,1354,3,8,20652,548716cb1cc61693,28.700,139.800,0.100
3466,4873,1355,3,7,19620,1fd3c8023d57d610,29.200,136.700,0.400
3467,4874,1356,3,7,19620,186a848777377c63,31.300,141.500,0.100
3468,4876,1357,3,7,19620,ce122536999de0e2,29.200,356.500,0.400
3469,4877,1358,3,7,19620,4ea04a3d47d596ed,36.400,172.000,0.100
3470,4878,1359,3,7,19620,fb89f2f86dfee713,28.000,143.600,0.100
3471,4879,1360,3,7,19620,e0f1b4f5432055b0,29.200,135.600,0.100
3472,4880,1361,3,7,19620,eb4fb4cd98334836,29.800,130.200,0.100
3473,4881,1362,3,7,19620,4d5743d67d133224,36.100,132.100,0.100
3474,4882,1363,3,7,19620,0e5cbc791b99a05a,28.700,151.500,0.200
3475,4883,1364,3,7,19620,50a5880db35ef9ea,26.200,128.600,0.200
3476,4884,1365,3,7,19620,04695ed01b193b26,42.000,155.500,0.300
3477,4885,1366,3,7,19620,7fac63aa04bba547,30.300,146.500,0.100
3478,4886,1367,3,7,19620,7f88d446a9446d80,42.900,163.100,0.100
3479,4887,1368,3,7,19620,6e523bb25677bf99,26.400,136.900,0.100
3480,4888,1369,3,7,19620,d8a70a43521e9237,30.200,162.400,0.100
3481,4889,1370,3,8,20652,1d5d29e77f26e30d,28.800,141.600,0.100
3482,4890,1371,3,8,20652,b9cb31c32c4a192f,30.300,153.000,1.300
3483,4891,1372,3,8,20652,5ae61e43fe286116,29.100,135.400,0.100
3484,4892,1373,3,8,20652,1d42bd8b372c03ad,30.600,167.800,0.100
3485,4893,1374,3,8,20652,51b3de1996a27cfa,29.400,140.700,0.100
3486,4894,1375,3,8,20652,4eb770f5c4c55e47,30.600,141.800,0.300
3487,4895,1376,3,8,20652,08652e0f380ef640,30.000,163.200,0.100
3488,4896,1377,3,8,20652,77f8b5d13dab6c22,30.300,167.000,0.100
3489,4897,1378,3,8,20652,6425b78696daa0cd,29.900,160.900,0.200
3490,4898,1379,3,8,20652,119201cb9e3ea864,31.500,159.500,0.100
3491,4899,1380,3,8,20652,8fba0c84a691f32a,75.100,154.500,0.500
3492,4900,1381,3,8,20652,5530df707f6833a2,29.400,147.200,0.300
3493,4901,1382,3,8,20652,4c244b2c7280fb9b,34.400,159.700,0.200
3494,4902,1383,3,8,20652,2e3aafbfbefaf9dd,27.400,172.000,0.100
3495,4903,1384,3,8,20652,e1a53b74f1f99ee8,28.000,129.400,0.100
3496,4904,1385,3,8,20652,7a6c19cfcb57cdf5,31.200,178.400,0.200
3497,4905,1386,3,8,20652,7620785cb7b9b934,27.300,135.100,0.100
3498,4906,1387,3,8,20652,5c08b8b87f907d44,30.200,276.200,0.300
3499,4907,1388,3,7,19620,db69ee1a9aa40e53,34.300,160.700,0.300
3500,4908,1389,3,7,19620,a9add415729db557,27.600,146.100,0.100
3501,4909,1390,3,7,19620,e35a9fc25ff5f063,33.500,137.400,0.100
3502,4910,1391,3,7,19620,eff2f68bcb1cd3db,28.600,190.400,0.200
3503,4911,1392,3,7,19620,4adf1b117b0a628b,30.300,152.800,0.300
3504,4912,1393,3,7,19620,d093940d33e31f46,32.600,154.700,0.200
3505,4913,1394,3,7,19620,abb266b52de5f5ec,31.800,207.900,0.400
3506,4914,1395,3,7,19620,89c12336b3aec20f,32.400,208.700,0.400
3507,4915,1396,3,7,19620,d7b2e8d1442bdc89,38.900,143.900,0.200
3508,4916,1397,3,7,19620,6247a224f5985145,30.700,194.200,0.200
3509,4917,1398,3,7,19620,f1a9e36564c4e3ed,29.200,189.500,0.100
3510,4918,1399,3,7,19620,e4c4363e3a7b8da7,28.800,134.100,0.200
3511,4919,1400,3,7,19620,1f495ae1915c84b5,29.300,136.700,0.300
3512,4920,1401,3,7,19620,84f00283e18558c5,26.400,132.200,0.100
3513,4921,1402,3,7,19620,8c9ba0ea9873e0e1,33.600,260.700,0.400
3514,4922,1403,3,7,19620,939abc1f53a19f59,37.400,134.700,0.100
3515,4923,1404,3,7,19620,74d53777a967354e,29.300,193.700,0.100
3516,4924,1405,3,7,19620,83b6f105620ac173,29.800,208.200,0.400
3517,4925,1406,3,8,20652,5ec3f1dab8575941,30.900,197.200,0.300
3518,4926,1407,3,8,20652,0959ec9551ac3b76,28.200,162.400,0.100
3519,4927,1408,3,8,20652,daa2802b7b10fbe8,34.000,155.400,0.100
3520,4928,1409,3,8,20652,2ade47982e2a2dc5,40.100,137.800,0.100
3521,4929,1410,3,8,20652,b354c7b4b0556242,28.400,127.800,0.100
3522,4930,1411,3,8,20652,b52d6b0f06495b7f,29.000,133.500,0.100
3523,4931,1412,3,8,20652,556dd58d2d682b76,30.700,141.200,0.400
3524,4932,1413,3,8,20652,1e7fb86e57ea8e7b,30.000,140.300,0.100
3525,4933,1414,3,8,20652,5ebf3c22acb4132b,29.900,135.600,0.300
3526,4934,1415,3,8,20652,2a3ea4b0787ee09e,34.200,215.200,0.400
3527,4935,1416,3,8,20652,6530514c6670de6e,30.400,115.900,0.100
3528,4936,1417,3,8,20652,be0c84116d49771d,33.600,154.900,0.100
3529,4937,1418,3,9,21684,227e119e5377badf,39.100,141.500,0.100
3530,4938,1419,3,9,21684,d2a96f858be08b2b,33.900,165.100,0.100
3531,4939,1420,3,9,21684,00975397775d646b,31.100,149.300,0.200
3532,4940,1421,3,9,21684,14e4ff578e5690f6,31.600,164.900,0.200
3533,4941,1422,3,9,21684,0bf85767e8402d02,30.600,165.600,0.200
3534,4942,1423,3,9,21684,24d308d05b6e277a,31.200,117.400,0.200
3535,4943,1424,3,9,21684,6430cf55fc290adb,31.300,159.200,0.100
3536,4944,1425,3,9,21684,c14264ddaaf038fb,34.700,134.100,0.100
3537,4945,1426,3,8,20652,54a334a07b24d5c0,30.200,141.700,0.100
3538,4946,1427,3,8,20652,e818865aa62a40f5,31.200,178.700,0.200
3539,4947,1428,3,8,20652,303c04996311c3dd,34.000,146.400,0.100
3540,4948,1429,3,9,21684,3f3951547a7bb967,31.200,152.800,0.400
3541,4949,1430,3,9,21684,2eb0aac1727938c5,32.700,140.900,0.100
3542,4950,1431,3,9,21684,717191dea514b8d6,32.300,144.400,0.400
3543,4951,1432,3,9,21684,e5d7ceb01d8b2d59,31.300,126.700,0.100
3544,4952,1433,3,9,21684,e29cd0c9b505c2e9,32.000,137.800,0.100
3545,4953,1434,3,8,20652,19621919fd604c0b,31.300,171.000,0.400
3546,4954,1435,3,8,20652,e1ef7e5bb5726baa,34.700,131.600,0.200
3547,4955,1436,3,8,20652,42165dfdf9a0e60c,28.700,148.000,0.100
3548,4956,1437,3,8,20652,721ccf3bb72d4f0c,31.700,154.500,0.300
3549,4957,1438,3,7,19620,20dc3cb141cf108f,30.800,172.700,0.400
3550,4958,1439,3,7,19620,e78a07a0759dcf53,26.200,126.700,0.100
3551,4959,1440,3,8,20652,b7f20277c9b4b1f2,32.200,184.400,0.300
3552,4960,1441,3,8,20652,6f895e0cbbe37a03,28.500,177.500,0.100
3553,4961,1442,3,8,20652,2749aae9d726e187,32.600,200.400,0.100
3554,4962,1443,3,8,20652,84d5f2059e4b1908,32.800,239.000,0.400
3555,4963,1444,3,9,21684,8df346c0d1c199e9,30.000,136.400,0.100
3556,4964,1445,3,9,21684,1413890358cb29ce,31.300,150.700,0.200
3557,4965,1446,3,9,21684,ee3502c28d45c8bd,31.900,144.300,0.100
3558,4966,1447,3,9,21684,cdbb6044d4007216,30.500,228.500,0.300
3559,4967,1448,3,8,20652,7451d7288a793e12,27.100,141.800,0.100
3560,4968,1449,3,8,20652,4e4b47b99935f763,53.200,150.700,0.200
3561,4969,1450,3,8,20652,6a3f09e9d45e011e,32.400,154.900,0.100
3562,4970,1451,3,9,21684,02fa55629a13d6cb,35.300,166.200,0.100
3563,4971,1452,3,9,21684,2bb48532a3d26aae,33.900,165.200,0.100
3564,4972,1453,3,9,21684,261225435d9d9826,37.900,175.500,0.200
3565,4973,1454,3,9,21684,3c4264c95cd642da,31.200,155.500,0.100
3566,4974,1455,3,9,21684,83bd169a5dbe5bfa,34.000,238.000,0.300
3567,4975,1456,3,8,20652,a1ec6559fe4df1be,31.400,171.800,0.300
3568,4976,1457,3,8,20652,f26b8d62a9667414,30.400,136.300,0.300
3569,4977,1458,3,7,19620,5bc7b7424c5efe1a,40.400,144.700,0.400
3570,4978,1459,3,7,19620,bffd12e75dd0313e,41.500,169.800,0.100
3571,4979,1460,3,7,19620,6186d37918513846,29.700,161.500,0.300
3572,4980,1461,3,6,18588,4271c6787641694d,28.800,150.300,0.100
3573,4981,1462,3,6,18588,43e944b7196964b6,27.900,173.900,0.400
3574,4982,1463,3,6,18588,ce8b25e643c92f47,29.000,151.700,0.200
3575,4983,1464,3,6,18588,956b26eef65c8930,29.700,153.900,0.400
3576,4984,1465,3,6,18588,4c7a463972e883c7,37.900,142.500,0.100
3577,4985,1466,3,6,18588,7528f9f03e1c77b1,28.100,145.800,0.500
3578,4986,1467,3,6,18588,86f4fd712b7dbb83,37.300,210.100,0.400
3579,4987,1468,3,6,18588,0fb3a09a038f3d6e,28.500,147.200,0.200
3580,4988,1469,3,6,18588,7fb1de43c477e62a,33.900,242.600,0.100
3581,4989,1470,3,6,18588,60ba3ddcf1b93645,33.900,178.700,0.200
3582,4990,1471,3,6,18588,025917406cb10d7b,27.500,179.600,0.200
3583,4991,1472,3,6,18588,44575096a9edfd67,35.500,206.500,0.200
3584,4992,1473,3,6,18588,cb0236e07c2a488f,28.400,141.500,0.100
3585,4993,1474,3,6,18588,9b24b8dd73503b77,29.300,153.400,0.400
3586,4994,1475,3,6,18588,71137e031a777d16,28.400,146.500,0.400
3587,4995,1476,3,6,18588,a7b84db2236977a1,27.700,162.400,0.100
3588,4996,1477,3,6,18588,e282568bb1e8bfc8,28.600,200.400,0.400
3589,4997,1478,3,6,18588,ac68510af593ca4c,27.900,192.100,0.100
3590,4998,1479,3,6,18588,c31ecb18e39fb749,28.100,151.800,0.100
3591,4999,1480,3,6,18588,86229aca1a8f92ea,36.200,174.400,0.200
3592,5000,1481,3,6,18588,dc37e815f3878525,27.700,165.300,0.100
3593,5001,1482,3,6,18588,8b795e6f18113926,28.700,151.500,0.200
3594,5002,1483,3,6,18588,b7a4a94d948a6d73,28.700,167.600,0.100
3595,5003,1484,3,6,18588,e55fca21d16070ff,34.100,133.600,0.100
3596,5004,1485,3,6,18588,9867e3d41bdb48c1,28.900,152.500,0.100
3597,5005,1486,3,5,17556,e0bd5188cfddd195,24.500,142.500,0.400
3598,5006,1487,3,5,17556,bb6b8e94a38d259d,26.800,178.100,0.100
3599,5007,1488,3,5,17556,e0db9e03540a942d,27.100,144.800,0.400
3600,5008,1489,3,5,17556,72c817206b931533,31.100,195.100,0.200
3601,5009,1490,3,5,17556,f57c0809439c5cc4,26.900,160.000,0.100
3602,5010,1491,3,5,17556,db84b9d95fbcf731,29.400,194.000,0.200
3603,5011,1492,3,5,17556,cb291b3448316934,25.600,143.100,0.100
3604,5012,1493,3,5,17556,025af36b6d3103f5,25.600,149.300,0.100
3605,5013,1494,3,5,17556,59f5a89f9e677dc8,28.500,170.200,0.300
3606,5014,1495,3,5,17556,3c9ecc5f83b73313,27.100,139.300,0.100
3607,5015,1496,3,5,17556,524b871b1f41eb2a,30.500,161.300,0.200
3608,5016,1497,3,5,17556,313c5b69eefb4966,27.500,142.100,0.100
3609,5017,1498,3,5,17556,c13450e022d575b1,29.300,216.000,0.200
3610,5018,1499,3,5,17556,db2b9415e9b65fb7,24.900,166.600,0.100
3611,5019,1500,3,5,17556,10e1776c4f1e8096,30.800,161.600,0.100
3612,5020,1501,3,5,17556,edac472dee60d29e,26.800,141.900,0.300
3613,5021,1502,3,5,17556,bfadb265206fe934,26.700,150.600,0.200
3614,5022,1503,3,5,17556,510fd25cd78ba5af,26.100,178.200,0.100
3615,5023,1504,3,6,18588,f4b1479784c49300,30.900,185.500,0.200
3616,5024,1505,3,6,18588,a70bc2d47a0e884f,32.700,187.100,0.200
3617,5025,1506,3,6,18588,41c2912fb1c591b6,33.600,182.100,0.400
3618,5026,1507,3,6,18588,d47da2db49d932ab,29.000,146.000,0.200
3619,5027,1508,3,6,18588,152f244fa4e68361,37.700,177.400,0.100
3620,5028,1509,3,6,18588,a39ce3a52bae7646,50.700,232.900,0.300
3621,5030,1510,3,5,17556,46da2b1293e74f6c,33.300,153.600,0.100
3622,5032,1511,3,5,17556,8795f4d981145517,28.300,158.500,0.400
3623,5033,1512,3,4,16524,b459d655f6ceb4c7,35.100,164.200,0.100
3624,5034,1513,3,5,17556,d0af092f3261256a,29.400,179.900,0.400
3625,5035,1514,3,4,16524,c05ef80a267188f1,25.400,156.600,0.100
3626,5036,1515,3,4,16524,2453934f2733cbb2,25.700,135.100,0.100
3627,5037,1516,3,8,20652,67b1f705c630ccb0,32.200,170.700,0.100
3628,5038,1517,3,7,19620,754b68a34b6e308d,28.500,138.500,0.100
3629,5039,1518,3,7,19620,405bad8b31f92829,38.700,149.500,0.200
3630,5040,1519,3,7,19620,b602c84580d2b1d4,35.500,141.600,0.200
3631,5041,1520,3,7,19620,1cf4ce0724d5a57d,39.800,163.000,0.300
3632,5042,1521,3,7,19620,10b8e083b5a5af09,30.000,140.300,0.300
3633,5043,1522,3,9,21684,e5dbd441d1cf43d6,34.500,160.600,0.200
3634,5044,1523,3,8,20652,4c6ec81f0b620122,28.900,180.300,0.400
3635,5045,1524,4,9,25784,be7063029129a00b,36.200,164.900,0.400
3636,5046,1525,3,9,21684,2d3a3376a0fba166,41.300,206.700,0.300
3637,5047,1526,4,7,23720,755471e18d985743,33.800,172.800,0.400
3638,5048,1527,3,10,22716,269f2a869d312772,34.000,162.800,0.300
3639,5049,1528,4,8,24752,64d847fe3fdde782,33.600,143.700,0.500
3640,5050,1529,3,4,16524,24116c43970192b0,26.100,147.300,0.200
3641,5051,1530,4,4,20624,577b4ec8575bfea8,30.200,238.000,0.100
3642,5052,1531,3,4,16524,eebd8fc2afe1a048,24.900,143.100,0.200
3643,5053,1532,4,4,20624,7de82d20e804285e,30.700,144.100,0.400
3644,5054,1533,3,2,14460,d8a1100823a53234,23.500,186.300,0.100
3645,5055,1534,4,3,19592,e0078a3cb6da62e9,28.600,152.400,0.200
3646,5056,1535,3,4,16524,f9d4d3698863aff3,25.100,168.800,0.100
3647,5057,1536,4,4,20624,1443eed1fe4db289,29.500,141.000,0.100
3648,5058,1537,3,4,16524,1249832fa186394b,24.900,143.000,0.100
3649,5059,1538,4,5,21656,f1fcc5c91caf26c7,29.800,144.200,0.100
3650,5060,1539,3,5,17556,30639ff823ef415b,51.100,165.000,0.100
3651,5061,1540,4,5,21656,00c1fb97cf582aa5,28.800,142.400,0.100
3652,5062,1541,3,7,19620,3f04f06f8e9bcafb,28.100,179.300,0.100
3653,5063,1542,4,6,22688,b12b09e5c90cc519,30.700,193.600,0.500
3654,5064,1543,3,8,20652,fd5c172f28120b35,34.100,122360.800,0.100
3655,5065,1544,4,12,28880,665c6d994611a1d2,56.000,907.600,0.200
3656,5066,1545,3,12,24780,66a70b322319c0c3,93.400,654.100,0.100
3657,5067,1546,4,12,28880,4e41fbaa0eeaab62,49.100,714.500,0.200
3658,5068,1547,3,12,24780,ccb6d7d1300f1c20,41.200,651.400,0.200
3659,5069,1548,3,12,24780,dcdb37799636935a,38.200,427.900,0.500
3660,5070,1549,3,12,24780,aaeaaaeb8eb4a902,43.100,457.400,0.200
3661,5071,1550,4,13,29912,1469cec7d0d2701f,45.900,525.700,0.100
3662,5072,1551,3,13,25812,602acf5f05372eb9,41.500,7846.100,21704.500
3663,5073,1552,4,14,30944,ac2a7558f14cdbd4,47.900,231.900,0.300
3664,5074,1553,3,14,26844,52df35a299463f45,50.500,1205.500,0.100
3665,5075,1554,3,14,26844,33e42a58fcd23323,42.600,822.200,0.400
3666,5076,1555,3,14,26844,038757fc0e719812,37.800,722.900,0.100
3667,5077,1556,3,14,26844,10d215f87d9b0a80,49.600,1961.400,0.100
3668,5078,1557,3,15,27876,3d88c99b543b64a5,64.700,830.800,0.200
3669,5079,1558,3,15,27876,f4a42f7b46cc45d9,41.600,945.900,0.100
3670,5080,1559,3,15,27876,5f8e6c92374ca9bc,43.600,1149.300,0.100
3671,5081,1560,3,15,27876,4c931002926bc5c4,39.500,2733.100,0.300
3672,5082,1561,3,15,27876,30ba24944d4d0efe,36.100,4754.400,0.200
3673,5083,1562,3,7,19620,222e17f7e64cc78f,34.000,2683.200,1.300
3674,5084,1563,3,8,20652,56e053576634672e,30.500,153.600,0.200
3675,5085,1564,3,8,20652,69038d7ce12428c9,43.800,314.300,0.400
3676,5086,1565,3,10,22716,a84c2845a8f81010,65.200,201.200,0.100
3677,5087,1566,3,11,23748,fab01fb37df52d12,34.700,244.500,0.400
3678,5088,1567,3,11,23748,d4d8bab82814f2d1,33.900,202.600,0.400
3679,5089,1568,3,13,25812,58f682b753501718,39.600,160.100,0.400
3680,5090,1569,3,13,25812,49b3bd0e40f02fc2,37.400,211.400,0.200
3681,5091,1570,3,13,25812,4671256b1076c5e4,56.800,149.600,0.200
3682,5092,1571,3,15,27876,3108860c37a3337c,38.800,137.100,0.100
3683,5093,1572,3,16,28908,cfff70097f72a4a5,61.500,256.600,0.300
3684,5094,1573,3,16,28908,389bf8d99b66e79d,42.300,252.100,0.300
3685,5095,1574,3,16,28908,4f569d9fdf844456,38.700,187.100,0.200
3686,5096,1575,3,16,28908,202ac07a0b51f8ca,41.400,182.300,0.100
3687,5097,1576,3,16,28908,9555fafd09d2f8c8,41.000,225.200,0.200
3688,5098,1577,3,16,28908,4e1bfca698cf71b0,42.800,201.200,0.100
3689,5099,1578,3,16,28908,959e85c236339bf4,41.900,189.500,0.200
3690,5100,1579,3,16,28908,f6d7d22a95e90c6c,41.500,182.500,1.400
3691,5101,1580,3,16,28908,6e66cdb3d1103c74,41.400,156.700,0.100
3692,5102,1581,3,16,28908,31625bf8f22c4697,40.900,190.400,0.100
3693,5103,1582,3,17,29940,95f067314e4bd101,58.700,171.600,0.100
3694,5104,1583,3,17,29940,90211f8536e77f3e,46.800,365.400,0.100
3695,5105,1584,3,17,29940,202d28bccdbf34c6,38.900,147.000,0.200
3696,5106,1585,3,17,29940,f7f5d0e8491a35de,44.000,167.700,0.200
3697,5107,1586,3,17,29940,c1c1f4023193ca99,40.600,147.900,0.100
3698,5108,1587,3,17,29940,b510e25a38c2dce7,46.500,159.700,0.200
3699,5109,1588,3,17,29940,3a064c86670075b6,42.200,215.800,0.100
3700,5110,1589,3,17,29940,1129dfa8974bb90d,41.700,260.000,0.100
3701,5111,1590,3,17,29940,d2c51a3000c53144,56.300,161.800,0.400
3702,5112,1591,3,17,29940,e0b73e3d897792e6,42.500,160.000,0.500
3703,5113,1592,3,17,29940,bca1c04a0d515a6d,61.600,175.300,0.100
3704,5114,1593,3,17,29940,e3cb6ff33cedf992,39.900,140.800,0.200
3705,5115,1594,3,17,29940,107ac8863eab1b64,37.500,153.200,0.100
3706,5116,1595,3,17,29940,d81741e764d9dfde,51.900,204.300,0.100
3707,5117,1596,3,17,29940,e883da923d95eeb5,39.100,143.300,0.100
3708,5118,1597,3,17,29940,4be696fc06d796f9,41.400,144.500,0.300
3709,5119,1598,3,17,29940,1528f7fbe5666aca,38.700,147.300,0.100
3710,5120,1599,3,17,29940,a35f6f8c290e6247,39.000,150.700,0.200
3711,5121,1600,3,17,29940,6ce6b3eeee1fbf18,40.200,191.600,0.100
3712,5122,1601,3,17,29940,fc5b8ade0f4e1998,38.200,180.600,0.100
3713,5123,1602,3,17,29940,1aff6819558bd6b7,39.000,185.600,0.400
3714,5124,1603,3,18,30972,f8e1eb44459c7517,40.400,186.300,0.300
3715,5125,1604,3,18,30972,9b58584660868f1b,40.800,153.700,0.100
3716,5126,1605,3,18,30972,f0f894c861124c9f,41.300,159.800,0.100
3717,5127,1606,3,18,30972,3139bc2da614e64a,41.900,166.900,0.100
3718,5128,1607,3,18,30972,2e0956a541f2c56e,41.200,162.800,0.200
3719,5129,1608,3,18,30972,9d958646da30de23,41.300,185.600,0.200
3720,5130,1609,3,18,30972,b684f81ab603ffa4,41.400,175.100,0.200
3721,5131,1610,3,18,30972,1478b52de3faef38,41.700,155.000,0.100
3722,5132,1611,3,18,30972,5f2b3aa652a15efc,39.400,190.800,0.100
3723,5133,1612,3,18,30972,e72875dd0048949f,41.600,194.700,0.300
3724,5134,1613,3,17,29940,248335fcf874d79e,39.000,162.200,0.300
3725,5135,1614,3,17,29940,6f2f9a7601307bc1,41.300,183.900,0.400
3726,5136,1615,3,17,29940,43f96bd26d0ab093,40.400,199.700,0.100
3727,5137,1616,3,17,29940,dc6a72db2242a0cb,57.000,195.800,0.100
3728,5138,1617,3,17,29940,9307cabb4aa0c850,41.500,156.500,0.100
3729,5139,1618,3,17,29940,072250eba978b787,39.500,141.600,0.200
3730,5140,1619,3,17,29940,0a871a67ecf58b21,59.900,160.700,0.100
3731,5141,1620,3,17,29940,d94b11f2d428e171,40.200,187.300,0.200
3732,5142,1621,3,17,29940,0d370da5845ced63,40.300,158.100,0.200
3733,5143,1622,3,17,29940,87d86b13e4588f9a,38.600,150.700,0.400
3734,5144,1623,3,17,29940,83e0dbe73b2419ae,38.400,154.100,0.100
3735,5145,1624,3,17,29940,7a9aa429796b0fb6,37.200,167.600,0.400
3736,5146,1625,3,17,29940,ebc365e6fc1e154f,45.000,168.500,0.200
3737,5147,1626,3,17,29940,40a7ce36b8d602cf,39.500,147.700,0.100
3738,5148,1627,3,17,29940,7dea240dc7508bd0,39.600,171.800,0.200
3739,5149,1628,3,17,29940,6bffc5b90dc8d334,39.700,159.600,0.200
3740,5150,1629,3,17,29940,ba5560f80647b017,40.500,146.800,0.400
3741,5151,1630,3,17,29940,9409071cc3544099,38.000,150.400,0.100
3742,5152,1631,3,17,29940,265259e83d23b78c,55.700,158.800,0.100
3743,5153,1632,3,17,29940,5b6691a626b62047,40.100,149.800,0.400
3744,5154,1633,3,17,29940,be804871bb530276,38.600,159.300,0.200
3745,5155,1634,3,17,29940,6213e368af276773,40.800,143.500,0.100
3746,5156,1635,3,17,29940,01a3ec384808aea5,38.000,205.600,0.200
3747,5157,1636,3,17,29940,1721eff79d725ce9,38.500,171.600,0.100
3748,5158,1637,3,17,29940,ffb854f8c630ae17,40.000,191.700,0.300
3749,5159,1638,3,17,29940,85ab2e484f76dfea,38.800,146.200,0.200
3750,5160,1639,3,17,29940,814cdf38be5fa59a,37.000,147.900,0.400
3751,5161,1640,3,17,29940,adac5a10196c5b04,40.100,173.000,0.200
3752,5162,1641,3,17,29940,1c887baf4d3e987d,39.200,143.900,0.400
3753,5163,1642,3,17,29940,084153aef4f9d7ab,39.600,210.900,0.100
3754,5164,1643,3,16,28908,ad857b8e160ab746,40.400,175.800,0.400
3755,5165,1644,3,16,28908,cc353f8628debf31,57.600,166.000,0.500
3756,5166,1645,3,16,28908,18bc16a4c70e0495,38.500,192.500,0.200
3757,5167,1646,3,16,28908,a59246a35bea79c2,37.600,153.200,0.100
3758,5168,1647,3,16,28908,25f0c75c26784fd3,38.600,201.300,0.100
3759,5169,1648,3,16,28908,fae613d3699cde00,38.900,159.500,0.400
3760,5170,1649,3,16,28908,30dc2ee36137929b,38.200,145.800,0.100
3761,5171,1650,3,16,28908,f66196017ea79959,43.500,150.300,0.400
3762,5172,1651,3,16,28908,46e4e8f0890fa92d,40.200,177.000,0.100
3763,5173,1652,3,16,28908,08569b98144c4c20,37.800,189.100,0.100
3764,5174,1653,3,16,28908,829cc2e39fabf7f6,37.500,149.100,0.100
3765,5175,1654,3,16,28908,6568ef22cd2c65b0,38.200,174.700,0.400
3766,5176,1655,3,16,28908,8eb79811413552c2,37.800,180.900,0.300
3767,5177,1656,3,16,28908,e732da1fa382abab,38.400,145.400,0.100
3768,5178,1657,3,16,28908,bf176755ae224dde,39.400,228.200,0.300
3769,5179,1658,3,16,28908,1c3af69d3a00da70,37.700,239.500,0.300
3770,5180,1659,3,16,28908,10ce234ea571875a,38.900,145.800,0.100
3771,5181,1660,3,16,28908,3dba2d3688c6f37d,46.100,165.900,0.100
3772,5182,1661,3,16,28908,4c47690729c91fb2,38.900,156.100,0.200
3773,5183,1662,3,16,28908,c5a5869b46644e5d,37.700,165.800,0.100
3774,5184,1663,3,16,28908,b6ffa4177b3be662,38.800,138.000,0.200
3775,5185,1664,3,16,28908,9069535880932765,63.000,156.100,0.200
3776,5186,1665,3,16,28908,1d793828791d5a87,41.500,172.500,0.500
3777,5187,1666,3,16,28908,0466f58c02651e51,42.400,184.000,0.400
3778,5188,1667,3,16,28908,83ea7a4c293acd45,38.900,203.600,0.100
3779,5189,1668,3,16,28908,3bc553b0f59270d6,38.300,156.100,0.200
3780,5190,1669,3,16,28908,0d1a8f0dbdaed90f,38.300,170.500,0.200
3781,5191,1670,3,16,28908,221a890a26b92261,39.000,142.700,0.100
3782,5192,1671,3,16,28908,d3be26b882bcdfb1,41.800,223.300,0.100
3783,5193,1672,3,16,28908,77502248096632a4,60.300,191.200,0.100
3784,5194,1673,3,16,28908,0ca381b42df36f8c,37.400,145.100,0.200
3785,5195,1674,3,16,28908,89c70e483c0c2a3b,38.800,253.300,0.200
3786,5197,1675,3,16,28908,ed36d5cf9e5e3481,49.800,196.500,0.300
3787,5198,1676,3,16,28908,b1bc36880aaa123b,41.600,173.500,0.100
3788,5199,1677,3,16,28908,b76a5189a1c26abb,37.300,148.500,0.100
3789,5200,1678,3,16,28908,4bd3190f91ca5dd6,41.800,173.200,0.300
3790,5201,1679,3,16,28908,37eedd6fa24bdfb0,38.600,154.700,0.400
3791,5202,1680,3,16,28908,cf8ef837fc5c4f9d,63.100,154.200,0.100
3792,5203,1681,3,16,28908,ce4314338623a44e,38.300,139.700,0.200
3793,5204,1682,3,16,28908,41fc7565786cb8e3,39.100,138.600,0.200
3794,5205,1683,3,16,28908,fa67b04c47f24153,44.800,184.500,0.200
3795,5206,1684,3,16,28908,0b48d491ac18767b,38.900,207.600,0.100
3796,5207,1685,3,16,28908,f3f089dbf1b6d68c,39.600,154.100,0.100
3797,5208,1686,3,16,28908,83a38c82dfe79cee,38.500,150.200,0.200
3798,5209,1687,3,16,28908,0ff497b20b1a2732,39.600,240.900,0.200
3799,5210,1688,3,16,28908,4932484027da6a9a,45.800,246.800,0.400
3800,5211,1689,3,16,28908,d45aacba9972d258,40.100,218.700,0.200
3801,5212,1690,3,16,28908,d0cbb98d06ff047d,39.500,151.600,0.100
3802,5213,1691,3,16,28908,4158aeb60212381c,40.000,218.800,0.200
3803,5214,1692,3,16,28908,7eac87f354c21369,38.100,195.300,0.200
3804,5215,1693,3,16,28908,8ac8cb9d62cb52d7,39.200,179.300,0.100
3805,5216,1694,3,16,28908,8b6f6ec17210b199,48.900,136.500,0.100
3806,5217,1695,3,16,28908,9c9d9d3997516158,38.200,191.100,0.100
3807,5218,1696,3,16,28908,2aa6b3676ad833b9,40.100,185.900,0.100
3808,5219,1697,3,16,28908,e5f42a1ce8a3c2d3,36.900,146.200,0.100
3809,5220,1698,3,16,28908,679c584af8f97da2,37.600,146.800,0.100
3810,5221,1699,3,16,28908,04726a032577a1f4,38.600,168.700,0.300
3811,5222,1700,3,16,28908,3f383468cf58bf2e,38.300,154.200,0.100
3812,5223,1701,3,16,28908,e971e904791610bd,39.100,144.400,0.100
3813,5224,1702,3,16,28908,3a97a532371ca09e,57.400,205.600,0.100
3814,5225,1703,3,16,28908,c3179ecbfffa739b,42.000,162.300,0.200
3815,5226,1704,3,16,28908,97926373ecf63f73,38.900,176.500,0.100
3816,5227,1705,3,16,28908,d1d3460a6d8484b5,41.000,164.800,0.100
3817,5228,1706,3,16,28908,7cc41d89e2bff736,41.300,134.800,0.100
3818,5229,1707,3,16,28908,ec65fc087cc5d48e,47.900,175.400,0.300
3819,5230,1708,3,16,28908,1e158ba9b839367b,37.800,156.300,0.300
3820,5231,1709,3,16,28908,495670521bf09f11,38.100,157.000,0.100
3821,5232,1710,3,16,28908,97f540e7b77f8e07,38.100,147.900,0.200
3822,5233,1711,3,16,28908,3873f93fd25a8d55,40.700,180.900,0.100
3823,5234,1712,3,16,28908,13e1d883d88cae09,40.700,239.400,0.100
3824,5235,1713,3,16,28908,012f03e1441a81eb,37.800,147.500,0.100
3825,5236,1714,3,16,28908,e751f666fa7192fc,40.200,155.800,0.100
3826,5237,1715,3,16,28908,055ecc5d198f84a9,39.200,161.800,0.300
3827,5238,1716,3,16,28908,066aef48112795b1,44.200,170.200,0.100
3828,5239,1717,3,16,28908,f8fc14471599d204,38.800,149.400,0.200
3829,5240,1718,3,16,28908,f8ade08afb245583,38.200,138.300,0.200
3830,5241,1719,3,16,28908,6b88a8a9f8dede0c,37.300,143.700,0.200
3831,5242,1720,3,16,28908,5d22bac3e8145974,41.000,151.900,0.500
3832,5244,1721,3,16,28908,38520a95c5f8d95f,38.000,186.000,0.200
3833,5246,1722,3,16,28908,097e358f64a59a8a,37.900,188.900,0.500
3834,5247,1723,3,16,28908,5b150fdd1917c64f,36.700,137.100,0.100
3835,5248,1724,3,16,28908,07bdcc7d3b20b6f5,37.600,149.800,0.400
3836,5249,1725,3,16,28908,e8d149c19b72f1f5,39.200,184.500,0.100
3837,5250,1726,3,16,28908,477064bc19001225,53.300,205.500,0.200
3838,5251,1727,3,16,28908,e77e6cd7f99ef7a0,46.800,184.600,0.400
3839,5252,1728,3,16,28908,8b5c6f45e0eeddc2,38.100,144.000,0.100
3840,5253,1729,3,16,28908,e69dcdfc8f9991d0,38.200,213.300,0.100
3841,5254,1730,3,16,28908,c764d8a83463e4b1,42.100,207.800,0.200
3842,5255,1731,3,16,28908,7ef6daa6f2003414,38.500,149.400,0.200
3843,5256,1732,3,16,28908,5c1a6713c442a222,37.300,209.700,0.100
3844,5257,1733,3,16,28908,f81bfd2ecd28a3c4,40.200,147.400,0.100
3845,5258,1734,3,16,28908,55cd3442ca3e2099,37.800,163.700,0.400
3846,5259,1735,3,16,28908,cc1756a40c8ddffd,42.000,198.500,0.400
3847,5260,1736,3,16,28908,6e4d6f3bf33149b7,41.200,171.500,0.100
3848,5261,1737,3,16,28908,526dd4cd30efd97c,38.000,160.600,0.100
3849,5262,1738,3,16,28908,31431bde68b54fc3,41.100,154.200,0.100
3850,5263,1739,3,16,28908,59ac8ef7b7ee4f1e,38.800,159.700,0.100
3851,5264,1740,3,16,28908,39a8af2535fff60f,40.600,158.700,0.400
3852,5265,1741,3,16,28908,671660c8e2ff13c7,41.200,163.300,0.500
3853,5266,1742,3,16,28908,8881c7b89394bcba,43.000,245.600,0.400
3854,5267,1743,3,16,28908,567bd8b4badbe791,37.500,159.100,1.300
3855,5268,1744,3,16,28908,b0881dde4f82e180,45.400,221.700,0.100
3856,5269,1745,3,16,28908,0ed5221917016052,44.500,185.900,0.400
3857,5270,1746,3,16,28908,dd9b90edc60b961f,39.500,155.400,0.400
3858,5271,1747,3,16,28908,267b67075d7b5ee6,38.200,141.100,0.200
3859,5272,1748,3,16,28908,4484a252c6f86491,40.100,148.700,0.400
3860,5273,1749,3,16,28908,7596b583a9541ca5,41.100,163.000,0.100
3861,5274,1750,3,16,28908,f28702e792a305f5,37.700,191.200,0.200
3862,5275,1751,3,16,28908,510549b382116a21,37.700,213.600,0.900
3863,5276,1752,3,16,28908,a8a44b433d245905,58.100,165.600,0.100
3864,5277,1753,3,16,28908,62bcece73af5658e,39.000,266.000,0.400
3865,5278,1754,3,16,28908,c6ff28f90bed02d5,39.000,140.100,0.200
3866,5279,1755,3,16,28908,ece97ddd9b309b73,39.300,204.000,0.400
3867,5280,1756,3,16,28908,42c3d3a6d807e8d5,37.700,152.100,0.200
3868,5281,1757,3,16,28908,291e7adb61b319e4,37.900,147.300,0.100
3869,5282,1758,3,16,28908,be2e72ceacd4fcc0,38.800,205.100,0.300
3870,5283,1759,3,16,28908,e786e723df59bde1,45.600,196.100,0.500
3871,5284,1760,3,16,28908,5513480621ebae0a,38.200,191.100,0.100
3872,5285,1761,3,16,28908,564ec17e933cad48,38.600,157.800,0.400
3873,5286,1762,3,16,28908,59edd8bfa09b095a,39.000,186.400,0.400
3874,5287,1763,3,16,28908,53bfabee6e479b1d,39.000,150.000,0.100
3875,5288,1764,3,16,28908,89900b813daaccdb,42.800,177.800,0.200
3876,5289,1765,3,16,28908,45cee3ddc70f538d,38.600,150.100,0.100
3877,5290,1766,3,16,28908,3b20fd5678a5dfd8,39.500,189.600,0.100
3878,5291,1767,3,16,28908,ff20e4ccb519ae5b,37.600,153.200,0.100
3879,5292,1768,3,16,28908,8aa51b52f3fd2f82,70.000,144.200,0.100
3880,5293,1769,3,15,27876,ee30bd4aaaacc424,38.400,167.500,0.400
3881,5294,1770,3,15,27876,fe95c27dfc049fc6,39.500,140.300,0.400
3882,5295,1771,3,15,27876,718275845c43057c,39.000,139.700,0.200
3883,5296,1772,3,15,27876,10692a38862d0981,40.700,164.400,0.100
3884,5297,1773,3,15,27876,547e1775e17d3441,38.000,191.600,0.200
3885,5298,1774,3,14,26844,74a2b2b63f6d527d,40.200,143.200,0.200
3886,5299,1775,3,14,26844,f7d9695e07114c09,35.100,138.200,0.100
3887,5300,1776,3,14,26844,22733f2422150213,36.100,163.500,0.100
3888,5301,1777,3,14,26844,cf2a6ebe3d515434,37.300,200.300,0.100
3889,5302,1778,3,14,26844,de2daa6d4e976eb8,40.600,132.700,0.100
3890,5303,1779,3,14,26844,54a5026f67a57d82,34.800,142.000,0.100
3891,5304,1780,3,14,26844,06fe1f488c24028d,35.500,164.600,0.100
3892,5305,1781,3,14,26844,044d79ab32c41f33,38.500,172.600,0.400
3893,5306,1782,3,13,25812,52e902c0a59847d7,57.400,175.100,0.100
3894,5307,1783,3,13,25812,e83a02acd6983ed6,42.300,147.500,0.100
3895,5308,1784,3,13,25812,d90c09f7514a7fc1,39.100,150.900,0.400
3896,5309,1785,3,13,25812,16a348ce60dac0af,35.300,148.700,0.100
3897,5310,1786,3,13,25812,a82dc12a9dbab571,35.000,135.500,0.200
3898,5311,1787,3,13,25812,7d77307c4c87f6a0,40.800,219.700,0.100
3899,5312,1788,3,13,25812,b98e132621fa0583,34.900,140.200,0.300
3900,5313,1789,3,13,25812,864746beb32fff0d,34.700,175.600,0.300
3901,5314,1790,3,12,24780,9605471e818a6f8b,32.900,223.200,0.100
3902,5315,1791,3,12,24780,1b7a631fbe402c65,33.400,171.900,0.100
3903,5316,1792,3,12,24780,59c00e549c1db34e,38.900,258.900,0.300
3904,5317,1793,3,12,24780,160e830561c45e7d,42.600,162.200,0.400
3905,5318,1794,3,12,24780,87c65d40f49b1d12,37.800,155.100,0.100
3906,5319,1795,3,12,24780,f5f88a8279584b74,36.100,155.400,0.200
3907,5320,1796,3,12,24780,5cdd4321adafbe86,39.600,193.200,0.100
3908,5321,1797,3,12,24780,7e1fd2a76b5ec938,35.100,148.600,0.100
3909,5322,1798,3,12,24780,793937d9a1f5a6a2,34.000,142.400,0.100
3910,5323,1799,3,12,24780,7bc99b60291bbf63,35.000,208.100,0.300
3911,5324,1800,3,12,24780,d34c3659be93ffdc,33.900,172.900,0.100
3912,5325,1801,3,12,24780,3ce0d393fee71367,37.500,173.600,0.300
3913,5326,1802,3,12,24780,e8b2722d58efd385,34.700,146.300,0.300
3914,5327,1803,3,12,24780,6c54f47800a7a1e0,34.900,228.500,0.100
3915,5328,1804,3,12,24780,c6cec7a3970d317f,42.400,141.400,0.100
3916,5329,1805,3,12,24780,24e32051ab5f128c,34.200,176.700,0.100
3917,5330,1806,3,12,24780,d38c2efd3137d533,36.700,146.900,0.100
3918,5331,1807,3,12,24780,1e5d841ab58d40cd,34.900,187.300,0.100
3919,5332,1808,3,12,24780,22ea20d028377859,34.300,148.900,0.100
3920,5333,1809,3,12,24780,21844b75a57e6780,34.400,142.600,0.100
3921,5334,1810,3,12,24780,b54b2f03bb4435b7,35.000,191.600,0.300
3922,5335,1811,3,12,24780,569b4ec820b282ed,34.600,111.400,0.200
3923,5336,1812,3,12,24780,ce38f71de55dc4db,35.400,204.100,0.100
3924,5337,1813,3,8,20652,c49264eaf8dfd8df,31.600,143.800,0.100
3925,5338,1814,3,8,20652,a957e3312741a11f,29.800,141.200,0.300
3926,5339,1815,3,8,20652,d442cd567e3d50d1,29.900,143.300,0.100
3927,5340,1816,3,8,20652,411ae0c4890a1c5e,51.300,165.400,0.100
3928,5341,1817,3,8,20652,678f211980d81d7b,30.300,201.000,0.100
3929,5342,1818,3,8,20652,d4a6a7c6b62c8c7a,36.700,141.700,0.100
3930,5343,1819,3,8,20652,38bf2702f9b1ddea,30.200,165.800,0.100
3931,5344,1820,3,8,20652,9f9a9ba0cf4b72cb,30.100,144.700,0.100
3932,5345,1821,3,8,20652,99365804535915ea,29.900,150.800,0.100
3933,5346,1822,3,8,20652,a0881ffbc44cba86,29.600,169.200,0.200
3934,5347,1823,3,8,20652,1f195a183fb72386,30.000,141.300,0.100
3935,5348,1824,3,8,20652,a71c8cc8ce875ba7,29.600,152.200,0.100
3936,5349,1825,3,8,20652,a8e838a25e4287fd,54.300,167.600,0.300
3937,5350,1826,3,8,20652,eb195fb603801115,29.400,144.100,0.200
3938,5351,1827,3,8,20652,5d3d6018a6f3006a,54.000,170.900,0.100
3939,5352,1828,3,8,20652,42db9bfe5a7ac6d4,38.500,150.200,0.100
3940,5353,1829,3,8,20652,2374fcf10901b010,29.100,164.300,0.200
3941,5354,1830,3,8,20652,a3ccad886f22e2c8,31.000,149.800,0.100
3942,5355,1831,3,7,19620,dba8c7d9b4dff468,32.000,196.100,0.100
3943,5356,1832,3,7,19620,9bb94231bad7b5f8,30.800,166.100,0.400
3944,5357,1833,3,7,19620,1246c0d5ae605de4,29.700,173.700,0.100
3945,5358,1834,3,7,19620,8e22fd63aca74b79,37.200,145.100,0.300
3946,5359,1835,3,7,19620,658e71a162244fce,28.800,199.600,0.200
3947,5360,1836,3,7,19620,2b6931077b17c0bf,33.000,171.400,0.100
3948,5361,1837,3,7,19620,4a081213d449d82b,30.900,138.200,0.100
3949,5362,1838,3,7,19620,9115a5a159c72e78,28.100,140.000,0.100
3950,5363,1839,3,7,19620,b2e80fb2c62cb451,56.900,207.800,0.300
3951,5364,1840,3,7,19620,52795482351e1694,30.300,157.300,0.100
3952,5365,1841,3,7,19620,980b5dcde9701f8d,41.000,157.500,0.200
3953,5366,1842,3,7,19620,857854255fbfe4c9,30.000,169.000,0.400
3954,5367,1843,3,7,19620,90c07ac73c31273c,28.800,140.700,0.100
3955,5368,1844,3,7,19620,a282669316a8d261,28.400,145.300,0.100
3956,5369,1845,3,7,19620,de06589f09ef7fd5,30.600,181.200,0.500
3957,5370,1846,3,7,19620,8357157d89468b46,36.200,137.500,0.200
3958,5371,1847,3,7,19620,78888b23678dc55c,27.500,147.100,0.400
3959,5372,1848,3,6,18588,0b9292a31366f661,40.300,200.000,0.500
3960,5373,1849,3,6,18588,1c990064ac63dd9f,28.200,179.100,0.500
3961,5374,1850,3,6,18588,08570148af4d4dd2,39.400,194.900,0.400
3962,5375,1851,3,6,18588,9feb99f732746f0e,33.000,150.900,0.200
3963,5376,1852,3,6,18588,5b5ca39a51ca70ed,30.100,156.300,0.100
3964,5377,1853,3,6,18588,7f6438ee3aca6451,27.900,146.600,0.100
3965,5378,1854,3,6,18588,5878ee279ba327dd,27.500,189.000,0.400
3966,5379,1855,3,6,18588,9a2f457061a8a35a,29.400,164.300,0.400
3967,5380,1856,3,6,18588,a6027fc56896b620,31.200,239.700,0.400
3968,5381,1857,3,6,18588,cf3c52bced1f13cf,27.700,144.900,0.400
3969,5382,1858,3,6,18588,c00bbc3b49471ac2,28.200,192.300,0.300
3970,5383,1859,3,6,18588,8a62b13151dae26f,29.400,124.000,0.100
3971,5384,1860,3,5,17556,1ea5bcc6a5d83e82,27.100,143.300,0.100
3972,5385,1861,3,5,17556,959584b24b919f6b,27.200,153.000,0.100
3973,5386,1862,3,5,17556,e936d2e38937e3fe,27.700,156.500,0.400
3974,5387,1863,3,5,17556,95fd8ae51edbaa52,28.600,169.600,0.500
3975,5388,1864,3,5,17556,1102a8959e7c8b5b,29.000,142.800,0.100
3976,5389,1865,3,5,17556,fdd2211f747ae33c,27.300,183.200,0.100
3977,5390,1866,3,5,17556,21ae4251fee29115,28.300,151.600,0.100
3978,5391,1867,3,4,16524,2f535ccd72500a79,24.700,142.100,0.100
3979,5392,1868,3,4,16524,3be058c341c5b4af,27.100,152.000,0.200
3980,5393,1869,3,4,16524,aab7ac8e72cab643,27.000,247.400,0.200
3981,5394,1870,3,4,16524,834e540265cac1cb,24.700,159.400,0.100
3982,5395,1871,3,4,16524,343a3becb5fe96e7,40.600,180.300,0.500
3983,5396,1872,3,4,16524,571a768b020755e0,26.400,153.000,0.300
3984,5397,1873,3,4,16524,bf2e6f0a3daac6e2,25.400,221.800,0.300
3985,5398,1874,3,4,16524,feabe2e62ff2b862,25.300,142.700,0.200
3986,5399,1875,3,4,16524,a6d245feaad752db,32.300,132.400,0.100
3987,5400,1876,3,4,16524,4df74c1dba9ae11b,28.300,138.000,0.200
3988,5401,1877,3,4,16524,63b6a038e0e71008,25.600,256.000,0.300
3989,5402,1878,3,4,16524,db757b6b34537234,27.300,149.100,0.100
3990,5403,1879,3,4,16524,c4ba3b37065ae199,25.600,269.800,0.300
3991,5404,1880,3,4,16524,326924bba2e3306d,27.500,183.700,0.400
3992,5405,1881,3,4,16524,212847dcd998f546,27.500,195.900,0.100
3993,5406,1882,3,4,16524,55987a4d8d272280,26.700,201.700,0.100
3994,5407,1883,3,4,16524,80d0d6ec9681bafb,25.600,137.500,0.100
3995,5408,1884,3,4,16524,37e20ad7b5d790b6,26.900,177.400,0.300
3996,5409,1885,3,4,16524,eaf4a3cbbef906ac,27.400,145.700,0.100
3997,5410,1886,3,3,15492,262541caaf91a7b5,26.100,136.700,0.400
3998,5411,1887,3,3,15492,7e1070570e466290,24.400,154.800,0.400
3999,5412,1888,3,3,15492,ed47458036fad22b,23.700,149.200,0.100
4000,5413,1889,3,3,15492,a52de1ae70017c5e,22.400,190.000,0.100
4001,5414,1890,3,3,15492,f5b6a9e0bf97b932,33.300,142.800,0.200
4002,5415,1891,3,3,15492,3abf3f3894e266a4,26.200,307.500,0.400
4003,5416,1892,3,3,15492,fe63f417d5e4a77d,28.700,179.400,0.200
4004,5417,1893,3,3,15492,0a3a107f830a0b7c,24.500,165.200,0.100
4005,5418,1894,3,3,15492,3e08c27fbe308619,26.100,208.000,0.100
4006,5419,1895,3,3,15492,7cb715a0d5584949,25.300,148.100,0.300
4007,5420,1896,3,3,15492,f2caed0e1cc0c72a,25.600,178.800,0.200
4008,5421,1897,3,3,15492,74500794f21d85ce,25.000,157.900,0.100
4009,5422,1898,3,3,15492,16e596d0af8fbbbf,25.700,183.500,0.100
4010,5423,1899,3,3,15492,516064f0b889c21c,33.500,143.600,0.100
4011,5424,1900,3,3,15492,553716d092c91c75,23.300,180.100,0.100
4012,5425,1901,3,3,15492,b3a0065fae2dd754,24.700,178.800,0.100
4013,5426,1902,3,3,15492,b2397fdfc62ee1ed,27.100,194.300,0.100
4014,5427,1903,3,3,15492,4289685f7a87112a,27.000,212.000,0.200
4015,5428,1904,3,3,15492,4b0e1dc0fd5db885,25.800,189.500,0.100
4016,5429,1905,3,3,15492,8585927dac5d504e,24.100,141.400,0.200
4017,5430,1906,3,3,15492,cbf1648105e40db1,58.900,227.200,0.100
4018,5431,1907,3,3,15492,37d98dab96574f8f,26.400,151.600,0.100
4019,5432,1908,3,3,15492,e1fa81fea79ebeda,51.900,142.800,0.100
4020,5433,1909,3,3,15492,918b416b20ad3074,23.800,149.900,0.200
4021,5434,1910,3,3,15492,bb86687311bef85b,26.500,182.400,0.200
4022,5435,1911,3,3,15492,4dc30702c616f548,24.300,284.200,0.300
4023,5436,1912,3,3,15492,7952215a2ddd962a,25.400,158.200,0.100
4024,5437,1913,3,3,15492,190df663a4f3a4ca,25.300,147.700,0.400
4025,5438,1914,3,4,16524,e739d254a4686866,25.000,171.100,0.100
4026,5439,1915,3,4,16524,99adcfe8c7e5311e,25.000,187.600,0.100
4027,5440,1916,3,4,16524,a53e31ba9abf4388,30.900,188.800,0.100
4028,5441,1917,3,4,16524,74cb3ef47bbb33ba,25.500,178.300,0.100
4029,5442,1918,3,5,17556,d72ad993e156b5f3,34.500,137.200,0.100
4030,5443,1919,3,5,17556,6be69564915e3eee,38.700,136.900,0.100
4031,5444,1920,3,6,18588,a6492d91b8017990,42.600,218.900,0.300
4032,5445,1921,3,7,19620,7884e3f99e0b5785,29.900,169.900,0.300
4033,5446,1922,3,7,19620,bd182f59786b1c4d,30.400,171.300,0.200
4034,5447,1923,3,7,19620,b9ebdb7ab709bb8f,42.500,186.900,0.100
4035,5448,1924,3,7,19620,9934b1a8ff4d9f54,54.400,180.200,0.100
4036,5449,1925,3,7,19620,48d379fdbfd4587b,28.900,150.700,0.100
4037,5450,1926,3,7,19620,c7db102c8849b32b,31.200,159.100,0.200
4038,5451,1927,3,7,19620,57604cae870496a5,29.200,141.000,0.100
4039,5452,1928,3,7,19620,92610dddcf44a058,28.100,167.600,0.100
4040,5453,1929,3,7,19620,ff79054f8ab8585a,30.900,169.000,0.200
4041,5454,1930,3,8,20652,1bfc7d2f75acec1c,29.900,138.500,0.400
4042,5455,1931,3,9,21684,53818fb578a345ad,60.200,192.000,0.200
4043,5456,1932,3,9,21684,4734c0c175091cce,31.000,176.900,0.100
4044,5457,1933,3,10,22716,a2dc6942f21f2eba,37.200,157.800,0.200
4045,5458,1934,3,10,22716,b9181ebde6136da2,32.100,192.400,0.100
4046,5459,1935,3,10,22716,c30a31754e668fdd,30.500,142.900,0.100
4047,5460,1936,3,10,22716,16d6a2c6926b6155,31.200,204.600,0.100
4048,5461,1937,3,11,23748,acc4a9127169375c,33.700,174.600,0.100
4049,5462,1938,3,11,23748,3d896a89273c4bc9,33.000,183.400,0.100
4050,5463,1939,3,13,25812,340d5a34622ea6bf,77.000,170.700,0.100
4051,5464,1940,3,13,25812,08d4486a8b9a9339,36.200,171.600,0.100
4052,5465,1941,3,13,25812,fb092981bc15895e,36.400,211.100,0.100
4053,5466,1942,3,13,25812,7b2efdfc3956b245,34.800,143.500,0.100
4054,5467,1943,3,14,26844,1b7f0b8ad0b3b6bc,38.300,252.700,0.200
4055,5468,1944,3,14,26844,bd509c0843ba170a,35.400,172.000,0.200
4056,5469,1945,3,15,27876,d64350b4cfac808c,37.800,144.200,0.100
4057,5470,1946,3,15,27876,e1e59628d3759bc6,44.500,183.000,0.400
4058,5471,1947,3,15,27876,b17fac017af3c814,36.200,137.300,0.300
4059,5472,1948,3,15,27876,ccc01bc51703bf78,38.700,185.600,0.300
4060,5473,1949,3,15,27876,e6f2ce730b7ec1a8,38.600,183.900,0.100
4061,5474,1950,3,15,27876,efeac0f37e70b2b6,43.400,199.300,0.100
4062,5475,1951,3,15,27876,09cc1646569f6f1d,35.600,138.700,0.200
4063,5476,1952,3,15,27876,7dc5ea9e08f2f7c9,53.900,173.600,0.100
4064,5477,1953,3,16,28908,598bc6c85845f980,42.900,177.200,0.100
4065,5478,1954,3,11,23748,2048086525491f94,35.100,173.100,0.100
4066,5479,1955,3,11,23748,075955f9f7533ed8,35.200,171.100,0.200
4067,5480,1956,3,12,24780,09c47f27d823e87f,50.000,175.300,0.100
4068,5481,1957,3,14,26844,a8f5deda5467fba9,34.600,146.600,0.100
4069,5482,1958,3,14,26844,900978b67f67d18e,40.500,175.100,0.100
4070,5483,1959,3,14,26844,474b23466d778164,36.700,196.800,0.100
4071,5484,1960,3,14,26844,e76a67e8c495d313,33.700,148.800,0.100
4072,5485,1961,3,16,28908,d504d01b01e43c06,38.900,152.300,0.500
4073,5486,1962,3,18,30972,012b23f23e3d14cc,43.400,180.100,0.100
4074,5487,1963,3,18,30972,2c7877b462d0649f,40.800,247.200,0.300
4075,5488,1964,3,20,33036,c32ce8ae43be9ccd,43.800,175.700,0.100
4076,5489,1965,3,20,33036,7ef17727d53ac81c,46.900,172.500,0.500
4077,5490,1966,3,20,33036,1cf5214a21f01c09,46.000,157.400,0.100
4078,5491,1967,3,20,33036,3540ed76135cf490,49.300,235.900,0.100
4079,5492,1968,3,20,33036,23725e0de8e3d187,45.200,214.000,0.200
4080,5493,1969,3,20,33036,36ca67c27e30c36e,43.400,162.000,0.400
4081,5494,1970,3,20,33036,0c7257044341e0ae,44.400,173.500,0.400
4082,5496,1971,3,20,33036,bad1b69ae382c110,44.100,168.900,0.100
4083,5497,1972,3,20,33036,0653b377719f5970,44.300,197.600,0.100
4084,5498,1973,3,20,33036,92a17afe2eaa88cd,43.600,149.700,0.400
4085,5499,1974,3,20,33036,a0d4c83d9242d44c,43.100,146.200,0.100
4086,5500,1975,3,20,33036,8fb19a06c7557f44,42.800,147.600,0.100
4087,5501,1976,3,20,33036,b424af4d9011cc7f,43.400,179.400,0.400
4088,5502,1977,3,20,33036,ec4bbe2438e8d8fa,41.900,146.200,0.100
4089,5503,1978,3,20,33036,d670a9353ab0ef3f,40.300,141.700,0.100
4090,5504,1979,3,20,33036,9dd033a8aa93bac3,49.300,163.100,0.300
4091,5505,1980,3,20,33036,0aabff5f9b393d43,43.200,181.400,0.100
4092,5506,1981,3,20,33036,e54f1a4fb2d3c536,46.400,138.700,0.200
4093,5507,1982,3,20,33036,08d94a9c995a4107,47.900,159.200,0.100
4094,5508,1983,3,20,33036,d2cbe3cf62785a71,43.500,153.100,0.400
4095,5509,1984,3,19,32004,3ce11b599a79a45e,43.300,149.800,0.200
4096,5510,1985,3,19,32004,c95153b318748fa6,43.200,220.300,0.200
4097,5511,1986,3,19,32004,ec36cb360b9ad0f4,41.200,145.300,0.400
4098,5512,1987,3,19,32004,622e0955e2af34fa,45.000,197.900,0.300
4099,5513,1988,3,19,32004,78acd33dc3df41b7,47.200,167.900,0.100
4100,5514,1989,3,19,32004,7f5e1beb15ff931b,40.300,181.900,0.300
4101,5515,1990,3,19,32004,6a76fbe9f6b1a481,48.400,180.600,0.100
4102,5516,1991,3,19,32004,de9ebb45b3a0c321,41.000,166.100,0.300
4103,5517,1992,3,19,32004,3bc4a0c583a96a63,42.000,143.000,0.100
4104,5518,1993,3,19,32004,7c8aae04ad3496e0,43.700,164.300,0.300
4105,5519,1994,3,19,32004,a4d6661235db5527,61.300,177.900,0.100
4106,5520,1995,3,19,32004,7dc732f348635356,43.600,176.500,0.100
4107,5521,1996,3,19,32004,dca2314652d7c3fb,97.900,261.800,0.400
4108,5522,1997,3,19,32004,89b20fe4f9bf8b72,45.100,148.400,0.200
4109,5523,1998,3,19,32004,a53636b0af87121c,41.800,243.600,0.200
4110,5524,1999,3,19,32004,0a40811e4d1bea76,41.000,191.300,0.100
4111,5525,2000,3,19,32004,97ce7cfa1c451444,41.400,223.200,0.200
4112,5526,2001,3,19,32004,d4ae0a1aeb0b3c4f,42.200,165.900,0.100
4113,5527,2002,3,19,32004,ba0a162e9cc73fd1,44.800,189.800,0.500
4114,5528,2003,3,19,32004,b3f8b4c1d5679dbc,43.500,167.700,0.100
4115,5529,2004,3,19,32004,98a2e56b283044a1,39.500,186.000,0.100
4116,5530,2005,3,20,33036,c1c966fb7a0a47a0,43.000,145.500,0.200
4117,5531,2006,3,20,33036,81fa9251953f5575,43.600,149.900,0.400
4118,5532,2007,3,20,33036,79f430984d1ca773,42.600,166.600,0.100
4119,5533,2008,3,20,33036,67fa1519c2752eb2,50.600,253.100,0.400
4120,5534,2009,3,20,33036,27d8fd02db4ae9d6,40.700,148.100,0.100
4121,5535,2010,3,20,33036,998745b7bf2031eb,47.200,208.800,0.200
4122,5536,2011,3,20,33036,bc0262860b21104e,45.300,197.100,0.100
4123,5537,2012,3,20,33036,eae50aa06fc3e760,47.000,173.500,0.500
4124,5538,2013,3,20,33036,c53b2b92bc328512,40.000,143.500,0.100
4125,5539,2014,3,20,33036,72df8f18ca2fdd95,53.600,316.600,0.300
4126,5540,2015,3,20,33036,dcac7bd1fa18ea74,43.500,221.200,0.400
4127,5541,2016,3,20,33036,5dfb25bca9501408,45.900,218.600,0.100
4128,5542,2017,3,20,33036,d6137ad82c8af116,45.500,241.900,0.100
4129,5543,2018,3,20,33036,6fee2da88bedfb89,45.100,211.500,0.100
4130,5544,2019,3,20,33036,60bb669fe4dbb3f9,45.400,216.700,0.500
4131,5545,2020,3,20,33036,4bc8547bc0cded35,44.100,157.300,0.200
4132,5546,2021,3,20,33036,eb4dfb5ceb3793a8,43.100,203.600,0.300
4133,5547,2022,3,20,33036,f83537a21ebfd924,44.000,154.000,0.100
4134,5548,2023,3,20,33036,2f57117fc51688e0,43.100,186.900,0.300
4135,5549,2024,3,20,33036,6fc6603391c302f1,45.100,165.700,0.400
4136,5550,2025,3,20,33036,d6e7c14c56954996,40.900,156.500,0.100
4137,5551,2026,3,20,33036,89d4ff9785c3db8d,41.700,154.400,0.200
4138,5552,2027,3,20,33036,069c7e65bdda4cef,44.500,166.900,0.500
4139,5553,2028,3,20,33036,f36172f8af8e7b39,53.200,192.300,0.200
4140,5554,2029,3,20,33036,ff3cd6cd8b1c5a5a,44.700,206.300,0.100
4141,5555,2030,3,20,33036,2c120c33cf391965,44.400,171.200,0.100
4142,5556,2031,3,20,33036,9bb39501c1d1895a,43.000,211.900,0.300
4143,5557,2032,3,20,33036,3cfbffeaaad35a76,40.300,149.300,0.100
4144,5558,2033,3,20,33036,e6feea64cdfcfa1e,42.200,168.800,0.100
4145,5559,2034,3,20,33036,4b4ad53ec8829ffd,43.700,144.800,0.400
4146,5560,2035,3,20,33036,bce7f77c0992c089,42.300,145.400,0.100
4147,5561,2036,3,20,33036,95a8cc76432b8ae9,43.100,235.700,0.500
4148,5562,2037,3,20,33036,3c6bbdaf2775a686,44.400,167.500,0.200
4149,5563,2038,3,20,33036,89a07bfb1acf548f,48.200,174.700,0.100
4150,5564,2039,3,20,33036,4a968fc757c68368,44.800,149.500,0.100
4151,5565,2040,3,20,33036,418a4abffbf04b34,43.600,198.400,0.100
4152,5566,2041,3,20,33036,7fb266f1fbb863e5,43.700,164.900,0.500
4153,5567,2042,3,20,33036,e148ca6d2b4885fc,42.700,159.300,0.300
4154,5568,2043,3,19,32004,58fc05a03c841003,45.300,191.700,0.500
4155,5569,2044,3,19,32004,28f3223e6427a8a5,43.500,233.000,0.100
4156,5570,2045,3,18,30972,c1f1827fba4ca7c6,63.600,220.000,0.200
4157,5571,2046,3,18,30972,9b653e8334e008ef,41.100,151.900,0.400
4158,5572,2047,3,16,28908,ace4f8223507f9e9,34.900,188.900,0.200
4159,5573,2048,3,10,22716,36bd879ac04fd9f0,32.000,215.100,0.100
4160,5574,2049,3,10,22716,1168df2c7a45a38a,33.900,189.000,0.100
4161,5575,2050,3,7,19620,3a4d371f7309d039,28.100,157.900,0.100
4162,5576,2051,3,5,17556,402ce658ae544d87,27.100,212.100,0.400
4163,5577,2052,3,4,16524,06e06abf3cd09497,23.900,137.700,0.200
4164,5578,2053,3,4,16524,b302c8eada6712e4,26.900,152.300,0.100
4165,5579,2054,3,4,16524,16335b3223cf15b0,29.000,165.200,0.100
4166,5580,2055,3,4,16524,71e208e0cdf3d688,24.900,199.600,0.400
4167,5581,2056,3,6,18588,08eec046a2fbb9a8,28.800,156.000,0.100
4168,5582,2057,3,8,20652,b5dd9ac1becc3911,29.600,164.600,0.100
4169,5583,2058,3,7,19620,e1cdf089583deed0,29.300,137.600,0.200
4170,5584,2059,3,9,21684,e0aac3e66be2231e,31.100,255.200,0.200
4171,5585,2060,3,9,21684,bddadf1bca68e63e,32.100,175.700,0.400
4172,5586,2061,3,9,21684,dbaca35179672949,31.700,168.800,0.100
4173,5587,2062,3,9,21684,7305b6c1de3de56f,30.500,183.300,0.200
4174,5588,2063,3,9,21684,779756e17a185207,31.400,137.700,0.100
4175,5589,2064,3,9,21684,50dc3c891fd46b6e,30.700,195.700,0.100
4176,5590,2065,3,9,21684,e06d48055e0aa7eb,33.100,159.700,0.300
4177,5591,2066,3,10,22716,23f92b781ad3f74e,43.000,154.600,0.200
4178,5592,2067,3,10,22716,048922260c3c8a7b,31.400,169.400,0.100
4179,5593,2068,3,10,22716,aa848a7ec95ff227,32.000,138.800,0.200
4180,5594,2069,3,10,22716,f6c9c5a2db80c486,35.800,167.100,0.200
4181,5595,2070,4,10,26816,9e6d815b4816b086,41.400,294.800,0.300
4182,5596,2071,3,10,22716,423cdcaeac2df644,34.300,197.600,0.200
4183,5597,2072,4,10,26816,3b54913feb3a3188,48.300,146.200,0.200
4184,5598,2073,3,9,21684,299fa2bd7ffc91ce,39.100,138.000,0.200
4185,5599,2074,4,9,25784,33368fe2f774f0a4,36.900,202.800,0.100
4186,5600,2075,3,9,21684,207e0f0b6f6b3af0,32.100,183.500,0.100
4187,5601,2076,4,9,25784,531d6fe3f6e8409b,46.400,156.000,0.100
4188,5602,2077,3,9,21684,1e24b76ab8b20363,36.100,216.700,0.300
4189,5603,2078,4,9,25784,42fb7bc70278c3d1,35.500,164.400,0.100
4190,5604,2079,3,9,21684,aa5053c727f0aa5d,42.000,180.200,0.100
4191,5605,2080,4,9,25784,d3c5d047dd4d520c,34.700,158.600,0.400
4192,5606,2081,3,8,20652,962cff3e9d8d0936,37.300,147.000,0.200
4193,5607,2082,4,8,24752,dc6494b4e4184096,44.700,155.800,0.200
4194,5608,2083,3,7,19620,470c8e0ccaab8097,28.800,211.600,0.300
4195,5609,2084,4,7,23720,accf239601a87746,31.700,159.300,0.400
4196,5610,2085,3,7,19620,61fc3761962a6599,62.600,139.600,0.100
4197,5611,2086,4,7,23720,aa0f30d30a907bec,32.200,289.700,0.100
4198,5612,2087,3,7,19620,ff874824215cd2e0,41.900,152.100,0.400
4199,5613,2088,4,7,23720,bb69f84828413d89,40.700,175.200,0.100
4200,5614,2089,3,7,19620,a967a5f775680ec8,33.900,160.200,0.100
4201,5615,2090,4,7,23720,3f1f1ee957a46593,34.500,148.000,0.100
4202,5616,2091,3,8,20652,d1bfde63d0dcb218,32.000,142.500,0.400
4203,5617,2092,4,8,24752,1b46e1705604f738,33.800,181.800,0.400
4204,5618,2093,3,10,22716,ced58b722cad11b2,36.900,175.300,0.300
4205,5619,2094,3,18,30972,937920029b362d97,41.200,175.200,0.100
4206,5620,2095,3,20,33036,3bd4fc698a8efda6,45.600,165.000,0.400
4207,5621,2096,3,20,33036,090f53fb9cc7ce62,43.400,149.100,0.400
4208,5622,2097,3,20,33036,c1b3f4c4de1a0cce,43.200,146.000,0.500
4209,5623,2098,3,20,33036,8707a1eaf6fd9b00,41.900,147.700,0.100
4210,5625,2099,3,20,33036,1cfbe032bdb436f4,76.500,192.500,1.400
4211,5626,2100,3,20,33036,80fa7f77f50b0337,43.800,192.100,0.100
4212,5627,2101,3,20,33036,5e001cf78db69044,53.600,256.600,0.100
4213,5628,2102,3,20,33036,6335955dc7f3dfea,42.800,156.500,0.200
4214,5629,2103,3,20,33036,8b27d025eeac77a9,47.400,186.600,0.400
4215,5630,2104,3,20,33036,9a199cd88ab031a0,46.600,179.700,0.100
4216,5631,2105,3,20,33036,544f68bec6390dbf,43.400,149.100,0.500
4217,5632,2106,3,20,33036,7a68b844e5304959,43.300,178.700,0.300
4218,5633,2107,3,20,33036,4fb5f84a314d4c40,41.500,191.300,0.200
4219,5634,2108,3,20,33036,c4b402d12b7f8dd8,41.400,220.300,0.200
4220,5635,2109,3,20,33036,60f72698a206f909,47.000,174.500,0.100
4221,5636,2110,3,20,33036,7cbd963d96f135b8,44.200,177.800,0.200
4222,5637,2111,3,20,33036,2fbfa5660907f94d,51.500,171.900,0.200
4223,5638,2112,3,20,33036,a273817f27338113,46.100,219.000,0.100
4224,5639,2113,3,20,33036,811a0cd0dd79108f,44.500,143.200,0.100
4225,5640,2114,3,20,33036,0a9a2beda6e4a77f,42.300,169.300,0.100
4226,5641,2115,3,20,33036,46488a623d05e5a2,41.200,147.600,0.300
4227,5642,2116,3,20,33036,ecbe0d848eda5be1,43.900,178.800,0.100
4228,5643,2117,3,20,33036,9f55319321b27193,41.600,182.100,0.200
4229,5644,2118,3,20,33036,803accbcaf1f3877,44.600,217.400,0.100
4230,5645,2119,3,20,33036,d3b88cbed67be281,129.800,175.800,0.400
4231,5646,2120,3,20,33036,8e0c4a98d5b08ac6,42.400,207.900,0.200
4232,5647,2121,3,20,33036,ae7d494aeb0dd810,43.200,172.000,0.100
4233,5648,2122,3,20,33036,afea585ed405565d,54.200,137.400,0.200
4234,5649,2123,3,20,33036,869346129ba41f72,43.500,140.100,0.100
4235,5650,2124,3,20,33036,dc6f9add85feb15f,46.700,190.400,0.200
4236,5651,2125,3,20,33036,1c8a1e900d604352,47.000,177.200,0.200
4237,5652,2126,3,20,33036,e8aa214c394b882f,47.300,175.400,0.400
4238,5653,2127,3,20,33036,85b781a6a1499767,45.900,169.600,0.100
4239,5654,2128,3,20,33036,99462fa10547bfbb,43.800,152.500,0.100
4240,5655,2129,3,20,33036,d65b2fe2afe34ac9,42.000,205.500,0.400
4241,5656,2130,3,20,33036,3907194ea08bd3bc,45.200,150.500,0.100
4242,5657,2131,3,20,33036,5e55091764814e5c,43.800,151.500,0.400
4243,5658,2132,3,20,33036,2a166e24bdb3cac8,43.600,235.900,0.300
4244,5659,2133,3,20,33036,3db5b524cc1b78a9,74.400,320.600,0.100
4245,5660,2134,3,20,33036,204fb24b811a0edf,46.600,171.300,0.100
4246,5661,2135,3,20,33036,5cd92b05b52c874b,45.000,178.500,0.100
4247,5662,2136,3,20,33036,bf86d41e0109e183,52.400,170.700,0.100
4248,5663,2137,3,20,33036,6726ef6522a1db39,47.500,157.100,0.400
4249,5664,2138,3,20,33036,244dc9a16466e393,42.100,172.700,0.100
4250,5665,2139,3,20,33036,e0be26ea7f48344a,51.200,166.400,0.500
4251,5666,2140,3,20,33036,121d1fafd1ff7221,42.500,264.600,0.100
4252,5667,2141,3,20,33036,eba524108934c0f3,43.900,147.900,0.200
4253,5668,2142,3,20,33036,f5db155062e9ab04,41.500,139.300,0.100
4254,5669,2143,3,20,33036,c1f58bf6240d9e89,54.200,294.800,0.300
4255,5670,2144,3,20,33036,83420bc6fb6b7896,44.700,166.100,0.100
4256,5671,2145,3,19,32004,81b3b6eed71e5524,43.100,197.900,0.100
4257,5672,2146,3,19,32004,c0430a3a97f46e31,48.900,190.800,0.400
4258,5673,2147,3,19,32004,3c52daafef237df8,41.600,145.700,0.100
4259,5674,2148,3,18,30972,7e84ca65ab641bad,39.900,143.400,0.200
4260,5675,2149,3,18,30972,9ea46af9427437a2,54.200,179.700,0.200
4261,5676,2150,3,18,30972,875298f76ba3536b,40.600,212.500,0.400
4262,5677,2151,3,16,28908,42d9bc43c30ac401,35.000,143.500,0.100
4263,5678,2152,3,16,28908,215ffcb518d465c5,39.200,174.000,0.100
4264,5679,2153,3,12,24780,85c0445d98529cbe,34.400,186.600,0.200
4265,5680,2154,3,10,22716,f7a281ca85828d5e,32.100,154.800,0.400
4266,5681,2155,3,10,22716,ce84cbd4a9a60616,32.800,164.100,0.200
4267,5682,2156,3,10,22716,50c3442414123f65,32.500,177.500,0.100
4268,5683,2157,3,8,20652,ea8acf05d3075458,27.700,171.800,0.200
4269,5684,2158,3,7,19620,887dbee93bca1547,28.000,196.900,0.200
4270,5685,2159,3,7,19620,c037211d93f4290d,30.600,147.000,0.200
4271,5686,2160,3,7,19620,ca1291c12ccaf272,35.400,203.500,0.400
4272,5687,2161,3,5,17556,289df572adcc8beb,27.300,190.100,0.100
4273,5688,2162,3,5,17556,a692a57e993f4ab0,27.500,170.300,0.100
4274,5689,2163,3,5,17556,44e729b367a90b91,28.200,236.500,0.200
4275,5690,2164,3,5,17556,388f22f044ddeb02,26.900,154.300,0.300
4276,5691,2165,3,5,17556,294642b3d0cbb7da,27.000,148.700,0.200
4277,5692,2166,3,5,17556,b4686947fc0fc8be,27.000,161.900,0.400
4278,5693,2167,3,5,17556,e9ad618eac509e4c,26.300,142.400,0.300
4279,5694,2168,3,6,18588,05f0081bc44c41bf,27.200,153.000,0.100
4280,5695,2169,3,7,19620,1a76afce4c1f7cf4,33.600,164.100,0.100
4281,5696,2170,3,7,19620,f41d124791526b37,37.200,164.300,0.200
4282,5697,2171,3,6,18588,1b505754c760758f,27.800,135.000,0.100
4283,5698,2172,3,7,19620,707ed05119b11c7b,28.700,145.200,0.200
4284,5699,2173,3,9,21684,446edf27ab7b2282,31.500,143.900,0.100
4285,5700,2174,3,9,21684,a676553a7bb7815c,32.300,148.300,0.100
4286,5701,2175,3,9,21684,142c2859baaf8a88,30.900,141.600,0.200
4287,5702,2176,3,11,23748,124ffd8a026ab440,42.800,209.600,0.100
4288,5703,2177,3,13,25812,5404c5fb6a6b8357,36.200,179.800,0.100
4289,5704,2178,3,13,25812,19034c73a3a60647,37.600,207.300,0.400
4290,5705,2179,3,13,25812,4febc0cbff99807b,41.100,172.300,0.100
4291,5707,2180,3,13,25812,7359b76fef4705c6,35.500,151.700,0.200
4292,5708,2181,3,13,25812,2a6b47d752fce545,36.300,159.500,0.100
4293,5709,2182,3,13,25812,0b1ef37072918a68,39.600,144.500,0.100
4294,5710,2183,3,13,25812,e4891563efd1567e,34.600,156.300,0.100
4295,5711,2184,3,13,25812,e7b4080b9ec79044,34.500,148.500,0.100
4296,5712,2185,3,13,25812,0e3e85784e331a8b,34.800,149.000,0.200
4297,5713,2186,3,13,25812,5695e76a5da43b71,36.600,451.900,0.300
4298,5714,2187,3,13,25812,a597e4d5bc7d87d0,34.700,140.400,0.100
4299,5715,2188,3,13,25812,a66bb2c8ba0e2399,34.100,158.500,0.200
4300,5716,2189,3,13,25812,257fb6a05ece1195,34.200,184.100,0.300
4301,5717,2190,3,13,25812,37bc41329320015d,36.000,148.000,0.100
4302,5718,2191,3,13,25812,0792e2be04515195,33.500,144.100,0.100
4303,5719,2192,3,13,25812,20c9bdaaed0bdeb1,51.700,190.800,0.200
4304,5720,2193,3,13,25812,e99605d19bb03cee,39.400,174.200,0.100
4305,5721,2194,3,13,25812,d6252cd63f76b841,36.900,143.500,0.100
4306,5722,2195,3,13,25812,34d4e5078caf2d8f,37.000,188.800,0.300
4307,5723,2196,3,13,25812,8dd7d04aefbd2638,34.700,138.000,0.100
4308,5725,2197,3,13,25812,de586556362b7163,35.400,228.500,0.400
4309,5726,2198,3,13,25812,c8df654b7234d9c2,36.200,158.900,0.100
4310,5727,2199,3,13,25812,f02f8b87f74b2269,37.000,199.300,0.400
4311,5728,2200,3,13,25812,59bbfb31806f49a8,36.600,225.400,0.300
4312,5729,2201,3,13,25812,fc11922d69557db0,34.600,179.200,0.100
4313,5730,2202,3,13,25812,342794ed26cce5e0,56.000,179.100,0.400
4314,5731,2203,3,13,25812,14d45d0a9c851f57,54.600,147.900,0.300
4315,5732,2204,3,13,25812,e1176fe29856d8fb,34.100,146.600,0.100
4316,5733,2205,3,13,25812,062c9bcb7676deda,58.400,153.800,0.100
4317,5734,2206,3,13,25812,75d7ec7ace06b835,39.500,193.400,0.100
4318,5735,2207,3,13,25812,04a25e2568911d62,37.300,160.900,0.100
4319,5736,2208,3,13,25812,abad72a23e51fe06,35.500,155.700,0.100
4320,5737,2209,3,13,25812,eabe2532466475ff,36.400,146.300,0.200
4321,5738,2210,3,13,25812,a4a020e7071f7e24,35.500,146.900,0.400
4322,5739,2211,3,13,25812,b54c9707f557d95f,67.900,167.800,0.100
4323,5740,2212,3,13,25812,ffe380a790c36218,38.300,199.000,0.500
4324,5741,2213,3,13,25812,aa3bb0e370875c06,36.600,160.600,0.100
4325,5742,2214,3,13,25812,af0c596538b47359,34.100,141.900,0.100
4326,5743,2215,3,13,25812,895ba66a63fd8e23,44.300,165.500,0.200
4327,5744,2216,3,13,25812,1199e11cb7c4b56b,36.600,157.300,0.200
4328,5745,2217,3,13,25812,d3f16795a288cce7,36.800,131.500,0.200
4329,5746,2218,3,13,25812,57033adf3147fb44,38.200,148.600,0.100
4330,5747,2219,3,13,25812,435698e5f6d104b3,46.300,137.600,0.100
4331,5748,2220,3,13,25812,fd9ae85ccfe9165e,35.500,177.500,1.400
4332,5749,2221,3,13,25812,08459b6fc9f8c513,35.600,150.300,0.100
4333,5750,2222,3,13,25812,a9cf87d43063ee9c,36.600,157.200,0.400
4334,5751,2223,3,13,25812,357032add5f8665d,36.200,154.800,0.400
4335,5753,2224,3,13,25812,834ede62ea3839ab,38.200,193.600,0.500
4336,5754,2225,3,13,25812,6916b62971c6579a,55.900,171.300,0.400
4337,5755,2226,3,13,25812,565a843c8d3bb4e1,44.700,173.900,0.200
4338,5756,2227,3,13,25812,87402a90f22728c2,36.700,149.000,0.100
4339,5757,2228,3,13,25812,2dfa3857844959f9,37.700,150.900,0.400
4340,5758,2229,3,13,25812,30e2c422487156a3,38.200,202.600,0.400
4341,5759,2230,3,13,25812,6ae6a88de0f7444d,36.700,157.800,0.100
4342,5760,2231,3,13,25812,0a271a3fe9a2d6ec,43.500,164.100,0.100
4343,5761,2232,3,13,25812,0e0c1640ee2bcf3a,44.400,166.300,0.400
4344,5762,2233,3,13,25812,32e1286daff50952,36.300,131.500,0.200
4345,5763,2234,3,13,25812,f17b1e2de2737684,38.800,177.900,0.100
4346,5764,2235,3,13,25812,fc92403c4136f4ec,34.700,134.000,0.100
4347,5765,2236,3,13,25812,7f468b3f3002c480,37.300,117.800,0.100
4348,5766,2237,3,13,25812,b3d7e79291b00577,37.700,186.500,0.200
4349,5767,2238,3,13,25812,9413e5525ed23e3e,35.800,214.600,0.400
4350,5768,2239,3,13,25812,fe6766cefe45dfbf,34.800,195.100,0.100
4351,5769,2240,3,13,25812,8af7d867c78489ca,38.400,259.700,0.300
4352,5770,2241,3,13,25812,1b6563903cb0d0c7,34.700,172.700,0.100
4353,5771,2242,3,13,25812,d1434ffb72ac8203,34.800,187.200,0.400
4354,5772,2243,3,13,25812,6598c347c35b6ac7,39.400,195.800,0.500
4355,5774,2244,3,13,25812,aefd631a40fecced,40.200,146.700,0.300
4356,5775,2245,3,13,25812,2c64ab48b616f28d,34.400,145.700,0.100
4357,5776,2246,3,13,25812,78eaeb2af59df2a6,36.700,152.200,0.100
4358,5777,2247,3,13,25812,4d88ee5ea1e80a3c,33.400,234.700,0.400
4359,5778,2248,3,13,25812,cde1ecf6c81e5070,35.800,143.000,0.400
4360,5779,2249,3,13,25812,26b9144d73de42df,34.500,143.200,0.100
4361,5780,2250,3,13,25812,912ebe0ace570bb4,35.100,199.500,0.100
4362,5781,2251,3,13,25812,d51bb9d05cc5acb6,55.800,137.600,0.100
4363,5782,2252,3,13,25812,bf0f8dd07e7be505,35.400,168.700,0.200
4364,5783,2253,3,13,25812,ab0913b9bc573eae,35.100,149.100,0.200
4365,5784,2254,3,13,25812,174f41a3b7a700d6,34.800,163.800,0.200
4366,5785,2255,3,13,25812,db2588e90d31af98,35.400,153.300,0.100
4367,5786,2256,3,13,25812,61b5f96667d74a8f,34.600,295.500,0.200
4368,5787,2257,3,13,25812,9afa4b1a7c53e89a,36.600,140.300,0.400
4369,5788,2258,3,13,25812,7f0582f643deb3c0,45.200,181.300,0.100
4370,5789,2259,3,13,25812,2ec160ceeddfbfcf,36.800,141.300,0.100
4371,5790,2260,3,13,25812,72d925dc7646e3b9,35.900,138.400,0.100
4372,5791,2261,3,13,25812,5323dd09efba5367,36.100,188.300,0.100
4373,5792,2262,3,13,25812,e80ce0a050ff49a4,41.800,142.200,0.200
4374,5793,2263,3,13,25812,c28f1b40403ea840,35.600,225.500,0.200
4375,5794,2264,3,13,25812,09fc01a06801a088,77.700,165.800,0.400
4376,5795,2265,3,13,25812,ecaa44e271065566,34.300,172.800,0.500
4377,5796,2266,3,13,25812,8eeb65978e2bc046,57.400,149.200,0.200
4378,5797,2267,3,13,25812,fd986802b8d769b0,36.100,139.800,0.400
4379,5798,2268,3,13,25812,500815f224007fd1,82.000,160.900,0.200
4380,5799,2269,3,13,25812,c4d3f47e0d5bf5fb,35.400,165.900,0.500
4381,5800,2270,3,13,25812,d7b2d08140eb8d50,33.900,130.200,0.100
4382,5801,2271,3,13,25812,1092084c57ae97f3,34.700,131.500,0.100
4383,5802,2272,3,13,25812,172f66955ac78c25,34.300,147.100,0.200
4384,5803,2273,3,13,25812,95f423908e3c51c8,40.400,169.800,0.100
4385,5804,2274,3,13,25812,2eec01a7a62893f9,36.100,137.300,0.100
4386,5805,2275,3,13,25812,1e798e23ab8a552a,36.200,148.400,0.200
4387,5806,2276,3,13,25812,f602f99b48428ec1,40.400,167.200,0.100
4388,5807,2277,3,13,25812,70c641437eb95aac,37.300,147.800,0.100
4389,5808,2278,3,13,25812,b3b87fd987f04d66,37.700,143.500,0.100
4390,5809,2279,3,13,25812,c6efe05576d2f731,38.800,158.200,0.200
4391,5810,2280,3,13,25812,1dc5956e09f0ca21,38.900,140.800,0.100
4392,5811,2281,3,13,25812,53f182d378ef4129,38.400,179.600,0.100
4393,5812,2282,3,13,25812,5f0ea85a7c00f124,39.200,171.800,0.200
4394,5813,2283,3,13,25812,cb0a268676fda6b4,43.400,169.700,0.100
4395,5814,2284,3,13,25812,9e890adbaa8c0f7a,35.000,143.200,0.100
4396,5815,2285,3,13,25812,b7d79f93fc235f6f,35.700,148.300,0.100
4397,5816,2286,3,13,25812,7055715e157641aa,35.300,183.500,0.300
4398,5817,2287,3,13,25812,62d6d5375c596473,36.600,146.500,0.100
4399,5818,2288,3,13,25812,4c2282976fe09963,37.100,167.200,0.100
4400,5819,2289,3,13,25812,777ecf12337ad695,37.300,152.800,0.100
4401,5820,2290,3,13,25812,5d86b6767e829814,38.500,169.800,0.100
4402,5821,2291,3,13,25812,962d8c58abe7bd70,37.200,137.400,0.100
4403,5822,2292,3,13,25812,facfba764d00833b,35.900,138.800,0.100
4404,5823,2293,3,13,25812,f36a258a6baa5c08,36.400,156.100,0.100
4405,5824,2294,3,13,25812,5b8b7e90aa70d4a2,57.000,136.700,0.100
4406,5825,2295,3,13,25812,b93c99ab1b1a9e40,41.500,182.600,0.100
4407,5826,2296,3,13,25812,208b7f18c98d94d7,37.100,140.100,0.100
4408,5827,2297,3,13,25812,733a7c5068885b00,35.700,140.300,0.400
4409,5828,2298,3,13,25812,5d2e05b41b8d830c,36.900,154.200,0.100
4410,5829,2299,3,13,25812,ace57d4f6db67247,33.500,158.500,0.100
4411,5830,2300,3,13,25812,dbf14d770a200e1e,35.800,125.300,0.100
4412,5831,2301,3,13,25812,1f35ba91759e4959,34.900,138.200,0.200
4413,5832,2302,3,13,25812,3edf169a97132917,90.500,132.200,0.100
4414,5833,2303,3,13,25812,0b11cabc2a249db6,43.800,180.200,0.100
4415,5834,2304,3,13,25812,a153a0e59561153f,36.900,142.000,0.500
4416,5835,2305,3,13,25812,366586292311ebd5,34.500,180.200,0.400
4417,5836,2306,3,14,26844,130614a55063c134,36.800,188.900,1.300
4418,5837,2307,3,14,26844,bbf935d001efff33,40.500,188.000,0.100
4419,5838,2308,3,14,26844,e6521953b19964db,37.500,155.200,0.100
4420,5839,2309,3,14,26844,932822c101c4d202,36.100,149.000,0.100
4421,5840,2310,3,14,26844,5d67619545264243,36.800,144.800,0.100
4422,5841,2311,3,14,26844,7c1783ec6a017754,37.600,178.300,0.100
4423,5842,2312,3,14,26844,cc380a2d68d7b796,36.600,136.800,0.400
4424,5843,2313,3,14,26844,bf1bc28eccf4e865,37.600,217.400,0.600
4425,5844,2314,3,14,26844,aa9c7755d62d7fec,36.000,168.200,0.100
4426,5845,2315,3,14,26844,daa152b1ec6a6113,35.000,142.100,0.100
4427,5846,2316,3,14,26844,1cb5b43de704c77d,39.800,171.200,0.100
4428,5847,2317,3,14,26844,66b0c3244403bee6,46.500,145.400,0.100
4429,5848,2318,3,14,26844,5e537bf6bdfb9080,35.300,147.700,0.100
4430,5849,2319,3,14,26844,352756bc930105f0,37.500,140.700,0.100
4431,5850,2320,3,14,26844,eee48592a608c045,69.100,173.800,0.300
4432,5851,2321,3,14,26844,e23d95a04f8d4128,36.500,143.600,0.100
4433,5852,2322,3,14,26844,ae145af74e282a1d,36.700,141.400,0.200
4434,5853,2323,3,14,26844,d105c76ea404fba5,36.500,158.200,0.200
4435,5854,2324,3,14,26844,5540570c677e0e43,42.400,146.900,0.300
4436,5855,2325,3,15,27876,4c6820dccd0c2b12,37.500,153.800,0.100
4437,5856,2326,3,15,27876,d37ea530b08bc915,48.200,144.000,0.100
4438,5857,2327,3,15,27876,6249a28b41b13b40,37.700,163.900,0.500
4439,5858,2328,3,16,28908,ae97a3f21c587346,39.800,138.800,0.100
4440,5859,2329,3,16,28908,357ad85cfb177b7e,40.500,177.700,0.100
4441,5860,2330,3,16,28908,226dd625c48fb389,39.900,165.700,0.100
4442,5861,2331,3,16,28908,0e3464a2f924cd58,38.200,146.300,0.100
4443,5862,2332,3,17,29940,975cae883cffeafe,41.300,142.900,0.200
4444,5863,2333,3,17,29940,e27fff20c6b63cfb,41.800,309.800,0.100
4445,5864,2334,3,17,29940,308cb671f1937efc,45.800,136.100,0.100
4446,5865,2335,3,17,29940,083ecbf59581281d,39.800,166.200,0.200
4447,5866,2336,3,17,29940,09f1f0f58d2a4692,41.000,152.800,0.300
4448,5867,2337,3,17,29940,c8031540064ed5f5,41.300,200.800,0.100
4449,5868,2338,3,17,29940,3fe389293cb11398,41.400,219.600,0.200
4450,5869,2339,3,17,29940,4da30328318c009d,37.300,157.900,0.400
4451,5870,2340,3,18,30972,f521392abe5488b5,41.100,142.800,0.500
4452,5871,2341,3,18,30972,45067d788dd40105,39.400,148.800,0.200
4453,5872,2342,3,18,30972,cd8764921857041d,41.900,158.400,0.200
4454,5873,2343,3,18,30972,27d82da9dcc8aa91,43.200,137.300,0.100
4455,5874,2344,3,18,30972,84ce62c346003e5c,44.100,188.100,0.300
4456,5875,2345,3,18,30972,4662b95baa987232,42.400,210.800,0.300
4457,5876,2346,3,18,30972,71327a38b91c115f,40.700,187.900,0.400
4458,5877,2347,3,18,30972,1fa5e0d1168faa5e,38.800,245.700,0.200
4459,5878,2348,3,18,30972,37051e1ce5a881e3,39.600,143.200,0.100
4460,5879,2349,3,18,30972,fef18af85d135c3d,40.200,137.400,0.100
4461,5880,2350,3,18,30972,a0fecd19558232a4,39.700,141.000,0.100
4462,5881,2351,3,18,30972,3f7c0e9905de6763,48.300,137.600,0.100
4463,5882,2352,3,18,30972,6e2ef018d3f2ef2a,39.700,176.300,0.400
4464,5883,2353,3,18,30972,ca29feb6d2e8c2c4,42.300,160.700,0.100
4465,5884,2354,3,18,30972,bb4b2eda440fb173,42.400,135.000,0.200
4466,5885,2355,3,18,30972,965acb80a4346773,40.000,149.600,0.100
4467,5886,2356,3,18,30972,9ea32b2a12ed5925,53.800,139.800,1.200
4468,5887,2357,3,18,30972,b1b43ccf4c8b681d,40.900,149.700,0.100
4469,5888,2358,3,18,30972,0f6f71c63516e062,39.500,171.000,0.300
4470,5889,2359,3,18,30972,0cbab1aa54cb1b52,44.500,332.500,0.500
4471,5890,2360,3,18,30972,db04ae1f321e864c,42.200,145.100,0.100
4472,5891,2361,3,18,30972,5ddc701eac143545,38.100,161.700,0.200
4473,5892,2362,3,18,30972,4bae6ae9414d76f3,44.300,144.800,0.100
4474,5893,2363,3,18,30972,558fe8e1dfbcb7a6,41.000,149.400,0.200
4475,5894,2364,3,18,30972,d7caa20e7e9fb148,43.300,144.200,0.400
4476,5895,2365,3,18,30972,3b776ebe2d639e91,42.300,166.300,0.100
4477,5896,2366,3,18,30972,06a37ee7a74b00fd,45.300,155.700,0.500
4478,5897,2367,3,18,30972,c623fd87a4b66aa1,44.600,155.800,0.100
4479,5898,2368,3,18,30972,8d2b8016b73e309f,40.800,509.300,0.700
4480,5899,2369,3,19,32004,0087a78ca60f2e2f,70.600,213.600,0.100
4481,5900,2370,3,19,32004,efa3aa95e25c8c75,44.000,143.000,0.200
4482,5901,2371,3,19,32004,08ec65ec1b5cff43,45.000,159.400,0.200
4483,5902,2372,3,19,32004,c31a285eca2c17f8,41.500,164.000,0.200
4484,5903,2373,3,19,32004,5a0bf8ba58c885cb,63.700,221.500,0.200
4485,5904,2374,3,19,32004,2a84ead6ae6f8679,42.100,144.000,0.200
4486,5905,2375,3,19,32004,058516124c18ec6b,40.700,177.700,0.500
4487,5906,2376,3,19,32004,8b17b9116683d890,43.500,140.700,0.100
4488,5907,2377,3,19,32004,965032d83198bb7d,42.200,138.800,0.100
4489,5908,2378,3,19,32004,df87f81fbf25fd07,44.500,182.800,0.100
4490,5909,2379,3,19,32004,96a956f30dcb0344,40.600,159.400,0.400
4491,5910,2380,3,19,32004,723557efbae66cf5,48.900,174.700,0.100
4492,5911,2381,3,19,32004,672d9679f8447aaf,47.800,169.200,0.500
4493,5912,2382,3,19,32004,0b8e9185c496769f,45.700,165.500,0.100
4494,5914,2383,3,19,32004,f45f827d83c9ace5,54.300,177.500,0.100
4495,5915,2384,3,19,32004,e0c0aa4db0eb73da,44.300,146.100,0.200
4496,5916,2385,3,19,32004,7c9c885461f4bc24,42.300,210.800,0.500
4497,5918,2386,3,19,32004,37f4a5484a1aeb2f,50.300,222.700,0.300
4498,5919,2387,3,19,32004,498d53d4966d5a4b,43.200,177.900,0.200
4499,5920,2388,3,19,32004,a997c2d72c0e285e,45.500,158.400,0.400
4500,5921,2389,3,19,32004,c94c37feeaff0c57,42.700,165.300,1.400
4501,5922,2390,3,19,32004,c9c9a8a0b180f8e3,42.600,134.000,0.400
4502,5923,2391,3,19,32004,1d894a975d27cedf,40.100,146.200,0.100
4503,5924,2392,3,19,32004,df9b183dde846f48,44.300,192.900,0.100
4504,5925,2393,3,20,33036,5327d2ef76536680,44.100,165.200,0.100
4505,5926,2394,3,20,33036,ec9abcda5b7f0ce0,42.400,230.300,0.300
4506,5927,2395,3,21,34068,46af80cf8098e570,57.600,193.300,0.500
4507,5928,2396,3,21,34068,74115e1edf4b798d,43.000,139.700,0.100
4508,5929,2397,3,21,34068,69a41c9f0b7217d2,47.600,165.600,0.500
4509,5930,2398,3,21,34068,0891fb701875ac59,55.800,147.400,0.100
4510,5931,2399,3,21,34068,f559ba7080efcfe4,66.700,188.600,0.100
4511,5932,2400,3,21,34068,10ebfe4e7d30af34,49.400,179.800,0.100
4512,5933,2401,3,21,34068,a5aeae3e858e4d24,42.300,150.100,0.100
4513,5934,2402,3,21,34068,d29adf7b0542184b,44.500,170.200,0.300
4514,5935,2403,3,21,34068,9aadb5b429386662,46.700,175.700,0.300
4515,5936,2404,3,21,34068,8d7d58e1cfcbf6b8,44.200,136.500,0.200
4516,5937,2405,3,22,35100,00739e07407b5474,49.200,163.900,0.100
4517,5938,2406,3,22,35100,09e91d116ee749a2,45.100,156.300,0.100
4518,5939,2407,3,22,35100,c72efd045ed84cff,46.200,164.400,0.100
4519,5940,2408,3,22,35100,d4f6c6ae1fb1bb22,45.700,161.000,0.400
4520,5941,2409,3,22,35100,134c88039237dbbe,46.500,167.900,0.100
4521,5942,2410,3,22,35100,1113b957be4c8db1,46.200,145.300,0.200
4522,5943,2411,3,22,35100,7ecd3649ec255063,43.600,141.900,0.200
4523,5944,2412,3,22,35100,0f2879e4078c3be3,46.500,361.800,0.100
4524,5945,2413,3,22,35100,85194465858cd653,51.100,145.200,0.200
4525,5946,2414,3,22,35100,4317fea27670ba83,44.500,160.700,0.100
4526,5947,2415,3,22,35100,4c5180b4d38822c8,44.500,194.900,0.300
4527,5948,2416,3,22,35100,625459fb7a77d0ee,45.500,200.700,0.200
4528,5949,2417,3,22,35100,aff13fe8ded776bb,55.600,160.800,0.100
4529,5950,2418,3,22,35100,8c63073d84c53afe,45.000,146.600,0.100
4530,5951,2419,3,22,35100,4ef578030dba001a,44.200,142.400,0.100
4531,5952,2420,3,22,35100,ee165b5c0667aba5,45.200,150.400,0.500
4532,5953,2421,3,22,35100,0bd5a50c75f7f7a2,43.400,140.100,0.100
4533,5954,2422,3,23,36132,3e368fde65b71ae5,52.100,156.300,0.200
4534,5955,2423,3,23,36132,5e2c365f2505852d,51.900,150.100,0.400
4535,5956,2424,3,23,36132,96ba2c826b0a1839,52.200,183.000,0.100
4536,5957,2425,3,23,36132,7c8e24d3bc423783,46.100,149.200,0.100
4537,5958,2426,3,23,36132,b6236d1569020714,45.200,152.400,0.200
4538,5959,2427,3,23,36132,4cbf97fda275f7ff,46.800,149.500,0.200
4539,5960,2428,3,23,36132,db7d78af06ade8b4,46.700,169.800,0.100
4540,5961,2429,3,23,36132,fa8757c95d0fb379,46.000,159.700,0.400
4541,5962,2430,3,23,36132,cc748de01ffc500f,49.400,155.100,0.400
4542,5963,2431,3,23,36132,bf66f795426884bb,49.300,169.600,0.100
4543,5964,2432,3,23,36132,9edcfdc6853bb68b,49.700,177.500,0.600
4544,5965,2433,3,23,36132,e171c93006979414,49.700,191.000,0.400
4545,5966,2434,3,23,36132,af5f2b50526e4f38,46.400,148.400,0.100
4546,5967,2435,3,23,36132,b717189cd669a281,52.000,146.700,0.100
4547,5968,2436,3,23,36132,67eed1b812090358,48.700,148.300,0.100
4548,5969,2437,3,23,36132,7f045772ff4f3886,46.300,225.000,0.200
4549,5970,2438,3,23,36132,b09890a32977ce5c,47.900,151.500,0.500
4550,5971,2439,3,23,36132,1cf69376c4795144,48.300,149.900,0.400
4551,5972,2440,3,23,36132,ec988b4a7e215ea7,64.800,181.900,0.400
4552,5973,2441,3,23,36132,f8574b272dd85de0,45.100,141.700,0.100
4553,5974,2442,3,23,36132,24e73a357724c2ef,45.200,160.200,0.100
4554,5975,2443,3,23,36132,e8ce87a118884e69,46.300,147.300,0.100
4555,5976,2444,3,23,36132,197ac0ff0699f42c,48.600,155.900,0.200
4556,5977,2445,3,23,36132,b5e155e7fb722018,46.400,192.900,0.300
4557,5978,2446,3,23,36132,60d6ac501c399624,46.900,194.600,0.200
4558,5979,2447,3,23,36132,23b6230f805a2f4d,45.700,139.000,0.100
4559,5980,2448,3,23,36132,d9a41fe6349ffd27,47.000,157.600,0.500
4560,5981,2449,3,23,36132,db0ea26737e9e64e,46.400,193.400,0.500
4561,5983,2450,3,23,36132,1de45918adccee78,42.600,370.700,0.400
4562,5984,2451,3,23,36132,1ed4f54299515ae8,44.000,175.200,0.100
4563,5985,2452,3,23,36132,0805b1c4b78a01fe,44.900,141.700,0.100
4564,5986,2453,3,23,36132,74788f38fd9d58ab,51.500,175.100,0.500
4565,5987,2454,3,23,36132,e460493db6f2158d,47.200,154.300,0.300
4566,5988,2455,3,23,36132,5828b4e50c4daa60,46.300,177.100,0.300
4567,5989,2456,3,23,36132,973e5228fd19601e,46.200,140.900,0.100
4568,5990,2457,3,23,36132,75f36e1919230163,46.500,186.900,0.100
