frame,cpu_frame,cpu_time,device_time,scene,scene_frame,scene_time,multiplier,instances,quads,viewport,hash,source_us,assembly_us,hash_us,snapshot_us,guest_cycles,bounds,culled_bounds
3500,3500,61.276243366054,61.276255932721,2117,3500,61.276213399387,3,19,173,0,5da1d15448177cbc,1503.200,4148.600,38.300,0.300,0,1,2700
3501,3501,61.293745799387,61.293758366054,2118,3501,61.293715832720,3,19,173,0,65de35752bdba52d,1418.900,4196.100,38.300,0.400,0,1,2700
3502,3502,61.311248399387,61.311260966054,2119,3502,61.311218432720,3,19,173,0,ef15e3feea5361d3,1409.400,4213.900,38.300,0.400,0,1,2700
3503,3503,61.328751066053,61.328763632720,2120,3503,61.328721099387,3,19,173,0,c3c2363c03f252b6,1387.600,4267.500,38.300,0.500,0,1,2700
3504,3504,61.346253299387,61.346265866053,2121,3504,61.346223332720,3,19,173,0,0e4ee00e2fccf4eb,1379.000,4121.800,38.300,0.400,0,1,2700
3505,3505,61.363755766053,61.363768332720,2122,3505,61.363725799386,3,19,173,0,e7c4153e10706596,1381.000,4188.400,38.300,0.400,0,1,2700
3506,3506,61.381258199386,61.381270766053,2123,3506,61.381228232720,3,19,173,0,d848a7e7f2786eab,1444.200,4201.600,38.300,0.400,0,1,2700
3507,3507,61.398760632719,61.398773199386,2124,3507,61.398730666053,3,19,173,0,fb9f1181847c1335,1426.100,4145.600,38.300,0.300,0,1,2700
3508,3508,61.416263232719,61.416275799386,2125,3508,61.416233266053,3,19,173,0,4d2690e754fe5d3b,1428.200,4246.400,38.300,0.500,0,1,2700
3509,3509,61.433765566052,61.433778132719,2126,3509,61.433735599386,3,19,173,0,8ecad26ba6124edc,1488.300,4214.900,38.300,0.500,0,1,2700
3510,3510,61.451268099385,61.451280666052,2127,3510,61.451238132719,3,19,173,0,4a364318d9ff4322,1404.600,4173.900,38.300,0.300,0,1,2700
3511,3511,61.468770932719,61.468783499385,2128,3511,61.468740966052,3,19,173,0,7683aaeba9638ad5,1420.700,4145.600,38.300,0.400,0,1,2700
3512,3512,61.486273699385,61.486286266052,2129,3512,61.486243732718,3,19,173,0,55e76d4b01001387,1430.000,4092.200,38.300,0.500,0,1,2700
3513,3513,61.503775532718,61.503788099385,2130,3513,61.503745566052,3,19,173,0,ee1c09fc1772c04e,1407.800,4275.600,38.300,0.400,0,1,2700
3514,3514,61.521277999385,61.521290566051,2131,3514,61.521248032718,3,19,173,0,5d8d6ed2318b22fe,1455.900,4214.600,38.300,0.500,0,1,2700
3515,3515,61.538780466051,61.538793032718,2132,3515,61.538750499385,3,19,173,0,92f253fff2ca1d7e,1436.500,4183.200,85.400,0.500,0,1,2700
3516,3516,61.556282999384,61.556295566051,2133,3516,61.556253032718,3,19,173,0,c6350a476e9f983a,1470.400,4246.600,38.300,0.400,0,1,2700
3517,3517,61.573785332718,61.573797899384,2134,3517,61.573755366051,3,19,173,0,7b1a9b68f25a3f8b,1469.200,4225.000,38.300,0.600,0,1,2700
3518,3518,61.591287832717,61.591300399384,2135,3518,61.591257866051,3,19,173,0,791b7f35fec9cd82,1421.100,4053.500,38.300,0.400,0,1,2700
3519,3519,61.608790666051,61.608803232717,2136,3519,61.608760699384,3,19,173,0,e861e4721f096ce1,1419.600,4058.100,38.400,0.800,0,1,2700
3520,3520,61.626292866050,61.626305432717,2137,3520,61.626262899384,3,19,173,0,b014a22cd4d81999,1443.500,4135.900,39.500,0.500,0,1,2700
3521,3521,61.643795366050,61.643807932717,2138,3521,61.643765399384,3,19,173,0,68b31dccda9fadbc,1424.600,4048.400,38.300,0.300,0,1,2700
3522,3522,61.661297799383,61.661310366050,2139,3522,61.661267832717,3,19,173,0,784f4791463f7064,1421.200,4121.700,38.300,0.400,0,1,2700
3523,3523,61.678800266050,61.678812832717,2140,3523,61.678770299383,3,19,173,0,6eec98fd56b37e82,1397.100,4064.200,38.300,0.300,0,1,2700
3524,3524,61.696302699383,61.696315266050,2141,3524,61.696272732716,3,19,173,0,51a0c20038811827,1412.400,4126.500,38.300,0.500,0,1,2700
3525,3525,61.713805166050,61.713817732716,2142,3525,61.713775199383,3,19,173,0,6724c5b5cd3cef35,1618.100,4247.200,38.300,0.700,0,1,2700
3526,3526,61.731307699383,61.731320266049,2143,3526,61.731277732716,3,19,173,0,bd38ac1641e8564d,1528.600,4152.300,38.300,0.900,0,1,2700
3527,3527,61.748810532716,61.748823099383,2144,3527,61.748780566049,3,19,173,0,3bb708005e51906b,1407.200,4075.000,38.400,0.300,0,1,2700
3528,3528,61.766312632716,61.766325199382,2145,3528,61.766282666049,3,19,173,0,04eb118edadea7eb,1412.200,4162.600,38.300,0.300,0,1,2700
3529,3529,61.783815099382,61.783827666049,2146,3529,61.783785132715,3,19,173,0,a7f232ad304f8521,1401.600,4036.400,38.300,0.300,0,1,2700
3530,3530,61.801317499382,61.801330066049,2147,3530,61.801287532715,3,19,173,0,f605a7cf4092b3d1,1431.300,4189.400,38.300,0.500,0,1,2700
3531,3531,61.818820066048,61.818832632715,2148,3531,61.818790099382,3,19,173,0,c7033f26d578f777,1392.200,4266.500,38.400,0.400,0,1,2700
3532,3532,61.836322466048,61.836335032715,2149,3532,61.836292499382,3,19,173,0,5a672defe9762caf,1742.400,4207.900,38.300,0.300,0,1,2700
3533,3533,61.853824866048,61.853837432715,2150,3533,61.853794899381,3,19,173,0,0535fdd8b6499dbd,1443.500,4159.700,38.700,0.400,0,1,2700
3534,3534,61.871327332715,61.871339899381,2151,3534,61.871297366048,3,19,173,0,0ef82be9bdf6df65,1402.700,4039.000,38.300,0.200,0,1,2700
3535,3535,61.888830232714,61.888842799381,2152,3535,61.888800266048,3,19,173,0,d455d9931ed7e7c3,1532.600,4233.600,38.300,0.400,0,1,2700
3536,3536,61.906332332714,61.906344899381,2153,3536,61.906302366048,3,19,173,0,732dce47ae5f2ab3,1406.600,4057.600,38.300,0.300,0,1,2700
3537,3537,61.923834766047,61.923847332714,2154,3537,61.923804799381,3,19,173,0,627ab47732724fc9,1484.500,4333.700,38.300,0.400,0,1,2700
3538,3538,61.941337366047,61.941349932714,2155,3538,61.941307399381,3,19,173,0,6cceaaf7b5c83f69,1408.300,4347.300,38.300,0.500,0,1,2700
3539,3539,61.958839699380,61.958852266047,2156,3539,61.958809732714,3,19,173,0,3426825bb1b55d4f,1705.300,4338.400,38.300,0.400,0,1,2700
3540,3540,61.976342299380,61.976354866047,2157,3540,61.976312332714,3,19,173,0,e2afeca480c694b7,1413.400,4063.900,38.300,0.200,0,1,2700
3541,3541,61.993844732713,61.993857299380,2158,3541,61.993814766047,3,19,173,0,19bd8c2e3f359885,1391.800,4054.300,38.300,0.300,0,1,2700
3542,3542,62.011347132713,62.011359699380,2159,3542,62.011317166047,3,19,173,0,9faf383bf7d5ad1d,1400.000,4044.300,38.300,0.400,0,1,2700
3543,3543,62.028850166046,62.028862732713,2160,3543,62.028820199380,3,19,173,0,3462dd90dc33d69b,1431.000,4062.100,81.200,0.500,0,1,2700
3544,3544,62.046352132713,62.046364699380,2161,3544,62.046322166046,3,19,173,0,feef805a16b37fdb,1403.100,4130.300,38.300,0.700,0,1,2700
3545,3545,62.063854532713,62.063867099379,2162,3545,62.063824566046,3,19,173,0,367e5df87b5a6a91,1934.600,4099.200,38.300,0.300,0,1,2700
3546,3546,62.081357066046,62.081369632713,2163,3546,62.081327099379,3,19,173,0,78d4093eca504141,1426.100,4205.100,38.300,0.800,0,1,2700
3547,3547,62.098859599379,62.098872166046,2164,3547,62.098829632712,3,19,173,0,756762f9fce0c387,1407.100,4232.300,38.300,0.400,0,1,2700
3548,3548,62.116361966046,62.116374532712,2165,3548,62.116331999379,3,19,173,0,f433da2446bd5aff,1422.400,4144.300,38.300,0.800,0,1,2700
3549,3549,62.133872132712,62.133884699379,2166,3549,62.133842166045,3,19,173,0,411774bff3c343cd,1419.500,4390.700,159.300,0.400,0,1,2700
3550,3550,62.151367032712,62.151379599378,2167,3550,62.151337066045,3,19,173,0,be1170297a4aa8b5,1410.600,4234.900,38.300,0.300,0,1,2700
3551,3551,62.168869699378,62.168882266045,2168,3551,62.168839732712,3,19,173,0,507710c52be5c473,1477.900,4153.300,38.300,0.300,0,1,2700
3552,3552,62.186371899378,62.186384466045,2169,3552,62.186341932711,3,19,173,0,42ff50db3cd35b63,1621.700,4136.200,38.300,0.400,0,1,2700
3553,3553,62.203874432711,62.203886999378,2170,3553,62.203844466045,3,19,173,0,adf1a4a28a344f79,1554.400,4319.000,38.400,0.700,0,1,2700
3554,3554,62.221376832711,62.221389399378,2171,3554,62.221346866044,3,19,173,0,4dab5241d786dd99,1440.200,4257.400,38.300,0.700,0,1,2700
3555,3555,62.238879232711,62.238891799378,2172,3555,62.238849266044,3,19,173,0,ade3213be361ef9f,1449.900,4214.300,38.300,0.600,0,1,2700
3556,3556,62.256381766044,62.256394332711,2173,3556,62.256351799377,3,19,173,0,ecc922e77399af07,1455.100,4123.300,38.500,0.600,0,1,2700
3557,3557,62.273884299377,62.273896866044,2174,3557,62.273854332711,3,19,173,0,5ae12e5a5eceb115,1435.600,4145.100,38.300,0.600,0,1,2700
3558,3558,62.291386666044,62.291399232710,2175,3558,62.291356699377,3,19,173,0,17b1682137901bad,1459.300,4284.700,43.600,1.000,0,1,2700
3559,3559,62.308889699377,62.308902266044,2176,3559,62.308859732710,3,19,173,0,0a833753dfa2224b,1397.900,4082.800,38.300,0.400,0,1,2700
3560,3560,62.326391599377,62.326404166043,2177,3560,62.326361632710,3,19,173,0,b4564a508ba6ec4b,1407.300,4064.300,38.300,0.300,0,1,2700
3561,3561,62.343894132710,62.343906699377,2178,3561,62.343864166043,3,19,173,0,5d7d303e33172c81,1431.700,4137.600,38.300,0.600,0,1,2700
3562,3562,62.361396666043,62.361409232710,2179,3562,62.361366699376,3,19,173,0,9565e425a9d67ff1,1408.900,4270.700,42.200,0.400,0,1,2700
3563,3563,62.378899032710,62.378911599376,2180,3563,62.378869066043,3,19,173,0,6fa3188640205a17,1408.700,4185.700,38.300,0.500,0,1,2700
3564,3564,62.396401532709,62.396414099376,2181,3564,62.396371566043,3,19,173,0,30d2f5559c6a8ccf,1407.500,4068.400,38.300,0.400,0,1,2700
3565,3565,62.413903999376,62.413916566043,2182,3565,62.413874032709,3,19,173,0,0763640c59b8af1d,1478.800,4100.000,38.300,0.500,0,1,2700
3566,3566,62.431406432709,62.431418999376,2183,3566,62.431376466042,3,19,173,0,aec8963829223c05,1394.400,4066.100,38.300,0.300,0,1,2700
3567,3567,62.448909332709,62.448921899376,2184,3567,62.448879366042,3,19,173,0,6cff39d7639c06e3,1408.100,4095.400,38.400,0.400,0,1,2700
3568,3568,62.466411499375,62.466424066042,2185,3568,62.466381532709,3,19,173,0,716e59f743d13f53,1403.700,4206.400,38.300,0.400,0,1,2700
3569,3569,62.483913832708,62.483926399375,2186,3569,62.483883866042,3,19,173,0,8ac9c96c196b30e9,1440.400,4212.500,38.300,0.900,0,1,2700
3570,3570,62.501416432708,62.501428999375,2187,3570,62.501386466042,3,19,173,0,44b92e8a3d7cea09,1415.500,4121.400,38.300,0.400,0,1,2700
3571,3571,62.518918866041,62.518931432708,2188,3571,62.518888899375,3,19,173,0,3eddf7eaa181baef,1447.500,4070.200,38.300,0.500,0,1,2700
3572,3572,62.536421266041,62.536433832708,2189,3572,62.536391299375,3,19,173,0,f6350d35f5200297,1915.300,4111.900,38.400,0.600,0,1,2700
3573,3573,62.553923866041,62.553936432708,2190,3573,62.553893899374,3,19,173,0,f552dcfa76bd72e5,1404.100,4080.600,38.500,0.300,0,1,2700
3574,3574,62.571426266041,62.571438832708,2191,3574,62.571396299374,3,19,173,0,7e79b1e1345748fd,1414.000,4092.500,38.300,0.500,0,1,2700
3575,3575,62.588929166041,62.588941732707,2192,3575,62.588899199374,3,19,173,0,73b404704386d97b,1457.100,4165.600,38.300,0.600,0,1,2700
3576,3576,62.606431132707,62.606443699374,2193,3576,62.606401166041,3,19,173,0,a9e493f9087af8bb,1416.100,4056.400,38.300,0.300,0,1,2700
3577,3577,62.623933732707,62.623946299374,2194,3577,62.623903766040,3,19,173,0,16a418b5528d9671,1427.500,4085.500,38.300,0.400,0,1,2700
3578,3578,62.641436166040,62.641448732707,2195,3578,62.641406199374,3,19,173,0,608a54d58df806e1,1440.800,4071.100,38.300,0.400,0,1,2700
3579,3579,62.658938666040,62.658951232707,2196,3579,62.658908699373,3,19,173,0,0c11b3a4256a3a27,1400.800,4191.000,38.300,0.400,0,1,2700
3580,3580,62.676441099373,62.676453666040,2197,3580,62.676411132707,3,19,173,0,76041cc8935f479f,1420.300,4068.400,38.300,0.200,0,1,2700
3581,3581,62.693943532706,62.693956099373,2198,3581,62.693913566040,3,19,173,0,cab6694b2fca8c2d,1415.300,4152.800,38.300,0.300,0,1,2700
3582,3582,62.711446099373,62.711458666040,2199,3582,62.711416132706,3,19,173,0,1b5bee8b15e8a555,1409.400,4119.900,38.300,0.400,0,1,2700
3583,3583,62.728948832706,62.728961399373,2200,3583,62.728918866039,3,19,173,0,666b3efcd8e73793,1479.300,4173.700,38.400,0.500,0,1,2700
3584,3584,62.746450966039,62.746463532706,2201,3584,62.746420999373,3,19,173,0,49033a8ba59739ea,1419.200,4256.600,38.400,0.300,0,1,2700
3585,3585,62.763953366039,62.763965932706,2202,3585,62.763923399372,3,19,173,0,eb4aec8deac150bc,1444.000,4068.500,38.200,0.400,0,1,2700
3586,3586,62.781455932706,62.781468499372,2203,3586,62.781425966039,3,19,173,0,5dc80df508edb1e4,1413.500,4741.200,38.300,0.300,0,1,2700
3587,3587,62.798958432705,62.798970999372,2204,3587,62.798928466039,3,19,173,0,9f9a13bfe644f25e,1502.900,4222.000,38.300,0.500,0,1,2700
3588,3588,62.816460899372,62.816473466039,2205,3588,62.816430932705,3,19,173,0,c0cd84c183f78106,1397.300,4106.700,38.300,0.400,0,1,2700
3589,3589,62.833963366038,62.833975932705,2206,3589,62.833933399372,3,19,173,0,6a4799eae1bc6ea0,1414.300,4197.800,38.300,0.300,0,1,2700
3590,3590,62.851465799371,62.851478366038,2207,3590,62.851435832705,3,19,173,0,e39b45d806a5c930,1421.900,4159.900,38.300,0.300,0,1,2700
3591,3591,62.868968666038,62.868981232705,2208,3591,62.868938699371,3,19,173,0,49ef2b9edd17aa92,1427.900,4106.200,38.300,0.800,0,1,2700
3592,3592,62.886470766038,62.886483332704,2209,3592,62.886440799371,3,19,173,0,19855c91f740d5c2,1428.700,4240.100,38.600,0.400,0,1,2700
3593,3593,62.903973199371,62.903985766038,2210,3593,62.903943232704,3,19,173,0,d51630263bb3fc94,1457.700,4277.700,38.400,0.300,0,1,2700
3594,3594,62.921475666037,62.921488232704,2211,3594,62.921445699371,3,19,173,0,6bf70b3c748c9b6c,1464.500,4246.400,38.500,0.400,0,1,2700
3595,3595,62.938978132704,62.938990699371,2212,3595,62.938948166037,3,19,173,0,395b6b355e1e7ec6,1520.100,4151.200,38.300,0.300,0,1,2700
3596,3596,62.956480599370,62.956493166037,2213,3596,62.956450632704,3,19,173,0,a502b86c65a950be,1443.700,4250.500,58.300,0.400,0,1,2700
3597,3597,62.973983032704,62.973995599370,2214,3597,62.973953066037,3,19,173,0,094cc0b6e89d0d58,1424.600,4231.600,38.300,0.500,0,1,2700
3598,3598,62.991485632703,62.991498199370,2215,3598,62.991455666037,3,19,173,0,1f93fdd0240231b8,1404.700,4167.100,38.300,0.500,0,1,2700
3599,3599,63.008988299370,63.009000866037,2216,3599,63.008958332703,3,19,173,0,b922810b98cb439a,1410.100,4168.000,38.400,0.400,0,1,2700
3600,3600,63.026490566036,63.026503132703,2217,3600,63.026460599370,3,19,173,0,e1433dee9842775a,1418.900,4315.300,38.300,0.400,0,1,2700
3601,3601,63.043993066036,63.044005632703,2218,3601,63.043963099370,3,19,173,0,40186287602005cc,1422.800,4187.700,38.600,0.400,0,1,2700
3602,3602,63.061495532703,63.061508099369,2219,3602,63.061465566036,3,19,173,0,a2489c385657e4b4,1430.400,4087.300,38.600,0.700,0,1,2700
3603,3603,63.078997866036,63.079010432703,2220,3603,63.078967899369,3,19,173,0,24b4ac4d37b906ee,1408.100,4156.600,38.300,0.500,0,1,2700
3604,3604,63.096500432702,63.096512999369,2221,3604,63.096470466036,3,19,173,0,8d187de511365576,1417.900,4111.800,38.300,0.400,0,1,2700
3605,3605,63.114002899369,63.114015466036,2222,3605,63.113972932702,3,19,173,0,1b07556c21449f10,1527.000,4061.900,38.300,0.400,0,1,2700
3606,3606,63.131512932702,63.131525499369,2223,3606,63.131482966035,3,19,173,0,31e7a66b6c63c4c0,1399.000,4117.400,38.400,0.600,0,1,2700
3607,3607,63.149008299369,63.149020866035,2224,3607,63.148978332702,3,19,173,0,49b6bd8f2f70e9c2,1411.800,4169.800,38.300,0.300,0,1,2700
3608,3608,63.166510266035,63.166522832702,2225,3608,63.166480299368,3,19,173,0,524dcb0917040bb2,1413.300,4152.100,38.300,0.300,0,1,2700
3609,3609,63.184012766035,63.184025332701,2226,3609,63.183982799368,3,19,173,0,46f503e0fd0242e4,1417.500,4281.500,38.300,1.000,0,1,2700
3610,3610,63.201515166035,63.201527732701,2227,3610,63.201485199368,3,19,173,0,fd20dd85e1fcbd7c,1408.500,4445.400,38.300,0.300,0,1,2700
3611,3611,63.219017666034,63.219030232701,2228,3611,63.218987699368,3,19,173,0,4285c35f4f835816,1407.100,4093.400,38.300,0.400,0,1,2700
3612,3612,63.236520232701,63.236532799368,2229,3612,63.236490266034,3,19,173,0,98c80f6623d9d4ae,1443.100,4139.600,38.300,0.500,0,1,2700
3613,3613,63.254022699367,63.254035266034,2230,3613,63.253992732701,3,19,173,0,9146e56a9b52a4c8,1414.300,4121.600,38.300,0.400,0,1,2700
3614,3614,63.271525132701,63.271537699367,2231,3614,63.271495166034,3,19,173,0,9cebc3293538c248,1536.600,4163.300,38.300,0.600,0,1,2700
3615,3615,63.289027832700,63.289040399367,2232,3615,63.288997866034,3,19,173,0,9ca39e274259d78a,1411.000,4102.700,38.300,0.400,0,1,2700
3616,3616,63.306530032700,63.306542599367,2233,3616,63.306500066034,3,19,173,0,2137cadff3f8b74a,1402.700,4141.700,38.300,0.500,0,1,2700
3617,3617,63.324032532700,63.324045099367,2234,3617,63.324002566033,3,19,173,0,92d7ac43e8b9a45c,1532.500,4385.000,38.300,0.700,0,1,2700
3618,3618,63.341535032700,63.341547599367,2235,3618,63.341505066033,3,19,173,0,c6cb86d38b67b5c4,1460.400,4085.400,38.300,0.500,0,1,2700
3619,3619,63.359037432700,63.359049999366,2236,3619,63.359007466033,3,19,173,0,c599d0da585bdefe,1496.900,4211.400,38.300,0.400,0,1,2700
3620,3620,63.376539932700,63.376552499366,2237,3620,63.376509966033,3,19,173,0,706925dfc15fe0a6,1417.700,4244.400,38.300,0.500,0,1,2700
3621,3621,63.394042432699,63.394054999366,2238,3621,63.394012466033,3,19,173,0,3a5b11e35f384240,1428.000,4224.100,38.300,0.700,0,1,2700
3622,3622,63.411544932699,63.411557499366,2239,3622,63.411514966033,3,19,173,0,1dcb9a6b9c81bfd0,1479.200,4158.200,38.300,0.800,0,1,2700
3623,3623,63.429047866032,63.429060432699,2240,3623,63.429017899366,3,19,173,0,8eb5554eafc80432,1470.700,4159.800,38.500,0.600,0,1,2700
3624,3624,63.446549899366,63.446562466032,2241,3624,63.446519932699,3,19,173,0,52897c14a1ecc562,1471.100,4167.100,38.300,0.700,0,1,2700
3625,3625,63.464052366032,63.464064932699,2242,3625,63.464022399365,3,19,173,0,b089fb97efcdb234,1433.900,4215.400,38.400,0.500,0,1,2700
3626,3626,63.481554799365,63.481567366032,2243,3626,63.481524832699,3,19,173,0,f50babc5bdc20d8c,1385.800,4215.800,38.400,0.600,0,1,2700
3627,3627,63.499057232698,63.499069799365,2244,3627,63.499027266032,3,19,173,0,153934161098a926,1394.500,4473.200,38.900,0.800,0,1,2700
3628,3628,63.516559766031,63.516572332698,2245,3628,63.516529799365,3,19,173,0,9a84d19c4f2eb41e,1402.300,4158.500,38.400,0.700,0,1,2700
3629,3629,63.534062266031,63.534074832698,2246,3629,63.534032299365,3,19,173,0,7975f77b5893ba38,1543.200,4292.900,38.400,0.500,0,1,2700
3630,3630,63.551564699364,63.551577266031,2247,3630,63.551534732698,3,19,173,0,0c52b686c3c25858,1448.500,4186.800,38.300,0.500,0,1,2700
3631,3631,63.569067432698,63.569079999364,2248,3631,63.569037466031,3,19,173,0,50f403d95c82a7ba,1432.600,4099.800,38.300,0.500,0,1,2700
3632,3632,63.586569566031,63.586582132697,2249,3632,63.586539599364,3,19,173,0,0bd78111e7efefba,1420.500,4097.900,38.300,0.500,0,1,2700
3633,3633,63.604071999364,63.604084566031,2250,3633,63.604042032697,3,19,173,0,72c48e40672327ec,1410.400,4071.600,38.300,0.400,0,1,2700
3634,3634,63.621577366030,63.621589932697,2251,3634,63.621547399364,3,19,173,0,a17570eaf1b42e94,1428.000,4162.900,38.300,0.700,0,1,2700
3635,3635,63.639079766030,63.639092332697,2252,3635,63.639049799364,3,19,173,0,ce7efc8cb284608e,1401.400,4202.200,38.300,0.400,0,1,2700
3636,3636,63.656582299363,63.656594866030,2253,3636,63.656552332697,3,19,173,0,290b7ef7bfb01b96,1406.100,4058.000,38.300,0.700,0,1,2700
3637,3637,63.674084699363,63.674097266030,2254,3637,63.674054732697,3,19,173,0,ef3c431c4dbaf730,1399.900,4016.600,38.300,0.400,0,1,2700
3638,3638,63.691587266030,63.691599832696,2255,3638,63.691557299363,3,19,173,0,30eb88e3245214e0,1417.400,4047.500,38.700,0.500,0,1,2700
3639,3639,63.709090166030,63.709102732696,2256,3639,63.709060199363,3,19,173,0,1accbab7df993662,1441.600,4115.600,38.300,0.600,0,1,2700
3640,3640,63.726592132696,63.726604699363,2257,3640,63.726562166029,3,19,173,0,e3db1d1c5c537a52,1493.000,4331.700,38.300,0.400,0,1,2700
3641,3641,63.744094566029,63.744107132696,2258,3641,63.744064599363,3,19,173,0,e2ec5333c0a29884,1620.400,4220.500,38.300,0.500,0,1,2700
3642,3642,63.761597099362,63.761609666029,2259,3642,63.761567132696,3,19,173,0,d8db04040665879c,1419.400,4188.500,38.300,0.600,0,1,2700
3643,3643,63.779099532696,63.779112099362,2260,3643,63.779069566029,3,19,173,0,c7d738ec26574176,1418.200,4075.900,38.300,0.700,0,1,2700
3644,3644,63.796602032695,63.796614599362,2261,3644,63.796572066029,3,19,173,0,b9daf68d6f511f8e,1417.300,4064.500,38.300,0.300,0,1,2700
3645,3645,63.814104466029,63.814117032695,2262,3645,63.814074499362,3,19,173,0,77a9af3e0ee29fa8,1444.100,4092.900,39.000,0.500,0,1,2700
3646,3646,63.831606932695,63.831619499362,2263,3646,63.831576966028,3,19,173,0,b88b83abd396a5e8,1412.300,4190.600,38.400,0.400,0,1,2700
3647,3647,63.849109699362,63.849122266028,2264,3647,63.849079732695,3,19,173,0,9ede3c8aa36b52aa,1398.300,4051.200,38.300,0.300,0,1,2700
3648,3648,63.866611866028,63.866624432695,2265,3648,63.866581899361,3,19,173,0,4de3d8a9de66802a,1501.000,4319.000,38.400,0.500,0,1,2700
3649,3649,63.884114399361,63.884126966028,2266,3649,63.884084432694,3,19,173,0,b7a6033a8dfa61fc,1392.500,4299.000,38.300,0.300,0,1,2700
3650,3650,63.901616832694,63.901629399361,2267,3650,63.901586866028,3,19,173,0,77adeef3fa8c53a4,1452.900,4202.300,38.300,0.400,0,1,2700
3651,3651,63.919119266027,63.919131832694,2268,3651,63.919089299361,3,19,173,0,2aceb30c1d7ea19e,1461.600,4421.800,38.900,0.500,0,1,2700
3652,3652,63.936621799361,63.936634366027,2269,3652,63.936591832694,3,19,173,0,4d1eb89b735f8bc6,1425.400,4130.100,38.300,0.300,0,1,2700
3653,3653,63.954124266027,63.954136832694,2270,3653,63.954094299360,3,19,173,0,c56d88f2f2fe4c60,1572.900,4164.500,38.300,0.300,0,1,2700
3654,3654,63.971626766027,63.971639332694,2271,3654,63.971596799360,3,19,173,0,cd291f3db5862470,1417.000,4054.900,38.300,0.400,0,1,2700
3655,3655,63.989129666027,63.989142232693,2272,3655,63.989099699360,3,19,173,0,971e8f8b024f2452,1389.600,4194.000,38.400,0.400,0,1,2700
3656,3656,64.006631699360,64.006644266027,2273,3656,64.006601732693,3,19,173,0,158ade25be1e4e02,1404.600,4296.200,38.300,0.400,0,1,2700
3657,3657,64.024134499360,64.024147066026,2274,3657,64.024104132693,3,19,173,0,9f4cd0b2b16d06a8,1538.100,4263.400,70.300,1.300,0,1,2700
3658,3658,64.041636999360,64.041649566026,2275,3658,64.041606632693,3,19,173,0,07341dbb4e509f74,1387.600,4186.700,38.300,0.300,0,1,2700
3659,3659,64.059139532693,64.059152099359,2276,3659,64.059109166026,3,19,173,0,c57f994ec14d052e,1641.300,4364.500,38.300,0.400,0,1,2700
3660,3660,64.076641566026,64.076654132693,2277,3660,64.076611599359,3,19,173,0,3c51a2cf40bd5f7e,1520.100,4222.200,38.400,0.400,0,1,2700
3661,3661,64.094144066026,64.094156632692,2278,3661,64.094114099359,3,19,173,0,65f89dd957fa0798,1462.500,4328.500,38.500,0.400,0,1,2700
3662,3662,64.111646499359,64.111659066026,2279,3662,64.111616532692,3,19,173,0,f4fe5242ceb8e678,1451.600,4146.900,38.300,0.400,0,1,2700
3663,3663,64.129160999359,64.129173599359,2280,3663,64.129130666025,3,19,173,0,2168af39ee1fa3da,2076.700,4342.300,38.300,0.500,0,1,2700
3664,3664,64.146651832692,64.146664432692,2281,3664,64.146621499359,3,19,173,0,5014b2a2ba9d051a,1433.800,4143.400,44.400,0.400,0,1,2700
3665,3665,64.164154266025,64.164166832692,2282,3665,64.164123899358,3,19,173,0,7729a5f13e223a30,1465.700,4715.400,38.300,0.300,0,1,2700
3666,3666,64.181656832692,64.181669399358,2283,3666,64.181626466025,3,19,173,0,4a14fc813eba12b4,1471.200,4164.300,38.300,0.700,0,1,2700
3667,3667,64.199159232691,64.199171799358,2284,3667,64.199128866025,3,19,173,0,52537106cc38bfbe,1500.800,4794.300,38.500,1.000,0,1,2700
3668,3668,64.216661799358,64.216674366025,2285,3668,64.216631432691,3,19,173,0,e5077957e613060a,1396.800,4171.500,38.400,0.500,0,1,2700
3669,3669,64.234163866024,64.234176432691,2286,3669,64.234133899358,3,19,173,0,5fcf65876ac50050,1406.400,4071.300,38.300,0.400,0,1,2700
3670,3670,64.251666332691,64.251678899357,2287,3670,64.251636366024,3,19,173,0,5aea0f4d6fea1a80,1404.800,4085.600,38.300,0.400,0,1,2700
3671,3671,64.269169166024,64.269181732691,2288,3671,64.269139199357,3,19,173,0,e4bca9ad4ffcce82,1541.200,4181.300,38.300,1.200,0,1,2700
3672,3672,64.286671232690,64.286683799357,2289,3672,64.286641266024,3,19,173,0,4290d0b7da72f4f2,1398.900,4110.700,38.300,0.500,0,1,2700
3673,3673,64.304173699357,64.304186266024,2290,3673,64.304143732690,3,19,173,0,c632b61c68647724,1435.500,4200.800,38.300,0.500,0,1,2700
3674,3674,64.321676499357,64.321689066023,2291,3674,64.321646132690,3,19,173,0,0abee86f6a9162fc,1426.300,4097.600,38.300,0.400,0,1,2700
3675,3675,64.339179066023,64.339191632690,2292,3675,64.339148699357,3,19,173,0,803969959c7388e6,1485.800,4174.200,38.300,0.800,0,1,2700
3676,3676,64.356681099356,64.356693666023,2293,3676,64.356651132690,3,19,173,0,19b4107b8ef94c6e,1429.800,4210.600,45.800,0.600,0,1,2700
3677,3677,64.374183966023,64.374196566023,2294,3677,64.374153632690,3,19,173,0,083756ed9838e388,1392.100,4205.100,38.300,0.400,0,1,2700
3678,3678,64.391686432689,64.391699032689,2295,3678,64.391656099356,3,19,173,0,ee3571ea67d2cd88,1393.200,4253.300,38.400,0.400,0,1,2700
3679,3679,64.409189232689,64.409201832689,2296,3679,64.409158899356,3,19,173,0,6d180924600330ca,1447.000,4269.300,38.300,0.500,0,1,2700
3680,3680,64.426691399356,64.426703999356,2297,3680,64.426661066022,3,19,173,0,198ce7ac4b117f8a,1433.600,4181.000,38.300,0.500,0,1,2700
3681,3681,64.444193866022,64.444206466022,2298,3681,64.444163532689,3,19,173,0,87fa9eee226f0c9c,1423.300,4248.800,38.300,0.600,0,1,2700
3682,3682,64.461696299355,64.461708899355,2299,3682,64.461665966022,3,19,173,0,7076411c9eb09a84,1425.500,4349.500,38.300,0.400,0,1,2700
3683,3683,64.479198732689,64.479211332689,2300,3683,64.479168399355,3,19,173,0,e9a8f40e0d63f23e,1437.000,4194.200,38.300,0.400,0,1,2700
3684,3684,64.496701266022,64.496713866022,2301,3684,64.496670932688,3,19,173,0,f17c9adc6983e166,1412.500,4048.300,38.300,0.200,0,1,2700
3685,3685,64.514203699355,64.514216366022,2302,3685,64.514173366022,3,19,173,0,13549b02d8308600,1416.100,4257.300,38.400,0.400,0,1,2700
3686,3686,64.531706166021,64.531718766021,2303,3686,64.531675832688,3,19,173,0,5efb165c3d0f6b10,1450.600,4176.600,38.300,0.700,0,1,2700
3687,3687,64.549209032688,64.549221632688,2304,3687,64.549178699355,3,19,173,0,ffaf10ca4184e9f2,1472.300,4368.300,38.300,0.800,0,1,2700
3688,3688,64.566711132688,64.566723699354,2305,3688,64.566680766021,3,19,173,0,3cb55c24112975ce,1461.300,4397.600,38.300,1.000,0,1,2700
3689,3689,64.584213699354,64.584226266021,2306,3689,64.584183332687,3,19,173,0,a2488a272b34f800,1445.800,4191.700,38.300,0.800,0,1,2700
3690,3690,64.601716032687,64.601728599354,2307,3690,64.601685666021,3,19,173,0,f1c08fe9b092091c,1500.400,4133.200,38.400,0.800,0,1,2700
3691,3691,64.619218566020,64.619231132687,2308,3691,64.619188199354,3,19,173,0,9b8c4ce4f1d48b46,1443.000,4145.100,38.500,0.700,0,1,2700
3692,3692,64.636720599354,64.636733166020,2309,3692,64.636690632687,3,19,173,0,405ed25e434084de,1432.400,4087.500,38.300,0.500,0,1,2700
3693,3693,64.654223032687,64.654235599353,2310,3693,64.654193066020,3,19,173,0,e99f7cbcdd4cce78,1435.800,4081.800,38.400,0.600,0,1,2700
3694,3694,64.671725999353,64.671738599353,2311,3694,64.671695666020,3,19,173,0,eee5076389e70a18,1432.300,4120.200,38.800,0.600,0,1,2700
3695,3695,64.689228799353,64.689241399353,2312,3695,64.689198466020,3,19,173,0,da3e0d89747a14fa,1412.400,4182.900,38.300,0.400,0,1,2700
3696,3696,64.706729299353,64.706743499353,2313,3696,64.706700532686,3,19,173,0,7be6d95c98322bd6,1412.400,4103.100,38.300,0.400,0,1,2700
3698,3698,64.741734199353,64.741748399353,2314,3698,64.741705432686,3,19,173,0,9bc2e86420e4d017,1452.600,4107.800,38.300,0.500,0,1,2700
3700,3700,64.776739299352,64.776753499352,2315,3700,64.776710499352,3,19,173,0,fe5f5fb67625a5d2,1485.800,4327.100,38.300,0.400,0,1,2700
3701,3701,64.794241732685,64.794255932685,2316,3701,64.794212932685,3,19,173,0,7b004309a3fe178a,1461.400,4434.400,38.300,0.500,0,1,2700
3702,3702,64.811744199352,64.811758399352,2317,3702,64.811715399352,3,19,172,0,9b86370061d84fec,1531.900,4466.100,38.100,0.500,0,1,2700
3703,3703,64.829247066018,64.829261266018,2318,3703,64.829218266018,3,19,172,0,3da9c41b7ec7daa9,1451.500,4552.500,38.600,0.500,0,1,2700
3704,3704,64.846749166018,64.846763366018,2319,3704,64.846720366018,3,20,172,0,27f606562494915d,1401.800,4454.100,38.100,0.400,0,1,2699
3705,3705,64.864251632685,64.864265832685,2320,3705,64.864222832685,3,20,172,0,acfe9a0c727d5129,1446.200,4352.500,38.100,0.400,0,1,2699
3706,3706,64.881754032685,64.881768232685,2321,3706,64.881725232685,3,20,172,0,d8cd70c580074e1a,1405.600,4467.600,38.100,1.000,0,1,2699
3707,3707,64.899256466018,64.899270666018,2322,3707,64.899227666018,3,20,172,0,2a736ebbaa89dea3,1416.100,4822.100,38.100,0.900,0,1,2699
3708,3708,64.916759032684,64.916773232684,2323,3708,64.916730232684,3,20,172,0,eb124cb576bb4235,1399.600,4670.300,38.000,0.600,0,1,2699
3709,3709,64.934261466017,64.934275666017,2324,3709,64.934232666017,3,20,172,0,b799155789eba2c5,1645.000,4639.700,38.100,0.700,0,1,2699
3710,3710,64.951763999350,64.951778199350,2325,3710,64.951735199350,3,19,172,0,e1a590ba1b8b7130,1422.100,4685.700,38.500,0.400,0,1,2699
3711,3711,64.969266799350,64.969280999350,2326,3711,64.969237999350,3,19,172,0,8b083c7add217267,1445.300,4679.400,38.100,0.400,0,1,2699
3712,3712,64.986768866017,64.986783066017,2327,3712,64.986740066017,3,19,172,0,ffebdfb5725e30c5,1416.600,4686.300,38.100,0.300,0,1,2699
3713,3713,65.004271299350,65.004285499350,2328,3713,65.004242499350,3,19,172,0,ee1d1d92335ca600,1578.100,4769.100,38.100,0.300,0,1,2699
3714,3714,65.021773766016,65.021787966016,2329,3714,65.021744966016,3,19,172,0,d860cb265e00c407,1397.400,4247.400,38.100,0.400,0,1,2699
3715,3715,65.039277832683,65.039290432683,2330,3715,65.039247432683,3,19,172,0,c4f8b57fbdd4f554,1380.500,4456.600,38.200,0.300,0,1,2699
3716,3716,65.056780399349,65.056792999349,2331,3716,65.056749999349,3,20,172,0,05cb53dbfc14873c,1474.800,4389.400,38.100,0.400,0,1,2698
3717,3717,65.074282799349,65.074295399349,2332,3717,65.074252432683,3,21,181,0,c066172e20c114eb,1407.600,4438.000,40.100,0.400,0,1,2697
3718,3718,65.091785266016,65.091797899349,2333,3718,65.091754899349,3,21,181,0,5e81200fe5a644d7,1405.000,4362.500,40.100,0.400,0,1,2697
3719,3719,65.109288232682,65.109300866016,2334,3719,65.109257866016,3,21,181,0,6c639fdeea733b84,1440.700,4333.800,40.100,0.400,0,1,2698
3720,3720,65.126801499349,65.126814099349,2335,3720,65.126771132682,3,21,181,0,d74d6a04b856b8f5,1416.900,4218.900,40.100,0.300,0,1,2698
3721,3721,65.144292666015,65.144305266015,2336,3721,65.144262299349,3,20,177,0,e106b63ef0dda42d,1417.900,4416.900,39.200,0.400,0,1,2698
3722,3722,65.161795232682,65.161807832682,2337,3722,65.161764866015,3,20,176,0,ee2018d88b134ec0,1456.000,4362.200,39.000,0.300,0,1,2699
3723,3723,65.179297666015,65.179310266015,2338,3723,65.179267299348,3,20,171,0,3238c3cb7c84c0fe,1486.200,4254.700,37.800,0.400,0,1,2700
3724,3724,65.196800066015,65.196812699348,2339,3724,65.196769699348,3,19,163,0,39f022cd70e6a694,1393.500,4248.400,36.200,0.600,0,1,2700
3725,3725,65.214302566015,65.214315199348,2340,3725,65.214272199348,3,19,163,0,cecb19bfc785e3fd,1530.800,4326.900,36.500,0.400,0,1,2700
3726,3726,65.231805099348,65.231817799348,2341,3726,65.231774732681,3,19,163,0,f1a95885410ce177,1430.100,4382.400,36.100,0.400,0,1,2700
3727,3727,65.249307866014,65.249320566014,2342,3727,65.249277499348,3,19,163,0,6ee20738964ada42,1404.100,4387.200,36.100,0.400,0,1,2700
3728,3728,65.266809966014,65.266822666014,2343,3728,65.266779599347,3,19,163,0,36727bf539c8ab8d,1399.300,4185.600,36.100,0.300,0,1,2700
3729,3729,65.284312432680,65.284325132680,2344,3729,65.284282066014,3,19,163,0,bcfc3c711d4f0c4c,1388.500,4911.100,36.100,1.300,0,1,2700
3730,3730,65.301814866014,65.301827466014,2345,3730,65.301784499347,3,19,163,0,3f6600cbe0e66fa9,1445.500,4310.400,36.100,0.500,0,1,2701
3731,3731,65.319317466013,65.319330099347,2346,3731,65.319287099347,3,19,163,0,7d32dbc40c45b00c,1430.000,4318.300,36.100,0.500,0,1,2701
3732,3732,65.336819932680,65.336832566013,2347,3732,65.336789566013,3,20,173,0,36363310539f8bb2,1398.000,4450.200,38.300,0.300,0,1,2700
3733,3733,65.354322399346,65.354335099346,2348,3733,65.354292032680,3,21,172,0,04a6ae82b677c582,1403.900,4196.900,38.100,0.700,0,1,2699
3734,3734,65.371824832680,65.371837532680,2349,3734,65.371794466013,3,21,172,0,1804dd1fa2b90a93,1438.900,4445.500,38.100,0.300,0,1,2699
3735,3735,65.389327732679,65.389340332679,2350,3735,65.389297366013,3,20,172,0,64e7f1c2408a09fb,1412.500,4336.700,38.100,0.500,0,1,2699
3736,3736,65.406828266013,65.406842466013,2351,3736,65.406799466013,3,20,170,0,2061399873217435,1400.600,4282.100,37.700,0.800,0,1,2699
3737,3737,65.424330632679,65.424344832679,2352,3737,65.424301832679,3,21,170,0,679e133884ce490c,1511.800,4341.600,37.600,0.400,0,1,2698
3738,3738,65.441833066012,65.441847266012,2353,3738,65.441804266012,3,20,167,0,31b310b31e2573a6,1424.300,4292.100,37.000,0.300,0,1,2698
3739,3739,65.459335566012,65.459349732679,2354,3739,65.459306766012,3,19,167,0,ac7312128319d7ba,1461.200,4280.300,37.000,0.600,0,1,2698
3740,3740,65.476839732679,65.476852366012,2355,3740,65.476809366012,3,20,170,0,a0ffa485c41ecd49,1522.700,4332.000,37.600,0.500,0,1,2697
3741,3741,65.494342199345,65.494354799345,2356,3741,65.494311832678,3,19,170,0,5bb2d97c5e4a6aa0,1413.900,4571.900,45.700,0.400,0,1,2697
3742,3742,65.511843699345,65.511857899345,2357,3742,65.511814899345,3,20,186,0,cca138d6bb45704c,1488.600,4454.300,41.800,0.700,0,1,2696
3743,3743,65.529347432678,65.529360066011,2358,3743,65.529317066011,3,20,186,0,fdc25a4c34c9348f,1437.400,4317.000,41.700,0.600,0,1,2696
3744,3744,65.546847966011,65.546862166011,2359,3744,65.546819166011,3,20,184,0,5479d26439f55fd8,1429.000,4599.200,40.900,0.400,0,1,2696
3745,3745,65.564351966011,65.564364599344,2360,3745,65.564321599344,3,20,181,0,e58c93a397d9b952,1427.800,4689.100,40.000,1.300,0,1,2696
3746,3746,65.581854466011,65.581867066011,2361,3746,65.581824099344,3,19,172,0,6cfde73f4ed041f0,1632.700,4649.200,38.200,0.600,0,1,2696
3747,3747,65.599357032677,65.599369632677,2362,3747,65.599326666011,3,18,163,0,72dc0e3c16566ba1,1414.900,4344.400,36.100,0.400,0,1,2696
3748,3748,65.616859399344,65.616871999344,2363,3748,65.616829032677,3,18,161,0,d2f0645a5e9774d5,1408.700,4484.700,35.600,0.600,0,1,2696
3749,3749,65.634361832677,65.634374532677,2364,3749,65.634331466010,3,20,186,0,43462365a0b6abc5,1438.900,4260.300,41.300,0.300,0,1,2694
3750,3750,65.651864399343,65.651877099343,2365,3750,65.651834032677,3,19,182,0,8a2c6ee9b916a125,1434.500,4214.100,40.300,0.400,0,1,2695
3751,3751,65.669367232677,65.669379832677,2366,3751,65.669336866010,3,18,181,0,7ee56488bd8b22b5,1426.000,4215.000,40.100,0.400,0,1,2695
3752,3752,65.686875199343,65.686881966010,2367,3752,65.686838999343,3,17,169,0,95136ff3de1a7882,1416.200,4236.000,37.500,0.400,0,1,2695
3753,3753,65.704379599343,65.704384366010,2368,3753,65.704341399343,3,17,167,0,3c706e8e8fb5b25d,1406.200,4244.100,37.300,0.400,0,1,2695
3754,3754,65.721874332676,65.721886932676,2369,3754,65.721843966009,3,16,159,0,a16c8b69182013c9,1451.200,4301.100,35.200,0.700,0,1,2695
3755,3755,65.739384532676,65.739389299343,2370,3755,65.739346332676,3,16,159,0,428b8b81dd9dc955,1434.200,4513.400,35.200,0.700,0,1,2697
3756,3756,65.756886999342,65.756891766009,2371,3756,65.756848799342,3,16,158,0,9e64815af6577833,1494.700,4419.400,35.000,1.100,0,1,2697
3757,3757,65.774389466009,65.774394232676,2372,3757,65.774351266009,3,15,146,0,2e8213edf5f038fe,1461.000,4311.700,32.400,0.900,0,1,2697
3758,3758,65.791884132675,65.791896732675,2373,3758,65.791853766009,3,16,155,0,be617d9fe6114939,1467.000,4402.400,34.300,0.700,0,1,2697
3759,3759,65.809392699342,65.809399466009,2374,3759,65.809356499342,3,16,155,0,f1d79953d5561c7b,1488.600,4807.900,34.600,0.700,0,1,2697
3760,3760,65.826896966008,65.826901732675,2375,3760,65.826858766008,3,15,151,0,dc2a3586b96957f5,1446.700,4536.000,33.500,1.100,0,1,2696
3761,3761,65.844391632675,65.844404232675,2376,3761,65.844361266008,3,15,151,0,e58e80461e9bd99a,1422.800,4230.800,33.500,0.600,0,1,2696
3762,3762,65.861895999341,65.861906599341,2377,3762,65.861863632675,3,15,147,0,23f63cfe3de017d1,1493.500,4256.200,32.600,0.300,0,1,2696
3763,3763,65.879398432675,65.879409032675,2378,3763,65.879366066008,3,15,146,0,341d5199328af701,1415.900,4173.100,32.300,0.300,0,1,2696
3764,3764,65.896899332674,65.896911499341,2379,3764,65.896868532674,3,15,143,0,54bf3e3fb39fc805,1417.900,4171.400,31.700,0.300,0,1,2696
3765,3765,65.914401466008,65.914414066008,2380,3765,65.914371099341,3,15,142,0,c448bb0ca354c842,1400.000,4340.600,31.400,0.400,0,1,2696
3766,3766,65.931909732674,65.931916499341,2381,3766,65.931873532674,3,15,141,0,ed67cb01715e0d5b,1384.900,4459.600,31.300,0.400,0,1,2696
3767,3767,65.949411199341,65.949419366007,2382,3767,65.949376399341,3,14,126,0,a095f0aa5f1633ab,1409.200,4447.500,27.900,0.400,0,1,2695
3768,3768,65.966908832674,65.966921432674,2383,3768,65.966878466007,3,13,123,0,858c56b967192003,1513.000,4449.600,27.300,0.400,0,1,2695
3769,3769,65.984411366007,65.984423932673,2384,3769,65.984380966007,3,13,131,0,fed5e9140076e237,1398.600,4273.800,29.000,0.400,0,1,2694
3770,3770,66.001917766007,66.001926332673,2385,3770,66.001883366007,3,14,126,0,dc16b8a9ca2e8538,1523.400,4399.200,27.900,0.500,0,1,2692
3771,3771,66.019420332673,66.019428899340,2386,3771,66.019385932673,3,14,125,0,5c079b969b357408,1429.900,4337.400,27.700,0.300,0,1,2692
3772,3772,66.036936866006,66.036940966006,2387,3772,66.036888299340,3,13,117,0,0bc77fd2787d297e,1433.200,4288.000,25.900,0.300,0,1,2692
3773,3773,66.054423132673,66.054433732673,2388,3773,66.054390766006,3,13,116,0,fc6719df9cc4fbe4,1423.900,4334.200,25.700,0.300,0,1,2692
3774,3774,66.071933799339,66.071937899339,2389,3774,66.071893266006,3,14,122,0,4cbdc9c27e9a844c,1437.000,4260.300,27.000,0.400,0,1,2691
3775,3775,66.089450599339,66.089454699339,2390,3775,66.089396066006,3,15,123,0,484bde11b8259e80,1460.900,4355.300,27.300,0.500,0,1,2690
3776,3776,66.106930566006,66.106941166006,2391,3776,66.106898199339,3,16,145,0,2bb10cd9f59efcdf,1413.600,4230.500,32.100,0.600,0,1,2689
3777,3777,66.124460532672,66.124464632672,2392,3777,66.124411999339,3,14,126,0,0b4b0cadd3378fb6,1471.100,4313.000,28.000,0.400,0,1,2690
3778,3778,66.141957766005,66.141961866005,2393,3778,66.141903232672,3,14,126,0,911d3e80e018d4a3,1407.500,4204.500,38.600,0.400,0,1,2690
3779,3779,66.159462199338,66.159466299338,2394,3779,66.159405666005,3,17,134,0,77a5fdd490bfc2d8,1691.300,4282.200,29.700,0.500,0,1,2686
3780,3780,66.176968632672,66.176972732672,2395,3780,66.176908099338,3,19,134,0,706856635ff707f1,1503.700,4258.900,29.700,0.300,0,1,2684
3781,3781,66.194440966005,66.194453632671,2396,3781,66.194410566005,3,18,129,0,8c1eb4e6e7c87a6e,1443.600,4249.700,28.600,0.400,0,1,2685
3782,3782,66.211947532671,66.211956099338,2397,3782,66.211913132671,3,19,140,0,98a3b8d1f8a0ec57,1471.300,4290.900,31.100,0.300,0,1,2684
3783,3783,66.229462499338,66.229466599338,2398,3783,66.229415932671,3,20,150,0,338efe68381762a8,1468.600,4244.100,33.200,0.400,0,1,2683
3784,3784,66.246968566004,66.246972666004,2399,3784,66.246917999338,3,17,139,0,5db2ebec3d528224,1455.200,4361.200,30.800,0.800,0,1,2684
3785,3785,66.264473032671,66.264477132671,2400,3785,66.264420466004,3,18,147,0,60821784884726d5,1489.100,4420.600,32.600,0.700,0,1,2683
3786,3786,66.281981532671,66.281985632671,2401,3786,66.281922966004,3,17,139,0,4de12431b87a6205,1403.000,4435.900,31.000,0.700,0,1,2683
3787,3787,66.299457732670,66.299468332670,2402,3787,66.299425366004,3,18,140,0,13a84f8c8f59ecff,1500.800,4374.200,31.000,0.500,0,1,2683
3788,3788,66.316976366004,66.316980466003,2403,3788,66.316927832670,3,19,144,0,af42da2ab626cde8,1469.200,4487.400,31.900,0.700,0,1,2681
3789,3789,66.334486032670,66.334490132670,2404,3789,66.334430332670,3,19,144,0,c4f208398c4410f3,1506.500,4618.200,31.900,0.500,0,1,2681
3790,3790,66.351998566003,66.352002666003,2405,3790,66.351932866003,3,20,156,0,cfaef469d20ca666,1441.800,4376.400,34.600,0.500,0,1,2681
3791,3791,66.369505266003,66.369509366003,2406,3791,66.369435566003,3,20,158,0,1fef9077e61ecc76,1449.900,4255.500,35.000,0.500,0,1,2680
3792,3792,66.387009532669,66.387013632669,2407,3792,66.386937832669,3,21,177,0,a240bb1b700f86c7,1415.500,4215.200,39.200,0.300,0,1,2680
3793,3793,66.404515899336,66.404519999336,2408,3793,66.404440199336,3,20,172,0,a99641b7863a3859,1425.300,4175.700,38.000,1.000,0,1,2680
3794,3794,66.422026366002,66.422030466002,2409,3794,66.421942666002,3,20,173,0,bccec1cf3829f88b,1402.800,4173.100,38.300,0.400,0,1,2679
3795,3795,66.439530832669,66.439534932669,2410,3795,66.439445132669,3,20,172,0,ff806ff911a2117d,1458.100,4203.000,38.100,0.500,0,1,2679
3796,3796,66.457035399335,66.457039499335,2411,3796,66.456947699335,3,20,168,0,ade63049ed0fe6b7,1497.000,4394.100,37.200,0.500,0,1,2678
3797,3797,66.474539799335,66.474543899335,2412,3797,66.474450099335,3,20,158,0,090a11ffa221e13e,1417.500,4230.500,35.000,0.300,0,1,2678
3798,3798,66.492052266002,66.492056366002,2413,3798,66.491952566002,3,21,173,0,3c6e165902afece0,1396.300,4304.800,38.300,0.400,0,1,2676
3799,3799,66.509561199335,66.509565299335,2414,3799,66.509455499335,3,21,175,0,e627e1d81a4fdf17,1427.800,4274.300,90.000,0.500,0,1,2674
3801,3801,66.544573732668,66.544577832668,2415,3801,66.544460032668,3,23,203,0,329926355591810b,1420.900,4440.600,45.000,1.200,0,1,2672
3802,3802,66.562076232668,66.562080332668,2416,3802,66.561962532668,3,23,203,0,deda80c9f46b3084,1469.300,4252.800,44.900,0.400,0,1,2672
3803,3803,66.579578666001,66.579582766001,2417,3803,66.579464966001,3,23,201,0,b7cf3327a349a94b,1421.500,4315.000,44.500,0.500,0,1,2673
3804,3804,66.597085866001,66.597089966001,2418,3804,66.596967499334,3,22,199,0,35df9cb1bdee7108,1401.400,4177.300,44.000,0.400,0,1,2672
3805,3805,66.614588266001,66.614592366001,2419,3805,66.614469899334,3,21,192,0,160b52278899b19e,1430.400,4226.100,42.500,0.600,0,1,2672
3806,3806,66.632092732667,66.632096832667,2420,3806,66.631972366000,3,21,185,0,805f8077b8b7b606,1412.400,4355.900,41.000,0.400,0,1,2672
3807,3807,66.649597499333,66.649601599334,2421,3807,66.649475132667,3,21,184,0,966209831214681a,1419.500,4271.700,40.800,0.300,0,1,2672
3808,3808,66.667105766000,66.667109866000,2422,3808,66.666977399333,3,20,181,0,bf13b9f1e443f598,1469.400,4762.400,40.100,1.000,0,1,2672
3809,3809,66.684608132666,66.684612232666,2423,3809,66.684479766000,3,20,176,0,021b35e3a458e62a,1468.700,4410.100,39.000,0.900,0,1,2672
3810,3810,66.702114632666,66.702118732666,2424,3810,66.701982266000,3,20,160,0,2aef04a7b05f8a4c,1448.600,4334.800,35.400,0.500,0,1,2670
3811,3811,66.719619199333,66.719623299333,2425,3811,66.719484832666,3,20,152,0,27c4a04d71022ff7,1402.400,4317.400,34.000,0.400,0,1,2669
3812,3812,66.737121532666,66.737125632666,2426,3812,66.736987165999,3,20,162,0,436cb858118e79fa,1456.400,4327.600,36.000,0.400,0,1,2667
3813,3813,66.754632099332,66.754636199332,2427,3813,66.754489732666,3,23,170,0,87aea725bb072137,1437.600,4299.500,37.700,0.500,0,1,2664
3814,3814,66.772136465999,66.772140565999,2428,3814,66.771992099332,3,24,175,0,77afa4256ed74cc4,1409.200,4243.000,38.700,0.300,0,1,2663
3815,3815,66.789525532665,66.789538099332,2429,3815,66.789495132665,3,23,195,0,fe33ee6e831fd0a5,1506.900,4259.200,43.200,0.200,0,1,2663
3816,3816,66.807045499332,66.807049599332,2430,3816,66.806997099332,3,22,186,0,62c17a48d8b35890,1447.100,4243.900,41.200,0.600,0,1,2664
3817,3817,66.824552032665,66.824556132665,2431,3817,66.824499632665,3,22,186,0,a20590e7f0b80d09,1464.100,4419.500,41.600,0.700,0,1,2665
3818,3818,66.842058799332,66.842062899332,2432,3818,66.842002065998,3,21,183,0,7ba57e0739df57ba,1426.300,4336.500,40.500,0.600,0,1,2665
3819,3819,66.859565199331,66.859569299331,2433,3819,66.859504465998,3,21,179,0,98d4964a60e72c14,1456.200,4430.700,39.600,0.600,0,1,2666
3820,3820,66.877067699331,66.877071799331,2434,3820,66.877006965998,3,20,176,0,292e19242e138751,1452.100,4403.900,39.000,0.300,0,1,2667
3821,3821,66.894539865998,66.894552465998,2435,3821,66.894509465998,3,21,169,0,903f945f76ef75a6,1420.200,4344.500,37.400,0.800,0,1,2665
3822,3822,66.912058632664,66.912062732664,2436,3822,66.912011899331,3,19,155,0,0231097eff518657,1461.400,4326.100,34.300,1.100,0,1,2665
3823,3823,66.929561365997,66.929565465997,2437,3823,66.929514632664,3,19,155,0,4ee5dcdc7bd0b52f,1558.800,4296.700,34.300,0.800,0,1,2665
3824,3824,66.947069599331,66.947073699331,2438,3824,66.947016865997,3,19,162,0,1017d50c5e4c4a2a,1450.900,4412.400,35.900,0.900,0,1,2664
3825,3825,66.964574099330,66.964578199330,2439,3825,66.964519365997,3,20,181,0,976a7a556e5aea9d,1442.600,4303.700,40.800,0.800,0,1,2662
3826,3826,66.982078499330,66.982082599330,2440,3826,66.982021765997,3,18,176,0,f30698b8f1bb00cf,1422.200,4235.100,38.900,0.500,0,1,2663
3827,3827,66.999585099330,66.999589199330,2441,3827,66.999524365997,3,17,165,0,fc04c94348d0af5c,1435.900,4327.200,36.500,0.600,0,1,2662
3828,3828,67.017087565996,67.017091665996,2442,3828,67.017026832663,3,17,163,0,8b62a3b00f2711b4,1419.800,4381.200,36.100,1.000,0,1,2662
3829,3829,67.034590032663,67.034594132663,2443,3829,67.034529299330,3,17,162,0,dddddf62973ad4ac,1429.700,4301.100,35.900,0.600,0,1,2662
3830,3830,67.052092432663,67.052096532663,2444,3830,67.052031699329,3,17,161,0,97cd59ef4cba93fe,1410.900,4303.800,35.600,0.500,0,1,2661
3831,3831,67.069599332663,67.069603432663,2445,3831,67.069534599329,3,16,157,0,afee74a4290d4249,1430.100,4266.700,34.800,0.400,0,1,2660
3832,3832,67.087107732662,67.087111832662,2446,3832,67.087036665996,3,17,159,0,27225de9f9f32cb4,1419.800,4305.800,35.300,0.300,0,1,2658
3833,3833,67.104610165996,67.104614265996,2447,3833,67.104539099329,3,16,161,0,ff5d8f5ba1ec8f13,1441.900,4225.200,35.700,0.400,0,1,2658
3834,3834,67.122125932662,67.122130032662,2448,3834,67.122052865995,3,16,152,0,4d71b6a8c06f8370,1392.300,4328.400,33.700,0.400,0,1,2658
3835,3835,67.139619065995,67.139623165995,2449,3835,67.139543999329,3,16,148,0,2670cfaf721f5f07,1470.700,4174.800,32.800,0.400,0,1,2657
3836,3836,67.157121565995,67.157125665995,2450,3836,67.157046499328,3,15,140,0,01d58943365c4655,1449.800,4288.700,31.000,0.500,0,1,2657
3837,3837,67.174626065995,67.174630165995,2451,3837,67.174548999328,3,14,127,0,c7b753778a1e60e9,1413.500,4212.600,28.200,0.500,0,1,2658
3838,3838,67.192130599328,67.192134699328,2452,3838,67.192051532661,3,15,136,0,afe241e51313cff5,1426.800,4187.800,30.200,0.400,0,1,2656
3839,3839,67.209633232661,67.209637332661,2453,3839,67.209554165995,3,16,156,0,a96a4b15466db643,1454.000,4260.500,34.600,0.700,0,1,2654
3840,3840,67.227137565994,67.227141665994,2454,3840,67.227056499328,3,17,156,0,df87d16db0cad520,1420.800,4180.300,34.500,1.200,0,1,2653
3841,3841,67.244642032661,67.244646132661,2455,3841,67.244558965994,3,16,158,0,ba77adfc43b12442,1413.300,4157.400,35.000,0.400,0,1,2652
3842,3842,67.262146432661,67.262150532661,2456,3842,67.262061365994,3,16,155,0,085f35acefd7d351,1415.900,4197.100,34.300,0.400,0,1,2653
3843,3843,67.279648965994,67.279653065994,2457,3843,67.279563899327,3,18,159,0,222353caee6a21b4,1452.900,4221.300,35.200,0.400,0,1,2652
3844,3844,67.297153399327,67.297157499327,2458,3844,67.297066332660,3,17,145,0,b87c332d38539b97,1418.600,4340.900,32.100,0.400,0,1,2651
3845,3845,67.314661765994,67.314665865994,2459,3845,67.314568699327,3,17,143,0,c037bed8e3b1d4ee,1407.700,4325.000,31.700,0.500,0,1,2651
3846,3846,67.332164365993,67.332168465993,2460,3846,67.332071299327,3,17,141,0,f52ad6ff0b549d7b,1450.100,4369.500,31.200,0.600,0,1,2652
3847,3847,67.349666065993,67.349670165993,2461,3847,67.349574165993,3,18,149,0,d4656bd4677eabc2,1488.200,4428.800,33.000,0.700,0,1,2651
3848,3848,67.367168032660,67.367172132660,2462,3848,67.367076132660,3,17,143,0,a985abcdac073006,1442.100,4301.600,31.800,0.600,0,1,2651
3849,3849,67.384672499326,67.384676599326,2463,3849,67.384578599326,3,17,143,0,8c6d6c021684320c,1428.100,4377.000,31.700,0.700,0,1,2651
3850,3850,67.402177099326,67.402181199326,2464,3850,67.402081199326,3,18,162,0,9bee8b423f70813c,1441.100,4242.500,35.900,0.500,0,1,2650
3851,3851,67.419679599326,67.419683432659,2465,3851,67.419583599326,3,18,164,0,c5ca2406e3a5a7b8,1440.500,4314.100,36.300,0.400,0,1,2649
3852,3852,67.437181999326,67.437185832659,2466,3852,67.437085999326,3,19,176,0,c7dc73de80c05ae2,1451.800,4160.900,39.000,0.400,0,1,2649
3853,3853,67.454690465992,67.454694299325,2467,3853,67.454588465992,3,19,175,0,1c97107652d2708d,1451.600,4174.500,38.800,0.500,0,1,2649
3854,3854,67.472194965992,67.472198799325,2468,3854,67.472090965992,3,18,166,0,103f4b36cdba858c,1465.500,4153.600,36.800,0.500,0,1,2649
3855,3855,67.489697832658,67.489701665992,2469,3855,67.489593832658,3,19,167,0,e14d454ecd9241db,1456.400,4175.600,37.000,0.500,0,1,2648
3856,3856,67.507201999325,67.507205832658,2470,3856,67.507095999325,3,19,171,0,d7605542bbad3598,1406.900,4161.400,37.800,0.500,0,1,2647
3857,3857,67.524704465991,67.524708299325,2471,3857,67.524598465991,3,19,169,0,031c748bfd85d023,1474.100,4145.500,37.500,0.500,0,1,2647
3858,3858,67.542208932658,67.542212765991,2472,3858,67.542100932658,3,20,188,0,0bdc77cd2b186bab,1410.700,4272.700,41.700,0.600,0,1,2647
3859,3859,67.559715299324,67.559719132658,2473,3859,67.559603299324,3,17,171,0,9f06f0cb673adebb,1413.800,4275.200,37.900,0.700,0,1,2647
3860,3860,67.577217765991,67.577221599324,2474,3860,67.577105765991,3,17,168,0,d2d7f1de5be58954,1448.800,4295.100,37.200,0.700,0,1,2648
3861,3861,67.594719065991,67.594722899324,2475,3861,67.594608232657,3,17,168,0,384b74e5b4749cf5,1423.100,4149.500,37.200,0.900,0,1,2646
3862,3862,67.612221599324,67.612225432657,2476,3862,67.612110765991,3,15,151,0,253d0e9ff3afdbbb,1404.600,4174.600,33.400,0.500,0,1,2646
3863,3863,67.629724599324,67.629728432657,2477,3863,67.629613765990,3,15,150,0,e6da53ef244979f1,1428.300,4153.500,33.200,0.500,0,1,2646
3864,3864,67.647226565990,67.647230399324,2478,3864,67.647115732657,3,15,148,0,1c5ad67f7b4b3ba1,1409.500,4140.700,32.800,0.400,0,1,2646
3865,3865,67.664728999323,67.664732832657,2479,3865,67.664618165990,3,15,145,0,0743fc3a7ac4fbfd,1406.000,4154.200,32.100,0.300,0,1,2645
3866,3866,67.682231465990,67.682235299323,2480,3866,67.682120632657,3,14,137,0,592739da5e0a2a04,1418.800,4206.700,30.400,0.500,0,1,2645
3867,3867,67.699735999323,67.699739832656,2481,3867,67.699623165990,3,15,139,0,9fc2e460631ce423,1423.100,4296.200,31.300,0.400,0,1,2644
3868,3868,67.717242432656,67.717246265989,2482,3868,67.717125599323,3,15,132,0,c367b26c19e69304,1394.500,4410.600,29.200,0.700,0,1,2644
3869,3869,67.734744932656,67.734748765989,2483,3869,67.734628099323,3,14,119,0,555f3b4d87792eb6,1440.500,4149.900,26.300,0.500,0,1,2645
3870,3870,67.752247399322,67.752251232656,2484,3870,67.752130565989,3,13,114,0,607dc441f5518cba,1431.100,4145.500,25.200,0.500,0,1,2645
3871,3871,67.769752132656,67.769755965989,2485,3871,67.769633299322,3,15,120,0,58fa34c10edfa79b,1430.600,4404.900,26.600,0.500,0,1,2643
3872,3872,67.787254365989,67.787258199322,2486,3872,67.787135532655,3,14,114,0,8916c957141baeed,1428.000,4382.800,25.300,1.000,0,1,2644
3873,3873,67.804756799322,67.804760632655,2487,3873,67.804637965989,3,15,111,0,b1b621efc1a8412d,1445.000,4265.700,24.600,0.400,0,1,2643
3874,3874,67.822259332655,67.822263165988,2488,3874,67.822140499322,3,16,119,0,62d08b29a967d1c7,1495.100,4347.000,26.300,1.100,0,1,2643
3875,3875,67.839763299322,67.839767132655,2489,3875,67.839642965988,3,16,117,0,f66c70889c11045f,1457.800,4422.900,26.000,0.500,0,1,2642
3876,3876,67.857265699321,67.857269532655,2490,3876,67.857145365988,3,16,112,0,025a1ecdd1478169,1443.200,4341.500,24.800,0.700,0,1,2641
3877,3877,67.874768232655,67.874772065988,2491,3877,67.874647899321,3,16,111,0,377878bfbe26aed3,1534.000,4321.500,24.600,0.400,0,1,2640
3878,3878,67.892180699321,67.892193365988,2492,3878,67.892150299321,3,16,111,0,84c13b1742603a89,1410.500,4230.800,24.700,0.500,0,1,2640
3879,3879,67.909703532654,67.909707632654,2493,3879,67.909653299321,3,17,127,0,78fb9d1ec6064c89,1407.800,4324.200,28.100,0.400,0,1,2638
3880,3880,67.927207499321,67.927211599321,2494,3880,67.927155265987,3,16,116,0,8653de24a9d13594,1430.200,4396.800,26.200,0.400,0,1,2639
3881,3881,67.944709965987,67.944714065987,2495,3881,67.944657732654,3,17,133,0,bb046318480d143f,1415.100,4206.500,29.500,0.500,0,1,2637
3882,3882,67.962212432654,67.962216532654,2496,3882,67.962160199320,3,17,133,0,dfd0f5c872366386,1409.300,4327.600,29.400,0.300,0,1,2637
3883,3883,67.979714865987,67.979718965987,2497,3883,67.979662632654,3,17,158,0,2c0efa01a305ff74,1424.500,4217.000,35.000,0.400,0,1,2635
3884,3884,67.997217399320,67.997221499320,2498,3884,67.997165165987,3,17,154,0,bf0e0ff8c5f56113,1469.000,4234.800,34.100,0.600,0,1,2635
3885,3885,68.014719865987,68.014723965987,2499,3885,68.014667632653,3,16,146,0,a544962fdf3865ff,1442.300,4193.900,32.700,0.600,0,1,2635
3886,3886,68.032222399320,68.032226499320,2500,3886,68.032170165986,3,17,146,0,3ec6f3d9751d8f19,1417.500,4276.200,32.300,0.500,0,1,2635
3887,3887,68.049725099320,68.049729199320,2501,3887,68.049672865986,3,20,169,0,15cc59cdd6d00a7f,1418.900,4258.100,37.400,0.500,0,1,2633
3888,3888,68.067227199319,68.067231299319,2502,3888,68.067174965986,3,18,154,0,732504d8a0c0a26f,1419.000,4368.100,34.100,0.500,0,1,2633
3889,3889,68.084729699319,68.084733799319,2503,3889,68.084677465986,3,17,146,0,58f8eab3fd5c8ae1,1466.600,4927.800,32.300,0.600,0,1,2633
3890,3890,68.102233365986,68.102237465986,2504,3890,68.102179965986,3,17,145,0,6d0e6d87a1aedad0,1441.700,4237.700,32.400,0.700,0,1,2633
3891,3891,68.119747232652,68.119751332652,2505,3891,68.119693832652,3,18,162,0,bac6f50fa3ba7074,1453.700,4237.500,35.900,0.700,0,1,2633
3892,3892,68.137215265985,68.137227932652,2506,3892,68.137184865985,3,16,147,0,78f5f98a920458f0,1453.900,4229.500,38.100,1.000,0,1,2633
3893,3893,68.154738799318,68.154742899318,2507,3893,68.154687399318,3,16,147,0,c03a78537b161d68,1432.300,4154.200,32.500,0.500,0,1,2634
3894,3894,68.172241299318,68.172245399318,2508,3894,68.172189899318,3,16,143,0,192b1d48864c520e,1417.900,4134.200,31.700,0.500,0,1,2634
3895,3895,68.189744199318,68.189748299318,2509,3895,68.189692799318,3,14,126,0,e72a4d66056fcfd7,1408.200,4141.100,28.400,0.400,0,1,2634
3896,3896,68.207246199318,68.207250299318,2510,3896,68.207194799318,3,13,133,0,425e8e999094863d,1423.000,4135.200,29.500,0.300,0,1,2634
3897,3897,68.224748665984,68.224752765984,2511,3897,68.224697265984,3,13,135,0,e4b515508c18a537,1451.000,4284.300,30.300,0.500,0,1,2633
3898,3898,68.242251132651,68.242255232651,2512,3898,68.242199732651,3,13,130,0,8871e3c947d35ed5,1411.700,4183.700,28.800,0.400,0,1,2633
3899,3899,68.259753632651,68.259757732651,2513,3899,68.259702232651,3,15,138,0,62e173706a1a1aca,1675.300,4375.500,30.600,0.700,0,1,2632
3900,3900,68.277256099317,68.277260199317,2514,3900,68.277204699317,3,13,117,0,c97f219106106727,1613.600,4307.300,26.000,0.300,0,1,2632
3901,3901,68.294758599317,68.294762699317,2515,3901,68.294707199317,3,12,104,0,99609f5e14faa57a,1429.500,4331.800,23.000,0.400,0,1,2633
3902,3902,68.312261032650,68.312265132650,2516,3902,68.312209632650,3,12,103,0,21d1d49c600af5c6,1455.000,4323.000,22.800,0.500,0,1,2633
3903,3903,68.329763865983,68.329767965983,2517,3903,68.329712465983,3,13,109,0,fbd4b4dff31465d3,1447.600,4188.300,24.200,0.500,0,1,2631
3904,3904,68.347244965983,68.347257632650,2518,3904,68.347214565983,3,17,144,0,1242652b506f5a8e,1376.700,4417.900,31.900,0.600,0,1,2627
3905,3905,68.364767299316,68.364771399316,2519,3905,68.364717065983,3,16,136,0,aeb95cda85ea07e8,1508.500,4377.200,30.100,0.600,0,1,2627
3906,3906,68.382269732650,68.382273832650,2520,3906,68.382219499316,3,14,122,0,b0321a164e0b3af1,1494.100,4339.200,27.100,0.600,0,1,2628
3907,3907,68.399772165983,68.399776265983,2521,3907,68.399721932649,3,15,130,0,a5008636520c8e79,1406.000,4350.800,28.900,0.700,0,1,2627
3908,3908,68.417274732649,68.417278832649,2522,3908,68.417224499316,3,15,126,0,48eef0091a194476,1461.900,4251.800,27.900,0.400,0,1,2627
3909,3909,68.434777199316,68.434781299316,2523,3909,68.434726965982,3,15,123,0,1afdde8cb6eda934,1447.700,4936.400,27.300,0.600,0,1,2627
3910,3910,68.452279565982,68.452283665982,2524,3910,68.452229332649,3,15,117,0,49b37d85dd15ac96,1450.400,4291.800,25.900,0.500,0,1,2626
3911,3911,68.469782565982,68.469786665982,2525,3911,68.469732332649,3,16,126,0,cfca51b8e5bbf461,1625.900,4744.000,27.900,0.400,0,1,2625
3912,3912,68.487284565982,68.487288665982,2526,3912,68.487234332648,3,15,117,0,bba4ebca77a7b7f1,1404.300,4355.700,25.900,0.500,0,1,2626
3913,3913,68.504786999315,68.504791099315,2527,3913,68.504736765982,3,15,116,0,9a89ffe6f4012cd6,1415.500,4213.800,25.800,0.500,0,1,2626
3914,3914,68.522289499315,68.522293599315,2528,3914,68.522239265981,3,16,143,0,ece4b21c167bb171,1409.800,4112.600,31.600,0.400,0,1,2625
3915,3915,68.539791999315,68.539796099315,2529,3915,68.539741765981,3,17,141,0,88a797bb4b1e78b3,1413.900,4168.100,31.200,0.500,0,1,2624
3916,3916,68.557294465981,68.557298565981,2530,3916,68.557244232648,3,16,132,0,4d3a347013136255,1419.000,4380.200,29.200,0.600,0,1,2624
3917,3917,68.574796865981,68.574800965981,2531,3917,68.574746632648,3,17,145,0,27658e4f0a9416c6,1405.000,4194.000,32.100,1.200,0,1,2621
3918,3918,68.592298299314,68.592302399314,2532,3918,68.592249232647,3,17,141,0,7c6cfa80907288e1,1407.800,4454.700,31.200,0.400,0,1,2622
3919,3919,68.609801032647,68.609805132647,2533,3919,68.609751965981,3,17,137,0,e1bfb3609336e5ce,1455.800,4132.400,30.300,0.400,0,1,2622
3920,3920,68.627303165980,68.627307265980,2534,3920,68.627254099314,3,14,130,0,f19c8ca72b50b605,1432.600,4163.100,28.800,0.500,0,1,2622
3921,3921,68.644805632647,68.644809732647,2535,3921,68.644756565980,3,15,134,0,88514f6604f38b92,1409.900,4262.300,29.600,0.500,0,1,2622
3922,3922,68.662308165980,68.662312265980,2536,3922,68.662259099313,3,16,141,0,ee4e19699a29bef1,1411.500,4267.800,31.200,0.500,0,1,2621
3923,3923,68.679810665980,68.679814765980,2537,3923,68.679761599313,3,16,137,0,42a9ac2685b23c8c,1399.900,4178.400,30.300,0.800,0,1,2622
3924,3924,68.697313099313,68.697317199313,2538,3924,68.697264032646,3,16,148,0,6cda1d007b65ea9c,1428.100,4209.300,32.800,0.200,0,1,2621
3925,3925,68.714815465980,68.714819565980,2539,3925,68.714766399313,3,13,134,0,3cfad7bbfddbd7b2,1499.700,4178.600,29.700,0.300,0,1,2621
3926,3926,68.732318065979,68.732322165979,2540,3926,68.732268999313,3,13,135,0,8411bb4d93a89b9d,1437.400,4349.000,29.900,0.700,0,1,2621
3927,3927,68.749820832646,68.749824932646,2541,3927,68.749771765979,3,12,128,0,a136fcdf6d4c8987,1415.200,4285.200,28.500,0.700,0,1,2621
3928,3928,68.767322965979,68.767327065979,2542,3928,68.767273899312,3,13,138,0,908144b066e76f0f,1460.200,4291.600,30.600,0.400,0,1,2621
3929,3929,68.784825399312,68.784829499312,2543,3929,68.784776332645,3,13,130,0,44838ad33c7cda68,1483.300,4195.400,28.800,0.300,0,1,2621
3930,3930,68.802327932645,68.802332032645,2544,3930,68.802278865979,3,12,116,0,c4891558aa7ea8e1,1412.200,4284.200,25.700,0.400,0,1,2621
3931,3931,68.819830365978,68.819834465978,2545,3931,68.819781299312,3,11,103,0,d29a8c6af6e58a8b,1382.500,4233.200,22.900,0.300,0,1,2621
3932,3932,68.837332799312,68.837336899312,2546,3932,68.837283732645,3,11,107,0,8a95f53269049883,1425.600,4235.700,23.800,0.400,0,1,2620
3933,3933,68.854836465978,68.854840565978,2547,3933,68.854786232645,3,12,113,0,db491089039c5777,1400.200,4323.400,25.000,0.500,0,1,2620
3934,3934,68.872339032645,68.872342865978,2548,3934,68.872288699311,3,13,111,0,fe9ee59da6b3709c,1453.400,4450.200,24.600,1.000,0,1,2619
3935,3935,68.889841832644,68.889845665978,2549,3935,68.889791499311,3,13,108,0,eb07f3c3f9cae2af,1490.800,4262.200,23.900,0.600,0,1,2619
3936,3936,68.907343932644,68.907347765978,2550,3936,68.907293599311,3,13,109,0,aeb84b3ad084f5f7,1456.600,4363.100,24.200,0.500,0,1,2616
3937,3937,68.924846532644,68.924850365977,2551,3937,68.924796199311,3,13,101,0,406cc6d6d7b8a2af,1419.400,4218.700,22.400,0.300,0,1,2615
3938,3938,68.942348865977,68.942352699311,2552,3938,68.942298532644,3,15,110,0,5687faa870814793,1388.800,4305.800,24.400,0.400,0,1,2613
3939,3939,68.959851432644,68.959855265977,2553,3939,68.959801099310,3,13,103,0,05c3f99c2c0d93e6,1401.900,4283.000,22.800,0.500,0,1,2613
3940,3940,68.977353899310,68.977357732644,2554,3940,68.977303565977,3,14,99,0,730d8713276f2603,1428.600,4428.700,22.000,0.300,0,1,2612
3941,3941,68.994856399310,68.994860232643,2555,3941,68.994806065977,3,14,98,0,2ec59ab8666af28b,1497.800,4433.200,21.700,0.400,0,1,2611
3942,3942,69.012358865977,69.012362699310,2556,3942,69.012308532643,3,13,93,0,23cf6a21b7695206,1430.300,4354.900,20.700,0.400,0,1,2612
3943,3943,69.029861732643,69.029865565976,2557,3943,69.029811399310,3,14,96,0,447fd72472c6834e,1450.400,4253.500,21.300,0.500,0,1,2611
3944,3944,69.047363732643,69.047367565976,2558,3944,69.047313399310,3,16,124,0,490cbf02d51479e9,1414.200,4352.400,27.400,0.400,0,1,2607
3945,3945,69.064866165976,69.064869999309,2559,3945,69.064815832643,3,15,120,0,d52e456b99fc9a8c,1435.900,4324.700,26.600,0.400,0,1,2608
3946,3946,69.082368732643,69.082372565976,2560,3946,69.082318399309,3,13,103,0,7b8c00ef4b32eebc,1406.700,4240.200,23.100,0.400,0,1,2608
3947,3947,69.099870632642,69.099874332642,2561,3947,69.099820799309,3,14,111,0,b3a4febbf2f271d2,1405.900,4266.300,24.600,0.400,0,1,2606
3948,3948,69.117384399309,69.117388099309,2562,3948,69.117334565975,3,16,130,0,33807614343d65fa,1392.600,4242.800,28.800,0.400,0,1,2604
3949,3949,69.134875599309,69.134879299309,2563,3949,69.134825765975,3,15,120,0,c376b257f3256f97,1425.000,4222.000,26.600,0.300,0,1,2604
3950,3950,69.152378032642,69.152381732642,2564,3950,69.152328199308,3,14,118,0,f9f623ee338a4384,1429.100,4553.400,26.100,0.700,0,1,2605
3951,3951,69.169880799308,69.169884499308,2565,3951,69.169830965975,3,15,122,0,dabf872171df0ba4,1410.700,4216.800,27.100,0.300,0,1,2604
3952,3952,69.187382999308,69.187386699308,2566,3952,69.187333165975,3,16,135,0,fb680d89a0344f4a,1429.400,4221.700,29.900,0.400,0,1,2604
3953,3953,69.204885432641,69.204889132641,2567,3953,69.204835599308,3,16,143,0,e101f65845ef72a0,1405.900,4129.800,31.700,0.400,0,1,2604
3954,3954,69.222387999308,69.222391699308,2568,3954,69.222338165974,3,16,143,0,dc059f3cfd372b75,1442.600,4179.300,31.700,0.500,0,1,2604
3955,3955,69.239890432641,69.239894132641,2569,3955,69.239840599308,3,18,156,0,c68a35699474b83f,1445.200,4241.000,34.600,0.700,0,1,2603
3956,3956,69.257392865974,69.257396565974,2570,3956,69.257343032641,3,18,145,0,e6cbcb3f8bfc99ee,1437.700,4210.000,32.300,1.000,0,1,2602
3957,3957,69.274895465974,69.274899165974,2571,3957,69.274845632641,3,16,135,0,08a5d915ee8c53bc,1440.100,4260.100,29.900,1.100,0,1,2601
3958,3958,69.292397865974,69.292401565974,2572,3958,69.292348032640,3,15,150,0,7cbcb8a678bb3a92,1474.300,4224.900,33.400,0.700,0,1,2599
3959,3959,69.309900732640,69.309904432640,2573,3959,69.309850899307,3,15,148,0,5079a8a50651d890,1441.500,4135.300,32.800,0.500,0,1,2599
3960,3960,69.327402865973,69.327406565973,2574,3960,69.327353032640,3,15,140,0,8375678c83fcb069,1416.000,4124.700,31.100,0.400,0,1,2599
3961,3961,69.344900665973,69.344904365973,2575,3961,69.344855499307,3,15,140,0,4cbe4e8d4bcce4a7,1390.100,4125.000,31.000,0.400,0,1,2600
3962,3962,69.362403132640,69.362406832640,2576,3962,69.362357965973,3,13,123,0,66147eeabf26c089,1404.500,4138.500,27.700,0.500,0,1,2600
3963,3963,69.379905565973,69.379909265973,2577,3963,69.379860399306,3,13,122,0,d752cee30f4a1c4a,1577.300,4259.000,27.000,0.700,0,1,2600
3964,3964,69.397407999306,69.397411699306,2578,3964,69.397362832639,3,13,121,0,5c254cc0c42458c6,1446.100,4247.000,26.800,0.600,0,1,2600
3965,3965,69.414910465973,69.414914165973,2579,3965,69.414865299306,3,15,127,0,2cee78f4e1fd72cc,1407.600,4312.700,28.100,0.600,0,1,2598
3966,3966,69.432412965972,69.432416665972,2580,3966,69.432367799306,3,16,129,0,714ffc9ddca1d627,1405.000,4119.800,28.800,0.800,0,1,2596
3967,3967,69.449915699306,69.449919399306,2581,3967,69.449870532639,3,16,129,0,fccad08087ef5bba,1445.600,4132.400,28.600,0.800,0,1,2596
3968,3968,69.467417832639,69.467421532639,2582,3968,69.467372665972,3,16,131,0,d30aaf316ce26dc8,1403.800,4198.000,29.000,0.400,0,1,2595
3969,3969,69.484920399305,69.484924099305,2583,3969,69.484875232638,3,17,140,0,cc997cef1fba3fe9,1433.200,4104.100,31.000,0.300,0,1,2595
3970,3970,69.502422799305,69.502426499305,2584,3970,69.502377632638,3,17,137,0,a75f1c66f0f23217,1423.600,4252.400,30.400,0.500,0,1,2594
3971,3971,69.519925999305,69.519929699305,2585,3971,69.519880832638,3,18,137,0,9489de71d4e0cf4c,1473.700,4264.200,30.400,0.600,0,1,2594
3972,3972,69.537427799305,69.537431499305,2586,3972,69.537382632638,3,17,128,0,b28978190a077dac,1461.000,4270.100,28.300,0.500,0,1,2594
3973,3973,69.554930332638,69.554934032638,2587,3973,69.554885165971,3,17,128,0,086766bdab8761d7,1472.900,4242.400,29.100,0.600,0,1,2594
3974,3974,69.572432732638,69.572436432638,2588,3974,69.572387565971,3,16,122,0,0cf7ecf7e0706b97,1472.300,4304.500,27.000,0.700,0,1,2594
3975,3975,69.589929832637,69.589933532637,2589,3975,69.589890499304,3,17,140,0,d2650f3ea1f4b743,1416.600,4239.200,31.000,0.600,0,1,2593
3976,3976,69.607431799304,69.607435499304,2590,3976,69.607392465971,3,18,135,0,b4757287264a15ac,1419.800,4280.700,29.900,0.400,0,1,2590
3977,3977,69.624934332637,69.624938032637,2591,3977,69.624894999304,3,17,131,0,2133f54600d94ca4,1406.900,4120.600,29.000,0.500,0,1,2589
3978,3978,69.642436765970,69.642440465970,2592,3978,69.642397432637,3,16,122,0,a83d9dc82acc1086,1409.400,4235.500,27.100,0.500,0,1,2589
3979,3979,69.659939199303,69.659942899303,2593,3979,69.659899865970,3,16,121,0,895ebb95d3ed8cf2,1428.600,4140.900,26.800,0.400,0,1,2589
3980,3980,69.677441665970,69.677445365970,2594,3980,69.677402332637,3,15,119,0,9b58bafbc127f4ee,1412.700,4221.800,26.400,0.600,0,1,2590
3981,3981,69.694944265970,69.694947965970,2595,3981,69.694904932636,3,13,115,0,b11971521ff14e12,1429.600,4289.100,25.900,0.500,0,1,2591
3982,3982,69.712446665970,69.712450365970,2596,3982,69.712407332636,3,13,110,0,165876942517a48e,1424.100,4169.200,24.400,0.400,0,1,2590
3983,3983,69.729949432636,69.729953132636,2597,3983,69.729910099303,3,14,117,0,59b8aaf15a021dd4,1428.900,4178.300,25.900,0.500,0,1,2589
3984,3984,69.747451632636,69.747455332636,2598,3984,69.747412299303,3,14,114,0,2f11c427269b2c78,1421.900,4274.900,25.300,1.000,0,1,2589
3985,3985,69.764954065969,69.764957765969,2599,3985,69.764914732636,3,15,125,0,4bef49c30b78bbd6,1399.000,4206.500,27.700,0.400,0,1,2589
3986,3986,69.782456599302,69.782460299302,2600,3986,69.782417265969,3,17,149,0,bdc138c7d3723b0d,1452.100,4141.900,33.000,0.600,0,1,2587
3987,3987,69.799958965969,69.799962665969,2601,3987,69.799919632635,3,15,135,0,109758bcc677051b,1401.300,4123.500,30.000,0.200,0,1,2587
3988,3988,69.817461432635,69.817465132635,2602,3988,69.817422099302,3,13,117,0,bf1ccb161f1408cf,1430.000,4214.100,26.100,0.400,0,1,2587
3989,3989,69.834964032635,69.834967732635,2603,3989,69.834924699302,3,14,123,0,7fabe956ed8abffd,1403.500,4413.300,27.300,0.400,0,1,2586
3990,3990,69.852465199301,69.852469599301,2604,3990,69.852427032635,3,14,119,0,7edd8ff4074b48e0,1409.600,4227.900,26.400,0.400,0,1,2586
3991,3991,69.869968132635,69.869972532635,2605,3991,69.869929965968,3,15,113,0,c1d607d3122e875b,1545.000,4411.500,25.000,0.600,0,1,2585
3992,3992,69.887470165968,69.887474565968,2606,3992,69.887431999301,3,11,91,0,c70846fdad55ca1f,1584.200,4247.700,20.200,0.500,0,1,2584
3993,3993,69.904972632634,69.904977032634,2607,3993,69.904934465968,3,11,103,0,12fb2d279986764f,1448.000,4116.500,22.800,0.400,0,1,2583
3994,3994,69.922475199301,69.922479599301,2608,3994,69.922437032634,3,13,116,0,9d4538e2a6299ab4,1441.800,4462.300,26.200,0.500,0,1,2581
3995,3995,69.939977632634,69.939982032634,2609,3995,69.939939465967,3,14,113,0,dbc891c05e152496,1403.100,4258.000,32.700,0.800,0,1,2580
3996,3996,69.957480065967,69.957484465967,2610,3996,69.957441899300,3,16,130,0,a11566ebb11756ea,1428.600,4102.100,28.800,0.500,0,1,2579
3997,3997,69.974982599300,69.974986999300,2611,3997,69.974944432634,3,16,135,0,da72ff06483aaba9,1403.900,4073.100,30.000,0.400,0,1,2578
3998,3998,69.992485065967,69.992489465967,2612,3998,69.992446899300,3,15,126,0,ede920bdd69d9ca9,1422.900,4077.900,27.900,0.400,0,1,2577
3999,3999,70.009987832633,70.009992232633,2613,3999,70.009949665967,3,16,135,0,73efb52a413f7318,1408.700,4120.800,29.900,0.300,0,1,2576
4000,4000,70.027489932633,70.027494332633,2614,4000,70.027451765966,3,16,134,0,d7341ef08a36ea9f,1459.700,4089.000,29.700,0.400,0,1,2577
4001,4001,70.044992499300,70.044996899300,2615,4001,70.044954332633,3,17,135,0,71b3936fd0e1751c,1464.300,4141.400,29.900,0.400,0,1,2576
4002,4002,70.062494965966,70.062499365966,2616,4002,70.062456799299,3,17,130,0,4016bdeebd0b9afe,1416.800,4165.200,28.800,0.300,0,1,2576
4003,4003,70.079997399299,70.080001799299,2617,4003,70.079959232633,3,17,135,0,c6b3fbefb6d11582,1483.900,4115.100,29.900,0.300,0,1,2575
4004,4004,70.097498665966,70.097504232632,2618,4004,70.097461665966,3,16,134,0,1c8227bd3e0bacf8,1408.600,4112.300,30.200,0.800,0,1,2574
4005,4005,70.115012399299,70.115017965966,2619,4005,70.114975399299,3,19,172,0,13318b25bbac5204,1469.900,4094.600,38.100,0.600,0,1,2572
4006,4006,70.132503632632,70.132509199299,2620,4006,70.132466632632,3,19,162,0,35d01a572a1457d9,1437.200,4396.200,47.400,0.500,0,1,2571
4007,4007,70.150006565965,70.150012132632,2621,4007,70.149969565965,3,17,154,0,4fe926de23eec4d9,1407.000,4131.600,34.100,0.600,0,1,2572
4008,4008,70.167508599298,70.167514165965,2622,4008,70.167471599298,3,15,140,0,11640a08595b46a1,1440.100,4247.000,31.000,0.400,0,1,2573
4009,4009,70.185011065965,70.185016632631,2623,4009,70.184974065965,3,16,146,0,342a4be7ea31f878,1426.400,4169.400,32.400,0.400,0,1,2573
4010,4010,70.202513532631,70.202519099298,2624,4010,70.202476532631,3,16,139,0,e36dc523ebe40a5e,1447.300,4139.400,30.900,0.500,0,1,2573
4011,4011,70.220016032631,70.220021599298,2625,4011,70.219979032631,3,15,138,0,5d73fe6a6a1b4397,1491.100,4278.800,30.600,0.600,0,1,2573
4012,4012,70.237518499298,70.237524065964,2626,4012,70.237481499298,3,16,141,0,d544f66605faf240,1436.000,4340.400,31.200,0.400,0,1,2572
4013,4013,70.255020965964,70.255026532631,2627,4013,70.254983965964,3,15,127,0,f3d85cddbeaf6327,1418.600,4091.500,28.100,0.500,0,1,2572
4014,4014,70.272523465964,70.272529032631,2628,4014,70.272486465964,3,16,133,0,b9a550c97d6082d8,1397.400,4166.100,29.500,0.300,0,1,2571
4015,4015,70.290026132630,70.290031699297,2629,4015,70.289989132630,3,17,132,0,dcec0752b0537235,1404.700,4103.500,29.200,0.400,0,1,2571
4016,4016,70.307528399297,70.307533965964,2630,4016,70.307491399297,3,15,126,0,18de51e722ce88b0,1431.100,4228.900,27.900,0.500,0,1,2571
4017,4017,70.325030832630,70.325036399297,2631,4017,70.324993832630,3,14,123,0,bca3069c566fee44,1418.900,4166.200,27.300,0.900,0,1,2569
4018,4018,70.342527465963,70.342538899297,2632,4018,70.342496299297,3,13,112,0,0e8d6b79af73f0b6,1407.500,4102.200,24.900,0.300,0,1,2569
4019,4019,70.360029932630,70.360041365963,2633,4019,70.359998765963,3,13,113,0,15001ea6f89cdaae,1724.500,4313.900,25.100,0.400,0,1,2568
4020,4020,70.377532432630,70.377543865963,2634,4020,70.377501265963,3,13,112,0,a2c91d29ca5897a7,1442.300,4659.800,24.900,0.900,0,1,2568
4021,4021,70.395034832629,70.395046265963,2635,4021,70.395003665963,3,13,103,0,c31ec45913de8268,1458.300,4149.800,22.800,0.800,0,1,2569
4022,4022,70.412537399296,70.412548832629,2636,4022,70.412506232629,3,12,98,0,55d0adbfb1cf7f1a,1462.800,4200.600,22.200,0.800,0,1,2570
4023,4023,70.430040265962,70.430051699296,2637,4023,70.430009099296,3,13,107,0,afb39ba3b21dc337,1448.200,4204.800,23.700,0.700,0,1,2568
4024,4024,70.447542332629,70.447553765962,2638,4024,70.447511165962,3,13,106,0,64b982f570f92acb,1499.500,4215.000,24.100,0.900,0,1,2568
4025,4025,70.465044799295,70.465056232629,2639,4025,70.465013632629,3,13,103,0,5b321e8195c0fa1b,1441.700,4197.700,22.900,0.700,0,1,2568
4026,4026,70.482547299295,70.482558732629,2640,4026,70.482516132629,3,16,118,0,eb30ebb2ab4228f6,1478.400,4104.300,26.200,0.600,0,1,2564
4027,4027,70.500049665962,70.500061099295,2641,4027,70.500018499295,3,13,105,0,6935d04a0d5618d2,1416.900,4092.800,23.300,0.400,0,1,2564
4028,4028,70.517552165961,70.517563599295,2642,4028,70.517520999295,3,13,97,0,c65f1625bc0a66c9,1408.600,4114.400,21.500,0.400,0,1,2563
4029,4029,70.535054632628,70.535066065961,2643,4029,70.535023465961,3,15,118,0,786ebc46cd833023,1430.800,4151.700,26.200,0.500,0,1,2562
4030,4030,70.552557132628,70.552568565961,2644,4030,70.552525965961,3,18,147,0,380faab384c611c5,1478.500,4395.000,32.500,0.600,0,1,2559
4031,4031,70.570059832628,70.570071265961,2645,4031,70.570028665961,3,17,140,0,838a2d6c9d484744,1519.900,4286.100,31.100,0.500,0,1,2559
4032,4032,70.587562132627,70.587573565961,2646,4032,70.587530965961,3,18,143,0,045d7762215a828f,1412.100,4097.500,31.700,0.300,0,1,2559
4033,4033,70.605081299294,70.605085132627,2647,4033,70.605033299294,3,18,143,0,5aab855310e68cd2,1428.900,4143.800,31.700,0.700,0,1,2559
4034,4034,70.622583799294,70.622587632627,2648,4034,70.622535799294,3,17,131,0,941ff9dfd8ea8ffc,1426.400,4167.800,29.000,0.400,0,1,2559
4035,4035,70.640086265960,70.640090099294,2649,4035,70.640038265960,3,15,122,0,1ec4c167beb1de6a,1401.500,4130.600,27.000,0.500,0,1,2560
4036,4036,70.657588765960,70.657592599293,2650,4036,70.657540765960,3,16,158,0,12df5cffdd5050e8,1484.800,4259.000,35.000,0.300,0,1,2559
4037,4037,70.675091332627,70.675095165960,2651,4037,70.675043332627,3,17,175,0,e65877933a654027,1419.200,4269.000,38.800,0.400,0,1,2558
4038,4038,70.692593765960,70.692597599293,2652,4038,70.692545765960,3,16,166,0,4b7da799f6f8b188,1505.000,4160.500,36.700,0.500,0,1,2558
4039,4039,70.710096699293,70.710100532626,2653,4039,70.710048699293,3,16,166,0,b41863e8486fa829,1448.000,4215.300,36.800,0.400,0,1,2558
4040,4040,70.727598632626,70.727602465959,2654,4040,70.727550632626,3,19,185,0,98ab1156c15eab5d,1432.300,4143.900,41.000,0.300,0,1,2555
4041,4041,70.745101132626,70.745104965959,2655,4041,70.745053132626,3,18,183,0,e44911eeb8e6b054,1435.600,4117.500,40.500,0.500,0,1,2555
4042,4042,70.762603599292,70.762607432626,2656,4042,70.762555599292,3,17,182,0,da1db41bee0b92da,1439.100,4223.000,40.200,0.600,0,1,2555
4043,4043,70.780106032626,70.780109865959,2657,4043,70.780058032626,3,17,178,0,73b921ad060f9d10,1398.600,4246.400,39.400,0.400,0,1,2556
4044,4044,70.797608599292,70.797612432625,2658,4044,70.797560599292,3,15,150,0,9202e0ba9a91b8b0,1404.100,4128.200,33.200,0.400,0,1,2556
4045,4045,70.815111065959,70.815114899292,2659,4045,70.815063065959,3,16,160,0,4779fceb8cd77d01,1542.900,4259.000,40.700,0.900,0,1,2555
4046,4046,70.832613532625,70.832617365958,2660,4046,70.832565532625,3,17,175,0,0a4dc5aedd75749a,1420.000,4235.900,38.900,0.400,0,1,2554
4047,4047,70.850118632625,70.850122465958,2661,4047,70.850068299291,3,17,165,0,7d392e7d8845d7de,1528.700,4430.800,36.600,0.300,0,1,2553
4048,4048,70.867620699291,70.867624532625,2662,4048,70.867570365958,3,17,164,0,4cfac77df97843d3,1436.600,4390.100,36.300,0.700,0,1,2552
4049,4049,70.885123299291,70.885127132624,2663,4049,70.885072965958,3,16,156,0,e4dc5ee7aebeea40,1443.000,4201.800,34.500,0.400,0,1,2552
4050,4050,70.902625665958,70.902629499291,2664,4050,70.902575332624,3,16,158,0,86d0db8442b2cefe,1419.500,4436.100,35.000,0.700,0,1,2552
4051,4051,70.920128132624,70.920131965957,2665,4051,70.920077799291,3,16,155,0,f53037a26349e033,1433.700,4284.700,34.300,0.500,0,1,2552
4052,4052,70.937630699291,70.937634532624,2666,4052,70.937580365957,3,15,141,0,dc09abbf488cad26,1447.300,4109.300,31.200,0.500,0,1,2551
4053,4053,70.955133199290,70.955137032624,2667,4053,70.955082865957,3,13,123,0,9cd8f8617fded938,1430.100,4237.300,27.200,0.400,0,1,2551
4054,4054,70.972635632624,70.972639465957,2668,4054,70.972585299290,3,13,121,0,e3d968c8cb0b4438,1483.700,4429.100,26.800,0.400,0,1,2552
4055,4055,70.990138532623,70.990142365957,2669,4055,70.990088199290,3,13,121,0,7c6d638b868212df,1419.100,4184.500,26.800,0.500,0,1,2552
4056,4056,71.007640599290,71.007644432623,2670,4056,71.007590265957,3,13,119,0,d8c984124007474d,1465.300,4156.700,26.400,0.500,0,1,2552
4057,4057,71.025142932623,71.025146765956,2671,4057,71.025092599290,3,15,126,0,8b6827f8922de893,1434.800,4168.300,27.900,0.500,0,1,2552
4058,4058,71.042645499290,71.042649332623,2672,4058,71.042595165956,3,14,118,0,618e116e2a6e9a1f,1458.400,4191.000,26.100,0.900,0,1,2552
4059,4059,71.060147999289,71.060151832623,2673,4059,71.060097665956,3,14,116,0,d88aeff6160a2c11,1410.600,4321.800,25.800,0.400,0,1,2553
4060,4060,71.077650365956,71.077654199289,2674,4060,71.077600032623,3,13,116,0,2ad134bd45d1bcf3,1462.200,4176.000,25.700,0.400,0,1,2551
4061,4061,71.095154132622,71.095157965956,2675,4061,71.095102632622,3,13,128,0,78ed367d18fc4d8f,1430.000,4323.900,28.400,0.300,0,1,2550
4062,4062,71.112667899289,71.112671732622,2676,4062,71.112616399289,3,13,126,0,cc5d1b566ffbcb85,1534.300,4257.400,27.900,0.400,0,1,2551
4063,4063,71.130159232622,71.130163065955,2677,4063,71.130107732622,3,14,135,0,f384cf96545c022a,1475.000,4145.300,29.900,0.500,0,1,2550
4064,4064,71.147661399289,71.147665232622,2678,4064,71.147609899289,3,14,134,0,04305de593d0db8a,1424.500,4292.700,29.700,0.600,0,1,2551
4065,4065,71.165163865955,71.165167699288,2679,4065,71.165112365955,3,14,132,0,f05f2faaba9cece5,1425.300,4209.500,29.200,0.500,0,1,2551
4066,4066,71.182666365955,71.182670199288,2680,4066,71.182614865955,3,15,155,0,d4b8d32e76280b98,1488.600,4203.100,34.300,0.500,0,1,2550
4067,4067,71.200168832621,71.200172665955,2681,4067,71.200117332621,3,15,157,0,0f4b94af0122800f,1377.600,4079.100,34.800,0.300,0,1,2549
4068,4068,71.217671399288,71.217675232621,2682,4068,71.217619899288,3,12,135,0,e5ef5f5860a4ab84,1401.700,4318.000,29.900,0.400,0,1,2549
4069,4069,71.235173832621,71.235177665954,2683,4069,71.235122332621,3,12,135,0,683457c413072433,1410.900,4137.800,29.900,0.400,0,1,2549
4070,4070,71.252676265954,71.252680099287,2684,4070,71.252624765954,3,15,151,0,4b76ec5933b2606d,1427.000,4205.800,33.400,0.500,0,1,2547
4071,4071,71.270179165954,71.270182999287,2685,4071,71.270127665954,3,16,157,0,f56981f78da279d2,1453.700,4162.000,34.900,0.800,0,1,2546
4072,4072,71.287681232620,71.287685065954,2686,4072,71.287629732620,3,17,166,0,89127c37928c3da2,1424.700,4182.900,42.000,0.700,0,1,2544
4073,4073,71.305183765954,71.305187599287,2687,4073,71.305132265954,3,16,166,0,18999ebe8fc1f09a,1405.400,4116.600,36.800,0.500,0,1,2544
4074,4074,71.322686265953,71.322690099287,2688,4074,71.322634765953,3,16,163,0,8b8809cbd2cd8616,1416.900,4073.500,36.200,0.400,0,1,2544
4075,4075,71.340188665953,71.340192499287,2689,4075,71.340137165953,3,14,139,0,599ac3a3b54a5990,1418.300,4135.000,30.800,0.600,0,1,2545
4076,4076,71.357689899286,71.357693732620,2690,4076,71.357639565953,3,13,135,0,a0acde9a2b79c58a,1451.100,4067.900,29.900,0.600,0,1,2544
4077,4077,71.375192399286,71.375196232620,2691,4077,71.375142065953,3,12,133,0,b73059691cfa6ef7,1410.000,4192.500,29.500,0.300,0,1,2545
4078,4078,71.392694899286,71.392698732619,2692,4078,71.392644565953,3,11,119,0,ef1d030865706f0f,1444.200,4371.700,26.400,0.800,0,1,2545
4079,4079,71.410197665953,71.410201499286,2693,4079,71.410147332619,3,12,128,0,b7fac38b912cdd51,1540.300,4157.600,28.800,0.500,0,1,2544
4080,4080,71.427699932619,71.427703765952,2694,4080,71.427649599286,3,12,131,0,e9472784459d3dc4,1419.100,4209.400,29.100,0.300,0,1,2543
4081,4081,71.445202299286,71.445206132619,2695,4081,71.445151965952,3,13,130,0,56d3c6299fe5da3a,1397.100,4232.000,28.900,0.400,0,1,2542
4082,4082,71.462704865952,71.462708699285,2696,4082,71.462654532619,3,14,125,0,705f74623d9fbd3a,1433.500,4266.500,27.700,0.900,0,1,2541
4083,4083,71.480207199285,71.480211032619,2697,4083,71.480156865952,3,12,108,0,03c61f0ec35664fb,1391.600,4191.100,24.300,0.400,0,1,2541
4084,4084,71.497709665952,71.497713499285,2698,4084,71.497659332618,3,10,84,0,084ae020632d749f,1468.400,4117.500,18.600,0.600,0,1,2541
4085,4085,71.515212132618,71.515215965952,2699,4085,71.515161799285,3,11,83,0,5cfb7edfe92158af,1397.200,4054.000,18.400,0.300,0,1,2540
4086,4086,71.532714632618,71.532718465951,2700,4086,71.532664299285,3,9,82,0,e2db1a1acbb40cf9,1397.300,4293.400,18.100,0.400,0,1,2541
4087,4087,71.550217532618,71.550221365951,2701,4087,71.550167199285,3,13,103,0,61f7bd871903c045,1425.600,4703.400,29.000,1.200,0,1,2537
4088,4088,71.567719632618,71.567723465951,2702,4088,71.567669299284,3,13,100,0,e12940fc9060adee,1530.400,4691.400,22.200,1.000,0,1,2537
4089,4089,71.585222099284,71.585225932617,2703,4089,71.585171765951,3,12,97,0,c93571cbfa81a9d1,1436.100,4219.000,21.500,0.800,0,1,2536
4090,4090,71.602723399284,71.602727232617,2704,4090,71.602674232617,3,13,107,0,8b89c31ee71f1a90,1551.700,4171.200,23.700,0.800,0,1,2535
4091,4091,71.620225832617,71.620229665950,2705,4091,71.620176665950,3,12,98,0,cf44a5b8240bf000,1518.500,4170.900,21.700,0.800,0,1,2536
4092,4092,71.637728265950,71.637732099284,2706,4092,71.637679099284,3,14,129,0,ab327b792d5d1b3f,1411.800,4094.900,28.600,0.500,0,1,2534
4093,4093,71.655230865950,71.655234699283,2707,4093,71.655181699283,3,14,129,0,d32079a08410a759,1417.200,4080.100,28.600,0.500,0,1,2534
4094,4094,71.672733232617,71.672737065950,2708,4094,71.672684065950,3,14,127,0,9c439b473e078bea,1411.300,4154.600,28.200,0.500,0,1,2534
4095,4095,71.690236099283,71.690239932616,2709,4095,71.690186932616,3,15,136,0,eac0e696e827d446,1434.200,4204.300,30.100,0.400,0,1,2533
4096,4096,71.707738165950,71.707741999283,2710,4096,71.707688999283,3,15,136,0,5e4b8bfdae664201,1402.900,4070.500,30.100,0.400,0,1,2533
4097,4097,71.725240765949,71.725244599283,2711,4097,71.725191599283,3,16,156,0,eba6bcf75a83e3bc,1449.600,4218.900,34.700,0.400,0,1,2531
4098,4098,71.742743232616,71.742747065949,2712,4098,71.742694065949,3,17,161,0,c9b3c8a8c2c5453b,1473.800,4114.200,35.700,0.400,0,1,2531
4099,4099,71.760245699282,71.760249532616,2713,4099,71.760196532616,3,14,137,0,7db8400efca0c1b3,1513.700,4312.200,30.400,0.400,0,1,2531
4100,4100,71.777748165949,71.777751999282,2714,4100,71.777698999282,3,14,135,0,fe50fc63a74eb001,1427.800,4419.300,29.900,0.600,0,1,2531
4101,4101,71.795250565949,71.795254399282,2715,4101,71.795201399282,3,15,144,0,1a74e1327998bf38,1430.800,4180.900,32.000,0.500,0,1,2530
4102,4102,71.812752999282,71.812756832615,2716,4102,71.812703832615,3,16,145,0,5dfce044c2e3efe7,1433.200,4228.200,32.100,0.400,0,1,2529
4103,4103,71.830256032615,71.830259865948,2717,4103,71.830206865948,3,17,166,0,59103e4e6ec3d3f9,1415.000,4260.300,36.800,0.400,0,1,2527
4104,4104,71.847759099282,71.847762932615,2718,4104,71.847708765948,3,17,168,0,e0b27b3a044dcdeb,1399.500,4201.200,37.200,0.400,0,1,2526
4105,4105,71.865261599281,71.865265432615,2719,4105,71.865211265948,3,18,179,0,bb8b3413d10814f4,1399.200,4060.900,39.700,0.400,0,1,2526
4106,4106,71.882764032615,71.882767865948,2720,4106,71.882713699281,3,18,174,0,2b5bed5b82a23c5a,1436.300,4350.000,38.500,0.600,0,1,2526
4107,4107,71.900266499281,71.900270332614,2721,4107,71.900216165948,3,18,171,0,2a9d99cb631dcec3,1393.600,4350.100,37.800,0.600,0,1,2524
4108,4108,71.917769065947,71.917772899281,2722,4108,71.917718732614,3,18,169,0,0d2d5ca35aacb8e3,1442.500,4162.500,37.400,0.500,0,1,2524
4109,4109,71.935271432614,71.935275265947,2723,4109,71.935221099281,3,16,158,0,ff14b0a9bb75c249,1423.300,4158.900,35.000,0.600,0,1,2524
4110,4110,71.952774065947,71.952777899280,2724,4110,71.952723732614,3,19,177,0,bf8f0a236856dc07,1403.300,4092.600,39.200,0.300,0,1,2521
4111,4111,71.970276832614,71.970280665947,2725,4111,71.970226499280,3,19,177,0,762946d1081d52e0,1392.700,4242.400,39.200,0.400,0,1,2520
4112,4112,71.987778999280,71.987782832613,2726,4112,71.987728665947,3,19,170,0,5286a10189acaf19,1387.300,4207.400,37.700,0.400,0,1,2520
4113,4113,72.005281365947,72.005285199280,2727,4113,72.005231032613,3,20,170,0,ff2b443963761e5a,1457.900,4198.900,37.600,0.500,0,1,2520
4114,4114,72.022783865946,72.022787699280,2728,4114,72.022733532613,3,19,149,0,221cddcf86889c38,1443.700,4271.400,33.000,0.500,0,1,2519
4115,4115,72.040286365946,72.040290199280,2729,4115,72.040236032613,3,17,129,0,d2eedaefde2ea748,1444.400,4227.300,28.600,0.500,0,1,2519
4116,4116,72.057788832613,72.057792665946,2730,4116,72.057738499279,3,18,128,0,4ac55c74fa09ecd9,1401.900,4136.800,28.400,0.400,0,1,2519
4117,4117,72.075291299279,72.075295132613,2731,4117,72.075240965946,3,16,123,0,feeae94944541695,1411.100,4196.200,27.300,0.300,0,1,2519
4118,4118,72.092793732612,72.092797565946,2732,4118,72.092743399279,3,17,131,0,5a6a337e1881e972,1467.200,4119.400,29.000,0.400,0,1,2519
4119,4119,72.110309099279,72.110312932612,2733,4119,72.110257599279,3,15,119,0,a9a1c6b3dd5df009,1476.900,4158.800,26.300,0.400,0,1,2519
4120,4120,72.127799865945,72.127803699279,2734,4120,72.127748365945,3,14,115,0,26fe726e00c3b22b,1405.600,4123.400,25.500,0.300,0,1,2519
4121,4121,72.145302332612,72.145306165945,2735,4121,72.145250832612,3,15,124,0,43252a9cdd0b565b,1453.000,4266.200,27.400,0.500,0,1,2518
4122,4122,72.162804832612,72.162808665945,2736,4122,72.162753332612,3,15,123,0,cab5e76621325ecb,1640.800,4857.200,27.200,0.400,0,1,2518
4123,4123,72.180307232612,72.180311065945,2737,4123,72.180255732612,3,15,125,0,24d036167b529ab6,1449.000,4241.200,27.700,0.400,0,1,2517
4124,4124,72.197809699278,72.197813532611,2738,4124,72.197758199278,3,16,145,0,842f3859001df136,1563.900,4200.400,37.700,0.400,0,1,2517
4125,4125,72.215312199278,72.215316032611,2739,4125,72.215260699278,3,16,143,0,863cddd10619ef9c,1436.600,4288.800,31.700,0.400,0,1,2517
4126,4126,72.232814765944,72.232818599278,2740,4126,72.232763265944,3,17,153,0,dd8355c2077d77e0,1576.100,4292.200,33.900,0.400,0,1,2516
4127,4127,72.250317465944,72.250321299278,2741,4127,72.250265965944,3,17,169,0,f8edbd14874dd62d,1435.900,4218.700,37.500,0.400,0,1,2515
4128,4128,72.267819699277,72.267823532611,2742,4128,72.267768199277,3,17,166,0,ee5bd7b900a7a585,1435.600,4107.600,114.000,0.800,0,1,2515
4129,4129,72.285322032610,72.285325865944,2743,4129,72.285270532610,3,16,155,0,d89a1e895b7b05b9,1470.200,4292.100,34.400,0.400,0,1,2514
4130,4130,72.302824532610,72.302828365944,2744,4130,72.302773032610,3,15,139,0,1c7e5b5bb4faacea,1498.000,4140.500,30.900,0.400,0,1,2514
4131,4131,72.320327032610,72.320330865943,2745,4131,72.320275532610,3,16,147,0,775ded3caf278b1b,1419.300,4265.200,32.600,0.400,0,1,2513
4132,4132,72.337829599277,72.337833432610,2746,4132,72.337778099277,3,16,145,0,49035e2f283c723e,1452.100,4154.300,32.100,0.500,0,1,2514
4133,4133,72.355330832610,72.355334665943,2747,4133,72.355280499276,3,15,138,0,cffed721efb3a24f,1408.800,4270.300,30.600,0.400,0,1,2514
4134,4134,72.372833299276,72.372837132610,2748,4134,72.372782965943,3,16,145,0,e03ede56ff4e8479,1401.400,4210.500,32.100,0.400,0,1,2513
4135,4135,72.390336199276,72.390340032609,2749,4135,72.390285865943,3,17,155,0,414f75ec97b4ff84,1499.300,4267.600,34.500,0.300,0,1,2512
4136,4136,72.407838199276,72.407842032609,2750,4136,72.407787865943,3,15,147,0,4502716c708900e1,1443.200,4817.500,32.600,1.100,0,1,2512
4137,4137,72.425340665942,72.425344499276,2751,4137,72.425290332609,3,15,147,0,06d4bcff01f2209e,1433.700,4200.100,32.600,0.400,0,1,2512
4138,4138,72.442843199276,72.442847032609,2752,4138,72.442792865942,3,13,117,0,50819451ec1bfdb4,1430.300,4231.300,25.900,0.500,0,1,2512
4139,4139,72.460345665942,72.460349499275,2753,4139,72.460295332609,3,14,127,0,48a1337f8abb4edc,1561.200,4204.100,28.600,0.500,0,1,2511
4140,4140,72.477848099275,72.477851932609,2754,4140,72.477797765942,3,15,141,0,e5ee8167ebed97dc,1621.000,4261.400,31.200,0.400,0,1,2509
4141,4141,72.495350665942,72.495354499275,2755,4141,72.495300332608,3,14,122,0,00d180c9dbad36af,1440.500,4235.300,27.100,0.500,0,1,2509
4142,4142,72.512853065942,72.512856899275,2756,4142,72.512802732608,3,15,131,0,20df915553762c52,1402.300,4140.300,29.000,0.500,0,1,2508
4143,4143,72.530355832608,72.530359665941,2757,4143,72.530305499275,3,17,161,0,f08c4b976ec666a7,1402.200,4131.900,35.900,0.500,0,1,2507
4144,4144,72.547857965941,72.547861799275,2758,4144,72.547807632608,3,17,157,0,b728451999dea0bb,1418.500,4105.000,34.700,0.400,0,1,2507
4145,4145,72.565360432608,72.565364265941,2759,4145,72.565310099274,3,18,149,0,fb8303e939fcc686,1459.200,4268.900,33.000,0.400,0,1,2506
4146,4146,72.582862999274,72.582866832608,2760,4146,72.582812665941,3,15,130,0,bb18b643284319f4,1432.300,4315.100,28.800,0.400,0,1,2506
4147,4147,72.600365432607,72.600369265941,2761,4147,72.600315099274,3,16,133,0,83818e5719af532f,1415.300,4052.800,29.400,0.400,0,1,2504
4148,4148,72.617867865940,72.617871699274,2762,4148,72.617817532607,3,18,148,0,8dcaa3ef58837ec9,1427.700,4052.800,32.800,0.400,0,1,2501
4149,4149,72.635370399274,72.635374232607,2763,4149,72.635320065940,3,18,145,0,135d3fb1e05c52b4,1430.900,4163.900,32.100,0.500,0,1,2501
4150,4150,72.652872765940,72.652876599273,2764,4150,72.652822432607,3,18,145,0,f14bc1df6d8ba4bc,1422.800,4075.400,32.100,0.300,0,1,2500
4151,4151,72.670375665940,72.670379499273,2765,4151,72.670325332607,3,18,154,0,3368c978750fab8f,1448.800,4133.700,34.100,0.400,0,1,2499
4152,4152,72.687877832606,72.687881665940,2766,4152,72.687827499273,3,17,146,0,40911d39f7f7ceb5,1459.300,4244.000,32.300,0.400,0,1,2500
4153,4153,72.705380265940,72.705384099273,2767,4153,72.705329932606,3,17,141,0,c390caaebfe48c5e,1461.300,4243.700,31.300,0.400,0,1,2500
4154,4154,72.722882699273,72.722886532606,2768,4154,72.722832365939,3,15,133,0,90edaa4366299993,1436.800,4216.200,29.600,0.600,0,1,2500
4155,4155,72.740385165939,72.740388999273,2769,4155,72.740334832606,3,18,175,0,ab6bb34c1c9c50e0,1506.600,4156.000,38.800,0.700,0,1,2497
4156,4156,72.757887632606,72.757891465939,2770,4156,72.757837299272,3,18,172,0,e41b3192e06e9910,1447.200,4126.900,38.100,0.700,0,1,2497
4157,4157,72.775390099272,72.775393932606,2771,4157,72.775339765939,3,18,171,0,b17d566d70a76476,1453.800,4130.200,37.900,0.600,0,1,2497
4158,4158,72.792892532605,72.792896365939,2772,4158,72.792842199272,3,20,202,0,daa282a00c0291d2,1546.800,4104.300,44.800,1.100,0,1,2495
4159,4159,72.810395332605,72.810399165939,2773,4159,72.810344999272,3,20,197,0,506c9fcaff9bed0d,1417.200,4056.800,43.600,0.400,0,1,2497
4160,4160,72.827897632605,72.827901465938,2774,4160,72.827847299272,3,20,196,0,2d3fcf9d29fac763,1421.500,4073.100,43.400,1.100,0,1,2496
4161,4161,72.845400065938,72.845403899272,2775,4161,72.845349732605,3,20,195,0,54976553aca25c0f,1412.900,4175.400,43.800,0.500,0,1,2496
4162,4162,72.862903632605,72.862907465938,2776,4162,72.862852132605,3,19,185,0,ed17a83987085e28,1402.300,4079.700,41.000,0.400,0,1,2495
4163,4163,72.880406065938,72.880409899271,2777,4163,72.880354565938,3,19,181,0,1485e52eec3b1fbe,1475.100,4044.800,40.000,0.400,0,1,2496
4164,4164,72.897908665938,72.897912499271,2778,4164,72.897857165938,3,19,181,0,1bbb2492f4c7cc69,1472.300,4288.600,40.100,0.600,0,1,2496
4165,4165,72.915411065938,72.915414899271,2779,4165,72.915359565938,3,20,191,0,3cb07c2af6f9e6ea,1429.900,4185.100,42.300,0.500,0,1,2495
4166,4166,72.932913532604,72.932917365937,2780,4166,72.932862032604,3,21,198,0,991f03537aa7badb,1459.800,4216.600,43.900,0.800,0,1,2494
4167,4167,72.950416432604,72.950420265937,2781,4167,72.950364932604,3,20,193,0,c5f416dad667fb18,1500.300,4183.900,43.100,1.200,0,1,2494
4168,4168,72.967918465937,72.967922299270,2782,4168,72.967866965937,3,19,187,0,a5232c89d3d89a24,1476.300,4264.300,41.500,0.300,0,1,2495
4169,4169,72.985421032603,72.985424865937,2783,4169,72.985369532603,3,17,162,0,2ecf6613f412172f,1436.500,4310.100,36.000,0.700,0,1,2494
4170,4170,73.002923465937,73.002927299270,2784,4170,73.002871965937,3,17,160,0,cfd8fd30883bb581,1395.700,4136.700,35.700,0.300,0,1,2492
4171,4171,73.020425832603,73.020429665936,2785,4171,73.020374332603,3,17,157,0,5f85bcc08f26b4d6,1915.800,4104.600,34.700,0.400,0,1,2493
4172,4172,73.037928399270,73.037932232603,2786,4172,73.037876899270,3,17,154,0,93d41ec81b1ed0bf,1454.500,4156.500,34.200,0.700,0,1,2493
4173,4173,73.055430799269,73.055434632603,2787,4173,73.055379299269,3,18,161,0,c88330c35dd0689d,1441.100,4182.900,35.700,0.300,0,1,2492
4174,4174,73.072933232603,73.072937065936,2788,4174,73.072881732603,3,17,145,0,253a18e9dc6fb670,1430.400,4149.800,32.100,0.500,0,1,2492
4175,4175,73.090436132602,73.090439965936,2789,4175,73.090384632602,3,17,135,0,913009f5fba0b4a5,1535.900,4127.600,29.900,0.300,0,1,2490
4176,4176,73.107949499269,73.107953332602,2790,4176,73.107897999269,3,17,136,0,18d298801ff085a3,1413.100,4198.900,30.100,0.400,0,1,2489
4177,4177,73.125440665935,73.125444499269,2791,4177,73.125389165935,3,14,103,0,af3225986e334a01,1511.300,4128.100,22.800,0.400,0,1,2489
4178,4178,73.142943232602,73.142947065935,2792,4178,73.142891732602,3,11,71,0,56dfb18a8d7a8d58,1404.900,4064.300,15.700,0.700,0,1,2490
4179,4179,73.160445732602,73.160449565935,2793,4179,73.160394232602,3,11,69,0,af9e1d680c123c95,1475.600,4206.900,15.300,0.400,0,1,2490
4180,4180,73.177948199268,73.177952032602,2794,4180,73.177896699268,3,10,69,0,270f2de302d0abe3,1483.500,4239.600,15.300,0.500,0,1,2489
4181,4181,73.195450532601,73.195454365935,2795,4181,73.195399032601,3,12,88,0,58f847df8900dece,1463.200,4180.000,19.600,0.400,0,1,2487
4182,4182,73.212953165935,73.212956999268,2796,4182,73.212901665935,3,13,97,0,a986ceb543548562,1415.600,4087.900,21.600,0.400,0,1,2486
4183,4183,73.230455999268,73.230459832601,2797,4183,73.230404499268,3,12,86,0,76be6a9abc3f85ba,1444.900,4199.800,19.100,0.400,0,1,2485
4184,4184,73.247957965934,73.247961799268,2798,4184,73.247906465934,3,13,100,0,466654a451697ccb,1407.900,4194.600,22.100,0.500,0,1,2485
4185,4185,73.265460565934,73.265464399267,2799,4185,73.265409065934,3,12,91,0,9c65e310d3fd1fd1,1515.500,4118.000,20.100,0.800,0,1,2485
4186,4186,73.282962932600,73.282966765934,2800,4186,73.282911432600,3,15,111,0,4e33d4da5ca9cecf,1433.100,4111.100,24.600,0.400,0,1,2482
4187,4187,73.300465365934,73.300469199267,2801,4187,73.300413865934,3,15,130,0,b858a34d5bfbe0a7,1429.300,4216.200,28.800,0.600,0,1,2480
4188,4188,73.317967832600,73.317971665933,2802,4188,73.317916332600,3,17,141,0,9fe04a18eed12562,1445.000,4143.800,31.200,0.400,0,1,2478
4189,4189,73.335470399267,73.335474232600,2803,4189,73.335418899267,3,19,152,0,abb9c7b5fecbdf5b,1442.200,4132.900,33.700,0.300,0,1,2476
4190,4190,73.352972865933,73.352976699266,2804,4190,73.352921365933,3,20,162,0,11b5e68dc78a90fb,1441.500,4019.500,35.900,0.900,0,1,2475
4191,4191,73.370475599266,73.370479432600,2805,4191,73.370424099266,3,21,160,0,e2386267831d8893,1437.900,4195.100,35.700,0.500,0,1,2474
4192,4192,73.387977765933,73.387981599266,2806,4192,73.387926265933,3,22,164,0,ae26b9b7e7064834,1465.900,4080.000,36.300,0.400,0,1,2472
4193,4193,73.405480232599,73.405484065933,2807,4193,73.405428732599,3,18,141,0,590052b230c70237,1443.900,4136.000,31.300,0.400,0,1,2473
4194,4194,73.422982732599,73.422986565932,2808,4194,73.422931232599,3,20,179,0,143c0b8ea6814edd,1413.200,4177.700,39.600,0.400,0,1,2471
4195,4195,73.440485132599,73.440488965932,2809,4195,73.440433632599,3,21,185,0,e2490df27993951b,1584.900,4289.900,41.100,0.700,0,1,2471
4196,4196,73.457987599265,73.457991432599,2810,4196,73.457936099265,3,21,192,0,bba7a2fed68dc6f2,1443.300,4124.800,42.500,0.500,0,1,2470
4197,4197,73.475490099265,73.475493932599,2811,4197,73.475438599265,3,22,210,0,7bf6c232bd65e291,1398.600,4033.700,46.500,0.400,0,1,2468
4198,4198,73.492992632598,73.492996465932,2812,4198,73.492941132598,3,24,228,0,fe878b1023784e0d,1499.000,4013.900,50.500,0.300,0,1,2467
4199,4199,73.510496299265,73.510500132598,2813,4199,73.510444799265,3,23,226,0,80718e4bd4aa528b,1440.100,4109.200,50.000,0.300,0,1,2466
4200,4200,73.527997532598,73.528001365931,2814,4200,73.527946032598,3,25,230,0,1af43c725cff2ef8,1397.900,4008.900,50.900,0.300,0,1,2465
4201,4201,73.545500032598,73.545503865931,2815,4201,73.545448532598,3,19,179,0,cce09dffce678ed3,1410.600,4090.100,39.600,0.500,0,1,2465
4202,4202,73.563002565931,73.563006399264,2816,4202,73.562951065931,3,21,201,0,22a08aa2954f92e6,1440.300,4071.100,44.500,0.500,0,1,2463
4203,4203,73.580504899264,73.580508732598,2817,4203,73.580453399264,3,21,197,0,94a8c0d4536b2ad2,1464.200,4051.000,43.600,0.500,0,1,2463
4204,4204,73.598007532597,73.598011365931,2818,4204,73.597956032597,3,19,187,0,3443450c52dedbbf,1444.100,4051.700,41.500,0.400,0,1,2463
4205,4205,73.615509865931,73.615513699264,2819,4205,73.615458365931,3,21,201,0,46202c25acc57af0,1460.600,4005.900,44.500,0.500,0,1,2460
4206,4206,73.633010032597,73.633013865930,2820,4206,73.632960865930,3,23,212,0,1a1a1b144cb4b348,1432.500,4130.000,47.000,0.400,0,1,2458
4207,4207,73.650512765930,73.650516599263,2821,4207,73.650463599263,3,24,217,0,8713fc1e7ec3688d,1466.900,4053.200,48.000,0.400,0,1,2458
4208,4208,73.668015065930,73.668018899263,2822,4208,73.667965899263,3,26,225,0,2364299cd332a242,1453.800,4073.000,49.800,0.600,0,1,2456
4209,4209,73.685517532596,73.685521365930,2823,4209,73.685468365930,3,24,222,0,052ed2e6400980b0,1533.400,3997.100,49.200,0.400,0,1,2455
4210,4210,73.703019999263,73.703023832596,2824,4210,73.702970832596,3,23,214,0,8c0799660053760f,1437.500,4022.600,47.400,0.500,0,1,2455
4211,4211,73.720522399263,73.720526232596,2825,4211,73.720473232596,3,23,215,0,486121ecedfcbef2,1426.100,4077.900,47.600,0.400,0,1,2454
4212,4212,73.738024832596,73.738028665929,2826,4212,73.737975665929,3,24,224,0,aeddad968b6a351d,1421.600,4081.800,49.500,0.500,0,1,2453
4213,4213,73.755527299262,73.755531132596,2827,4213,73.755478132596,3,24,222,0,1a8c073c62e1672a,1416.500,3980.800,49.100,0.500,0,1,2454
4214,4214,73.773029832596,73.773033665929,2828,4214,73.772980665929,3,23,215,0,39308d7750096d1d,1442.800,4123.800,47.600,0.400,0,1,2454
4215,4215,73.790532765929,73.790536599262,2829,4215,73.790483599262,3,22,209,0,b034907cc3f4feff,1502.400,4024.800,46.300,0.500,0,1,2454
4216,4216,73.808034732595,73.808038565929,2830,4216,73.807985565929,3,21,198,0,b2118ca7fe811573,1408.100,4084.500,43.900,0.500,0,1,2454
4217,4217,73.825537165928,73.825540999262,2831,4217,73.825487999262,3,22,210,0,7b813435e25e82af,1420.600,4020.700,46.500,0.600,0,1,2453
4218,4218,73.843039732595,73.843043565928,2832,4218,73.842990565928,3,23,228,0,94c4a626d27791c8,1393.700,4022.000,50.500,0.400,0,1,2452
4219,4219,73.860542265928,73.860546099261,2833,4219,73.860493099261,3,25,245,0,7a8b5211a2940b87,1413.000,4435.400,54.200,0.400,0,1,2450
4220,4220,73.878044632595,73.878048465928,2834,4220,73.877995465928,3,25,248,0,61e7062a76bf59bb,1441.200,4187.400,54.900,0.600,0,1,2448
4221,4221,73.895543632594,73.895547465928,2835,4221,73.895497965928,3,25,245,0,f2de24651591d14f,1419.500,4128.000,54.300,0.500,0,1,2448
4222,4222,73.913046165928,73.913049999261,2836,4222,73.913000499261,3,25,243,0,8a23d2cf67f68082,1471.500,4154.500,53.800,0.600,0,1,2449
4223,4223,73.930548899261,73.930552732594,2837,4223,73.930503232594,3,25,239,0,bce869359d8f8d33,1462.600,4145.000,52.900,0.600,0,1,2448
4224,4224,73.948051099261,73.948054932594,2838,4224,73.948005432594,3,25,237,0,d7cc740ec38763f6,1451.800,4063.100,52.500,0.600,0,1,2448
4225,4225,73.965553565927,73.965557399260,2839,4225,73.965507899260,3,23,217,0,f53ced0b724dcf9e,1423.300,4110.100,48.200,0.600,0,1,2449
4226,4226,73.983055965927,73.983059799260,2840,4226,73.983010299260,3,21,204,0,2056ff34d8bdaf30,1418.900,4018.900,45.100,0.600,0,1,2449
4227,4227,74.000558465927,74.000562299260,2841,4227,74.000512799260,3,20,194,0,b1a8db63c05cc69a,1388.000,4078.600,43.500,0.500,0,1,2450
4228,4228,74.018060932593,74.018064765926,2842,4228,74.018015265926,3,20,185,0,8b9f32b41236865b,1435.500,4002.800,41.000,0.500,0,1,2449
4229,4229,74.035563465926,74.035567299260,2843,4229,74.035517799260,3,22,195,0,f932819f56b872d5,1414.100,3969.900,43.500,0.400,0,1,2446
4230,4230,74.053065932593,74.053069765926,2844,4230,74.053020265926,3,19,180,0,df7ef28e760741c5,1404.300,4037.500,39.900,0.400,0,1,2446
4231,4231,74.070568699259,74.070572532593,2845,4231,74.070523032593,3,19,179,0,944ce099ec25aedc,1431.500,4081.300,39.700,0.400,0,1,2446
4232,4232,74.088070832592,74.088074665926,2846,4232,74.088025165926,3,18,159,0,dae534a467a940ab,1432.400,4188.000,35.200,0.400,0,1,2445
4233,4233,74.105584532592,74.105588365926,2847,4233,74.105538865926,3,16,154,0,320093b22ad6ae92,1461.200,3971.500,34.200,0.700,0,1,2444
4234,4234,74.123075799259,74.123079632592,2848,4234,74.123030132592,3,15,152,0,47c4bc904de5ea78,1400.900,3974.700,33.700,0.300,0,1,2444
4235,4235,74.140578265925,74.140582099259,2849,4235,74.140532599259,3,15,150,0,4f8fcedc73156320,1391.100,4168.400,33.200,0.300,0,1,2444
4236,4236,74.158074865925,74.158078699258,2850,4236,74.158035032592,3,17,172,0,ffb2562b8a255142,1385.200,4059.100,38.100,0.400,0,1,2442
4237,4237,74.175577299258,74.175581132592,2851,4237,74.175537465925,3,17,170,0,bdbc0241b808bc24,1426.000,4127.900,37.600,0.400,0,1,2442
4238,4238,74.193079865925,74.193083699258,2852,4238,74.193040032591,3,17,163,0,19c6ace929473447,1428.400,3997.100,36.100,0.300,0,1,2442
4239,4239,74.210582565925,74.210586399258,2853,4239,74.210542732591,3,17,166,0,50d4cc83fa784ded,1619.300,4110.300,36.800,0.300,0,1,2440
4240,4240,74.228084832591,74.228088665924,2854,4240,74.228044999258,3,15,148,0,6ad9f41ff1dbdf67,1437.400,4047.000,32.800,0.400,0,1,2441
4241,4241,74.245587232591,74.245591065924,2855,4241,74.245547399258,3,16,160,0,c2735d6160f14fea,1494.200,4124.000,35.500,0.400,0,1,2439
4242,4242,74.263089732591,74.263093565924,2856,4242,74.263049899257,3,16,155,0,ea8cbe4f1d0244d8,1495.000,4194.800,34.300,0.400,0,1,2439
4243,4243,74.280592099257,74.280595932591,2857,4243,74.280552265924,3,15,147,0,faf8af1b5b1bd651,1421.900,4073.600,32.600,0.400,0,1,2438
4244,4244,74.298094565924,74.298098399257,2858,4244,74.298054732590,3,16,156,0,624b62a1fe380a8d,1467.400,4169.000,34.500,0.500,0,1,2437
4245,4245,74.315597032590,74.315600865924,2859,4245,74.315557199257,3,15,137,0,369060008b29f255,1542.300,4183.400,30.400,0.400,0,1,2563
4246,4246,74.333099532590,74.333103365923,2860,4246,74.333059699257,3,12,84,0,9c5e86b8334e2e33,1441.500,5086.000,18.600,0.500,0,1,2662
4247,4247,74.350602532590,74.350606365923,2861,4247,74.350562699256,3,14,95,0,a9dafe996141398d,1482.700,4383.500,21.100,0.400,0,1,2745
4248,4248,74.368104499256,74.368108332590,2862,4248,74.368064665923,3,9,125,0,b7f9d7db247c0fd2,1416.900,5268.300,27.600,0.600,0,1,2808
4249,4249,74.385607065923,74.385610899256,2863,4249,74.385567232589,3,10,121,0,09e9a2de3174113f,1479.600,4380.900,26.800,0.400,0,1,2848
4250,4250,74.403109499256,74.403113332589,2864,4250,74.403069665923,3,9,78,0,60d0391cb688c822,1424.500,4420.100,17.700,0.500,0,1,2890
4251,4251,74.420609565922,74.420614765922,2865,4251,74.420572065922,3,8,60,0,ea973273b7044cbf,1465.100,4716.800,13.300,0.700,0,1,2931
4252,4252,74.438112132589,74.438117332589,2866,4252,74.438074632589,3,12,149,0,0a695d00e6fd2703,1428.500,4598.100,33.100,0.400,0,1,2967
4253,4253,74.455614599255,74.455619799255,2867,4253,74.455577099255,3,10,64,0,bae54229683c4604,1522.000,4792.500,14.200,1.300,0,1,3008
4254,4254,74.473116932589,74.473122132589,2868,4254,74.473079432589,3,6,75,0,986bcb32d727a58a,1409.800,4699.500,16.600,0.400,0,1,3067
4255,4255,74.490619765922,74.490624965922,2869,4255,74.490582265922,3,12,140,0,ab6ecc1463dfecc6,1428.100,4866.600,31.600,0.700,0,1,3123
4256,4256,74.508121965922,74.508127165922,2870,4256,74.508084465922,3,12,149,0,d6dc63494784edc5,1426.200,4880.300,33.000,0.500,0,1,3168
4257,4257,74.525624365921,74.525629565921,2871,4257,74.525586865921,3,8,97,0,c2862725c62d97d8,1456.800,4899.200,21.400,0.500,0,1,3203
4258,4258,74.543126899255,74.543132099255,2872,4258,74.543089399255,3,6,73,0,a8b98c335cb0ce38,1483.100,4802.100,16.300,0.600,0,1,3235
4259,4259,74.560629365921,74.560634565921,2873,4259,74.560591865921,3,11,113,0,b82053a9e685c2c4,1771.500,5063.100,25.000,0.800,0,1,3259
4260,4260,74.578131865921,74.578137065921,2874,4260,74.578094365921,3,12,140,0,2f8c898fca602789,1554.600,4868.600,31.100,0.400,0,1,3283
4261,4261,74.595634332587,74.595639532587,2875,4261,74.595596832587,3,14,162,0,6aabeccf40f8eeb8,1427.900,4868.500,35.800,0.500,0,1,3295
4262,4262,74.613136765921,74.613141965921,2876,4262,74.613099265921,3,13,153,0,18b4ce88c6058580,1418.000,4830.500,34.300,0.200,0,1,3310
4263,4263,74.630639632587,74.630644832587,2877,4263,74.630602132587,3,12,124,0,c56db402fb062183,1422.200,4985.600,27.500,0.400,0,1,3321
4264,4264,74.648141699254,74.648146899254,2878,4264,74.648104199254,3,11,108,0,d67f03e6f2e016cb,1407.300,4869.600,23.900,0.400,0,1,3326
4265,4265,74.665644199253,74.665649399253,2879,4265,74.665606699253,3,11,108,0,2d66fe6fee594873,1428.600,4884.600,23.900,1.100,0,1,3334
4266,4266,74.683145532587,74.683151899253,2880,4266,74.683109199253,3,11,107,0,61a80e5993d9bb9e,1451.900,4880.700,23.700,0.500,0,1,3340
4267,4267,74.700648032586,74.700654399253,2881,4267,74.700611699253,3,11,106,0,b859c23803370ba5,1605.800,4921.200,23.500,0.400,0,1,3345
4268,4268,74.718150399253,74.718156765919,2882,4268,74.718114065919,3,11,106,0,42cfa1190f35058f,1408.200,4899.100,23.500,0.400,0,1,3348
4269,4269,74.735652932586,74.735659299253,2883,4269,74.735616599253,3,11,104,0,592deb1f2cd1ef67,1447.100,4916.300,23.100,0.600,0,1,3352
4270,4270,74.753155432586,74.753161799252,2884,4270,74.753119099252,3,9,82,0,4bd14f3e1e07cbe4,1429.100,4957.500,18.100,0.800,0,1,3354
4271,4271,74.770658132586,74.770664499252,2885,4271,74.770621799252,3,10,92,0,d8731b55cda2ccf9,1446.400,4830.600,20.400,0.500,0,1,3355
4272,4272,74.788160299252,74.788166665919,2886,4272,74.788123965919,3,10,92,0,aa3ee9bc7eded578,1406.700,5084.000,20.400,0.400,0,1,3357
4273,4273,74.805662732585,74.805669099252,2887,4273,74.805626399252,3,9,91,0,2e55e320be9c9f17,1438.500,5154.500,20.200,0.300,0,1,3357
4274,4274,74.823165265918,74.823171632585,2888,4274,74.823128932585,3,10,106,0,3c5d30632dbfe7d5,1422.300,5260.200,23.600,0.400,0,1,3359
4275,4275,74.840667732585,74.840674099252,2889,4275,74.840631399252,3,10,106,0,826f5c2b172a2d26,1451.300,5076.800,23.500,0.400,0,1,3359
4276,4276,74.858170232585,74.858176599251,2890,4276,74.858133899251,3,11,108,0,5b5f69c4fcf6f8ea,1511.500,5024.600,24.000,0.400,0,1,3360
4277,4277,74.875672699251,74.875679065918,2891,4277,74.875636365918,3,11,108,0,d4c96b5c96604eb7,1404.500,4968.300,23.900,0.400,0,1,3362
4278,4278,74.893175199251,74.893181565918,2892,4278,74.893138865918,3,12,130,0,e441b37cb495b66b,1428.500,4998.100,29.200,1.000,0,1,3362
4279,4279,74.910677999251,74.910684365918,2893,4279,74.910641665918,3,12,127,0,e961140661f2e2be,1394.100,5115.900,28.200,0.300,0,1,3363
4280,4280,74.928180099251,74.928186465917,2894,4280,74.928143765917,3,14,146,0,c06cb4e0f7a5bdb1,1418.800,4970.500,32.300,0.500,0,1,3362
4281,4281,74.945692999251,74.945696832584,2895,4281,74.945646165917,3,14,142,0,42eb698dc8efc4d4,1432.600,5100.700,32.000,1.100,0,1,3362
4282,4282,74.963195499250,74.963199332584,2896,4282,74.963148665917,3,15,142,0,5ddccc501fd0158e,1432.500,5373.000,32.000,0.800,0,1,3360
4283,4283,74.980697932584,74.980701765917,2897,4283,74.980651099250,3,15,150,0,51642599284c236a,1418.100,5188.600,33.300,0.600,0,1,3361
4284,4284,74.998200465917,74.998204299250,2898,4284,74.998153632583,3,15,150,0,54f5a6b26d747ed5,1466.400,5154.100,42.100,0.600,0,1,3362
4285,4285,75.015702899250,75.015706732583,2899,4285,75.015656065917,3,15,137,0,ceeb9e94a823f5b3,1456.100,4966.000,30.300,0.400,0,1,3362
4286,4286,75.033205499250,75.033209332583,2900,4286,75.033158665916,3,15,135,0,e890caf34edbda09,1416.200,5192.700,29.900,0.500,0,1,3361
4287,4287,75.050708132583,75.050711965916,2901,4287,75.050661299249,3,13,125,0,dbe80e6328bd23c7,1393.000,4951.500,27.700,0.300,0,1,3361
4288,4288,75.068210332583,75.068214165916,2902,4288,75.068163499249,3,13,124,0,9579d1e8419fb1a6,1405.100,5211.400,27.500,0.400,0,1,3361
4289,4289,75.085712899249,75.085716732582,2903,4289,75.085666065916,3,13,125,0,8486bc9fa6f8e0bf,1470.500,4996.300,27.800,0.600,0,1,3361
4290,4290,75.103226565916,75.103230399249,2904,4290,75.103179732582,3,12,111,0,7fceb45c1fa73266,1483.500,5045.700,24.600,0.800,0,1,3362
4291,4291,75.120717832582,75.120721665915,2905,4291,75.120670999249,3,12,100,0,1902e297a8b76b4c,1428.500,4950.000,22.200,0.500,0,1,3362
4292,4292,75.138220265915,75.138224099249,2906,4292,75.138173432582,3,10,96,0,ef80753838db1027,1454.200,5103.600,21.300,0.600,0,1,3363
4293,4293,75.155722799248,75.155726632582,2907,4293,75.155675965915,3,11,115,0,4c0fc8439882a341,1440.600,4988.500,25.500,0.600,0,1,3361
4294,4294,75.173225265915,75.173229099248,2908,4294,75.173178432582,3,11,108,0,322f3ce52370d68d,1414.800,4953.400,24.000,0.600,0,1,3360
4295,4295,75.190726899248,75.190730732581,2909,4295,75.190681232581,3,11,102,0,e9acf2f185e39880,1414.500,4884.800,22.800,0.400,0,1,3357
4296,4296,75.208229032581,75.208232865915,2910,4296,75.208183365915,3,11,110,0,f4ae2aeb095a6693,1430.200,4876.500,24.400,0.400,0,1,3357
4297,4297,75.225731399248,75.225735232581,2911,4297,75.225685732581,3,11,120,0,b335292aaea9af33,1486.600,4883.100,26.600,0.500,0,1,3356
4298,4298,75.243233865914,75.243237699248,2912,4298,75.243188199248,3,12,122,0,692e09ca36d0a17c,1534.200,5079.400,27.000,1.100,0,1,3356
4299,4299,75.260736432581,75.260740265914,2913,4299,75.260690765914,3,12,122,0,cde465f94d8d8d62,1424.100,4897.600,32.000,0.400,0,1,3357
4300,4300,75.278238899247,75.278242732581,2914,4300,75.278193232581,3,13,121,0,666b3ee07875e527,1421.800,4997.100,26.900,0.200,0,1,3357
4301,4301,75.295741432580,75.295745265914,2915,4301,75.295695765914,3,12,116,0,473242eadd155aab,1468.700,5034.500,25.700,0.400,0,1,3357
4302,4302,75.313243832580,75.313247665914,2916,4302,75.313198165914,3,11,83,0,1e76b20b32b5f1fa,1418.500,4976.200,19.400,0.400,0,1,3360
4303,4303,75.330746532580,75.330750365913,2917,4303,75.330700865913,3,10,78,0,fe81b5ecd324d46d,1442.100,4988.900,17.300,0.500,0,1,3365
4304,4304,75.348248832580,75.348252665913,2918,4304,75.348203165913,3,10,78,0,f4bed994c2b43eeb,1388.600,4977.100,17.300,0.300,0,1,3370
4305,4305,75.365751232580,75.365755065913,2919,4305,75.365705565913,3,11,79,0,d7ef99a387eb1809,1468.300,5150.200,17.900,0.900,0,1,3373
4306,4306,75.383253699246,75.383257532580,2920,4306,75.383208032580,3,9,78,0,a76b22f5531f9abb,1461.000,5198.500,17.300,0.400,0,1,3378
4307,4307,75.400756132579,75.400759965913,2921,4307,75.400710465913,3,11,98,0,9d55d8016e9ea10c,1430.300,5045.900,21.700,0.400,0,1,3381
4308,4308,75.418258732579,75.418262565912,2922,4308,75.418213065912,3,10,113,0,1cb1bc61b5f94310,1499.000,5049.200,25.000,0.400,0,1,3388
4309,4309,75.435761065912,75.435764899246,2923,4309,75.435715399246,3,12,121,0,f354c1c877877b9a,1443.600,5194.600,26.800,0.400,0,1,3393
4310,4310,75.453264732579,75.453268565912,2924,4310,75.453217899245,3,13,132,0,f5b834c5cc45646c,1720.200,5206.700,29.300,0.600,0,1,3401
4311,4311,75.470767699245,75.470771532579,2925,4311,75.470720865912,3,13,127,0,a3fa79c49f08a771,1453.800,4949.800,28.200,0.300,0,1,3405
4312,4312,75.488269632578,75.488273465912,2926,4312,75.488222799245,3,12,133,0,7ccb3c38dda351da,1403.100,4990.500,29.500,0.400,0,1,3414
4313,4313,75.505772199245,75.505776032578,2927,4313,75.505725365912,3,12,131,0,41cf3c0005bc632b,1454.200,5289.800,29.100,0.700,0,1,3422
4314,4314,75.523274732578,75.523278565911,2928,4314,75.523227899245,3,13,141,0,df9ccdcfa782ad20,1450.400,4960.500,31.900,0.400,0,1,3430
4315,4315,75.540777099245,75.540780932578,2929,4315,75.540730265911,3,13,141,0,15a7c9b0626fa0ac,1402.600,5100.300,31.200,0.500,0,1,3441
4316,4316,75.558279665911,75.558283499244,2930,4316,75.558232832578,3,8,89,0,cd67993d338278c8,1433.400,4991.000,19.800,0.300,0,1,3451
4317,4317,75.575782132578,75.575785965911,2931,4317,75.575735299244,3,7,67,0,abec58f51e892651,1429.300,5064.000,14.900,0.500,0,1,3462
4318,4318,75.593284532577,75.593288365911,2932,4318,75.593237699244,3,7,67,0,b0d0be467a259e3b,1448.400,5129.500,14.900,0.300,0,1,3472
4319,4319,75.610787265911,75.610791099244,2933,4319,75.610740432577,3,9,88,0,3fed6d4766f776b5,1495.900,4992.100,19.500,0.900,0,1,3481
4320,4320,75.628289532577,75.628293365910,2934,4320,75.628242699244,3,9,86,0,3d840b43e50d991e,1423.900,5007.000,19.100,0.300,0,1,3491
4321,4321,75.645792032577,75.645795865910,2935,4321,75.645745199244,3,8,161,0,d3d6c0afbc5934de,1388.400,5181.200,35.600,0.200,0,1,3502
4322,4322,75.663294399243,75.663298232577,2936,4322,75.663247565910,3,8,152,0,cfa0e6fe65201bc9,1434.700,5192.500,33.900,0.800,0,1,3513
4323,4323,75.680796832577,75.680800665910,2937,4323,75.680749999243,3,10,169,0,27ac375b67835804,1406.600,5094.400,37.400,0.700,0,1,3523
4324,4324,75.698299365910,75.698303199243,2938,4324,75.698252532576,3,10,175,0,12d792bc04951ee0,1412.100,5237.100,38.800,0.400,0,1,3535
4325,4325,75.715801865910,75.715805699243,2939,4325,75.715755032576,3,8,159,0,63fa78fbf3fd854e,1423.900,5233.400,35.200,0.400,0,1,3547
4326,4326,75.733304232576,75.733308065909,2940,4326,75.733257399243,3,8,165,0,f02cb18e9d2c0d22,1425.600,5378.100,36.600,0.400,0,1,3560
4327,4327,75.750807165909,75.750810999242,2941,4327,75.750760332576,3,7,165,0,d427b0530787c8dc,1438.400,5219.900,36.500,0.500,0,1,3572
4328,4328,75.768309265909,75.768313099242,2942,4328,75.768262432576,3,11,193,0,9925436220355606,1448.700,5941.700,42.700,1.000,0,1,3586
4329,4329,75.785811665909,75.785815499242,2943,4329,75.785764832575,3,11,198,0,d27e67408b31e9fc,1428.000,5136.000,43.900,0.400,0,1,3599
4330,4330,75.803314265909,75.803318099242,2944,4330,75.803267432575,3,10,168,0,7f9771545773c176,1413.900,5108.200,37.200,0.300,0,1,3614
4331,4331,75.820816599242,75.820820432575,2945,4331,75.820769765908,3,11,152,0,64c3f9d6ae220173,1412.100,5130.700,33.700,0.400,0,1,3627
4332,4332,75.838319065908,75.838322899242,2946,4332,75.838272232575,3,11,143,0,39d30830cc96456b,1427.600,5176.900,32.000,0.400,0,1,3638
4333,4333,75.855821665908,75.855825499241,2947,4333,75.855774832575,3,11,141,0,deaad513f60f49be,1448.600,5214.300,31.200,0.500,0,1,3652
4334,4334,75.873323999241,75.873327832575,2948,4334,75.873277165908,3,11,136,0,c18f54359a1ab9e2,1441.400,5319.800,30.100,0.500,0,1,3667
4335,4335,75.890826832574,75.890830665908,2949,4335,75.890779999241,3,10,128,0,7966f6588f0a00d4,1404.100,5343.300,39.500,0.600,0,1,3679
4336,4336,75.908328965908,75.908332799241,2950,4336,75.908282132574,3,11,112,0,f8a16927a2af0ae7,1473.800,5357.800,25.400,0.500,0,1,3692
4337,4337,75.925831432574,75.925835265907,2951,4337,75.925784599241,3,10,110,0,436f5eeea83cf2fc,1516.900,5327.400,24.400,0.400,0,1,3708
4338,4338,75.943333999241,75.943337832574,2952,4338,75.943287165907,3,9,114,0,55700c662e7f770a,1409.000,5365.900,25.300,0.400,0,1,3722
4339,4339,75.960836465907,75.960840299240,2953,4339,75.960789632574,3,9,112,0,6140691941a9cc71,1463.000,5520.500,24.800,0.200,0,1,3739
4340,4340,75.978337699240,75.978341532574,2954,4340,75.978292032574,3,10,124,0,84ca7403aedafd55,1415.500,5355.700,27.500,0.300,0,1,3752
4341,4341,75.995840265907,75.995844099240,2955,4341,75.995794599240,3,9,107,0,5927a16dd5b689bd,1491.100,5318.000,23.700,0.200,0,1,3768
4342,4342,76.013342699240,76.013346532573,2956,4342,76.013297032573,3,8,96,0,009a34a5ee0c907f,1510.800,5833.200,21.200,0.600,0,1,3785
4343,4343,76.030845532573,76.030849365906,2957,4343,76.030799865906,3,9,73,0,57c4509221dac54c,1464.900,5404.300,16.200,0.500,0,1,3798
4344,4344,76.048347665906,76.048351499240,2958,4344,76.048301999240,3,13,92,0,6b6291ec0d071867,1449.000,5393.300,20.400,0.400,0,1,3808
4345,4345,76.065850132573,76.065853965906,2959,4345,76.065804465906,3,12,84,0,a90fbf91ca52eb4b,1391.100,5603.400,18.600,0.300,0,1,3824
4346,4346,76.083352599239,76.083356432573,2960,4346,76.083306932572,3,14,115,0,cac61a7409bf9d52,1412.000,5513.000,25.500,0.400,0,1,3838
4347,4347,76.100866265906,76.100870099239,2961,4347,76.100820599239,3,15,125,0,b665dec14bcafe31,1398.300,5351.400,27.700,0.300,0,1,3852
4348,4348,76.118357432572,76.118361265905,2962,4348,76.118311765905,3,17,139,0,902dec59769722e5,1409.100,5578.000,30.800,0.400,0,1,3864
4349,4349,76.135860032572,76.135863865905,2963,4349,76.135814365905,3,17,147,0,c93034bd0a2c249c,1394.600,5533.500,32.600,0.700,0,1,3869
4350,4350,76.153362432572,76.153366265905,2964,4350,76.153316765905,3,17,160,0,0d9934f6aa01c0af,1443.900,5595.700,35.400,0.500,0,1,3871
4351,4351,76.170865265905,76.170869099238,2965,4351,76.170819599238,3,17,161,0,9c29e93dc59b731a,1396.000,5442.900,35.700,0.400,0,1,3872
4352,4352,76.188367432571,76.188371265905,2966,4352,76.188321765905,3,14,129,8,6385f9a637bb1fcb,1381.700,5469.800,28.600,0.400,0,1,3869
4353,4353,76.205869899238,76.205873732571,2967,4353,76.205824232571,3,33,267,21,e8378a0da33c7a06,1444.900,5611.700,88.500,0.400,0,1,3858
4354,4354,76.223372365904,76.223376199238,2968,4354,76.223326699238,3,46,445,32,44b87630c699c2f4,1444.300,5609.600,98.900,0.500,0,1,3842
4355,4355,76.240874799238,76.240878632571,2969,4355,76.240829132571,3,56,532,159,a462a28636398446,1405.400,5617.700,117.800,0.400,0,1,3834
4356,4356,76.258377232571,76.258381065904,2970,4356,76.258331565904,3,63,592,238,c1e8271975d6d798,1439.600,5492.300,136.100,0.700,0,1,3826
4357,4357,76.275879732571,76.275883565904,2971,4357,76.275834065904,3,72,663,313,72f9fd1a42982f67,1430.500,5671.200,147.000,0.600,0,1,3820
4358,4358,76.293382199237,76.293386032570,2972,4358,76.293336532570,3,75,686,363,6d4024ec6c48bc67,1422.900,5623.200,152.100,0.900,0,1,3818
4359,4359,76.310885165904,76.310888999237,2973,4359,76.310839499237,3,78,730,417,81a99a2dffc7f99d,1450.600,5671.900,161.600,0.600,0,1,3815
4360,4360,76.328387165903,76.328390999237,2974,4360,76.328341499237,3,84,723,447,7309b519f92a72b1,1458.000,5614.600,160.200,0.800,0,1,3810
4361,4361,76.345889699237,76.345893532570,2975,4361,76.345844032570,3,90,784,492,6181910b0c3b6620,1399.400,5603.600,174.300,0.500,0,1,3804
4362,4362,76.363392065903,76.363395899236,2976,4362,76.363346399236,3,94,819,524,c5235cd0eaa51143,1399.800,5528.300,183.200,0.800,0,1,3799
4363,4363,76.380894565903,76.380898399236,2977,4363,76.380848899236,3,97,822,549,6f40f0eae5ed2c6d,1477.200,5482.500,182.400,0.500,0,1,3796
4364,4364,76.398396999236,76.398400832569,2978,4364,76.398351332569,3,100,832,569,f75186ce9e452644,1458.300,5558.200,184.500,0.700,0,1,3794
4365,4365,76.415899599236,76.415903432569,2979,4365,76.415853932569,3,104,946,583,e3171146471e0f05,1426.200,5652.700,210.300,0.700,0,1,3789
4366,4366,76.433401932569,76.433405765902,2980,4366,76.433356265902,3,111,969,600,0d088336d7985606,1408.500,5696.800,214.600,0.500,0,1,3783
4367,4367,76.450904699235,76.450908532569,2981,4367,76.450859032569,3,112,958,611,a4ff2e0c0f5a20a2,1396.100,5653.200,212.100,0.500,0,1,3785
4368,4368,76.468406965902,76.468410799235,2982,4368,76.468361299235,3,113,939,629,e51fa0bdf9811653,1508.500,5789.400,207.800,0.500,0,1,3782
4369,4369,76.485910565902,76.485914399235,2983,4369,76.485863732568,3,114,924,643,af23474c52e141b9,1492.000,5635.200,204.500,0.300,0,1,3781
4370,4370,76.503413065902,76.503416899235,2984,4370,76.503366232568,3,120,1099,657,69977ef70b71f8cf,1443.800,5869.700,243.500,0.700,0,1,3773
4371,4371,76.520915532568,76.520919365901,2985,4371,76.520868699235,3,121,1079,665,aba23d9c1d2a9171,1421.800,5909.400,275.500,0.500,0,1,3769
4372,4372,76.538417965901,76.538421799235,2986,4372,76.538371132568,3,123,1021,674,3b2af77e88c7a867,1558.200,5667.100,225.900,1.200,0,1,3767
4373,4373,76.555920399234,76.555924232568,2987,4373,76.555873565901,3,119,969,685,e1828e352e5aafe8,1411.500,5675.300,214.700,0.500,0,1,3768
4374,4374,76.573422899234,76.573426732568,2988,4374,76.573376065901,3,121,983,689,bc95c83b329996ff,1407.700,5621.200,217.700,0.500,0,1,3766
4375,4375,76.590925899234,76.590929732567,2989,4375,76.590879065901,3,121,989,696,d677d793c7bbcc50,1522.700,5647.700,219.800,0.300,0,1,3763
4376,4376,76.608427799234,76.608431632567,2990,4376,76.608380965901,3,124,1020,708,072a6a4f91d55d4f,1549.200,5676.800,226.500,0.500,0,1,3759
4377,4377,76.625930365900,76.625934199234,2991,4377,76.625883532567,3,134,1038,714,88ea9ac49d9bfb5f,1422.800,5719.300,234.700,0.300,0,1,3748
4378,4378,76.643432865900,76.643436699234,2992,4378,76.643386032567,3,132,1018,719,9b4ebe2256fe74ec,1422.600,5865.200,273.000,0.500,0,1,3747
4379,4379,76.660935365900,76.660939199233,2993,4379,76.660888532567,3,135,1026,723,30942ab78c92eb94,1646.800,5831.900,252.800,0.400,0,1,3742
4380,4380,76.678437699233,76.678441532567,2994,4380,76.678390865900,3,142,1094,726,e4d55bc0025d95f6,1581.300,5650.300,243.200,0.300,0,1,3734
4381,4381,76.695940265900,76.695944099233,2995,4381,76.695893432566,3,151,1100,731,dbeb6d84caa324ce,1473.900,5701.200,244.200,0.500,0,1,3715
4382,4382,76.713442765900,76.713446599233,2996,4382,76.713395932566,3,167,1323,735,c4b834cc66406e88,1416.600,5761.800,292.800,0.500,0,1,3683
4383,4383,76.730945465899,76.730949299233,2997,4383,76.730898632566,3,163,1220,741,32db7716ba00f0f4,1501.800,5865.700,270.900,0.400,0,1,3666
4384,4384,76.748448265899,76.748451965899,2998,4384,76.748400765899,3,169,1365,743,af7c426d9e97f169,1424.600,5945.600,302.400,0.400,0,1,3640
4385,4385,76.765950832566,76.765954532566,2999,4385,76.765903332566,3,169,1265,748,ccdc1c3ac34cc663,1457.900,5606.300,289.700,0.600,0,1,3621
4386,4386,76.783453332566,76.783457032565,3000,4386,76.783405832566,3,172,1315,750,1faddff8d9fcfded,1403.300,5696.200,291.500,0.400,0,1,3597
4387,4387,76.800955799232,76.800959499232,3001,4387,76.800908299232,3,177,1500,750,187339df39e27267,1401.800,5704.600,331.900,0.300,0,1,3569
4388,4388,76.818458199232,76.818461899232,3002,4388,76.818410699232,3,172,1315,752,63d467f6daa09ad6,1397.800,5471.700,291.300,0.500,0,1,3558
4389,4389,76.835960699232,76.835964399232,3003,4389,76.835913199232,3,176,1418,760,77a8596fec4b88d1,1435.600,5609.800,313.700,0.500,0,1,3530
4390,4390,76.853463132565,76.853466832565,3004,4390,76.853415632565,3,185,1603,762,d85c5cab4ba09fad,1426.800,5490.100,357.700,0.500,0,1,3502
4391,4391,76.870965965898,76.870969665898,3005,4391,76.870918465898,3,178,1552,765,2e720f62763830ba,1502.700,5602.900,343.300,0.700,0,1,3490
4392,4392,76.888468099231,76.888471799231,3006,4392,76.888420599231,3,170,1365,768,d66f7a16ba507ec3,1384.300,5519.900,312.500,0.400,0,1,3474
4393,4393,76.905970599231,76.905974299231,3007,4393,76.905923099231,3,172,1406,770,ddc78216bf444750,1485.900,5407.500,311.000,0.400,0,1,3461
4394,4394,76.923473032564,76.923476732564,3008,4394,76.923425532564,3,181,1565,771,e31a4c0e8ecdf97b,1398.900,5583.000,346.700,0.400,0,1,3437
4395,4395,76.940975465897,76.940979165897,3009,4395,76.940927965897,3,185,1408,773,186cf40f24203274,1475.700,5480.200,312.200,0.600,0,1,3418
4396,4396,76.958477965897,76.958481665897,3010,4396,76.958430465897,3,185,1310,784,e1c1722f968e40b4,1439.800,5387.600,289.900,0.800,0,1,3400
4397,4397,76.975980499230,76.975984199230,3011,4397,76.975932999230,3,194,1453,786,8736a07dd7f432d2,1508.600,5417.700,321.400,0.500,0,1,3370
4398,4398,76.993482832563,76.993486532563,3012,4398,76.993435332563,3,203,1579,788,f4a04551e16639d1,1445.800,5679.200,349.500,0.900,0,1,3348
4399,4399,77.010983265897,77.010986965897,3013,4399,77.010938099230,3,207,1545,792,03f5f7a33dd67ca0,1423.500,5604.400,354.200,0.500,0,1,3320
4400,4400,77.028485432563,77.028489132563,3014,4400,77.028440265896,3,208,1607,794,8418fe5fd4125952,1446.500,5538.700,355.700,0.600,0,1,3296
4401,4401,77.045987965896,77.045991665896,3015,4401,77.045942799230,3,206,1554,798,c86e75c5f093f665,1663.800,5545.300,345.500,0.800,0,1,3269
4402,4402,77.063490465896,77.063494165896,3016,4402,77.063445299229,3,204,1545,801,70180c4a55b647a4,1460.400,5274.200,342.000,0.300,0,1,3244
4403,4403,77.080992899229,77.080996599229,3017,4403,77.080947732563,3,199,1587,806,e35c1c1df31c9d8f,1402.500,5247.800,351.100,0.600,0,1,3228
4404,4404,77.098506699229,77.098510399229,3018,4404,77.098461532562,3,190,1473,813,f8ae53d791ecac91,1410.100,5460.000,326.000,0.400,0,1,3212
4405,4405,77.115997865896,77.116001565896,3019,4405,77.115952699229,3,199,1549,817,b086c7951a22bd55,1419.300,5287.400,343.400,0.300,0,1,3189
4406,4406,77.133500332562,77.133504032562,3020,4406,77.133455165895,3,199,1535,817,3a0219a7c988aa77,1389.400,5126.900,340.100,0.400,0,1,3174
4407,4407,77.151003265895,77.151006965895,3021,4407,77.150958099228,3,197,1511,819,84e950505213f807,1456.500,5319.200,334.800,0.500,0,1,3161
4408,4408,77.168505232562,77.168508932562,3022,4408,77.168460065895,3,195,1579,822,91e738d7a969f3fa,1506.000,5557.900,349.300,0.400,0,1,3144
4409,4409,77.186007699228,77.186011399228,3023,4409,77.185962532561,3,204,1562,826,2fe3e5d899e272f7,1446.100,5556.100,345.700,0.300,0,1,3122
4410,4410,77.203510265895,77.203513965895,3024,4410,77.203465099228,3,211,1538,829,cf4a717b53bbe686,1436.000,5367.100,340.900,0.300,0,1,3105
4411,4411,77.221012732561,77.221016432561,3025,4411,77.220967565894,3,221,1575,840,776c3b7190c0f03e,1401.000,5185.400,348.500,0.300,0,1,3087
4412,4412,77.238515165894,77.238518865894,3026,4412,77.238469999228,3,216,1571,841,19e70a370878fbf7,1407.000,5237.400,348.300,0.300,0,1,3072
4413,4413,77.256017599227,77.256021299227,3027,4413,77.255972432561,3,222,1625,844,08f8830d6e7172cc,1425.800,5220.300,359.600,0.500,0,1,3053
4414,4414,77.273515399227,77.273519099227,3028,4414,77.273474899227,3,218,1609,845,265f26e387264f98,1471.200,5185.300,356.500,0.400,0,1,3035
4415,4415,77.291018232560,77.291021932560,3029,4415,77.290977732560,3,225,1684,849,d34b37ba34f9d15c,1432.800,5172.200,372.600,0.800,0,1,3015
4416,4416,77.308520332560,77.308524032560,3030,4416,77.308479832560,3,236,1744,850,681f08f82a6fa905,1400.800,5087.600,386.700,0.400,0,1,2974
4417,4417,77.326022832560,77.326026532560,3031,4417,77.325982332560,3,244,1861,856,d03668ff7bc46fc8,1421.900,4986.300,411.700,0.500,0,1,2923
4418,4418,77.343525332560,77.343529032560,3032,4418,77.343484832560,3,241,1823,860,2e30963af2685fa9,1379.400,5036.400,457.900,0.400,0,1,2893
4419,4419,77.361027799226,77.361031499226,3033,4419,77.360987299226,3,256,1917,866,55ca7f7d80606e89,1378.900,4979.100,424.000,0.600,0,1,2844
4420,4420,77.378530232560,77.378533932560,3034,4420,77.378489732560,3,284,2165,866,18283e14b4ae3161,1422.800,5067.800,479.600,0.400,0,1,2805
4421,4421,77.396032665893,77.396036365893,3035,4421,77.395992165893,3,280,2007,871,9ac5a34a3d97ac62,1438.100,5036.300,444.100,0.300,0,1,2791
4422,4422,77.413535265893,77.413538965893,3036,4422,77.413494765893,3,252,1831,873,814caae2fa94c68c,1444.000,4973.700,407.500,0.700,0,1,2777
4423,4423,77.431038099226,77.431041799226,3037,4423,77.430997599226,3,222,1589,876,ad7e07cdd19fb4e1,1419.200,5060.000,357.800,1.000,0,1,2768
4424,4424,77.448540132559,77.448543832559,3038,4424,77.448499632559,3,204,1457,878,3bdca319ae84f5e9,1476.200,4888.900,324.100,1.000,0,1,2747
4425,4425,77.466042565892,77.466046265892,3039,4425,77.466002065892,3,209,1438,880,ca9cde1072b4fbeb,1482.300,4795.600,320.400,1.200,0,1,2726
4426,4426,77.483545165892,77.483548865892,3040,4426,77.483504665892,3,203,1364,884,adab368a6c111236,1455.100,4654.300,301.800,0.500,0,1,2709
4427,4427,77.501048365892,77.501052065892,3041,4427,77.501007865892,3,206,1391,889,bc7ae4b3d6086460,1416.900,4580.300,308.200,0.700,0,1,2686
4428,4428,77.518550032558,77.518553732558,3042,4428,77.518509532558,3,202,1315,889,129b65ad1ee1b15d,1530.100,4573.800,290.900,0.600,0,1,2663
4429,4429,77.536051299225,77.536054999225,3043,4429,77.536011965891,3,197,1274,892,ca1559708f32a252,1637.600,4604.800,283.300,0.600,0,1,2644
4430,4430,77.553553899224,77.553557599224,3044,4430,77.553514565891,3,203,1291,895,f3aba5c7dc740ad2,1746.000,4639.200,286.400,0.400,0,1,2618
4431,4431,77.571056532558,77.571060232558,3045,4431,77.571017199224,3,200,1271,898,b1208b05b1d594c2,1429.600,4633.900,281.800,0.700,0,1,2610
4432,4432,77.588558699224,77.588562399224,3046,4432,77.588519365891,3,199,1264,899,3960194c1dffe7b2,1465.100,4551.600,279.600,0.500,0,1,2607
4433,4433,77.606061199224,77.606064899224,3047,4433,77.606021865891,3,202,1334,899,1753be06efcb45f2,1409.300,4456.800,299.100,0.400,0,1,2596
4434,4434,77.623563632557,77.623567332557,3048,4434,77.623524299224,3,195,1273,903,919475bae257b8ed,1449.500,4442.400,285.900,0.600,0,1,2589
4435,4435,77.641066099224,77.641069799224,3049,4435,77.641026765890,3,203,1334,913,f47df379464caa95,1412.300,4463.600,295.400,0.500,0,1,2575
4436,4436,77.658568632557,77.658572332557,3050,4436,77.658529299223,3,209,1391,914,e51ce80f298b692d,1473.700,4567.100,308.100,0.700,0,1,2567
4437,4437,77.676071099223,77.676074799223,3051,4437,77.676031765890,3,213,1414,914,55791022df4ed39f,1421.600,4467.200,313.600,0.500,0,1,2553
4438,4438,77.693573665890,77.693577365890,3052,4438,77.693534332556,3,209,1379,914,5dfc0f07ea90d551,1426.700,4445.300,305.100,0.400,0,1,2547
4439,4439,77.711076565890,77.711080265890,3053,4439,77.711037232556,3,206,1340,918,994d0e1fce7ba76b,1416.800,4469.700,296.500,0.800,0,1,2543
4440,4440,77.728578499223,77.728582199223,3054,4440,77.728539165889,3,206,1340,919,8c258a45a821fbca,1402.400,4776.100,296.500,0.600,0,1,2533
4441,4441,77.746080999223,77.746084699223,3055,4441,77.746041665889,3,204,1328,927,d92d52318e69f064,1426.600,4510.200,294.800,0.600,0,1,2527
4442,4442,77.763583532556,77.763587232556,3056,4442,77.763544199222,3,199,1305,928,c0ada9b082b10592,1441.600,4421.600,288.700,0.400,0,1,2521
4443,4443,77.781084732556,77.781089132556,3057,4443,77.781046565889,3,203,1322,935,e9563ee8a9061d05,1435.700,4445.000,292.400,0.500,0,1,2514
4444,4444,77.798587265889,77.798591665889,3058,4444,77.798549099222,3,205,1417,937,a92efe3699a1daf6,1393.400,4386.900,313.500,0.400,0,1,2509
4445,4445,77.816089799222,77.816094199222,3059,4445,77.816051632555,3,204,1411,936,8bd353ded1f6cb71,1441.900,4683.200,312.200,0.400,0,1,2502
4446,4446,77.833592199222,77.833596599222,3060,4446,77.833554032555,3,205,1428,939,d1e75f05ebab3d47,1445.800,4411.900,316.800,0.300,0,1,2498
4447,4447,77.851094999221,77.851099399221,3061,4447,77.851056832555,3,205,1448,939,8e4f996dd9854617,1515.400,4405.400,320.400,0.400,0,1,2494
4448,4448,77.868597132555,77.868601532555,3062,4448,77.868558965888,3,205,1425,940,3f59c05a86d436ce,1417.700,4460.100,315.700,0.500,0,1,2489
4449,4449,77.886099532554,77.886103932554,3063,4449,77.886061365888,3,208,1460,941,f34666e3eedfc952,1434.400,4505.400,323.100,0.600,0,1,2482
4450,4450,77.903602132554,77.903606532554,3064,4450,77.903563965888,3,207,1462,942,bfad207700e7860d,1418.500,4447.800,323.600,0.500,0,1,2480
4451,4451,77.921104599221,77.921108999221,3065,4451,77.921066432554,3,209,1462,943,369ae6c2c28b2d54,1405.800,4457.300,323.600,0.300,0,1,2475
4452,4452,77.938607065887,77.938611465887,3066,4452,77.938568899221,3,209,1460,943,56fa8c4530beca8a,1533.800,4556.700,324.000,0.700,0,1,2468
4453,4453,77.956109532554,77.956113932554,3067,4453,77.956071365887,3,208,1448,945,52e19ee058300d99,1528.900,4527.500,339.500,0.500,0,1,2466
4454,4454,77.973611965887,77.973616365887,3068,4454,77.973573799220,3,213,1470,945,926306f27cd5ec64,1428.000,4451.900,325.400,0.600,0,1,2458
4455,4455,77.991114932553,77.991119332553,3069,4455,77.991076765887,3,210,1428,945,4c5402f7878a5423,1429.000,5213.400,365.200,0.400,0,1,2459
4456,4456,78.008616865887,78.008621265887,3070,4456,78.008578699220,3,209,1386,946,aaa849d9cdbff039,1480.100,4523.800,307.000,0.500,0,1,2458
4457,4457,78.026119365886,78.026123765886,3071,4457,78.026081199220,3,210,1376,946,963b19b04f3d2d03,1408.300,4451.600,305.000,0.500,0,1,2455
4458,4458,78.043615965886,78.043626199220,3072,4458,78.043583632553,3,211,1377,946,4bbc070c93931c2f,1428.600,4640.500,306.300,0.700,0,1,2452
4459,4459,78.061118565886,78.061128799219,3073,4459,78.061086232553,3,210,1368,945,204bec9c7271cbf1,1468.300,4506.200,313.400,0.400,0,1,2449
4460,4460,78.078621032553,78.078631265886,3074,4460,78.078588699219,3,209,1322,944,d9ebb68e6859ba6e,1407.500,4428.000,297.500,0.600,0,1,2448
4461,4461,78.096134799219,78.096145032552,3075,4461,78.096102465886,3,211,1340,942,f3be6b9f964e8e8d,1405.400,4325.000,300.900,0.300,0,1,2444
4462,4462,78.113625965886,78.113636199219,3076,4462,78.113593632552,3,210,1325,941,8b46ce9885875267,1542.300,4583.200,293.700,0.500,0,1,2444
4463,4463,78.131128699219,78.131138932552,3077,4463,78.131096365885,3,208,1300,941,f92c87daa9b552b7,1393.000,4369.500,287.600,0.300,0,1,2443
4464,4464,78.148630865885,78.148641099219,3078,4464,78.148598532552,3,206,1288,941,2dc09567c6d3dc15,1401.900,4391.100,285.300,0.400,0,1,2442
4465,4465,78.166133365885,78.166143599218,3079,4465,78.166101032552,3,207,1290,940,01068cf788a6925e,1443.000,4418.300,285.500,0.400,0,1,2439
4466,4466,78.183635832552,78.183646065885,3080,4466,78.183603499218,3,208,1308,940,0b4ab6d32c66525d,1403.200,4376.500,289.400,0.400,0,1,2436
4467,4467,78.201138232551,78.201148465885,3081,4467,78.201105899218,3,207,1324,940,462e6f010f529e71,1539.800,4392.200,293.000,0.300,0,1,2435
4468,4468,78.218640665884,78.218650899218,3082,4468,78.218608332551,3,207,1321,938,8864fb15102c7432,1406.800,4440.400,292.300,0.200,0,1,2433
4469,4469,78.236143165884,78.236153399218,3083,4469,78.236110832551,3,212,1384,938,f38b24ecf4fd4420,1436.200,4479.700,306.200,0.500,0,1,2427
4470,4470,78.253645599217,78.253655832551,3084,4470,78.253613265884,3,215,1394,938,c36737e174715848,1422.700,4446.000,308.400,0.300,0,1,2423
4471,4471,78.271148599217,78.271158832551,3085,4471,78.271116265884,3,215,1405,938,489dc7e8349889ff,1434.700,4635.200,322.400,0.500,0,1,2420
4472,4472,78.288650532550,78.288660765884,3086,4472,78.288618199217,3,219,1416,939,7b4ed239c3609403,1473.400,4522.100,365.900,0.800,0,1,2416
4473,4473,78.306167532550,78.306171365884,3087,4473,78.306120699217,3,222,1416,938,44f0b2269e54523e,1405.200,4475.700,489.700,0.600,0,1,2412
4474,4474,78.323669999217,78.323673832550,3088,4474,78.323623165883,3,220,1380,939,69d8ff04e13014cf,1417.400,4394.000,305.300,0.700,0,1,2412
4475,4475,78.341172565883,78.341176399217,3089,4475,78.341125732550,3,221,1405,937,68cab46042a4f789,1453.600,4401.100,311.500,0.600,0,1,2408
4476,4476,78.358674965883,78.358678799216,3090,4476,78.358628132550,3,221,1393,938,65d1e745eed903cc,1437.800,4486.200,309.000,0.300,0,1,2406
4477,4477,78.376177465883,78.376181299216,3091,4477,78.376130632550,3,219,1362,938,7edfc75e12a65f5c,1524.200,4385.700,306.000,0.500,0,1,2404
4478,4478,78.393679965883,78.393683799216,3092,4478,78.393633132549,3,219,1369,938,e5a66ab39ef2be7c,1395.400,4408.300,302.800,0.600,0,1,2402
4479,4479,78.411182699216,78.411186532549,3093,4479,78.411135865883,3,213,1338,937,3d70db0e6c70b868,1403.200,4289.600,303.300,0.400,0,1,2401
4480,4480,78.428684832549,78.428688665882,3094,4480,78.428637999216,3,215,1348,936,46c7582d586d7947,1399.900,4348.400,298.500,0.300,0,1,2395
4481,4481,78.446187299216,78.446191132549,3095,4481,78.446140465882,3,215,1351,934,95db02631c00796c,1441.900,4429.000,299.000,0.500,0,1,2393
4482,4482,78.463689865882,78.463693699215,3096,4482,78.463643032549,3,214,1330,934,87b416097322ad3b,1413.900,4351.600,294.200,0.400,0,1,2391
4483,4483,78.481192265882,78.481196099215,3097,4483,78.481145432549,3,214,1328,934,e1eded4fef7d2e73,1474.000,4331.900,303.700,0.400,0,1,2391
4484,4484,78.498694832548,78.498698665882,3098,4484,78.498647999215,3,215,1328,934,af2afe2d6bed6bbc,1435.400,4467.300,294.100,0.300,0,1,2390
4485,4485,78.516197265882,78.516201099215,3099,4485,78.516150432548,3,217,1387,934,701966443f73c77f,1439.500,4484.800,361.500,0.700,0,1,2387
4486,4486,78.533699699215,78.533703532548,3100,4486,78.533652865881,3,218,1392,934,715ae1298494cc99,1504.600,4795.900,339.100,0.600,0,1,2386
4487,4487,78.551202532548,78.551206365881,3101,4487,78.551155699214,3,217,1375,935,f9e9abad0afd9aba,1473.500,4433.300,316.900,0.600,0,1,2385
4488,4488,78.568705899214,78.568709732548,3102,4488,78.568657899214,3,214,1346,933,42eba21ac2e63aaf,1597.300,6591.600,303.700,1.100,0,1,2383
4489,4489,78.586208232547,78.586212065881,3103,4489,78.586160232547,3,215,1349,933,480792757ad38426,1464.300,4536.700,305.400,1.100,0,1,2382
4490,4490,78.603710699214,78.603714532547,3104,4490,78.603662699214,3,215,1335,934,0882ff0806c7e9f1,1449.800,4371.000,295.500,0.600,0,1,2380
4491,4491,78.621213199214,78.621217032547,3105,4491,78.621165199214,3,216,1342,934,6c59e330c0a7fb95,1498.100,4378.700,302.300,0.800,0,1,2378
4492,4492,78.638715699214,78.638719532547,3106,4492,78.638667699214,3,216,1337,933,8276905f407467ac,1452.800,4340.300,296.200,0.700,0,1,2376
4493,4493,78.656218099213,78.656221932547,3107,4493,78.656170099213,3,213,1304,933,a5e65f7756cee150,1410.700,4270.600,289.000,0.400,0,1,2375
4494,4494,78.673720632547,78.673724465880,3108,4494,78.673672632547,3,208,1280,932,ba0c66fcb0cecd2e,1425.500,4265.600,283.600,0.700,0,1,2375
4495,4495,78.691223432546,78.691227265880,3109,4495,78.691175432546,3,205,1250,932,2ad34a94993dc066,1394.600,4248.600,276.600,0.600,0,1,2372
4496,4496,78.708725599213,78.708729432546,3110,4496,78.708677599213,3,207,1290,932,b6380c7cc7dc5217,1430.400,4251.100,285.400,0.400,0,1,2369
4497,4497,78.726228032546,78.726231865879,3111,4497,78.726180032546,3,204,1273,930,ea23125ed11a4c8c,1463.600,4262.100,282.100,0.600,0,1,2369
4498,4498,78.743730565879,78.743734399213,3112,4498,78.743682565879,3,198,1248,928,002596d35822f9df,1410.500,4261.600,277.800,0.500,0,1,2369
4499,4499,78.761232965879,78.761236799212,3113,4499,78.761184965879,3,197,1218,927,4f9ebdf20095302a,1654.500,4323.100,270.300,0.500,0,1,2368
4500,4500,78.778735465879,78.778739299212,3114,4500,78.778687465879,3,201,1245,927,6adf9a5acf40e470,1434.000,4273.800,275.500,0.400,0,1,2363
4501,4501,78.796237899212,78.796241732545,3115,4501,78.796189899212,3,207,1356,925,aa53b550f5c812c4,1450.700,4256.800,304.900,0.500,0,1,2355
4502,4502,78.813741665879,78.813745499212,3116,4502,78.813692499212,3,205,1343,922,008dafb8091b7cce,1427.000,4323.300,297.900,0.400,0,1,2356
4503,4503,78.831244532545,78.831248365878,3117,4503,78.831195365878,3,204,1331,922,28ca277ddaef3818,1480.200,4491.800,294.700,0.300,0,1,2356
4504,4504,78.848746499212,78.848750332545,3118,4504,78.848697332545,3,206,1343,921,dfa9e7d6d351f254,1500.700,4290.600,297.200,0.400,0,1,2354
4505,4505,78.866249065878,78.866252899211,3119,4505,78.866199899211,3,207,1341,921,7c681a6d86b63c52,1493.500,4306.300,296.700,0.700,0,1,2353
4506,4506,78.883751399211,78.883755232545,3120,4506,78.883702232544,3,206,1337,921,c6771ef4b85d9731,1458.400,4495.200,295.800,0.500,0,1,2353
4507,4507,78.901253865878,78.901257699211,3121,4507,78.901204699211,3,205,1309,921,72e8134623642ee2,1426.600,4247.700,294.300,0.400,0,1,2350
4508,4508,78.918756432544,78.918760265877,3122,4508,78.918707265877,3,219,1269,1008,92b299b4304c30b9,1553.000,4487.900,280.900,0.400,0,1,2241
4509,4509,78.936258899211,78.936262732544,3123,4509,78.936209732544,3,237,1367,1069,129ec285805ca394,1400.400,4235.300,309.400,0.500,0,1,2187
4510,4510,78.953761432544,78.953765265877,3124,4510,78.953712265877,3,254,1314,1133,f930bc6b3dbb48a0,1416.900,4160.500,297.000,0.600,0,1,2150
4511,4511,78.971264065877,78.971267899210,3125,4511,78.971214899210,3,264,1349,1189,ac82a99815fa6f1a,1447.800,4199.000,308.800,0.500,0,1,2120
4513,4513,79.006268799210,79.006272632543,3126,4513,79.006219632543,3,287,1488,1298,8a3063321cc6b6d0,1414.000,4111.900,329.300,1.200,0,1,2069
4514,4514,79.023771165876,79.023774999210,3127,4514,79.023721999210,3,306,1630,1331,913f1e9f701106e3,1416.400,4151.600,360.700,0.500,0,1,2025
4515,4515,79.041273699210,79.041277532543,3128,4515,79.041224532543,3,313,1708,1371,ffc50093fa7d65f5,1450.200,4099.400,378.300,0.500,0,1,1956
4516,4516,79.058776232543,79.058780065876,3129,4516,79.058727065876,3,321,1777,1395,6ebb298ef1827876,1419.700,4077.800,393.100,0.600,0,1,1894
4517,4517,79.076278599209,79.076282432543,3130,4517,79.076229432543,3,319,1744,1420,40e71232a708a27b,1489.500,4229.100,440.900,1.200,0,1,1850
4518,4518,79.093791232542,79.093795065876,3131,4518,79.093743232542,3,317,1750,1436,0074ead29dba9dc8,1546.400,4139.700,388.000,0.600,0,1,1815
4519,4519,79.111282932542,79.111286765876,3132,4519,79.111234932542,3,319,1761,1450,7da10798e1acee39,1411.000,3952.300,390.200,0.400,0,1,1786
4520,4520,79.128784865875,79.128788699209,3133,4520,79.128736865875,3,321,1761,1461,24e003614f46b73d,1419.700,3985.800,437.100,0.600,0,1,1760
4521,4521,79.146287365875,79.146291199209,3134,4521,79.146239365875,3,323,1776,1467,2511c1d395820b51,1398.600,3850.100,393.400,0.500,0,1,1740
4522,4522,79.163789865875,79.163793699208,3135,4522,79.163741865875,3,322,1764,1473,2534c785ab8b72b0,1439.400,3817.100,429.700,0.700,0,1,1722
4523,4523,79.181292365875,79.181296199208,3136,4523,79.181244365875,3,325,1795,1485,417c75024965ac6e,1418.100,3835.400,397.300,0.400,0,1,1708
4524,4524,79.198794865875,79.198798699208,3137,4524,79.198746865875,3,324,1796,1489,4c38eb25a550872f,1421.600,3809.300,409.400,0.500,0,1,1696
4525,4525,79.216297332541,79.216301165874,3138,4525,79.216249332541,3,324,1789,1490,d8a9086b6e5230ed,1463.700,3927.000,399.900,0.400,0,1,1687
4526,4526,79.233799699208,79.233803532541,3139,4526,79.233751699208,3,324,1782,1491,35fc4b41dfa9c033,1479.400,3926.400,394.900,0.500,0,1,1679
4527,4527,79.251302499207,79.251306332541,3140,4527,79.251254499207,3,323,1768,1491,93885715f0fae0e4,1401.600,3847.000,397.100,0.300,0,1,1672
4528,4528,79.268804632541,79.268808465874,3141,4528,79.268756632541,3,324,1769,1491,a2fe23330a40b7ba,1402.500,4055.200,396.200,0.500,0,1,1666
4529,4529,79.286307199207,79.286311032540,3142,4529,79.286259199207,3,324,1771,1491,8622fd0e5a434978,1434.000,3992.300,403.000,0.300,0,1,1660
4530,4530,79.303809565874,79.303813399207,3143,4530,79.303761565874,3,321,1748,1492,032dde8b9f53e898,1467.600,3814.800,387.000,0.400,0,1,1655
4531,4531,79.321312165873,79.321315999207,3144,4531,79.321264165873,3,321,1758,1492,75aa2c67f081f85d,1441.100,3871.400,389.300,0.600,0,1,1650
4532,4532,79.338813365873,79.338817199207,3145,4532,79.338766532540,3,322,1756,1492,4cf376a1740d5bdf,1388.600,3786.100,446.100,0.500,0,1,1645
4533,4533,79.356315899206,79.356319732540,3146,4533,79.356269065873,3,323,1759,1491,0bb4dd22b26df83f,1427.300,3776.700,389.200,0.400,0,1,1640
4534,4534,79.373818265873,79.373822099206,3147,4534,79.373771432540,3,322,1748,1489,52388ea698819245,1487.900,3892.700,391.300,0.900,0,1,1637
4535,4535,79.391321165873,79.391324999206,3148,4535,79.391274332539,3,323,1760,1489,0bd090b5b3428fdf,1662.800,3878.900,395.100,0.400,0,1,1632
4536,4536,79.408823265873,79.408827099206,3149,4536,79.408776432539,3,323,1757,1489,1ef06c9118e23225,1414.800,4040.700,402.900,0.400,0,1,1630
4537,4537,79.426325765872,79.426329599206,3150,4537,79.426278932539,3,324,1767,1490,65b9e514c377b511,1577.900,3968.100,391.000,0.300,0,1,1625
4538,4538,79.443828232539,79.443832065872,3151,4538,79.443781399206,3,323,1787,1490,eb6cf1bc5376ca5e,1420.600,3847.400,404.700,0.500,0,1,1620
4539,4539,79.461330665872,79.461334499205,3152,4539,79.461283832539,3,325,1797,1490,2f102bafe0252426,1432.800,3753.400,403.000,0.600,0,1,1616
4540,4540,79.478833232539,79.478837065872,3153,4540,79.478786399205,3,325,1792,1489,2d2ca8079ea9f9a7,1421.500,3835.300,411.100,0.400,0,1,1613
4541,4541,79.496335565872,79.496339399205,3154,4541,79.496288732538,3,327,1805,1489,5c252d74d14b47ae,1438.800,4422.700,415.400,0.600,0,1,1609
4542,4542,79.513838099205,79.513841932538,3155,4542,79.513791265872,3,326,1790,1489,a9b3332aeffef4ea,1474.300,3832.400,404.100,0.700,0,1,1605
4543,4543,79.531340832538,79.531344665871,3156,4543,79.531293999205,3,324,1771,1488,eea2b134f8af4492,1420.600,3851.400,392.300,0.500,0,1,1603
4544,4544,79.548843065871,79.548846899205,3157,4544,79.548796232538,3,326,1790,1488,069b95c52b35fb2c,1423.000,3837.800,396.500,0.500,0,1,1597
4545,4545,79.566345432538,79.566349265871,3158,4545,79.566298599204,3,328,1809,1487,3c2094e16952ab4e,1437.400,3734.700,405.700,0.600,0,1,1592
4546,4546,79.583847932537,79.583851765871,3159,4546,79.583801099204,3,326,1788,1487,60eab5b6286f54fc,1433.000,3755.500,396.000,0.600,0,1,1590
4547,4547,79.601351632537,79.601355465871,3160,4547,79.601303632537,3,326,1796,1483,fcd94772d0e96eae,1467.100,3758.200,397.500,0.700,0,1,1587
4548,4548,79.618854099204,79.618857932537,3161,4548,79.618806099204,3,324,1788,1483,46351e1fe1a5ea32,1427.400,3806.900,396.200,0.400,0,1,1585
4549,4549,79.636356532537,79.636360365870,3162,4549,79.636308532537,3,328,1810,1483,40a3525621195eca,1422.000,3683.500,400.400,0.500,0,1,1579
4550,4550,79.653858965870,79.653862799203,3163,4550,79.653810965870,3,328,1799,1483,6f1f0218bf414432,1422.100,3675.200,405.500,0.500,0,1,1576
4551,4551,79.671361865870,79.671365699203,3164,4551,79.671313865870,3,329,1812,1482,0ab8f99e56322eaf,1507.500,3915.800,401.200,0.400,0,1,1573
4552,4552,79.688863999203,79.688867832536,3165,4552,79.688815999203,3,326,1785,1483,26a27318f429919b,1933.400,3989.500,404.500,0.400,0,1,1571
4553,4553,79.706366465870,79.706370299203,3166,4553,79.706318465870,3,327,1802,1483,7edaf7daf7393891,1429.900,3802.000,399.200,0.300,0,1,1568
4554,4554,79.723870765869,79.723874599203,3167,4554,79.723820899203,3,326,1802,1483,9169891ac50714bf,1429.000,4297.100,399.400,0.500,0,1,1565
4555,4555,79.741373232536,79.741377065869,3168,4555,79.741323365869,3,325,1800,1480,b5bbbf0e7d3f5d89,1540.400,4293.900,399.900,0.700,0,1,1563
4556,4556,79.758875665869,79.758879499202,3169,4556,79.758825799202,3,323,1788,1478,620e50eea6e47f53,3182.900,3842.000,404.600,0.900,0,1,1560
4557,4557,79.776378165869,79.776381999202,3170,4557,79.776328299202,3,322,1795,1476,7c124bf6749acda4,1444.000,3741.600,398.600,0.600,0,1,1557
4558,4558,79.793880599202,79.793884432535,3171,4558,79.793830732535,3,321,1786,1473,655cf25a95cdade3,1440.500,3729.700,396.400,0.700,0,1,1555
4559,4559,79.811383432535,79.811387265869,3172,4559,79.811333565869,3,324,1790,1471,438a5ee17f594f4d,1448.900,3698.800,396.700,0.600,0,1,1550
4560,4560,79.828885632535,79.828889465868,3173,4560,79.828835765868,3,326,1814,1472,6657819d6d9e81a6,1411.500,3646.500,401.400,0.400,0,1,1545
4561,4561,79.846388032535,79.846391865868,3174,4561,79.846338165868,3,322,1859,1472,1bd88c1fe3ddff91,1409.500,3719.600,411.900,0.600,0,1,1544
4562,4562,79.863891665868,79.863895499201,3175,4562,79.863840632535,3,325,1892,1468,47f5e940c642fd49,1400.100,3767.900,424.200,1.900,0,1,1540
4563,4563,79.881394232535,79.881398065868,3176,4563,79.881343199201,3,323,1868,1467,c66d4ed5d7ff0d60,1465.100,3691.000,413.400,0.400,0,1,1538
4564,4564,79.898896732534,79.898900565868,3177,4564,79.898845699201,3,326,1939,1467,ca681d6bcda3e1bf,1409.300,3673.300,433.000,0.400,0,1,1531
4565,4565,79.916399065868,79.916402899201,3178,4565,79.916348032534,3,321,1888,1467,a37c4527e9dd3151,1390.800,3713.200,424.000,0.800,0,1,1530
4566,4566,79.933901632534,79.933905465867,3179,4566,79.933850599201,3,322,1915,1467,0c76802e27004f0c,1418.700,3689.000,434.800,0.600,0,1,1526
4567,4567,79.951404565867,79.951408399200,3180,4567,79.951353532534,3,320,1895,1467,2886e8e2df6f9e17,1440.600,3844.500,420.200,0.600,0,1,1525
4568,4568,79.968906532534,79.968910365867,3181,4568,79.968855499200,3,323,1915,1465,4a057c8d50893359,1470.700,3749.900,434.800,0.600,0,1,1520
4569,4569,79.986409032533,79.986412865867,3182,4569,79.986357999200,3,324,1920,1464,aa5e8a3b06b844fd,1427.800,3632.800,427.300,0.600,0,1,1516
4570,4570,80.003911465867,80.003915299200,3183,4570,80.003860432533,3,325,2037,1463,97b5d89c774622b0,1452.000,3750.200,451.100,0.800,0,1,1512
4571,4571,80.021413999200,80.021417832533,3184,4571,80.021362965866,3,322,2001,1463,5aad5efbdc94c0b1,1418.900,3707.700,445.200,0.600,0,1,1511
4572,4572,80.038916399200,80.038920232533,3185,4572,80.038865365866,3,325,2028,1460,7291bb3518f58720,1425.100,3705.600,449.000,0.500,0,1,1505
4573,4573,80.056418832533,80.056422665866,3186,4573,80.056367799199,3,321,1962,1460,c28e996dc0e2a491,1406.100,3684.500,434.600,0.500,0,1,1504
4574,4574,80.073921299199,80.073925132533,3187,4574,80.073870265866,3,322,1979,1460,e3bc6a4e09bbe252,1486.800,3865.200,439.100,0.900,0,1,1499
4575,4575,80.091435399199,80.091439232532,3188,4575,80.091384365866,3,318,1975,1460,3135be9b4e3dba12,1483.000,3762.400,490.100,0.600,0,1,1495
4576,4576,80.108926265866,80.108930099199,3189,4576,80.108875232532,3,317,1964,1457,fafc0b5a6fbe7243,1522.400,3742.000,435.300,0.500,0,1,1492
4577,4577,80.126407732532,80.126420299199,3190,4577,80.126377732532,3,221,1269,735,b97059d374a5a099,1398.600,3546.200,281.100,0.300,0,1,1488
4578,4578,80.143910599199,80.143923232532,3191,4578,80.143880232532,3,220,1251,734,0ae5f11a9d675367,1432.300,3613.900,277.000,0.400,0,1,1486
4579,4579,80.161430599198,80.161434699198,3192,4579,80.161382732532,3,222,1260,734,f6d8998aa8afec8b,1415.200,3510.600,278.800,0.400,0,1,1482
4580,4580,80.178933099198,80.178937199198,3193,4580,80.178885232532,3,219,1221,733,ba9389ba7bfeb8ea,1402.400,3412.300,274.900,0.400,0,1,1480
4581,4581,80.196435532531,80.196439632531,3194,4581,80.196387665865,3,222,1254,733,a4db1a99560cb5a4,1417.800,3509.200,277.800,0.400,0,1,1476
4582,4582,80.213937965865,80.213942065865,3195,4582,80.213890099198,3,219,1217,733,cd4a29880c6dedd8,1519.900,3441.200,299.600,0.300,0,1,1473
4583,4583,80.231440932531,80.231445032531,3196,4583,80.231393065864,3,232,1145,835,1e64580744a4066e,1449.100,3206.900,253.500,1.100,0,1,1210
4584,4584,80.248942999198,80.248947099198,3197,4584,80.248895132531,3,241,1185,904,6802bed528c48219,1479.900,2939.100,262.200,0.400,0,1,1012
4585,4585,80.266445332531,80.266449432531,3198,4585,80.266397465864,3,232,1088,952,f6690c7fc96d7f92,1417.900,2768.000,240.800,0.700,0,1,887
4586,4586,80.283947899197,80.283951999197,3199,4586,80.283900032530,3,237,1106,997,4d7dff96e878ff44,1498.300,2795.500,250.900,0.500,0,1,856
4587,4587,80.301450365864,80.301454465864,3200,4587,80.301402499197,3,237,1120,1026,1930ed1807fcfa4f,1505.700,3341.800,247.800,0.400,0,1,854
4588,4588,80.318952865863,80.318956965863,3201,4588,80.318904999197,3,240,1151,1054,462e1d8f13bd4020,1487.200,2845.200,259.600,0.400,0,1,849
4589,4589,80.336455332530,80.336459432530,3202,4589,80.336407465863,3,242,1178,1079,9eabd6a9d24203ba,1411.700,2899.800,260.600,0.900,0,1,846
4590,4590,80.353957699196,80.353961799196,3203,4590,80.353909832530,3,247,1190,1098,c1ca4d7471b9ab32,1420.400,2780.200,269.400,0.500,0,1,844
4591,4591,80.371460565863,80.371464665863,3204,4591,80.371412699196,3,248,1189,1114,98162b3cd8c098b6,1546.700,2840.400,263.900,0.300,0,1,846
4592,4592,80.388962699196,80.388966799196,3205,4592,80.388914832529,3,253,1237,1125,0bfb6d75f3785fa2,1442.600,2903.700,283.400,0.400,0,1,843
4593,4593,80.406465199196,80.406469299196,3206,4593,80.406417332529,3,255,1240,1133,55b9040a671cb1a6,1396.100,2850.900,275.600,0.500,0,1,843
4594,4594,80.423967599196,80.423971699196,3207,4594,80.423919732529,3,254,1252,1138,d0cf085d014946d7,1464.100,2877.200,277.700,0.400,0,1,845
4595,4595,80.441470032529,80.441474132529,3208,4595,80.441422165862,3,254,1265,1151,b600d8e03d937db7,1481.800,2972.800,284.200,0.400,0,1,846
4596,4596,80.458972532529,80.458976632529,3209,4596,80.458924665862,3,254,1257,1154,a94434bc56f8938f,1438.000,2881.800,285.800,0.500,0,1,847
4597,4597,80.476475032529,80.476479132529,3210,4597,80.476427165862,3,255,1258,1158,510d6827af02759b,1408.500,2866.400,323.400,0.400,0,1,846
4598,4598,80.493977532528,80.493981632528,3211,4598,80.493929665862,3,256,1257,1160,ec39cda632c183c0,1542.500,2847.100,278.900,0.400,0,1,845
4599,4599,80.511480465862,80.511484565862,3212,4599,80.511432599195,3,256,1257,1162,0a5dc89dd7f5b66f,1503.600,2852.800,278.700,0.800,0,1,845
4600,4600,80.528982465861,80.528986565861,3213,4600,80.528934599195,3,254,1228,1162,b747f03f01a37270,1523.800,2820.400,271.900,0.500,0,1,847
4601,4601,80.546484932528,80.546489032528,3214,4601,80.546437065861,3,254,1228,1163,c8b7940f1d6cf804,1408.500,2782.600,273.100,0.500,0,1,847
4602,4602,80.563987399194,80.563991499194,3215,4602,80.563939532528,3,254,1228,1164,5ea00b8504acfc38,1459.000,2775.800,272.200,0.300,0,1,847
4603,4603,80.581489865861,80.581493965861,3216,4603,80.581441999194,3,255,1228,1164,b56fe3ebe36c65f8,1462.600,3189.800,272.500,0.900,0,1,847
4604,4604,80.598992432527,80.598996532527,3217,4604,80.598944565861,3,255,1228,1164,9949848ad294a207,1459.700,2897.100,272.600,1.400,0,1,847
4605,4605,80.616494865861,80.616498965861,3218,4605,80.616446999194,3,255,1228,1166,f4881c4b7e587a2f,1416.400,2948.900,272.500,0.900,0,1,847
4606,4606,80.633997332527,80.634001432527,3219,4606,80.633949465860,3,254,1229,1167,784fe73f5a31167d,1468.300,2741.500,276.900,0.400,0,1,847
4607,4607,80.651501232527,80.651505332527,3220,4607,80.651452199193,3,254,1229,1167,e5bcef39ddc30c97,1420.500,2953.000,296.600,0.400,0,1,847
4608,4608,80.669002999193,80.669006699193,3221,4608,80.668954332527,3,254,1229,1167,53c1ae27d8b356ea,1425.100,2786.400,320.900,0.400,0,1,847
4609,4609,80.686505432526,80.686509132526,3222,4609,80.686456765860,3,254,1229,1166,c560397ae7352aa4,1418.100,2748.700,275.500,0.300,0,1,847
4610,4610,80.704007899193,80.704011599193,3223,4610,80.703959232526,3,255,1248,1165,00a99091108e15c1,1408.800,2757.600,276.100,0.400,0,1,846
4611,4611,80.721510399193,80.721514099193,3224,4611,80.721461732526,3,256,1258,1165,aeb450fd1694d274,1435.200,2867.500,278.300,0.500,0,1,845
4612,4612,80.739012865859,80.739016565859,3225,4612,80.738964199193,3,256,1258,1165,67df494d26b13902,1476.300,2835.200,279.800,0.500,0,1,845
4613,4613,80.756515465859,80.756519165859,3226,4613,80.756466799192,3,256,1258,1165,37b9a9ffc8f80e89,1440.600,2900.300,279.100,0.400,0,1,845
4614,4614,80.774017899192,80.774021599192,3227,4614,80.773969232526,3,256,1258,1164,fd05b20a1c46e556,1481.300,2896.400,278.300,0.600,0,1,845
4615,4615,80.791520699192,80.791524399192,3228,4615,80.791472032525,3,256,1258,1163,37ef82c66aa4be77,1609.300,2890.900,278.800,0.600,0,1,845
4616,4616,80.809022799192,80.809026499192,3229,4616,80.808974132525,3,256,1258,1163,bdec01e3d3e45b94,1429.300,2843.000,278.800,0.400,0,1,845
4617,4617,80.826525232525,80.826528932525,3230,4617,80.826476565858,3,256,1258,1162,2f1a2eb489527b81,1463.700,2852.200,278.800,0.400,0,1,845
4618,4618,80.844009432525,80.844022099192,3231,4618,80.843979065858,3,256,1258,1162,1e794f1c87616a9b,1452.200,2765.800,279.400,0.400,0,1,845
4619,4619,80.861530665858,80.861534765858,3232,4619,80.861481632525,3,256,1258,1162,637f6d95f9f8bb68,1674.900,2882.200,283.100,0.400,0,1,845
4620,4620,80.879033065858,80.879037165858,3233,4620,80.878984032525,3,256,1258,1162,5285cf1eee2b48a2,1409.000,2771.900,278.300,0.300,0,1,845
4621,4621,80.896535532524,80.896539632524,3234,4621,80.896486499191,3,256,1258,1162,f6b84bff874fbadc,1442.800,2864.400,280.200,1.000,0,1,845
4622,4622,80.914038032524,80.914042132524,3235,4622,80.913988999191,3,256,1258,1162,921d2380c37f2e6a,1430.900,2861.800,279.000,0.500,0,1,845
4624,4624,80.949024232524,80.949036899191,3236,4624,80.948993865857,3,257,1258,1162,1ebc3ce3b486667e,1439.000,2837.400,279.800,0.700,0,1,844
4625,4625,80.966545432524,80.966549532524,3237,4625,80.966496399190,3,256,1257,1159,5ffc586f1f744f3c,1513.100,2887.300,279.200,0.800,0,1,844
4626,4626,80.984047865857,80.984051965857,3238,4626,80.983998832523,3,257,1266,1159,d80d85f510fef331,1441.800,2843.800,281.800,0.600,0,1,843
4627,4627,81.001550432523,81.001554532523,3239,4627,81.001501399190,3,257,1266,1159,86d87e2dec9bc6a2,1431.200,2775.800,281.300,0.600,0,1,843
4628,4628,81.019052799190,81.019056899190,3240,4628,81.019003765856,3,258,1267,1158,4fa50897ddf2f332,1435.400,2849.700,285.200,0.600,0,1,842
4629,4629,81.036555332523,81.036559432523,3241,4629,81.036506299190,3,258,1267,1158,052686e2666c89fe,1456.200,2868.600,281.300,0.700,0,1,842
4630,4630,81.054057765856,81.054061865856,3242,4630,81.054008732523,3,257,1265,1158,0c96a2d246fccb33,1637.900,2812.500,280.700,0.700,0,1,842
4631,4631,81.071542032523,81.071554699189,3243,4631,81.071511665856,3,258,1265,1158,3e8c888e0c2024ab,1504.400,2803.700,280.600,0.400,0,1,841
4632,4632,81.089074032522,81.089078132522,3244,4632,81.089024999189,3,258,1265,1158,c70b29e628366e27,1421.500,2741.200,279.800,0.300,0,1,841
4633,4633,81.106565232522,81.106569332522,3245,4633,81.106516199189,3,257,1264,1157,47596fe0ea91f040,1549.100,2856.700,284.600,0.700,0,1,842
4634,4634,81.124067732522,81.124071832522,3246,4634,81.124018699189,3,257,1253,1157,47ed895ba6c24575,1412.100,2818.600,277.800,0.500,0,1,841
4635,4635,81.141570099189,81.141574199189,3247,4635,81.141521065855,3,257,1253,1156,2d852aa51e52e21b,1400.200,2801.300,278.300,0.700,0,1,841
4636,4636,81.159072632522,81.159076732522,3248,4636,81.159023599188,3,257,1253,1156,d018710c9c00ff1f,1469.600,2983.900,283.900,0.500,0,1,841
4637,4637,81.176574999188,81.176579099188,3249,4637,81.176525965855,3,257,1253,1155,c1b93a055fbeff74,1450.600,2791.400,289.000,0.400,0,1,841
4638,4638,81.194058865855,81.194071532521,3250,4638,81.194028499188,3,258,1254,1155,26db88dd8b1ee558,1503.100,2719.600,278.200,0.500,0,1,840
4639,4639,81.211580332521,81.211584432521,3251,4639,81.211531299188,3,257,1253,1155,82c939bd87841965,1416.500,2819.600,277.800,0.500,0,1,840
4640,4640,81.229082465854,81.229086565854,3252,4640,81.229033432521,3,258,1264,1155,a19bb0508817246c,1439.300,2758.000,280.300,0.900,0,1,839
4641,4641,81.246566299188,81.246578965854,3253,4641,81.246535899188,3,259,1274,1155,89a8dcb0cf85c858,1439.100,2811.600,283.100,0.600,0,1,838
4642,4642,81.264087465854,81.264091565854,3254,4642,81.264038399187,3,259,1274,1154,af01aee6b228a635,1451.300,2917.900,282.500,0.400,0,1,838
4643,4643,81.281589999187,81.281594099187,3255,4643,81.281540932521,3,259,1274,1154,6a541419c9de421a,1418.100,2751.100,282.400,0.400,0,1,838
4644,4644,81.299092465854,81.299096565854,3256,4644,81.299043399187,3,259,1274,1154,7c158355431a238e,1422.600,2809.000,282.400,0.900,0,1,838
4645,4645,81.316594932520,81.316599032520,3257,4645,81.316545865853,3,259,1273,1153,aefd3c788dbd4a47,1399.800,2829.100,282.100,0.400,0,1,838
4646,4646,81.334097365853,81.334101465853,3258,4646,81.334048299187,3,258,1273,1153,971aea3de48491ba,1403.300,2997.500,289.800,0.500,0,1,839
4647,4647,81.351600232520,81.351604332520,3259,4647,81.351551165853,3,258,1273,1153,a8d9d3d7357db955,1415.200,2765.400,281.600,0.400,0,1,839
4648,4648,81.369102365853,81.369106465853,3260,4648,81.369053299186,3,258,1273,1153,65403df270415c0d,1398.000,2726.100,282.000,0.700,0,1,839
4649,4649,81.386586099186,81.386598765853,3261,4649,81.386555732519,3,259,1274,1153,3dcec22acc597e57,1424.400,2922.000,295.100,0.500,0,1,838
4650,4650,81.404107265853,81.404111365853,3262,4650,81.404058232519,3,258,1274,1153,c8c38760eec963bb,1399.300,2837.200,292.900,0.500,0,1,838
4651,4651,81.421606932519,81.421610632519,3263,4651,81.421560599186,3,258,1274,1152,16443ff42f9276b1,1419.800,2821.800,282.400,0.400,0,1,838
4652,4652,81.439093399186,81.439106065852,3264,4652,81.439063032519,3,258,1275,1155,cf0e50da7a60daf9,1392.500,2818.000,288.800,0.500,0,1,838
4653,4653,81.456611965852,81.456615665852,3265,4653,81.456565632519,3,274,1359,1244,b8966573a04125af,1468.400,2842.600,302.500,0.400,0,1,839
4654,4654,81.474114332519,81.474118032519,3266,4654,81.474067999185,3,287,1416,1307,4f82191a2efaa855,1446.400,2915.900,314.000,0.400,0,1,839
4655,4655,81.491617132518,81.491620832518,3267,4655,81.491570799185,3,291,1434,1360,c50184e6991def29,1446.400,3018.300,376.700,0.500,0,1,843
4656,4656,81.509119265852,81.509122965852,3268,4656,81.509072932518,3,299,1483,1408,ed900deba9b48e13,1487.200,3045.700,330.600,0.400,0,1,844
4657,4657,81.526622465851,81.526626165851,3269,4657,81.526576132518,3,304,1558,1442,f686c6e04181261e,1402.900,2956.100,345.100,0.300,0,1,844
4658,4658,81.544124232518,81.544127932518,3270,4658,81.544077899185,3,311,1596,1473,78fdc441e492f6df,1434.600,2935.400,354.500,0.600,0,1,838
4659,4659,81.561626699184,81.561630399184,3271,4659,81.561580365851,3,319,1649,1508,a16f84fff56e710d,1501.300,3105.900,365.500,0.700,0,1,839
4660,4660,81.579129199184,81.579132899184,3272,4660,81.579082865851,3,324,1685,1538,46e95b8047d4b420,1439.900,3052.400,378.800,0.400,0,1,837
4661,4661,81.596631665851,81.596635365851,3273,4661,81.596585332517,3,323,1657,1558,08af568f71395e36,1431.500,2897.400,371.200,0.500,0,1,838
4662,4662,81.614134099184,81.614137799184,3274,4662,81.614087765851,3,329,1690,1581,7c9368614cf233c7,1412.000,2986.200,378.200,0.600,0,1,833
4663,4663,81.631637099184,81.631640799184,3275,4663,81.631590765850,3,329,1681,1597,a7a8f366e5b182ca,1410.700,2899.100,371.900,0.700,0,1,833
4664,4664,81.649139132517,81.649142832517,3276,4664,81.649092799184,3,336,1723,1604,73e3898259bfe60f,1421.800,2908.700,382.800,0.500,0,1,830
4665,4665,81.666641532517,81.666645232517,3277,4665,81.666595199183,3,338,1734,1613,89ddf0922cc123bb,1414.000,3170.400,711.000,0.900,0,1,828
4666,4666,81.684142832516,81.684146532516,3278,4666,81.684097665850,3,338,1737,1617,d9ea0f2b03f28445,1424.200,3001.700,384.300,0.400,0,1,828
4667,4667,81.701645265850,81.701648965850,3279,4667,81.701600099183,3,340,1751,1623,c4dfb01b96396f2f,1461.000,2938.600,387.700,0.500,0,1,829
4668,4668,81.719147732516,81.719151432516,3280,4668,81.719102565849,3,340,1750,1628,3b8ec4eb068fb8eb,1411.600,2892.800,387.800,0.400,0,1,830
4669,4669,81.736650299183,81.736653999183,3281,4669,81.736605132516,3,341,1751,1629,c7859ddbbb6f1f19,1436.200,3040.200,426.400,0.500,0,1,830
4670,4670,81.754152799182,81.754156499182,3282,4670,81.754107632516,3,341,1767,1631,bde1e46b7c45bf7e,1457.900,2933.200,396.500,0.700,0,1,830
4671,4671,81.771655465849,81.771659165849,3283,4671,81.771610299182,3,342,1771,1632,72544629c305f004,1532.000,2951.900,397.100,0.600,0,1,829
4672,4672,81.789161599182,81.789165699182,3284,4672,81.789112565849,3,342,1771,1634,6189b46c069c45ff,1458.900,2962.300,391.800,0.600,0,1,829
4673,4673,81.806663965849,81.806668065849,3285,4673,81.806614932515,3,343,1781,1636,4483f6e4dc1f8896,1506.400,2928.900,394.000,0.600,0,1,828
4674,4674,81.824166465848,81.824170565848,3286,4674,81.824117432515,3,343,1780,1636,ef958b99bb5e1b5d,1411.600,2904.500,394.300,1.100,0,1,828
4675,4675,81.841668899182,81.841672999182,3287,4675,81.841619865848,3,343,1780,1636,faaeb69fb7a5bf7d,1454.100,3013.000,395.000,0.500,0,1,828
4676,4676,81.859171499181,81.859175599181,3288,4676,81.859122465848,3,343,1780,1636,88208d6a4feb618d,1397.800,2984.300,393.800,0.400,0,1,828
4677,4677,81.876673965848,81.876678065848,3289,4677,81.876624932515,3,343,1780,1636,79ea966d94e507ed,1447.500,2932.300,399.200,0.400,0,1,828
4678,4678,81.894176465848,81.894180565848,3290,4678,81.894127432514,3,343,1780,1636,9ea717185bae4f05,1496.100,2948.100,393.800,0.300,0,1,828
4679,4679,81.911679332514,81.911683432514,3291,4679,81.911630299181,3,344,1781,1636,38487ebbefc0feef,1405.200,3467.900,415.600,0.400,0,1,827
4680,4680,81.929181399181,81.929185499181,3292,4680,81.929132365847,3,344,1781,1636,808f8f5ba6251136,1522.100,3007.900,456.000,0.500,0,1,827
4681,4681,81.946682632514,81.946686732514,3293,4681,81.946634765847,3,344,1778,1636,caae77c7fc6db27b,1404.500,2939.900,404.600,0.500,0,1,827
4682,4682,81.964167665847,81.964180332514,3294,4682,81.964137299180,3,344,1778,1635,e77da7dcc3c8d5ae,1432.800,2998.100,393.900,0.400,0,1,827
4683,4683,81.981687499180,81.981691599180,3295,4683,81.981639632514,3,343,1777,1634,a81dd2a49a7182a0,1436.900,2961.500,393.900,0.700,0,1,827
4684,4684,81.999189999180,81.999194099180,3296,4684,81.999142132513,3,343,1777,1634,b03e9a2568cd9c84,1433.100,2936.500,393.600,0.300,0,1,827
4685,4685,82.016692599180,82.016696699180,3297,4685,82.016644732513,3,342,1767,1634,1d7f6ee00b003020,1464.100,3034.500,397.600,0.700,0,1,828
4686,4686,82.034195032513,82.034199132513,3298,4686,82.034147165846,3,342,1768,1634,07c072dd45a3fa62,1471.000,3447.900,392.500,0.600,0,1,827
4687,4687,82.051697765846,82.051701865846,3299,4687,82.051649899179,3,341,1767,1634,721fc2678562e09d,1440.000,2985.500,398.600,0.500,0,1,827
4688,4688,82.069199865846,82.069203965846,3300,4688,82.069151999179,3,342,1768,1634,d474705d4d05362b,2532.000,4511.100,401.200,0.900,0,1,826
4689,4689,82.086713699179,82.086717799179,3301,4689,82.086665832512,3,341,1768,1632,d8fb77e05db62c23,1868.900,3150.000,443.800,0.900,0,1,825
4690,4690,82.104187432512,82.104200099179,3302,4690,82.104157065846,3,341,1768,1632,39a9c40b16003bd6,1487.100,3012.500,399.500,0.800,0,1,825
4691,4691,82.121689865845,82.121702532512,3303,4691,82.121659499179,3,341,1768,1630,d5b358b1da411ba1,1451.700,2999.300,398.700,1.000,0,1,825
4692,4692,82.139209765845,82.139213865845,3304,4692,82.139161899179,3,341,1768,1630,4b2cf430fe240dd8,1593.900,3027.600,393.500,0.600,0,1,825
4693,4693,82.156712299178,82.156716399178,3305,4693,82.156664432512,3,340,1763,1630,57aad65b8afd656d,1432.400,2910.600,396.000,0.500,0,1,826
4694,4694,82.174197365845,82.174210032512,3306,4694,82.174166965845,3,340,1761,1630,542506c71fb57b97,1409.700,2936.000,394.500,0.500,0,1,826
4695,4695,82.191700165845,82.191712832511,3307,4695,82.191669799178,3,339,1747,1629,3e21ac61430b6c41,1405.800,3027.000,408.100,0.600,0,1,827
4696,4696,82.209219765845,82.209223865845,3308,4696,82.209171899178,3,339,1747,1629,caba7e7d44b42868,1407.400,2908.300,387.100,0.300,0,1,827
4697,4697,82.226722099178,82.226726199178,3309,4697,82.226674232511,3,339,1747,1627,fdf89938aa09de90,1442.000,2902.900,387.400,0.500,0,1,827
4698,4698,82.244207065844,82.244219732511,3310,4698,82.244176699178,3,339,1747,1627,c612aeab4aec84de,1492.400,3009.200,393.300,0.400,0,1,827
4699,4699,82.261727065844,82.261731165844,3311,4699,82.261679199177,3,339,1747,1624,0cf1d4b5089a99df,1417.800,2978.200,451.300,0.500,0,1,827
4700,4700,82.279229665844,82.279233765844,3312,4700,82.279181799177,3,339,1747,1624,3cda68584a6547ae,1409.000,3049.400,386.800,0.300,0,1,827
4701,4701,82.296732099177,82.296736199177,3313,4701,82.296684232510,3,339,1747,1624,4314a17b7897f9ea,1399.400,2931.500,409.700,0.300,0,1,827
4702,4702,82.314234565844,82.314238665844,3314,4702,82.314186699177,3,339,1746,1623,34c274a75a2123bc,1413.500,3078.100,445.600,0.400,0,1,827
4703,4703,82.331737232510,82.331741332510,3315,4703,82.331689365843,3,339,1741,1621,12287f5df80c1ff8,1400.100,3005.700,386.100,0.500,0,1,827
4704,4704,82.349239465843,82.349243565843,3316,4704,82.349191599177,3,335,1711,1620,f97da59a6e9c6a11,1498.000,3461.200,379.400,0.500,0,1,828
4705,4705,82.366724332510,82.366736999176,3317,4705,82.366693965843,3,334,1702,1617,08c78e0819a0906f,1396.500,2867.900,376.500,0.500,0,1,828
4706,4706,82.384244465843,82.384248565843,3318,4706,82.384196599176,3,334,1702,1614,9f04dcf77663d921,1479.500,2881.100,376.600,0.500,0,1,828
4707,4707,82.401746932509,82.401751032509,3319,4707,82.401699065843,3,335,1712,1611,ac75e1fe387ba779,1402.400,2922.400,379.200,0.400,0,1,827
4708,4708,82.419249399176,82.419253499176,3320,4708,82.419201532509,3,335,1712,1608,74c047a7f4a81eb0,1409.300,2933.000,384.500,0.400,0,1,827
4709,4709,82.436751832509,82.436755932509,3321,4709,82.436703965842,3,333,1702,1603,121cf641b113c8e6,1397.100,3011.200,401.200,0.400,0,1,829
4710,4710,82.454254332509,82.454258432509,3322,4710,82.454206465842,3,329,1680,1598,4d1fc3285f48b94e,1430.200,2993.700,421.300,0.700,0,1,832
4711,4711,82.471759432509,82.471763532509,3323,4711,82.471709232509,3,329,1680,1588,31c2d87d8dd4c1e4,1418.300,2927.400,380.900,0.500,0,1,832
4712,4712,82.489261565842,82.489265665842,3324,4712,82.489211365842,3,331,1692,1582,cc329683106fcb8f,1436.400,3011.700,374.800,0.700,0,1,830
4713,4713,82.506763999175,82.506768099175,3325,4713,82.506713799175,3,333,1724,1577,65a4ec495a8742eb,1439.400,3065.400,454.400,0.400,0,1,828
4714,4714,82.524266499175,82.524270599175,3326,4714,82.524216299175,3,331,1721,1571,096a0df4c2c8cadb,1462.300,3150.200,381.700,1.000,0,1,829
4715,4715,82.541747599175,82.541761765841,3327,4715,82.541718799175,3,328,1694,1557,b2a3334a97e74092,1456.100,2932.400,374.800,0.500,0,1,831
4716,4716,82.559251632508,82.559264299174,3328,4716,82.559221265841,3,328,1691,1551,c1be3d2295567e5a,1439.100,2930.800,379.200,0.500,0,1,831
4717,4717,82.576754032508,82.576766699174,3329,4717,82.576723665841,3,326,1693,1544,38b60314762b8c0d,1471.200,2887.100,378.300,0.500,0,1,832
4718,4718,82.594276432507,82.594280532507,3330,4718,82.594226232507,3,324,1673,1536,9b2a0963374f46cb,1425.700,2914.000,370.100,0.400,0,1,833
4719,4719,82.611759365841,82.611772032507,3331,4719,82.611728999174,3,318,1625,1531,463e74874adc5bfe,1405.400,2842.900,360.000,0.400,0,1,833
4720,4720,82.629281265840,82.629285365840,3332,4720,82.629231065840,3,316,1624,1514,2da40086d3d294e3,1430.100,2929.600,364.800,1.100,0,1,834
4721,4721,82.646783799174,82.646787899174,3333,4721,82.646733599174,3,315,1617,1504,29a86e68db0659bc,1419.700,2829.500,357.800,0.300,0,1,834
4722,4722,82.664286265840,82.664290365840,3334,4722,82.664236065840,3,313,1606,1498,927c55ab2d4496df,1406.700,2824.500,355.300,0.400,0,1,836
4723,4723,82.681768865840,82.681781532507,3335,4723,82.681738465840,3,311,1587,1482,c6212a3892723160,1424.200,2897.600,416.500,0.500,0,1,837
4724,4724,82.699291299173,82.699295399173,3336,4724,82.699241065840,3,313,1616,1477,051452c7d37d3aaf,1401.400,2982.300,368.400,0.500,0,1,835
4725,4725,82.716793665840,82.716797765840,3337,4725,82.716743432506,3,312,1602,1465,80f9728555274cbf,1451.800,2916.700,354.800,0.800,0,1,836
4726,4726,82.734294999173,82.734299099173,3338,4726,82.734245932506,3,333,1701,1605,e566c0a061246e4b,1462.400,2960.400,376.400,0.800,0,1,828
4727,4727,82.751797832506,82.751801932506,3339,4727,82.751748765839,3,354,1783,1713,4bd342000a875d44,1402.800,3339.900,395.100,0.400,0,1,818
4728,4728,82.769299999172,82.769304099172,3340,4728,82.769250932506,3,368,1888,1771,32dc01830c8a491a,1442.000,3019.100,422.700,0.500,0,1,815
4729,4729,82.786802365839,82.786806465839,3341,4729,82.786753299172,3,384,1984,1831,81d367965ad89429,1475.400,2990.100,439.100,0.300,0,1,810
4730,4730,82.804304965839,82.804309065839,3342,4730,82.804255899172,3,393,2011,1873,39f19e56e98fcea2,1491.900,2987.000,445.700,0.400,0,1,806
4731,4731,82.821807399172,82.821811499172,3343,4731,82.821758332505,3,402,2073,1909,60d5d83ff2c206be,1391.700,3344.800,461.200,0.600,0,1,805
4732,4732,82.839309832505,82.839313932505,3344,4732,82.839260765838,3,407,2118,1938,0f5f7d4fba52c12b,1415.600,3196.400,489.500,0.600,0,1,803
4733,4733,82.856812232505,82.856816332505,3345,4733,82.856763165838,3,407,2114,1960,44e93d5ebfdd4017,1453.900,3188.600,469.400,0.600,0,1,805
4734,4734,82.874314699171,82.874318799171,3346,4734,82.874265632505,3,410,2132,1973,adeb17e065f7f903,1404.200,3339.800,500.900,0.300,0,1,804
4735,4735,82.891817565838,82.891821665838,3347,4735,82.891768499171,3,411,2121,1988,3a9287d4b52ebe0c,1514.000,3256.700,471.500,0.400,0,1,804
4736,4736,82.909319665838,82.909323765838,3348,4736,82.909270599171,3,413,2127,1997,23cbd587e010bf3f,1434.300,3376.600,494.500,0.600,0,1,804
4737,4737,82.926822265837,82.926826365837,3349,4737,82.926773199171,3,416,2147,1999,a828783b16c6704b,1489.500,3342.600,475.200,0.500,0,1,803
4738,4738,82.944324599171,82.944328699171,3350,4738,82.944275532504,3,416,2147,2001,5b3a6a56bc51afa0,1450.000,3253.900,501.400,0.500,0,1,803
4739,4739,82.961827199170,82.961831299170,3351,4739,82.961778132504,3,415,2146,1999,4514a4a9debe065c,1912.200,3758.300,486.500,0.400,0,1,803
4740,4740,82.979328365837,82.979332465837,3352,4740,82.979280465837,3,413,2127,1998,920f4cb5421761cf,1461.600,3196.200,471.200,0.400,0,1,804
4741,4741,82.996813432503,82.996826099170,3353,4741,82.996783065837,3,410,2111,1997,6f9fefad9e2733a6,1470.700,3264.600,474.400,0.600,0,1,805
4742,4742,83.014333399170,83.014337499170,3354,4742,83.014285532503,3,411,2133,1991,566ef969bd56a9d3,1466.700,3222.300,473.000,0.300,0,1,803
4743,4743,83.031836232503,83.031840332503,3355,4743,83.031788365836,3,411,2133,1983,10e5ef04ceac833c,1546.600,3280.700,478.200,0.700,0,1,803
4744,4744,83.049338332503,83.049342432503,3356,4744,83.049290465836,3,409,2132,1975,4d721555fae14b03,1472.100,3369.100,516.700,0.500,0,1,803
4745,4745,83.066823232503,83.066835899169,3357,4745,83.066792865836,3,410,2130,1968,2ca4cc51fb72d8f5,1501.400,3199.300,482.500,0.500,0,1,802
4746,4746,83.084354532502,83.084358632502,3358,4746,83.084306665836,3,406,2102,1961,8867083186c6ff6d,1487.100,3292.600,475.900,0.600,0,1,805
4747,4747,83.101845765836,83.101849865836,3359,4747,83.101797899169,3,409,2128,1958,2749ec772ec2f277,1454.200,3172.500,472.300,1.000,0,1,802
4748,4748,83.119348099169,83.119352199169,3360,4748,83.119300232502,3,407,2119,1945,bcfefd81fb371d71,1439.400,3201.200,480.200,0.500,0,1,803
4749,4749,83.136850565835,83.136854665835,3361,4749,83.136802699169,3,408,2112,1940,091a036b89152531,1801.300,3996.700,520.100,0.800,0,1,802
4750,4750,83.154353165835,83.154357265835,3362,4750,83.154305299168,3,405,2076,1933,138d9fd0522a94a2,1467.000,3168.600,459.400,0.400,0,1,803
4751,4751,83.171855932502,83.171860032502,3363,4751,83.171808065835,3,404,2078,1923,9e50f5a65c57f6ca,1442.800,3214.800,460.800,0.500,0,1,803
4752,4752,83.189358032501,83.189362132501,3364,4752,83.189310165835,3,404,2072,1913,7bd4b46946fe6f53,1449.300,3098.300,458.300,0.400,0,1,800
4753,4753,83.206860565835,83.206864665835,3365,4753,83.206812699168,3,400,2057,1907,3b5f0f4bb69d6c44,1398.200,3114.500,455.000,0.500,0,1,801
4754,4754,83.224345565834,83.224358165834,3366,4754,83.224315199168,3,398,2022,1900,576930252bfc736e,1445.200,3057.700,453.500,0.600,0,1,802
4755,4755,83.241866565834,83.241870665834,3367,4755,83.241817532501,3,398,2039,1893,7dc13e1355e93782,1472.900,3304.200,452.000,0.700,0,1,801
4756,4756,83.259369165834,83.259373265834,3368,4756,83.259320132501,3,399,2055,1881,64772271adb37908,1428.200,3167.600,472.600,0.800,0,1,800
4757,4757,83.276871599167,83.276875699167,3369,4757,83.276822565834,3,396,2028,1875,a81b9756571d0483,1452.000,3166.800,449.400,0.600,0,1,802
4758,4758,83.294373999167,83.294378099167,3370,4758,83.294324965834,3,393,2013,1869,257807b36cf03038,1445.100,3110.200,452.000,1.200,0,1,805
4759,4759,83.311876899167,83.311880999167,3371,4759,83.311827865834,3,387,1997,1854,62e72a4e8714140e,1408.600,3014.600,443.100,1.100,0,1,807
4760,4760,83.329379032500,83.329383132500,3372,4760,83.329329999167,3,410,2134,1973,d34afb42a8bae60a,1427.300,3135.500,483.300,1.300,0,1,801
4761,4761,83.346881432500,83.346885532500,3373,4761,83.346832399167,3,436,2310,2130,4bf5d2289252389b,1414.200,3335.100,512.200,0.500,0,1,791
4762,4762,83.364383999166,83.364388099166,3374,4762,83.364334965833,3,465,2538,2292,5c9a780b40b9e652,1461.300,3250.700,561.700,0.900,0,1,777
4763,4763,83.381867665833,83.381880332500,3375,4763,83.381837299166,3,478,2612,2406,3ee2d26c7adab023,1423.000,3361.700,593.300,0.400,0,1,776
4764,4764,83.399388965833,83.399393065833,3376,4764,83.399339932499,3,493,2746,2524,2eb2ab8e80c3bb76,1401.400,3285.700,612.700,0.300,0,1,773
4765,4765,83.416891432499,83.416895532499,3377,4765,83.416842399166,3,497,2791,2630,3d752a5bbdd312f7,1419.500,3414.500,619.900,0.500,0,1,775
4766,4766,83.434393865832,83.434397965832,3378,4766,83.434344832499,3,503,2837,2685,fbba4972e715be22,1413.000,3345.600,628.600,0.400,0,1,776
4767,4767,83.451896665832,83.451900765832,3379,4767,83.451847632499,3,507,2859,2706,2b3648ee776145eb,1410.000,3375.200,633.700,0.700,0,1,774
4768,4768,83.469398765832,83.469402865832,3380,4768,83.469349732499,3,511,2891,2737,0b2acf7a44734f12,1456.200,3886.700,641.700,0.600,0,1,773
4769,4769,83.486882599165,83.486895265832,3381,4769,83.486852199165,3,511,2897,2751,71a107051d127e1d,1413.100,3336.300,641.500,0.300,0,1,774
4770,4770,83.504407199165,83.504411299165,3382,4770,83.504354632498,3,509,2881,2765,69494c6df4c121a2,1430.200,3393.600,648.100,0.600,0,1,776
4771,4771,83.521909732498,83.521913832498,3383,4771,83.521857165831,3,511,2914,2768,024a8e844a138087,1482.000,3544.000,645.600,0.300,0,1,774
4772,4772,83.539390032498,83.539402699165,3384,4772,83.539359665831,3,511,2915,2770,17ad0d8d0272f96e,1445.800,3517.700,646.600,0.400,0,1,774
4773,4773,83.556914599164,83.556918699164,3385,4773,83.556862065831,3,511,2914,2768,d852626ca843b590,1545.400,3486.100,652.000,0.600,0,1,774
4774,4774,83.574417165831,83.574421265831,3386,4774,83.574364632498,3,512,2926,2768,8445387ebfdb785e,1433.900,3416.100,650.700,0.700,0,1,773
4775,4775,83.591897765831,83.591910432497,3387,4775,83.591867399164,3,511,2897,2759,d51b5a3d259aede7,1404.600,3409.000,698.100,1.100,0,1,774
4776,4776,83.609421999164,83.609426099164,3388,4776,83.609369465831,3,511,2891,2751,ea1052336ec08198,1415.800,3411.300,645.400,0.400,0,1,773
4777,4777,83.626924499164,83.626928599164,3389,4777,83.626871965830,3,511,2890,2747,1393c436bc469c5f,1405.500,3384.600,646.900,0.600,0,1,771
4778,4778,83.644404732497,83.644417399164,3390,4778,83.644374365830,3,512,2896,2737,7793a6a7c492bf4c,1435.400,3738.200,650.400,0.800,0,1,769
4779,4779,83.661929499163,83.661933599163,3391,4779,83.661876965830,3,510,2879,2723,1c27d1701bb6c058,1433.800,3705.100,639.400,0.400,0,1,771
4780,4780,83.679431899163,83.679435999163,3392,4780,83.679379365830,3,508,2869,2709,b7c7b6c630095d6b,1422.900,3429.700,701.800,0.500,0,1,773
4781,4781,83.696934399163,83.696938499163,3393,4781,83.696881865830,3,506,2847,2698,2ebf849baa94e069,1403.700,3340.600,635.500,0.400,0,1,773
4782,4782,83.714436799163,83.714440899163,3394,4782,83.714384265830,3,502,2833,2690,018744e51b447035,1430.100,3319.700,634.400,0.400,0,1,772
4783,4783,83.731939632496,83.731943732496,3395,4783,83.731887099163,3,501,2840,2683,ddea591272883f61,1447.700,3329.800,634.800,0.500,0,1,771
4784,4784,83.749441799163,83.749445899163,3396,4784,83.749389265829,3,497,2798,2666,8e60af11419e8437,1405.800,5691.300,628.900,0.800,0,1,775
4785,4785,83.766942065829,83.766945899162,3397,4785,83.766891732496,3,497,2805,2650,a85008a1f4f3f3bc,1441.700,3432.700,623.200,0.400,0,1,773
4786,4786,83.784424565829,83.784437232495,3398,4786,83.784394199162,3,498,2813,2633,b47c7aa114876b82,1446.400,3383.400,622.800,0.700,0,1,769
4787,4787,83.801947032495,83.801950865829,3399,4787,83.801896699162,3,497,2806,2626,a6aea45b0ce6603e,1402.200,3324.100,621.800,0.500,0,1,769
4788,4788,83.819429499162,83.819442165828,3400,4788,83.819399099162,3,498,2808,2608,329ee0d2af84309d,1418.800,3339.400,622.400,0.300,0,1,768
4789,4789,83.836931965828,83.836944632495,3401,4789,83.836901599162,3,493,2774,2586,98581061e9e760bb,1402.400,3314.000,614.700,0.400,0,1,770
4790,4790,83.854454499161,83.854458332495,3402,4790,83.854404165828,3,493,2756,2544,724648531acbd73a,1423.000,3375.900,611.400,0.400,0,1,768
4791,4791,83.871957399161,83.871961232495,3403,4791,83.871907065828,3,490,2707,2492,f8754bedcae1d82f,1405.100,3311.600,599.800,0.600,0,1,770
4792,4792,83.889459432494,83.889463265828,3404,4792,83.889409099161,3,488,2690,2470,95d70dc9156ec909,1428.300,3316.800,596.000,3.900,0,1,769
4793,4793,83.906961865828,83.906965699161,3405,4793,83.906911532494,3,488,2685,2457,d0dac07fd2fa9391,1482.100,3419.300,595.300,0.300,0,1,766
4794,4794,83.924464365827,83.924468199161,3406,4794,83.924414032494,3,488,2704,2438,9b5603177b03b6d9,1406.200,3332.800,605.400,0.300,0,1,765
4795,4795,83.941966799161,83.941970632494,3407,4795,83.941916465827,3,484,2674,2416,fb9ee88e1a28592d,1467.800,3345.700,592.900,0.400,0,1,768
4796,4796,83.959469265827,83.959473099160,3408,4796,83.959418932494,3,484,2673,2406,53bb5df8b8c1d653,1414.800,3395.800,596.700,0.400,0,1,765
4798,4798,83.994474132493,83.994477965827,3409,4798,83.994423799160,3,477,2598,2370,0bd785957d4df242,1507.100,3392.900,581.400,0.400,0,1,769
4800,4800,84.029475665826,84.029479499160,3410,4800,84.029428832493,3,470,2548,2337,8f4de966e69e6202,1465.800,3309.400,564.900,0.600,0,1,771
4801,4801,84.046978099160,84.046981932493,3411,4801,84.046931265826,3,465,2528,2312,91d5ee5bcca6185c,1422.000,3232.900,564.700,0.400,0,1,773
4802,4802,84.064480665826,84.064484499159,3412,4802,84.064433832493,3,499,2823,2649,65c3932d880c3dbb,1445.700,3351.100,630.600,0.500,0,1,767
4804,4804,84.099485465826,84.099489299159,3413,4804,84.099438632492,3,539,3100,2933,b22d51381628a8e9,1471.800,3411.400,687.300,0.300,0,1,767
4805,4805,84.116988032492,84.116991865825,3414,4805,84.116941199159,3,547,3158,3030,a3915e0a51669913,1399.600,3590.300,699.700,1.000,0,1,772
4806,4806,84.134490465825,84.134494299159,3415,4806,84.134443632492,3,556,3225,3113,54fc855ce7562224,1434.300,3639.400,715.500,0.500,0,1,772
4807,4807,84.151993365825,84.151997199158,3416,4807,84.151946532492,3,569,3295,3174,347235f8cb840964,1409.900,3472.800,729.600,0.500,0,1,768
4808,4808,84.169495499158,84.169499332492,3417,4808,84.169448665825,3,579,3392,3226,95e7836aa6850c32,2154.000,3935.300,753.400,0.600,0,1,763
4809,4809,84.186997932491,84.187001765825,3418,4809,84.186951099158,3,581,3391,3264,eecafa9d0beb5600,1713.800,3589.600,752.000,0.700,0,1,765
4810,4810,84.204500332491,84.204504165825,3419,4810,84.204453499158,3,582,3429,3289,4607bf609cdde522,1548.200,3744.400,758.900,0.500,0,1,765
4811,4811,84.222002799158,84.222006632491,3420,4811,84.221955965824,3,587,3452,3311,3e2f29026f0fea60,1446.400,3775.700,765.200,0.500,0,1,762
4812,4812,84.239505265824,84.239509099158,3421,4812,84.239458432491,3,591,3457,3324,9ca9f30cd6140df0,1443.800,3738.100,775.600,0.400,0,1,761
4813,4813,84.257007765824,84.257011599157,3422,4813,84.256960932491,3,593,3465,3331,beff551b13124dfa,1405.300,3750.000,777.100,0.600,0,1,761
4814,4814,84.274493799157,84.274506465824,3423,4814,84.274463432491,3,594,3468,3340,fb04d06491e2d194,1408.600,4157.600,786.000,0.700,0,1,761
4815,4815,84.291996565824,84.292009232490,3424,4815,84.291966199157,3,593,3464,3340,e3d4719a67076347,1602.600,3573.000,767.700,0.600,0,1,761
4816,4816,84.309510599157,84.309514432490,3425,4816,84.309468432490,3,592,3458,3335,5f3f1504fe3b1268,1418.500,3715.700,767.300,0.400,0,1,761
4817,4817,84.327001199157,84.327013865823,3426,4817,84.326970832490,3,591,3455,3329,b8c5334871528222,1442.700,3597.800,769.900,0.700,0,1,761
4818,4818,84.344515499157,84.344519332490,3427,4818,84.344473332490,3,589,3462,3322,3fb19a29d2ba7ea5,1420.300,3558.300,802.000,0.400,0,1,760
4819,4819,84.362017932490,84.362021765823,3428,4819,84.361975765823,3,586,3442,3313,782d91a3d683d7ad,1391.700,3508.700,767.000,0.400,0,1,761
4820,4820,84.379520365823,84.379524199156,3429,4820,84.379478199156,3,584,3439,3308,88c63932a0e8bff5,1420.400,3658.400,766.600,0.400,0,1,763
4821,4821,84.397022899156,84.397026732489,3430,4821,84.396980732489,3,585,3460,3292,5bf7545939dd49c9,1515.100,3895.900,828.000,1.400,0,1,762
4822,4822,84.414525365823,84.414529199156,3431,4822,84.414483199156,3,584,3421,3285,9f93b9ea58a0c2a7,1461.400,3613.100,1234.700,1.100,0,1,762
4823,4823,84.432028232489,84.432032065822,3432,4823,84.431986065822,3,585,3429,3273,a64d0a6c4453adc5,1437.100,3601.100,760.800,0.800,0,1,758
4824,4824,84.449530232489,84.449534065822,3433,4824,84.449488065822,3,582,3404,3263,901e572c3c0f7b1b,1447.300,3716.800,760.600,0.600,0,1,760
4825,4825,84.467032832489,84.467036665822,3434,4825,84.466990665822,3,583,3397,3245,5345e0760a2a259c,1442.800,3588.100,757.800,0.700,0,1,758
4826,4826,84.484535232488,84.484539065822,3435,4826,84.484493065822,3,578,3376,3234,841698ed85f78aad,1458.800,3532.400,792.800,0.500,0,1,762
4827,4827,84.502037765822,84.502041599155,3436,4827,84.501995599155,3,577,3362,3225,288d30e0b0ccf82a,1454.600,3614.900,744.500,0.600,0,1,762
4828,4828,84.519540199155,84.519544032488,3437,4828,84.519498032488,3,573,3314,3209,5fd5e0e18e6eef00,1446.500,3674.400,736.600,0.500,0,1,765
4829,4829,84.537042699155,84.537046532488,3438,4829,84.537000532488,3,570,3309,3195,30e683493000a884,1441.300,3576.400,744.700,0.600,0,1,763
4830,4830,84.554543932488,84.554547765821,3439,4830,84.554502932488,3,568,3310,3186,03d354bb68e83c8c,1498.900,3659.400,734.600,1.200,0,1,763
4831,4831,84.572046765821,84.572050599154,3440,4831,84.572005765821,3,567,3301,3171,4a4f328b53d3acac,1611.400,3494.600,736.800,0.900,0,1,763
4832,4832,84.589548832487,84.589552665821,3441,4832,84.589507832487,3,563,3294,3158,c72cec9f02934b87,1424.700,3525.900,729.600,0.400,0,1,765
4833,4833,84.607051432487,84.607055265821,3442,4833,84.607010432487,3,566,3311,3149,f0eea46af5960aed,1408.200,3457.100,733.500,0.400,0,1,762
4834,4834,84.624553799154,84.624557632487,3443,4834,84.624512799154,3,563,3294,3132,1a2724e07f4b7b0c,1463.500,3592.200,871.700,0.400,0,1,762
4835,4835,84.642056299154,84.642060132487,3444,4835,84.642015299154,3,563,3289,3118,135405dd7aa97d96,1523.900,3468.100,728.200,0.400,0,1,762
4836,4836,84.659558765820,84.659562599153,3445,4836,84.659517765820,3,560,3252,3108,03d70576a560fc04,1496.300,3616.800,722.800,0.700,0,1,762
4837,4837,84.677061232487,84.677065065820,3446,4837,84.677020232487,3,555,3227,3089,a4c358c205de8c5c,1444.700,3457.700,723.700,0.600,0,1,764
4838,4838,84.694563799153,84.694567632486,3447,4838,84.694522799153,3,552,3203,3077,e31577be16fe8b26,1410.900,3554.000,716.000,0.400,0,1,766
4839,4839,84.712066665820,84.712070499153,3448,4839,84.712025665820,3,551,3205,3067,436332ae2631237d,1500.900,3642.200,736.200,0.500,0,1,765
4840,4840,84.729568665819,84.729572499153,3449,4840,84.729527665819,3,549,3183,3052,0c0f0962a2fc1a90,1412.700,3437.300,706.100,0.400,0,1,765
4841,4841,84.747071165819,84.747074999153,3450,4841,84.747030165819,3,547,3163,3041,1db779548dc29935,1426.300,3458.200,702.000,0.600,0,1,765
4842,4842,84.764573599152,84.764577432486,3451,4842,84.764532599152,3,544,3139,3032,e5f34b7212528079,1430.900,3402.100,701.100,0.500,0,1,765
4843,4843,84.782076099152,84.782079932486,3452,4843,84.782035099152,3,547,3166,3018,101da475c0cb07f1,1411.800,3415.100,706.300,0.400,0,1,761
4844,4844,84.799578565819,84.799582399152,3453,4844,84.799537565819,3,545,3158,3009,24ee3fe295d84665,1412.200,3477.700,705.500,0.400,0,1,762
4845,4845,84.817078665818,84.817082699152,3454,4845,84.817039999152,3,544,3159,3003,60bba4e70f5fbe42,1425.900,3462.300,713.400,0.600,0,1,762
4846,4846,84.834581265818,84.834585299152,3455,4846,84.834542599152,3,544,3161,2997,7e201f8210d37309,1421.400,3508.200,701.200,0.400,0,1,761
4847,4847,84.852083999151,84.852088032485,3456,4847,84.852045332485,3,544,3124,2981,a211e8fbfe7fa794,1449.500,3746.000,720.700,0.500,0,1,759
4848,4848,84.869586199151,84.869590232485,3457,4848,84.869547532485,3,569,3320,3195,61483fc30167eaba,1480.400,3658.000,736.300,0.600,0,1,761
4849,4849,84.887088532484,84.887092565818,3458,4849,84.887049865818,3,597,3527,3382,d919b1f52c22fb82,1411.400,3573.100,781.700,0.500,0,1,753
4850,4850,84.904590999151,84.904595032484,3459,4850,84.904552332484,3,611,3646,3511,cc7c4176bd6b7363,1432.200,3567.500,807.200,1.300,0,1,758
4851,4851,84.922093599151,84.922097632484,3460,4851,84.922054932484,3,631,3741,3612,ed656cd261f21dd7,1413.900,3667.100,832.700,0.400,0,1,744
4852,4852,84.939596099151,84.939600132484,3461,4852,84.939557432484,3,642,3811,3683,e292e7758c9ab247,1411.800,3594.900,845.400,0.400,0,1,738
4853,4853,84.957098465817,84.957102499150,3462,4853,84.957059799150,3,652,3881,3734,75828a31846fc630,1393.000,3671.200,867.600,0.900,0,1,732
4854,4854,84.974600899150,84.974604932484,3463,4854,84.974562232484,3,656,3879,3778,ffdeada20952d83a,1478.200,3711.600,860.000,0.700,0,1,732
4855,4855,84.992103899150,84.992107932483,3464,4855,84.992065232483,3,664,3953,3810,9b520b5ad85abb77,1432.300,3796.500,876.100,0.500,0,1,728
4856,4856,85.009605932483,85.009609965817,3465,4856,85.009567265817,3,666,3975,3835,85bd605a4a3225a5,1495.800,3716.200,880.900,0.500,0,1,727
4857,4857,85.027108299150,85.027112332483,3466,4857,85.027069632483,3,668,3985,3855,026febdf3e99a395,1412.400,3757.600,892.900,0.500,0,1,726
4858,4858,85.044610799150,85.044614832483,3467,4858,85.044572132483,3,669,3969,3870,dc60092633dc2b09,1420.100,3652.200,883.100,0.500,0,1,728
4859,4859,85.062113332483,85.062117365816,3468,4859,85.062074665816,3,672,3997,3880,657f23d07097bc59,1821.500,3848.200,886.600,1.000,0,1,725
4860,4860,85.079618865816,85.079631065816,3469,4860,85.079588365816,3,673,4000,3890,0c17bc583a0116a6,1428.200,3767.600,886.800,0.500,0,1,726
4861,4861,85.097110132482,85.097122332482,3470,4861,85.097079632482,3,674,3999,3893,688b4f11b7e692c3,1462.200,3675.000,891.000,0.800,0,1,727
4862,4862,85.114612565816,85.114624765816,3471,4862,85.114582065816,3,675,4011,3905,ca4d070a585c9c27,1440.900,3802.100,890.200,0.500,0,1,727
4863,4863,85.132115332482,85.132127532482,3472,4863,85.132084832482,3,677,4022,3909,794784b869fe8498,1429.000,3849.000,904.700,0.700,0,1,726
4864,4864,85.149617465815,85.149629665815,3473,4864,85.149586965815,3,677,4024,3909,504157b1711d77c7,1467.400,3898.600,907.100,0.800,0,1,726
4865,4865,85.167119999148,85.167132199148,3474,4865,85.167089499148,3,677,4024,3909,70a5403754292e6a,1463.700,3959.100,893.200,0.800,0,1,726
4866,4866,85.184622532481,85.184634732481,3475,4866,85.184592032481,3,677,4024,3910,6c22da5455ea5164,1464.800,3796.700,965.200,0.600,0,1,726
4867,4867,85.202124899148,85.202137099148,3476,4867,85.202094399148,3,677,4024,3910,766001b9c726e283,1425.000,3835.200,892.200,0.400,0,1,726
4868,4868,85.219627465814,85.219639665814,3477,4868,85.219596965814,3,678,4029,3911,0f40dda5584dd262,1455.600,3869.700,944.800,0.500,0,1,725
4869,4869,85.237129932481,85.237142132481,3478,4869,85.237099432481,3,678,4027,3911,1de7519e228d816f,1421.200,3742.300,898.500,0.400,0,1,724
4870,4870,85.254632299147,85.254644499147,3479,4870,85.254601799147,3,677,4017,3911,d933b8cf67b35086,1447.300,3756.600,889.500,0.700,0,1,725
4871,4871,85.272135265814,85.272147465814,3480,4871,85.272104765814,3,676,4011,3910,beb1a4ef0719a326,1406.100,3665.800,893.100,0.300,0,1,726
4872,4872,85.289637265814,85.289649465814,3481,4872,85.289606765814,3,675,4000,3910,19e3d62f4b5879e3,1422.900,3674.800,885.700,0.500,0,1,726
4873,4873,85.307139799147,85.307151999147,3482,4873,85.307109299147,3,675,3999,3910,195c300eeebea7df,1408.200,3733.600,891.400,0.400,0,1,726
4874,4874,85.324642165813,85.324654365813,3483,4874,85.324611665813,3,674,4002,3910,0084fee92cebf4b2,1413.900,3939.600,901.400,0.500,0,1,725
4875,4875,85.342145865813,85.342156899147,3484,4875,85.342114199147,3,674,3995,3910,f1e85ba0c49ed019,1400.200,3862.000,885.700,0.500,0,1,724
4876,4876,85.359648332480,85.359659365813,3485,4876,85.359616665813,3,674,4011,3910,cd6fb0e3e84b9285,1455.100,3852.600,892.300,0.500,0,1,723
4877,4877,85.377150799146,85.377161832480,3486,4877,85.377119132480,3,674,4011,3910,71950ffdf13a6cc1,1412.400,3787.900,890.000,0.400,0,1,723
4878,4878,85.394653232479,85.394664265813,3487,4878,85.394621565813,3,674,4010,3910,2d33633f7d77a37b,1476.900,3754.100,890.300,0.300,0,1,723
4879,4879,85.412156099146,85.412167132479,3488,4879,85.412124432479,3,674,4007,3910,3ea3d062e71b4dea,1427.800,3810.600,893.100,0.400,0,1,723
4880,4880,85.429658232479,85.429669265812,3489,4880,85.429626565812,3,674,4007,3910,a3df49fc7ad3f40c,1656.100,3679.700,892.900,0.500,0,1,723
4881,4881,85.447160699146,85.447171732479,3490,4881,85.447129032479,3,674,4007,3909,0644a5b93e91b07e,1426.700,3820.700,889.800,0.500,0,1,723
4882,4882,85.464663099145,85.464674132479,3491,4882,85.464631432479,3,673,4007,3909,e6c4abf302fe0910,1423.700,3656.600,898.900,0.600,0,1,723
4883,4883,85.482165665812,85.482176699145,3492,4883,85.482133999145,3,674,4038,3905,87597cb70015505f,1414.200,3659.700,895.400,0.500,0,1,722
4884,4884,85.499668132478,85.499679165812,3493,4884,85.499636465812,3,674,4037,3897,03890efcecf6c862,1410.200,3664.900,894.800,0.400,0,1,722
4885,4885,85.517170632478,85.517181665811,3494,4885,85.517138965811,3,671,4022,3897,88b73a63949c7cd9,1388.300,3711.600,916.800,0.900,0,1,722
4886,4886,85.534673065811,85.534684099145,3495,4886,85.534641399145,3,672,4032,3895,1d8fb189b0e5cb36,1451.900,3915.000,893.800,0.800,0,1,721
4887,4887,85.552175899144,85.552186932478,3496,4887,85.552144232478,3,672,4033,3896,c8961137c03af631,1451.700,3889.500,904.800,0.800,0,1,721
4888,4888,85.569678765811,85.569689799144,3497,4888,85.569647099144,3,672,4032,3896,fe9742cf6a37d4e5,1521.900,3705.200,906.400,0.800,0,1,721
4889,4889,85.587188065811,85.587191765811,3498,4889,85.587148732477,3,672,4031,3896,2725f03268090ea3,1543.400,3900.300,894.700,0.700,0,1,721
4890,4890,85.604690665811,85.604694365811,3499,4890,85.604651332477,3,672,4031,3896,cbbad27f9ce57514,1452.900,3736.600,894.700,0.700,0,1,721
4891,4891,85.622193132477,85.622196832477,3500,4891,85.622153799144,3,672,4030,3894,2df1db693b70d9f2,1464.800,3826.100,900.100,1.200,0,1,721
4892,4892,85.639695532477,85.639699232477,3501,4892,85.639656199144,3,673,4042,3893,6dfa7a7e48a335dd,1496.000,3709.600,901.900,1.000,0,1,720
4893,4893,85.657198065810,85.657201765810,3502,4893,85.657158732477,3,673,4042,3891,7017ac9d96840ac5,1425.600,3694.400,901.900,0.400,0,1,720
4894,4894,85.674700532477,85.674704232477,3503,4894,85.674661199143,3,673,4039,3887,3c5948a9cb57cfbd,1494.600,3670.100,902.200,0.800,0,1,720
4895,4895,85.692203199143,85.692206899143,3504,4895,85.692163865810,3,671,4022,3888,3092e31571a880ed,1437.800,3988.900,902.600,0.800,0,1,721
4896,4896,85.709705432476,85.709709132476,3505,4896,85.709666099143,3,671,4018,3887,f3945d2449a715f3,1467.900,3833.700,890.400,0.800,0,1,721
4897,4897,85.727207832476,85.727211532476,3506,4897,85.727168499143,3,672,4026,3887,1ca1106139cb5cfb,1452.300,3731.400,898.300,0.800,0,1,720
4898,4898,85.744710432476,85.744714132476,3507,4898,85.744671099143,3,672,4025,3887,6b6935609acfd2e9,1420.100,3762.000,896.500,0.700,0,1,720
4899,4899,85.762212865809,85.762216565809,3508,4899,85.762173532476,3,672,4024,3886,62e9be5971806ce7,1406.400,3680.700,892.300,0.500,0,1,720
4900,4900,85.779715265809,85.779718965809,3509,4900,85.779675932476,3,672,4023,3882,3acbfd5d59802977,1407.200,3697.700,900.400,0.500,0,1,720
4901,4901,85.797217699142,85.797221399142,3510,4901,85.797178365809,3,671,4022,3882,491e2145b5ea32e0,1407.200,3702.900,895.700,0.500,0,1,721
4902,4902,85.814720232475,85.814723932475,3511,4902,85.814680899142,3,671,4022,3881,719140d6819f5843,1449.100,3808.100,896.900,0.700,0,1,721
4903,4903,85.832223099142,85.832226799142,3512,4903,85.832183765808,3,671,4021,3880,de366b6f9c50570d,1515.600,3739.100,898.300,0.700,0,1,721
4904,4904,85.849719365808,85.849728432475,3513,4904,85.849685865808,3,669,4005,3878,00809221fa4e3089,1402.700,3710.500,893.500,0.400,0,1,722
4905,4905,85.867221832475,85.867230899141,3514,4905,85.867188332475,3,669,4003,3877,3740110146c61f75,1396.700,3723.200,893.400,0.400,0,1,722
4906,4906,85.884724365808,85.884733432474,3515,4906,85.884690865808,3,665,3962,3877,9f86f01ba1734723,1403.000,3661.000,882.800,0.300,0,1,723
4907,4907,85.902226765808,85.902235832474,3516,4907,85.902193265808,3,665,3962,3875,ffca3a64ea099049,1401.100,3676.300,884.000,0.400,0,1,723
4908,4908,85.919729232474,85.919738299141,3517,4908,85.919695732474,3,665,3962,3874,e24becafbc9fc963,1409.200,3651.700,877.200,0.500,0,1,723
4909,4909,85.937231765807,85.937240832474,3518,4909,85.937198265807,3,666,3971,3874,6c708c23384bed42,1416.800,3649.400,879.300,0.400,0,1,722
4910,4910,85.954734232474,85.954743299140,3519,4910,85.954700732474,3,666,3970,3872,399c281244b38100,1399.200,3747.900,887.300,0.400,0,1,722
4911,4911,85.972236965807,85.972246032474,3520,4911,85.972203465807,3,666,3970,3873,f9906d41865d3c23,1405.400,3663.000,893.000,0.800,0,1,722
4912,4912,85.989739065807,85.989748132473,3521,4912,85.989705565807,3,666,3970,3871,89681573626d8523,1528.900,3826.500,885.200,0.500,0,1,722
4913,4913,86.007241599140,86.007250665807,3522,4913,86.007208099140,3,667,3970,3871,6610012ddcc2091f,1436.200,3863.400,879.700,1.000,0,1,721
4914,4914,86.024744065806,86.024753132473,3523,4914,86.024710565806,3,667,3970,3868,51c3aee1fec432a2,1490.800,3758.700,887.500,0.500,0,1,721
4915,4915,86.042246599140,86.042255665806,3524,4915,86.042213099140,3,667,3960,3864,316e14343e329079,1389.900,3659.800,883.900,0.400,0,1,721
4916,4916,86.059748999139,86.059758065806,3525,4916,86.059715499139,3,667,3955,3864,4aa5a9e2e7edc9e1,1397.700,3677.900,893.100,0.700,0,1,721
4917,4917,86.077262799139,86.077271865806,3526,4917,86.077229299139,3,688,4095,3982,bea2820a61135620,1420.000,3796.500,918.200,0.900,0,1,714
4918,4918,86.094753932472,86.094762999139,3527,4918,86.094720432472,3,701,4187,4069,20ee13ffc5bd4325,1479.600,3762.900,927.600,0.300,0,1,712
4919,4919,86.112271965806,86.112275665806,3528,4919,86.112223299139,3,711,4266,4132,3111251373c609d8,1410.500,3882.100,955.900,0.400,0,1,713
4920,4920,86.129774132472,86.129777832472,3529,4920,86.129725465805,3,718,4301,4178,618a64f3492e100e,1484.300,3808.800,965.700,0.500,0,1,715
4921,4921,86.147276532472,86.147280232472,3530,4921,86.147227865805,3,724,4357,4214,68f6a750eec1a49f,1409.700,3787.000,971.100,0.400,0,1,716
4922,4922,86.164778999138,86.164782699138,3531,4922,86.164730332472,3,728,4384,4244,4960b74ab2eca84b,1413.400,3955.700,983.100,0.600,0,1,717
4923,4923,86.182281465805,86.182285165805,3532,4923,86.182232799138,3,733,4422,4268,f7349b32671463fa,1463.900,4015.200,989.800,0.800,0,1,718
4924,4924,86.199783999138,86.199787699138,3533,4924,86.199735332471,3,734,4417,4281,bb0760cd8977ad2f,1534.700,4025.300,984.800,0.800,0,1,721
4925,4925,86.217286465804,86.217290165804,3534,4925,86.217237799138,3,734,4401,4294,d1236f4c9acb3ab7,1572.700,4602.300,985.800,0.800,0,1,724
4926,4926,86.234788965804,86.234792665804,3535,4926,86.234740299138,3,735,4398,4306,48c36a7bb6f10dba,1421.300,4124.900,975.500,0.600,0,1,726
4927,4927,86.252291599137,86.252295299137,3536,4927,86.252242932471,3,735,4398,4314,a4d86c889cbca0e0,1423.300,3865.500,974.400,0.500,0,1,727
4928,4928,86.269793799137,86.269797499137,3537,4928,86.269745132471,3,734,4388,4320,96d3f985132f5c64,1414.400,3875.800,977.400,0.600,0,1,728
4929,4929,86.287296232470,86.287299932470,3538,4929,86.287247565804,3,737,4407,4324,c064d5a5ce4dda4a,1442.100,3898.300,976.500,0.600,0,1,727
4930,4930,86.304798699137,86.304802399137,3539,4930,86.304750032470,3,739,4435,4332,08df0c719e7d9315,1418.800,3936.100,1007.100,0.900,0,1,727
4931,4931,86.322301299137,86.322304999137,3540,4931,86.322252632470,3,739,4437,4335,91ae5fc826c726c6,1437.100,3902.800,1045.700,0.500,0,1,727
4932,4932,86.339803732470,86.339807432470,3541,4932,86.339755065803,3,740,4440,4337,b46a04b7f1af24d5,1391.000,3976.000,991.300,0.600,0,1,726
4933,4933,86.357306165803,86.357309865803,3542,4933,86.357257499136,3,740,4440,4337,0531918a87892448,1422.400,4104.200,1067.800,1.000,0,1,726
4934,4934,86.374808632470,86.374812332470,3543,4934,86.374759965803,3,740,4440,4337,ebbd0d43c66a2dd5,1403.100,4097.600,1044.000,0.400,0,1,726
4935,4935,86.392311565803,86.392315265803,3544,4935,86.392262899136,3,740,4437,4339,d9bc6be3f6bbf447,1423.400,4066.600,1047.300,0.700,0,1,726
4936,4936,86.409813665803,86.409817365803,3545,4936,86.409764999136,3,740,4437,4339,ce2336ec32cfc60a,1456.200,3951.700,1001.600,0.400,0,1,726
4937,4937,86.427316032469,86.427319732469,3546,4937,86.427267365802,3,740,4435,4339,924f1c94a1044292,1426.500,3955.900,988.300,0.500,0,1,726
4938,4938,86.444818599136,86.444822299136,3547,4938,86.444769932469,3,740,4436,4340,d2a0f06654d292fa,1393.700,3845.800,988.100,0.400,0,1,726
4939,4939,86.462321065802,86.462324765802,3548,4939,86.462272399135,3,739,4428,4340,4658f8b18f64234a,1450.800,4016.200,987.300,0.600,0,1,725
4940,4940,86.479823499135,86.479827199135,3549,4940,86.479774832469,3,739,4426,4339,d3af1b80b8ea2359,1393.700,3842.900,1028.800,0.400,0,1,725
4941,4941,86.497325932468,86.497329632468,3550,4941,86.497277265802,3,738,4413,4338,b0e42c089d87639b,1468.500,3942.100,979.500,0.600,0,1,724
4942,4942,86.514828399135,86.514832099135,3551,4942,86.514779732468,3,738,4413,4337,559b69d8728b29c5,1409.900,3905.600,984.600,0.500,0,1,724
4943,4943,86.532331165801,86.532334865801,3552,4943,86.532282499135,3,739,4424,4336,2aa6a55a4025d8b3,1432.900,3954.800,980.400,1.100,0,1,723
4944,4944,86.549833365801,86.549837065801,3553,4944,86.549784699135,3,739,4422,4335,0c02680228401eb7,1420.800,4016.600,980.200,0.400,0,1,723
4945,4945,86.567335799134,86.567339499134,3554,4945,86.567287132468,3,739,4423,4336,d5dfe634d7297f9e,1449.600,3905.100,979.100,0.500,0,1,723
4946,4946,86.584838332467,86.584842032467,3555,4946,86.584789665801,3,739,4424,4337,819d12f55dd4620a,1413.600,4204.200,991.200,0.600,0,1,723
4947,4947,86.602340832467,86.602344532467,3556,4947,86.602292165801,3,737,4416,4335,c06b1657b99276cb,1410.700,4052.900,983.000,0.900,0,1,724
4948,4948,86.619843299134,86.619846999134,3557,4948,86.619794632467,3,737,4416,4336,b1a5f4e1a696dc89,1466.600,3896.200,983.400,0.400,0,1,723
4949,4949,86.637340465800,86.637344299134,3558,4949,86.637297132467,3,739,4426,4336,f603a5bcb886b7ef,1532.100,3898.200,1051.800,0.400,0,1,720
4950,4950,86.654842899133,86.654846732467,3559,4950,86.654799565800,3,738,4426,4336,8bf20f2cec324c15,1488.800,3830.800,980.800,0.400,0,1,720
4951,4951,86.672345699133,86.672349532467,3560,4951,86.672302365800,3,739,4442,4336,e7b3d873d7ac5c6f,1409.100,4041.200,1003.900,0.500,0,1,719
4952,4952,86.689847865800,86.689851699133,3561,4952,86.689804532466,3,740,4453,4333,b51a1a2650002b9d,1419.400,4056.900,986.600,0.300,0,1,718
4953,4953,86.707350365800,86.707354199133,3562,4953,86.707307032466,3,739,4445,4328,97480272270af4bf,1410.900,4094.900,989.000,1.100,0,1,718
4954,4954,86.724852699133,86.724856532466,3563,4954,86.724809365799,3,739,4444,4326,ed8d92caff90d2c0,1523.900,4121.000,987.100,1.000,0,1,717
4955,4955,86.742355232466,86.742359065799,3564,4955,86.742311899133,3,738,4432,4326,69937fb531eadb9e,1556.900,3981.000,984.300,0.800,0,1,717
4956,4956,86.759857665799,86.759861499132,3565,4956,86.759814332466,3,739,4442,4325,6a6a956627888ed1,1488.900,3957.700,991.600,0.800,0,1,716
4957,4957,86.777360199132,86.777364032466,3566,4957,86.777316865799,3,740,4462,4324,4b81f17e5d4a6da9,1488.400,3937.500,997.200,0.900,0,1,715
4958,4958,86.794862699132,86.794866532465,3567,4958,86.794819365799,3,742,4467,4324,10354f9baddabb52,1435.100,3932.300,995.200,0.800,0,1,713
4959,4959,86.812365365799,86.812369199132,3568,4959,86.812322032465,3,741,4456,4324,18bea3e0fbff3d46,1486.000,3946.900,987.500,1.100,0,1,713
4960,4960,86.829867565798,86.829871399132,3569,4960,86.829824232465,3,741,4463,4323,5ebeea717a30150a,1423.600,3887.600,989.100,0.600,0,1,712
4961,4961,86.847370065798,86.847373899132,3570,4961,86.847326732465,3,740,4459,4323,17c672032af72523,1489.400,3924.800,987.200,0.400,0,1,713
4962,4962,86.864872532465,86.864876365798,3571,4962,86.864829199131,3,739,4459,4323,1351808e372b5c49,1435.600,3931.900,989.300,0.600,0,1,713
4963,4963,86.882374932465,86.882378765798,3572,4963,86.882331599131,3,741,4470,4322,b7789d23982674ef,1407.600,3881.100,995.400,0.300,0,1,711
4964,4964,86.899875099131,86.899878932464,3573,4964,86.899834099131,3,742,4479,4321,4f746b4f933331fb,1450.400,3997.200,993.500,0.600,0,1,710
4965,4965,86.917377532464,86.917381365797,3574,4965,86.917336532464,3,743,4475,4321,d7e4ed54b2c9c4d4,1448.800,3934.100,991.700,0.700,0,1,709
4966,4966,86.934880032464,86.934883865797,3575,4966,86.934839032464,3,741,4468,4320,61b3f43f89f93673,1424.100,4080.100,1026.200,0.600,0,1,709
4967,4967,86.952382932464,86.952386765797,3576,4967,86.952341932464,3,740,4465,4320,c7a164f7aeb01cf7,1495.100,4071.100,991.000,0.400,0,1,709
4968,4968,86.969885032464,86.969888865797,3577,4968,86.969844032464,3,740,4464,4319,da05b45c6b7704f8,1451.600,3997.200,988.600,0.400,0,1,709
4969,4969,86.987387499130,86.987391332463,3578,4969,86.987346499130,3,738,4457,4320,148cf00fcb7a4b03,1403.200,3835.400,986.700,0.400,0,1,709
4970,4970,87.004889932463,87.004893765797,3579,4970,87.004848932463,3,749,4475,4388,815f48966b8ab3b9,1438.900,3899.000,991.700,0.500,0,1,717
4971,4971,87.022392399130,87.022396232463,3580,4971,87.022351399130,3,758,4548,4441,b17faec0d399e96f,1405.600,3935.500,1084.100,0.400,0,1,720
4972,4972,87.039894865796,87.039898699130,3581,4972,87.039853865796,3,765,4608,4499,8e8976b8806fe15d,1406.900,4057.000,1036.500,1.000,0,1,724
4973,4973,87.057397432463,87.057401265796,3582,4973,87.057356432463,3,770,4629,4555,cef500f191261a3a,1457.400,4141.000,1035.300,0.800,0,1,727
4974,4974,87.074911165796,87.074914999129,3583,4974,87.074870165796,3,776,4706,4596,39152fe286f9d96c,1454.000,4280.400,1049.000,0.900,0,1,725
4975,4975,87.092402632462,87.092406465796,3584,4975,87.092361632462,3,780,4734,4628,90d91a03387aa00c,1497.700,4246.200,1055.500,0.700,0,1,728
4976,4976,87.109904799129,87.109908632462,3585,4976,87.109863799129,3,780,4750,4656,bd70d9aaff1d0b5b,1467.400,4109.100,1058.100,0.600,0,1,730
4977,4977,87.127407332462,87.127411165795,3586,4977,87.127366332462,3,783,4808,4677,f8f7d13b5c5b3e64,1444.700,4211.900,1072.300,1.000,0,1,730
4978,4978,87.144907399129,87.144911432462,3587,4978,87.144868732462,3,786,4827,4691,fdfc6e0767d5b752,1390.600,3986.200,1076.100,0.500,0,1,729
4979,4979,87.162409899128,87.162413932462,3588,4979,87.162371232462,3,787,4805,4706,74d936aac674fe0a,1697.800,4253.500,1071.400,0.800,0,1,731
4980,4980,87.179912299128,87.179916332462,3589,4980,87.179873632462,3,786,4801,4722,81803ead7e3d434c,1763.100,4143.200,1072.300,1.000,0,1,732
4981,4981,87.197414765795,87.197418799128,3590,4981,87.197376099128,3,788,4811,4724,8c3a299f182d7a5e,1440.800,4125.000,1067.400,0.300,0,1,730
4982,4982,87.214917332461,87.214921365795,3591,4982,87.214878665795,3,788,4812,4726,74b325f7df29398e,1564.000,4008.700,1104.300,0.500,0,1,730
4983,4983,87.232420232461,87.232424265794,3592,4983,87.232381565794,3,786,4803,4735,50a768750a014a1b,1443.500,4091.400,1065.400,0.500,0,1,732
4984,4984,87.249922265794,87.249926299127,3593,4984,87.249883599128,3,786,4803,4735,21fcdde25ec6373f,1447.200,4001.800,1065.000,0.500,0,1,732
4985,4985,87.267424732461,87.267428765794,3594,4985,87.267386065794,3,786,4804,4742,713cee27acf1fdaf,1407.700,4103.300,1063.900,0.400,0,1,732
4986,4986,87.284927199127,87.284931232460,3595,4986,87.284888532460,3,786,4805,4743,c00bc2002509de86,1446.100,4100.400,1064.300,0.600,0,1,732
4987,4987,87.302429699127,87.302433732460,3596,4987,87.302391032460,3,786,4806,4744,6c45735f22c5f92a,1423.100,4028.700,1081.100,0.700,0,1,732
4988,4988,87.319932065793,87.319936099127,3597,4988,87.319893399127,3,788,4815,4744,d09e0f4e6e0ec108,1396.000,3965.100,1078.400,0.600,0,1,730
4989,4989,87.337434532460,87.337438565793,3598,4989,87.337395865793,3,788,4815,4744,d5401e4c35967b2b,1382.600,3947.800,1065.200,0.300,0,1,730
4990,4990,87.354937132460,87.354941165793,3599,4990,87.354898465793,3,788,4814,4744,3fa46120af678377,1388.600,3953.100,1066.400,0.400,0,1,730
4991,4991,87.372439765793,87.372443799126,3600,4991,87.372401099126,3,788,4814,4744,963d1547b8a4f530,1426.600,4028.200,1074.600,0.400,0,1,730
4992,4992,87.389937399126,87.389946099126,3601,4992,87.389903399126,3,788,4814,4744,adfff6dcc74147fa,1441.700,4109.300,1076.700,0.400,0,1,730
4993,4993,87.407439799126,87.407448499126,3602,4993,87.407405799126,3,788,4815,4745,fec29c5be06740f6,1357.600,4077.600,1109.800,0.500,0,1,730
4994,4994,87.424942232459,87.424950932459,3603,4994,87.424908232459,3,789,4824,4744,b4d79562dd0b932f,1364.900,4004.000,1084.300,0.600,0,1,729
4995,4995,87.442444765792,87.442453465792,3604,4995,87.442410765792,3,789,4824,4744,4a4ee4694c035b3d,1367.400,4060.800,1070.000,0.500,0,1,729
4996,4996,87.459947199125,87.459955899125,3605,4996,87.459913199125,3,789,4829,4744,4db72a6f92a8cd5e,1378.900,4040.500,1071.000,0.500,0,1,728
4997,4997,87.477449632459,87.477458332459,3606,4997,87.477415632459,3,789,4834,4742,d4e81cf0ff185a7d,1423.900,4096.200,1123.700,0.400,0,1,727
4998,4998,87.494952065792,87.494960765792,3607,4998,87.494918065792,3,790,4834,4739,bdaf5c8648a2c7c4,1551.900,4049.500,1097.400,0.700,0,1,726
4999,4999,87.512454999125,87.512463699125,3608,4999,87.512420999125,3,790,4855,4740,049d46f9879505a2,1381.300,4169.800,1081.000,0.500,0,1,725
5000,5000,87.529956999125,87.529965699125,3609,5000,87.529922999125,3,790,4854,4740,4749b60068a85e17,1522.800,4023.900,1076.200,0.600,0,1,725
5001,5001,87.547459532458,87.547468232458,3610,5001,87.547425532458,3,790,4856,4742,8651d29b01c73c16,1364.500,4076.500,1076.500,0.800,0,1,725
5002,5002,87.564961932458,87.564970632458,3611,5002,87.564927932458,3,790,4856,4743,4071a5a9cafe7516,1364.900,4067.900,1077.000,0.500,0,1,725
5003,5003,87.582464465791,87.582473165791,3612,5003,87.582430465791,3,790,4848,4742,b5b772e005f73d18,1603.100,4162.800,1190.100,0.600,0,1,723
5004,5004,87.599966899124,87.599975599124,3613,5004,87.599932899124,3,790,4858,4733,b8e1ac046eb72c9b,1649.400,4236.100,1122.200,0.500,0,1,722
5005,5005,87.617469365790,87.617478065790,3614,5005,87.617435365790,3,789,4857,4733,c99fd3372150bff9,1453.500,4093.800,1086.300,0.600,0,1,722
5006,5006,87.634970765790,87.634980632457,3615,5006,87.634937932457,3,789,4857,4733,bdb6b255b2dfc362,1367.500,4466.500,1094.000,1.300,0,1,722
5007,5007,87.652473465790,87.652483332457,3616,5007,87.652440632457,3,789,4853,4733,50481561dd8f7dbd,1418.200,3960.700,1116.300,0.400,0,1,722
5008,5008,87.669975599123,87.669985465790,3617,5008,87.669942765790,3,788,4843,4731,72a86172006810f1,1463.900,4279.500,1072.200,0.500,0,1,722
5009,5009,87.687478165790,87.687488032456,3618,5009,87.687445332456,3,788,4843,4731,15f2c7309893bc8a,1391.600,4063.600,1074.800,0.400,0,1,722
5010,5010,87.704980565790,87.704990432456,3619,5010,87.704947732456,3,788,4841,4731,ef7c8739d25287e1,1477.900,4441.700,1127.300,0.700,0,1,722
5011,5011,87.722483132456,87.722492999123,3620,5011,87.722450299123,3,787,4828,4731,f0d130d58f02d44a,1378.300,4059.800,1075.100,0.900,0,1,723
5012,5012,87.739985499123,87.739995365789,3621,5012,87.739952665789,3,787,4827,4731,b197c4c643fc76a9,1471.300,4033.100,1086.000,0.700,0,1,723
5013,5013,87.757487999122,87.757497865789,3622,5013,87.757455165789,3,787,4826,4731,b42cced585652395,1449.000,4096.400,1069.800,0.600,0,1,723
5014,5014,87.774990499122,87.775000365789,3623,5014,87.774957665789,3,789,4831,4731,826b175631a44820,1559.400,4104.400,1071.000,0.600,0,1,721
5015,5015,87.792493432455,87.792503299122,3624,5015,87.792460599122,3,789,4832,4732,2257a3f67619376b,1418.800,3941.400,1070.600,0.500,0,1,721
5016,5016,87.809995465789,87.810005332455,3625,5016,87.809962632455,3,787,4818,4731,913b01e7d50c2d62,1371.200,3922.200,1066.700,0.300,0,1,721
5017,5017,87.827497965788,87.827507832455,3626,5017,87.827465132455,3,787,4823,4723,d7f8cc2c02621267,1383.400,3941.100,1073.300,0.600,0,1,721
5018,5018,87.845000332455,87.845010199122,3627,5018,87.844967499122,3,785,4807,4715,e9744aec45b92dcb,1368.300,4231.700,1072.700,0.600,0,1,721
5019,5019,87.862502899121,87.862512765788,3628,5019,87.862470065788,3,784,4806,4714,2202cf4bea2fd240,1369.300,3980.500,1073.900,0.400,0,1,721
5020,5020,87.880002565788,87.880015132455,3629,5020,87.879972565788,3,599,4089,3997,d18ecde4a2178de8,1388.100,3692.200,905.400,0.700,0,1,721
5021,5021,87.897505299121,87.897517965788,3630,5021,87.897474932454,3,598,4088,3997,0cfbcdad9000204f,1476.900,3983.100,906.900,0.900,0,1,721
5022,5022,87.915026432454,87.915030565788,3631,5022,87.914977399121,3,597,4076,3997,fe48d27101e32f62,1484.900,3628.300,912.500,0.500,0,1,722
5023,5023,87.932529265787,87.932533399121,3632,5023,87.932480232454,3,595,4069,3997,a1645114f2ba68f5,1409.300,3779.300,908.600,1.000,0,1,722
5024,5024,87.950031399121,87.950035532454,3633,5024,87.949982365787,3,596,4087,3996,1f35c529b4d0c746,1429.300,3603.400,912.300,0.900,0,1,721
5025,5025,87.967515232454,87.967527899120,3634,5025,87.967484865787,3,596,4087,3996,b5201223adc7fadd,1376.500,3778.300,913.500,0.900,0,1,720
5026,5026,87.985036332453,87.985040432453,3635,5026,87.984987299120,3,597,4086,3995,217c2fc30fa6add8,1494.500,3674.300,912.900,0.900,0,1,719
5027,5027,88.002538765787,88.002542865787,3636,5027,88.002489732453,3,597,4086,3994,755c3fa31329bd7b,1487.800,3618.300,911.400,0.600,0,1,719
5028,5028,88.020041265786,88.020045365786,3637,5028,88.019992232453,3,596,4078,3990,694ede0d2b7d3574,2072.600,3607.600,904.100,0.500,0,1,719
5029,5029,88.037525032453,88.037537699120,3638,5029,88.037494665786,3,596,4078,3988,8bc7e2cedc6de39b,1451.000,3528.000,908.700,0.600,0,1,719
5030,5030,88.055046265786,88.055050365786,3639,5030,88.054997232453,3,597,4078,3984,0ac48aaceb02fd1b,1374.900,3491.500,903.400,0.400,0,1,718
5031,5031,88.072541799119,88.072554465786,3640,5031,88.072511432453,3,597,4077,3981,a58556bddfd65d94,1421.700,3787.000,903.400,0.500,0,1,718
5032,5032,88.090051199119,88.090055299119,3641,5032,88.090002165786,3,597,4077,3981,d598cad9eb326226,1384.900,3718.200,903.100,0.400,0,1,718
5033,5033,88.107553632452,88.107557732452,3642,5033,88.107504599119,3,599,4086,3981,84941b3a3fbfee27,1388.900,3615.600,915.000,0.900,0,1,716
5034,5034,88.125055032452,88.125059132452,3643,5034,88.125007165785,3,600,4099,3982,f1c3822c06e59763,1417.500,3592.900,920.400,0.700,0,1,715
5035,5035,88.142539932452,88.142552599119,3644,5035,88.142509565785,3,601,4102,3979,dd5fbf6fd449f05f,1385.200,3586.500,915.200,0.700,0,1,714
5036,5036,88.160059899118,88.160063999118,3645,5036,88.160012032452,3,601,4101,3978,5150b28faf7e884d,1496.700,3753.900,958.900,0.500,0,1,714
5037,5037,88.177544799118,88.177557465785,3646,5037,88.177514432452,3,601,4090,3978,8be7583aa4a88d7d,1416.700,3603.100,953.500,0.600,0,1,714
5038,5038,88.195047299118,88.195059965785,3647,5038,88.195016932451,3,600,4083,3975,4c51d98c7143d0de,1395.100,3525.600,904.500,0.300,0,1,714
5039,5039,88.212567599118,88.212571699118,3648,5039,88.212519732451,3,599,4083,3975,ad8faf6f3b17fd59,1432.000,3595.400,913.600,0.500,0,1,714
5040,5040,88.230069765784,88.230073865784,3649,5040,88.230021899118,3,600,4082,3975,bff534a9d3145d39,1449.600,3650.300,1003.000,0.500,0,1,713
5041,5041,88.247572199118,88.247576299118,3650,5041,88.247524332451,3,598,4075,3975,ebe4592b5aae1def,1414.300,3785.100,1135.700,1.000,0,1,713
5042,5042,88.265057265784,88.265069932451,3651,5042,88.265026899117,3,600,4085,3974,443740fa6205e77c,1415.300,3702.500,905.500,0.500,0,1,711
5043,5043,88.282559765784,88.282572365784,3652,5043,88.282529399117,3,600,4085,3972,20093d9bcc17640e,1502.500,3816.900,905.800,0.500,0,1,711
5044,5044,88.300079665784,88.300083765784,3653,5044,88.300031799117,3,601,4081,3969,03efabda5f57b515,1425.600,3548.600,910.300,0.400,0,1,710
5045,5045,88.317582165783,88.317586265783,3654,5045,88.317534299117,3,600,4079,3967,8f7f57a8e9c00c58,1409.500,3763.300,911.100,1.000,0,1,710
5046,5046,88.335067032450,88.335079699117,3655,5046,88.335036665783,3,600,4078,3967,0acbc529a85289d9,1408.400,3624.300,910.600,0.400,0,1,710
5047,5047,88.352587465783,88.352591565783,3656,5047,88.352539599116,3,598,4069,3966,445551ba26381b94,1421.800,4353.700,909.800,0.700,0,1,710
5048,5048,88.370090799116,88.370094899116,3657,5048,88.370041765783,3,597,4065,3966,b40dadf6b8af7638,1425.700,3689.000,907.900,0.600,0,1,710
5049,5049,88.387593199116,88.387597299116,3658,5049,88.387544165783,3,596,4064,3966,ae2ae79a86be8147,1454.500,3584.800,899.400,0.500,0,1,710
5050,5050,88.405095699116,88.405099799116,3659,5050,88.405046665783,3,596,4064,3967,c35794a90ae68a26,1441.900,3660.000,901.700,0.300,0,1,710
5051,5051,88.422598065782,88.422602165782,3660,5051,88.422549032449,3,597,4074,3967,f7827c4de6cf122a,1461.200,3516.300,906.500,0.400,0,1,709
5052,5052,88.440100565782,88.440104665782,3661,5052,88.440051532449,3,597,4074,3967,0654e7be2533fbf5,1410.600,3532.500,903.400,0.400,0,1,709
5053,5053,88.457603099115,88.457607199115,3662,5053,88.457554065782,3,597,4068,3966,542f09b00918b647,1457.700,3550.400,901.500,0.400,0,1,708
5054,5054,88.475086932449,88.475099599115,3663,5054,88.475056565782,3,597,4075,3960,dc886164e6d8be51,1408.700,3517.100,908.500,0.400,0,1,707
5055,5055,88.492589699115,88.492602365782,3664,5055,88.492559332448,3,597,4065,3959,e68107218d2e0b70,1490.100,3542.500,916.600,0.600,0,1,707
5056,5056,88.510110465782,88.510114565782,3665,5056,88.510061432448,3,596,4057,3956,4b29aa53d3ecdc2f,1448.500,3589.700,898.500,0.400,0,1,707
5057,5057,88.527612899115,88.527616999115,3666,5057,88.527563865781,3,596,4056,3952,d8f79d184ceabb92,1473.800,3621.500,900.700,0.700,0,1,707
5058,5058,88.545115432448,88.545119532448,3667,5058,88.545066399115,3,595,4051,3945,5eb5c1d571c26286,1420.400,3541.600,904.400,0.700,0,1,707
5059,5059,88.562617865781,88.562621965781,3668,5059,88.562568832448,3,594,4027,3945,324f9ef4563db055,1497.900,3517.800,898.400,0.600,0,1,708
5060,5060,88.580101765781,88.580114432448,3669,5060,88.580071399114,3,595,4037,3945,9d507e71ab895662,1462.500,3553.900,903.100,0.400,0,1,707
5061,5061,88.597622765781,88.597626865781,3670,5061,88.597573732447,3,595,4037,3945,d68d3d11c84a0c0e,1422.400,3574.500,904.900,0.900,0,1,707
5062,5062,88.615125399114,88.615129499114,3671,5062,88.615076365781,3,594,4026,3945,52f3c525c0ded8c7,1434.400,3664.900,895.200,0.600,0,1,708
5063,5063,88.632628165780,88.632632265780,3672,5063,88.632579132447,3,595,4026,3944,2c123a391324ebf2,1423.800,3689.600,901.000,0.500,0,1,707
5064,5064,88.650111565780,88.650124232447,3673,5064,88.650081199114,3,594,4022,3944,44b720ec696ac559,1407.100,3494.900,892.500,0.300,0,1,707
5065,5065,88.667614032447,88.667626699113,3674,5065,88.667583665780,3,593,4014,3944,51b5feaa8e574761,1439.000,3589.200,890.000,0.400,0,1,707
5067,5067,88.702637599113,88.702641699113,3675,5067,88.702588565780,3,594,4021,3944,a62bc2a3e02f5819,1455.900,3580.800,890.600,0.600,0,1,706
5069,5069,88.737642665779,88.737646765779,3676,5069,88.737593632446,3,597,4054,3940,d622587aadd0437f,1448.400,3677.500,898.400,0.700,0,1,703
5070,5070,88.755145099112,88.755149199112,3677,5070,88.755096065779,3,597,4054,3939,00d57464820a6fbf,1423.300,3588.900,899.500,0.300,0,1,702
5071,5071,88.772647832446,88.772651932446,3678,5071,88.772598799112,3,597,4054,3938,a91f3670bbf293b3,1464.200,3546.900,903.000,0.500,0,1,702
5072,5072,88.790149965779,88.790154065779,3679,5072,88.790100932445,3,597,4054,3938,aed7eaf2b3a7e04b,1402.500,3564.600,898.400,0.500,0,1,702
5073,5073,88.807652465779,88.807656565779,3680,5073,88.807603432445,3,597,4053,3934,9112e5ab23c0a35f,1411.300,3533.200,897.700,0.400,0,1,702
5074,5074,88.825154899112,88.825158999112,3681,5074,88.825105865778,3,596,4040,3934,634df47700f18643,1416.300,3735.100,902.100,0.800,0,1,702
5075,5075,88.842657399112,88.842661499112,3682,5075,88.842608365778,3,597,4046,3933,83c03e450c34ec76,1414.100,3526.100,902.700,0.600,0,1,701
5076,5076,88.860159932445,88.860164032445,3683,5076,88.860110899111,3,599,4054,3931,74d15028aa55539d,1418.800,3586.400,947.600,0.500,0,1,699
5077,5077,88.877662399111,88.877666499111,3684,5077,88.877613365778,3,596,4041,3929,785d49b705e9386a,1425.700,3499.700,895.100,0.400,0,1,699
5078,5078,88.895164899111,88.895168999111,3685,5078,88.895115865778,3,596,4041,3929,4e3b7345915071a4,1401.300,3672.300,901.000,0.600,0,1,699
5079,5079,88.912667732444,88.912671832444,3686,5079,88.912618699111,3,595,4038,3928,df3b568ff94d4617,1418.800,3634.500,1102.700,0.400,0,1,699
5080,5080,88.930151199111,88.930163865777,3687,5080,88.930120832444,3,595,4038,3927,517704837db2ddd4,1439.500,3533.300,897.700,0.500,0,1,699
5081,5081,88.947653532444,88.947666199111,3688,5081,88.947623165777,3,593,4036,3927,7bcab69520023e19,1491.800,3745.800,899.600,0.400,0,1,699
5082,5082,88.965155999110,88.965168665777,3689,5082,88.965125632444,3,591,4024,3925,c35e09a0b7162ac2,1433.200,3489.000,897.600,0.400,0,1,700
5083,5083,88.982658599110,88.982671265777,3690,5083,88.982628232444,3,591,4021,3925,f5b767337091a2db,1404.700,3594.900,898.900,0.400,0,1,699
5084,5084,89.000161032443,89.000173699110,3691,5084,89.000130665777,3,592,4043,3922,8786de506e393996,1619.800,3516.100,897.200,0.600,0,1,697
5085,5085,89.017663532443,89.017676132443,3692,5085,89.017633165776,3,593,4044,3923,d506504d3124e122,1456.700,3677.200,896.800,0.600,0,1,696
5086,5086,89.035165965776,89.035178632443,3693,5086,89.035135599110,3,593,4044,3924,cd94d548ff3ee329,1424.800,3620.200,902.000,0.600,0,1,696
5087,5087,89.052668699109,89.052681365776,3694,5087,89.052638332443,3,591,4021,3922,a244da1d98b2906a,1569.500,3655.100,891.800,0.700,0,1,698
5088,5088,89.070200832443,89.070204932443,3695,5088,89.070151799109,3,591,4021,3922,1713c2ac4a580f69,1404.400,3654.900,893.800,0.500,0,1,698
5089,5089,89.087673432442,89.087686099109,3696,5089,89.087643065776,3,591,4019,3922,d75b28fb10e932c1,1490.200,3660.600,898.900,0.500,0,1,698
5090,5090,89.105175832442,89.105188499109,3697,5090,89.105145465776,3,589,4012,3921,8016ebbb7bb29e37,1444.000,3653.200,901.300,0.700,0,1,698
5091,5091,89.122696899109,89.122700999109,3698,5091,89.122647865775,3,590,4022,3917,2eb0eb2595268dd5,1461.900,3641.000,896.900,0.900,0,1,697
5092,5092,89.140199465775,89.140203565775,3699,5092,89.140150432442,3,590,4022,3917,dba62c5b27cca9c9,1423.400,3559.600,900.700,0.700,0,1,697
5093,5093,89.157701965775,89.157706065775,3700,5093,89.157652932442,3,593,4020,3916,16dac78b7baf230b,1459.200,3581.300,892.500,1.100,0,1,694
5094,5094,89.175204365775,89.175208465775,3701,5094,89.175155332442,3,592,4020,3914,5fd9b1ed9b7c8c86,1529.400,3498.800,895.900,0.500,0,1,694
5095,5095,89.192707232441,89.192711332441,3702,5095,89.192658199108,3,593,4030,3914,52df0d854a8fb636,1421.100,3518.300,901.400,0.600,0,1,693
5096,5096,89.210209399108,89.210213499108,3703,5096,89.210160365775,3,593,4029,3912,69b8715e28342f87,1507.000,3574.700,906.200,0.600,0,1,693
5097,5097,89.227711732441,89.227715832441,3704,5097,89.227662699108,3,594,4021,3906,78a61a930515c335,1412.300,3685.400,891.800,0.700,0,1,691
5098,5098,89.245214232441,89.245218332441,3705,5098,89.245165199108,3,593,4020,3904,177abad5acdc7eab,1431.700,3541.300,890.500,0.600,0,1,691
5099,5099,89.262716799107,89.262720899107,3706,5099,89.262667765774,3,593,4020,3904,1915928a00c9c44d,1964.600,3848.600,910.100,1.000,0,1,690
5100,5100,89.280200565774,89.280213165774,3707,5100,89.280170199107,3,593,4019,3903,5b044a5b4f400e6a,1431.600,3534.000,891.100,0.400,0,1,690
5101,5101,89.297721632440,89.297725732440,3708,5101,89.297672599107,3,593,4014,3903,fc7495b7a675b463,1501.500,3522.800,890.500,0.500,0,1,690
5102,5102,89.315205465774,89.315218132440,3709,5102,89.315175099107,3,594,4023,3902,fa0ffa44f546b2fe,1416.500,3474.100,897.000,0.400,0,1,689
5103,5103,89.332726999107,89.332731099107,3710,5103,89.332677965773,3,594,4022,3900,378f4032af77d83a,1419.200,3512.500,905.700,1.100,0,1,689
5104,5104,89.350229099106,89.350233199106,3711,5104,89.350180065773,3,593,4013,3900,8edd0edf94169863,1388.600,3524.700,902.000,0.700,0,1,688
5105,5105,89.367712832440,89.367725499106,3712,5105,89.367682465773,3,592,4005,3899,37a8011105d69ce2,1421.900,3616.900,888.400,0.600,0,1,688
5106,5106,89.385233999106,89.385238099106,3713,5106,89.385184965773,3,591,4005,3899,628f85f8b8e2f2bc,1414.100,3480.300,887.300,0.300,0,1,688
5107,5107,89.402736499106,89.402740599106,3714,5107,89.402687465773,3,591,4003,3896,d90ed546576e3642,1425.800,3473.100,886.600,0.500,0,1,688
5108,5108,89.420220399106,89.420233065772,3715,5108,89.420190032439,3,591,4000,3895,37888559507b2b18,1410.300,3529.300,886.600,0.400,0,1,688
5109,5109,89.437722732439,89.437735399106,3716,5109,89.437692365772,3,593,4022,3894,a90fce8996c31751,1429.800,3519.300,900.500,0.600,0,1,686
5110,5110,89.455243932439,89.455248032439,3717,5110,89.455194899105,3,593,4021,3891,88a8e38cee4b1454,1418.700,3458.300,890.800,0.300,0,1,686
5111,5111,89.472728099105,89.472740765772,3718,5111,89.472697732439,3,591,4013,3888,2688e253e2264d0d,1522.100,3642.200,889.800,0.700,0,1,686
5112,5112,89.490230165772,89.490242832438,3719,5112,89.490199799105,3,591,4012,3888,b3faf7550ec53c73,1391.500,3565.100,889.600,0.600,0,1,686
5113,5113,89.507732765772,89.507745432438,3720,5113,89.507702399105,3,590,4001,3888,64522672d9ece602,1416.200,3495.000,891.700,0.500,0,1,687
5114,5114,89.525253832438,89.525257932438,3721,5114,89.525204799105,3,590,3989,3888,1c5b405dda88573f,1422.800,3536.900,888.300,0.500,0,1,687
5115,5115,89.542737565771,89.542750165771,3722,5115,89.542707199105,3,590,3988,3888,92c1c7d15388d005,1423.900,3565.100,940.300,0.600,0,1,687
5116,5116,89.560258699104,89.560262799104,3723,5116,89.560209665771,3,589,3974,3888,c6b3f41b356b052b,1455.500,3649.800,894.300,0.600,0,1,687
5117,5117,89.577761199104,89.577765299104,3724,5117,89.577712165771,3,590,3982,3885,ab94bae97d86fa49,1518.300,3627.300,883.500,0.800,0,1,686
5118,5118,89.595264365771,89.595268465771,3725,5118,89.595215332437,3,589,3974,3883,45ad1598e074e205,1406.500,3569.500,897.400,0.300,0,1,686
5119,5119,89.612766499104,89.612770599104,3726,5119,89.612717465771,3,589,3974,3882,e596a86aadedec73,1426.100,3567.900,879.800,0.300,0,1,686
5120,5120,89.630268599104,89.630272699104,3727,5120,89.630219565770,3,588,3973,3880,80819db590bd7d22,1395.200,3507.400,902.100,0.400,0,1,686
5121,5121,89.647770032437,89.647774132437,3728,5121,89.647722165770,3,588,3973,3878,cb963bd715e73481,1507.900,3542.600,882.500,0.600,0,1,686
5122,5122,89.665272465770,89.665276565770,3729,5122,89.665224599103,3,587,3972,3877,0e2436eccf4a300e,1466.200,3667.100,881.100,0.600,0,1,686
5123,5123,89.682757399103,89.682769999103,3730,5123,89.682727032437,3,591,3989,3877,efcdf92fe1fa0e13,1416.800,3870.700,885.100,0.700,0,1,682
5124,5124,89.700259799103,89.700272465770,3731,5124,89.700229432436,3,589,3987,3873,5a7b0b91aec3eda2,1437.100,3504.000,884.200,1.000,0,1,682
5125,5125,89.717779799103,89.717783899103,3732,5125,89.717731932436,3,589,3990,3873,f77d2e0d31b5da6c,1467.600,3514.000,891.700,0.400,0,1,681
5126,5126,89.735282232436,89.735286332436,3733,5126,89.735234365769,3,590,3995,3873,be43c93f53949c87,1457.100,3462.800,884.600,0.600,0,1,680
5127,5127,89.752785232436,89.752789332436,3734,5127,89.752737365769,3,589,3995,3870,f5df952e77288319,1507.000,3797.400,897.100,1.000,0,1,681
5128,5128,89.770287199102,89.770291299102,3735,5128,89.770239332436,3,589,3985,3864,9bf014635cc0c6cd,1424.300,3624.100,888.900,0.700,0,1,680
5129,5129,89.787789799102,89.787793899102,3736,5129,89.787741932435,3,588,3971,3863,7da76aa60d0a1caa,1439.900,3498.000,880.700,0.500,0,1,680
5130,5130,89.805292232435,89.805296332435,3737,5130,89.805244365769,3,587,3970,3863,b4ffaa3415b2952d,1446.900,3461.500,884.500,0.500,0,1,681
5131,5131,89.822794732435,89.822798832435,3738,5131,89.822746865768,3,587,3970,3862,4c95d3275bc731e2,1429.400,3430.000,885.800,0.500,0,1,681
5132,5132,89.840297065768,89.840301165768,3739,5132,89.840249199102,3,588,3972,3862,c9ed2f98372de1e3,1428.600,3510.800,887.500,0.400,0,1,679
5133,5133,89.857799665768,89.857803765768,3740,5133,89.857751799101,3,589,3982,3860,5b274644cffaf1f2,1445.200,3450.100,883.600,0.600,0,1,678
5134,5134,89.875284599101,89.875297265768,3741,5134,89.875254232435,3,589,3982,3860,4216074c7e784ad3,1398.300,3621.200,883.200,0.300,0,1,678
5135,5135,89.892804932434,89.892809065768,3742,5135,89.892757065768,3,588,3996,3859,a77832510e696ba5,1425.800,3485.700,891.800,0.500,0,1,677
5136,5136,89.910306999101,89.910311132434,3743,5136,89.910259132434,3,589,3995,3858,845b7cb2619f2626,1404.200,3439.200,885.400,0.300,0,1,676
5137,5137,89.927809532434,89.927813665767,3744,5137,89.927761665767,3,590,4011,3849,3443548af13c0262,1442.800,3457.300,912.500,0.400,0,1,675
5138,5138,89.945311899101,89.945316032434,3745,5138,89.945264032434,3,589,3988,3846,1bd8a3a57b9194c4,1426.500,3478.600,884.400,0.300,0,1,676
5139,5139,89.962814365767,89.962818499100,3746,5139,89.962766499100,3,589,3986,3846,499bd7be18e87a4d,1412.000,3504.300,883.900,0.400,0,1,676
5140,5140,89.980316899100,89.980321032434,3747,5140,89.980269032434,3,587,3971,3846,702197fa6005c6ad,1432.300,3623.300,882.600,0.700,0,1,676
5142,5142,90.015321832433,90.015325965767,3748,5142,90.015273965767,3,588,3979,3847,c4962c7a7fc4411a,1432.800,3627.200,990.100,0.700,0,1,675
5144,5144,90.050326865766,90.050330999100,3749,5144,90.050278999100,3,587,3986,3846,6dcf5f318da49bd8,1418.800,3593.700,889.600,0.400,0,1,674
5146,5146,90.085331699099,90.085335832432,3750,5146,90.085283832432,3,587,3985,3843,2f329d7717e7093d,1449.200,3508.000,913.400,0.500,0,1,674
5148,5148,90.120336665765,90.120340799099,3751,5148,90.120288799099,3,586,3975,3838,30a11a9e1ed129ec,1513.000,3734.400,885.400,0.700,0,1,674
5149,5149,90.137839099099,90.137843232432,3752,5149,90.137791232432,3,586,3972,3838,d65e8e034103992f,1494.200,3610.700,980.500,0.500,0,1,674
5150,5150,90.155341599098,90.155345732432,3753,5150,90.155293732432,3,586,3972,3836,ffd5eefac7915949,1476.300,3563.500,894.200,0.400,0,1,674
5151,5151,90.172845565765,90.172849699098,3754,5151,90.172796532432,3,587,3981,3836,5f36dbf2687ecf3f,1394.000,3528.800,978.700,0.500,0,1,673
5152,5152,90.190347732431,90.190351865765,3755,5152,90.190298699098,3,587,3978,3834,8b9d9ea80aad745d,1391.200,3520.300,881.400,0.400,0,1,673
5153,5153,90.207850232431,90.207854365765,3756,5153,90.207801199098,3,587,3977,3834,d6ee78f5ad843ae0,1424.000,3556.700,979.500,0.500,0,1,673
5154,5154,90.225352732431,90.225356865764,3757,5154,90.225303699098,3,587,3974,3834,db16451497983a83,1410.400,3562.500,1005.600,0.600,0,1,673
5155,5155,90.242855132431,90.242859265764,3758,5155,90.242806099098,3,587,3970,3834,3496fca058b6be4e,1410.300,3469.600,885.400,0.400,0,1,673
5156,5156,90.260357565764,90.260361699097,3759,5156,90.260308532431,3,586,3962,3832,f552835d038be065,1451.200,3585.300,884.400,0.600,0,1,673
5157,5157,90.277860099097,90.277864232431,3760,5157,90.277811065764,3,586,3961,3829,9716314177ff1b9d,1464.400,3647.000,879.500,0.900,0,1,673
5158,5158,90.295362499097,90.295366632430,3761,5158,90.295313465764,3,587,3956,3827,c206b67108f9bfcc,1476.100,3557.200,883.300,1.000,0,1,672
5159,5159,90.312865465764,90.312869599097,3762,5159,90.312816432430,3,586,3953,3827,84642834f7707b1d,1527.600,3807.500,883.200,1.400,0,1,672
5160,5160,90.330367532430,90.330371665763,3763,5160,90.330318499097,3,585,3943,3827,b96117feeda4ecb8,1441.300,3847.500,880.400,1.200,0,1,672
5161,5161,90.347851299097,90.347863965763,3764,5161,90.347820932430,3,585,3940,3826,485240a66495715a,1392.300,3661.200,878.400,1.000,0,1,671
5162,5162,90.365372499096,90.365376599096,3765,5162,90.365323465763,3,583,3925,3825,bd73b0bb3e8f9327,1398.800,3455.500,871.600,0.600,0,1,671
5163,5163,90.382874932430,90.382879032429,3766,5163,90.382825899096,3,582,3915,3824,268671ef0a13f2e6,1407.800,3447.500,867.800,0.500,0,1,672
5164,5164,90.400377432429,90.400381532429,3767,5164,90.400328399096,3,582,3911,3820,6b08093d4bbe4059,1409.500,3444.700,868.200,0.500,0,1,672
5165,5165,90.417879932429,90.417884032429,3768,5165,90.417830899096,3,580,3896,3816,83b657d4f3ad21f0,1436.700,3464.700,873.500,0.500,0,1,672
5166,5166,90.435382299096,90.435386399096,3769,5166,90.435333265762,3,581,3915,3816,f3d2a2ead6a6756a,1420.200,3659.800,913.200,0.700,0,1,671
5167,5167,90.452883899095,90.452887999095,3770,5167,90.452836032429,3,582,3931,3814,13270c38299e4f6d,1412.500,3437.600,877.000,0.400,0,1,670
5168,5168,90.470385699095,90.470389399095,3771,5168,90.470338199095,3,582,3930,3812,dce57c00cbfd4a13,1485.100,3476.200,879.800,0.400,0,1,670
5169,5169,90.487871032428,90.487883699095,3772,5169,90.487840665762,3,583,3957,3812,75f2ab8074753ffa,1436.300,3531.600,917.400,0.500,0,1,669
5170,5170,90.505390665762,90.505394365762,3773,5170,90.505343165762,3,584,3968,3813,130bb3e89dfc36a9,1453.600,3609.200,880.300,0.700,0,1,668
5171,5171,90.522893099095,90.522896799095,3774,5171,90.522845599095,3,584,3967,3809,68bfabbab7d88449,1378.300,3428.500,886.700,0.500,0,1,668
5172,5172,90.540395632428,90.540399332428,3775,5172,90.540348132428,3,585,3978,3808,ff25442a1f2a41f6,1443.800,3570.800,898.600,0.600,0,1,667
5173,5173,90.557898099094,90.557901799094,3776,5173,90.557850599094,3,584,3970,3808,c62b744fac7b0d53,1413.000,3602.300,884.200,0.500,0,1,667
5174,5174,90.575400599094,90.575404299094,3777,5174,90.575353099094,3,584,3971,3807,b47f034cb44f296e,1474.300,3482.100,880.100,0.500,0,1,667
5175,5175,90.592903499094,90.592907199094,3778,5175,90.592855999094,3,583,3966,3806,e6652708b9f9fcb7,1406.700,3528.300,896.000,0.400,0,1,667
5176,5176,90.610405599094,90.610409299094,3779,5176,90.610358099094,3,583,3961,3804,72f327984aec81ff,1384.200,3525.900,883.400,0.500,0,1,667
5177,5177,90.627907965760,90.627911665760,3780,5177,90.627860465760,3,583,3960,3794,35c36f4f301d1548,1410.100,3416.900,877.700,0.400,0,1,666
5178,5178,90.645410432427,90.645414132427,3781,5178,90.645362932427,3,583,3960,3794,9aa1a26b62a025d0,1394.600,3440.300,878.100,0.500,0,1,666
5179,5179,90.662912999093,90.662916699093,3782,5179,90.662865499093,3,583,3958,3793,cb27c4c1a71850c1,1487.200,3533.700,882.500,1.000,0,1,666
5180,5180,90.680415465760,90.680419165760,3783,5180,90.680367965760,3,582,3951,3793,6938c740ab989593,1412.600,3474.300,926.300,0.500,0,1,667
5181,5181,90.697917899093,90.697921599093,3784,5181,90.697870399093,3,583,3959,3792,7c890eaeab83589e,1398.000,3421.800,878.300,0.500,0,1,666
5182,5182,90.715420332426,90.715424032426,3785,5182,90.715372832426,3,583,3958,3792,f121667c65b8039a,1392.800,3436.600,877.800,0.700,0,1,666
5183,5183,90.732921932426,90.732925632426,3786,5183,90.732875599093,3,581,3941,3793,7154574bf61abffb,1435.000,3444.200,879.600,0.400,0,1,666
5184,5184,90.750424099092,90.750427799092,3787,5184,90.750377765759,3,582,3940,3789,01c1489cf543940b,1462.500,3730.000,873.300,0.600,0,1,665
5185,5185,90.767926665759,90.767930365759,3788,5185,90.767880332426,3,581,3939,3789,1282e7f9749dee2a,1410.700,3556.300,913.500,1.600,0,1,665
5186,5186,90.785429032425,90.785432732425,3789,5186,90.785382699092,3,581,3936,3789,fc376313bfb468f5,1418.900,3487.700,872.800,0.700,0,1,665
5187,5187,90.802931532425,90.802935232425,3790,5187,90.802885199092,3,581,3934,3787,82fbd08fba6ab518,1490.700,3526.500,907.800,0.600,0,1,665
5189,5189,90.837936432425,90.837940132425,3791,5189,90.837890099092,3,580,3915,3787,4b886d655b227a3f,1415.300,3463.300,867.700,0.400,0,1,666
5190,5190,90.855439032425,90.855442732425,3792,5190,90.855392699091,3,579,3905,3787,29278d18178a79a7,1482.800,3535.000,872.100,1.000,0,1,666
5191,5191,90.872941932425,90.872945632425,3793,5191,90.872895599091,3,579,3906,3784,df2b0491caae39ee,1436.200,3599.700,866.300,0.500,0,1,665
5192,5192,90.890443965758,90.890447665758,3794,5192,90.890397632424,3,580,3903,3784,8785657b5f99cb3a,1488.400,3574.400,866.300,0.400,0,1,664
5193,5193,90.907946399091,90.907950099091,3795,5193,90.907900065758,3,579,3896,3783,fdc7577dbbf20107,1423.400,3601.300,869.100,0.500,0,1,664
5194,5194,90.925432865757,90.925445532424,3796,5194,90.925402499091,3,578,3883,3783,6274515dbce4cb04,1429.100,3476.700,930.500,0.500,0,1,665
5195,5195,90.942951265757,90.942954965757,3797,5195,90.942904932424,3,577,3872,3783,7d307a69ae124495,1413.300,3455.200,863.900,0.500,0,1,665
5196,5196,90.960453799090,90.960457499090,3798,5196,90.960407465757,3,578,3887,3783,a79f064b743aac7f,1412.700,3393.700,860.500,0.300,0,1,664
5197,5197,90.977956232424,90.977959932424,3799,5197,90.977909899090,3,578,3888,3783,010172abdabf00ef,1459.700,3542.500,870.200,0.300,0,1,664
5198,5198,90.995458665757,90.995462365757,3800,5198,90.995412332423,3,578,3908,3780,fd71390af4b318f9,1483.500,3591.500,867.100,0.400,0,1,663
5199,5199,91.012961532423,91.012965232423,3801,5199,91.012915199090,3,578,3907,3780,47111a44db388472,1400.800,3552.300,867.300,0.700,0,1,663
5200,5200,91.030462465756,91.030466165756,3802,5200,91.030417299090,3,578,3907,3780,d473fdcdaefa7688,1478.600,3593.600,873.200,0.400,0,1,663
5201,5201,91.047965032423,91.047968732423,3803,5201,91.047919865756,3,578,3907,3780,2101260e54cdaa86,1408.300,3435.100,871.800,0.400,0,1,663
5202,5202,91.065478765756,91.065482465756,3804,5202,91.065433599089,3,578,3907,3777,d52ee7af4d5359bc,1387.600,3421.900,871.900,0.400,0,1,663
5203,5203,91.082969932423,91.082973632423,3805,5203,91.082924765756,3,578,3908,3773,aeb7eac623409732,1402.800,3402.000,872.000,0.500,0,1,662
5204,5204,91.100472332422,91.100476032422,3806,5204,91.100427165756,3,576,3883,3773,0d113809da8f0f07,1449.400,3585.200,866.400,0.400,0,1,663
5205,5205,91.117974832422,91.117978532422,3807,5205,91.117929665755,3,577,3900,3774,4f72f93d503d3009,1401.100,3530.500,865.400,0.500,0,1,662
5206,5206,91.135477265755,91.135480965755,3808,5206,91.135432099089,3,577,3900,3774,8d30ba366d65469b,1457.300,3583.700,872.600,0.900,0,1,662
5207,5207,91.152980232422,91.152983932422,3809,5207,91.152935065755,3,577,3898,3774,70ef70aa90d8d065,1602.300,3621.900,893.400,0.700,0,1,662
5208,5208,91.170482299088,91.170485999088,3810,5208,91.170437132422,3,577,3898,3773,86b3a1fbe7870fb8,1450.000,3470.500,870.900,0.400,0,1,662
5209,5209,91.187984799088,91.187988499088,3811,5209,91.187939632421,3,577,3894,3773,b3d2003592a641b5,1405.000,3561.100,930.600,0.400,0,1,662
5210,5210,91.205487165755,91.205490865755,3812,5210,91.205441999088,3,577,3894,3772,3c69536a96511215,1427.900,3477.800,869.200,0.500,0,1,662
5211,5211,91.222989699088,91.222993399088,3813,5211,91.222944532421,3,577,3891,3772,e389497e7f327fe0,1401.300,3458.100,863.300,0.800,0,1,662
5212,5212,91.240492199088,91.240495899088,3814,5212,91.240447032421,3,577,3890,3772,0067866a25f3cd01,1455.800,3526.700,878.300,0.800,0,1,662
5213,5213,91.257994665754,91.257998365754,3815,5213,91.257949499087,3,577,3888,3771,6b4aa6c8c766f026,1431.700,3517.800,876.500,0.400,0,1,662
5214,5214,91.275497132421,91.275500832421,3816,5214,91.275451965754,3,575,3869,3770,37083fae96e19600,1390.600,3506.400,864.000,0.700,0,1,663
5215,5215,91.292999832420,91.293003532420,3817,5215,91.292954665754,3,576,3878,3769,af52e94470bf31c1,1464.200,3460.100,905.300,0.800,0,1,662
5216,5216,91.310502032420,91.310505732420,3818,5216,91.310456865754,3,576,3879,3765,a99ebd81915b2b4c,1462.800,3520.900,866.000,0.700,0,1,662
5217,5217,91.328004565753,91.328008265753,3819,5217,91.327959399087,3,574,3848,3763,88adcabee266e926,1410.200,3576.900,920.900,0.700,0,1,663
5218,5218,91.345502365753,91.345506065753,3820,5218,91.345461865753,3,574,3848,3761,36fec4cf8a40e6be,1408.200,3435.900,857.600,0.500,0,1,663
5219,5219,91.363004732420,91.363008432420,3821,5219,91.362964232420,3,574,3844,3759,a5f9ecdb04c1de70,1656.100,3478.600,852.000,0.800,0,1,663
5220,5220,91.380507199086,91.380510899086,3822,5220,91.380466699086,3,575,3853,3759,b099c306474147ba,1479.900,3523.600,867.700,0.600,0,1,662
5221,5221,91.398009799086,91.398013499086,3823,5221,91.397969299086,3,575,3854,3760,ef281807628676f0,1510.800,3756.400,863.900,0.700,0,1,662
5222,5222,91.415512265753,91.415515965753,3824,5222,91.415471765753,3,574,3847,3759,0309933a91eb2c2a,1481.300,3440.200,863.700,0.500,0,1,662
5223,5223,91.433015132419,91.433018832419,3825,5223,91.432974632419,3,574,3847,3758,244f27162a9bb18d,1564.200,3561.900,860.300,0.500,0,1,662
5224,5224,91.450517099085,91.450520799085,3826,5224,91.450476599085,3,575,3845,3757,7a41af253ef6e245,1435.700,3446.500,857.900,0.800,0,1,661
5225,5225,91.468019599085,91.468023299085,3827,5225,91.467979099085,3,575,3842,3757,76d5f9475c9a1717,1463.600,3508.800,856.400,0.700,0,1,661
5226,5226,91.485522099085,91.485525799085,3828,5226,91.485481599085,3,575,3842,3755,210d478b8c6e409e,1482.600,3581.000,852.700,0.700,0,1,661
5227,5227,91.503024565752,91.503028265752,3829,5227,91.502984065752,3,575,3840,3754,72b7cbefa46749e4,1443.900,3490.900,858.400,0.700,0,1,661
5228,5228,91.520526932418,91.520530632418,3830,5228,91.520486432418,3,574,3827,3754,a7f244881422e2d1,1509.300,3415.700,854.700,1.200,0,1,661
5229,5229,91.538029565751,91.538033265751,3831,5229,91.537989065751,3,573,3820,3754,909dd41eb572cc59,1419.200,3396.800,846.900,1.200,0,1,661
5230,5230,91.555531999084,91.555535699084,3832,5230,91.555491499084,3,572,3818,3754,3ff1687a04a6a15d,1438.200,3413.500,845.700,0.600,0,1,662
5231,5231,91.573034765751,91.573038465751,3833,5231,91.572994265751,3,572,3828,3753,c99a3e7bb327eb15,1435.400,3486.900,871.200,0.600,0,1,662
5232,5232,91.590536932417,91.590540632417,3834,5232,91.590496432417,3,571,3826,3749,0993502a72e36d78,1438.000,3420.300,853.700,0.700,0,1,663
5233,5233,91.608039399084,91.608043099084,3835,5233,91.607998899084,3,572,3841,3749,3477d5e24ad95a49,1404.400,3386.700,855.800,0.400,0,1,662
5234,5234,91.625541932417,91.625545632417,3836,5234,91.625501432417,3,571,3838,3745,90c788d1cd579bfb,1419.600,3368.900,855.900,0.500,0,1,663
5235,5235,91.643044332417,91.643048032417,3837,5235,91.643003832417,3,571,3838,3745,52bac90cafc38e45,1395.500,3483.700,856.900,0.500,0,1,663
5236,5236,91.660546799083,91.660550499083,3838,5236,91.660506299083,3,571,3837,3745,fcd7dc3df5f9809b,1415.900,3372.500,856.800,0.500,0,1,663
5237,5237,91.678049265750,91.678052965750,3839,5237,91.678008765750,3,571,3837,3745,5b184c4e43d3014b,1398.900,3391.800,850.800,0.900,0,1,663
5238,5238,91.695549332416,91.695553732416,3840,5238,91.695511165750,3,571,3837,3743,6d53004c033bc39f,1413.300,3682.900,873.700,0.600,0,1,663
5239,5239,91.713052265750,91.713056665750,3841,5239,91.713014099083,3,571,3838,3744,4346ec1dc75b7f5c,1442.400,3454.000,850.800,0.500,0,1,663
5240,5240,91.730554265749,91.730558665749,3842,5240,91.730516099083,3,517,3491,3407,1156bbba3b8e7a06,1410.600,3324.200,774.000,0.700,0,1,669
5241,5241,91.748056832416,91.748061232416,3843,5241,91.748018665749,3,456,3097,2974,351fee21ae303b7f,1405.200,3092.700,691.700,0.600,0,1,648
5242,5242,91.765559265749,91.765563665749,3844,5242,91.765521099082,3,381,2627,2458,e19b4a88830bee29,1496.900,2937.900,583.200,0.400,0,1,660
5243,5243,91.783061732416,91.783066132415,3845,5243,91.783023565749,3,322,2191,2064,ab62855b27982adc,1402.700,2666.000,484.800,0.300,0,1,676
5244,5244,91.800564199082,91.800568599082,3846,5244,91.800526032415,3,281,1838,1576,aa33d21eb3d807f8,1441.200,2673.700,409.800,1.500,0,1,694
5245,5245,91.818066699082,91.818071099082,3847,5245,91.818028532415,3,232,1468,1290,5d007dcc6b6bf503,1465.300,2721.400,325.700,1.100,0,1,722
5246,5246,91.835569232415,91.835573632415,3848,5246,91.835531065748,3,210,1334,1171,2c9f60ac71a5c2d4,1446.200,2652.100,347.500,0.600,0,1,726
5247,5247,91.853072032415,91.853076432415,3849,5247,91.853033865748,3,186,1210,1081,c3317e3222fcb5c6,1508.700,2690.900,269.800,0.700,0,1,739
5248,5248,91.870574065748,91.870578465748,3850,5248,91.870535899081,3,175,1146,1025,3640ff8fcea7367c,1492.600,2432.000,258.200,0.600,0,1,739
5249,5249,91.888076532414,91.888080932414,3851,5249,91.888038365748,3,159,1066,963,89e6ec3a1bb34378,1413.800,2457.900,236.700,0.500,0,1,745
5250,5250,91.905579132414,91.905583532414,3852,5250,91.905540965748,3,152,1035,915,b7049666ce731968,1422.200,2432.800,238.800,0.600,0,1,747
5251,5251,91.923081599081,91.923085999081,3853,5251,91.923043432414,3,142,979,871,8f608974d4f206e8,1421.100,2406.800,216.900,0.600,0,1,748
5252,5252,91.940583999081,91.940588399081,3854,5252,91.940545832414,3,141,1000,841,e104ce09874bddd4,1408.800,2397.800,225.700,0.400,0,1,748
5253,5253,91.958086465747,91.958090865747,3855,5253,91.958048299080,3,132,950,818,9a6cd22427db8e83,1394.600,2338.300,210.700,0.500,0,1,752
5254,5254,91.975588999080,91.975593399080,3856,5254,91.975550832414,3,128,911,791,aaee15ee2d4b88c0,1401.400,2390.900,202.200,0.400,0,1,755
5255,5255,91.993091799080,91.993096199080,3857,5255,91.993053632413,3,126,907,776,7a6a70869f6b3dfe,1421.800,2336.600,201.700,0.400,0,1,756
5256,5256,92.010593965747,92.010598365747,3858,5256,92.010555799080,3,125,904,767,0df2b673d61526b9,1420.600,2323.900,200.500,0.400,0,1,757
5257,5257,92.028096399080,92.028100799080,3859,5257,92.028058232413,3,124,889,758,13167708dc253dfb,1470.500,2423.000,197.100,0.500,0,1,757
5258,5258,92.045598832413,92.045603232413,3860,5258,92.045560665746,3,121,868,748,67b9c2f4bc8f7579,1414.900,2312.600,205.100,1.500,0,1,759
5259,5259,92.063112565746,92.063116965746,3861,5259,92.063074399079,3,121,859,741,80394f1417d3ded8,1414.800,2420.800,194.500,0.500,0,1,758
5260,5260,92.080603765746,92.080608165746,3862,5260,92.080565599079,3,120,849,738,d628fde885c7aa83,1412.700,2424.500,198.200,0.400,0,1,758
5261,5261,92.098103965746,92.098110699079,3863,5261,92.098068132412,3,120,876,732,0411954e37966644,1435.200,2360.200,204.900,0.600,0,1,758
5262,5262,92.115606365746,92.115613099079,3864,5262,92.115570532412,3,120,876,731,36cf7eb42d96c039,1422.900,2351.000,193.800,0.400,0,1,758
5263,5263,92.133109165745,92.133115899079,3865,5263,92.133073332412,3,119,868,727,0b8f58607d4bfc76,1441.700,2340.300,192.000,0.500,0,1,759
5264,5264,92.150611365745,92.150618099078,3866,5264,92.150575532412,3,118,867,726,76ef4e5ef738d45a,1522.300,2358.800,192.000,0.400,0,1,760
5265,5265,92.168113832412,92.168120565745,3867,5265,92.168077999078,3,118,865,723,2c71c9e941935a95,1473.400,2492.900,195.900,0.800,0,1,760
5266,5266,92.185616332411,92.185623065745,3868,5266,92.185580499078,3,118,869,722,a09c8610f67188be,1450.300,2325.300,192.400,0.600,0,1,760
5267,5267,92.203118665745,92.203125399078,3869,5267,92.203082832411,3,117,840,719,8fcc1e56ebfa2a30,1418.700,2313.600,185.800,0.400,0,1,761
5268,5268,92.220621132411,92.220627865744,3870,5268,92.220585299078,3,116,831,718,ed17f63343e47dcc,1419.100,2304.900,183.900,0.400,0,1,761
5269,5269,92.238123665744,92.238130399078,3871,5269,92.238087832411,3,116,826,718,6f338b067a8b8cfb,1418.200,2334.500,182.700,0.900,0,1,761
5270,5270,92.255626132411,92.255632865744,3872,5270,92.255590299077,3,116,826,717,4b536c9470200a84,1457.900,2323.000,182.800,0.900,0,1,761
5271,5271,92.273128999077,92.273135732411,3873,5271,92.273093165744,3,116,826,714,95c5458d3a353270,1424.700,2363.600,182.800,0.400,0,1,761
5272,5272,92.290631032410,92.290637765744,3874,5272,92.290595199077,3,116,826,713,37c39a316ba5c2a3,1420.500,2309.200,182.800,0.500,0,1,761
5273,5273,92.308133499077,92.308140232410,3875,5273,92.308097665744,3,115,826,711,03ead63e96db566a,1449.000,2482.700,189.600,0.700,0,1,761
5274,5274,92.325635999077,92.325642732410,3876,5274,92.325600165743,3,115,826,710,2593355431addb87,1458.500,2312.900,246.100,0.600,0,1,761
5275,5275,92.343138532410,92.343145265743,3877,5275,92.343102699077,3,115,826,707,b836b12383d2ec50,1418.600,2320.700,182.800,0.400,0,1,760
5276,5276,92.360641065743,92.360647799076,3878,5276,92.360605232410,3,115,824,706,dd66cf8664738c22,1407.400,2403.400,182.700,0.500,0,1,760
5277,5277,92.378143499076,92.378150232410,3879,5277,92.378107665743,3,113,804,706,7fc94729d79177ff,1417.100,2335.700,179.100,0.900,0,1,761
5278,5278,92.395645832409,92.395652565743,3880,5278,92.395609999076,3,112,795,705,047b3ce8e43a7c25,1403.200,2295.300,175.900,0.900,0,1,762
5279,5279,92.413148632409,92.413155365743,3881,5279,92.413112799076,3,112,795,704,08e7251b75959daf,1400.900,2315.200,175.900,0.700,0,1,762
5280,5280,92.430646265742,92.430657665742,3882,5280,92.430615099076,3,113,805,701,99860a8a8fee684a,1505.200,2302.600,178.100,0.600,0,1,761
5281,5281,92.448148632409,92.448160032409,3883,5281,92.448117465742,3,113,805,701,05595edd6e2851c8,1396.000,2350.200,178.200,0.600,0,1,761
5282,5282,92.465651132409,92.465662532409,3884,5282,92.465619965742,3,113,804,700,206950d000caeb06,1494.700,2343.300,177.900,0.700,0,1,761
5283,5283,92.483153632409,92.483165032409,3885,5283,92.483122465742,3,112,795,699,b9a4bf01ece47571,1434.500,2312.700,175.900,0.300,0,1,761
5284,5284,92.500656132408,92.500667532408,3886,5284,92.500624965742,3,113,795,697,f29e76fe17099ba6,1426.300,2315.500,176.000,0.400,0,1,760
5285,5285,92.518158532408,92.518169932408,3887,5285,92.518127365741,3,112,787,695,9a49bf8030402c5f,1410.900,2387.800,174.700,0.300,0,1,761
5286,5286,92.535660965741,92.535672365741,3888,5286,92.535629799075,3,112,787,695,e4d33ebccbb59a4c,1581.000,2690.600,174.800,0.900,0,1,761
5287,5287,92.553163899074,92.553175299074,3889,5287,92.553132732408,3,113,815,694,d0e8951724b0c552,1449.900,2434.000,180.500,0.400,0,1,760
5288,5288,92.570666032408,92.570677432408,3890,5288,92.570634865741,3,113,815,693,b1cf9cc77729c712,1453.800,2357.000,180.300,0.600,0,1,760
5289,5289,92.588168532407,92.588179932407,3891,5289,92.588137365741,3,111,788,691,4aff11765597d774,1417.200,2450.000,179.200,0.500,0,1,762
5290,5290,92.605670932407,92.605682332407,3892,5290,92.605639765741,3,110,778,690,5bf569e769ebf970,1430.100,2315.000,172.100,0.400,0,1,763
5291,5291,92.623173432407,92.623184832407,3893,5291,92.623142265740,3,110,778,690,6950081116bf60d8,1446.800,2348.900,173.100,0.500,0,1,763
5292,5292,92.640675832407,92.640687232407,3894,5292,92.640644665740,3,110,778,689,8db875059b9fada2,1465.900,2338.900,172.500,0.600,0,1,763
5293,5293,92.658178332407,92.658189732407,3895,5293,92.658147165740,3,110,778,686,141a1459a77a5914,1439.900,2383.100,172.400,1.000,0,1,763
5294,5294,92.675680832407,92.675692232407,3896,5294,92.675649665740,3,109,768,685,6b57702e818a235a,1448.000,2355.700,170.000,0.800,0,1,764
5295,5295,92.693183565740,92.693194965740,3897,5295,92.693152399073,3,108,766,681,32b2600064d7f129,1546.500,2338.700,169.500,1.200,0,1,765
5296,5296,92.710685699073,92.710697099073,3898,5296,92.710654532406,3,108,766,680,5e755f483d2d15f9,1402.200,2342.100,169.500,0.400,0,1,765
5297,5297,92.728188132406,92.728199532406,3899,5297,92.728156965739,3,109,775,678,024b7df8b43e85ac,1426.900,2477.400,171.700,0.400,0,1,764
5298,5298,92.745708199073,92.745711899073,3900,5298,92.745659532406,3,109,774,677,ff505518378cc8c9,1443.100,2390.700,171.400,0.600,0,1,764
5299,5299,92.763210699072,92.763214399072,3901,5299,92.763162032406,3,108,765,676,b14fc6a96bee8121,1400.900,2324.200,169.300,0.400,0,1,764
5300,5300,92.780713199072,92.780716899072,3902,5300,92.780664532406,3,108,765,676,e8be4ce9b6ad9370,1443.100,2312.100,210.700,0.400,0,1,764
5301,5301,92.798215532405,92.798219232405,3903,5301,92.798166865739,3,108,765,675,641175f618f0e4d6,1446.700,2331.100,173.500,0.500,0,1,764
5302,5302,92.815717965739,92.815721665739,3904,5302,92.815669299072,3,108,760,674,79d5e49ae763b568,1400.100,2387.800,168.700,0.400,0,1,764
5303,5303,92.833220965738,92.833224665738,3905,5303,92.833172299072,3,108,760,673,e3e70a8297f189e9,1426.700,2883.300,168.400,0.700,0,1,764
5304,5304,92.850722932405,92.850726632405,3906,5304,92.850674265738,3,107,760,672,932d9164d93b3ffa,1427.600,2340.900,170.600,0.600,0,1,764
5305,5305,92.868225465738,92.868229165738,3907,5305,92.868176799071,3,107,787,670,90008c896ecb616f,1411.900,2343.300,174.200,0.500,0,1,764
5306,5306,92.885727999071,92.885731699071,3908,5306,92.885679332404,3,106,788,670,80a2b35ba1fb02c8,1444.400,2312.700,174.400,0.400,0,1,765
5307,5307,92.903230365738,92.903234065738,3909,5307,92.903181699071,3,106,788,668,cb72c92f3b8beedd,1483.400,2327.900,174.400,0.400,0,1,765
5308,5308,92.920732865737,92.920736565737,3910,5308,92.920684199071,3,106,786,667,1f4b2ef563870e69,1404.500,2304.000,174.000,0.500,0,1,765
5309,5309,92.938235299071,92.938238999071,3911,5309,92.938186632404,3,105,769,669,6a098bc5bc02274d,1400.700,2403.700,170.800,0.300,0,1,765
5310,5310,92.955737865737,92.955741565737,3912,5310,92.955689199070,3,105,774,671,f267d675e46f6981,1421.400,2360.900,176.400,0.400,0,1,765
5311,5311,92.973240665737,92.973244365737,3913,5311,92.973191999070,3,104,764,671,05ce8ae60efcbc01,1494.800,2299.200,169.200,0.300,0,1,766
5312,5312,92.990742765737,92.990746465737,3914,5312,92.990694099070,3,104,764,669,500e963a16180c8a,1447.300,2415.700,169.800,0.700,0,1,766
5313,5313,93.008245165737,93.008248865737,3915,5313,93.008196499070,3,105,773,668,0c67749dee4648cb,1440.000,2444.300,171.600,0.600,0,1,765
5314,5314,93.025747799070,93.025751499070,3916,5314,93.025699132403,3,105,774,668,e852fe7f71a97f30,1437.900,2352.400,171.400,0.500,0,1,765
5315,5315,93.043249032403,93.043252732403,3917,5315,93.043201532403,3,104,765,665,e3f96764de59230c,1435.200,2416.600,169.500,0.500,0,1,765
5316,5316,93.060762799069,93.060766499069,3918,5316,93.060715299069,3,105,765,665,9530944faef72fec,1404.400,2327.600,169.400,0.600,0,1,764
5317,5317,93.078253999069,93.078257699069,3919,5317,93.078206499069,3,105,765,664,63fd1f8dd7ba1277,1406.300,2385.700,176.800,0.400,0,1,764
5318,5318,93.095756499069,93.095760199069,3920,5318,93.095708999069,3,105,765,663,bef56bac9cb38128,1462.400,2370.700,169.700,0.300,0,1,764
5319,5319,93.113259432402,93.113263132402,3921,5319,93.113211932402,3,106,793,662,ba10f1102b08b7fa,1402.200,2282.300,180.800,0.300,0,1,763
5320,5320,93.130761432402,93.130765132402,3922,5320,93.130713932402,3,106,793,661,55116e889fea4882,1408.800,2333.600,175.900,0.400,0,1,763
5321,5321,93.148263799069,93.148267499069,3923,5321,93.148216299069,3,106,793,661,ee9b97e69a75968f,1427.700,2334.400,176.300,0.400,0,1,763
5322,5322,93.165766265735,93.165769965735,3924,5322,93.165718765735,3,106,793,660,a36cf81bcf191ae5,1511.800,2403.100,175.800,0.500,0,1,763
5324,5324,93.200771365735,93.200775065735,3925,5324,93.200723865735,3,105,779,657,d3bd089a5739f005,1436.400,2359.900,172.300,0.900,0,1,764
5325,5325,93.218273765734,93.218277465734,3926,5325,93.218226265734,3,105,779,655,015a2517b5d1ed7c,1441.400,2370.500,172.700,0.500,0,1,764
5326,5326,93.235776299068,93.235779999068,3927,5326,93.235728799068,3,104,778,651,e802a1b6859a3786,1430.600,2334.700,172.400,0.300,0,1,765
5327,5327,93.253278932401,93.253282632401,3928,5327,93.253231432401,3,104,777,650,a3075b1544b10d45,1429.600,2356.700,197.800,0.700,0,1,765
5328,5328,93.270781199067,93.270784899067,3929,5328,93.270733699067,3,104,776,649,6feba9761ade6521,1404.600,2331.500,263.900,0.500,0,1,765
5329,5329,93.288283665734,93.288287365734,3930,5329,93.288236165734,3,93,716,579,2db0c42e4fbe5b7f,1411.400,2337.400,158.800,0.400,0,1,764
5330,5330,93.305786165734,93.305789865734,3931,5330,93.305738665734,3,84,642,525,8700b2158bde4a9c,1452.900,2283.200,142.000,0.400,0,1,753
5331,5331,93.323288499067,93.323292199067,3932,5331,93.323240999067,3,76,573,470,85506c14dc9d54a4,1515.700,2225.300,126.800,0.300,0,1,751
5332,5332,93.340789799067,93.340793499067,3933,5332,93.340743465733,3,68,548,428,900f5f977b31d8b5,1464.400,2233.600,121.300,0.500,0,1,752
5333,5333,93.358292399066,93.358296099066,3934,5333,93.358246065733,3,60,499,393,ecbbcaf2cb57b3bd,1547.000,2579.700,110.500,1.100,0,1,749
5334,5334,93.375794765733,93.375798465733,3935,5334,93.375748432400,3,59,509,366,239e2bfb79f17dee,1432.600,2229.400,112.600,0.600,0,1,748
5335,5335,93.393297799066,93.393301499066,3936,5335,93.393251465733,3,54,448,349,26689a3d7816b41c,1479.600,2246.400,99.700,0.500,0,1,746
5336,5336,93.410799765733,93.410803465733,3937,5336,93.410753432399,3,54,457,334,7ad50000ad3a1897,1690.700,2218.900,110.700,0.700,0,1,743
5337,5337,93.428302165732,93.428305865732,3938,5337,93.428255832399,3,54,452,321,710c008064b45106,1422.900,2219.200,100.300,0.500,0,1,740
5338,5338,93.445804732399,93.445808432399,3939,5338,93.445758399066,3,50,414,311,ab0fd1e4f189df43,1411.800,2171.000,91.700,0.400,0,1,741
5339,5339,93.463307199065,93.463310899065,3940,5339,93.463260865732,3,49,430,305,378423bb49241654,1646.100,2274.300,95.600,0.400,0,1,740
5340,5340,93.480809665732,93.480813365732,3941,5340,93.480763332399,3,48,419,298,c8693db38d34a86f,1427.700,2218.300,92.700,0.500,0,1,739
5341,5341,93.498312199065,93.498315899065,3942,5341,93.498265865732,3,50,446,289,6894b4e910c9551d,1602.900,2270.700,98.700,0.400,0,1,737
5342,5342,93.515814499065,93.515818199065,3943,5342,93.515768165732,3,49,444,285,e5bf134a12d040f5,1472.100,2243.500,98.700,0.500,0,1,737
5343,5343,93.533317332398,93.533321032398,3944,5343,93.533270999065,3,48,417,282,7e20260dd57338fc,1561.500,2218.700,104.600,0.800,0,1,737
5344,5344,93.550819565731,93.550823265731,3945,5344,93.550773232398,3,46,398,279,60032f0ba24624f8,1409.300,2164.600,88.400,0.400,0,1,737
5345,5345,93.568321932398,93.568325632398,3946,5345,93.568275599064,3,45,375,274,6a3a251601da35e0,1449.800,2555.700,83.100,0.800,0,1,738
5346,5346,93.585824532397,93.585828232397,3947,5346,93.585778199064,3,46,385,274,524413baa719ce1a,1474.600,2194.300,85.200,0.600,0,1,737
5347,5347,93.603327032397,93.603330732397,3948,5347,93.603280699064,3,46,384,272,e72601b1f33c2263,1460.700,2151.200,85.000,0.700,0,1,737
5348,5348,93.620829499064,93.620833199064,3949,5348,93.620783165730,3,46,380,269,40f175b7d85f484c,1874.100,2202.300,84.100,0.600,0,1,737
5349,5349,93.638333132397,93.638336832397,3950,5349,93.638285632397,3,44,359,267,e645d28cd637b98f,1482.500,2185.200,79.800,0.900,0,1,738
5350,5350,93.655835532397,93.655839232397,3951,5350,93.655788032397,3,44,356,267,ab294a878fcee576,1522.500,2175.100,78.800,0.700,0,1,738
5351,5351,93.673338365730,93.673342065730,3952,5351,93.673290865730,3,42,347,264,875c422a90c82f25,1493.000,2160.200,76.900,0.600,0,1,739
5352,5352,93.690841232396,93.690844932396,3953,5352,93.690793732396,3,42,347,264,2f19903f6798fce0,1432.300,2174.500,76.900,0.400,0,1,739
5353,5353,93.708342999063,93.708346699063,3954,5353,93.708295499063,3,42,347,260,782a9f006c18bd10,1464.800,2210.000,77.300,0.600,0,1,739
5354,5354,93.725845432396,93.725849132396,3955,5354,93.725797932396,3,42,346,254,275f972b7c1089dc,1482.200,2159.400,87.900,0.700,0,1,739
5355,5355,93.743347965729,93.743351665729,3956,5355,93.743300465729,3,43,356,254,13a65b3921318d8f,1472.900,2187.700,78.800,0.600,0,1,738
5356,5356,93.760850399062,93.760854099062,3957,5356,93.760802899062,3,42,351,253,fbe97db2e8709313,1617.300,2325.700,77.700,0.700,0,1,738
5357,5357,93.778352865729,93.778356565729,3958,5357,93.778305365729,3,41,351,252,2d1c06e2c19371b9,1487.100,2302.800,80.600,1.200,0,1,737
5358,5358,93.795855265729,93.795858965729,3959,5358,93.795807765729,3,41,351,252,4a4707ae65fde678,2010.600,2210.400,78.100,1.000,0,1,737
5359,5359,93.813358065729,93.813361765729,3960,5359,93.813310565729,3,41,351,251,bf2cfd05cbf6e42a,1657.100,2242.100,78.600,1.700,0,1,737
5360,5360,93.830860232395,93.830863932395,3961,5360,93.830812732395,3,40,350,249,499e86c56443d748,1490.200,2203.000,89.500,1.000,0,1,738
5361,5361,93.848362799062,93.848366499062,3962,5361,93.848315299062,3,40,350,248,17df9f80fdacae41,1476.800,2324.500,77.700,1.500,0,1,738
5362,5362,93.865865232395,93.865868932395,3963,5362,93.865817732395,3,40,350,247,f1c8ec6a6c436b1c,1450.400,2268.100,77.500,0.500,0,1,738
5363,5363,93.883367565728,93.883371265728,3964,5363,93.883320065728,3,40,353,246,6e061f98cfd45205,1407.500,2154.000,78.100,0.700,0,1,736
5364,5364,93.900870165728,93.900873865728,3965,5364,93.900822665728,3,41,373,246,7b676f50ee5a0f2f,1445.400,2280.300,82.600,1.000,0,1,735
5365,5365,93.918372665727,93.918376365727,3966,5365,93.918325165727,3,41,364,243,4624dc5d124902dd,1422.500,2161.900,80.500,0.500,0,1,735
5366,5366,93.935876132394,93.935879832394,3967,5366,93.935827465727,3,40,363,243,869a90347058b40d,1452.000,2183.200,80.400,0.600,0,1,735
5367,5367,93.953379065727,93.953382765727,3968,5367,93.953330399060,3,41,364,241,40649e5643083abd,1586.100,2226.200,80.600,1.100,0,1,734
5368,5368,93.970881132394,93.970884832394,3969,5368,93.970832465727,3,40,363,238,b0c84a5af47ec37e,1425.100,2163.400,80.300,0.500,0,1,734
5369,5369,93.988383632393,93.988387332393,3970,5369,93.988334965727,3,41,372,237,1bfae3b56fcbc2a1,1417.900,2146.400,82.300,0.400,0,1,733
5370,5370,94.005886099060,94.005889799060,3971,5370,94.005837432393,3,41,372,237,0f5f1451d900c694,1418.600,2183.800,82.300,0.600,0,1,733
5371,5371,94.023388532393,94.023392232393,3972,5371,94.023339865726,3,41,379,236,e4a7857b08451844,1413.900,2152.800,89.300,0.500,0,1,733
5372,5372,94.040891132393,94.040894832393,3973,5372,94.040842465726,3,41,379,233,fd9b8601b3c1b1e8,1402.100,2144.200,83.800,0.500,0,1,733
5373,5373,94.058404799059,94.058408499059,3974,5373,94.058356132393,3,41,379,233,0eb55b685f23559c,1405.400,2155.800,83.900,0.300,0,1,733
5374,5374,94.075895999059,94.075899699059,3975,5374,94.075847332393,3,41,348,232,816344bc85e0a44f,1425.000,2255.100,77.000,0.500,0,1,733
5375,5375,94.093398765726,94.093402465726,3976,5375,94.093350099059,3,41,346,231,16410ac36aabee79,1437.600,2144.900,76.600,0.700,0,1,733
5376,5376,94.110900932392,94.110904632392,3977,5376,94.110852265726,3,40,346,230,930dd484cff62dd8,1441.100,2374.200,76.600,0.700,0,1,734
5377,5377,94.128403365725,94.128407065725,3978,5377,94.128354699059,3,39,336,230,4f3bafd2132b5559,1404.400,2116.100,74.300,0.500,0,1,734
5378,5378,94.145905899059,94.145909599059,3979,5378,94.145857232392,3,39,335,229,66599e1ef8570418,1417.900,2139.900,74.200,0.300,0,1,734
5379,5379,94.163408265725,94.163411965725,3980,5379,94.163359599058,3,39,335,227,3dd650e21b16746e,1455.200,2194.200,74.200,0.400,0,1,733
5380,5380,94.180910832392,94.180914532392,3981,5380,94.180862165725,3,39,334,227,6c2f43f810895e25,1461.900,2197.000,73.900,0.500,0,1,733
5381,5381,94.198413365725,94.198417065725,3982,5381,94.198364699058,3,39,334,220,406cfe9873ea2d8f,1383.800,2136.100,74.400,0.400,0,1,733
5382,5382,94.215914565725,94.215918265725,3983,5382,94.215867065725,3,34,292,189,433d6b22744aacad,1422.100,2114.900,64.700,0.600,0,1,729
5383,5383,94.233417599058,94.233421299058,3984,5383,94.233370099058,3,28,249,158,6357eaefc46256fa,1398.800,2096.300,55.100,0.400,0,1,725
5384,5384,94.250919565724,94.250923265724,3985,5384,94.250872065724,3,25,223,135,489a0ff282f8ca49,1485.300,2195.600,49.400,0.500,0,1,723
5385,5385,94.268422099057,94.268425799057,3986,5385,94.268374599057,3,21,192,122,19c96c08909bd334,1417.100,2104.900,42.500,0.400,0,1,719
5386,5386,94.285924532390,94.285928232390,3987,5386,94.285877032390,3,20,218,104,d54200dfa327bbfe,1407.400,2066.000,48.300,0.400,0,1,711
5387,5387,94.303426899057,94.303430599057,3988,5387,94.303379399057,3,22,210,91,7cc6eb787569edc9,1424.100,2179.600,46.600,0.500,0,1,705
5388,5388,94.320929432390,94.320933132390,3989,5388,94.320881932390,3,18,189,79,25cdbfb4b5c035e2,1415.200,2043.300,41.900,0.300,0,1,699
5389,5389,94.338431899057,94.338435599057,3990,5389,94.338384399057,3,21,185,70,df33fcb4ab29d648,1421.100,2090.400,41.000,0.600,0,1,692
5390,5390,94.355934365723,94.355938065723,3991,5390,94.355886865723,3,19,175,61,7ebb5a11abc759d4,1410.700,2051.200,43.300,0.300,0,1,690
5391,5391,94.373437199056,94.373440899056,3992,5391,94.373389699056,3,17,178,55,4f2bb04c43a0ce87,1427.800,2120.700,40.200,0.700,0,1,690
5392,5392,94.390939299056,94.390942999056,3993,5392,94.390891799056,3,17,144,50,1151f62749d645fc,1425.700,2032.000,31.900,0.500,0,1,688
5393,5393,94.408441732389,94.408445432389,3994,5393,94.408394232389,3,16,150,48,0f7b127cffa16cd6,1398.000,2001.900,38.000,0.300,0,1,687
5394,5394,94.425944199056,94.425947899056,3995,5394,94.425896699056,3,17,149,48,e9579485e749ebfa,1400.300,2012.800,33.000,0.500,0,1,686
5395,5395,94.443446732389,94.443450432389,3996,5395,94.443399232389,3,15,133,44,bd92ccccc4e9e336,1410.700,2095.600,29.400,0.500,0,1,686
5396,5396,94.460949199055,94.460952899055,3997,5396,94.460901699055,3,14,120,42,8e17e092be0b2830,1424.100,2048.000,26.600,0.600,0,1,686
5397,5397,94.478451699055,94.478455399055,3998,5397,94.478404199055,3,16,146,40,73e7cda6a48810f6,1436.200,2006.900,32.300,0.400,0,1,684
5398,5398,94.495954199055,94.495957899055,3999,5398,94.495906699055,3,16,143,40,8e42d0858df918d8,1390.500,2069.900,31.700,0.600,0,1,684
5399,5399,94.513455832388,94.513459532388,4000,5399,94.513409499055,3,15,132,37,95d6b012e103210a,1436.500,2055.600,29.200,0.400,0,1,685
5400,5400,94.530957999055,94.530961699055,4001,5400,94.530911665721,3,15,132,37,4ed62fb026f4b3a4,1417.100,2011.700,29.300,0.400,0,1,685
5401,5401,94.548460332388,94.548464032388,4002,5401,94.548413999055,3,14,123,37,a65a1c23161992ee,1407.100,2009.600,27.200,0.700,0,1,685
5402,5402,94.565962799054,94.565966499054,4003,5402,94.565916465721,3,13,120,35,92ef69d2e7b4f698,1422.600,2024.500,26.600,0.400,0,1,685
5403,5403,94.583465399054,94.583469099054,4004,5403,94.583419065721,3,13,120,34,8636005cc2ff229f,1438.800,2013.200,26.600,0.500,0,1,685
5404,5404,94.600967832387,94.600971532387,4005,5404,94.600921499054,3,13,120,32,d8c8623464c841a7,1420.300,2040.900,26.500,0.400,0,1,685
5405,5405,94.618470232387,94.618473932387,4006,5405,94.618423899054,3,12,109,26,d58a8182a36b1920,1465.600,2096.900,24.200,0.400,0,1,685
5406,5406,94.635972832387,94.635976532387,4007,5406,94.635926499054,3,13,121,24,252e5eacdcd88c09,1417.300,1999.000,26.800,0.300,0,1,684
5407,5407,94.653475565720,94.653479265720,4008,5407,94.653429232387,3,13,120,24,5e0c894bdb5fb60a,1420.000,2008.100,26.500,0.600,0,1,684
5408,5408,94.670977665720,94.670981365720,4009,5408,94.670931332387,3,14,140,24,a079759d5159ad3f,1399.500,2006.900,31.000,0.500,0,1,683
5409,5409,94.688480132386,94.688483832386,4010,5409,94.688433799053,3,14,137,24,30ac36cd928672f1,1403.500,1987.800,30.300,0.400,0,1,683
5410,5410,94.705982632386,94.705986332386,4011,5410,94.705936299053,3,14,137,24,0327868aad06c81c,1405.200,1997.500,30.400,0.400,0,1,683
5411,5411,94.723485032386,94.723488732386,4012,5411,94.723438699053,3,12,120,23,d3f63d5c31d606ba,1413.500,1998.500,26.700,0.400,0,1,683
5412,5412,94.740987565719,94.740991265719,4013,5412,94.740941232386,3,12,119,23,23cd5836451bf6ba,1437.300,2542.200,26.400,0.300,0,1,683
5413,5413,94.758490032386,94.758493732386,4014,5413,94.758443699052,3,12,119,20,3133a901dcedef07,1424.500,2103.300,26.300,0.600,0,1,683
5414,5414,94.775992532386,94.775996232386,4015,5414,94.775946199052,3,12,116,20,85c59764f2f86db8,1395.200,2003.800,25.700,0.400,0,1,683
5415,5415,94.793495399052,94.793499099052,4016,5415,94.793449065719,3,12,116,19,f451f4e35211155b,1543.100,2003.500,25.700,0.400,0,1,683
5416,5416,94.810998699052,94.811002399052,4017,5416,94.810951199052,3,12,116,19,3876cba8fb7ccdca,1421.300,1997.400,25.700,0.400,0,1,683
5417,5417,94.828501099052,94.828504799052,4018,5417,94.828453599052,3,11,104,17,4ac46504d490593a,1409.300,2139.700,23.000,0.500,0,1,684
5418,5418,94.846003599052,94.846007299052,4019,5418,94.845956099052,3,11,104,17,60f20644192581d2,1436.700,2031.800,27.200,0.400,0,1,683
5419,5419,94.863506065718,94.863509765718,4020,5419,94.863458565718,3,11,103,17,099484938b3e4ceb,1457.900,2122.300,22.900,0.700,0,1,683
5420,5420,94.881008599051,94.881012299051,4021,5420,94.880961099051,3,11,102,14,ba4f9e86fe802639,1433.500,2071.700,22.600,0.600,0,1,683
5421,5421,94.898510965718,94.898514665718,4022,5421,94.898463465718,3,11,101,14,cab20d454fb62907,1563.400,2087.300,22.400,0.700,0,1,683
5422,5422,94.916013432384,94.916017132384,4023,5422,94.915965932384,3,10,100,14,c34b44d4cfccc53b,1427.100,2027.100,22.200,0.300,0,1,683
5423,5423,94.933516265717,94.933519965717,4024,5423,94.933468765717,3,10,100,14,9357bf79c4c531ac,1406.700,2002.300,22.100,0.500,0,1,683
5424,5424,94.951018365717,94.951022065717,4025,5424,94.950970865717,3,9,91,13,7b0cc7ff138ee8da,1417.200,2024.900,20.200,0.400,0,1,683
5425,5425,94.968520865717,94.968524565717,4026,5425,94.968473365717,3,10,103,11,4d5cc14ab1387eb5,1431.900,2088.300,23.000,0.700,0,1,682
5426,5426,94.986023432383,94.986027132383,4027,5426,94.985975932383,3,10,103,11,25a87232a1e3b040,1535.300,2166.400,23.300,0.600,0,1,682
5427,5427,95.003525765717,95.003529465717,4028,5427,95.003478265717,3,12,133,11,5de2d1b2e8909cb9,1424.500,2085.500,29.500,0.700,0,1,680
5428,5428,95.021028232383,95.021031932383,4029,5428,95.020980732383,3,12,129,10,552697390ffb4cdc,1811.100,2032.300,28.600,0.900,0,1,680
5429,5429,95.038530765716,95.038534465716,4030,5429,95.038483265716,3,8,64,0,5168f074277ce4f6,1436.000,1997.400,14.100,0.500,0,1,673
5430,5430,95.056044499049,95.056048199049,4031,5430,95.055996999049,3,6,59,0,6fb34bb10ea92ca0,1415.300,1972.300,13.100,0.500,0,1,666
5431,5431,95.073536065716,95.073539765716,4032,5431,95.073488565716,3,5,44,0,6420b561b6b120ec,1415.000,1968.400,9.800,0.600,0,1,660
5432,5432,95.091039332382,95.091043032382,4033,5432,95.090990665716,3,7,64,0,69998ef6bc330986,1434.600,1982.700,14.200,0.900,0,1,653
5433,5433,95.108541832382,95.108545532382,4034,5433,95.108493165716,3,5,46,0,fd0cffaa7029c9dc,1407.700,1969.400,10.200,0.500,0,1,651
5434,5434,95.126044265715,95.126047965715,4035,5434,95.125995599049,3,3,20,0,ff3ab1bc6994b972,1422.200,1944.700,4.500,0.400,0,1,648
5435,5435,95.143546665715,95.143550365715,4036,5435,95.143497999049,3,6,51,0,c326f19849ef4ede,1404.900,1954.500,11.400,0.200,0,1,643
5436,5436,95.161049199048,95.161052899048,4037,5436,95.161000532382,3,9,77,0,5d6507465b3b20fc,1427.700,1945.900,17.100,0.300,0,1,639
5437,5437,95.178551732382,95.178555432382,4038,5437,95.178503065715,3,7,67,0,354fc33f722f527e,1433.800,1942.400,14.900,0.400,0,1,638
5438,5438,95.196054199048,95.196057899048,4039,5438,95.196005532381,3,5,46,0,3caec99bedd81c28,1510.700,1972.200,10.300,0.700,0,1,637
5439,5439,95.213556965715,95.213560665715,4040,5439,95.213508299048,3,4,35,0,e7758f78967e686e,1446.400,1996.300,7.900,0.300,0,1,637
5440,5440,95.231059065714,95.231062765714,4041,5440,95.231010399048,3,3,31,0,5638fd6570f30dd2,1442.600,2050.700,6.900,0.500,0,1,637
5441,5441,95.248561565714,95.248565265714,4042,5441,95.248512899048,3,3,22,0,4b8b4dd75703f480,1401.700,2001.000,5.000,0.400,0,1,636
5442,5442,95.266064065714,95.266067765714,4043,5442,95.266015399047,3,3,41,0,4aea98ffa35dcf8e,1405.200,1926.300,9.200,0.800,0,1,634
5443,5443,95.283566565714,95.283570265714,4044,5443,95.283517899047,3,4,41,0,34d7fb39a557f425,1420.100,2280.300,9.100,0.700,0,1,633
5444,5444,95.301069065714,95.301072765714,4045,5444,95.301020399047,3,4,40,0,65ecf52be845fa60,1402.300,1941.100,8.900,0.300,0,1,633
5445,5445,95.318571499047,95.318575199047,4046,5445,95.318522832380,3,5,56,0,9d28afd72c8bf897,1401.300,1928.200,12.400,0.300,0,1,632
5446,5446,95.336073932380,95.336077632380,4047,5446,95.336025265713,3,6,55,0,dc8cfb040d9e8a31,1401.400,1991.300,12.200,0.300,0,1,630
5447,5447,95.353576832380,95.353580532380,4048,5447,95.353528165713,3,5,43,0,50d996d94b331ae2,1393.400,1928.600,9.500,0.500,0,1,630
5448,5448,95.371078832380,95.371082532380,4049,5448,95.371030165713,3,4,43,0,3512cd297218f9e8,1403.700,1913.500,9.600,0.300,0,1,630
5449,5449,95.388580199046,95.388583899046,4050,5449,95.388532699046,3,5,53,0,5d4233a348547f63,1451.600,2046.300,11.700,0.900,0,1,629
5450,5450,95.406082599046,95.406086299046,4051,5450,95.406035099046,3,5,53,0,686d0d879415187c,1502.100,1956.100,11.800,0.400,0,1,629
5451,5451,95.423585032379,95.423588732379,4052,5451,95.423537532379,3,5,52,0,81cceed589c59e7b,1431.000,1982.400,11.600,0.200,0,1,629
5452,5452,95.441087532379,95.441091232379,4053,5452,95.441040032379,3,5,52,0,960dbb9d16245935,1426.500,1942.400,11.600,0.400,0,1,629
5453,5453,95.458589999045,95.458593699045,4054,5453,95.458542499045,3,5,49,0,e657faa5a0a63f31,1419.800,2023.800,10.800,0.600,0,1,629
5454,5454,95.476092599045,95.476096299045,4055,5454,95.476045099045,3,5,49,0,030089c960304163,1452.900,2028.000,10.900,0.700,0,1,629
5455,5455,95.493595332378,95.493599032378,4056,5455,95.493547832378,3,6,60,0,d8aefa2e635e051b,1405.200,1914.200,13.300,0.300,0,1,628
5456,5456,95.511097499045,95.511101199045,4057,5456,95.511049999045,3,7,59,0,6c5dbaf3ba278b91,1423.000,1936.800,13.100,0.400,0,1,627
5457,5457,95.528599999045,95.528603699045,4058,5457,95.528552499045,3,7,58,0,995f5f77cde7413b,1406.500,1958.600,12.900,0.300,0,1,627
5458,5458,95.546102465711,95.546106165711,4059,5458,95.546054965711,3,6,47,0,86608972085ea246,1450.800,1937.100,10.500,0.700,0,1,627
5459,5459,95.563604899044,95.563608599044,4060,5459,95.563557399044,3,5,38,0,b3ec09fbed748376,1726.100,1955.900,8.400,0.600,0,1,627
5460,5460,95.581107332378,95.581111032378,4061,5460,95.581059832378,3,5,38,0,74add99222cad657,1732.600,2068.200,8.400,0.700,0,1,627
5461,5461,95.598609832377,95.598613532377,4062,5461,95.598562332377,3,5,38,0,2d781e0fd6f730b1,1440.500,1926.500,8.400,0.600,0,1,627
5462,5462,95.616112265711,95.616115965711,4063,5462,95.616064765711,3,6,47,0,683a94a3d1935ffa,1413.900,1908.400,10.400,0.600,0,1,626
5463,5463,95.633615132377,95.633618832377,4064,5463,95.633567632377,3,6,43,0,885f2daf141a3864,1447.500,1926.600,9.600,0.300,0,1,626
5464,5464,95.651117265710,95.651120965710,4065,5464,95.651069765710,3,7,43,0,06035a2a5e4737cb,1424.000,1969.300,9.600,0.300,0,1,625
5465,5465,95.668619665710,95.668623365710,4066,5465,95.668572165710,3,5,35,0,a4e2ba98d3038834,1450.600,1979.000,7.700,0.600,0,1,625
5466,5466,95.686119799043,95.686123499043,4067,5466,95.686074632376,3,5,35,0,adbaba210ebc938e,1525.000,1916.400,7.800,0.400,0,1,625
5467,5467,95.703622299043,95.703625999043,4068,5467,95.703577132376,3,5,35,0,752403ebc7469903,1427.700,1927.300,7.700,0.700,0,1,625
5468,5468,95.721124765709,95.721128465709,4069,5468,95.721079599043,3,5,35,0,61d08958d3979b3e,1415.700,1954.000,7.800,0.300,0,1,625
5469,5469,95.738627299043,95.738630999043,4070,5469,95.738582132376,3,5,35,0,46ae1f2df7dd2579,1497.200,2006.100,7.800,0.500,0,1,625
5470,5470,95.756129765709,95.756133465709,4071,5470,95.756084599042,3,5,33,0,2361af630704a731,1430.500,2005.100,7.300,0.300,0,1,625
5471,5471,95.773632565709,95.773636265709,4072,5471,95.773587399042,3,5,32,0,659a0a88bc0ad6b2,1436.900,1922.200,7.100,0.500,0,1,625
5472,5472,95.791134632375,95.791138332375,4073,5472,95.791089465709,3,5,32,0,964a18c291dbe7f6,1487.900,1971.200,7.100,0.500,0,1,625
5474,5474,95.826139599042,95.826143299042,4074,5474,95.826094432375,3,4,22,0,b8dba65ece265cf9,1402.700,1905.100,5.000,0.400,0,1,625
5476,5476,95.861144499041,95.861148199041,4075,5476,95.861099332375,3,3,22,0,1434083201a7f209,1432.000,1929.600,4.900,0.300,0,1,625
5478,5478,95.896149532374,95.896153232374,4076,5478,95.896104365708,3,4,32,0,ed007d0023decfc2,1444.100,2014.000,7.200,0.600,0,1,624
5479,5479,95.913652432374,95.913656132374,4077,5479,95.913607265708,3,4,44,0,e38a6dc8fb58ba3e,1439.700,1903.300,9.700,0.700,0,1,623
5480,5480,95.931154399041,95.931158099041,4078,5480,95.931109232374,3,4,44,0,b614dd4e36e8894d,1461.000,2004.100,9.700,0.600,0,1,623
5481,5481,95.948652232374,95.948655932374,4079,5481,95.948611732374,3,4,44,0,517ebf3f3157d810,1489.100,1934.600,9.800,0.400,0,1,623
5482,5482,95.966154665707,95.966158365707,4080,5482,95.966114165707,3,4,44,0,eaa6e474e07111b7,1407.600,1988.200,9.700,0.400,0,1,623
5483,5483,95.983657132373,95.983660832374,4081,5483,95.983616632373,3,4,44,0,59cce06db363a940,1443.500,1979.900,9.800,0.500,0,1,623
5484,5484,96.001159732373,96.001163432373,4082,5484,96.001119232373,3,4,44,0,161de4cda46cdd30,1415.900,2037.100,9.700,0.400,0,1,623
5485,5485,96.018662132373,96.018665832373,4083,5485,96.018621632373,3,4,44,0,612b44e611228d4d,1410.900,1950.100,9.800,0.900,0,1,623
5486,5486,96.036164599040,96.036168299040,4084,5486,96.036124099040,3,4,56,0,edeb547cabc3df18,1522.000,1920.300,12.400,0.500,0,1,622
5487,5487,96.053678765706,96.053682465706,4085,5487,96.053638265706,3,4,56,0,fe308a6545bf8afa,1541.800,1915.000,12.400,0.500,0,1,622
5488,5488,96.071169499039,96.071173199039,4086,5488,96.071128999039,3,4,54,0,af3e5fd85d64b71c,1421.400,2118.900,12.000,0.400,0,1,622
5489,5489,96.088672099039,96.088675799039,4087,5489,96.088631599039,3,4,54,0,f23b316186ed39b7,1445.400,2160.400,12.000,0.400,0,1,622
5490,5490,96.106174432372,96.106178132372,4088,5490,96.106133932372,3,3,44,0,ddfc8fb3dd58f7bb,1602.600,1922.200,9.800,0.500,0,1,622
5491,5491,96.123676932372,96.123680632372,4089,5491,96.123636432372,3,2,35,0,d533567b267f8eb4,1772.300,1919.300,7.800,0.600,0,1,622
5492,5492,96.141179432372,96.141183132372,4090,5492,96.141138932372,3,2,31,0,a67469640fb5ce4e,1471.900,1923.300,6.900,0.700,0,1,622
5493,5493,96.158681899038,96.158685599038,4091,5493,96.158641399038,3,2,31,0,4b1ad8d50d735b01,1434.700,1937.700,6.900,0.400,0,1,622
5494,5494,96.176184332372,96.176188032372,4092,5494,96.176143832372,3,2,31,0,22905ef4950e18a2,1454.400,1950.500,6.900,0.700,0,1,622
5495,5495,96.193687265705,96.193690965705,4093,5495,96.193646765705,3,2,31,0,39d5d81cb47d674b,1512.800,1929.500,6.900,0.800,0,1,622
5496,5496,96.211188199038,96.211191899038,4094,5496,96.211148865705,3,3,41,0,03046f424d3eb390,1413.900,1925.700,9.100,0.600,0,1,621
5497,5497,96.228690532371,96.228694232371,4095,5497,96.228651199038,3,3,41,0,71dfda00468bdce8,1440.500,1895.400,9.100,0.600,0,1,621
5498,5498,96.246193065704,96.246196765704,4096,5498,96.246153732371,3,3,38,0,a6ba997cce53de38,1447.700,1894.100,8.400,0.600,0,1,621
5499,5499,96.263695565704,96.263699265704,4097,5499,96.263656232371,3,3,37,0,65808f444097126c,1413.500,1900.700,8.300,0.400,0,1,621
5500,5500,96.281198065704,96.281201765704,4098,5500,96.281158732371,3,3,37,0,a593d2526a3f6c2b,1405.500,1889.800,8.300,0.500,0,1,621
5501,5501,96.298700532370,96.298704232370,4099,5501,96.298661199037,3,3,37,0,50fd60c83fdccbb5,1398.900,1881.600,8.200,0.400,0,1,621
5502,5502,96.316202932370,96.316206632370,4100,5502,96.316163599037,3,3,37,0,faf40c4d4387c91b,1398.200,1922.000,8.300,0.500,0,1,621
5503,5503,96.333705732370,96.333709432370,4101,5503,96.333666399037,3,3,37,0,4b2d7872e9747afc,1500.600,1987.700,8.300,0.400,0,1,621
5504,5504,96.351207899036,96.351211599036,4102,5504,96.351168565703,3,3,36,0,75a94d2e76d2ffc1,1393.400,1937.200,8.000,0.300,0,1,621
5505,5505,96.368710332370,96.368714032370,4103,5505,96.368670999036,3,3,35,0,ece00c8782d296b9,1403.200,1982.900,7.700,0.500,0,1,621
5506,5506,96.386212865703,96.386216565703,4104,5506,96.386173532369,3,3,31,0,b4bb2506972b82d3,1549.200,1952.400,6.900,0.600,0,1,621
5507,5507,96.403715265703,96.403718965703,4105,5507,96.403675932369,3,3,30,0,b87ef69aed33e7cb,1845.300,1981.400,6.700,0.300,0,1,621
5508,5508,96.421217865702,96.421221565702,4106,5508,96.421178532369,3,2,11,0,1f34139d2150efc0,1471.400,1931.400,2.500,0.500,0,1,620
5509,5509,96.438720232369,96.438723932369,4107,5509,96.438680899036,3,2,10,0,11ef57bfff9ef52a,1419.100,1904.300,2.200,0.400,0,1,620
5510,5510,96.456224365702,96.456228065702,4108,5510,96.456183365702,3,2,8,0,253d70407b1491fc,1420.200,1838.800,1.800,0.400,0,1,520
5511,5511,96.473893232369,96.473896932369,4109,5511,96.473686232369,3,2,8,0,d6641d0d719054f2,1527.300,1789.400,1.900,0.500,0,1,520
5512,5512,96.491225265702,96.491230832368,4110,5512,96.491188265702,3,1,0,0,cbf29ce484222325,1387.100,1741.700,0.100,0.300,0,1,520
5513,5513,96.508727765702,96.508733332368,4111,5513,96.508690765702,3,2,10,0,19da12f8359a840b,1435.000,1854.600,2.300,0.400,0,1,519
5514,5514,96.526230232368,96.526235799035,4112,5514,96.526193232368,3,3,22,0,9823f3f90dd07b1e,1423.000,1801.200,4.900,0.400,0,1,518
5515,5515,96.543732699035,96.543738265701,4113,5515,96.543695699035,3,3,22,0,b4567cd59f3342a0,1436.800,1842.800,5.000,0.500,0,1,518
5516,5516,96.561235165701,96.561240732368,4114,5516,96.561198165701,3,3,22,0,71329d94411a5f78,1425.600,1852.500,4.900,0.600,0,1,518
5517,5517,96.578737665701,96.578743232368,4115,5517,96.578700665701,3,4,34,0,5894600fa203a73a,1409.400,1787.700,7.600,1.700,0,1,517
5518,5518,96.596240132367,96.596245699034,4116,5518,96.596203132367,3,6,38,0,181c1e48559c08e6,1406.300,1801.100,8.500,0.400,0,1,515
5519,5519,96.613742865701,96.613748432367,4117,5519,96.613705865701,3,5,38,0,b014fe83eb424ccc,1412.900,1771.000,8.400,0.400,0,1,515
5520,5520,96.631245132367,96.631250699034,4118,5520,96.631208132367,3,5,38,0,5614f0981f6c034b,1404.500,1855.200,8.400,0.400,0,1,515
5521,5521,96.648747565700,96.648753132367,4119,5521,96.648710565700,3,5,38,0,88c6fa4ea293b690,1421.400,1789.800,8.500,0.400,0,1,515
5522,5522,96.666250165700,96.666255732367,4120,5522,96.666213165700,3,5,38,0,a79b8046ccb1c552,1421.400,1760.500,8.400,0.400,0,1,515
5523,5523,96.683764265700,96.683767965700,4121,5523,96.683715599033,3,5,37,0,f7765e697ba453c9,1495.700,1771.400,8.200,0.600,0,1,515
5524,5524,96.701266699033,96.701270399033,4122,5524,96.701218032366,3,4,27,0,9bb8fd045687f049,1475.100,1798.500,6.000,0.400,0,1,515
5526,5526,96.736271565699,96.736275265699,4123,5526,96.736222899033,3,4,27,0,19989a56591c8363,1437.700,1781.100,6.000,0.400,0,1,515
5528,5528,96.771276632366,96.771280332366,4124,5528,96.771227965699,3,4,27,0,cb66d6b2a4e26d2f,1412.400,1849.900,6.000,0.500,0,1,515
5530,5530,96.806281599032,96.806285299032,4125,5530,96.806232932365,3,5,37,0,83b4248489c45302,1414.400,1782.100,8.200,0.500,0,1,514
5532,5532,96.841286465698,96.841290165698,4126,5532,96.841237799032,3,6,58,0,96f085dcd8192b0a,1448.400,1845.900,12.900,0.300,0,1,513
5534,5534,96.876291332365,96.876295032365,4127,5534,96.876242665698,3,7,75,0,9e83cd330172c34c,1424.000,1922.400,16.600,0.400,0,1,512
5536,5536,96.911296432364,96.911300132364,4128,5536,96.911247765698,3,7,75,0,821088c577179622,1444.800,1918.100,16.700,0.700,0,1,512
5537,5537,96.928798799031,96.928802499031,4129,5537,96.928750132364,3,7,74,0,660ddc665b774b3b,1427.400,1848.600,16.600,0.700,0,1,512
5538,5538,96.946301299031,96.946304999031,4130,5538,96.946252632364,3,7,74,0,a7571e05e7e2d67f,1471.200,1812.700,16.400,0.800,0,1,512
5539,5539,96.963803732364,96.963807432364,4131,5539,96.963755065697,3,7,73,0,db065ac94672b04b,1403.500,1824.700,16.200,0.500,0,1,512
5540,5540,96.981306165697,96.981309865697,4132,5540,96.981257499030,3,6,62,0,79443a2ba4f6e090,1387.900,1911.600,13.800,0.300,0,1,512
5541,5541,96.998808632363,96.998812332363,4133,5541,96.998759965697,3,6,62,0,3b7379746d41e187,1410.600,1789.600,13.700,0.600,0,1,512
5542,5542,97.016311199030,97.016314899030,4134,5542,97.016262532363,3,6,62,0,99682befa949658e,1489.800,1800.000,13.800,0.600,0,1,512
5543,5543,97.033814165696,97.033817865696,4135,5543,97.033765499030,3,6,62,0,5742667ce1b76a7e,1498.700,1789.800,13.800,0.300,0,1,512
5544,5544,97.051327465696,97.051331165696,4136,5544,97.051278799029,3,6,59,0,a54c7d7e9cadb72f,1415.200,1796.700,13.100,0.300,0,1,512
5545,5545,97.068818599029,97.068822299029,4137,5545,97.068769932363,3,7,65,0,7401ab1a8f161f2b,1430.900,1859.500,14.400,0.500,0,1,511
5546,5546,97.086321099029,97.086324799029,4138,5546,97.086272432362,3,7,62,0,d57a00c9ceb96cf0,1450.300,2119.700,13.700,0.500,0,1,511
5547,5547,97.103823565696,97.103827265696,4139,5547,97.103774899029,3,7,72,0,28f0bac9a664c58f,1453.200,1846.600,16.200,0.400,0,1,510
5548,5548,97.121326032362,97.121329732362,4140,5548,97.121277365695,3,7,64,0,9cc3e4bb60f84541,1536.200,1837.000,14.200,0.600,0,1,509
5549,5549,97.138828365695,97.138832065695,4141,5549,97.138779699029,3,6,61,0,4852b661bacf6841,1413.800,1805.500,13.600,0.300,0,1,509
5550,5550,97.156330932362,97.156334632362,4142,5550,97.156282265695,3,5,49,0,ca53642793722063,1400.300,1776.400,10.800,0.400,0,1,509
5551,5551,97.173833799028,97.173837499028,4143,5551,97.173785132362,3,5,48,0,51e8261e89f368ec,1405.000,1778.800,10.600,0.400,0,1,509
5552,5552,97.191335832361,97.191339532361,4144,5552,97.191287165695,3,6,58,0,2d453e4c8764233d,1409.900,1805.400,12.800,0.300,0,1,508
5553,5553,97.208838365695,97.208842065695,4145,5553,97.208789699028,3,6,58,0,d18243bf4cecc967,1425.400,1862.800,12.800,0.700,0,1,508
5554,5554,97.226340732361,97.226344432361,4146,5554,97.226292065694,3,6,58,0,bc0d05ff845f59c3,1424.300,1846.900,12.900,0.300,0,1,508
5555,5555,97.243843365694,97.243847065694,4147,5555,97.243794699028,3,6,58,0,c33e746a70fe8f53,1390.900,1779.600,12.900,0.200,0,1,508
5556,5556,97.261345799027,97.261349499027,4148,5556,97.261297132361,3,6,52,0,78d19541f4a26734,1497.900,1841.000,11.600,0.400,0,1,508
5557,5557,97.278848199027,97.278851899027,4149,5557,97.278799532361,3,5,40,0,12a6d37a159244ec,1423.700,1766.900,8.900,0.400,0,1,508
5558,5558,97.296350699027,97.296354399027,4150,5558,97.296302032360,3,5,40,0,dd91481a48c8053b,1461.400,1796.700,8.900,0.400,0,1,508
5559,5559,97.313853532360,97.313857232360,4151,5559,97.313804865694,3,4,27,0,722eba41e6e4de05,1444.600,1792.200,6.000,0.600,0,1,508
5560,5560,97.331355599027,97.331359299027,4152,5560,97.331306932360,3,3,16,0,ab629d153166b072,1446.500,1904.500,3.500,0.900,0,1,508
5561,5561,97.348858165693,97.348861865693,4153,5561,97.348809499027,3,3,16,0,44fb81ce72d2c168,1451.500,1817.500,3.600,0.900,0,1,508
5562,5562,97.366360565693,97.366364265693,4154,5562,97.366311899026,3,3,16,0,ece799265f50d5d1,1446.000,1773.400,3.600,1.000,0,1,508
5563,5563,97.383863099026,97.383866799026,4155,5563,97.383814432360,3,3,16,0,8360127de7831960,1489.800,1781.700,3.600,0.600,0,1,508
5564,5564,97.401365632359,97.401369332359,4156,5564,97.401316965693,3,4,26,0,11e9f4e3c4b53524,1409.800,1785.200,5.800,0.400,0,1,507
5565,5565,97.418868032359,97.418871732359,4157,5565,97.418819365692,3,4,26,0,419a1a920d50b546,1456.200,1882.500,5.900,1.500,0,1,507
5566,5566,97.436370499026,97.436374199026,4158,5566,97.436321832359,3,4,26,0,ae3d38dc2beabc85,1429.700,1805.100,5.900,0.500,0,1,507
5567,5567,97.453873265692,97.453876965692,4159,5567,97.453824599025,3,5,36,0,94fb20bedc1502ea,1464.800,1773.200,8.000,0.600,0,1,506
5568,5568,97.471375365692,97.471379065692,4160,5568,97.471326699025,3,6,38,0,70372761cada4107,1426.200,1774.300,8.400,0.500,0,1,505
5569,5569,97.488877832358,97.488881532358,4161,5569,97.488829165692,3,8,78,0,554425b322f2e842,1400.800,1811.800,17.400,0.500,0,1,502
5570,5570,97.506380299025,97.506383999025,4162,5570,97.506331632358,3,9,90,0,6721d64fe3a93d9d,1420.100,1813.200,20.000,0.400,0,1,501
5571,5571,97.523882832358,97.523886532358,4163,5571,97.523834165691,3,9,89,0,bad710750c89f02c,1494.500,1807.200,19.700,0.400,0,1,501
5572,5572,97.541385265691,97.541388965691,4164,5572,97.541336599025,3,8,78,0,3ff54926527ac68c,1418.100,1807.900,17.300,0.400,0,1,501
5573,5573,97.558887832358,97.558891532358,4165,5573,97.558839165691,3,10,87,0,e90e6a16448cb47e,1407.600,1811.300,19.400,0.700,0,1,499
5574,5574,97.576390299024,97.576393999024,4166,5574,97.576341632358,3,10,81,0,75101d35d0f6d2b5,1475.700,1817.400,18.000,0.500,0,1,499
5575,5575,97.593893065691,97.593896765691,4167,5575,97.593844399024,3,8,73,0,8cad7f7be781fc6a,1423.600,1786.800,16.200,0.400,0,1,499
5576,5576,97.611395132357,97.611398832357,4168,5576,97.611346465691,3,7,67,0,1a74068b87c93c85,1411.600,1805.600,14.900,0.400,0,1,499
5577,5577,97.628897632357,97.628901332357,4169,5577,97.628848965690,3,6,66,0,cb4708d0543170fb,1410.100,1800.100,14.600,0.400,0,1,499
5578,5578,97.646400065690,97.646403765690,4170,5578,97.646351399024,3,6,65,0,6fed1770c505f7ab,1405.700,1823.200,14.400,0.400,0,1,499
5579,5579,97.663902565690,97.663906265690,4171,5579,97.663853899023,3,5,50,0,f6ad139cb3585123,1644.300,1808.100,11.200,0.400,0,1,499
5580,5580,97.681405099023,97.681408799023,4172,5580,97.681356432357,3,5,44,0,27f39c8b91c5ba5d,1550.300,1837.400,9.800,0.600,0,1,498
5581,5581,97.698907532356,97.698911232356,4173,5581,97.698858865690,3,5,36,0,2b66d1af94e259fa,1395.700,1797.200,8.000,0.500,0,1,497
5582,5582,97.716410032356,97.716413732356,4174,5582,97.716361365690,3,5,36,0,9e950e7dca69fbc5,1429.400,1821.700,8.000,0.700,0,1,497
5583,5583,97.733911565689,97.733915265689,4175,5583,97.733864065689,3,6,48,0,b2e3f20a39fbaf65,1583.300,1774.500,10.700,0.500,0,1,496
5584,5584,97.751413799022,97.751417499022,4176,5584,97.751366299022,3,6,48,0,33ba0cf0bb4c342a,1414.000,1769.000,10.600,0.400,0,1,496
5585,5585,97.768916199022,97.768919899022,4177,5585,97.768868699022,3,6,48,0,c66f42b2aafa612c,1398.300,1834.100,10.700,0.400,0,1,496
5586,5586,97.786418799022,97.786422499022,4178,5586,97.786371299022,3,6,48,0,fa08b158f41ad05d,1453.600,1755.000,10.900,1.000,0,1,496
5587,5587,97.803921199022,97.803924899022,4179,5587,97.803873699022,3,6,47,0,cbc11f100d40a50d,1401.600,1768.000,10.400,0.500,0,1,496
5588,5588,97.821423632355,97.821427332355,4180,5588,97.821376132355,3,5,38,0,02c4578338b23c21,1462.400,1809.500,8.400,0.900,0,1,496
5589,5589,97.838926932355,97.838930632355,4181,5589,97.838879432355,3,5,37,0,4146e6464f21a115,1422.000,1754.300,8.200,0.500,0,1,496
5590,5590,97.856428599021,97.856432299021,4182,5590,97.856381099021,3,6,47,0,408a51f86c5578dc,1399.600,1760.500,10.400,0.500,0,1,495
5591,5591,97.873931565688,97.873935265688,4183,5591,97.873884065688,3,6,47,0,6052a147ed30b13e,1414.100,1742.000,10.400,0.900,0,1,495
5592,5592,97.891433599021,97.891437299021,4184,5592,97.891386099021,3,7,65,0,4ca31af05d62b8ee,1398.500,1757.300,14.500,0.400,0,1,494
5594,5594,97.926438532354,97.926442232354,4185,5594,97.926391032354,3,7,65,0,c978476c46c47b2f,1487.800,1857.800,14.400,0.400,0,1,494
5595,5595,97.943940932354,97.943944632354,4186,5595,97.943893432354,3,7,65,0,0681d60565e959af,1519.900,1762.900,14.400,0.900,0,1,494
5596,5596,97.961443399020,97.961447099020,4187,5596,97.961395899020,3,8,87,0,b81efad6c948b8f2,1397.800,1783.400,19.300,0.500,0,1,493
5597,5597,97.978945899020,97.978949599020,4188,5597,97.978898399020,3,8,86,0,0f0f4d87b47412b9,1424.400,1759.900,19.100,0.400,0,1,493
5598,5598,97.996447165687,97.996450865687,4189,5598,97.996400832353,3,8,86,0,348c6f95af7fe689,1404.800,1764.300,19.100,0.300,0,1,493
5599,5599,98.013949965687,98.013953665687,4190,5599,98.013903632353,3,8,86,0,a6f3ae9b5e41717e,1407.500,1857.000,19.100,0.500,0,1,493
5600,5600,98.031452099020,98.031455799020,4191,5600,98.031405765686,3,8,85,0,5afc494e29c1136e,1412.600,2005.200,19.300,0.600,0,1,493
5601,5601,98.048965865686,98.048969565686,4192,5601,98.048919532353,3,7,75,0,8da2cefc8b602804,1523.000,1799.900,16.700,0.300,0,1,493
5602,5602,98.066457032353,98.066460732353,4193,5602,98.066410699019,3,7,73,0,4fcbd946bcaf6e6f,1528.000,1759.400,16.200,0.400,0,1,493
5603,5603,98.083959499019,98.083963199019,4194,5603,98.083913165686,3,7,61,0,0b622f5766b4e3ad,1403.700,1726.800,13.500,0.300,0,1,492
5604,5604,98.101462099019,98.101465799019,4195,5604,98.101415765686,3,7,70,0,064972945962d931,1399.700,1963.400,15.500,0.400,0,1,491
5605,5605,98.118964532352,98.118968232352,4196,5605,98.118918199019,3,8,82,0,f2dac63b823f55b7,1396.300,1939.100,18.800,0.200,0,1,490
5606,5606,98.136466932352,98.136470632352,4197,5606,98.136420599019,3,7,79,0,c43eab968b2d6d88,1647.300,1872.400,17.500,0.500,0,1,490
5607,5607,98.153969799018,98.153973499018,4198,5607,98.153923465685,3,7,78,0,fbc9459f12ea32df,1471.800,1765.100,17.300,0.300,0,1,490
5608,5608,98.171472032352,98.171475732352,4199,5608,98.171425699018,3,7,75,0,fc08654a05d49202,1406.600,1755.100,16.600,0.300,0,1,490
5609,5609,98.188974432351,98.188978132351,4200,5609,98.188928099018,3,7,75,0,450bf22d45396f58,1408.700,1749.300,16.600,0.300,0,1,490
5610,5610,98.206476799018,98.206480499018,4201,5610,98.206430465685,3,7,75,0,7ac575d5daa8fe15,1490.600,1805.900,16.600,0.700,0,1,490
5611,5611,98.223979399018,98.223983099018,4202,5611,98.223933065684,3,7,75,0,24868c9cfed49df8,1413.300,1767.400,16.600,0.700,0,1,490
5612,5612,98.241481799018,98.241485499018,4203,5612,98.241435465684,3,6,67,0,d40550c086cb0292,1429.900,1763.600,14.800,0.600,0,1,490
5613,5613,98.258978499017,98.258982199017,4204,5613,98.258937999017,3,6,65,0,05a79796e70efc7c,1429.100,1754.800,14.800,1.400,0,1,490
5614,5614,98.276480865684,98.276484565684,4205,5614,98.276440365684,3,6,61,0,f68f012f63af88d8,1430.400,1750.600,13.500,1.000,0,1,490
5615,5615,98.293983699017,98.293987399017,4206,5615,98.293943199017,3,5,60,0,44de3ffeaa6d3cc5,1403.300,1724.200,13.300,0.300,0,1,490
5616,5616,98.311485832350,98.311489532350,4207,5616,98.311445332350,3,3,41,0,0d7c9fb8168823f8,1394.600,1755.500,9.100,0.300,0,1,490
5617,5617,98.328988432350,98.328992132350,4208,5617,98.328947932350,3,3,41,0,11156abfc0b52e2a,1480.700,1728.000,9.200,0.300,0,1,490
5618,5618,98.346490799017,98.346494499017,4209,5618,98.346450299017,3,3,40,0,9d39b24c71d16331,1455.700,1756.300,8.900,0.400,0,1,490
5619,5619,98.363993332350,98.363997032350,4210,5619,98.363952832350,3,4,44,0,dc4839b8ab4084f3,1447.000,1722.300,9.800,0.400,0,1,489
5620,5620,98.381502832350,98.381506532350,4211,5620,98.381455332350,3,4,44,0,28b4b2fb359e56f6,1393.400,1830.600,9.800,0.400,0,1,489
5621,5621,98.399005265683,98.399008965683,4212,5621,98.398957765683,3,4,44,0,cd12fe23cd90cc15,1403.100,1727.700,9.800,0.300,0,1,489
5622,5622,98.416507699016,98.416511399016,4213,5622,98.416460199016,3,4,32,0,f4ee739e6094a68c,1404.700,1864.000,7.100,1.300,0,1,488
5623,5623,98.434010599016,98.434014299016,4214,5623,98.433963099016,3,4,32,0,0dd9c660c0704dc5,1606.700,1798.700,7.100,0.700,0,1,488
5624,5624,98.451512565682,98.451516265682,4215,5624,98.451465065682,3,4,32,0,55c76b6ce703e17c,1421.800,1806.200,7.100,0.500,0,1,488
5626,5626,98.486517499015,98.486521199015,4216,5626,98.486469999015,3,4,32,0,ac4f1255afcdc563,1448.100,1769.500,7.100,0.700,0,1,488
5627,5627,98.504020065682,98.504023765682,4217,5627,98.503972565682,3,4,32,0,ae5cf31316ea1e99,1459.900,1739.500,7.100,0.600,0,1,488
5628,5628,98.521522465681,98.521526165681,4218,5628,98.521474965681,3,4,32,0,3419ee6a785ce109,1533.100,1748.000,7.100,0.800,0,1,488
5629,5629,98.539024899015,98.539028599015,4219,5629,98.538977399015,3,4,31,0,1bf9d987eb21feef,1416.200,1891.200,7.000,0.500,0,1,488
5630,5630,98.556527399014,98.556531099014,4220,5630,98.556479899014,3,4,31,0,06c9f2ae94668fdf,1403.800,1830.700,6.900,0.700,0,1,488
5631,5631,98.574030232348,98.574033932348,4221,5631,98.573982732348,3,3,22,0,fc99d79c155798e4,1446.600,1769.000,5.000,0.400,0,1,488
5632,5632,98.591532332347,98.591536032347,4222,5632,98.591484832347,3,3,22,0,0313b6814dcfd7ec,1420.000,1736.000,4.900,0.400,0,1,488
5633,5633,98.609034932347,98.609038632347,4223,5633,98.608987432347,3,5,36,0,4248677a5a107ce8,1441.200,1747.100,8.000,0.400,0,1,486
5634,5634,98.626537399014,98.626541099014,4224,5634,98.626489899014,3,6,56,0,5b00a507111d9997,1434.100,1785.300,12.700,1.000,0,1,485
5635,5635,98.644039799014,98.644043499014,4225,5635,98.643992299014,3,6,56,0,fc7a7a65be4f67bf,1414.500,1746.900,12.500,0.400,0,1,485
5636,5636,98.661542265680,98.661545965680,4226,5636,98.661494765680,3,6,56,0,fa724d11f8d32766,1607.900,1859.500,12.400,0.400,0,1,485
5637,5637,98.679044699013,98.679048399013,4227,5637,98.678997199013,3,6,56,0,c792eb8490420659,1585.600,1818.200,12.500,0.500,0,1,485
5638,5638,98.696547165680,98.696550865680,4228,5638,98.696499665680,3,6,56,0,3ef51c6ca0734a34,1398.600,1726.300,12.400,0.300,0,1,485
5639,5639,98.714050065680,98.714053765680,4229,5639,98.714002565680,3,6,56,0,67c21d2d092454d9,1438.100,1795.700,12.400,0.400,0,1,485
5640,5640,98.731808399013,98.731812132346,4230,5640,98.731504599013,3,7,67,0,704dcc83a40e965f,1409.700,1766.000,15.100,0.300,0,1,484
5641,5641,98.749305632346,98.749309365679,4231,5641,98.749007065679,3,8,91,0,da1633a2bc4b25e3,1416.900,1772.100,20.200,0.400,0,1,483
5642,5642,98.766807565679,98.766811299012,4232,5642,98.766509565679,3,8,91,0,c2526d8ddc26e821,1464.900,1765.100,21.100,0.400,0,1,483
5643,5643,98.784308932345,98.784312665679,4233,5643,98.784012099012,3,8,90,0,d618d459e50dce00,1438.300,1776.700,19.900,0.400,0,1,483
5644,5644,98.801810299012,98.801814032345,4234,5644,98.801514632345,3,8,90,0,d7c33a51ff6508e0,1391.200,2396.500,19.900,0.300,0,1,483
5645,5645,98.819310999012,98.819314732345,4235,5645,98.819017065678,3,7,78,0,671bd288113c00f0,1398.500,1750.000,17.300,0.300,0,1,483
5646,5646,98.836812199012,98.836815932345,4236,5646,98.836519432345,3,7,78,0,feeca49d0340de32,1422.200,2023.200,17.300,0.400,0,1,483
5647,5647,98.854315065678,98.854318799011,4237,5647,98.854022299011,3,8,87,0,9622c1c3f5482ca1,1409.800,1761.000,19.300,0.400,0,1,482
5648,5648,98.871817265678,98.871820999011,4238,5648,98.871524499011,3,8,85,0,d0b19f3d2db82334,1410.700,1808.100,18.800,0.400,0,1,482
5649,5649,98.889319065678,98.889322799011,4239,5649,98.889026865678,3,8,84,0,3738791af88526d9,1399.200,1743.300,18.600,0.400,0,1,482
5650,5650,98.906819799011,98.906823532344,4240,5650,98.906529332344,3,8,83,0,fbed9eddad51894e,1436.000,1799.100,18.500,0.600,0,1,482
5651,5651,98.924322232344,98.924325965677,4241,5651,98.924031765677,3,8,83,0,3bdb142270314e5b,1419.400,1780.000,18.400,1.100,0,1,482
5652,5652,98.941824299011,98.941828032344,4242,5652,98.941534399011,3,8,81,0,4fb497ffc3fec527,1426.500,1744.900,18.000,0.500,0,1,482
5653,5653,98.959326099010,98.959329832344,4243,5653,98.959036765677,3,8,79,0,f9007c5295bc775f,1399.800,1768.500,17.500,0.400,0,1,482
5654,5654,98.976827432344,98.976831165677,4244,5654,98.976539265677,3,8,78,0,75eebf597038a815,1476.300,2274.400,17.300,0.500,0,1,482
5655,5655,98.994329232343,98.994332965677,4245,5655,98.994042232343,3,8,73,0,437b2732900d3906,1452.400,1777.000,16.100,0.600,0,1,482
5656,5656,99.011831232343,99.011834965677,4246,5656,99.011544232343,3,7,62,0,a9e6e0c795c9129a,1490.500,1791.200,13.800,0.600,0,1,482
5657,5657,99.029331399010,99.029335132343,4247,5657,99.029046732343,3,6,51,0,b827cec09bf5b6d3,1420.800,1746.300,11.400,0.400,0,1,482
5658,5658,99.046843899010,99.046847632343,4248,5658,99.046560399010,3,7,62,0,0033a61b9a585732,1446.200,1751.200,13.800,0.400,0,1,481
5659,5659,99.064335165676,99.064338899009,4249,5659,99.064051665676,3,6,53,0,12cafc2c3e9c84a8,1431.800,1797.300,11.800,0.400,0,1,481
5660,5660,99.081837632343,99.081841365676,4250,5660,99.081554132343,3,6,53,0,a99d7687c5354a3d,1430.900,1758.100,11.800,0.600,0,1,481
5661,5661,99.099339999009,99.099343732342,4251,5661,99.099056499009,3,7,58,0,70532293b2316315,1422.600,1752.300,12.900,0.900,0,1,480
5662,5662,99.116842465675,99.116846199009,4252,5662,99.116558965675,3,6,55,0,7413eff7e7d90b0c,1443.400,1779.500,12.200,0.500,0,1,480
5663,5663,99.134345332342,99.134349065675,4253,5663,99.134061832342,3,6,49,0,0872c3b374a33d57,1461.300,1801.200,10.900,0.300,0,1,480
5664,5664,99.151847499008,99.151851232342,4254,5664,99.151563999008,3,7,47,0,42a4b54469798ec9,1461.400,1755.100,10.400,0.500,0,1,479
5665,5665,99.169349899008,99.169353632342,4255,5665,99.169066399008,3,6,47,0,7aeba61f067e0703,1433.500,4693.200,23.500,1.200,0,1,479
5666,5666,99.186852465675,99.186856199008,4256,5666,99.186568965675,3,5,35,0,84d6d1c169aed7a3,1443.400,1741.700,7.800,0.900,0,1,479
5667,5667,99.204354932341,99.204358665675,4257,5667,99.204071432341,3,5,35,0,90ecb2cdf78561f5,1424.700,1729.700,7.700,0.600,0,1,479
5668,5668,99.221857299008,99.221861032341,4258,5668,99.221573799008,3,5,35,0,ec7ecf75a90e4d87,1426.800,1738.800,7.800,0.500,0,1,479
5669,5669,99.239359865674,99.239363599008,4259,5669,99.239076365674,3,5,35,0,585e18303fe107c4,1386.000,1722.400,7.700,0.500,0,1,479
5670,5670,99.256862332341,99.256866065674,4260,5670,99.256578832341,3,5,34,0,c1579cc440d62e51,1407.900,1722.400,7.600,0.400,0,1,479
5671,5671,99.274365199007,99.274368932341,4261,5671,99.274081699007,3,4,25,0,0713688e04b76395,1477.800,1712.500,5.500,0.400,0,1,479
5672,5672,99.291866132340,99.291869865674,4262,5672,99.291583799007,3,4,25,0,fa90748205b38084,1385.900,1855.000,5.600,0.500,0,1,479
5673,5673,99.309368599007,99.309372332340,4263,5673,99.309086265674,3,3,16,0,e673c47414725db9,1399.400,1831.000,3.500,0.300,0,1,479
5674,5674,99.326871065673,99.326874799007,4264,5674,99.326588732340,3,3,16,0,d1287404cbb18804,1493.600,1769.600,3.600,0.500,0,1,479
5675,5675,99.344373532340,99.344377265673,4265,5675,99.344091199007,3,5,33,0,fa1fafb0b79fbe5a,1460.900,1774.800,7.300,0.600,0,1,477
5676,5676,99.361875999006,99.361879732340,4266,5676,99.361593665673,3,4,33,0,fc1f4683f4cf10dc,1505.500,1937.200,30.800,0.600,0,1,477
5677,5677,99.379378432340,99.379382165673,4267,5677,99.379096099006,3,4,33,0,706a338a220f08cb,1417.200,1819.100,7.300,0.700,0,1,477
5678,5678,99.396880932339,99.396884665673,4268,5678,99.396598599006,3,4,33,0,adbb75eff1427c58,1599.200,1703.900,7.400,0.500,0,1,477
5679,5679,99.414383732339,99.414387465673,4269,5679,99.414101399006,3,4,32,0,f523e617e50b4137,1459.800,1733.600,7.200,0.300,0,1,477
5680,5680,99.431885865672,99.431889599006,4270,5680,99.431603532339,3,4,31,0,8739a5cb1023a098,1564.900,1803.300,6.900,0.800,0,1,477
5681,5681,99.449388365672,99.449392099006,4271,5681,99.449106032339,3,4,31,0,de7a6e1a4723a276,1440.600,1733.700,6.900,0.600,0,1,477
5682,5682,99.466890799005,99.466894532339,4272,5682,99.466608465672,3,4,31,0,3bdf689441a0c82e,1433.800,1789.500,6.900,0.400,0,1,477
5683,5683,99.484393199005,99.484396932338,4273,5683,99.484110865672,3,4,30,0,e47d81615acfda50,1401.200,1727.200,6.700,0.300,0,1,477
5684,5684,99.501895732338,99.501899465672,4274,5684,99.501613399005,3,5,30,0,bf93851b1d81ee89,1517.900,1753.000,6.700,0.300,0,1,476
5685,5685,99.519398232338,99.519401965671,4275,5685,99.519115899005,3,6,48,0,37e3d94c0a251fb8,1414.200,1767.700,10.800,0.300,0,1,475
5686,5686,99.536900599005,99.536904332338,4276,5686,99.536618265671,3,6,46,0,11902476fb61162d,1458.600,1738.400,10.200,0.400,0,1,475
5687,5687,99.554540732338,99.554544432338,4277,5687,99.554121232338,3,6,50,0,17ae74b412acf946,1410.600,1734.700,11.100,0.500,0,1,474
5688,5688,99.572042799004,99.572046499004,4278,5688,99.571623299004,3,6,50,0,955b20b537c5b9b4,1433.500,1755.700,11.200,0.300,0,1,474
5689,5689,99.589545232337,99.589548932337,4279,5689,99.589125732337,3,7,50,0,d7558039cad6ff06,1414.700,1737.500,11.100,0.500,0,1,473
5690,5690,99.607047799004,99.607051499004,4280,5690,99.606628299004,3,7,49,0,97fd67b739b6421e,1398.200,1706.200,10.900,0.300,0,1,473
5691,5691,99.624550265670,99.624553965670,4281,5691,99.624130765670,3,7,48,0,0f01c4b85835f667,1400.200,1776.900,10.700,0.500,0,1,473
5692,5692,99.642052665670,99.642056365670,4282,5692,99.641633165670,3,7,48,0,04628554a0081dd8,1563.000,1847.700,10.700,0.400,0,1,473
5693,5693,99.659555099003,99.659558799003,4283,5693,99.659135599003,3,7,48,0,af73d14d2144ea70,1483.400,1754.500,10.700,0.700,0,1,473
5694,5694,99.677057532337,99.677061232337,4284,5694,99.676638032337,3,7,48,0,c21f91a501a6d5d1,1467.100,1771.000,10.700,0.600,0,1,473
5695,5695,99.694560432336,99.694564132336,4285,5695,99.694140932336,3,7,45,0,8c9f0f0ef44a6e0f,1441.100,1776.500,10.400,1.500,0,1,473
5696,5696,99.712062632336,99.712066332336,4286,5696,99.711643132336,3,7,42,0,7aa8cff615a513ec,1411.900,1756.700,9.400,0.600,0,1,473
5697,5697,99.729565099003,99.729568799003,4287,5697,99.729145599003,3,7,42,0,38f27ab1c81f49bc,1431.000,1737.800,9.300,0.600,0,1,473
5698,5698,99.747067432336,99.747071132336,4288,5698,99.746647932336,3,7,45,0,c337901944607824,1397.500,1776.000,10.100,1.000,0,1,472
5699,5699,99.764569999002,99.764573699002,4289,5699,99.764150499002,3,7,45,0,3c7d4720a8e4b186,1608.700,1778.900,10.000,0.400,0,1,472
5700,5700,99.782072499002,99.782076199002,4290,5700,99.781652999002,3,7,45,0,3ab5773f8d155fa9,1456.300,1718.700,10.000,0.500,0,1,472
5701,5701,99.799574932335,99.799578632335,4291,5701,99.799155432335,3,6,42,0,4ab6de373b7f4696,1400.500,1746.600,9.300,0.400,0,1,472
5702,5702,99.817077432335,99.817081132335,4292,5702,99.816657932335,3,6,41,0,cdaba14fc0b0ab6f,1420.900,1739.300,9.100,0.500,0,1,472
5703,5703,99.834581532335,99.834585232335,4293,5703,99.834160865668,3,8,42,0,a39a4ffbd9c9d6c2,1446.000,1739.700,9.300,0.400,0,1,470
5704,5704,99.852083465668,99.852087165668,4294,5704,99.851662799001,3,7,41,0,a8c341a62062a7b3,1466.700,1719.100,9.100,0.600,0,1,470
5705,5705,99.869585899001,99.869589599001,4295,5705,99.869165232335,3,7,40,0,6f3c6edb4a50aa65,1403.700,1733.300,8.800,0.500,0,1,470
5706,5706,99.887088399001,99.887092099001,4296,5706,99.886667732334,3,6,28,0,c6df7ca56f94eb40,1409.500,1720.600,6.200,0.500,0,1,470
5707,5707,99.904590899001,99.904594599001,4297,5707,99.904170232334,3,6,24,0,76175e839be25da8,1387.600,1707.000,5.300,0.300,0,1,470
5708,5708,99.922093399001,99.922097099001,4298,5708,99.921672732334,3,7,36,0,854ebc03df73a27c,1480.600,1796.500,8.000,1.000,0,1,469
5709,5709,99.939595799001,99.939599499001,4299,5709,99.939175132334,3,6,26,0,7b49ba8b06da9f3e,1433.100,1753.400,5.800,0.600,0,1,469
5710,5710,99.957098299000,99.957101999000,4300,5710,99.956677632334,3,6,26,0,5327ef940cc3ad5f,1425.400,1772.600,5.900,0.800,0,1,469
5711,5711,99.974601132334,99.974604832334,4301,5711,99.974180465667,3,6,26,0,fa51754843c2f77b,1425.900,1727.600,5.800,0.900,0,1,469
5712,5712,99.992103265667,99.992106965667,4302,5712,99.991682599000,3,6,26,0,57ba3ed4b039b035,1428.700,1720.200,5.800,0.500,0,1,469
5713,5713,100.009605765667,100.009609465667,4303,5713,100.009185099000,3,6,26,0,0c32a057971b44d4,1411.500,1730.400,5.800,0.300,0,1,469
5714,5714,100.027108132333,100.027111832333,4304,5714,100.026687465666,3,6,24,0,905675beeae5266b,1452.900,1712.000,5.300,0.500,0,1,469
5715,5715,100.044622032333,100.044625732333,4305,5715,100.044201365666,3,5,38,0,c88982c5b464fb1c,1400.000,1719.200,8.400,0.400,0,1,468
5716,5716,100.062113198999,100.062116898999,4306,5716,100.061692532333,3,6,38,0,7f6f0fdfa75faf12,1403.300,1839.000,8.400,0.500,0,1,467
5717,5717,100.079615598999,100.079619298999,4307,5717,100.079194932333,3,6,38,0,12423de2ad7cb0fc,1410.600,1711.000,8.400,0.600,0,1,466
5718,5718,100.097118098999,100.097121798999,4308,5718,100.096697432332,3,6,38,0,e7476d6b3d8f7a44,1398.000,1712.100,8.500,0.400,0,1,466
5719,5719,100.114619765666,100.114623465666,4309,5719,100.114200265666,3,6,38,0,cf2884226af19e0d,1393.400,1755.800,8.500,0.500,0,1,466
5720,5720,100.132121932332,100.132125632332,4310,5720,100.131702432332,3,6,37,0,3d1be8ac22ea66dc,1474.700,1770.500,8.200,0.500,0,1,466
5721,5721,100.149624265665,100.149627965665,4311,5721,100.149204765665,3,6,36,0,1d3714025925717c,1406.400,1784.600,8.000,0.400,0,1,466
5722,5722,100.167126798998,100.167130498998,4312,5722,100.166707298998,3,6,36,0,ef25fcf5309a74f1,1397.300,1715.500,8.000,0.400,0,1,466
5723,5723,100.184629298998,100.184632998998,4313,5723,100.184209798998,3,6,36,0,e2773a555f3e859b,1425.300,1703.200,8.100,0.200,0,1,466
5724,5724,100.202131732331,100.202135432331,4314,5724,100.201712232331,3,6,36,0,46c1c4b4c4fa6da1,1463.700,1776.200,8.100,0.500,0,1,466
5725,5725,100.219634165664,100.219637865664,4315,5725,100.219214665664,3,6,34,0,5e14b19dc9422045,1493.200,1851.800,7.600,0.300,0,1,466
5726,5726,100.237136732331,100.237140432331,4316,5726,100.236717232331,3,6,34,0,93a7c51516264396,1521.100,1775.200,7.600,0.400,0,1,466
5727,5727,100.254639398997,100.254643098997,4317,5727,100.254219898997,3,7,54,0,62dbb0513aad021e,1382.100,1747.600,11.900,0.300,0,1,465
5728,5728,100.272141598997,100.272145298997,4318,5728,100.271722098997,3,5,46,0,ff1ecb1acf332717,1396.300,1721.600,10.200,0.400,0,1,465
5729,5729,100.289644165664,100.289647865664,4319,5729,100.289224665664,3,5,46,0,1c8dd99c485bf6bd,1426.800,1823.000,10.200,0.400,0,1,465
5730,5730,100.307146565664,100.307150265664,4320,5730,100.306727065664,3,5,45,0,3af9c159efd0db5d,1403.200,1725.600,10.000,0.400,0,1,465
5731,5731,100.324649098997,100.324652798997,4321,5731,100.324229598997,3,6,45,0,62cf60786f7a2925,1417.000,1783.700,9.900,0.900,0,1,464
5732,5732,100.342151532330,100.342155232330,4322,5732,100.341732032330,3,6,45,0,49826f6a0057ae10,1438.600,1825.700,10.000,0.400,0,1,464
5733,5733,100.359654032330,100.359657732330,4323,5733,100.359234532330,3,6,45,0,530ca409896608b3,1495.900,1728.100,10.000,0.400,0,1,464
5734,5734,100.377156532330,100.377160232330,4324,5734,100.376737032330,3,6,45,0,88cdf6109c5fb42b,1405.500,1702.000,10.000,0.300,0,1,464
5735,5735,100.394658265663,100.394661965663,4325,5735,100.394239932329,3,7,59,0,8e457eeeb1aab6bc,1384.100,1866.500,13.100,0.300,0,1,463
5736,5736,100.412160265663,100.412163965663,4326,5736,100.411741932329,3,7,58,0,3b37c0eda902b51f,1428.800,1744.200,12.900,0.700,0,1,463
5737,5737,100.429662765662,100.429666465662,4327,5737,100.429244432329,3,7,55,0,856219130faeccca,1424.000,1743.100,12.200,0.500,0,1,463
5738,5738,100.447165132329,100.447168832329,4328,5738,100.446746798996,3,7,55,0,1a847defd7edfaae,1472.400,1825.500,12.100,0.800,0,1,463
5739,5739,100.464667632329,100.464671332329,4329,5739,100.464249298995,3,6,55,0,dd5f59b94175e7fa,1456.000,1799.600,12.200,0.500,0,1,463
5740,5740,100.482170098995,100.482173798995,4330,5740,100.481751765662,3,5,46,0,aa80d978dc2d2a6e,1523.000,1702.500,10.200,0.500,0,1,463
5741,5741,100.499672665662,100.499676365662,4331,5741,100.499254332328,3,6,47,0,d7911ea7fff2d187,1409.000,1900.800,10.500,0.400,0,1,462
5742,5742,100.517175098995,100.517178798995,4332,5742,100.516756765661,3,6,46,0,4e25070c1fa3fa06,1421.600,1694.600,10.200,0.300,0,1,462
5743,5743,100.534677865661,100.534681565661,4333,5743,100.534259532328,3,7,45,0,36243baacb28b65d,1412.300,1812.300,10.000,0.500,0,1,461
5744,5744,100.552179932328,100.552183632328,4334,5744,100.551761598994,3,8,49,0,05565b8e8d66a546,1456.600,1970.000,10.900,0.500,0,1,460
5745,5745,100.569682498994,100.569686198994,4335,5745,100.569264165661,3,8,49,0,79e16bade4635b5f,1415.200,1745.100,10.900,0.600,0,1,460
5746,5746,100.587184932327,100.587188632327,4336,5746,100.586766598994,3,7,48,0,89845c272185f0f7,1468.900,1847.300,10.700,0.500,0,1,460
5747,5747,100.604687432327,100.604691132327,4337,5747,100.604269098994,3,7,48,0,3f57cbbe2a034349,1383.400,1704.900,10.700,0.300,0,1,460
5748,5748,100.622189865660,100.622193565660,4338,5748,100.621771532327,3,6,48,0,ab04f25becb44200,1405.400,1739.100,10.600,0.400,0,1,460
5749,5749,100.639692432327,100.639696132327,4339,5749,100.639274098994,3,6,48,0,0e955ef73971951c,1396.000,1711.400,10.700,0.400,0,1,460
5750,5750,100.657194898993,100.657198598993,4340,5750,100.656776565660,3,6,48,0,64a2ea7823018389,1425.200,1759.600,10.700,0.400,0,1,460
5751,5751,100.674697765660,100.674701465660,4341,5751,100.674279432327,3,7,48,0,5cc83b07777d104f,1406.800,1743.900,10.700,0.400,0,1,459
5752,5752,100.692199698993,100.692203398993,4342,5752,100.691781365660,3,8,47,0,29c6da1192323464,1450.600,1695.000,10.500,0.700,0,1,458
5753,5753,100.709702165660,100.709705865660,4343,5753,100.709283832326,3,8,47,0,5583b3bd84601857,1390.700,1706.800,10.500,0.200,0,1,458
5754,5754,100.727204698993,100.727208398993,4344,5754,100.726786365659,3,8,47,0,02be5d9aa7b04d6b,1482.600,1822.300,10.500,1.000,0,1,458
5755,5755,100.744689165659,100.744692865659,4345,5755,100.744288832326,3,6,62,0,3363eab636288e83,1477.900,1807.300,13.700,0.600,0,1,510
5756,5756,100.761984865659,100.761988565659,4346,5756,100.761791365659,3,6,55,0,6b54ad081c7a5849,1549.800,1915.400,12.200,0.600,0,1,556
5757,5757,100.779487265659,100.779490965659,4347,5757,100.779293765659,3,8,45,0,035b5b7ea5b103e1,1422.500,1906.700,10.000,0.700,0,1,592
5758,5758,100.796989765659,100.796993465659,4348,5758,100.796796265659,3,6,37,0,c315a77d8cf8cf30,1433.300,1931.500,8.300,0.700,0,1,642
5759,5759,100.814492598992,100.814496298992,4349,5759,100.814299098992,3,7,51,0,15014d5a47e83a30,1428.000,2042.000,12.400,1.200,0,1,665
5760,5760,100.831994698992,100.831998398992,4350,5760,100.831801198992,3,5,26,0,e3f6955f3859b77a,1454.800,2023.000,5.800,0.800,0,1,686
5761,5761,100.849497232325,100.849500932325,4351,5761,100.849303732325,3,6,46,0,3e0ef693b16c8aa5,1443.200,2030.600,10.200,1.200,0,1,701
5762,5762,100.866999665658,100.867003365658,4352,5762,100.866806165658,3,7,85,0,7b56cc2d5f39d05e,1439.800,2011.300,18.900,0.400,0,1,713
5763,5763,100.884502098991,100.884505798991,4353,5763,100.884308598991,3,8,89,0,75c4de3f35030bcb,1408.800,2039.700,19.800,0.400,0,1,724
5764,5764,100.902004665658,100.902008365658,4354,5764,100.901811165658,3,6,69,0,5929ff821f28693f,1451.900,2046.300,15.300,0.400,0,1,733
5765,5765,100.919507132324,100.919510832324,4355,5765,100.919313632324,3,9,60,0,311cff709437c125,1422.100,2040.900,13.300,0.500,0,1,741
5766,5766,100.937009465657,100.937013165657,4356,5766,100.936815965657,3,6,103,0,86444cc2295c43a1,1485.400,2100.400,22.900,0.500,0,1,749
5767,5767,100.954512498990,100.954516198990,4357,5767,100.954318998990,3,7,97,0,13dff7d96b57e368,1470.700,2146.900,21.500,1.100,0,1,755
5768,5768,100.972014432324,100.972018132324,4358,5768,100.971820932324,3,5,100,1,e13ee37ae3d2a279,1485.700,2240.700,22.300,0.600,0,1,757
5769,5769,100.989516932323,100.989520632323,4359,5769,100.989323432323,3,6,101,1,ea9ee1338eeae00d,1395.900,2079.900,22.400,0.400,0,1,758
5770,5770,101.007019365657,101.007023065657,4360,5770,101.006825865657,3,7,103,1,049b4dec14621770,1404.900,2110.100,22.800,0.500,0,1,759
5771,5771,101.024521865656,101.024525565656,4361,5771,101.024328365656,3,6,102,1,a0444bdb01a277b1,1432.800,2251.700,22.600,0.600,0,1,761
5772,5772,101.042035598990,101.042039298990,4362,5772,101.041842098990,3,5,102,1,6424c99aee3da63c,1435.000,2142.800,22.600,0.400,0,1,762
5773,5773,101.059526765656,101.059530465656,4363,5773,101.059333265656,3,7,112,1,2f15bc89ac4de008,1395.300,2072.900,24.800,0.500,0,1,762
5774,5774,101.077029365656,101.077033065656,4364,5774,101.076835865656,3,7,113,1,46a58c4a98d344a0,1507.500,2150.900,25.100,0.400,0,1,762
5775,5775,101.094532132322,101.094535832322,4365,5775,101.094338632322,3,6,103,1,f5e7afb3ced19b88,1467.700,2087.500,22.800,0.400,0,1,763
5776,5776,101.112035398989,101.112039098989,4366,5776,101.111840732322,3,6,103,1,1e0825a6f9bbef7e,1476.400,2093.900,22.800,0.500,0,1,763
5777,5777,101.129537832322,101.129541532322,4367,5777,101.129343165655,3,6,103,1,b9ed8fd74aed254c,1405.600,2065.500,22.800,0.400,0,1,763
5778,5778,101.147040432322,101.147044132322,4368,5778,101.146845765655,3,6,103,1,4f9617b87cd9e6ef,1412.800,2129.600,22.800,0.800,0,1,763
5779,5779,101.164542765655,101.164546465655,4369,5779,101.164348098988,3,6,103,1,e2f82de7761fb85e,1399.800,2180.100,22.800,0.400,0,1,763
5780,5780,101.182045232322,101.182048932322,4370,5780,101.181850565655,3,6,103,1,2643495a52cb13f8,1409.900,2199.200,22.800,0.500,0,1,763
5781,5781,101.199547698988,101.199551398988,4371,5781,101.199353032321,3,6,103,1,b8972b99b634b6f4,1396.100,2095.800,22.900,0.300,0,1,763
5782,5782,101.217050265654,101.217053965655,4372,5782,101.216855598988,3,6,103,1,c223bd1e55161e7d,1448.600,2118.700,22.900,0.400,0,1,763
5783,5783,101.234553232321,101.234556932321,4373,5783,101.234358565654,3,6,103,1,3c635f4aeed4ad8b,1467.200,3057.800,22.900,0.800,0,1,763
5784,5784,101.252055165654,101.252058865654,4374,5784,101.251860498987,3,6,103,1,2922c25cff7b4041,1403.100,2089.500,22.800,0.500,0,1,763
5785,5785,101.269557632321,101.269561332321,4375,5785,101.269362965654,3,6,103,1,0a908a9caaf23c14,1418.900,2082.000,22.800,0.600,0,1,763
5786,5786,101.287060132320,101.287063832320,4376,5786,101.286865465654,3,6,103,1,ccd37fd19a65510d,1390.100,2087.200,22.800,0.400,0,1,763
5787,5787,101.304562598987,101.304566298987,4377,5787,101.304367932320,3,6,103,1,f1170f9c1db7f922,1408.400,2110.300,22.800,0.400,0,1,763
5788,5788,101.322065065653,101.322068765653,4378,5788,101.321870398987,3,7,113,1,86674750acb7dc2b,1405.900,2089.500,25.000,0.300,0,1,762
5789,5789,101.339567498987,101.339571198987,4379,5789,101.339372832320,3,7,113,1,0f6714e7fd71efc1,1387.300,2203.000,25.000,0.500,0,1,762
5790,5790,101.357070098986,101.357073798986,4380,5790,101.356875432320,3,7,112,1,21c9a0c2fd9111d0,1415.100,2120.600,24.800,0.400,0,1,762
5791,5791,101.374572832320,101.374576532320,4381,5791,101.374378165653,3,7,112,1,e24b69a4b1c9274b,1417.500,2247.600,24.800,0.400,0,1,762
5792,5792,101.392073798986,101.392077498986,4382,5792,101.391880298986,3,7,112,1,0a37003e9151ca37,1437.800,2432.000,24.900,0.300,0,1,762
5793,5793,101.409576198986,101.409579898986,4383,5793,101.409382698986,3,6,103,1,222583e7c17af9da,1413.100,2180.600,22.800,0.200,0,1,762
5794,5794,101.427078732319,101.427082432319,4384,5794,101.426885232319,3,5,103,1,0fb6367d36faccd3,1450.200,2169.800,22.800,0.600,0,1,762
5795,5795,101.444581198986,101.444584898986,4385,5795,101.444387698986,3,5,102,1,9b24a3aa5d092186,1445.000,2114.900,22.600,0.800,0,1,762
5796,5796,101.462083732319,101.462087432319,4386,5796,101.461890232319,3,5,101,1,50656d7c6b7f9b93,1417.100,2067.900,22.400,0.500,0,1,762
5797,5797,101.479586132319,101.479589832319,4387,5797,101.479392632319,3,5,101,1,b3f3d79f3dabbd9d,1420.000,2067.400,22.300,0.600,0,1,762
5798,5798,101.497088665652,101.497092365652,4388,5798,101.496895165652,3,6,102,1,9a50bbe7463f4270,1389.100,2187.100,22.800,0.400,0,1,761
5799,5799,101.514591565652,101.514595265652,4389,5799,101.514398065652,3,6,102,1,8cf51b1f7f946f9f,1416.300,2064.600,22.600,0.400,0,1,761
5800,5800,101.532093598985,101.532097298985,4390,5800,101.531900098985,3,5,98,1,0e7e79537c246766,1450.800,2084.900,21.800,0.600,0,1,761
5801,5801,101.549596065651,101.549599765651,4391,5801,101.549402565651,3,5,96,1,2755b8f00e2fc777,1443.400,2181.600,21.200,0.500,0,1,761
5802,5802,101.567098465651,101.567102165651,4392,5802,101.566904965651,3,5,96,1,c11b1f2040a2b6b3,1472.000,2173.500,21.300,0.400,0,1,761
5803,5803,101.584601032317,101.584604732317,4393,5803,101.584407532317,3,6,106,1,bde4982463421cf8,1428.200,2084.400,23.500,0.400,0,1,760
5804,5804,101.602103465651,101.602107165651,4394,5804,101.601909965651,3,7,102,1,e11dc5cbb58aa214,1430.700,2069.400,22.700,0.400,0,1,759
5805,5805,101.619605965650,101.619609665650,4395,5805,101.619412465650,3,7,101,1,87300258aab05176,1459.900,2136.300,22.400,0.400,0,1,759
5806,5806,101.637108432317,101.637112132317,4396,5806,101.636914932317,3,6,82,1,321c0b107621993f,1465.200,2114.700,18.200,0.400,0,1,759
5807,5807,101.654609998983,101.654613698983,4397,5807,101.654417665650,3,5,73,1,ae0e0a3559f5ea1d,1399.500,2103.400,16.200,0.300,0,1,759
5808,5808,101.672112165650,101.672115865650,4398,5808,101.671919832317,3,5,73,1,339f5cca9ca398b2,1414.700,2071.600,16.200,0.500,0,1,759
5809,5809,101.689614598983,101.689618298983,4399,5809,101.689422265650,3,5,73,1,dc6b0919bce1059e,1441.400,2088.400,17.000,0.700,0,1,759
5810,5810,101.707117098983,101.707120798983,4400,5810,101.706924765650,3,5,73,1,845d997abbc98ee6,1422.600,2091.500,16.200,0.900,0,1,759
5811,5811,101.724619532316,101.724623232316,4401,5811,101.724427198983,3,5,72,0,53e37f253297fd60,1503.500,2074.300,16.000,0.400,0,1,759
5812,5812,101.742122065649,101.742125765649,4402,5812,101.741929732316,3,6,100,0,a74cb645158d31b9,1417.100,2065.400,22.100,0.400,0,1,758
5813,5813,101.759624465649,101.759628165649,4403,5813,101.759432132316,3,6,100,0,5093133a68999d18,1410.600,2132.400,22.300,0.600,0,1,758
5814,5814,101.777126965649,101.777130665649,4404,5814,101.776934632316,3,6,100,0,9fb0741a244f1fdb,1402.300,2117.500,22.200,0.600,0,1,758
5815,5815,101.794629865649,101.794633565649,4405,5815,101.794437532315,3,6,100,0,5fe42624319f3641,1538.200,2069.200,22.200,0.500,0,1,758
5816,5816,101.812131998982,101.812135698982,4406,5816,101.811939665649,3,7,110,0,ddbceb80225a8cc8,1401.300,2110.400,24.400,0.400,0,1,757
5817,5817,101.829634398982,101.829638098982,4407,5817,101.829442065648,3,7,110,0,c73c614a2eabbfc7,1467.800,2186.300,24.400,0.500,0,1,757
5818,5818,101.847136832315,101.847140532315,4408,5818,101.846944498982,3,7,110,0,7f1ec9d4797875e5,1451.600,2074.600,24.400,0.300,0,1,757
5819,5819,101.864640032315,101.864643732315,4409,5819,101.864447698981,3,7,110,0,cb35fb4fe5f8fc9c,1676.200,2164.500,24.400,0.400,0,1,757
5820,5820,101.882141798981,101.882145498981,4410,5820,101.881949465648,3,5,101,0,1c40f399f7bc5267,1455.600,2067.800,22.500,0.800,0,1,757
5821,5821,101.899644265648,101.899647965648,4411,5821,101.899451932314,3,5,101,0,f0ddd0fbd1fdd1b3,1415.600,2135.100,22.400,0.700,0,1,757
5822,5822,101.917147932314,101.917151632314,4412,5822,101.916954432314,3,5,101,0,ab3913a4321c6432,1453.600,2141.500,22.400,0.600,0,1,757
5823,5823,101.934650698981,101.934654398981,4413,5823,101.934457198981,3,5,100,0,e8b3f23b03422175,1470.500,2216.900,22.200,0.500,0,1,757
5824,5824,101.952152798980,101.952156498980,4414,5824,101.951959298980,3,5,99,0,b65e98c5e3e3063a,1437.800,2235.200,21.900,1.100,0,1,757
5825,5825,101.969655265647,101.969658965647,4415,5825,101.969461765647,3,5,96,0,50db9d603e8c0fed,1727.200,2158.300,21.400,0.800,0,1,757
5826,5826,101.987157832313,101.987161532313,4416,5826,101.986964332313,3,4,97,1,f93ea27258a51a6b,1506.000,2187.000,21.500,0.700,0,1,771
5827,5827,102.004646365647,102.004650065647,4417,5827,102.004466865647,3,7,63,4,1a319339f623f6d5,1436.700,2087.300,14.000,0.500,0,1,779
5828,5828,102.022148765646,102.022152465646,4418,5828,102.021969265646,3,10,76,9,0505fb7bf82f5b85,1457.100,2116.300,16.800,0.600,0,1,789
5829,5829,102.039652565646,102.039656265646,4419,5829,102.039483065646,3,9,76,12,4a69d59c90c6532d,1407.600,2101.600,16.900,0.500,0,1,800
5830,5830,102.057143698979,102.057147398979,4420,5830,102.056974198979,3,10,67,14,d019ca412472c547,1410.600,2126.300,14.900,0.500,0,1,810
5831,5831,102.074524632313,102.074528332313,4421,5831,102.074477132313,3,10,66,16,85dd4c7512e2cc80,1492.200,2178.500,14.600,0.600,0,1,816
5832,5832,102.092026565646,102.092030265646,4422,5832,102.091979065646,3,11,88,21,40ff7e7bcf4a0050,1428.300,2126.700,19.500,0.600,0,1,821
5833,5833,102.109529132312,102.109532832312,4423,5833,102.109481632312,3,12,78,23,236d31a39ea96509,1421.600,2110.500,17.300,0.400,0,1,825
5834,5834,102.127031565645,102.127035265645,4424,5834,102.126984065645,3,10,70,24,2304be0d424c638b,1421.100,2148.100,15.500,0.900,0,1,832
5835,5835,102.144533998979,102.144537698979,4425,5835,102.144486498979,3,9,77,24,08518035883df2d0,1434.400,2285.600,17.100,0.500,0,1,834
5836,5836,102.162036598978,102.162040298978,4426,5836,102.161989098978,3,11,87,25,75c5a3a8f46b51b1,1425.000,2133.300,19.300,0.900,0,1,834
5837,5837,102.179540232312,102.179543932312,4427,5837,102.179491565645,3,12,73,25,6048ca6bfd49beab,1425.500,2109.600,16.200,0.300,0,1,837
5838,5838,102.197042665645,102.197046365645,4428,5838,102.196993998978,3,14,85,25,9ecf0b2fcdc7faa8,1482.700,2156.100,18.800,1.100,0,1,837
5839,5839,102.214545432311,102.214549132311,4429,5839,102.214496765645,3,14,85,25,5e5b64f05bada13a,1429.800,2188.200,18.800,0.800,0,1,838
5840,5840,102.232047598978,102.232051298978,4430,5840,102.231998932311,3,14,86,28,41419e24c7ad8597,1446.300,2171.300,19.100,0.300,0,1,839
5841,5841,102.249550098978,102.249553798978,4431,5841,102.249501432311,3,14,87,28,5257c4f3c09a3b46,1438.100,2138.200,19.300,0.700,0,1,839
5842,5842,102.267052598977,102.267056298977,4432,5842,102.267003932311,3,15,99,28,6a6fe029bd2c2a07,1408.500,2137.400,22.000,0.400,0,1,839
5843,5843,102.284554998977,102.284558698977,4433,5843,102.284506332310,3,15,99,28,be1ea69e6c39f259,1397.200,2124.400,21.900,0.400,0,1,839
5844,5844,102.302057465644,102.302061165644,4434,5844,102.302008798977,3,14,90,28,f561cc8e2d2680c2,1403.100,2167.400,19.900,0.500,0,1,840
5845,5845,102.319559865643,102.319563565643,4435,5845,102.319511198977,3,13,90,28,c6e196fda26ecb1b,1402.100,2186.600,19.900,0.400,0,1,841
5846,5846,102.337062432310,102.337066132310,4436,5846,102.337013765643,3,14,90,28,bc2debe09c958a9d,1463.000,2255.200,19.900,0.400,0,1,840
5847,5847,102.354565298976,102.354568998976,4437,5847,102.354516632310,3,15,99,28,8973c1d531cd45d5,1729.200,2226.700,21.900,0.500,0,1,839
5848,5848,102.372067398976,102.372071098976,4438,5848,102.372018732310,3,15,100,28,b1e42d6245ab3aed,1420.900,2237.700,22.200,0.300,0,1,839
5849,5849,102.389569798976,102.389573498976,4439,5849,102.389521132309,3,15,100,28,bb9e02ace7b08f1b,1468.700,2171.200,22.200,0.400,0,1,839
5850,5850,102.407072365643,102.407076065643,4440,5850,102.407023698976,3,14,88,26,b8e4e98c11966b80,1436.500,2146.000,19.500,0.400,0,1,839
5851,5851,102.424574698976,102.424578398976,4441,5851,102.424526032309,3,14,88,26,e552f0418e55dd8b,1419.900,2155.700,19.500,0.500,0,1,839
5852,5852,102.442076098976,102.442079798976,4442,5852,102.442028598976,3,14,87,26,cbd437013d641736,1426.200,2164.500,19.300,0.400,0,1,839
5853,5853,102.459578565642,102.459582265642,4443,5853,102.459531065642,3,14,87,26,cee79e928e868fb4,1394.700,2183.000,19.200,0.400,0,1,839
5854,5854,102.477080932309,102.477084632309,4444,5854,102.477033432309,3,14,87,25,bd04b1ff90895c06,1473.100,2337.200,19.400,0.800,0,1,839
5855,5855,102.494583865642,102.494587565642,4445,5855,102.494536365642,3,14,87,25,55c1315f11870684,1425.300,2244.500,19.300,0.500,0,1,839
5856,5856,102.512085965642,102.512089665642,4446,5856,102.512038465642,3,14,88,25,34cf5d9cd58f4200,1415.400,2134.600,19.500,0.900,0,1,838
5857,5857,102.529588365641,102.529592065641,4447,5857,102.529540865641,3,14,86,25,11c6adc1fd77085a,1518.700,2151.200,19.100,0.500,0,1,838
5858,5858,102.547090865641,102.547094565641,4448,5858,102.547043365641,3,15,87,25,478dee8035eada5b,1429.100,2132.300,19.300,0.300,0,1,837
5859,5859,102.564593298974,102.564596998974,4449,5859,102.564545798974,3,14,79,25,e1339cfaa2be651b,1476.300,2149.800,17.600,0.400,0,1,838
5860,5860,102.582095865641,102.582099565641,4450,5860,102.582048365641,3,14,79,25,b60f9adcf842941b,1573.600,2176.900,17.600,0.400,0,1,838
5861,5861,102.599598298974,102.599601998974,4451,5861,102.599550798974,3,12,76,25,90e3f2b524d7a705,1427.600,2136.100,16.800,0.400,0,1,838
5862,5862,102.617100832307,102.617104532307,4452,5862,102.617053332307,3,12,76,25,83b8fcf61b03517f,1464.100,2172.800,16.900,0.800,0,1,838
5863,5863,102.634603698974,102.634607398974,4453,5863,102.634556198974,3,13,74,25,914ac1cd33ae5bf0,1406.900,2137.100,16.400,0.300,0,1,837
5864,5864,102.652105698973,102.652109398973,4454,5864,102.652058198973,3,12,74,25,c3ca067e0e855a08,1508.900,2273.600,16.400,0.400,0,1,837
5865,5865,102.669608132307,102.669611832307,4455,5865,102.669560632307,3,12,74,24,2e8221c8f30e231c,1406.300,2115.500,16.400,0.300,0,1,837
5866,5866,102.687110632306,102.687114332306,4456,5866,102.687063132306,3,12,74,24,434e3581f900cb78,1436.300,2154.200,16.400,0.700,0,1,837
5867,5867,102.704611932306,102.704615632306,4457,5867,102.704565598973,3,12,72,24,5fbaa1ff7ba8d0bd,1423.300,2189.500,16.000,0.500,0,1,837
5868,5868,102.722114398973,102.722118098973,4458,5868,102.722068065639,3,12,72,24,4370164d5c86b43b,1419.500,2161.000,16.000,0.300,0,1,837
5869,5869,102.739616832306,102.739620532306,4459,5869,102.739570498973,3,12,72,24,3ea5a58c8c88dbb1,1460.900,2192.400,16.000,0.300,0,1,837
5870,5870,102.757119465639,102.757123165639,4460,5870,102.757073132306,3,12,88,24,4895cf16f9b6f78f,1448.700,2214.200,19.500,0.700,0,1,834
5871,5871,102.774622232306,102.774625932306,4461,5871,102.774575898972,3,11,88,24,95ac137a73aababb,1403.700,2182.700,19.500,0.400,0,1,834
5872,5872,102.792124398972,102.792128098972,4462,5872,102.792078065639,3,11,88,24,57f434fc6858b0cc,1483.800,2244.000,19.500,0.400,0,1,834
5873,5873,102.809626865639,102.809630565639,4463,5873,102.809580532305,3,11,88,24,40cf4eea82f7e7a6,1398.800,2155.200,19.500,0.600,0,1,834
5874,5874,102.827129332305,102.827133032305,4464,5874,102.827082998972,3,10,82,24,228a05984dc1a987,2123.600,2211.400,18.200,0.300,0,1,834
5875,5875,102.844631665638,102.844635365638,4465,5875,102.844585332305,3,10,81,24,59f12334ffd567ea,1433.100,2208.500,18.000,0.400,0,1,834
5876,5876,102.862134265638,102.862137965638,4466,5876,102.862087932305,3,10,81,24,57e51c7ff8f725f0,1394.800,2233.500,18.100,0.600,0,1,834
5877,5877,102.879636665638,102.879640365638,4467,5877,102.879590332305,3,10,81,24,e13fff431af2dbc9,1480.300,2134.800,18.000,0.400,0,1,834
5878,5878,102.897139165638,102.897142865638,4468,5878,102.897092832304,3,10,81,24,aeb5174351395cae,1422.900,2233.500,18.100,0.600,0,1,834
5879,5879,102.914642132304,102.914645832304,4469,5879,102.914595798971,3,9,81,24,85fbc48ee1103e24,1481.300,2225.600,18.300,0.500,0,1,834
5880,5880,102.932144132304,102.932147832304,4470,5880,102.932097798971,3,9,77,23,cdebef98e97eb60f,1421.800,2162.200,17.000,0.500,0,1,834
5881,5881,102.949646632304,102.949650332304,4471,5881,102.949600298971,3,9,77,23,40a0d2cff038ede4,1506.300,2179.900,17.300,0.500,0,1,834
5882,5882,102.967150198970,102.967153898970,4472,5882,102.967102698970,3,9,77,23,5482ecd9125612eb,1401.800,2250.900,17.100,0.900,0,1,834
5883,5883,102.984652665637,102.984656365637,4473,5883,102.984605165637,3,8,68,23,e4710be1a37a4ff1,1442.300,3076.200,15.500,1.000,0,1,834
5884,5884,103.002155165637,103.002158865637,4474,5884,103.002107665637,3,9,78,23,f2eee3d20ac096fc,1450.400,2712.900,17.400,0.600,0,1,833
5885,5885,103.019657698970,103.019661398970,4475,5885,103.019610198970,3,9,77,23,cd99225dd3e49d92,1502.200,2173.100,17.100,0.400,0,1,833
5887,5887,103.054662932303,103.054666632303,4476,5887,103.054615432303,3,10,78,22,d0801bdeaa6ed79d,1416.100,2159.600,17.300,0.700,0,1,832
5889,5889,103.089789465636,103.089793165636,4477,5889,103.089619965636,3,10,77,22,77c1a307e99a5f94,1428.500,2138.000,17.100,0.400,0,1,832
5891,5891,103.124794498969,103.124798198969,4478,5891,103.124624998969,3,11,79,22,da9c1e9ee7ca3fc0,1479.000,2276.300,17.500,0.600,0,1,830
5893,5893,103.159799332302,103.159803032302,4479,5893,103.159629832302,3,10,67,22,938514c2c1af3334,1446.000,2169.300,14.900,0.800,0,1,830
5895,5895,103.194804698968,103.194808398968,4480,5895,103.194635198968,3,11,67,21,199a22caba3dbb9c,1441.300,2138.800,14.900,0.600,0,1,829
5896,5896,103.212307898968,103.212311598968,4481,5896,103.212137232301,3,11,67,21,33323d5157ad3216,1406.900,2106.800,14.900,0.400,0,1,828
5897,5897,103.229810365634,103.229814065634,4482,5897,103.229639698968,3,11,79,21,89fae9b12c9a6b5b,1412.100,2141.900,17.500,0.500,0,1,826
5898,5898,103.247312832301,103.247316532301,4483,5898,103.247142165634,3,12,79,21,a383807bacd17202,1415.300,2129.500,17.500,0.300,0,1,825
5899,5899,103.264815398967,103.264819098967,4484,5899,103.264644732301,3,12,79,21,145ddf3c36bf1595,1486.900,2220.500,17.500,0.700,0,1,825
5900,5900,103.282317798967,103.282321498967,4485,5900,103.282147132301,3,12,79,21,eaaad5057da63ae1,1434.500,2186.900,17.600,0.300,0,1,825
5901,5901,103.299820365634,103.299824065634,4486,5901,103.299649698967,3,12,79,21,3f06adb879b4690c,1447.400,2287.400,17.600,0.400,0,1,825
5902,5902,103.317200865633,103.317204565633,4487,5902,103.317152198967,3,13,97,25,a3a60a57a2e2e065,1500.900,2131.400,21.500,0.400,0,1,843
5903,5903,103.334703565633,103.334707265633,4488,5903,103.334654898967,3,18,166,31,31d874a2416e8f04,1403.300,2257.400,49.800,0.500,0,1,851
5904,5904,103.352205765633,103.352209465633,4489,5904,103.352157098966,3,25,217,38,d7a87fd8f4c935a9,1560.100,2325.300,48.000,0.400,0,1,857
5905,5905,103.369708132300,103.369711832300,4490,5905,103.369659465633,3,34,251,50,377718b6c7958b8f,1501.900,2328.600,55.600,0.400,0,1,857
5906,5906,103.387210765633,103.387214465633,4491,5906,103.387162098966,3,37,254,77,7900e30591ed13d2,1595.300,2246.100,56.200,0.500,0,1,860
5907,5907,103.404713198966,103.404716898966,4492,5907,103.404664532299,3,50,334,120,adb2566fc903d756,1410.200,2247.400,79.500,0.400,0,1,855
5908,5908,103.422215665632,103.422219365632,4493,5908,103.422166998966,3,57,372,147,a6bf5a0cc536c61e,1436.300,2397.100,82.300,0.600,0,1,855
5909,5909,103.439718065632,103.439721765632,4494,5909,103.439669398966,3,67,426,169,d59ab0fe7bc1bff5,1412.600,2393.500,94.200,0.500,0,1,847
5910,5910,103.457220632299,103.457224332299,4495,5910,103.457171965632,3,67,437,186,285a91dc709aaf39,1421.900,2298.100,96.800,0.400,0,1,850
5911,5911,103.474722332299,103.474726032299,4496,5911,103.474674832299,3,68,444,200,15a08811ad9752c0,1461.400,2371.300,98.200,0.600,0,1,851
5912,5912,103.492224265632,103.492227965632,4497,5912,103.492176765632,3,70,440,206,00a6f9bd715fff8e,1475.200,2569.700,97.400,0.500,0,1,850
5913,5913,103.509726732298,103.509730432298,4498,5913,103.509679232298,3,74,451,217,6e91a0a8913e0eb8,1418.000,2401.000,99.900,0.500,0,1,848
5914,5914,103.527229232298,103.527232932298,4499,5914,103.527181732298,3,78,486,220,d7d3f8165c843284,1441.200,2375.600,107.600,0.600,0,1,850
5915,5915,103.544731732298,103.544735432298,4500,5915,103.544684232298,3,77,479,226,b111f2abdf1ff156,1421.700,2323.300,106.300,0.500,0,1,851
5916,5916,103.562234165631,103.562237865631,4501,5916,103.562186665631,3,77,484,229,a827511fa7b0d46b,1512.800,2401.800,133.300,0.600,0,1,851
5917,5917,103.579736765631,103.579740465631,4502,5917,103.579689265631,3,77,486,230,35618e5859b25d29,1450.500,2316.700,107.600,0.400,0,1,851
5918,5918,103.597239098964,103.597242798964,4503,5918,103.597191598964,3,77,486,230,7c37785a9b5072ca,1473.500,2648.400,107.700,0.400,0,1,851
5919,5919,103.614741965631,103.614745665631,4504,5919,103.614694465631,3,78,489,231,4a87d72aec6d692f,1399.100,2276.100,108.200,0.400,0,1,850
5920,5920,103.632244132297,103.632247832297,4505,5920,103.632196632297,3,77,488,231,0ed9bd220712834a,1447.400,2436.300,118.400,0.600,0,1,851
5921,5921,103.649746532297,103.649750232297,4506,5921,103.649699032297,3,77,488,230,446179baaae549a8,1429.700,2295.300,108.200,0.900,0,1,851
5922,5922,103.667249032297,103.667252732297,4507,5922,103.667201532297,3,77,488,230,c70adb2acdaa0d03,1393.200,2333.200,108.000,0.300,0,1,851
5923,5923,103.684751532296,103.684755232296,4508,5923,103.684704032296,3,76,478,228,13c6411105d4419c,1396.100,2302.000,105.800,0.400,0,1,852
5924,5924,103.702253932296,103.702257632296,4509,5924,103.702206432296,3,76,478,228,5f9ec48b0710540f,1466.800,2302.600,105.700,0.500,0,1,852
5925,5925,103.719756532296,103.719760232296,4510,5925,103.719709032296,3,76,476,222,ed6d7e13de51accf,1439.600,2351.700,105.400,0.900,0,1,852
5926,5926,103.737257698963,103.737261398963,4511,5926,103.737211365629,3,77,480,221,2fa162d3f9c3160c,1416.200,2287.800,106.300,0.400,0,1,851
5927,5927,103.754760732296,103.754764432296,4512,5927,103.754714398962,3,76,480,221,e0a4230382574fb7,1410.800,2306.400,106.300,0.500,0,1,852
5928,5928,103.772262698962,103.772266398962,4513,5928,103.772216365629,3,76,481,219,4d595fadf16e0bd8,1399.100,2281.000,106.500,0.400,0,1,852
5929,5929,103.789765198962,103.789768898962,4514,5929,103.789718865629,3,76,488,212,15db46ed98faaa2a,1412.800,2286.500,108.000,0.400,0,1,852
5930,5930,103.807267732295,103.807271432295,4515,5930,103.807221398962,3,76,487,211,6881a1c3529ba2b2,1403.100,2267.900,107.800,0.300,0,1,852
5931,5931,103.824770198962,103.824773898962,4516,5931,103.824723865628,3,75,453,209,c3fb794b75c9f246,1423.600,2382.300,100.300,0.300,0,1,852
5932,5932,103.842272532295,103.842276232295,4517,5932,103.842226198962,3,75,474,209,4ada53010bab5a15,1456.100,2305.500,105.300,0.400,0,1,850
5933,5933,103.859775032295,103.859778732295,4518,5933,103.859728698961,3,72,451,207,556398a5981fcab8,1894.600,2309.300,100.400,0.400,0,1,850
5934,5934,103.877277465628,103.877281165628,4519,5934,103.877231132295,3,71,447,207,05f2534b55c1514e,1396.700,2288.400,98.900,0.400,0,1,850
5935,5935,103.894780298961,103.894783998961,4520,5935,103.894733965628,3,69,445,201,62bf0d889f7550e0,1428.400,2361.600,98.500,0.400,0,1,852
5936,5936,103.912282498961,103.912286198961,4521,5936,103.912236165628,3,68,435,200,255dee0725858b2e,1410.100,2421.000,96.400,0.300,0,1,853
5937,5937,103.929784898961,103.929788598961,4522,5937,103.929738565627,3,67,430,196,31f23f9b0dbfc17e,1490.000,2277.800,95.200,0.500,0,1,853
5938,5938,103.947287365627,103.947291065627,4523,5938,103.947241032294,3,67,429,194,0b2d3a6ef49c86e7,1407.400,2347.400,94.900,0.500,0,1,853
5939,5939,103.964789932294,103.964793632294,4524,5939,103.964743598960,3,66,429,190,f00c54f2020cdfe6,1638.800,2334.200,94.900,0.500,0,1,854
5940,5940,103.982292365627,103.982296065627,4525,5940,103.982246032294,3,63,428,187,dca4542960e8cbad,2151.100,2362.300,94.800,0.600,0,1,856
5941,5941,103.999796065627,103.999799765627,4526,5941,103.999748565627,3,63,428,182,e3941c6e4b62c8d2,1425.700,2296.700,94.700,0.600,0,1,856
5942,5942,104.017298432293,104.017302132293,4527,5942,104.017250932293,3,61,405,179,e2076e911b2ba302,1583.400,2351.200,89.700,0.500,0,1,858
5943,5943,104.034812665626,104.034816365626,4528,5943,104.034765165626,3,62,413,177,63ceef3eee39b439,1429.700,2461.100,91.400,0.500,0,1,857
5944,5944,104.052303498959,104.052307198959,4529,5944,104.052255998959,3,62,412,177,abc06d05226dd45e,1426.600,2338.000,91.700,0.300,0,1,857
5945,5945,104.069805932293,104.069809632293,4530,5945,104.069758432293,3,63,413,176,abba35cd90f91d93,1413.600,2343.600,91.400,0.400,0,1,856
5946,5946,104.087308398959,104.087312098959,4531,5946,104.087260898959,3,61,399,170,a29c1413b17409ee,1523.700,2344.000,162.000,0.300,0,1,857
5947,5947,104.104810832292,104.104814532292,4532,5947,104.104763332292,3,61,405,164,ca48f7b1005bc755,1417.100,2289.700,89.600,1.000,0,1,856
5948,5948,104.122313298959,104.122316998959,4533,5948,104.122265798959,3,59,403,161,01d762b26e7db284,1441.700,2465.600,89.200,0.300,0,1,858
5949,5949,104.139815698959,104.139819398959,4534,5949,104.139768198959,3,59,403,161,2a5246313c73541d,1490.600,2283.600,89.200,0.500,0,1,858
5950,5950,104.157318198958,104.157321898958,4535,5950,104.157270698958,3,59,403,159,e959d3703d9fe564,1407.000,2241.400,89.100,0.400,0,1,858
5951,5951,104.174820965625,104.174824665625,4536,5951,104.174773465625,3,59,403,159,21674f279eb3de07,1418.700,2293.100,89.200,0.500,0,1,858
5952,5952,104.192323232291,104.192326932291,4537,5952,104.192275732291,3,59,406,153,03aff67017784c38,1404.100,2241.800,89.900,0.700,0,1,858
5953,5953,104.209825698958,104.209829398958,4538,5953,104.209778198958,3,57,393,150,18ea912971ac0d2a,1416.900,2264.600,91.400,0.500,0,1,860
5954,5954,104.227328165624,104.227331865624,4539,5954,104.227280665624,3,58,399,142,021767e6001162c1,1409.200,2282.200,88.400,0.500,0,1,859
5955,5955,104.244831698958,104.244835398958,4540,5955,104.244783032291,3,57,398,139,4ff46481678d7a23,1473.900,2271.100,88.700,0.600,0,1,860
5956,5956,104.262334298957,104.262337998957,4541,5956,104.262285632291,3,56,371,138,9f4af7ef38159c60,1455.300,2325.400,84.400,0.600,0,1,860
5957,5957,104.279836698957,104.279840398957,4542,5957,104.279788032291,3,57,380,133,e1cafa9e8221986d,1410.400,2280.400,84.100,0.400,0,1,858
5958,5958,104.297339198957,104.297342898957,4543,5958,104.297290532290,3,56,368,129,e0374d7fd1689e4e,1500.000,2290.000,81.500,0.500,0,1,859
5959,5959,104.314842065624,104.314845765624,4544,5959,104.314793398957,3,56,368,128,0427bdab3d10707f,1456.700,2291.300,81.400,1.000,0,1,859
5960,5960,104.332344165623,104.332347865623,4545,5960,104.332295498957,3,55,360,123,b0feeff92f2fc68f,1439.700,2329.200,79.700,0.800,0,1,859
5961,5961,104.349846598957,104.349850298956,4546,5961,104.349797932290,3,55,360,123,a6c373a30a5725f6,1430.300,2256.900,79.600,0.600,0,1,858
5962,5962,104.367349065623,104.367352765623,4547,5962,104.367300398956,3,54,346,115,585c7d9acfa7e57f,1392.900,2658.000,77.000,0.500,0,1,859
5963,5963,104.384851532289,104.384855232289,4548,5963,104.384802865623,3,53,336,112,2fa77bed1cd0b734,1507.600,2311.700,74.700,0.600,0,1,860
5964,5964,104.402354032289,104.402357732289,4549,5964,104.402305365623,3,52,332,110,630633c6800147be,1422.600,2243.200,73.500,0.400,0,1,861
5965,5965,104.419856532289,104.419860232289,4550,5965,104.419807865622,3,52,332,107,43ca71a95dce65c6,1421.300,2238.100,73.500,0.300,0,1,861
5966,5966,104.437358965622,104.437362665622,4551,5966,104.437310298956,3,52,330,107,93c73aaf4aca3262,1403.200,2241.700,73.000,0.400,0,1,861
5967,5967,104.454861732289,104.454865432289,4552,5967,104.454813065622,3,76,488,215,637e66fce7e3fc05,1430.500,2384.300,108.100,0.300,0,1,857
5968,5968,104.472363832289,104.472367532289,4553,5968,104.472315165622,3,99,565,297,ef9950ec9c32286c,1433.800,2422.100,125.700,0.600,0,1,849
5969,5969,104.489866432288,104.489870132288,4554,5969,104.489817765622,3,115,666,359,895b023e71209223,1423.500,2376.800,147.300,0.400,0,1,846
5970,5970,104.507371665622,104.507375365622,4555,5970,104.507320165622,3,18,156,1,0e6395f9712111e4,1432.900,2053.400,34.600,0.600,0,1,759
5971,5971,104.525132998955,104.525137098955,4556,5971,104.524822632288,3,33,313,28,53ec44d8ea3dc381,1610.200,2108.100,69.200,0.800,0,1,753
5972,5972,104.542652965621,104.542657065621,4557,5972,104.542325098955,3,40,402,95,e56de0f605b8004a,1587.000,2191.400,89.100,0.600,0,1,753
5973,5973,104.560155498954,104.560159598954,4558,5973,104.559827632288,3,46,536,156,d831401b2037dd1e,1437.100,2259.300,119.000,0.500,0,1,752
5974,5974,104.577657898954,104.577661998954,4559,5974,104.577330032288,3,54,598,219,eb009586393d4301,1516.600,2144.700,132.300,1.200,0,1,753
5976,5976,104.612662898954,104.612666998954,4560,5976,104.612335032287,3,64,739,322,90c13bc21898ad5a,1423.300,2160.600,163.700,0.600,0,1,747
5978,5978,104.647667798954,104.647671898954,4561,5978,104.647339932287,3,72,832,392,f829be7f47639933,1435.900,2192.300,187.700,0.600,0,1,744
5979,5979,104.665170332287,104.665174432287,4562,5979,104.664842465620,3,74,839,418,a87bdb71ffe2d159,1436.400,2218.100,186.600,0.500,0,1,743
5980,5980,104.682672798953,104.682676898953,4563,5980,104.682344932287,3,74,844,439,61b31314661968f1,1407.500,2190.100,187.300,0.400,0,1,743
5981,5981,104.700175198953,104.700179298953,4564,5981,104.699847332286,3,76,858,453,122117f0204babee,1406.800,2190.300,201.000,0.500,0,1,742
5982,5982,104.717677732286,104.717681832286,4565,5982,104.717349865619,3,78,881,460,38b9bc145b79ffa5,1647.600,2205.200,199.500,0.700,0,1,740
5983,5983,104.735180432286,104.735184532286,4566,5983,104.734852565619,3,82,899,469,a931dbcd95ed6b3b,1730.700,2841.800,229.500,1.700,0,1,738
5984,5984,104.752682598952,104.752686698952,4567,5984,104.752354732286,3,83,924,471,af4fce91f6a3e05a,1847.400,2683.300,233.900,0.500,0,1,737
5985,5985,104.770185032286,104.770189132286,4568,5985,104.769857165619,3,83,923,472,8f6e7538b1e4d548,1802.600,2658.300,235.800,0.500,0,1,737
5986,5986,104.787687532285,104.787691632285,4569,5986,104.787359665619,3,83,923,470,6a1ab908d6b91318,1666.700,2660.200,236.900,1.300,0,1,737
5987,5987,104.805190032285,104.805194132285,4570,5987,104.804862165619,3,81,918,468,11b70bca2009c880,1684.400,2671.600,233.600,0.400,0,1,737
5988,5988,104.822692598952,104.822696698952,4571,5988,104.822364732285,3,81,918,467,227d13e0be4a791d,1793.500,2667.900,235.800,0.500,0,1,737
5989,5989,104.840195032285,104.840199132285,4572,5989,104.839867165618,3,78,880,457,c78fbc85aecf27cd,1466.100,2323.000,195.500,0.800,0,1,740
5990,5990,104.857697498951,104.857701598951,4573,5990,104.857369632285,3,78,880,452,6ad5c5bb8fdf1c60,1588.600,2248.000,195.300,628164.900,0,1,740
