scene,frame,generation,pages,palettes,bytes,hash,decode_us,upload_us,snapshot_us
2112,3501,1,4096,26,16820528,036316ae6098f1fa,24477.200,2752.700,0.200
2113,3502,2,3,26,39228,20027663fcbd863f,48.800,202.400,0.400
2114,3503,3,3,26,39228,79f92d81e5cf2ba8,48.800,208.500,0.100
2115,3504,4,3,26,39228,bf1718d956283871,56.900,165.400,0.100
2116,3505,5,3,26,39228,b24842c0fdfb55ae,49.400,173.000,0.300
2117,3506,6,3,26,39228,f4f3e60e04003aed,52.800,180.600,0.400
2118,3507,7,3,26,39228,5aaf1002751accf7,50.800,168.900,0.100
2119,3508,8,3,26,39228,d533144cbdc03db4,51.000,248.100,0.400
2120,3509,9,3,26,39228,a353428549d43903,46.700,129.200,0.100
2121,3510,10,3,26,39228,0c791df796e26c21,53.300,148.200,0.100
2122,3512,11,3,26,39228,ab66c0182d488934,48.700,221.400,0.100
2123,3513,12,3,26,39228,0374ddd735e2bbcb,47.700,173.700,0.100
2124,3514,13,3,26,39228,6331d7c241b903bd,45.200,209.200,0.500
2125,3515,14,3,26,39228,0bfdb813078f9da8,51.900,172.200,0.400
2126,3516,15,3,26,39228,2a1910caf8c7bbf2,49.600,198.400,0.100
2127,3517,16,3,27,40260,4651091382f27ee0,51.800,161.200,0.400
2128,3518,17,3,27,40260,471f219f48c642fa,47.400,144.400,0.200
2129,3519,18,3,27,40260,8ed3abf422c18919,49.500,145.400,0.100
2130,3520,19,3,27,40260,9fd394eb479a8f62,48.500,178.700,0.300
2131,3521,20,3,27,40260,de5654a7d145e9c2,50.400,215.900,0.500
2132,3522,21,3,27,40260,3daf215794d23a08,52.000,228.800,0.400
2133,3523,22,3,27,40260,ce482b4cc3e741fa,49.000,187.400,0.100
2134,3524,23,3,26,39228,728d0c06456d21dc,57.200,198.700,0.100
2135,3525,24,3,26,39228,3aede842f8ac66ea,48.900,153.300,0.100
2136,3526,25,3,26,39228,a072b766141503fe,49.600,177.500,0.500
2137,3527,26,3,26,39228,cccc80a8012f2ca5,59.600,249.700,0.300
2138,3528,27,3,26,39228,a5ffa8a7c5d0c36d,48.900,178.400,0.100
2139,3529,28,3,26,39228,7677570d3057ed54,47.300,193.700,0.200
2140,3530,29,3,26,39228,f92eb28126c490f6,49.500,157.200,0.200
2141,3531,30,3,26,39228,2733c895a1b29862,49.400,206.300,0.100
2142,3532,31,3,26,39228,d39d5dad4bbf93aa,73.100,155.300,0.100
2143,3533,32,3,27,40260,5434e9eb4e8239ca,47.800,194.600,0.100
2144,3534,33,3,27,40260,382e16dde06f17f6,51.900,192.300,0.200
2145,3535,34,3,27,40260,57cba875ca4e49a4,53.500,168.800,0.400
2146,3536,35,3,26,39228,228150f39e07d2e3,48.600,168.000,0.100
2147,3537,36,3,26,39228,84b884e5cec89c39,49.300,162.900,0.300
2148,3538,37,3,26,39228,21ba231c14e8e9b0,49.700,204.100,0.100
2149,3539,38,3,26,39228,11121224a985655f,50.700,228.200,0.100
2150,3540,39,3,26,39228,c203f9a64f4665a1,57.100,1852.900,0.100
2151,3542,40,3,26,39228,0947db6512e8daf1,48.800,179.500,0.300
2152,3543,41,3,26,39228,d37326a963392cec,49.900,161.600,0.400
2153,3544,42,3,26,39228,0a5e280d58a49eb8,48.600,147.000,0.100
2154,3545,43,3,26,39228,155cea9a419f677a,48.700,162.400,0.100
2155,3546,44,3,25,38196,8017b8f960ccbc06,47.200,208.800,0.300
2156,3547,45,3,25,38196,e4ed3bc93a4203df,47.200,190.500,0.500
2157,3548,46,3,26,39228,0b82cdcbf8deede5,100.100,238.100,0.100
2158,3549,47,3,26,39228,856d3b1f11a937f0,47.800,146.500,0.200
2159,3550,48,3,27,40260,4f247379308e18d6,48.500,191.900,0.100
2160,3551,49,3,26,39228,2b03f3d0f871f04c,50.600,146.800,0.100
2161,3552,50,3,25,38196,5e0896482651a0a5,49.400,163.300,0.100
2162,3553,51,3,25,38196,71fa0e3879000737,47.600,151.500,0.200
2163,3554,52,3,25,38196,8e09d2f5819ec293,47.900,148.700,0.200
2164,3555,53,3,25,38196,efd1072ea4fe26a2,46.300,169.400,0.100
2165,3556,54,3,25,38196,345335e90b75436a,47.000,154.500,0.200
2166,3557,55,3,25,38196,1629a12b57ebac16,48.100,155.400,0.400
2167,3558,56,3,26,39228,ab04ed51dca6ff34,50.600,201.300,1.200
2168,3559,57,3,27,40260,4d452dd3fcbadd54,56.300,207.900,0.200
2169,3560,58,3,26,39228,b6375ceb4065eed3,50.200,165.800,0.200
2170,3561,59,3,26,39228,0baf255b70b79340,50.000,164.700,0.500
2171,3562,60,3,26,39228,87267471aa5967bf,49.000,157.200,0.200
2172,3563,61,3,26,39228,de76148e8be68cc8,48.000,184.700,0.100
2173,3564,62,3,26,39228,a52c1cd6b0f7289b,52.400,227.500,0.400
2174,3565,63,3,26,39228,d1a17157dc7e4c76,47.100,200.800,0.400
2175,3567,64,3,25,38196,dd28f1ea16239825,47.400,149.700,0.100
2176,3568,65,3,24,37164,35f084151cf1fc3f,74.100,199.600,0.100
2177,3569,66,3,24,37164,a7cdd5c10476c455,50.000,171.500,0.100
2178,3570,67,3,24,37164,1b53f60f7e1e703f,52.900,253.700,0.400
2179,3571,68,3,24,37164,e4ac4964744b3e93,47.700,158.600,0.100
2180,3572,69,3,24,37164,e67829eb6816c4a5,46.600,193.900,0.500
2181,3573,70,3,24,37164,aa81c1860a2251b7,170.000,151.100,0.200
2182,3574,71,3,24,37164,2a111bf873445d9c,45.300,158.800,0.100
2183,3575,72,3,24,37164,55f5b1e0e9018bb6,50.800,180.100,0.100
2184,3576,73,3,24,37164,a1617fdd9c07ce27,49.700,141.800,0.200
2185,3577,74,3,24,37164,c55a6dd16aca0c75,46.000,136.200,0.100
2186,3578,75,3,24,37164,93ba23416313f236,47.800,195.900,1.400
2187,3579,76,3,23,36132,34773ea8c3577c16,44.000,144.300,0.100
2188,3580,77,3,23,36132,6431348f7d9ee7a1,44.000,139.100,0.100
2189,3581,78,3,23,36132,da784f6472e7f1f3,50.600,139.100,0.100
2190,3582,79,3,22,35100,bbdde9dc47916de1,46.800,144.800,0.100
2191,3583,80,3,23,36132,98e781fa6a176aa7,46.000,192.400,0.100
2192,3584,81,3,23,36132,2b1cde0bd79be280,60.000,164.400,0.200
2193,3585,82,3,22,35100,8b7867d848ee18db,46.700,171.600,0.200
2194,3586,83,3,16,28908,34c51c4b2bf0e99d,60.700,180.600,0.400
2195,3587,84,3,16,28908,6964f4fb1b655c7d,39.300,162.600,0.100
2196,3588,85,3,14,26844,8af2c2011a66914e,34.800,155.400,0.100
2197,3589,86,3,14,26844,0c82c7831bdc99ac,35.100,145.300,0.100
2198,3590,87,3,14,26844,9910974c32bd1a44,43.000,139.000,0.200
2199,3591,88,3,12,24780,ee93ff2ae55ac641,33.900,139.700,0.100
2200,3592,89,3,9,21684,fef8a952c6f1ae96,32.300,147.400,0.100
2201,3593,90,3,8,20652,da58367380cf3bcd,29.900,160.900,0.100
2202,3594,91,3,5,17556,902581729f54215d,28.000,159.000,0.400
2203,3595,92,3,5,17556,9ebf89a629b1174f,26.700,172.200,0.400
2204,3596,93,3,5,17556,eaa2632c11264ddc,24.300,140.900,0.100
2205,3597,94,3,3,15492,e6e1660feaf1c41b,37.300,141.900,0.200
2206,3598,95,3,5,17556,43ce6a94bc5c9a4c,26.800,164.200,0.100
2207,3599,96,3,5,17556,179bfc886f50729c,34.500,172.700,0.100
2208,3600,97,3,7,19620,f6899a2988adc094,32.800,783.100,0.100
2209,3601,98,3,5,17556,0f19fd15abe9fd2b,27.200,155.400,0.400
2210,3602,99,3,4,16524,161e31be197f826a,27.100,147.000,0.100
2211,3603,100,3,5,17556,de09509bfa3b1ce3,25.800,142.800,0.100
2212,3604,101,3,5,17556,edeb63b8bcfb542a,27.100,135.600,0.400
2213,3605,102,3,4,16524,6a3d1f47b09f2231,25.000,148.000,0.100
2214,3606,103,3,5,17556,e4c89213df2dc794,28.100,141.600,0.200
2215,3607,104,3,6,18588,dfd5e2e48d581dd1,30.600,137.600,0.100
2216,3608,105,3,4,16524,98783000c5db4d75,27.300,146.200,0.100
2217,3609,106,3,4,16524,dc1603b66baec784,50.800,164.100,0.300
2218,3610,107,3,4,16524,2146386234050224,37.800,187.300,0.500
2219,3611,108,3,5,17556,b5f8940a06d5585d,26.900,140.400,0.100
2220,3612,109,3,4,16524,e124cbed4671a955,27.300,162.300,0.200
2221,3613,110,3,4,16524,89a1597392639a36,26.200,245.700,0.300
2222,3614,111,3,4,16524,7cb3009a550416ac,26.000,156.800,0.300
2223,3615,112,3,4,16524,9de25fa323a41207,26.300,163.700,0.300
2224,3616,113,3,4,16524,231e77450318eec1,28.400,162.700,0.200
2225,3617,114,3,4,16524,4551dc1b3fa6d80f,32.800,183.200,0.400
2226,3618,115,3,4,16524,91a9c9449b96427f,27.000,181.000,0.200
2227,3619,116,3,4,16524,cc11f8ef7fafa0d9,28.400,193.900,0.200
2228,3620,117,3,4,16524,4a186490ab878ed8,28.300,154.600,0.100
2229,3621,118,3,4,16524,1038839ba23941c9,25.700,156.400,0.100
2230,3622,119,3,5,17556,a38b6b3b34fb2c4c,26.900,199.100,0.100
2231,3623,120,3,4,16524,08c110a099004584,26.400,169.100,0.100
2232,3624,121,3,4,16524,5cd6dc59be841a9f,27.700,171.500,0.300
2233,3625,122,3,5,17556,39fcdd0f9d69a450,38.800,194.100,0.100
2234,3626,123,3,5,17556,f779c59ea780527d,35.000,185.200,0.100
2235,3627,124,3,5,17556,253b4d602c053924,27.700,153.500,0.300
2236,3628,125,3,5,17556,d42b27690278839c,26.900,165.800,0.400
2237,3629,126,3,5,17556,d2e701a5110e2560,29.600,145.800,0.100
2238,3630,127,3,5,17556,dcd8cf9b9c6b19bb,26.600,195.200,0.100
2239,3631,128,3,5,17556,e346a8476e4c1ca8,26.400,132.200,0.100
2240,3632,129,3,4,16524,daa3d0e2dd2be604,25.600,141.600,0.100
2241,3633,130,3,4,16524,c800796d755b5003,27.900,146.000,0.100
2242,3634,131,3,5,17556,ecf48e3fda3ed3ac,95.600,174.500,0.100
2243,3635,132,3,5,17556,00b61ffb5ac52e8c,26.900,138.900,0.200
2244,3636,133,3,5,17556,4692a3949d8134b6,28.900,177.400,0.100
2245,3637,134,3,5,17556,332e25ed6ff46384,26.600,140.600,0.100
2246,3638,135,3,5,17556,d916c8a8c9cf02e2,28.300,197.500,0.300
2247,3639,136,3,5,17556,43090750e0df1d2a,26.900,159.300,0.100
2248,3640,137,3,5,17556,be575f24dd195b8b,27.600,183.900,0.200
2249,3641,138,3,5,17556,f2305e4a32002471,26.100,145.700,0.200
2250,3642,139,3,5,17556,8dd0f4fc53453a69,28.700,150.600,0.200
2251,3643,140,3,5,17556,a0a3d7feba7e1798,34.100,169.900,0.200
2252,3644,141,3,5,17556,75c8e81099812779,42.400,147.600,0.100
2253,3645,142,3,5,17556,37b1c23a9de1744d,30.100,149.900,0.100
2254,3646,143,3,5,17556,ad27d7e0b3e54650,26.600,138.900,0.300
2255,3647,144,3,5,17556,3549e7cef56b9d80,24.600,162.300,0.100
2256,3648,145,3,5,17556,133e2855f594ed62,27.000,226.400,0.100
2257,3650,146,3,5,17556,804c7f7d291afd0b,26.800,189.400,0.200
2258,3651,147,3,5,17556,ebd9d44788f011ab,27.400,190.100,0.300
2259,3652,148,3,4,16524,c82a2b4066bc208c,26.100,141.100,0.100
2260,3653,149,3,4,16524,96399d4ff5210f3f,28.000,177.400,0.400
2261,3654,150,3,4,16524,a6663f6408c7bf76,38.300,177.400,0.100
2262,3655,151,3,5,17556,0e1e66f61c0d2dff,27.000,140.800,0.100
2263,3656,152,3,5,17556,b0049cb9ab32af0e,26.400,155.000,0.100
2264,3657,153,3,5,17556,dbe28d51bef5da53,28.500,207.500,0.100
2265,3658,154,3,5,17556,ad726cb6f774cb91,37.500,214.600,0.100
2266,3659,155,3,4,16524,0c1f253fca520c10,25.800,151.900,0.200
2267,3660,156,3,3,15492,a98a98fd3d6db403,29.800,766.000,0.100
2268,3661,157,3,3,15492,83b050fafd1d3d84,26.400,203.300,0.400
2269,3662,158,3,3,15492,bfd5d9b3bda964fc,29.800,158.800,0.300
2270,3663,159,3,4,16524,ff9c065f531ea6b1,25.700,141.400,0.100
2271,3664,160,3,4,16524,7d0a3777af0f8c24,28.000,258.600,0.100
2272,3665,161,3,4,16524,d887931eeb0eb43f,27.000,179.000,0.100
2273,3666,162,3,4,16524,b8e7fd1de7159031,26.100,147.000,0.100
2274,3667,163,3,5,17556,e4e75a55488258f2,25.800,138.500,0.100
2275,3668,164,3,5,17556,f15873c767ecb28a,26.500,147.000,0.100
2276,3669,165,3,4,16524,12d687f4a32cbae2,64.400,149.200,0.400
2277,3670,166,3,5,17556,5a6fa916e022816e,30.800,178.400,0.100
2278,3671,167,3,5,17556,3bac216d9a612a76,28.300,141.000,0.300
2279,3672,168,3,5,17556,dd4f8db89589674c,29.300,187.600,0.300
2280,3673,169,3,6,18588,6c8a48b8243f14c5,32.400,185.000,1.300
2281,3674,170,3,4,16524,37e237cfc0417007,26.500,166.600,0.100
2282,3675,171,3,4,16524,6578dd0d19243526,29.000,201.900,0.200
2283,3676,172,3,4,16524,2da087afc7b80e50,26.800,154.400,0.200
2284,3677,173,3,3,15492,ea74c8de034fbb29,26.400,197.500,0.100
2285,3678,174,3,4,16524,d6162da42948f711,26.600,287.700,0.400
2286,3679,175,3,4,16524,a411935cb20cc106,26.800,164.100,0.100
2287,3680,176,3,4,16524,cbe9082f0a5bbfef,27.200,151.700,0.400
2288,3681,177,3,3,15492,aa093feb1db11d6a,25.000,147.900,0.100
2289,3682,178,3,3,15492,08dda29b453317d0,25.300,244.300,0.400
2290,3683,179,3,4,16524,496719091c8c9d70,28.200,167.700,0.300
2291,3684,180,3,4,16524,b7e75a68276550b4,26.800,150.000,0.300
2292,3685,181,3,4,16524,4114d289c161a6b2,26.600,196.800,0.200
2293,3686,182,3,4,16524,a39d430f9a4e0314,28.100,162.900,0.100
2294,3687,183,3,4,16524,2755f6905c4b14f6,27.000,167.400,0.100
2295,3688,184,3,4,16524,357217df417ebd1a,26.000,150.500,0.400
2296,3689,185,3,4,16524,7ef3d7866aa6e5fd,29.600,178.600,0.100
2297,3690,186,3,4,16524,c12e64914dd621a3,35.800,128.500,0.100
2298,3691,187,3,4,16524,63d76dd56ecb901f,26.400,319.900,0.200
2299,3692,188,3,4,16524,f6def9ca32454b30,25.900,140.500,0.100
2300,3693,189,3,4,16524,3547c1d04ea59431,25.800,220.200,0.400
2301,3694,190,3,4,16524,5a3dd10b6e8783b3,25.800,153.700,0.400
2302,3695,191,3,4,16524,fc69278332266ee1,72.800,190.700,0.100
2303,3696,192,3,4,16524,63be41dc2980ab9d,43.200,173.600,0.200
2304,3697,193,3,4,16524,5531f8e3a367ea5d,25.200,162.800,0.100
2305,3698,194,3,4,16524,fac1848b8d9d7fca,24.900,134.800,0.200
2306,3699,195,3,4,16524,89968accb9a21502,25.700,184.400,0.100
2307,3700,196,3,4,16524,89136861e81e85e5,49.800,161.100,0.300
2308,3701,197,3,4,16524,cd179d12131a8291,26.100,218.700,0.100
2309,3702,198,3,4,16524,bc3d75dfc4d12bb4,26.400,144.900,0.100
2310,3703,199,3,4,16524,babe2c959d9f1c66,25.200,186.500,0.400
2311,3704,200,3,4,16524,2d7b170f66106e3f,32.900,171.900,0.300
2312,3705,201,3,4,16524,7a9355defc186193,25.700,271.400,0.100
2313,3706,202,3,4,16524,044dad72a2bd2ddf,26.000,178.600,0.300
2314,3707,203,3,4,16524,e946a0779372e82e,24.600,210.500,0.100
2315,3708,204,3,4,16524,66ec91ab65ababe3,25.200,143.800,0.400
2316,3709,205,3,4,16524,a6898d83203e2076,24.300,199.000,0.100
2317,3710,206,3,4,16524,d7aaf556cb98bf1d,27.500,167.100,0.100
2318,3711,207,3,4,16524,bbc308079e52a1de,25.800,143.500,0.100
2319,3712,208,3,4,16524,7c01684bf7f88ee4,32.600,174.700,0.200
2320,3714,209,3,4,16524,53e6a50ba112f3cd,31.700,217.800,0.200
2321,3715,210,3,4,16524,e6b0953ec5609d96,28.500,181.100,0.100
2322,3716,211,3,4,16524,31c1658f57082317,27.800,151.000,0.100
2323,3717,212,3,4,16524,2328367006002981,26.400,165.100,0.300
2324,3718,213,3,4,16524,f3c1d8bf6da4c333,26.600,158.400,0.400
2325,3719,214,3,3,15492,7a1bd04fcbe824f6,25.400,155.600,0.100
2326,3720,215,3,4,16524,5ac61c501125a9f2,37.800,2658.200,0.500
2327,3721,216,3,4,16524,4088f09bb7949285,26.900,235.400,0.400
2328,3722,217,3,3,15492,5d937d2d04a4b00a,25.000,144.000,0.400
2329,3723,218,3,4,16524,9dee85d54b5eaff0,29.900,241.900,0.400
2330,3724,219,3,4,16524,e6de1a5c7d356c60,26.700,153.600,0.400
2331,3725,220,3,4,16524,c3f2f3c1a8783dab,24.900,138.500,0.100
2332,3726,221,3,3,15492,4740f52ae12be1b1,41.700,153.000,0.200
2333,3727,222,3,4,16524,f38919d009a9c8d4,25.300,230.800,0.200
2334,3728,223,3,4,16524,67844c6883c04253,24.900,128.800,0.100
2335,3729,224,3,4,16524,2aafc7cb2e51a763,27.200,207.600,1.300
2336,3730,225,3,4,16524,8c696f5cd4f2ce17,33.800,183.700,0.300
2337,3731,226,3,3,15492,e1cf081e103bfca9,34.000,167.200,0.100
2338,3732,227,3,4,16524,5774f3625be6122e,24.900,155.900,0.400
2339,3733,228,3,4,16524,19fbaf6bcd956a57,24.900,167.800,0.100
2340,3734,229,3,4,16524,ca8d687ec8dd8a33,26.100,140.100,0.400
2341,3735,230,3,4,16524,5cee7fca710542ed,25.300,137.700,0.100
2342,3736,231,3,5,17556,5dc2136b79f560d3,27.300,143.900,0.100
2343,3737,232,3,6,18588,d18de75aacdf45d5,30.500,189.300,0.100
2344,3738,233,3,5,17556,9cfe24624dec0a09,28.300,191.700,0.200
2345,3739,234,3,5,17556,df8688d5c05608fb,28.800,150.800,0.200
2346,3740,235,3,5,17556,5a42fc9e03bb6833,31.400,271.100,0.400
2347,3741,236,3,4,16524,9e46e9a44500d4e6,32.500,198.800,0.400
2348,3742,237,3,5,17556,07dc7032a5e1c7f9,42.200,174.500,0.300
2349,3743,238,3,5,17556,b43ed2f051d53d2d,26.100,164.900,0.100
2350,3744,239,3,4,16524,317e2a4f6c83cbf1,26.800,142.100,0.400
2351,3745,240,3,4,16524,2b5ce2f8ca3b3c1d,34.500,171.900,0.500
2352,3746,241,3,4,16524,094f67974e7f32ed,26.300,140.900,0.100
2353,3747,242,3,4,16524,f1414870f1e50071,26.000,132.000,0.100
2354,3748,243,3,5,17556,25761006bbbc24e1,51.400,142.500,0.100
2355,3749,244,3,5,17556,1ab27f2846d6cf21,26.800,138.300,0.100
2356,3750,245,3,5,17556,9e982486907380d6,26.900,146.800,0.100
2357,3751,246,3,5,17556,c016d1fc8882e78a,27.500,139.400,0.200
2358,3752,247,3,4,16524,1a15bc6def8008c5,24.700,129.600,0.200
2359,3753,248,3,5,17556,e85bb06808c3b3cb,28.600,144.100,0.400
2360,3754,249,3,4,16524,1dde20b2760584c4,26.200,202.900,1.300
2361,3755,250,3,5,17556,2a63bd003045cc41,30.600,166.300,0.200
2362,3756,251,3,4,16524,ed734f119d3993f0,26.900,147.200,0.400
2363,3757,252,3,5,17556,63f7c3a82e157763,27.400,161.500,0.100
2364,3758,253,3,4,16524,19c5ae53aedd2af0,26.600,159.100,0.200
2365,3759,254,3,4,16524,778ec3b8da4cd92b,50.700,168.100,0.400
2366,3760,255,3,5,17556,3505e6d9f4cbfbf7,34.400,169.700,0.300
2367,3761,256,3,4,16524,8b68147da9563808,28.700,162.000,0.100
2368,3762,257,3,5,17556,88418c777415c363,27.000,165.700,0.100
2369,3763,258,3,5,17556,f73c59676e33189d,26.900,133.600,0.100
2370,3764,259,3,5,17556,235ef1ff18dc51e7,33.200,167.200,0.100
2371,3765,260,3,4,16524,3110895f0fb61bf6,29.300,157.800,0.500
2372,3766,261,3,5,17556,ee9e929dbdbff34d,28.400,143.000,0.100
2373,3767,262,3,5,17556,e999bacfa7c1b9ea,28.500,164.800,0.200
2374,3768,263,3,3,15492,d570498cccfe7a30,24.600,241.400,0.400
2375,3769,264,3,4,16524,9bab11beb16fea0b,25.200,142.000,0.100
2376,3770,265,3,4,16524,e04aa1114aebca27,26.200,179.400,0.100
2377,3771,266,3,5,17556,0a365e2f831665b6,26.600,220.900,0.100
2378,3772,267,3,5,17556,f3655daa8022dbfc,26.200,177.600,0.400
2379,3773,268,3,4,16524,7c6e8ffeffaef085,26.100,175.200,0.400
2380,3774,269,3,6,18588,e2d52a909326b9e1,28.500,156.400,0.100
2381,3775,270,3,4,16524,aa3b26e8c9459f24,34.100,163.400,0.300
2382,3776,271,3,8,20652,33fd821b193bb3ed,29.200,178.100,0.200
2383,3777,272,3,6,18588,8ab9db1fa3e3c2a5,26.900,141.900,0.100
2384,3778,273,3,6,18588,a2e9acc2aa294a5e,27.600,142.600,0.100
2385,3779,274,3,5,17556,87671dfc9b5a710a,27.600,139.700,0.200
2386,3780,275,3,5,17556,d452ae7f2005e145,32.500,691.200,0.100
2387,3781,276,3,6,18588,6b008b6356e35a70,33.100,200.100,0.100
2388,3782,277,3,4,16524,0aade70d4c7e5f20,29.600,174.500,0.200
2389,3783,278,3,4,16524,edeeb97f49893561,83.800,196.500,0.600
2390,3784,279,3,5,17556,2593a53873d93e27,26.600,152.100,0.100
2391,3785,280,3,6,18588,4cb106c50c2f6147,28.700,192.600,0.100
2392,3786,281,3,4,16524,ba9bd1dde5621801,49.300,182.500,0.300
2393,3787,282,3,4,16524,e12eecc60ad9916e,26.300,141.700,0.100
2394,3788,283,3,5,17556,721aafbf39580010,27.500,210.500,0.100
2395,3789,284,3,7,19620,f4cd9a0a5cb28736,30.300,172.700,0.100
2396,3790,285,3,4,16524,75460da5b7375464,31.000,203.400,0.100
2397,3791,286,3,5,17556,38dd75d84fe6d2d2,31.500,189.900,0.300
2398,3792,287,3,6,18588,e9fa885c5ecb6f71,27.700,155.500,0.100
2399,3793,288,3,4,16524,3eff3f8b920a2a81,25.400,157.600,0.100
2400,3794,289,3,2,14460,133af62002a03595,44.800,189.200,0.100
2401,3795,290,3,2,14460,74f019a6f4d143e0,24.000,131.500,0.100
2402,3796,291,3,3,15492,a2aca363ce93f4ab,27.400,177.700,0.100
2403,3797,292,3,3,15492,9f577277da8d7901,29.700,186.800,0.100
2404,3798,293,3,5,17556,ac98398f3669fcc8,27.900,250.300,0.100
2405,3800,294,3,7,19620,5ab6160f38f4e671,31.400,159.600,0.100
2406,3801,295,3,2,14460,74a816d399df6a92,26.400,149.200,0.100
2407,3802,296,3,1,13428,72a5688711ed6efd,24.200,171.300,0.200
2408,3803,297,3,4,16524,18ed3f065f1993a8,26.600,150.200,0.200
2409,3804,298,3,5,17556,6bb8769a1062cc51,26.700,249.200,0.200
2410,3805,299,3,7,19620,17680662502c6a10,29.700,153.400,0.400
2411,3807,300,3,7,19620,31d5e5a420689ffc,33.800,186.200,0.200
2412,3808,301,3,7,19620,3ab3cadc4a7ac676,29.700,153.800,0.100
2413,3809,302,3,8,20652,9fc51733a6228900,31.200,194.700,0.400
2414,3810,303,3,9,21684,48de9032190fbfcc,32.900,158.000,0.100
2415,3811,304,3,10,22716,070c5836b104273e,42.400,151.000,0.100
2416,3812,305,3,9,21684,10c7c023b8de1fd4,31.700,146.200,0.100
2417,3813,306,3,10,22716,78c7c8518dddb552,36.200,170.100,0.100
2418,3814,307,3,11,23748,bc93b1123888f722,38.200,163.700,0.500
2419,3815,308,3,11,23748,8dc91e85f6cfd59d,48.900,201.600,0.100
2420,3816,309,3,11,23748,61276d890d41709e,42.300,173.000,0.100
2421,3817,310,3,12,24780,a0618033c0269c71,35.300,187.900,0.100
2422,3818,311,3,12,24780,caeb8e5b2cdc6b65,36.600,157.200,0.100
2423,3819,312,3,12,24780,44f345a2a1628b5e,35.100,160.100,0.100
2424,3820,313,3,12,24780,452b5eac1870b3cb,39.900,153.900,0.200
2425,3821,314,3,14,26844,2cb900998c3c7966,53.600,180.900,0.100
2426,3822,315,3,13,25812,9842b5e500ca8d32,57.100,145.900,0.200
2427,3823,316,3,12,24780,d67e10a59ff9a995,34.400,157.500,0.500
2428,3824,317,3,12,24780,e467b9d2922a3e50,34.300,142.000,0.200
2429,3825,318,3,12,24780,230b2b22be2c55ec,51.300,138.000,0.100
2430,3826,319,3,12,24780,d0714da50d2cfc38,36.200,175.700,0.400
2431,3827,320,3,13,25812,7d806f74a5f7482d,35.800,220.900,0.100
2432,3828,321,3,13,25812,c5bd15c202bde65d,36.900,234.500,0.200
2433,3829,322,3,14,26844,9092e915499a02e3,45.400,171.700,0.400
2434,3830,323,3,14,26844,6bd59eed603c08a5,37.200,194.700,0.200
2435,3831,324,3,14,26844,9c3e692b34f1b699,36.100,139.600,0.100
2436,3832,325,3,15,27876,a8ae76b866fe3afa,34.900,217.200,0.200
2437,3833,326,3,15,27876,fa6ab83049c1223a,37.600,139.800,0.100
2438,3834,327,3,15,27876,4589f96a07c73a61,37.300,200.200,0.300
2439,3835,328,3,15,27876,138b30b5dd06df36,34.100,173.700,0.100
2440,3836,329,3,15,27876,dc0fe3e8e595d080,37.800,173.500,0.200
2441,3837,330,3,15,27876,1991888ae5e399e8,36.400,165.700,0.200
2442,3838,331,3,15,27876,44df6bfd8d4ec57c,38.200,219.000,0.300
2443,3839,332,3,15,27876,bdfbc05c84b4909b,37.700,191.700,0.100
2444,3840,333,3,15,27876,b1e2c1b83929d873,42.800,651.600,0.100
2445,3841,334,3,15,27876,9e29bf277dfdb4fa,35.500,190.700,0.100
2446,3842,335,3,15,27876,9869f2d1ee6a4693,40.100,152.300,0.500
2447,3843,336,3,15,27876,a0b12c7c008422bb,43.800,160.800,0.400
2448,3844,337,3,15,27876,415d529c0565cebc,35.800,189.100,0.200
2449,3845,338,3,15,27876,af500376f22ebbe0,38.500,140.100,0.200
2450,3846,339,3,15,27876,e3bb40baabd22591,46.200,145.500,0.100
2451,3847,340,3,16,28908,0381cec0ca4b4a5e,44.700,161.400,0.300
2452,3848,341,3,16,28908,9f5b4d69908a8820,37.600,139.600,0.400
2453,3849,342,3,15,27876,58bcd332dd5b9d49,37.300,136.000,0.100
2454,3850,343,3,16,28908,090327151f618fe0,44.100,201.600,0.200
2455,3851,344,3,16,28908,83d329d1db0e6e1c,39.300,148.500,0.400
2456,3852,345,3,16,28908,335d1acbdad41dc4,37.800,133.500,0.200
2457,3853,346,3,16,28908,7171bffb207edf5f,39.800,173.500,0.400
2458,3854,347,3,16,28908,02588244a3e78cb9,42.200,206.300,0.400
2459,3855,348,3,16,28908,eb0d50addf78bc74,39.800,154.700,0.100
2460,3856,349,3,16,28908,810779e906ec6241,39.100,158.700,0.100
2461,3857,350,3,16,28908,1787bf15e1938690,41.800,162.000,0.100
2462,3858,351,3,16,28908,35c5eccd84052118,39.800,196.800,0.400
2463,3859,352,3,17,29940,fc5dac77751e46de,40.200,173.100,0.100
2464,3860,353,3,17,29940,82d9f3fa295b1ed9,40.500,163.000,0.300
2465,3861,354,3,17,29940,8996dfbba44b7e11,40.300,150.700,0.200
2466,3862,355,3,17,29940,52c2b61aff2bfe9b,41.500,179.600,0.100
2467,3863,356,3,17,29940,13af2d4361c2beef,41.000,167.100,0.300
2468,3864,357,3,17,29940,03e252ca490a3154,40.300,157.400,0.400
2469,3865,358,3,17,29940,9ebec08ff70dc03f,37.800,220.600,0.100
2470,3866,359,3,17,29940,46749c8a5a9383b3,45.500,191.300,0.300
2471,3867,360,3,17,29940,7db93c434b83d33d,39.200,145.400,0.100
2472,3868,361,3,17,29940,68215652ff91ffd3,39.400,150.200,0.100
2473,3869,362,3,17,29940,f60f36d4b761b41c,37.400,151.700,0.100
2474,3870,363,3,17,29940,2e25a2dd495d53fb,100.800,171.800,0.500
2475,3871,364,3,17,29940,1557a00d44d88524,43.400,182.000,0.100
2476,3872,365,3,17,29940,e180fae6d172f0f2,40.200,155.600,0.400
2477,3873,366,3,17,29940,79988c1ae2a36661,36.800,145.300,0.200
2478,3874,367,3,17,29940,6b504eb05f3fe998,42.800,147.000,0.100
2479,3875,368,3,17,29940,5e2ebeadf0c2f21e,41.100,165.300,0.200
2480,3876,369,3,17,29940,8cc435715b539070,48.300,157.500,0.100
2481,3877,370,3,17,29940,a2912b5a88639543,38.200,169.600,0.100
2482,3878,371,3,17,29940,e7bdab4536179314,39.300,157.700,0.100
2483,3879,372,3,17,29940,4c9f7ce113cf45db,41.400,196.000,0.200
2484,3880,373,3,17,29940,f416b309f0f337ef,39.100,142.200,0.200
2485,3881,374,3,17,29940,d19d297eb02a92fb,39.000,188.400,0.200
2486,3882,375,3,17,29940,e0830fa3b8a87712,38.400,180.800,0.100
2487,3883,376,3,17,29940,6a565a857b9b5556,56.500,354.400,0.200
2488,3884,377,3,17,29940,f62fb276dc53bb97,36.500,179.000,0.200
2489,3885,378,3,17,29940,42745fa64fc6db42,42.800,209.800,0.300
2490,3886,379,3,17,29940,124ad634c6618627,43.000,150.500,0.100
2491,3887,380,3,17,29940,59bb7e44aa1454a8,41.200,211.000,0.200
2492,3888,381,3,17,29940,2a7396aa03512b53,42.300,155.000,0.400
2493,3889,382,3,17,29940,e7fa2b9284bf9dd5,39.600,147.900,0.300
2494,3890,383,3,16,28908,cea9d504f1ece9cc,38.900,140.800,0.200
2495,3891,384,3,9,21684,91285025c73302f1,31.300,168.900,0.100
2496,3892,385,3,9,21684,70bc349831ccb570,31.000,152.900,0.200
2497,3893,386,3,9,21684,ddeae2d0a8e2f3be,31.700,133.300,0.400
2498,3894,387,3,9,21684,a51caafdb5c5e03e,31.500,137.100,0.400
2499,3895,388,3,9,21684,175cc9fe888b7b8a,30.700,178.700,0.100
2500,3896,389,3,9,21684,db382dbdf877125e,33.300,179.600,0.300
2501,3897,390,3,9,21684,9cf8ec51c8e026da,31.600,138.500,0.200
2502,3898,391,3,9,21684,cad2dd0c595a200f,31.200,167.800,0.100
2503,3899,392,3,9,21684,04aaec8430c20754,31.700,147.700,0.100
2504,3900,393,3,9,21684,9eb986d3d4e58a2a,35.700,693.200,0.200
2505,3901,394,3,9,21684,1058bb2495a6ddc3,30.500,225.900,0.100
2506,3902,395,3,9,21684,7d7bbc1cfb0a2974,32.200,187.300,0.100
2507,3903,396,3,9,21684,be16a6adc440427f,30.700,178.300,0.500
2508,3904,397,3,9,21684,17e13bf687679bcd,29.700,196.200,0.200
2509,3905,398,3,9,21684,9246c84286e87d30,32.600,156.700,0.200
2510,3906,399,3,9,21684,4df1130fd83cd116,29.900,152.700,0.400
2511,3907,400,3,9,21684,a306a67169db2a16,32.300,139.400,0.100
2512,3908,401,3,9,21684,fc1510525b1e4f51,31.300,143.500,0.100
2513,3910,402,3,9,21684,d7819b0349e79153,31.900,156.600,0.200
2514,3911,403,3,9,21684,051c80ade7ce9a7f,99.100,186.800,0.100
2515,3912,404,3,9,21684,d3681cb8f30c92df,34.800,193.900,0.200
2516,3913,405,3,9,21684,829e0732b530d8b1,32.400,160.300,0.100
2517,3914,406,3,9,21684,471b5ae9de3f6931,41.000,206.900,0.400
2518,3915,407,3,9,21684,533e9500e2eb5270,33.300,156.700,0.300
2519,3916,408,3,9,21684,5f7f6fcec67f9bf9,30.300,168.000,0.100
2520,3917,409,3,9,21684,20e02905253a6eb7,33.200,146.100,0.400
2521,3918,410,3,9,21684,09fe8a6f4c97ea79,35.200,214.400,0.400
2522,3919,411,3,9,21684,9c6a3b888b4e4314,30.600,143.600,0.100
2523,3920,412,3,9,21684,347bdd9918456333,30.700,136.300,0.100
2524,3921,413,3,9,21684,3efd6e4f65d7505b,46.700,147.000,0.200
2525,3922,414,3,9,21684,8969ccfc49c5f292,34.800,154.100,0.100
2526,3923,415,3,9,21684,0ed27264bc28c09a,32.900,157.900,0.100
2527,3924,416,3,9,21684,4428ae9bb936a507,32.300,165.100,0.200
2528,3925,417,3,9,21684,55ceafb593cad165,30.900,156.400,0.100
2529,3926,418,3,9,21684,aba660c8201cb464,32.400,183.600,0.500
2530,3927,419,3,9,21684,5f9144b22ae393a1,35.300,167.700,0.300
2531,3928,420,3,9,21684,dd7f0d1254a563ff,30.300,155.000,0.100
2532,3929,421,3,9,21684,0b437728d09edc49,31.500,131.900,0.100
2533,3930,422,3,9,21684,6f7f9e174839d3f6,30.700,186.700,0.700
2534,3931,423,3,9,21684,aacc90336c64302d,31.200,305.200,0.100
2535,3932,424,3,9,21684,8cecf41f44851f12,31.700,154.600,0.100
2536,3933,425,3,9,21684,e26dea4692b305ee,42.900,282.100,0.400
2537,3934,426,3,8,20652,4398ffb5532bba33,43.000,161.100,0.100
2538,3935,427,3,8,20652,7a9b8c8776d1bb6e,30.200,131.400,0.300
2539,3936,428,3,8,20652,e0c2cd22fa6e18de,210.100,178.200,0.100
2540,3937,429,3,8,20652,45c3fa154a178333,29.800,189.300,0.400
2541,3938,430,3,9,21684,e88f9cc61734b1ee,35.200,159.600,0.500
2542,3939,431,3,9,21684,4dfef1b66d7f8257,30.500,143.800,0.100
2543,3940,432,3,9,21684,030eb66a85ba2ab3,37.600,179.400,0.300
2544,3941,433,3,9,21684,95d24f05c229ad0d,31.700,181.200,0.100
2545,3942,434,3,8,20652,13f264d52c58f9db,29.000,177.600,0.100
2546,3943,435,3,8,20652,ecdb53817ea12d40,29.000,156.300,0.100
2547,3944,436,3,8,20652,35c63d0fe6024a27,34.600,137.000,0.100
2548,3945,437,3,8,20652,150ec85a7cca4cb2,30.700,178.300,0.300
2549,3946,438,3,8,20652,a269287261024abf,35.800,177.800,0.200
2550,3947,439,3,8,20652,452212d9ca8cfbf6,29.700,188.000,0.300
2551,3948,440,3,8,20652,0cde29bd6efb7346,29.300,147.000,0.200
2552,3949,441,3,8,20652,061e90a4b456d4f3,29.700,133.400,0.100
2553,3950,442,3,8,20652,887e829a00908911,31.900,204.100,0.300
2554,3951,443,3,8,20652,b17b2dccc4beb64c,29.600,145.400,0.100
2555,3952,444,3,8,20652,3321cad9c9c27635,29.000,206.100,0.100
2556,3953,445,3,8,20652,dfe805555c10bc08,30.000,166.000,0.100
2557,3954,446,3,9,21684,1126de698d510be3,30.900,136.300,0.100
2558,3955,447,3,9,21684,0646466b0b094d71,29.500,159.000,0.400
2559,3956,448,3,9,21684,52b1da44cd7617e6,71.400,175.300,0.100
2560,3957,449,3,9,21684,62fbfbae97b715d3,31.900,142.100,0.100
2561,3958,450,3,9,21684,44784a3b28dab87e,95.800,161.000,0.400
2562,3959,451,3,9,21684,c04dacf969769230,31.300,148.200,0.100
2563,3960,452,3,9,21684,b0576541263cab9c,36.900,776.800,0.200
2564,3961,453,3,9,21684,79d557dee81641c2,31.400,212.800,0.100
2565,3962,454,3,8,20652,55e114cc2fb3b6f8,29.500,176.600,0.100
2566,3963,455,3,8,20652,f1b5f65b7e429ab6,30.700,203.500,0.400
2567,3964,456,3,8,20652,4fba8766d9b1f502,34.000,154.400,0.200
2568,3965,457,3,8,20652,73729dfcf1c8ed4b,30.700,147.700,0.100
2569,3966,458,3,8,20652,ba03b46eadb003d5,29.500,137.400,0.200
2570,3967,459,3,8,20652,43beeaf012248e07,32.900,158.300,0.100
2571,3968,460,3,8,20652,645982a91727f45f,33.200,215.400,0.400
2572,3969,461,3,8,20652,22b7bc77ba26f866,30.500,207.000,0.200
2573,3970,462,3,8,20652,d0affb009ee76b50,29.800,182.400,0.200
2574,3971,463,3,8,20652,f73b188a562d2c97,33.200,159.800,0.200
2575,3972,464,3,8,20652,6cd1c43f4f9ac044,30.300,178.800,0.100
2576,3973,465,3,8,20652,d1dff528a41c1635,30.500,170.900,0.300
2577,3974,466,3,8,20652,35257d0681614a27,32.800,132.300,0.100
2578,3975,467,3,8,20652,810ff1826693ebbb,28.100,144.200,0.100
2579,3976,468,3,8,20652,ef3876396e3f48ba,30.400,199.800,0.400
2580,3977,469,3,8,20652,43c392c6f8a707ea,32.200,147.500,0.200
2581,3978,470,3,8,20652,cf6477c23e4f5156,31.100,153.800,0.400
2582,3979,471,3,8,20652,7e5ed24ed6b7c5de,33.100,185.900,0.400
2583,3980,472,3,8,20652,ef0d4d10df5dab99,30.700,240.200,0.100
2584,3981,473,3,8,20652,7e958c14f2f5340f,29.400,174.400,0.100
2585,3982,474,3,8,20652,d14e93d4971b2d48,29.800,146.100,0.100
2586,3983,475,3,8,20652,1cd9955ba71e62cd,30.100,136.300,0.100
2587,3984,476,3,8,20652,4b74a092f30fa9c4,45.300,186.700,0.300
2588,3985,477,3,8,20652,d69e40e6c5921430,38.500,161.700,0.200
2589,3986,478,3,8,20652,28a950eace8f5906,40.800,157.200,0.100
2590,3987,479,3,8,20652,a291d2eecf78607c,29.900,137.500,0.100
2591,3988,480,3,8,20652,342cc559632f2f45,29.700,126.700,0.100
2592,3989,481,3,8,20652,b9ea4488fa44a9fc,32.300,170.300,0.100
2593,3990,482,3,8,20652,8ed253af7c6388f6,41.500,157.300,0.300
2594,3991,483,3,8,20652,4bc89b5db40cfed2,30.100,135.600,0.400
2595,3992,484,3,8,20652,b1feca747a10ee0b,28.800,173.500,0.400
2596,3993,485,3,8,20652,12e92e4ab4a0ccde,47.500,168.700,0.100
2597,3994,486,3,8,20652,451d355ab80e0da3,32.000,177.600,0.100
2598,3995,487,3,9,21684,b547a5dd2d20e9c9,36.300,155.700,0.100
2599,3996,488,3,10,22716,f6089fd00199a55e,41.600,171.400,0.100
2600,3997,489,3,10,22716,cfc3f09f80ef99b3,33.400,188.100,0.100
2601,3998,490,3,10,22716,7732f157ada18b25,32.500,154.200,0.100
2602,3999,491,3,10,22716,a9ca7e32786424a9,30.500,145.900,0.100
2603,4000,492,3,9,21684,cc0fcc0d16cb6189,34.700,197.700,0.100
2604,4001,493,3,9,21684,bc620da68df6d6e0,32.200,149.600,0.100
2605,4002,494,3,9,21684,90ae49b1ea24e88d,31.700,150.900,0.300
2606,4003,495,3,9,21684,ba068484335d6db4,31.100,185.600,0.300
2607,4004,496,3,9,21684,d1fc5a18d5bcca15,33.400,184.500,0.100
2608,4005,497,3,9,21684,f164a62071ba21bd,31.500,197.100,0.200
2609,4006,498,3,9,21684,a374acb42d3f5ec8,32.500,153.200,0.100
2610,4007,499,3,9,21684,ea2152a5424a6daf,31.700,140.000,0.100
2611,4008,500,3,9,21684,c8a57020b16ce535,32.300,154.100,0.300
2612,4009,501,3,9,21684,b7a213ca6898af4b,33.100,198.500,0.200
2613,4010,502,3,8,20652,3adb5fe0f4e4b3ec,32.200,217.800,0.100
2614,4011,503,3,8,20652,794fb93f2193c913,29.700,177.200,0.100
2615,4012,504,3,8,20652,4c33a9c42e70b213,31.300,151.300,0.100
2616,4013,505,3,8,20652,56dc5c401dfa971b,32.000,186.000,0.100
2617,4014,506,3,8,20652,faa3402c3321f3f3,32.800,205.700,0.100
2618,4015,507,3,8,20652,f15135408d014e7e,33.300,139.900,0.100
2619,4016,508,3,8,20652,b6e01f0b6194ad2a,32.400,174.400,0.200
2620,4017,509,3,8,20652,5ad21bc708305459,30.700,147.500,0.100
2621,4018,510,3,8,20652,fce6fdfe1fda227f,29.700,183.000,0.200
2622,4019,511,3,8,20652,aac3e3d91a6f5a0c,52.000,168.000,0.500
2623,4020,512,3,8,20652,61d00fcd5e21ee4c,36.800,708.400,0.100
2624,4021,513,3,8,20652,5a17aeac24bf8563,32.300,204.900,0.100
2625,4022,514,3,9,21684,553eab745e2a32d3,32.200,186.200,0.100
2626,4023,515,3,8,20652,0eff870285f69146,31.200,181.800,0.100
2627,4024,516,3,10,22716,4814fa5ac8aeade8,35.500,152.800,0.200
2628,4025,517,3,11,23748,a5c394088274a8bb,33.900,178.200,0.100
2629,4026,518,3,8,20652,5299cefe49aec94c,31.300,150.400,0.200
2630,4027,519,3,7,19620,11c0048bf983188b,30.000,165.100,0.100
2631,4028,520,3,7,19620,b040a5a65b38bb25,32.100,149.400,0.200
2632,4029,521,3,7,19620,c30f80e8203b0141,32.700,158.900,0.100
2633,4030,522,3,7,19620,1952eadfdd783be8,47.200,163.000,0.200
2634,4031,523,3,6,18588,d4ec7c11048792b8,29.600,153.000,0.100
2635,4032,524,3,5,17556,4f3a9446db6e6ca7,29.400,147.000,0.500
2636,4033,525,3,5,17556,842dbab948d006cf,28.900,247.200,0.100
2637,4034,526,3,5,17556,f6f90f1d1859ebfd,36.100,223.100,0.500
2638,4035,527,3,5,17556,2390175a53673f04,30.900,157.800,0.400
2639,4036,528,3,5,17556,baaa933874dd4102,32.100,172.200,0.500
2640,4037,529,3,5,17556,3fb7e2dc24d5b80a,29.600,207.000,0.300
2641,4038,530,3,5,17556,06f2dd8aa3195a0d,36.600,221.200,0.500
2642,4039,531,3,5,17556,7ba6b307a65beaeb,28.100,164.600,0.400
2643,4040,532,3,5,17556,61fcff3d935a6d4e,40.200,160.700,0.100
2644,4041,533,3,5,17556,4400868b540a6a12,27.300,152.900,0.200
2645,4042,534,3,5,17556,6be19b0b99e36852,26.300,150.700,0.100
2646,4043,535,3,5,17556,571494ed6f18dcf1,26.700,146.200,0.100
2647,4044,536,3,5,17556,cd7f134070d2e4d3,32.700,161.300,0.400
2648,4045,537,3,5,17556,6ecb8d84883504cd,29.000,144.600,0.300
2649,4046,538,3,5,17556,a6eebd9e7bdde2bb,27.000,145.200,0.100
2650,4047,539,3,4,16524,26f7d13e80188913,26.800,148.400,0.300
2651,4048,540,3,4,16524,1b4d134c97d4428e,26.500,135.300,0.400
2652,4049,541,3,4,16524,f1c5dc3b776973b8,35.300,131.400,0.100
2653,4050,542,3,4,16524,1767a4b3f8bc359c,25.700,148.200,0.300
2654,4051,543,3,4,16524,0038fd28fc394784,28.200,193.200,0.100
2655,4052,544,3,4,16524,b321e917b55dc719,26.000,141.600,0.400
2656,4053,545,3,4,16524,176871a4b80388b7,29.600,165.000,0.200
2657,4054,546,3,4,16524,726d7bf94e852fde,29.200,183.300,0.100
2658,4055,547,3,4,16524,a9022053e79a90cd,26.100,143.900,0.400
2659,4056,548,3,4,16524,b40be9f3051d95ce,26.600,125.300,0.100
2660,4057,549,3,4,16524,6b42ee89a1a4b8ce,28.100,165.200,0.200
2661,4058,550,3,4,16524,3eb4ce3dafbd1d31,27.100,205.200,0.200
2662,4059,551,3,4,16524,a33de2ce1d7f089f,28.100,159.200,0.100
2663,4060,552,3,3,15492,353a9da499201f60,26.000,148.800,0.100
2664,4061,553,3,3,15492,bdbcdff88e58bee7,25.200,143.000,0.100
2665,4062,554,3,3,15492,37cfa083f921510d,23.800,124.800,0.200
2666,4063,555,3,3,15492,bb70fc730f6dcb2a,27.600,195.800,0.100
2667,4064,556,3,3,15492,8dc335d784ec798b,24.700,169.200,0.400
2668,4065,557,3,3,15492,38b45dbbae6f390c,25.600,188.900,0.200
2669,4066,558,3,4,16524,470a5c65a6a502f3,27.600,207.600,0.200
2670,4067,559,3,4,16524,fc2eb0684b159f9e,32.700,229.700,0.400
2671,4068,560,3,4,16524,aa70793786fc68ab,26.400,171.700,0.100
2672,4069,561,3,4,16524,ff0c8de8cbd8f2a5,31.300,177.700,0.500
2673,4070,562,3,4,16524,3fe71cdba53be082,39.300,178.600,0.400
2674,4071,563,3,4,16524,a6e4e0b93dd497cf,32.400,159.300,0.100
2675,4072,564,3,4,16524,02e802646b7b8718,23.200,128.700,0.200
2676,4073,565,3,3,15492,23a39aa4efbe0f1d,24.400,187.200,0.400
2677,4074,566,3,3,15492,1fd1f90fe2c9985f,24.800,174.300,0.100
2678,4075,567,3,3,15492,0e4123d7447ca967,24.800,176.200,0.100
2679,4076,568,3,3,15492,e7057068e81aeef4,76.900,138.500,0.400
2680,4077,569,3,3,15492,add052fd68f186b2,25.000,146.100,0.100
2681,4078,570,3,3,15492,edadf2190c23088c,25.500,153.000,0.300
2682,4079,571,3,3,15492,221495e7c73df401,29.600,174.000,0.100
2683,4080,572,3,4,16524,59aa915fb9274fd8,41.000,615.700,0.200
2684,4081,573,3,4,16524,06aa036e494a74b3,27.900,274.000,0.300
2685,4082,574,3,5,17556,e9732499a3b99ac3,27.300,153.400,0.300
2686,4083,575,3,5,17556,d4be9a923ac738b7,27.300,132.900,0.100
2687,4084,576,3,5,17556,c4879639fedb4cd6,27.300,180.000,0.400
2688,4085,577,3,5,17556,970a558c99cd4dfe,28.000,151.100,0.100
2689,4086,578,3,4,16524,c89db2b67b43e677,29.000,164.400,0.400
2690,4087,579,3,4,16524,0ac17b458cf7ee6c,30.100,179.900,0.100
2691,4088,580,3,5,17556,d719abfb07309c97,28.000,154.800,0.100
2692,4089,581,3,5,17556,dcaede63da6cf806,35.100,199.600,0.400
2693,4090,582,3,5,17556,e1d93e1f30b17425,30.500,209.700,0.100
2694,4091,583,3,5,17556,61e07a9a630a3fb7,29.500,180.300,0.100
2695,4092,584,3,5,17556,1542276ef1f293b9,28.200,161.000,0.200
2696,4093,585,3,5,17556,74a30a744e6d195a,28.000,151.900,0.100
2697,4094,586,3,5,17556,573d41779ded4df3,27.700,186.000,0.400
2698,4095,587,3,5,17556,cfc1a9f518c934e4,26.000,256.100,0.300
2699,4096,588,3,5,17556,b1f80667ddd80831,29.700,143.600,0.200
2700,4097,589,3,5,17556,25155a71b512de45,25.900,219.400,0.300
2701,4098,590,3,5,17556,3c76037f8329f168,27.700,163.100,0.300
2702,4099,591,3,4,16524,b51616420653077a,24.000,131.900,0.100
2703,4100,592,3,4,16524,336f21e010f7d832,27.600,151.500,0.100
2704,4101,593,3,4,16524,2992096b14acb022,25.600,129.500,0.100
2705,4102,594,3,4,16524,23dc5a43d2160873,24.800,134.000,0.200
2706,4103,595,3,4,16524,87f55f58fda50033,25.100,183.700,0.300
2707,4104,596,3,4,16524,e9b60acbb3af2355,24.300,140.200,0.100
2708,4105,597,3,4,16524,a2f170a953f73f07,24.900,186.100,0.200
2709,4106,598,3,4,16524,90a23fcf8f3d387e,34.100,151.000,0.100
2710,4107,599,3,5,17556,19f63565a1ec55bd,51.600,166.700,0.200
2711,4108,600,3,5,17556,77c06ed676dc61b1,25.100,165.000,0.100
2712,4109,601,3,5,17556,9df63014aeba5932,28.000,185.700,0.200
2713,4110,602,3,5,17556,82f69842823dafcb,85.700,149.600,0.400
2714,4111,603,3,5,17556,968dadb2b728931b,26.700,184.500,0.100
2715,4112,604,3,5,17556,da9d1fdabde75e9f,27.800,165.300,0.200
2716,4113,605,3,5,17556,844ab9552a6e8a1e,26.500,149.200,0.200
2717,4114,606,3,5,17556,33fec00e46b010a6,26.600,147.400,0.500
2718,4115,607,3,5,17556,415b2382598462b0,27.500,166.000,0.200
2719,4116,608,3,5,17556,7b7060df414d3d8a,29.100,159.500,0.400
2720,4117,609,3,5,17556,8de3d9b3ab6ca38c,29.900,177.300,0.300
2721,4118,610,3,3,15492,ba1d6bfea1ed0ee8,25.500,138.200,0.100
2722,4119,611,3,3,15492,d6bce77591d45832,34.000,200.600,0.100
2723,4120,612,3,4,16524,e5a5db9a3bda8b4c,26.200,193.500,0.200
2724,4121,613,3,4,16524,d5d93589ecc414aa,25.100,147.500,0.500
2725,4122,614,3,4,16524,5c94f7523e94522f,26.200,153.300,0.100
2726,4123,615,3,4,16524,898be255a6f8ea88,25.400,143.300,0.200
2727,4124,616,3,4,16524,07c64f9e6fe4525b,33.600,189.000,0.100
2728,4125,617,3,5,17556,2eda908be04f6151,38.300,177.100,0.100
2729,4126,618,3,5,17556,d8a9e0d4b3961d3c,26.400,135.700,0.100
2730,4127,619,3,5,17556,11346ffed490de32,26.700,148.300,0.100
2731,4128,620,3,5,17556,ae9b6bc724245c01,54.200,138.700,0.100
2732,4129,621,3,5,17556,f53b2b774f5710e9,29.700,135.800,0.200
2733,4130,622,3,4,16524,a189dd0725fb5e2b,25.900,202.100,0.200
2734,4131,623,3,5,17556,2d4275a9d01e8f34,48.800,142.500,0.300
2735,4133,624,3,6,18588,5cd372ae3145783b,36.600,197.800,0.100
2736,4135,625,3,6,18588,a902cc4f75c1a48f,29.600,143.300,0.400
2737,4137,626,3,5,17556,d1530713805d46ae,26.900,190.400,0.100
2738,4139,627,3,5,17556,98d744b1f20191a8,28.000,201.200,0.400
2739,4140,628,3,5,17556,698bcd923e32f551,34.600,875.800,0.100
2740,4141,629,3,5,17556,f0d3956d75a3db64,27.200,196.100,0.400
2741,4142,630,3,5,17556,c6b5e4f616260a98,36.500,236.200,0.400
2742,4143,631,3,5,17556,5504628d54eaa738,27.100,148.100,0.100
2743,4144,632,3,4,16524,d16d98e3a4fb3e4f,25.900,134.100,0.100
2744,4145,633,3,4,16524,1cbe233dfea21f08,40.400,133.400,0.100
2745,4146,634,3,5,17556,b343f0abfd025ce3,28.600,143.900,0.400
2746,4147,635,3,4,16524,3c0255dd5353f2c9,28.500,182.800,0.100
2747,4148,636,3,6,18588,03f68519c4b9127d,28.500,200.500,0.100
2748,4149,637,3,5,17556,84868127238925fe,33.700,178.400,0.400
2749,4150,638,3,4,16524,2e9349ead83aa98a,27.400,154.800,0.200
2750,4151,639,3,5,17556,a6390426166558e1,34.000,188.700,0.100
2751,4152,640,3,5,17556,017b1024cff5740e,26.400,143.300,0.100
2752,4153,641,3,4,16524,26599cd1b6066e49,26.200,207.600,0.300
2753,4154,642,3,3,15492,319b79ef1b99c139,24.200,164.000,0.100
2754,4155,643,3,4,16524,591dfdbf018791f5,25.900,142.700,0.100
2755,4156,644,3,4,16524,0ec1363b005f1af9,25.200,142.400,0.100
2756,4157,645,3,4,16524,2465f5e1d0c24684,25.900,207.200,0.100
2757,4158,646,3,3,15492,27e6db5973ef6392,25.700,136.700,0.100
2758,4159,647,3,4,16524,6680268de6906735,23.800,165.500,0.100
2759,4160,648,3,5,17556,f008246d0cd57e82,28.600,161.000,0.100
2760,4161,649,3,6,18588,fbb32927ae40cc09,28.100,173.300,0.100
2761,4162,650,3,7,19620,1d9c21ed47a5cd27,29.900,153.800,0.100
2762,4163,651,3,8,20652,8aabf33accbf9ef7,34.200,213.600,0.100
2763,4164,652,3,9,21684,52d8a1deab09e59e,33.300,128.700,0.200
2764,4165,653,3,9,21684,07c5d09b0b7eebd3,30.600,139.000,0.100
2765,4166,654,3,9,21684,869a02dbccb32807,31.800,133.100,0.100
2766,4167,655,3,10,22716,b92cf672815153fa,31.500,142.100,0.100
2767,4168,656,3,10,22716,72e9f85fc1ad5ea7,32.400,149.800,0.100
2768,4169,657,3,9,21684,be1ca67e04506dbb,33.000,207.000,0.400
2769,4170,658,3,9,21684,e36f903482f42927,31.700,193.100,0.100
2770,4171,659,3,9,21684,be84a26e14a196de,32.900,138.800,0.100
2771,4172,660,3,10,22716,bdb9660014bf904f,31.300,178.300,0.100
2772,4173,661,3,10,22716,ba4c867a194a3cfd,31.700,178.700,0.200
2773,4174,662,3,10,22716,ac46e114b65d8cf2,32.600,206.100,0.400
2774,4175,663,3,10,22716,cb2901221f9262ea,31.500,142.500,0.100
2775,4176,664,3,10,22716,1261bbdc17a42392,32.400,136.600,0.100
2776,4177,665,3,10,22716,d11ffa8c4ee04950,33.900,161.700,0.100
2777,4178,666,3,10,22716,52fd1ed327e9a1f5,31.700,152.700,0.100
2778,4179,667,3,11,23748,10c627f06b13eb71,32.800,154.900,0.100
2779,4180,668,3,11,23748,06f07e64fd0156a7,32.300,142.400,0.100
2780,4181,669,3,12,24780,d5ddc76a5dff35bb,33.800,148.500,0.200
2781,4182,670,3,13,25812,c4f8a4399acace8a,37.500,180.600,0.100
2782,4183,671,3,13,25812,457f3999877e6192,40.100,151.800,0.100
2783,4184,672,3,13,25812,5f1049dfae71dd39,43.100,174.100,0.200
2784,4185,673,3,14,26844,2720c17da24e6713,34.300,121.400,0.100
2785,4186,674,3,14,26844,108ca5f923ea1b53,35.700,135.000,0.100
2786,4187,675,3,14,26844,280eaf6fa122d6b4,35.900,180.900,1.300
2787,4188,676,3,15,27876,71406240295e4620,37.900,229.500,0.400
2788,4189,677,3,15,27876,6693e41178b3a4a5,36.600,136.900,0.200
2789,4190,678,3,15,27876,1f67c1ce7217d1fb,35.900,163.600,0.200
2790,4191,679,3,16,28908,8ec18aacc077c0c0,35.800,151.900,0.400
2791,4192,680,3,16,28908,014aae3bb4735f22,39.000,140.400,0.100
2792,4193,681,3,16,28908,f0d294a1aba0a478,74.300,175.400,0.100
2793,4194,682,3,15,27876,081f9b178cfc67a1,39.100,204.100,0.100
2794,4195,683,3,15,27876,fd31b3753eba1302,38.100,143.400,0.400
2795,4196,684,3,15,27876,d297265a1d7373cf,40.800,155.400,0.100
2796,4197,685,3,15,27876,9830b159bf1e5740,38.600,179.100,0.100
2797,4198,686,3,15,27876,d2c6586adc993eec,38.100,145.000,0.100
2798,4199,687,3,15,27876,71acc028e8932b7a,36.200,142.900,0.100
2799,4200,688,3,15,27876,793faca6d7a48220,45.100,735.900,0.200
2800,4201,689,3,15,27876,fcdfe7d154c6a197,39.000,211.300,0.100
2801,4202,690,3,15,27876,175a36988e4defd7,38.400,147.500,0.400
2802,4203,691,3,15,27876,43c40db549af3860,36.000,164.200,0.100
2803,4205,692,3,15,27876,1b9fd7c7bf2272d4,38.200,175.500,0.200
2804,4206,693,3,15,27876,b21e2f21520f8c58,41.700,191.400,0.200
2805,4207,694,3,15,27876,3ee47975366a524b,40.100,179.800,0.300
2806,4208,695,3,15,27876,6a097b3b8e94df01,38.300,176.100,0.200
2807,4209,696,3,15,27876,07b1df22f92fd551,38.800,163.600,0.100
2808,4210,697,3,15,27876,f44be5d40ff532ee,36.500,141.700,0.200
2809,4211,698,3,15,27876,ea57d27bfdb5990a,37.000,159.300,0.400
2810,4212,699,3,15,27876,623313747e1c7867,39.800,220.500,0.400
2811,4213,700,3,15,27876,867c6230965df57b,36.400,180.700,0.100
2812,4214,701,3,15,27876,bc1f35f8476fb7f4,36.500,174.700,0.200
2813,4215,702,3,15,27876,f79a5feb308fb995,39.000,158.400,0.200
2814,4216,703,3,15,27876,d4e1e63bc5971c21,38.800,155.100,0.100
2815,4217,704,3,15,27876,811645998a3c22f2,38.400,202.400,0.400
2816,4218,705,3,15,27876,944385be7b8a5ac9,38.500,218.500,0.400
2817,4219,706,3,15,27876,f69c020c2c9dfcc7,37.000,150.700,0.100
2818,4220,707,3,15,27876,e032c2ce089dd04a,38.900,174.000,0.200
2819,4221,708,3,15,27876,56cb5903a39737b7,37.300,148.400,0.300
2820,4222,709,3,15,27876,4948f4abe839c827,37.300,135.000,0.300
2821,4223,710,3,15,27876,16f842ac0b976ab2,35.800,174.200,0.100
2822,4224,711,3,15,27876,be1fb744dd6fe3c8,39.500,149.900,0.400
2823,4225,712,3,15,27876,df8abcd0a479df32,36.500,212.300,0.400
2824,4226,713,3,15,27876,4507581e7ab82c98,38.600,197.100,0.100
2825,4227,714,3,15,27876,21c63cc599ee789f,39.400,194.100,0.100
2826,4228,715,3,15,27876,e02a0860d19f04c3,40.500,248.000,0.100
2827,4229,716,3,15,27876,eba3e6e6ffdefe08,38.000,149.600,0.100
2828,4230,717,3,15,27876,f5b9fa8dfeab7ff7,38.300,141.300,0.100
2829,4231,718,3,15,27876,0c92549d427b4dbe,37.100,150.600,0.400
2830,4232,719,3,15,27876,ea84ed1249095972,36.700,142.800,0.100
2831,4233,720,3,15,27876,a19ea0789800a0c3,36.400,192.400,0.500
2832,4234,721,3,15,27876,22d47351f1671af1,38.600,226.300,0.400
2833,4235,722,3,15,27876,0abb5f8b1b8d89b9,44.300,212.800,0.300
2834,4236,723,3,15,27876,b19987f57c268b8f,37.400,154.700,0.300
2835,4237,724,3,15,27876,9356574b97fc7faf,36.900,164.500,0.100
2836,4238,725,3,15,27876,6f1720340e11ac5a,37.800,138.600,0.100
2837,4239,726,3,15,27876,7ee8bcc12dd777cc,40.100,205.600,0.400
2838,4240,727,3,15,27876,6bbcd0aa599f8cfe,38.200,170.900,0.100
2839,4242,728,3,15,27876,ce5e62f0bc2a1735,49.100,213.200,0.200
2840,4243,729,3,15,27876,e28036df85e4ee4e,41.300,176.400,0.100
2841,4244,730,3,15,27876,e6652c87b655b7c0,39.100,160.800,0.100
2842,4245,731,3,15,27876,99d2ad2ba6ae6a91,36.600,176.500,0.500
2843,4246,732,3,15,27876,43e94824e2314995,36.800,192.300,0.300
2844,4247,733,3,15,27876,8b0e33d61e29e2ae,39.700,218.000,53.900
2845,4248,734,3,15,27876,eb28b857ce1d4a64,37.500,185.500,0.300
2846,4249,735,3,15,27876,5077f323dca6b10f,37.500,154.100,0.100
2847,4250,736,3,15,27876,2f03dbf61372cc40,38.500,176.400,0.100
2848,4251,737,3,16,28908,108fc747795111a7,38.400,179.900,0.100
2849,4252,738,3,15,27876,a386ab1525a6aba4,42.400,134.600,0.100
2850,4253,739,3,16,28908,7e72fc5481ec9d50,38.600,206.100,0.100
2851,4254,740,3,15,27876,87edd844ca3716b5,39.800,154.200,0.200
2852,4255,741,3,15,27876,268ca85c4f424219,38.200,164.200,0.200
2853,4256,742,3,15,27876,80862f5b6e2b9d6e,39.700,151.400,0.100
2854,4257,743,3,15,27876,d7b512ed057d9b9c,36.200,139.000,0.100
2855,4258,744,3,15,27876,29b5de10f56da792,36.400,121.700,0.100
2856,4259,745,3,17,29940,663149584c4e7ec8,43.300,197.900,0.400
2857,4260,746,3,16,28908,d6dff6cc37944fe0,50.500,2598.100,0.100
2858,4261,747,3,16,28908,e158c8240c35cf75,45.800,170.700,0.200
2859,4262,748,3,17,29940,b4ac990c70f6a859,61.600,241.400,1.400
2860,4263,749,3,20,33036,88e8f88ffdadf287,46.100,200.200,0.100
2861,4264,750,3,20,33036,604422e7194e54ae,44.100,156.800,0.100
2862,4265,751,3,20,33036,9131d29c815c176e,44.100,150.500,0.100
2863,4267,752,3,21,34068,fae2f9d6e4c1b489,47.000,256.900,0.200
2864,4268,753,3,20,33036,0a43f83324c7b59e,42.400,134.600,0.100
2865,4269,754,3,21,34068,3a46de6b6480e1dc,43.700,149.500,0.200
2866,4270,755,3,21,34068,d4df217fc639b700,45.400,151.900,0.300
2867,4271,756,3,20,33036,a24596ef2dfdc430,42.400,141.400,0.100
2868,4272,757,3,22,35100,4ddc23e87856d895,45.700,168.600,0.100
2869,4273,758,3,23,36132,01250ecd2edb77e6,69.500,145.900,0.200
2870,4274,759,3,23,36132,8fc4feebc51208c5,47.200,141.400,0.100
2871,4275,760,3,22,35100,522df05570102c37,44.900,144.000,0.100
2872,4276,761,3,22,35100,efe197fbae1e1a58,45.200,170.300,0.200
2873,4277,762,3,22,35100,87bccd1f5139bbce,53.600,281.800,0.300
2874,4278,763,3,23,36132,3cef6a6cdde901f9,45.000,146.900,0.200
2875,4279,764,3,23,36132,9100b61990f90f2a,45.700,139.900,0.100
2876,4280,765,3,23,36132,2e07f05adb5aaced,47.800,163.700,0.200
2877,4281,766,3,22,35100,9a6285a62323161b,44.000,146.900,0.100
2878,4282,767,3,22,35100,40117d2bd7624f83,43.300,147.700,0.100
2879,4283,768,3,20,33036,2faec2ca16e90a19,44.300,160.500,1.300
2880,4284,769,3,20,33036,f3426daf3727e17e,43.800,152.300,0.100
2881,4285,770,3,19,32004,aac2cbd68f32f9a5,43.100,151.900,0.500
2882,4286,771,3,21,34068,9756b99c60c08495,45.700,175.600,0.300
2883,4287,772,3,21,34068,ea65ace5e75c418a,47.600,149.200,0.300
2884,4288,773,3,19,32004,5f66ef64667f474a,44.000,236.800,0.300
2885,4289,774,3,20,33036,d34d2bb162ce3475,47.300,237.200,0.100
2886,4290,775,3,21,34068,787df02720dd803e,43.500,185.800,0.100
2887,4291,776,3,19,32004,3aaa9baebe4b7fe7,43.900,178.100,0.200
2888,4292,777,3,21,34068,38ba79a2eab301ea,42.600,287.000,0.100
2889,4293,778,3,20,33036,ff3a41bbd7ce38a0,41.800,172.500,0.200
2890,4294,779,3,20,33036,fed28a931020b5f1,42.900,145.100,0.400
2891,4295,780,3,21,34068,7a75f7def874a680,43.800,248.500,0.400
2892,4296,781,3,19,32004,a56bfe9b291f5868,43.600,224.500,0.200
2893,4297,782,3,21,34068,31f316267c7e0a41,44.500,187.800,0.200
2894,4298,783,3,21,34068,0713161d46717a3e,42.500,145.300,0.100
2895,4299,784,3,19,32004,cb44b2358a3c842b,45.100,182.700,0.100
2896,4300,785,3,20,33036,de2072c41b7ba543,43.000,145.400,0.100
2897,4301,786,3,19,32004,2a1b5545bbadb79b,42.100,212.900,0.100
2898,4302,787,3,20,33036,5f325a7d289fbb0a,45.400,224.900,0.400
2899,4303,788,3,20,33036,4f7a7540d2261950,43.400,153.700,0.400
2900,4304,789,3,19,32004,f7391dafa8385b44,40.400,143.300,0.400
2901,4305,790,3,20,33036,47c6cdd9a0ce9655,42.700,192.800,0.200
2902,4306,791,3,19,32004,11193e28e53d72a5,41.200,146.600,0.100
2903,4307,792,3,19,32004,acb70b7efd4ae089,41.300,139.000,0.400
2904,4308,793,3,19,32004,1817f03cad20c2c7,52.500,330.800,0.100
2905,4309,794,3,20,33036,90750ddee3756e58,44.600,158.900,0.100
2906,4310,795,3,19,32004,e6f0b336cc867139,42.000,157.500,0.100
2907,4311,796,3,16,28908,2dae450c15b4d8dc,40.400,186.100,0.300
2908,4312,797,3,14,26844,ce838ad3e029ae01,39.400,205.100,1.300
2909,4313,798,3,14,26844,db7228f331d1ea5c,36.900,171.500,0.200
2910,4314,799,3,14,26844,69f6a45678bd9363,37.800,158.000,0.100
2911,4315,800,4,14,30944,ac07c7b4f8238063,41.100,175.100,0.200
2912,4316,801,3,14,26844,d9b86427b0e4f510,35.700,147.600,0.300
2913,4317,802,4,14,30944,ec4760bd0058a2d0,43.500,165.600,0.200
2914,4318,803,3,16,28908,b453f53d2901dc40,40.000,168.500,0.100
2915,4319,804,4,15,31976,26b6fdbd7292308f,42.400,185.300,0.400
2916,4320,805,3,16,28908,671b71eaee0b86c3,42.600,637.000,0.100
2917,4321,806,4,14,30944,cd8c44d9a6a97f0a,51.100,209.600,0.100
2918,4322,807,3,14,26844,cdd63b35887c1ecb,38.500,173.600,0.400
2919,4323,808,4,15,31976,ebafe329c441d06a,42.000,156.900,0.200
2920,4324,809,3,15,27876,b90827c71f49db0a,36.800,161.900,0.100
2921,4325,810,4,15,31976,227220dc4a68f3a0,49.000,214.400,0.100
2922,4326,811,3,14,26844,01351e37ec61a2bd,38.100,149.500,0.100
2923,4327,812,4,14,30944,3448dff0709dfa46,39.400,177.400,0.200
2924,4328,813,3,14,26844,e8e94d7c85f21c89,144.200,144.000,0.100
2925,4329,814,4,14,30944,4efd3aff9df7d2c1,38.500,137.000,0.100
2926,4330,815,3,14,26844,96684c80ec396303,36.300,198.200,0.100
2927,4331,816,4,14,30944,0a70544bc89a174c,40.500,179.700,0.100
2928,4332,817,3,14,26844,ca067184cc1b78d7,37.000,148.700,0.300
2929,4333,818,3,14,26844,c2ace57027eb20b5,42.300,169.500,0.100
2930,4334,819,3,14,26844,1813d54212887d9b,44.200,179.500,0.400
2931,4335,820,3,14,26844,f1109ecd8330cbd3,38.700,168.100,0.300
2932,4336,821,3,14,26844,d4f212a770187818,37.500,139.600,0.200
2933,4337,822,3,14,26844,854509fdf75572fa,41.600,137.400,0.100
2934,4338,823,3,15,27876,dec4686a4553c374,36.000,192.700,0.100
2935,4339,824,3,15,27876,6d4aaf41499ce87c,36.800,180.200,0.300
2936,4340,825,3,15,27876,caab58feb5b3dd79,41.500,134.100,0.100
2937,4341,826,3,15,27876,95bf4061dd735fdd,35.400,141.200,0.100
2938,4342,827,3,15,27876,6cb0932eeb0f3b47,40.400,232.900,0.200
2939,4343,828,3,15,27876,afbdd57f0991be99,37.900,193.400,0.200
2940,4344,829,3,15,27876,7063685d404267d0,37.600,164.400,0.100
2941,4345,830,3,15,27876,92bf0adb7bfb0b42,38.400,137.900,0.100
2942,4346,831,3,13,25812,e6a0f8d188c2ebc3,35.600,190.000,0.300
2943,4347,832,3,12,24780,bfecf755c29fb64c,33.700,168.600,0.100
2944,4348,833,3,13,25812,785daf7dba0a5a85,34.900,158.400,0.400
2945,4349,834,3,12,24780,ec7eb7cd2d7e2cdb,42.300,138.500,0.100
2946,4350,835,3,12,24780,edcc5d76d9c18ab8,35.200,144.400,0.100
2947,4351,836,3,12,24780,553009224ce470eb,34.700,210.600,0.100
2948,4352,837,3,11,23748,fdcd2a7632bdef15,35.500,175.600,0.100
2949,4353,838,3,10,22716,36cbe31bdd856d9f,40.000,184.200,0.100
2950,4354,839,3,10,22716,a92c3c94ff0a923a,31.900,149.100,0.300
2951,4355,840,3,11,23748,b5fdc10b6492a663,33.600,147.700,0.200
2952,4356,841,3,9,21684,4e006db3680cb115,32.500,159.000,0.100
2953,4357,842,3,10,22716,ae65085ceeb1a306,31.700,232.100,0.100
2954,4358,843,3,8,20652,be06f666b7c7bf5d,30.200,142.100,0.200
2955,4359,844,3,7,19620,c37d38905f5386bf,29.100,148.200,0.100
2956,4360,845,3,7,19620,8d70026590857692,27.800,165.400,0.200
2957,4361,846,3,6,18588,7dd57b88621c339b,28.800,129.300,0.200
2958,4362,847,3,6,18588,3394452c2c0a5a3e,30.500,175.800,0.100
2959,4363,848,3,9,21684,b4835ccced8cb37a,31.500,151.000,0.100
2960,4364,849,3,9,21684,a5a727d6e500aadc,30.600,165.100,0.100
2961,4365,850,3,9,21684,00671862d0e9f0e4,43.900,140.700,0.100
2962,4366,851,3,8,20652,67f401e02e22963d,31.900,197.000,0.400
2963,4367,852,3,7,19620,8b68507ce837a000,30.100,150.900,0.400
2964,4368,853,3,7,19620,daf823f0cf894db0,30.600,192.300,0.400
2965,4369,854,3,7,19620,73335a0b10e48dbd,34.000,189.100,0.300
2966,4370,855,3,7,19620,3212f92b79857ef5,31.700,159.500,0.300
2967,4371,856,3,7,19620,588f3591555b5c06,29.500,149.000,0.100
2968,4372,857,3,4,16524,aadd66207cd52867,32.100,137.600,0.100
2969,4373,858,3,4,16524,7e13aae2b82222a8,24.700,145.300,0.100
2970,4374,859,3,4,16524,f20111401607a1dc,26.900,155.300,0.100
2971,4375,860,3,4,16524,9efba150786a6650,25.800,141.500,0.200
2972,4376,861,3,4,16524,6f71ad4ac303d810,26.400,187.100,0.400
2973,4377,862,3,4,16524,6a7958c61d315eb8,33.100,179.200,0.100
2974,4378,863,3,5,17556,b98e0f6ff4d556c5,24.100,189.500,0.400
2975,4379,864,3,5,17556,1c1247079b7ddd0f,28.100,230.500,0.100
2976,4380,865,3,5,17556,6138766733e34097,36.800,864.600,0.400
2977,4381,866,3,5,17556,c2f1d718c7722562,27.700,204.500,0.400
2978,4382,867,3,4,16524,b41b8bba748627cf,25.500,171.700,0.300
2979,4383,868,3,4,16524,44770c190eaeea3b,27.700,196.000,0.200
2980,4384,869,3,3,15492,2d297e93ad3c4651,25.000,213.900,0.200
2981,4385,870,3,3,15492,c67a1c77b8643311,25.200,139.500,0.100
2982,4386,871,3,4,16524,6621f4f3797b95e7,24.500,175.500,0.300
2983,4387,872,3,6,18588,3dfc1c418b797181,28.100,175.500,0.100
2984,4388,873,3,7,19620,bacbaaa64a200561,29.000,123.100,0.100
2985,4389,874,3,7,19620,ca2b80b56540468c,34.100,171.700,0.100
2986,4390,875,3,9,21684,63e5e5489608f928,32.600,138.700,0.200
2987,4391,876,3,8,20652,ffccb2cd30fec70a,31.300,148.500,0.100
2988,4392,877,3,9,21684,46b34fdada1ea59c,33.900,139.700,0.100
2989,4393,878,3,9,21684,f3b520b3bc286b98,33.200,169.100,0.500
2990,4394,879,3,10,22716,83c1cba2ebe648f8,32.300,140.500,0.100
2991,4395,880,3,10,22716,0dbb48e383730865,32.300,169.600,0.100
2992,4396,881,3,11,23748,9f90aad6c713acb1,34.200,157.000,0.100
2993,4397,882,3,10,22716,f1eb6d796a95a4a1,32.000,145.000,0.100
2994,4398,883,3,11,23748,cc5dd540a36e1872,32.400,133.700,0.200
2995,4399,884,3,11,23748,da709dc85280228e,53.400,173.100,0.100
2996,4400,885,3,14,26844,a8ecb02e22e55ced,46.200,138.800,0.100
2997,4401,886,3,13,25812,5033bdb482af6b2f,36.100,150.700,0.300
2998,4402,887,3,13,25812,a4825097a7881d40,35.100,171.400,0.100
2999,4403,888,3,13,25812,880cc7d7d007ca5d,34.200,256.100,0.100
3000,4404,889,3,13,25812,dd251dd0e22e791d,34.700,142.100,0.100
3001,4405,890,3,13,25812,280a332203b9bc8b,36.900,166.400,0.100
3002,4406,891,3,13,25812,7cc4871af781bcb7,40.100,219.200,0.400
3003,4407,892,3,13,25812,f27b5b81c966d445,38.000,195.900,0.100
3004,4408,893,3,13,25812,81761625e009d801,38.100,227.900,0.100
3005,4409,894,3,13,25812,88e40e6c11182709,35.600,129.700,0.200
3006,4410,895,3,13,25812,89ccc7a15542080d,47.100,144.500,0.100
3007,4411,896,3,10,22716,8d1e14927337d6a6,40.200,166.400,0.200
3008,4412,897,3,10,22716,a18272506ec305a4,33.700,169.700,0.300
3009,4413,898,3,10,22716,122832407657ca80,36.000,156.800,0.500
3010,4414,899,3,9,21684,085116aab6fbb7aa,32.100,162.400,1.300
3011,4415,900,3,8,20652,c9e55f6e4e27fefc,34.900,172.900,0.100
3012,4416,901,3,9,21684,edae6007e4c405d9,31.600,216.500,0.400
3013,4417,902,3,7,19620,4d51c9d4f3b4391d,29.200,152.100,0.200
3014,4418,903,3,7,19620,00d8cdfbb9fec161,32.900,152.900,0.200
3015,4419,904,3,7,19620,ef078adc3a40f555,28.500,146.900,1.200
3016,4420,905,3,4,16524,2f56f50e9246e485,24.600,137.800,0.100
3017,4421,906,3,3,15492,a6f018dbf8d1f90f,25.200,142.700,0.100
3018,4422,907,3,3,15492,028e2d392a12568a,86.900,153.600,0.600
3019,4423,908,3,5,17556,6bf37f1ae1978498,27.000,172.800,0.100
3020,4424,909,3,6,18588,75051174a6564f27,27.900,156.400,0.300
3021,4425,910,3,5,17556,ab1690fc8ffc8c1a,30.300,164.100,0.400
3022,4426,911,3,4,16524,cef3c3b453959985,26.800,208.100,0.100
3023,4427,912,3,4,16524,7ac979eb4ffd6c14,26.700,190.500,0.200
3024,4428,913,3,6,18588,de0930d8937005b7,31.300,170.800,0.200
3025,4429,914,3,5,17556,c22b11c6a21662c5,28.100,203.700,0.300
3026,4430,915,3,7,19620,9cee0a89d43e5f1e,30.100,150.100,0.200
3027,4431,916,3,5,17556,a666399189a3caee,28.900,248.800,0.100
3028,4432,917,3,6,18588,a0c91d28cb4b4328,27.100,155.500,0.200
3029,4433,918,3,6,18588,e241c063830faf6c,27.300,209.800,0.400
3030,4434,919,3,5,17556,cc1ac7d3e1ec8cfc,36.500,173.300,0.300
3031,4435,920,3,5,17556,1851258871cc4b50,26.900,175.500,0.400
3032,4436,921,3,5,17556,a167f18ceb78d303,26.800,186.200,0.100
3033,4437,922,3,5,17556,cff856f440e8d0ca,26.000,141.600,0.100
3034,4438,923,3,5,17556,f6da15545381f200,26.400,166.700,0.100
3035,4439,924,3,5,17556,3d18ad8504290b7d,26.900,174.500,0.100
3036,4440,925,3,3,15492,ddcc77ff37ebe1cf,30.200,818.000,0.100
3037,4441,926,3,5,17556,499925f91ee35b2d,49.800,185.300,0.100
3038,4442,927,3,4,16524,bb5ef408650f6bef,31.400,153.300,0.100
3039,4443,928,3,5,17556,94c35a2fa1fc0169,44.900,173.100,0.100
3040,4444,929,3,4,16524,bd163d85d23fede5,26.600,152.000,0.300
3041,4445,930,3,3,15492,761deb9676cd2395,24.800,138.200,0.100
3042,4446,931,3,4,16524,fc94da196017ddbd,50.500,157.100,0.100
3043,4447,932,3,3,15492,92c48978c55d627e,22.000,150.500,0.100
3044,4448,933,3,4,16524,4518796577ffdd04,27.500,144.300,0.100
3045,4449,934,3,5,17556,3c85a148b6eb876c,28.200,144.400,0.100
3046,4450,935,3,5,17556,f7ac52e3f8e6f570,27.100,134.500,0.100
3047,4451,936,3,4,16524,880a1bd808a5ca90,23.200,158.400,0.100
3048,4452,937,3,5,17556,160955aae919fe26,36.300,189.900,0.300
3049,4453,938,3,5,17556,7025970ea6349130,27.800,217.500,0.400
3050,4454,939,3,4,16524,98e456d530069fce,25.200,179.300,0.400
3051,4455,940,3,5,17556,c05bb33e4fcf4b80,27.400,233.900,0.200
3052,4456,941,3,5,17556,4ece44055fada6ad,27.000,150.200,0.400
3053,4457,942,3,5,17556,18c36e39ceee7318,33.700,188.800,0.500
3054,4458,943,3,6,18588,160b879d2e83f249,27.500,175.900,0.100
3055,4459,944,3,6,18588,f0c21af4a749cedc,32.600,138.900,0.200
3056,4460,945,3,6,18588,48e49573a120aeab,29.100,142.200,0.100
3057,4461,946,3,6,18588,f816c83db57bc7de,30.200,141.700,0.400
3058,4462,947,3,6,18588,a3fcaa66c48894f7,28.900,172.700,0.100
3059,4463,948,3,6,18588,febc2b67987f8de9,27.300,157.600,0.100
3060,4464,949,3,4,16524,033c6d895fa65043,26.300,164.000,0.100
3061,4465,950,3,5,17556,6f5e97d80fa6bfa1,26.600,140.100,0.100
3062,4466,951,3,6,18588,2f161e473e0ff562,27.500,136.500,0.100
3063,4467,952,3,4,16524,d9d022930abb9cb7,31.000,134.900,0.400
3064,4468,953,3,5,17556,c4ec60834cbb92d2,26.800,167.600,0.200
3065,4469,954,3,5,17556,3705827427f5e67c,27.100,148.700,0.300
3066,4470,955,3,6,18588,9cc30ddb99d81947,29.200,142.800,0.400
3067,4471,956,3,6,18588,b2501ba825b3e4f3,27.100,186.600,0.200
3068,4472,957,3,6,18588,d54caaf7432896df,66.400,161.800,0.300
3069,4473,958,3,4,16524,a73d713fbf8de976,27.600,200.100,0.300
3070,4474,959,3,3,15492,00068f569f7ed792,33.600,166.500,0.100
3071,4475,960,3,4,16524,6f82574b487993b1,24.400,257.600,0.400
3072,4476,961,3,4,16524,3ed9afed44ca05db,27.800,162.600,0.400
3073,4477,962,3,4,16524,c05037e4dbe256c5,34.400,170.400,0.100
3074,4478,963,3,7,19620,0cd01097d3d908eb,29.600,148.200,0.400
3075,4479,964,3,7,19620,d5e1be07e0567943,29.600,231.800,0.300
3076,4480,965,3,9,21684,51a92eafd2d9f850,31.500,144.300,0.400
3077,4481,966,3,8,20652,8c0db58c9532e144,53.000,175.300,0.100
3078,4482,967,3,9,21684,b09875bba362bbdc,31.200,168.500,0.100
3079,4483,968,3,10,22716,b944ab02a5cb1ae6,36.300,172.400,0.300
3080,4484,969,3,11,23748,25d3b8fe3ebc9941,35.700,158.700,0.300
3081,4485,970,3,10,22716,4441f180f5e28373,36.500,205.500,0.100
3082,4486,971,3,11,23748,dd752559d96d1fda,35.100,173.000,0.200
3083,4487,972,3,12,24780,8d9a6c68f9b78efc,42.000,172.000,0.200
3084,4488,973,3,12,24780,b5aefce6ab270d7a,35.100,160.400,0.200
3085,4489,974,3,12,24780,12e81db2fe6b7fcc,34.900,145.000,0.100
3086,4490,975,3,13,25812,86397627b72f49bb,58.600,170.300,0.100
3087,4491,976,3,13,25812,0b81f1cc7009540a,36.300,200.900,0.400
3088,4492,977,3,13,25812,8cd2828351c2ebe9,34.700,164.800,0.100
3089,4493,978,3,13,25812,1dd3ad5a9e6a5258,37.100,166.600,0.100
3090,4494,979,3,13,25812,eee90e798d671f24,34.700,151.800,0.200
3091,4495,980,3,13,25812,1a7d98830d5392f0,37.300,170.600,0.100
3092,4496,981,3,13,25812,9ac895234109a968,36.300,148.900,0.500
3093,4497,982,3,13,25812,102e7aa0781a7e71,36.000,175.100,0.400
3094,4498,983,3,13,25812,24044dd28bbbeb5a,34.800,175.800,0.200
3095,4499,984,3,13,25812,12cde29fac2fbf22,35.900,150.100,0.300
3096,4500,985,3,13,25812,0419449e1af126d4,39.300,663.200,0.100
3097,4501,986,3,13,25812,b2643d940f3f8aa6,37.500,201.000,0.100
3098,4502,987,3,13,25812,4d5051dbbcf1307f,46.700,152.200,0.300
3099,4503,988,3,13,25812,e2bd80fd2a4b8d38,36.200,152.400,0.200
3100,4504,989,3,13,25812,d52d1a28e0bba9ec,35.600,132.300,0.100
3101,4505,990,3,13,25812,2acad4cc06fd57a9,35.600,138.500,0.200
3102,4506,991,3,13,25812,ff6f7142924fa01b,36.300,162.300,0.400
3103,4507,992,3,13,25812,7b84c0698de51c73,39.000,164.600,0.400
3104,4509,993,3,13,25812,e1dff6e265a13808,33.600,148.400,0.100
3105,4510,994,3,13,25812,c7fcafba90c4368c,35.100,136.200,0.100
3106,4511,995,3,13,25812,5970562a70d4c0a9,43.900,134.900,0.100
3107,4512,996,3,13,25812,9b6e22baff32a8ec,35.900,175.300,0.100
3108,4513,997,3,13,25812,3400bbfbaa8c5870,34.400,133.300,0.100
3109,4514,998,3,13,25812,5dc846d953af4342,43.700,157.200,0.100
3110,4515,999,3,13,25812,b9d243e73c2e049a,35.900,146.100,0.100
3111,4516,1000,3,13,25812,22dc8b8b801f4e09,59.900,155.100,0.100
3112,4517,1001,3,13,25812,54230505b9d74c59,35.600,143.900,0.100
3113,4518,1002,3,13,25812,c8b9fa6ae8d7a426,36.500,186.700,0.300
3114,4519,1003,3,13,25812,47dac901811997ee,37.300,161.100,0.100
3115,4520,1004,3,12,24780,4d6ef6bb1ab967a3,36.000,246.400,0.200
3116,4521,1005,3,12,24780,75a5aec75e800772,36.600,195.700,0.200
3117,4522,1006,3,13,25812,14b16a71a947102a,36.600,171.000,0.100
3118,4523,1007,3,12,24780,dfde56c21e05dc7b,38.700,169.000,0.100
3119,4524,1008,3,11,23748,2b2ed77c3661cbfd,33.300,155.900,0.100
3120,4525,1009,3,11,23748,93db1f9ea3140776,47.200,214.400,0.400
3121,4526,1010,3,11,23748,643f3b959a85c076,34.900,197.500,0.100
3122,4527,1011,3,11,23748,615326bcef82e5f6,34.900,198.700,0.200
3123,4528,1012,3,11,23748,329d651df38ed599,32.200,146.400,0.100
3124,4529,1013,3,3,15492,341ca448a3fda776,34.900,235.800,0.300
3125,4530,1014,3,2,14460,1ad359ac6078ed74,24.400,188.100,0.100
3126,4531,1015,3,2,14460,8592951cf0a0013b,25.900,153.500,0.200
3127,4532,1016,3,2,14460,36e83cabfd5f2b6a,28.300,158.200,0.200
3128,4533,1017,3,2,14460,2599957f993b6b55,23.400,154.800,0.100
3129,4534,1018,3,2,14460,42ae44d9b5004e03,24.800,148.500,0.100
3130,4535,1019,3,1,13428,28952f8390d93fce,22.600,161.000,0.100
3131,4536,1020,3,1,13428,074cc94fb7306ad3,21.600,156.600,0.100
3132,4537,1021,3,1,13428,bc821b32ab0891fd,23.100,208.400,0.100
3133,4538,1022,3,1,13428,ec626860cc387cef,32.300,203.300,0.100
3134,4539,1023,3,2,14460,af2d3b4cbb7d627f,23.400,139.100,0.200
3135,4540,1024,3,2,14460,ef85ff84e93433df,24.000,190.200,0.200
3136,4541,1025,3,1,13428,67ea42960a1a21ce,22.900,207.800,0.100
3137,4542,1026,3,1,13428,60d0bf4b7423e571,25.400,142.300,0.200
3138,4543,1027,3,2,14460,ee0fc05ad065d68d,24.200,193.100,0.300
3139,4544,1028,3,1,13428,e650399ce1b08cda,27.100,211.400,0.100
3140,4545,1029,3,2,14460,3dc94cf5c849e123,25.700,163.300,0.100
3141,4546,1030,3,2,14460,88ab23fbec5d392e,47.800,176.900,0.100
3142,4547,1031,3,1,13428,4853a538b6957a09,23.300,145.100,0.100
3143,4548,1032,3,1,13428,7eaebcc400c07732,24.300,146.100,0.400
3144,4549,1033,3,1,13428,36dc82cda77f39fb,23.200,176.700,0.100
3145,4550,1034,3,1,13428,b1bb22cc47f89831,25.400,148.900,0.100
3146,4551,1035,3,2,14460,c515566659752657,22.300,183.600,0.100
3147,4552,1036,3,2,14460,1dcc07ebf6f51be2,23.600,139.800,0.400
3148,4553,1037,3,2,14460,72a5102e5ca912ac,23.300,127.600,0.200
3149,4554,1038,3,2,14460,1d0fef683e6693ee,21.300,133.200,0.100
3150,4555,1039,3,2,14460,32c2bf5e731cd226,25.900,223.500,0.300
3151,4556,1040,3,3,15492,ae2a71f27c56743d,26.400,138.400,0.100
3152,4557,1041,3,3,15492,de1c72923fc1235e,39.900,166.000,0.200
3153,4558,1042,3,4,16524,41f8021e069f94b5,30.300,264.600,0.400
3154,4559,1043,3,4,16524,1fee7d0bfbad4109,26.500,148.200,0.100
3155,4560,1044,3,3,15492,b6f6605501d16e15,25.500,752.300,0.200
3156,4561,1045,3,3,15492,eee6e8e9f46a05d8,39.500,222.000,0.400
3157,4562,1046,3,4,16524,26a89da68d48fcf4,30.200,176.700,0.400
3158,4563,1047,3,4,16524,0cdd7d08444d1098,39.100,212.300,0.400
3159,4564,1048,3,4,16524,27f1e6d213674b02,27.000,153.200,0.100
3160,4565,1049,3,4,16524,39c3eebfd4d26181,29.500,209.200,0.400
3161,4566,1050,3,4,16524,2c3cdd9585b6fa75,26.000,174.200,0.100
3162,4567,1051,3,4,16524,f65691a460a31052,24.900,166.600,0.100
3163,4568,1052,3,5,17556,a9eafaa77283dd37,27.300,151.100,0.100
3164,4569,1053,3,5,17556,0c6badfd8f9bb7a2,27.800,146.100,0.400
3165,4570,1054,3,4,16524,41c90b9887de30fa,28.300,212.800,0.100
3166,4571,1055,3,4,16524,02d481e53d1d1bf8,24.600,181.100,0.200
3167,4572,1056,3,4,16524,bd2e555fe723ec4b,25.900,197.800,0.300
3168,4573,1057,3,4,16524,51b860d268090a3f,29.900,174.100,0.100
3169,4574,1058,3,4,16524,20df5cb4f01f4ff2,24.300,126.100,0.100
3170,4575,1059,3,2,14460,d1bba8c5754a2d51,24.000,195.200,0.100
3171,4576,1060,3,3,15492,f1c3a165c684c4b8,25.100,219.800,0.100
3172,4577,1061,3,4,16524,703615640cce04fb,23.900,184.400,0.100
3173,4578,1062,3,5,17556,d1ffa285bbacdcd8,39.800,171.500,0.100
3174,4579,1063,3,5,17556,304406c37e34f86c,26.000,173.200,0.300
3175,4580,1064,3,6,18588,c4a588240c71a7d4,31.600,183.600,0.500
3176,4581,1065,3,5,17556,a2cb1983cd8c2305,26.900,297.300,1.100
3177,4582,1066,3,5,17556,78e8c65ec565ffe9,26.600,135.100,0.100
3178,4583,1067,3,5,17556,f5b5615982563577,26.300,181.200,0.100
3179,4584,1068,3,5,17556,247d7afe085e372f,27.300,136.500,0.100
3180,4585,1069,3,4,16524,db4a8cc6ff060e36,155.100,219.400,0.200
3181,4586,1070,3,6,18588,5f5bc416569eb9e1,55.700,200.000,0.100
3182,4587,1071,3,6,18588,d02c7d9b6f37854e,30.700,223.100,0.100
3183,4588,1072,3,6,18588,8adadfabf0b87dd4,28.600,136.300,0.400
3184,4589,1073,3,6,18588,05fad7e8e03102b4,28.800,153.200,0.400
3185,4590,1074,3,5,17556,c114d21eb4a252b4,49.400,142.200,0.100
3186,4591,1075,3,3,15492,132a5bf4ee9ac12b,25.600,209.400,0.400
3187,4592,1076,3,4,16524,5988cc5a7fa9023c,33.400,148.900,0.400
3188,4593,1077,3,4,16524,076cdfea025cdd15,28.300,169.000,0.100
3189,4594,1078,3,5,17556,d7553e1dd9f74405,27.500,134.000,0.100
3190,4595,1079,3,5,17556,0fd83f7662f5afa8,53.100,134.200,0.100
3191,4596,1080,3,5,17556,17117463a63a841b,28.600,145.000,0.400
3192,4597,1081,3,5,17556,21f8ee18a21204c6,26.000,134.300,0.100
3193,4598,1082,3,4,16524,67df4d61d238a4da,25.300,148.700,0.100
3194,4599,1083,3,5,17556,c6f187394431cb85,27.200,140.600,0.100
3195,4600,1084,3,5,17556,1a6e370beb26a5b2,34.700,158.400,0.300
3196,4601,1085,3,4,16524,a4f3d611c476aeb1,26.200,131.900,0.100
3197,4602,1086,3,5,17556,e1cf824e38c5796a,27.400,161.500,0.100
3198,4603,1087,3,4,16524,0d9dd6758183a7cf,26.500,166.400,0.100
3199,4604,1088,3,4,16524,cca2c4f23764f5d2,28.100,142.100,0.500
3200,4605,1089,3,3,15492,14e510bbc1f74352,29.600,146.600,0.100
3201,4606,1090,3,3,15492,ae0e731175202bbc,26.100,163.800,0.100
3202,4607,1091,3,3,15492,91a46814faae506d,40.300,176.100,0.100
3203,4608,1092,3,3,15492,404fc0f677bd0692,26.600,181.100,1.300
3204,4609,1093,3,3,15492,af9b6e32c213b786,27.300,148.100,0.500
3205,4610,1094,3,4,16524,960bab8b1a89d51f,28.600,198.200,0.100
3206,4611,1095,3,5,17556,f4192d673fda74a4,26.700,164.400,0.100
3207,4612,1096,3,4,16524,e6b4d36e1d2132dd,25.400,142.100,0.100
3208,4613,1097,3,5,17556,96093a5ebc2f46b5,50.000,152.900,0.100
3209,4614,1098,3,4,16524,e15b4793306213d1,28.700,216.100,0.200
3210,4615,1099,3,5,17556,657281480305d586,41.000,170.600,0.400
3211,4616,1100,3,5,17556,7694ffaff1f4acd6,27.400,149.000,0.200
3212,4617,1101,3,4,16524,0ffd0be7cd14732f,32.800,121.600,0.100
3213,4618,1102,3,4,16524,240c208c38c6290a,27.100,164.200,0.100
3214,4619,1103,3,6,18588,f9dca6fc90cc695f,47.800,134.800,0.100
3215,4620,1104,3,6,18588,081bcb9b01992c1c,32.900,912.200,0.500
3216,4621,1105,3,6,18588,429e568526aadcd9,32.200,161.800,0.100
3217,4622,1106,3,6,18588,94ad16b0094e8a85,29.900,165.000,0.100
3218,4623,1107,3,5,17556,f8dc618399674ad0,27.300,154.200,0.200
3219,4624,1108,3,5,17556,c01f0984c55bddfd,27.300,129.800,0.300
3220,4625,1109,3,5,17556,5be3febcdf6d0821,37.900,170.300,0.100
3221,4626,1110,3,5,17556,0ac0e638ecdb0ec8,27.800,171.100,0.400
3222,4627,1111,3,6,18588,10f8d7f1528bbf3e,29.800,149.900,0.200
3223,4628,1112,3,5,17556,111568e184de343a,29.200,182.700,0.100
3224,4629,1113,3,6,18588,5d939af28f4a40c1,28.000,116.400,0.300
3225,4630,1114,3,4,16524,35527723dcc5d0b5,25.500,125.800,0.200
3226,4631,1115,3,4,16524,b824db7b6a010953,27.100,132.100,0.100
3227,4632,1116,3,4,16524,615ec05361f47303,27.400,123.300,0.100
3228,4633,1117,3,4,16524,45b6504f0d3b6e3a,40.700,131.800,0.100
3229,4634,1118,3,4,16524,ebd2137076fab3a6,24.800,130.400,0.100
3230,4635,1119,3,5,17556,e4990c213ea3aeba,30.600,132.900,0.100
3231,4636,1120,3,5,17556,4fa3a286bf4e84e0,32.600,254.300,1.100
3232,4637,1121,3,4,16524,204de1d99e621997,24.600,141.800,0.100
3233,4638,1122,3,3,15492,5962f89c5b4381c9,24.700,139.900,0.100
3234,4639,1123,3,2,14460,35f9242110575690,29.500,181.600,0.100
3235,4640,1124,3,2,14460,f7f36d775c6a6476,23.700,139.100,0.200
3236,4641,1125,3,2,14460,288bdfd184b76190,25.000,184.000,0.100
3237,4642,1126,3,2,14460,70c7b3cb84bcedef,24.800,138.200,0.100
3238,4643,1127,3,2,14460,4b466273d62e2dea,23.900,188.800,0.100
3239,4644,1128,3,1,13428,d283af2f1a0f19da,23.500,188.100,0.100
3240,4645,1129,3,1,13428,c88904dc32758507,23.300,156.400,0.100
3241,4646,1130,3,1,13428,e8c813965c089f72,22.000,127.400,0.100
3242,4647,1131,3,2,14460,8d01c67f1f1dfecf,25.100,220.900,0.200
3243,4648,1132,3,2,14460,1442c37146e97934,22.100,158.200,0.400
3244,4649,1133,3,2,14460,018fb23f4b857ade,24.800,140.600,0.400
3245,4650,1134,3,2,14460,ad9d18acee606c70,23.500,128.400,0.100
3246,4651,1135,3,2,14460,a401606edb00b3ae,24.300,208.000,0.300
3247,4652,1136,3,2,14460,4430859c51d98ad3,23.500,139.100,0.100
3248,4653,1137,3,2,14460,956251d57a55d97f,23.100,179.800,0.100
3249,4654,1138,3,2,14460,c5d1e4f687b8a964,24.900,153.200,0.300
3250,4655,1139,3,2,14460,7483ba7cbc7403a5,31.000,197.800,0.200
3251,4656,1140,3,2,14460,f3e7f770ea2e42f0,39.400,137.200,0.300
3252,4657,1141,3,2,14460,0d6a148c48963385,34.300,137.700,0.100
3253,4658,1142,3,5,17556,804ca4a187f80327,27.100,162.400,0.200
3254,4659,1143,3,6,18588,159f20d3b0c0b64f,28.700,167.100,0.200
3255,4660,1144,3,6,18588,c01e50c20a3b7a1b,35.200,205.900,0.400
3256,4661,1145,3,6,18588,195912c5ca58adf3,29.800,149.600,0.400
3257,4662,1146,3,6,18588,d87411db12d72b97,33.300,170.800,0.500
3258,4663,1147,3,7,19620,11b202df52c6e82d,38.200,170.800,0.100
3259,4664,1148,3,6,18588,826e521da776719d,29.300,146.100,0.100
3260,4665,1149,3,6,18588,235896471113e1f4,32.100,163.200,0.400
3261,4666,1150,3,6,18588,50653aca980163c5,31.300,218.300,0.100
3262,4667,1151,3,7,19620,ac5ef4f10dc3a3fa,30.100,182.500,0.200
3263,4668,1152,3,8,20652,741212756f2cab20,29.000,133.600,0.100
3264,4669,1153,3,8,20652,7bb414303c27bb31,29.400,148.500,0.300
3265,4670,1154,3,9,21684,5ae6797985bdc47d,39.100,172.600,0.100
3266,4671,1155,3,9,21684,ab6d0a8edd7dbd1c,33.500,149.400,0.400
3267,4672,1156,3,8,20652,3bcf7bac6ba57793,39.300,178.000,0.900
3268,4673,1157,3,8,20652,2408346a78f0c19f,29.300,128.600,0.200
3269,4674,1158,3,8,20652,f9fbbffaaeb67366,31.300,137.900,0.100
3270,4675,1159,3,8,20652,547d1b71ebf3e8fb,29.000,120.100,0.100
3271,4676,1160,3,9,21684,f54017f907821f23,29.600,140.100,0.400
3272,4677,1161,3,10,22716,634f3046a952be1e,34.300,160.500,0.200
3273,4678,1162,3,10,22716,418ad7b5d813de92,38.400,132.600,0.100
3274,4679,1163,3,10,22716,0f8be12a805f13a1,53.900,162.300,0.100
3275,4680,1164,3,9,21684,44e8277235e82abd,35.500,763.000,0.100
3276,4681,1165,3,9,21684,7268aa9566532885,30.400,205.900,0.100
3277,4682,1166,3,11,23748,926e1832b63b2cf0,35.300,151.900,0.100
3278,4683,1167,3,11,23748,ddb353b50e20323c,33.100,148.000,0.100
3279,4684,1168,3,10,22716,d2d16c25ab3c4dd9,52.200,156.600,0.100
3280,4685,1169,3,11,23748,5cd67139b736e792,42.300,131.400,0.200
3281,4686,1170,3,11,23748,0c75d040cadffe92,33.400,144.300,0.100
3282,4687,1171,3,12,24780,2d58799559b6096f,40.800,152.800,0.100
3283,4688,1172,3,12,24780,261676e234bbd702,36.300,209.500,0.300
3284,4689,1173,3,12,24780,c20fd3707e666cfa,35.300,144.700,0.100
3285,4690,1174,3,12,24780,55a01e2d96921cff,35.600,137.000,0.100
3286,4691,1175,3,12,24780,320afa8f04346239,37.800,293.200,0.400
3287,4692,1176,3,12,24780,01f333000d33581d,34.700,136.900,0.200
3288,4693,1177,3,12,24780,f9fec012add7bf75,35.200,164.700,0.100
3289,4694,1178,3,12,24780,2ce38960051f1cc6,38.000,154.300,0.100
3290,4695,1179,3,12,24780,b3507d8407b6344c,35.000,136.600,0.100
3291,4696,1180,3,14,26844,9774b49e060cb6f1,37.000,173.800,0.200
3292,4697,1181,3,13,25812,6b52668a0fd2bb61,51.000,167.700,0.500
3293,4698,1182,3,15,27876,b79c9344de0598bc,40.900,135.600,0.300
3294,4699,1183,3,13,25812,c589ffbf2ce6ae72,33.900,143.600,0.100
3295,4700,1184,3,15,27876,298a69f3833ab270,39.900,200.500,0.400
3296,4701,1185,3,15,27876,d36614890d797683,40.200,133.900,0.100
3297,4702,1186,3,15,27876,3a6dba61183011ab,44.700,190.300,0.400
3298,4703,1187,3,17,29940,9e117ff7a77ca3fb,40.000,177.800,0.100
3299,4704,1188,3,17,29940,4b2509e3a44597cc,40.000,130.500,0.100
3300,4705,1189,3,14,26844,9db5b89ba3ab5fa8,36.400,163.700,0.400
3301,4706,1190,3,15,27876,625dbd1a6ffe4178,36.700,193.700,0.100
3302,4707,1191,3,17,29940,e6be230e6c37eccb,39.700,133.000,0.100
3303,4708,1192,3,15,27876,4a653609bcfced93,37.900,145.200,0.300
3304,4709,1193,3,14,26844,c0839ac8fca6b181,36.300,176.600,0.100
3305,4710,1194,3,13,25812,2e53aa2eda5f107e,36.100,190.200,0.400
3306,4711,1195,3,14,26844,e57e9d9ce03404ce,34.800,164.700,0.100
3307,4712,1196,3,16,28908,1181c46758061069,39.400,141.900,0.100
3308,4713,1197,3,17,29940,09fb99b028c48f92,38.500,142.000,0.100
3309,4714,1198,3,16,28908,de477a32bd47fec9,37.900,166.000,0.200
3310,4715,1199,3,16,28908,037ad9db39ff4626,39.200,143.200,0.200
3311,4716,1200,3,14,26844,45a94562d17a07b3,37.500,205.000,0.100
3312,4717,1201,3,14,26844,69df4fa568949f45,35.800,163.900,0.100
3313,4718,1202,3,15,27876,97e0cef02a1b69e1,36.000,141.700,0.100
3314,4719,1203,3,16,28908,6060d617c3410942,39.300,146.400,0.100
3315,4720,1204,3,15,27876,74677bb314bf48fe,40.100,190.700,0.200
3316,4721,1205,3,14,26844,fb52cadc5f0290b2,39.000,174.500,0.100
3317,4722,1206,3,15,27876,1e04e74c8f661e29,37.800,188.100,0.200
3318,4723,1207,3,15,27876,6d642410e524ae80,40.900,163.300,0.500
3319,4724,1208,3,14,26844,bd4e63a06d6d0288,38.700,153.800,0.200
3320,4725,1209,3,15,27876,b11fadfef7d06e83,36.700,135.300,0.100
3321,4726,1210,3,15,27876,0bbbe1328b3a83d2,38.200,163.900,0.100
3322,4727,1211,3,15,27876,1e30de4414228f2a,37.600,134.600,0.400
3323,4728,1212,3,15,27876,aebb2b37c43d5792,39.500,157.600,0.400
3324,4729,1213,3,15,27876,4f4a4d746e29d0ef,44.000,163.700,0.200
3325,4730,1214,3,15,27876,b624c73a62d02ebb,38.500,173.400,0.100
3326,4731,1215,3,14,26844,869a527c02be227e,42.400,150.100,0.300
3327,4732,1216,3,14,26844,112936317c5798ac,37.500,175.000,0.100
3328,4733,1217,3,15,27876,7f9afc117fdfd026,38.600,153.000,0.500
3329,4734,1218,3,15,27876,9311f01a586aa540,37.800,145.800,0.100
3330,4735,1219,3,15,27876,19c1831788d8fb19,41.200,175.900,0.200
3331,4736,1220,3,14,26844,655e9c0119a04231,41.200,150.300,0.100
3332,4737,1221,3,17,29940,51363427a9e3a0b0,42.400,146.500,0.200
3333,4738,1222,3,15,27876,d73b0fc99e0dfaca,48.900,231.900,0.400
3334,4739,1223,3,15,27876,e98152a15b40710e,41.100,145.700,0.100
3335,4740,1224,3,14,26844,06d8704173ddd8d8,40.200,643.200,0.400
3336,4741,1225,3,14,26844,6be23c94e48fbcf6,36.600,198.600,0.200
3337,4742,1226,3,14,26844,08352b1cf51d2985,37.700,136.200,0.400
3338,4743,1227,3,15,27876,da6c2172a8021ad3,38.100,182.400,0.300
3339,4744,1228,3,15,27876,0445c6438a173005,38.800,145.800,0.100
3340,4745,1229,3,14,26844,0eed5dba688a27f4,35.500,138.100,0.200
3341,4746,1230,3,15,27876,0f55a628b67a4390,38.800,158.400,0.400
3342,4747,1231,3,14,26844,07e6f3bc8aab3589,46.300,225.800,0.100
3343,4748,1232,3,15,27876,3b7db6095c60163b,36.700,251.300,0.100
3344,4749,1233,3,15,27876,131c6156c831741b,36.800,163.700,0.100
3345,4750,1234,3,15,27876,1fb00ec7167336a7,35.600,143.400,0.100
3346,4751,1235,3,15,27876,f26fdd5b1894397e,48.300,164.000,0.200
3347,4752,1236,3,15,27876,4ed5c4f9b00e1cbb,37.200,142.800,0.500
3348,4753,1237,3,15,27876,d881e85b6e27d1eb,37.500,145.100,0.200
3349,4754,1238,3,14,26844,9bda1f54e7b4ecd1,34.900,176.000,0.100
3350,4755,1239,3,15,27876,6ee0c174bacb1623,36.800,179.300,0.400
3351,4756,1240,3,15,27876,e89dd4d1cc7914c5,45.700,157.900,0.100
3352,4757,1241,3,14,26844,c832a9f97859c258,35.600,137.600,0.100
3353,4758,1242,3,14,26844,fb58c06b866ef5e2,34.800,138.400,0.100
3354,4759,1243,3,13,25812,874a89f0b20237e1,32.900,142.200,0.100
3355,4760,1244,3,13,25812,927cb1f489ab888a,35.000,226.600,0.300
3356,4761,1245,3,14,26844,d6ca8b04e10e2faa,36.900,142.500,0.100
3357,4762,1246,3,15,27876,b0c172ecf4c6748d,39.700,134.600,0.100
3358,4763,1247,3,15,27876,f1ff4a50e175ccb8,38.600,221.100,0.100
3359,4764,1248,3,15,27876,5f4e0045dde367a4,36.100,146.800,0.100
3360,4765,1249,3,15,27876,c243ba77b489d325,38.000,188.600,0.200
3361,4766,1250,3,15,27876,d28b068146d71cf4,37.800,154.100,0.100
3362,4767,1251,3,15,27876,51f2041caed390bf,38.200,392.700,0.400
3363,4768,1252,3,15,27876,e3be55e6ecd20a81,38.300,164.100,0.100
3364,4769,1253,3,15,27876,a1427fe69eae60fe,38.000,147.300,0.400
3365,4770,1254,3,15,27876,cdaabe28b6dd4f05,47.200,188.000,0.100
3366,4771,1255,3,15,27876,6ccb9e3cbf712194,38.100,161.400,1.300
3367,4772,1256,3,15,27876,1586c3bf51e9d11f,43.100,159.200,0.200
3368,4773,1257,3,15,27876,9176dd44dea98bdc,39.500,144.200,0.100
3369,4774,1258,3,15,27876,7e5f3e0ec496d518,37.900,147.100,0.400
3370,4775,1259,3,13,25812,c3b25c64ee31ec05,37.700,148.700,0.200
3371,4776,1260,3,13,25812,8f8527df3331b86e,35.700,139.200,0.400
3372,4777,1261,3,13,25812,1f7363f82d3d5c07,39.700,158.700,0.100
3373,4778,1262,3,15,27876,a31ebd4d5a238b41,42.000,143.900,0.100
3374,4779,1263,3,15,27876,222a696f32d88c87,36.500,129.400,0.100
3375,4781,1264,3,15,27876,7f207b4743de9e22,37.800,138.200,0.200
3376,4783,1265,3,15,27876,d8f1b549fdd195a8,42.200,229.800,0.200
3377,4784,1266,3,14,26844,da2aa059e8d74bc5,37.300,169.400,0.100
3378,4785,1267,3,15,27876,b809b275a553972a,37.400,154.100,0.100
3379,4786,1268,3,15,27876,b1ccad0d8faec6d8,38.000,141.700,0.300
3380,4787,1269,3,15,27876,46ca3841e63a7656,63.100,140.900,0.300
3381,4788,1270,3,15,27876,9824788546947612,34.300,139.000,0.200
3382,4789,1271,3,15,27876,fbae8d0e6877468e,37.900,191.900,0.300
3383,4790,1272,3,15,27876,4a021009ade03120,36.600,173.000,0.100
3384,4791,1273,3,15,27876,879817621819944d,47.700,178.700,0.300
3385,4792,1274,3,15,27876,0728306d12b29791,39.300,130.000,0.200
3386,4793,1275,3,16,28908,ee0fe7374a5b7a3d,38.300,144.500,0.200
3387,4794,1276,3,16,28908,40c055f28f6aaa7c,43.600,198.800,0.400
3388,4795,1277,3,16,28908,c22c1de0d3aba16d,40.600,135.400,0.100
3389,4796,1278,3,16,28908,e5e872026c0fd412,39.300,154.200,0.400
3390,4797,1279,3,16,28908,a896aa63c5043154,41.900,154.200,0.100
3391,4798,1280,3,16,28908,28dc0ebec5ced18e,35.900,166.600,0.100
3392,4799,1281,3,15,27876,05f0a2659d09a805,42.400,203.400,0.300
3393,4800,1282,3,15,27876,6b25b5883c52f3aa,45.400,760.900,0.200
3394,4801,1283,3,15,27876,33dffac13cd52033,39.300,144.500,0.200
3395,4802,1284,3,13,25812,3c5a4af9fae6d017,51.000,157.800,0.100
3396,4803,1285,3,13,25812,118820a14f600e24,38.100,186.100,0.200
3397,4804,1286,3,13,25812,91030ee817b8d682,35.300,138.800,0.100
3398,4805,1287,3,13,25812,fc5224722b72cc75,35.900,140.500,0.100
3399,4806,1288,3,13,25812,18da17b763356d10,35.100,137.100,0.300
3400,4807,1289,3,13,25812,b569ba7c00c02d4f,45.200,251.400,0.100
3401,4808,1290,3,14,26844,b5b830f97ccaf907,38.100,141.900,0.400
3402,4809,1291,3,12,24780,2c80cae7081d41a3,32.900,137.000,0.200
3403,4810,1292,3,13,25812,d9ffb7cd581c1079,105.700,293.800,0.400
3404,4811,1293,3,13,25812,b490975e38fc3075,35.100,133.700,0.100
3405,4812,1294,3,14,26844,ffaf427b5e7fef51,36.300,141.200,0.200
3406,4813,1295,3,14,26844,fce356594d66e7f9,37.300,158.400,0.100
3407,4814,1296,3,12,24780,5bb70a18e223e57c,36.700,189.200,0.400
3408,4815,1297,3,11,23748,51a09f6ba722d2f3,45.500,142.000,0.200
3409,4816,1298,3,11,23748,aa07f5a4de8a3ccb,33.400,154.400,0.100
3410,4817,1299,3,12,24780,ac50418803619d18,35.400,135.100,0.400
3411,4818,1300,3,10,22716,e7d7e7fbbc449164,32.800,152.800,0.200
3412,4819,1301,3,11,23748,88e13fd63b1608ec,32.700,161.300,0.100
3413,4820,1302,3,10,22716,c5e31792c8fb9449,32.000,144.000,0.300
3414,4821,1303,3,10,22716,8d5f86c6ef1759de,32.400,135.000,0.100
3415,4822,1304,3,10,22716,805be4933d7611b9,31.700,137.000,0.100
3416,4823,1305,3,10,22716,574e1ca8cc261af2,33.800,190.100,0.200
3417,4824,1306,3,9,21684,6c19588e8e91255b,31.100,160.300,0.100
3418,4825,1307,3,11,23748,74a918564446f511,35.100,149.700,0.100
3419,4826,1308,3,11,23748,4cd536ce5f842fb6,36.900,161.700,0.200
3420,4827,1309,3,10,22716,02d550fda36577c1,36.100,179.300,1.300
3421,4828,1310,3,10,22716,d321bffbb6dccb08,59.800,153.000,0.100
3422,4829,1311,3,10,22716,8d94c76efe107b61,37.100,170.800,0.100
3423,4830,1312,3,10,22716,ec2e97d251094ba4,33.000,134.900,0.200
3424,4831,1313,3,10,22716,0547027734eca997,34.800,139.600,0.200
3425,4832,1314,3,10,22716,adbff783bfdfcaad,48.600,130.600,0.100
3426,4833,1315,3,10,22716,f0f7753f8dd6cca7,35.700,170.300,0.100
3427,4834,1316,3,10,22716,2d4db12a8f55f629,34.400,136.600,0.100
3428,4835,1317,3,9,21684,bbd5cccbf89355d0,54.500,139.100,0.100
3429,4836,1318,3,9,21684,1af1d27943ad9c22,62.200,165.500,0.100
3430,4837,1319,3,10,22716,bb37f2826c7119c6,30.800,147.200,0.100
3431,4838,1320,3,9,21684,986adbb07803a79c,31.400,135.400,0.100
3432,4839,1321,3,11,23748,2ef75068d93f3b3b,31.500,132.300,0.300
3433,4840,1322,3,9,21684,4b59199290585290,36.400,166.500,0.300
3434,4841,1323,3,9,21684,34a89149a0e769c3,32.200,158.400,0.400
3435,4842,1324,3,10,22716,fc998cbf9d85ba3d,30.200,233.700,0.200
3436,4843,1325,3,10,22716,4db9b5085b5d2d6c,44.800,135.800,0.200
3437,4844,1326,3,10,22716,410a4314809219c0,33.700,156.800,0.100
3438,4845,1327,3,11,23748,3a69345eb38d672c,32.800,142.300,0.100
3439,4846,1328,3,9,21684,3f7b5a57630d082f,33.900,173.000,0.100
3440,4847,1329,3,7,19620,ddf40795fe3c761d,31.200,139.500,0.100
3441,4848,1330,3,8,20652,6b66b5d11e63cbc9,32.000,158.600,0.100
3442,4849,1331,3,9,21684,af530b04419e72e0,30.900,137.500,0.200
3443,4850,1332,3,9,21684,f798a7daa2754fe5,39.700,172.200,0.200
3444,4851,1333,3,8,20652,bb54f4706caab453,29.000,123.100,0.100
3445,4852,1334,3,6,18588,01538c354d93f998,30.300,153.300,0.100
3446,4853,1335,3,6,18588,1d8133af0322d3dc,27.400,268.600,0.100
3447,4854,1336,3,6,18588,82cf19cca39321bf,27.900,137.100,0.100
3448,4855,1337,3,6,18588,7eef58a747042cb1,28.000,134.000,0.100
3449,4856,1338,3,10,22716,641a0cda068e27fc,32.500,153.100,1.300
3450,4857,1339,3,9,21684,8bacddb1ffc1f3df,31.600,139.600,0.500
3451,4858,1340,3,8,20652,32ab0317fb6e67fc,29.400,150.800,0.100
3452,4859,1341,3,8,20652,4984ac89ef72bade,31.500,152.200,0.400
3453,4860,1342,3,8,20652,c4ab7fa6fbbd2267,32.000,782.400,0.100
3454,4861,1343,3,7,19620,5ba8c43241033816,28.600,207.700,0.100
3455,4862,1344,3,8,20652,c845fb1525854f5e,28.900,141.300,0.200
3456,4863,1345,3,8,20652,ac8acb7d8b28e420,32.000,161.500,0.100
3457,4864,1346,3,8,20652,2c36d4221c7c3a06,33.200,139.800,0.100
3458,4865,1347,3,8,20652,d96982b8c7deed52,28.800,127.800,0.100
3459,4866,1348,3,7,19620,1d3097493bbdea5f,80.400,200.500,0.300
3460,4867,1349,3,8,20652,8a1a78b79b1d4a62,40.000,157.400,0.200
3461,4868,1350,3,9,21684,13431718c960e35a,31.000,175.200,0.100
3462,4869,1351,3,9,21684,a508f34a4b83e788,30.600,182.000,0.400
3463,4870,1352,3,8,20652,0607859c86c82243,29.100,164.000,0.200
3464,4871,1353,3,8,20652,8763ded6405f2b65,30.900,130.100,0.100
3465,4872,1354,3,8,20652,548716cb1cc61693,30.000,136.300,0.100
3466,4873,1355,3,7,19620,1fd3c8023d57d610,31.000,183.500,0.100
3467,4874,1356,3,7,19620,186a848777377c63,31.100,159.900,0.100
3468,4876,1357,3,7,19620,ce122536999de0e2,29.300,205.800,0.100
3469,4877,1358,3,7,19620,4ea04a3d47d596ed,32.600,203.800,0.100
3470,4878,1359,3,7,19620,fb89f2f86dfee713,39.900,164.700,0.200
3471,4879,1360,3,7,19620,e0f1b4f5432055b0,29.900,147.800,0.100
3472,4880,1361,3,7,19620,eb4fb4cd98334836,30.300,150.100,0.400
3473,4881,1362,3,7,19620,4d5743d67d133224,28.500,151.200,0.400
3474,4882,1363,3,7,19620,0e5cbc791b99a05a,35.700,264.300,0.400
3475,4883,1364,3,7,19620,50a5880db35ef9ea,31.700,222.700,0.400
3476,4884,1365,3,7,19620,04695ed01b193b26,32.000,149.000,0.400
3477,4885,1366,3,7,19620,7fac63aa04bba547,32.900,174.200,0.100
3478,4886,1367,3,7,19620,7f88d446a9446d80,29.100,166.700,0.100
3479,4887,1368,3,7,19620,6e523bb25677bf99,29.700,161.300,0.100
3480,4888,1369,3,7,19620,d8a70a43521e9237,30.300,161.400,0.300
3481,4889,1370,3,8,20652,1d5d29e77f26e30d,35.100,148.500,0.100
3482,4890,1371,3,8,20652,b9cb31c32c4a192f,30.900,202.100,0.400
3483,4891,1372,3,8,20652,5ae61e43fe286116,30.700,224.600,0.300
3484,4892,1373,3,8,20652,1d42bd8b372c03ad,29.700,127.800,0.100
3485,4893,1374,3,8,20652,51b3de1996a27cfa,35.500,281.100,0.200
3486,4894,1375,3,8,20652,4eb770f5c4c55e47,42.700,146.500,0.100
3487,4895,1376,3,8,20652,08652e0f380ef640,36.400,127.300,0.100
3488,4896,1377,3,8,20652,77f8b5d13dab6c22,31.300,145.900,0.100
3489,4897,1378,3,8,20652,6425b78696daa0cd,37.600,404.400,0.100
3490,4898,1379,3,8,20652,119201cb9e3ea864,30.700,139.400,0.200
3491,4899,1380,3,8,20652,8fba0c84a691f32a,29.500,163.200,0.100
3492,4900,1381,3,8,20652,5530df707f6833a2,30.900,149.500,0.100
3493,4901,1382,3,8,20652,4c244b2c7280fb9b,29.700,150.200,0.200
3494,4902,1383,3,8,20652,2e3aafbfbefaf9dd,29.700,135.100,0.100
3495,4903,1384,3,8,20652,e1a53b74f1f99ee8,30.900,132.600,0.100
3496,4904,1385,3,8,20652,7a6c19cfcb57cdf5,28.800,178.200,0.100
3497,4905,1386,3,8,20652,7620785cb7b9b934,30.600,136.400,0.100
3498,4906,1387,3,8,20652,5c08b8b87f907d44,31.000,144.300,0.300
3499,4907,1388,3,7,19620,db69ee1a9aa40e53,31.300,142.800,0.300
3500,4908,1389,3,7,19620,a9add415729db557,27.100,147.800,1.200
3501,4909,1390,3,7,19620,e35a9fc25ff5f063,31.100,169.100,0.300
3502,4910,1391,3,7,19620,eff2f68bcb1cd3db,27.600,172.700,0.100
3503,4911,1392,3,7,19620,4adf1b117b0a628b,28.700,186.700,0.100
3504,4912,1393,3,7,19620,d093940d33e31f46,33.000,192.800,0.100
3505,4913,1394,3,7,19620,abb266b52de5f5ec,28.600,165.200,0.100
3506,4914,1395,3,7,19620,89c12336b3aec20f,27.000,192.900,0.400
3507,4915,1396,3,7,19620,d7b2e8d1442bdc89,26.200,222.200,0.300
3508,4916,1397,3,7,19620,6247a224f5985145,28.100,136.800,0.100
3509,4917,1398,3,7,19620,f1a9e36564c4e3ed,30.500,176.800,0.400
3510,4918,1399,3,7,19620,e4c4363e3a7b8da7,29.300,128.700,0.100
3511,4919,1400,3,7,19620,1f495ae1915c84b5,27.300,219.100,0.100
3512,4920,1401,3,7,19620,84f00283e18558c5,43.500,990.100,0.100
3513,4921,1402,3,7,19620,8c9ba0ea9873e0e1,30.200,193.800,0.400
3514,4922,1403,3,7,19620,939abc1f53a19f59,31.500,140.500,0.100
3515,4923,1404,3,7,19620,74d53777a967354e,30.500,136.900,0.100
3516,4924,1405,3,7,19620,83b6f105620ac173,30.100,186.300,0.300
3517,4925,1406,3,8,20652,5ec3f1dab8575941,30.800,141.800,0.200
3518,4926,1407,3,8,20652,0959ec9551ac3b76,28.500,121.100,0.100
3519,4927,1408,3,8,20652,daa2802b7b10fbe8,28.200,133.700,0.100
3520,4928,1409,3,8,20652,2ade47982e2a2dc5,29.700,138.200,0.100
3521,4929,1410,3,8,20652,b354c7b4b0556242,32.000,204.000,1.300
3522,4930,1411,3,8,20652,b52d6b0f06495b7f,28.400,142.300,0.100
3523,4931,1412,3,8,20652,556dd58d2d682b76,33.500,164.000,0.100
3524,4932,1413,3,8,20652,1e7fb86e57ea8e7b,30.100,145.400,0.100
3525,4933,1414,3,8,20652,5ebf3c22acb4132b,31.500,167.600,0.100
3526,4934,1415,3,8,20652,2a3ea4b0787ee09e,28.700,133.600,0.100
3527,4935,1416,3,8,20652,6530514c6670de6e,28.600,132.900,0.100
3528,4936,1417,3,8,20652,be0c84116d49771d,29.700,187.600,0.100
3529,4937,1418,3,9,21684,227e119e5377badf,31.500,202.700,0.100
3530,4938,1419,3,9,21684,d2a96f858be08b2b,33.100,171.100,0.100
3531,4939,1420,3,9,21684,00975397775d646b,34.400,155.300,0.100
3532,4940,1421,3,9,21684,14e4ff578e5690f6,35.300,173.300,0.100
3533,4941,1422,3,9,21684,0bf85767e8402d02,31.300,184.200,0.400
3534,4942,1423,3,9,21684,24d308d05b6e277a,41.000,159.300,0.100
3535,4943,1424,3,9,21684,6430cf55fc290adb,31.600,144.800,0.200
3536,4944,1425,3,9,21684,c14264ddaaf038fb,41.100,136.700,0.200
3537,4945,1426,3,8,20652,54a334a07b24d5c0,36.700,259.800,0.400
3538,4946,1427,3,8,20652,e818865aa62a40f5,35.000,250.100,0.400
3539,4947,1428,3,8,20652,303c04996311c3dd,31.500,138.300,0.100
3540,4948,1429,3,9,21684,3f3951547a7bb967,31.100,127.800,0.100
3541,4949,1430,3,9,21684,2eb0aac1727938c5,30.500,137.200,0.100
3542,4950,1431,3,9,21684,717191dea514b8d6,34.000,155.200,0.200
3543,4951,1432,3,9,21684,e5d7ceb01d8b2d59,32.600,140.200,0.200
3544,4952,1433,3,9,21684,e29cd0c9b505c2e9,32.600,136.200,0.300
3545,4953,1434,3,8,20652,19621919fd604c0b,32.600,132.600,0.200
3546,4954,1435,3,8,20652,e1ef7e5bb5726baa,30.400,136.800,0.100
3547,4955,1436,3,8,20652,42165dfdf9a0e60c,30.800,133.100,0.100
3548,4956,1437,3,8,20652,721ccf3bb72d4f0c,41.600,154.500,0.200
3549,4957,1438,3,7,19620,20dc3cb141cf108f,53.000,164.700,0.100
3550,4958,1439,3,7,19620,e78a07a0759dcf53,29.100,129.200,0.100
3551,4959,1440,3,8,20652,b7f20277c9b4b1f2,30.000,159.700,0.300
3552,4960,1441,3,8,20652,6f895e0cbbe37a03,31.300,235.900,0.400
3553,4961,1442,3,8,20652,2749aae9d726e187,30.700,156.400,0.100
3554,4962,1443,3,8,20652,84d5f2059e4b1908,30.100,134.400,0.100
3555,4963,1444,3,9,21684,8df346c0d1c199e9,30.600,142.800,0.100
3556,4964,1445,3,9,21684,1413890358cb29ce,31.200,148.200,0.500
3557,4965,1446,3,9,21684,ee3502c28d45c8bd,31.500,172.900,0.400
3558,4966,1447,3,9,21684,cdbb6044d4007216,32.600,172.600,0.100
3559,4967,1448,3,8,20652,7451d7288a793e12,34.400,178.700,0.500
3560,4968,1449,3,8,20652,4e4b47b99935f763,29.700,150.700,0.200
3561,4969,1450,3,8,20652,6a3f09e9d45e011e,29.300,130.200,0.200
3562,4970,1451,3,9,21684,02fa55629a13d6cb,37.900,166.100,0.100
3563,4971,1452,3,9,21684,2bb48532a3d26aae,34.500,150.700,0.100
3564,4972,1453,3,9,21684,261225435d9d9826,36.000,191.300,0.400
3565,4973,1454,3,9,21684,3c4264c95cd642da,31.700,156.600,0.200
3566,4974,1455,3,9,21684,83bd169a5dbe5bfa,31.500,138.100,0.100
3567,4975,1456,3,8,20652,a1ec6559fe4df1be,31.800,143.500,0.200
3568,4976,1457,3,8,20652,f26b8d62a9667414,29.300,141.700,0.200
3569,4977,1458,3,7,19620,5bc7b7424c5efe1a,33.100,151.100,0.500
3570,4978,1459,3,7,19620,bffd12e75dd0313e,29.600,138.700,0.200
3571,4979,1460,3,7,19620,6186d37918513846,29.900,183.000,0.100
3572,4980,1461,3,6,18588,4271c6787641694d,31.400,744.200,0.100
3573,4981,1462,3,6,18588,43e944b7196964b6,29.500,213.500,0.400
3574,4982,1463,3,6,18588,ce8b25e643c92f47,30.400,163.600,0.500
3575,4983,1464,3,6,18588,956b26eef65c8930,55.000,167.300,0.100
3576,4984,1465,3,6,18588,4c7a463972e883c7,37.000,161.600,0.100
3577,4985,1466,3,6,18588,7528f9f03e1c77b1,42.600,208.500,0.400
3578,4986,1467,3,6,18588,86f4fd712b7dbb83,28.700,148.200,0.100
3579,4987,1468,3,6,18588,0fb3a09a038f3d6e,28.900,196.600,0.300
3580,4988,1469,3,6,18588,7fb1de43c477e62a,29.100,157.500,0.400
3581,4989,1470,3,6,18588,60ba3ddcf1b93645,29.400,144.500,0.200
3582,4990,1471,3,6,18588,025917406cb10d7b,28.400,140.800,0.100
3583,4991,1472,3,6,18588,44575096a9edfd67,28.300,130.900,0.100
3584,4992,1473,3,6,18588,cb0236e07c2a488f,34.200,163.200,0.100
3585,4993,1474,3,6,18588,9b24b8dd73503b77,27.300,141.800,0.100
3586,4994,1475,3,6,18588,71137e031a777d16,28.000,460.500,0.400
3587,4995,1476,3,6,18588,a7b84db2236977a1,30.400,158.200,0.300
3588,4996,1477,3,6,18588,e282568bb1e8bfc8,30.600,148.400,0.200
3589,4997,1478,3,6,18588,ac68510af593ca4c,30.900,198.200,0.100
3590,4998,1479,3,6,18588,c31ecb18e39fb749,30.500,259.600,0.300
3591,4999,1480,3,6,18588,86229aca1a8f92ea,32.100,179.200,0.100
3592,5000,1481,3,6,18588,dc37e815f3878525,41.300,193.400,0.200
3593,5001,1482,3,6,18588,8b795e6f18113926,29.500,157.600,0.100
3594,5002,1483,3,6,18588,b7a4a94d948a6d73,39.700,143.900,0.100
3595,5003,1484,3,6,18588,e55fca21d16070ff,34.300,176.600,0.100
3596,5004,1485,3,6,18588,9867e3d41bdb48c1,29.100,197.100,0.100
3597,5005,1486,3,5,17556,e0bd5188cfddd195,29.200,142.300,0.100
3598,5006,1487,3,5,17556,bb6b8e94a38d259d,27.800,180.300,0.100
3599,5007,1488,3,5,17556,e0db9e03540a942d,26.700,147.600,0.300
3600,5008,1489,3,5,17556,72c817206b931533,27.900,150.600,0.100
3601,5009,1490,3,5,17556,f57c0809439c5cc4,36.100,209.700,1.300
3602,5010,1491,3,5,17556,db84b9d95fbcf731,27.000,150.700,0.400
3603,5011,1492,3,5,17556,cb291b3448316934,35.100,144.600,0.200
3604,5012,1493,3,5,17556,025af36b6d3103f5,28.700,175.900,0.100
3605,5013,1494,3,5,17556,59f5a89f9e677dc8,29.800,135.700,0.400
3606,5014,1495,3,5,17556,3c9ecc5f83b73313,27.400,159.500,0.100
3607,5015,1496,3,5,17556,524b871b1f41eb2a,28.400,172.500,0.100
3608,5016,1497,3,5,17556,313c5b69eefb4966,27.000,167.300,0.100
3609,5017,1498,3,5,17556,c13450e022d575b1,27.800,201.000,0.100
3610,5018,1499,3,5,17556,db2b9415e9b65fb7,35.200,144.300,0.100
3611,5019,1500,3,5,17556,10e1776c4f1e8096,29.500,173.300,0.500
3612,5020,1501,3,5,17556,edac472dee60d29e,27.100,150.300,0.100
3613,5021,1502,3,5,17556,bfadb265206fe934,29.400,218.700,0.200
3614,5022,1503,3,5,17556,510fd25cd78ba5af,28.300,163.600,0.100
3615,5023,1504,3,6,18588,f4b1479784c49300,28.100,148.000,0.100
3616,5024,1505,3,6,18588,a70bc2d47a0e884f,31.000,156.400,0.200
3617,5025,1506,3,6,18588,41c2912fb1c591b6,28.200,180.900,0.400
3618,5026,1507,3,6,18588,d47da2db49d932ab,30.600,199.000,0.200
3619,5027,1508,3,6,18588,152f244fa4e68361,29.800,152.900,0.400
3620,5028,1509,3,6,18588,a39ce3a52bae7646,28.700,134.500,0.100
3621,5030,1510,3,5,17556,46da2b1293e74f6c,27.700,214.800,0.100
3622,5032,1511,3,5,17556,8795f4d981145517,33.600,203.900,0.100
3623,5033,1512,3,4,16524,b459d655f6ceb4c7,26.100,128.900,0.100
3624,5034,1513,3,5,17556,d0af092f3261256a,27.600,172.200,0.100
3625,5035,1514,3,4,16524,c05ef80a267188f1,27.900,187.100,0.100
3626,5036,1515,3,4,16524,2453934f2733cbb2,27.500,195.800,0.400
3627,5037,1516,3,8,20652,67b1f705c630ccb0,29.100,142.800,0.100
3628,5038,1517,3,7,19620,754b68a34b6e308d,35.800,173.600,0.200
3629,5039,1518,3,7,19620,405bad8b31f92829,27.600,150.600,0.100
3630,5040,1519,3,7,19620,b602c84580d2b1d4,31.800,712.200,0.100
3631,5041,1520,3,7,19620,1cf4ce0724d5a57d,28.900,209.700,0.100
3632,5042,1521,3,7,19620,10b8e083b5a5af09,39.700,241.100,0.300
3633,5043,1522,3,9,21684,e5dbd441d1cf43d6,32.100,151.000,0.100
3634,5044,1523,3,8,20652,4c6ec81f0b620122,33.500,149.100,0.100
3635,5045,1524,4,9,25784,be7063029129a00b,76.700,206.000,0.100
3636,5046,1525,3,9,21684,2d3a3376a0fba166,34.200,186.000,1.200
3637,5047,1526,4,7,23720,755471e18d985743,34.300,143.000,0.100
3638,5048,1527,3,10,22716,269f2a869d312772,32.600,136.300,0.300
3639,5049,1528,4,8,24752,64d847fe3fdde782,34.400,145.200,0.400
3640,5050,1529,3,4,16524,24116c43970192b0,26.600,152.000,0.400
3641,5051,1530,4,4,20624,577b4ec8575bfea8,29.100,161.400,1.100
3642,5052,1531,3,4,16524,eebd8fc2afe1a048,44.100,206.100,0.300
3643,5053,1532,4,4,20624,7de82d20e804285e,28.400,141.600,0.100
3644,5054,1533,3,2,14460,d8a1100823a53234,26.500,186.300,0.100
3645,5055,1534,4,3,19592,e0078a3cb6da62e9,32.900,204.800,0.600
3646,5056,1535,3,4,16524,f9d4d3698863aff3,25.300,184.100,0.200
3647,5057,1536,4,4,20624,1443eed1fe4db289,30.100,170.500,0.400
3648,5058,1537,3,4,16524,1249832fa186394b,29.300,225.700,0.100
3649,5059,1538,4,5,21656,f1fcc5c91caf26c7,30.600,176.000,0.100
3650,5060,1539,3,5,17556,30639ff823ef415b,30.800,151.500,0.100
3651,5061,1540,4,5,21656,00c1fb97cf582aa5,31.700,143.700,0.100
3652,5062,1541,3,7,19620,3f04f06f8e9bcafb,28.800,147.400,0.100
3653,5063,1542,4,6,22688,b12b09e5c90cc519,31.900,218.500,0.300
3654,5064,1543,3,8,20652,fd5c172f28120b35,30.500,181.400,0.200
3655,5065,1544,4,12,28880,665c6d994611a1d2,41.600,229.600,0.100
3656,5066,1545,3,12,24780,66a70b322319c0c3,33.700,150.700,0.100
3657,5067,1546,4,12,28880,4e41fbaa0eeaab62,47.500,152.600,0.200
3658,5068,1547,3,12,24780,ccb6d7d1300f1c20,37.000,295.900,0.400
3659,5069,1548,3,12,24780,dcdb37799636935a,37.600,166.700,0.100
3660,5070,1549,3,12,24780,aaeaaaeb8eb4a902,35.900,176.500,0.100
3661,5071,1550,4,13,29912,1469cec7d0d2701f,40.000,187.400,0.100
3662,5072,1551,3,13,25812,602acf5f05372eb9,43.500,215.800,0.100
3663,5073,1552,4,14,30944,ac2a7558f14cdbd4,40.700,178.000,0.100
3664,5074,1553,3,14,26844,52df35a299463f45,35.700,182.600,0.400
3665,5075,1554,3,14,26844,33e42a58fcd23323,35.700,156.100,0.200
3666,5076,1555,3,14,26844,038757fc0e719812,39.100,184.200,0.300
3667,5077,1556,3,14,26844,10d215f87d9b0a80,36.300,149.200,0.400
3668,5078,1557,3,15,27876,3d88c99b543b64a5,66.000,169.600,0.100
3669,5079,1558,3,15,27876,f4a42f7b46cc45d9,54.300,217.500,0.400
3670,5080,1559,3,15,27876,5f8e6c92374ca9bc,43.300,169.100,0.200
3671,5081,1560,3,15,27876,4c931002926bc5c4,37.400,185.900,0.100
3672,5082,1561,3,15,27876,30ba24944d4d0efe,36.800,142.400,0.100
3673,5083,1562,3,7,19620,222e17f7e64cc78f,31.500,159.000,0.100
3674,5084,1563,3,8,20652,56e053576634672e,29.400,172.200,0.300
3675,5085,1564,3,8,20652,69038d7ce12428c9,42.500,184.000,0.200
3676,5086,1565,3,10,22716,a84c2845a8f81010,33.500,160.900,0.100
3677,5087,1566,3,11,23748,fab01fb37df52d12,35.300,155.600,0.200
3678,5088,1567,3,11,23748,d4d8bab82814f2d1,31.400,142.100,0.100
3679,5089,1568,3,13,25812,58f682b753501718,35.600,150.000,0.400
3680,5090,1569,3,13,25812,49b3bd0e40f02fc2,34.400,170.700,0.400
3681,5091,1570,3,13,25812,4671256b1076c5e4,35.100,158.200,0.100
3682,5092,1571,3,15,27876,3108860c37a3337c,36.500,150.800,0.200
3683,5093,1572,3,16,28908,cfff70097f72a4a5,67.400,188.300,0.200
3684,5094,1573,3,16,28908,389bf8d99b66e79d,41.100,152.000,0.200
3685,5095,1574,3,16,28908,4f569d9fdf844456,38.900,144.400,0.200
3686,5096,1575,3,16,28908,202ac07a0b51f8ca,37.700,136.500,0.100
3687,5097,1576,3,16,28908,9555fafd09d2f8c8,44.800,166.800,0.100
3688,5098,1577,3,16,28908,4e1bfca698cf71b0,50.800,181.100,0.100
3689,5099,1578,3,16,28908,959e85c236339bf4,40.300,168.600,0.100
3690,5100,1579,3,16,28908,f6d7d22a95e90c6c,42.700,701.600,0.500
3691,5101,1580,3,16,28908,6e66cdb3d1103c74,49.700,212.500,0.100
3692,5102,1581,3,16,28908,31625bf8f22c4697,38.400,146.400,0.400
3693,5103,1582,3,17,29940,95f067314e4bd101,40.300,197.500,0.200
3694,5104,1583,3,17,29940,90211f8536e77f3e,41.500,165.900,0.400
3695,5105,1584,3,17,29940,202d28bccdbf34c6,41.600,148.400,0.400
3696,5106,1585,3,17,29940,f7f5d0e8491a35de,154.300,147.800,0.100
3697,5107,1586,3,17,29940,c1c1f4023193ca99,42.900,208.800,0.400
3698,5108,1587,3,17,29940,b510e25a38c2dce7,37.700,148.700,0.200
3699,5109,1588,3,17,29940,3a064c86670075b6,40.600,174.500,0.100
3700,5110,1589,3,17,29940,1129dfa8974bb90d,41.100,254.800,0.400
3701,5111,1590,3,17,29940,d2c51a3000c53144,39.400,212.200,0.100
3702,5112,1591,3,17,29940,e0b73e3d897792e6,41.500,160.100,0.100
3703,5113,1592,3,17,29940,bca1c04a0d515a6d,41.500,202.200,0.100
3704,5114,1593,3,17,29940,e3cb6ff33cedf992,43.600,213.000,1.200
3705,5115,1594,3,17,29940,107ac8863eab1b64,56.000,425.000,0.200
3706,5116,1595,3,17,29940,d81741e764d9dfde,39.800,155.500,0.100
3707,5117,1596,3,17,29940,e883da923d95eeb5,50.100,204.200,0.100
3708,5118,1597,3,17,29940,4be696fc06d796f9,39.200,143.200,0.100
3709,5119,1598,3,17,29940,1528f7fbe5666aca,41.600,151.600,0.100
3710,5120,1599,3,17,29940,a35f6f8c290e6247,38.600,166.800,0.100
3711,5121,1600,3,17,29940,6ce6b3eeee1fbf18,40.800,212.100,0.100
3712,5122,1601,3,17,29940,fc5b8ade0f4e1998,41.000,149.000,0.200
3713,5123,1602,3,17,29940,1aff6819558bd6b7,46.400,173.400,0.100
3714,5124,1603,3,18,30972,f8e1eb44459c7517,42.100,150.600,0.400
3715,5125,1604,3,18,30972,9b58584660868f1b,42.600,181.500,0.100
3716,5126,1605,3,18,30972,f0f894c861124c9f,40.400,143.700,0.100
3717,5127,1606,3,18,30972,3139bc2da614e64a,38.000,150.000,0.100
3718,5128,1607,3,18,30972,2e0956a541f2c56e,45.500,246.600,0.200
3719,5129,1608,3,18,30972,9d958646da30de23,41.300,154.900,0.300
3720,5130,1609,3,18,30972,b684f81ab603ffa4,41.300,147.300,0.100
3721,5131,1610,3,18,30972,1478b52de3faef38,44.100,178.500,0.200
3722,5132,1611,3,18,30972,5f2b3aa652a15efc,41.300,174.700,0.200
3723,5133,1612,3,18,30972,e72875dd0048949f,39.600,143.000,0.100
3724,5134,1613,3,17,29940,248335fcf874d79e,40.000,159.900,0.100
3725,5135,1614,3,17,29940,6f2f9a7601307bc1,41.100,155.000,0.200
3726,5136,1615,3,17,29940,43f96bd26d0ab093,48.300,209.000,0.200
3727,5137,1616,3,17,29940,dc6a72db2242a0cb,62.800,193.100,0.100
3728,5138,1617,3,17,29940,9307cabb4aa0c850,39.800,137.800,0.200
3729,5139,1618,3,17,29940,072250eba978b787,38.800,135.700,0.100
3730,5140,1619,3,17,29940,0a871a67ecf58b21,42.200,165.200,0.100
3731,5141,1620,3,17,29940,d94b11f2d428e171,41.300,159.400,0.100
3732,5142,1621,3,17,29940,0d370da5845ced63,41.800,157.800,0.100
3733,5143,1622,3,17,29940,87d86b13e4588f9a,40.100,146.400,0.400
3734,5144,1623,3,17,29940,83e0dbe73b2419ae,38.400,377.200,0.100
3735,5145,1624,3,17,29940,7a9aa429796b0fb6,38.800,165.100,0.100
3736,5146,1625,3,17,29940,ebc365e6fc1e154f,38.800,151.100,0.100
3737,5147,1626,3,17,29940,40a7ce36b8d602cf,40.900,197.600,0.400
3738,5148,1627,3,17,29940,7dea240dc7508bd0,38.700,143.900,0.100
3739,5149,1628,3,17,29940,6bffc5b90dc8d334,40.900,152.000,0.400
3740,5150,1629,3,17,29940,ba5560f80647b017,46.700,165.600,0.200
3741,5151,1630,3,17,29940,9409071cc3544099,42.600,148.900,0.100
3742,5152,1631,3,17,29940,265259e83d23b78c,55.500,155.700,0.100
3743,5153,1632,3,17,29940,5b6691a626b62047,41.400,219.200,0.400
3744,5154,1633,3,17,29940,be804871bb530276,37.500,146.600,0.200
3745,5155,1634,3,17,29940,6213e368af276773,42.900,146.900,0.100
3746,5156,1635,3,17,29940,01a3ec384808aea5,39.400,143.800,0.200
3747,5157,1636,3,17,29940,1721eff79d725ce9,40.100,154.700,0.100
3748,5158,1637,3,17,29940,ffb854f8c630ae17,38.000,139.000,0.100
3749,5159,1638,3,17,29940,85ab2e484f76dfea,41.200,317.000,0.300
3750,5160,1639,3,17,29940,814cdf38be5fa59a,44.800,778.500,0.100
3751,5161,1640,3,17,29940,adac5a10196c5b04,40.900,167.500,0.100
3752,5162,1641,3,17,29940,1c887baf4d3e987d,40.800,148.300,0.100
3753,5163,1642,3,17,29940,084153aef4f9d7ab,44.800,263.000,0.100
3754,5164,1643,3,16,28908,ad857b8e160ab746,42.300,250.300,0.300
3755,5165,1644,3,16,28908,cc353f8628debf31,40.800,157.200,0.500
3756,5166,1645,3,16,28908,18bc16a4c70e0495,40.200,177.700,0.100
3757,5167,1646,3,16,28908,a59246a35bea79c2,39.700,185.300,0.300
3758,5168,1647,3,16,28908,25f0c75c26784fd3,36.800,144.500,0.100
3759,5169,1648,3,16,28908,fae613d3699cde00,38.900,185.100,0.200
3760,5170,1649,3,16,28908,30dc2ee36137929b,43.800,212.400,0.400
3761,5171,1650,3,16,28908,f66196017ea79959,40.100,167.600,0.500
3762,5172,1651,3,16,28908,46e4e8f0890fa92d,37.400,153.800,0.100
3763,5173,1652,3,16,28908,08569b98144c4c20,39.900,240.500,0.400
3764,5174,1653,3,16,28908,829cc2e39fabf7f6,37.700,131.700,0.100
3765,5175,1654,3,16,28908,6568ef22cd2c65b0,38.100,151.000,0.100
3766,5176,1655,3,16,28908,8eb79811413552c2,39.500,200.700,0.100
3767,5177,1656,3,16,28908,e732da1fa382abab,38.300,145.300,0.100
3768,5178,1657,3,16,28908,bf176755ae224dde,35.100,135.400,0.100
3769,5179,1658,3,16,28908,1c3af69d3a00da70,37.000,152.400,0.100
3770,5180,1659,3,16,28908,10ce234ea571875a,52.100,171.900,0.500
3771,5181,1660,3,16,28908,3dba2d3688c6f37d,37.800,142.900,0.400
3772,5182,1661,3,16,28908,4c47690729c91fb2,36.000,165.600,0.200
3773,5183,1662,3,16,28908,c5a5869b46644e5d,37.900,145.000,0.100
3774,5184,1663,3,16,28908,b6ffa4177b3be662,41.000,175.600,0.100
3775,5185,1664,3,16,28908,9069535880932765,37.900,172.100,0.200
3776,5186,1665,3,16,28908,1d793828791d5a87,37.900,145.000,0.100
3777,5187,1666,3,16,28908,0466f58c02651e51,37.600,154.300,0.100
3778,5188,1667,3,16,28908,83ea7a4c293acd45,37.300,176.900,0.300
3779,5189,1668,3,16,28908,3bc553b0f59270d6,38.300,142.400,0.100
3780,5190,1669,3,16,28908,0d1a8f0dbdaed90f,40.500,184.200,0.100
3781,5191,1670,3,16,28908,221a890a26b92261,40.300,154.000,0.200
3782,5192,1671,3,16,28908,d3be26b882bcdfb1,37.800,158.700,0.500
3783,5193,1672,3,16,28908,77502248096632a4,40.600,158.100,0.100
3784,5194,1673,3,16,28908,0ca381b42df36f8c,43.600,176.200,0.200
3785,5195,1674,3,16,28908,89c70e483c0c2a3b,38.600,185.300,0.400
3786,5197,1675,3,16,28908,ed36d5cf9e5e3481,38.800,151.400,0.100
3787,5198,1676,3,16,28908,b1bc36880aaa123b,39.100,256.200,0.400
3788,5199,1677,3,16,28908,b76a5189a1c26abb,41.900,196.600,0.200
3789,5200,1678,3,16,28908,4bd3190f91ca5dd6,39.800,167.700,0.500
3790,5201,1679,3,16,28908,37eedd6fa24bdfb0,37.300,143.700,0.100
3791,5202,1680,3,16,28908,cf8ef837fc5c4f9d,37.500,140.200,0.100
3792,5203,1681,3,16,28908,ce4314338623a44e,37.900,145.800,0.200
3793,5204,1682,3,16,28908,41fc7565786cb8e3,40.800,149.500,0.300
3794,5205,1683,3,16,28908,fa67b04c47f24153,41.800,173.800,0.100
3795,5206,1684,3,16,28908,0b48d491ac18767b,37.700,210.300,0.200
3796,5207,1685,3,16,28908,f3f089dbf1b6d68c,42.400,134.200,0.100
3797,5208,1686,3,16,28908,83a38c82dfe79cee,42.300,184.100,0.100
3798,5209,1687,3,16,28908,0ff497b20b1a2732,42.000,160.500,0.100
3799,5210,1688,3,16,28908,4932484027da6a9a,43.400,214.000,0.100
3800,5211,1689,3,16,28908,d45aacba9972d258,39.100,163.600,0.100
3801,5212,1690,3,16,28908,d0cbb98d06ff047d,39.800,140.100,0.100
3802,5213,1691,3,16,28908,4158aeb60212381c,39.700,285.600,0.000
3803,5214,1692,3,16,28908,7eac87f354c21369,56.800,192.400,0.400
3804,5215,1693,3,16,28908,8ac8cb9d62cb52d7,35.900,169.900,0.100
3805,5216,1694,3,16,28908,8b6f6ec17210b199,37.200,209.600,0.100
3806,5217,1695,3,16,28908,9c9d9d3997516158,41.700,165.700,0.100
3807,5218,1696,3,16,28908,2aa6b3676ad833b9,40.400,150.600,0.200
3808,5219,1697,3,16,28908,e5f42a1ce8a3c2d3,37.100,181.200,0.100
3809,5220,1698,3,16,28908,679c584af8f97da2,58.900,792.100,0.200
3810,5221,1699,3,16,28908,04726a032577a1f4,42.600,244.700,0.200
3811,5222,1700,3,16,28908,3f383468cf58bf2e,39.600,158.000,0.100
3812,5223,1701,3,16,28908,e971e904791610bd,40.500,227.600,0.300
3813,5224,1702,3,16,28908,3a97a532371ca09e,39.700,169.400,0.200
3814,5225,1703,3,16,28908,c3179ecbfffa739b,37.700,147.500,0.100
3815,5226,1704,3,16,28908,97926373ecf63f73,41.900,140.200,0.100
3816,5227,1705,3,16,28908,d1d3460a6d8484b5,38.900,187.400,0.300
3817,5228,1706,3,16,28908,7cc41d89e2bff736,38.200,204.800,0.200
3818,5229,1707,3,16,28908,ec65fc087cc5d48e,38.800,148.100,0.100
3819,5230,1708,3,16,28908,1e158ba9b839367b,39.700,147.300,0.100
3820,5231,1709,3,16,28908,495670521bf09f11,40.800,175.400,0.300
3821,5232,1710,3,16,28908,97f540e7b77f8e07,39.000,150.000,0.100
3822,5233,1711,3,16,28908,3873f93fd25a8d55,39.100,165.600,0.200
3823,5234,1712,3,16,28908,13e1d883d88cae09,40.000,147.300,0.200
3824,5235,1713,3,16,28908,012f03e1441a81eb,36.100,154.500,0.200
3825,5236,1714,3,16,28908,e751f666fa7192fc,38.900,134.100,0.400
3826,5237,1715,3,16,28908,055ecc5d198f84a9,37.700,267.800,0.100
3827,5238,1716,3,16,28908,066aef48112795b1,48.800,209.300,0.100
3828,5239,1717,3,16,28908,f8fc14471599d204,60.500,161.400,0.200
3829,5240,1718,3,16,28908,f8ade08afb245583,35.800,145.300,0.100
3830,5241,1719,3,16,28908,6b88a8a9f8dede0c,38.600,164.600,0.100
3831,5242,1720,3,16,28908,5d22bac3e8145974,38.600,144.700,0.500
3832,5244,1721,3,16,28908,38520a95c5f8d95f,38.700,201.900,0.100
3833,5246,1722,3,16,28908,097e358f64a59a8a,37.700,197.100,0.100
3834,5247,1723,3,16,28908,5b150fdd1917c64f,71.400,167.200,0.100
3835,5248,1724,3,16,28908,07bdcc7d3b20b6f5,40.000,204.700,0.100
3836,5249,1725,3,16,28908,e8d149c19b72f1f5,38.300,140.500,0.100
3837,5250,1726,3,16,28908,477064bc19001225,39.300,143.200,0.200
3838,5251,1727,3,16,28908,e77e6cd7f99ef7a0,36.200,153.800,0.100
3839,5252,1728,3,16,28908,8b5c6f45e0eeddc2,37.900,133.700,0.100
3840,5253,1729,3,16,28908,e69dcdfc8f9991d0,36.000,159.700,0.400
3841,5254,1730,3,16,28908,c764d8a83463e4b1,37.900,150.300,0.100
3842,5255,1731,3,16,28908,7ef6daa6f2003414,39.200,162.700,0.400
3843,5256,1732,3,16,28908,5c1a6713c442a222,47.300,191.200,0.200
3844,5257,1733,3,16,28908,f81bfd2ecd28a3c4,39.500,176.300,0.400
3845,5258,1734,3,16,28908,55cd3442ca3e2099,40.100,157.800,0.200
3846,5259,1735,3,16,28908,cc1756a40c8ddffd,40.500,195.400,0.500
3847,5260,1736,3,16,28908,6e4d6f3bf33149b7,39.100,223.300,0.400
3848,5261,1737,3,16,28908,526dd4cd30efd97c,39.400,186.000,0.200
3849,5262,1738,3,16,28908,31431bde68b54fc3,40.800,168.900,0.400
3850,5263,1739,3,16,28908,59ac8ef7b7ee4f1e,38.200,145.300,0.400
3851,5264,1740,3,16,28908,39a8af2535fff60f,36.900,147.300,0.400
3852,5265,1741,3,16,28908,671660c8e2ff13c7,37.700,160.500,0.100
3853,5266,1742,3,16,28908,8881c7b89394bcba,38.800,148.000,0.100
3854,5267,1743,3,16,28908,567bd8b4badbe791,62.100,164.200,0.100
3855,5268,1744,3,16,28908,b0881dde4f82e180,39.300,143.000,0.200
3856,5269,1745,3,16,28908,0ed5221917016052,37.200,144.700,0.200
3857,5270,1746,3,16,28908,dd9b90edc60b961f,39.900,182.300,0.200
3858,5271,1747,3,16,28908,267b67075d7b5ee6,37.500,145.600,0.200
3859,5272,1748,3,16,28908,4484a252c6f86491,46.900,158.800,0.100
3860,5273,1749,3,16,28908,7596b583a9541ca5,38.300,163.800,0.300
3861,5274,1750,3,16,28908,f28702e792a305f5,37.600,153.600,0.100
3862,5275,1751,3,16,28908,510549b382116a21,38.700,158.300,0.400
3863,5276,1752,3,16,28908,a8a44b433d245905,43.600,154.700,0.200
3864,5277,1753,3,16,28908,62bcece73af5658e,38.600,199.300,0.300
3865,5278,1754,3,16,28908,c6ff28f90bed02d5,38.900,172.300,0.100
3866,5279,1755,3,16,28908,ece97ddd9b309b73,39.400,232.800,0.300
3867,5280,1756,3,16,28908,42c3d3a6d807e8d5,42.700,604.800,0.200
3868,5281,1757,3,16,28908,291e7adb61b319e4,40.100,187.000,0.100
3869,5282,1758,3,16,28908,be2e72ceacd4fcc0,38.800,280.700,0.500
3870,5283,1759,3,16,28908,e786e723df59bde1,36.700,196.400,0.400
3871,5284,1760,3,16,28908,5513480621ebae0a,38.000,176.500,0.200
3872,5285,1761,3,16,28908,564ec17e933cad48,42.000,148.700,0.400
3873,5286,1762,3,16,28908,59edd8bfa09b095a,40.600,140.900,0.100
3874,5287,1763,3,16,28908,53bfabee6e479b1d,38.200,143.300,0.100
3875,5288,1764,3,16,28908,89900b813daaccdb,40.800,175.600,0.100
3876,5289,1765,3,16,28908,45cee3ddc70f538d,37.700,205.500,0.300
3877,5290,1766,3,16,28908,3b20fd5678a5dfd8,37.000,136.900,0.100
3878,5291,1767,3,16,28908,ff20e4ccb519ae5b,38.300,144.200,0.100
3879,5292,1768,3,16,28908,8aa51b52f3fd2f82,38.800,146.600,0.100
3880,5293,1769,3,15,27876,ee30bd4aaaacc424,38.000,195.200,0.400
3881,5294,1770,3,15,27876,fe95c27dfc049fc6,36.400,132.800,0.200
3882,5295,1771,3,15,27876,718275845c43057c,46.800,153.300,0.100
3883,5296,1772,3,15,27876,10692a38862d0981,37.700,162.100,0.300
3884,5297,1773,3,15,27876,547e1775e17d3441,36.300,333.700,0.400
3885,5298,1774,3,14,26844,74a2b2b63f6d527d,42.500,177.500,0.200
3886,5299,1775,3,14,26844,f7d9695e07114c09,36.500,150.300,0.500
3887,5300,1776,3,14,26844,22733f2422150213,37.000,156.900,0.100
3888,5301,1777,3,14,26844,cf2a6ebe3d515434,39.000,177.900,0.400
3889,5302,1778,3,14,26844,de2daa6d4e976eb8,37.700,220.800,0.100
3890,5303,1779,3,14,26844,54a5026f67a57d82,37.600,176.600,0.100
3891,5304,1780,3,14,26844,06fe1f488c24028d,37.500,172.900,0.100
3892,5305,1781,3,14,26844,044d79ab32c41f33,37.700,145.600,0.100
3893,5306,1782,3,13,25812,52e902c0a59847d7,34.400,141.400,0.100
3894,5307,1783,3,13,25812,e83a02acd6983ed6,33.700,140.100,0.200
3895,5308,1784,3,13,25812,d90c09f7514a7fc1,36.500,191.100,0.400
3896,5309,1785,3,13,25812,16a348ce60dac0af,36.200,151.200,0.300
3897,5310,1786,3,13,25812,a82dc12a9dbab571,35.200,224.900,0.100
3898,5311,1787,3,13,25812,7d77307c4c87f6a0,34.600,150.900,0.100
3899,5312,1788,3,13,25812,b98e132621fa0583,35.300,147.600,0.100
3900,5313,1789,3,13,25812,864746beb32fff0d,36.200,219.300,0.400
3901,5314,1790,3,12,24780,9605471e818a6f8b,34.600,163.400,0.100
3902,5315,1791,3,12,24780,1b7a631fbe402c65,45.200,142.100,0.400
3903,5316,1792,3,12,24780,59c00e549c1db34e,34.400,139.700,0.100
3904,5317,1793,3,12,24780,160e830561c45e7d,137.800,169.800,0.500
3905,5318,1794,3,12,24780,87c65d40f49b1d12,33.700,148.600,0.200
3906,5319,1795,3,12,24780,f5f88a8279584b74,36.100,189.700,0.100
3907,5320,1796,3,12,24780,5cdd4321adafbe86,33.000,178.600,0.100
3908,5321,1797,3,12,24780,7e1fd2a76b5ec938,35.700,197.400,0.100
3909,5322,1798,3,12,24780,793937d9a1f5a6a2,34.000,182.400,0.100
3910,5323,1799,3,12,24780,7bc99b60291bbf63,36.400,169.400,0.200
3911,5324,1800,3,12,24780,d34c3659be93ffdc,31.500,166.000,0.100
3912,5325,1801,3,12,24780,3ce0d393fee71367,35.900,154.300,0.100
3913,5326,1802,3,12,24780,e8b2722d58efd385,34.800,148.200,0.200
3914,5327,1803,3,12,24780,6c54f47800a7a1e0,33.500,185.700,0.300
3915,5328,1804,3,12,24780,c6cec7a3970d317f,42.300,224.500,0.100
3916,5329,1805,3,12,24780,24e32051ab5f128c,36.600,172.500,0.200
3917,5330,1806,3,12,24780,d38c2efd3137d533,59.300,161.000,0.500
3918,5331,1807,3,12,24780,1e5d841ab58d40cd,37.000,164.200,0.200
3919,5332,1808,3,12,24780,22ea20d028377859,36.400,178.800,0.100
3920,5333,1809,3,12,24780,21844b75a57e6780,35.200,148.100,0.100
3921,5334,1810,3,12,24780,b54b2f03bb4435b7,33.900,135.500,0.100
3922,5335,1811,3,12,24780,569b4ec820b282ed,33.900,149.800,0.500
3923,5336,1812,3,12,24780,ce38f71de55dc4db,37.100,172.800,0.300
3924,5337,1813,3,8,20652,c49264eaf8dfd8df,34.200,204.500,0.100
3925,5338,1814,3,8,20652,a957e3312741a11f,28.900,129.200,0.100
3926,5339,1815,3,8,20652,d442cd567e3d50d1,29.200,151.800,0.100
3927,5340,1816,3,8,20652,411ae0c4890a1c5e,34.200,701.000,0.200
3928,5341,1817,3,8,20652,678f211980d81d7b,28.500,183.700,0.200
3929,5342,1818,3,8,20652,d4a6a7c6b62c8c7a,31.200,167.000,0.300
3930,5343,1819,3,8,20652,38bf2702f9b1ddea,60.200,159.000,0.500
3931,5344,1820,3,8,20652,9f9a9ba0cf4b72cb,31.000,145.800,0.300
3932,5345,1821,3,8,20652,99365804535915ea,29.900,158.600,0.400
3933,5346,1822,3,8,20652,a0881ffbc44cba86,29.300,251.000,0.300
3934,5347,1823,3,8,20652,1f195a183fb72386,30.200,150.800,0.200
3935,5348,1824,3,8,20652,a71c8cc8ce875ba7,36.900,139.400,0.400
3936,5349,1825,3,8,20652,a8e838a25e4287fd,30.000,162.800,0.100
3937,5350,1826,3,8,20652,eb195fb603801115,29.400,154.600,0.300
3938,5351,1827,3,8,20652,5d3d6018a6f3006a,30.200,172.900,0.300
3939,5352,1828,3,8,20652,42db9bfe5a7ac6d4,33.000,136.500,0.100
3940,5353,1829,3,8,20652,2374fcf10901b010,32.800,171.200,0.400
3941,5354,1830,3,8,20652,a3ccad886f22e2c8,33.100,169.500,0.100
3942,5355,1831,3,7,19620,dba8c7d9b4dff468,29.700,142.900,0.200
3943,5356,1832,3,7,19620,9bb94231bad7b5f8,27.300,134.600,0.100
3944,5357,1833,3,7,19620,1246c0d5ae605de4,30.000,139.900,0.400
3945,5358,1834,3,7,19620,8e22fd63aca74b79,42.100,218.400,0.100
3946,5359,1835,3,7,19620,658e71a162244fce,29.400,139.800,0.100
3947,5360,1836,3,7,19620,2b6931077b17c0bf,30.300,147.600,0.300
3948,5361,1837,3,7,19620,4a081213d449d82b,29.700,159.100,0.300
3949,5362,1838,3,7,19620,9115a5a159c72e78,57.900,180.700,0.100
3950,5363,1839,3,7,19620,b2e80fb2c62cb451,29.300,154.900,0.300
3951,5364,1840,3,7,19620,52795482351e1694,32.600,137.700,0.100
3952,5365,1841,3,7,19620,980b5dcde9701f8d,31.700,174.900,0.100
3953,5366,1842,3,7,19620,857854255fbfe4c9,51.700,146.600,0.300
3954,5367,1843,3,7,19620,90c07ac73c31273c,30.200,186.800,0.300
3955,5368,1844,3,7,19620,a282669316a8d261,71.300,264.700,0.300
3956,5369,1845,3,7,19620,de06589f09ef7fd5,30.500,187.000,0.100
3957,5370,1846,3,7,19620,8357157d89468b46,29.700,185.400,0.300
3958,5371,1847,3,7,19620,78888b23678dc55c,39.200,143.600,0.200
3959,5372,1848,3,6,18588,0b9292a31366f661,28.300,147.600,0.100
3960,5373,1849,3,6,18588,1c990064ac63dd9f,45.500,269.400,0.100
3961,5374,1850,3,6,18588,08570148af4d4dd2,28.800,142.600,0.100
3962,5375,1851,3,6,18588,9feb99f732746f0e,28.300,159.000,0.100
3963,5376,1852,3,6,18588,5b5ca39a51ca70ed,28.800,149.400,0.100
3964,5377,1853,3,6,18588,7f6438ee3aca6451,28.000,142.200,0.300
3965,5378,1854,3,6,18588,5878ee279ba327dd,31.200,148.800,0.200
3966,5379,1855,3,6,18588,9a2f457061a8a35a,30.400,149.400,0.300
3967,5380,1856,3,6,18588,a6027fc56896b620,27.800,144.500,0.200
3968,5381,1857,3,6,18588,cf3c52bced1f13cf,27.300,131.300,0.100
3969,5382,1858,3,6,18588,c00bbc3b49471ac2,42.500,180.000,0.100
3970,5383,1859,3,6,18588,8a62b13151dae26f,28.000,170.700,0.200
3971,5384,1860,3,5,17556,1ea5bcc6a5d83e82,25.500,146.400,0.100
3972,5385,1861,3,5,17556,959584b24b919f6b,33.800,211.500,0.100
3973,5386,1862,3,5,17556,e936d2e38937e3fe,29.800,148.000,0.200
3974,5387,1863,3,5,17556,95fd8ae51edbaa52,26.800,172.400,0.200
3975,5388,1864,3,5,17556,1102a8959e7c8b5b,30.000,151.500,0.400
3976,5389,1865,3,5,17556,fdd2211f747ae33c,29.000,280.100,0.500
3977,5390,1866,3,5,17556,21ae4251fee29115,34.500,287.700,0.400
3978,5391,1867,3,4,16524,2f535ccd72500a79,56.700,265.900,0.200
3979,5392,1868,3,4,16524,3be058c341c5b4af,30.200,191.000,0.200
3980,5393,1869,3,4,16524,aab7ac8e72cab643,27.400,179.800,0.100
3981,5394,1870,3,4,16524,834e540265cac1cb,28.500,133.400,0.200
3982,5395,1871,3,4,16524,343a3becb5fe96e7,23.200,139.700,0.100
3983,5396,1872,3,4,16524,571a768b020755e0,27.800,164.300,0.300
3984,5397,1873,3,4,16524,bf2e6f0a3daac6e2,28.300,221.600,0.200
3985,5398,1874,3,4,16524,feabe2e62ff2b862,27.600,169.000,0.100
3986,5399,1875,3,4,16524,a6d245feaad752db,26.600,183.800,0.400
3987,5400,1876,3,4,16524,4df74c1dba9ae11b,26.400,615.000,0.200
3988,5401,1877,3,4,16524,63b6a038e0e71008,25.500,179.500,0.100
3989,5402,1878,3,4,16524,db757b6b34537234,28.900,202.500,0.200
3990,5403,1879,3,4,16524,c4ba3b37065ae199,35.700,207.300,0.100
3991,5404,1880,3,4,16524,326924bba2e3306d,25.400,230.300,0.300
3992,5405,1881,3,4,16524,212847dcd998f546,27.000,158.400,0.100
3993,5406,1882,3,4,16524,55987a4d8d272280,25.500,145.800,0.100
3994,5407,1883,3,4,16524,80d0d6ec9681bafb,27.100,151.600,0.300
3995,5408,1884,3,4,16524,37e20ad7b5d790b6,25.500,149.100,0.100
3996,5409,1885,3,4,16524,eaf4a3cbbef906ac,35.700,139.600,0.100
3997,5410,1886,3,3,15492,262541caaf91a7b5,30.800,223.100,0.200
3998,5411,1887,3,3,15492,7e1070570e466290,28.100,145.700,0.400
3999,5412,1888,3,3,15492,ed47458036fad22b,24.700,186.100,0.200
4000,5413,1889,3,3,15492,a52de1ae70017c5e,23.400,142.800,0.100
4001,5414,1890,3,3,15492,f5b6a9e0bf97b932,48.400,142.300,0.100
4002,5415,1891,3,3,15492,3abf3f3894e266a4,25.600,198.300,0.200
4003,5416,1892,3,3,15492,fe63f417d5e4a77d,24.200,152.700,0.400
4004,5417,1893,3,3,15492,0a3a107f830a0b7c,25.000,139.800,0.100
4005,5418,1894,3,3,15492,3e08c27fbe308619,25.600,177.900,0.600
4006,5419,1895,3,3,15492,7cb715a0d5584949,24.400,137.100,0.100
4007,5420,1896,3,3,15492,f2caed0e1cc0c72a,25.900,181.500,0.400
4008,5421,1897,3,3,15492,74500794f21d85ce,25.200,144.600,0.200
4009,5422,1898,3,3,15492,16e596d0af8fbbbf,25.200,166.100,0.400
4010,5423,1899,3,3,15492,516064f0b889c21c,25.300,147.900,0.300
4011,5424,1900,3,3,15492,553716d092c91c75,22.700,138.200,0.100
4012,5425,1901,3,3,15492,b3a0065fae2dd754,23.600,175.000,0.400
4013,5426,1902,3,3,15492,b2397fdfc62ee1ed,30.000,156.300,0.200
4014,5427,1903,3,3,15492,4289685f7a87112a,46.900,235.800,0.400
4015,5428,1904,3,3,15492,4b0e1dc0fd5db885,24.200,180.600,0.300
4016,5429,1905,3,3,15492,8585927dac5d504e,28.500,177.000,0.100
4017,5430,1906,3,3,15492,cbf1648105e40db1,23.900,184.100,0.300
4018,5431,1907,3,3,15492,37d98dab96574f8f,24.100,140.900,0.600
4019,5432,1908,3,3,15492,e1fa81fea79ebeda,26.000,157.500,0.100
4020,5433,1909,3,3,15492,918b416b20ad3074,28.100,154.900,0.100
4021,5434,1910,3,3,15492,bb86687311bef85b,52.000,161.300,0.200
4022,5435,1911,3,3,15492,4dc30702c616f548,45.800,178.000,0.600
4023,5436,1912,3,3,15492,7952215a2ddd962a,31.500,157.300,0.100
4024,5437,1913,3,3,15492,190df663a4f3a4ca,39.800,165.400,0.300
4025,5438,1914,3,4,16524,e739d254a4686866,25.700,170.500,0.200
4026,5439,1915,3,4,16524,99adcfe8c7e5311e,25.200,146.700,0.100
4027,5440,1916,3,4,16524,a53e31ba9abf4388,26.400,154.900,0.300
4028,5441,1917,3,4,16524,74cb3ef47bbb33ba,25.400,181.000,0.100
4029,5442,1918,3,5,17556,d72ad993e156b5f3,27.000,217.100,0.100
4030,5443,1919,3,5,17556,6be69564915e3eee,28.000,143.400,0.100
4031,5444,1920,3,6,18588,a6492d91b8017990,30.200,202.000,0.200
4032,5445,1921,3,7,19620,7884e3f99e0b5785,30.700,184.400,0.100
4033,5446,1922,3,7,19620,bd182f59786b1c4d,38.800,199.600,0.100
4034,5447,1923,3,7,19620,b9ebdb7ab709bb8f,30.300,159.300,0.100
4035,5448,1924,3,7,19620,9934b1a8ff4d9f54,29.500,145.700,0.100
4036,5449,1925,3,7,19620,48d379fdbfd4587b,30.400,137.100,0.200
4037,5450,1926,3,7,19620,c7db102c8849b32b,30.800,133.600,0.100
4038,5451,1927,3,7,19620,57604cae870496a5,30.600,158.100,0.100
4039,5452,1928,3,7,19620,92610dddcf44a058,33.200,166.000,0.400
4040,5453,1929,3,7,19620,ff79054f8ab8585a,31.500,203.100,0.300
4041,5454,1930,3,8,20652,1bfc7d2f75acec1c,29.900,140.500,0.300
4042,5455,1931,3,9,21684,53818fb578a345ad,31.900,157.200,0.100
4043,5456,1932,3,9,21684,4734c0c175091cce,31.900,145.900,0.400
4044,5457,1933,3,10,22716,a2dc6942f21f2eba,33.700,164.000,0.100
4045,5458,1934,3,10,22716,b9181ebde6136da2,34.500,179.300,0.400
4046,5459,1935,3,10,22716,c30a31754e668fdd,33.300,140.300,0.100
4047,5460,1936,3,10,22716,16d6a2c6926b6155,36.400,830.500,0.100
4048,5461,1937,3,11,23748,acc4a9127169375c,36.000,332.600,0.200
4049,5462,1938,3,11,23748,3d896a89273c4bc9,42.400,172.100,0.100
4050,5463,1939,3,13,25812,340d5a34622ea6bf,59.300,191.400,0.100
4051,5464,1940,3,13,25812,08d4486a8b9a9339,32.700,144.700,0.100
4052,5465,1941,3,13,25812,fb092981bc15895e,36.200,138.800,0.100
4053,5466,1942,3,13,25812,7b2efdfc3956b245,35.000,228.600,0.400
4054,5467,1943,3,14,26844,1b7f0b8ad0b3b6bc,35.600,184.400,0.100
4055,5468,1944,3,14,26844,bd509c0843ba170a,38.200,142.700,0.100
4056,5469,1945,3,15,27876,d64350b4cfac808c,35.500,219.800,0.300
4057,5470,1946,3,15,27876,e1e59628d3759bc6,36.800,220.100,0.300
4058,5471,1947,3,15,27876,b17fac017af3c814,38.600,193.800,0.100
4059,5472,1948,3,15,27876,ccc01bc51703bf78,37.800,168.700,0.100
4060,5473,1949,3,15,27876,e6f2ce730b7ec1a8,37.900,197.300,0.100
4061,5474,1950,3,15,27876,efeac0f37e70b2b6,39.000,188.000,0.100
4062,5475,1951,3,15,27876,09cc1646569f6f1d,39.900,153.200,0.100
4063,5476,1952,3,15,27876,7dc5ea9e08f2f7c9,41.900,146.000,0.200
4064,5477,1953,3,16,28908,598bc6c85845f980,40.000,164.100,0.400
4065,5478,1954,3,11,23748,2048086525491f94,38.800,201.600,0.100
4066,5479,1955,3,11,23748,075955f9f7533ed8,53.800,135.900,0.100
4067,5480,1956,3,12,24780,09c47f27d823e87f,33.700,141.400,0.100
4068,5481,1957,3,14,26844,a8f5deda5467fba9,35.900,170.200,0.100
4069,5482,1958,3,14,26844,900978b67f67d18e,37.500,156.300,0.200
4070,5483,1959,3,14,26844,474b23466d778164,45.200,141.300,0.100
4071,5484,1960,3,14,26844,e76a67e8c495d313,36.100,155.800,0.200
4072,5485,1961,3,16,28908,d504d01b01e43c06,37.900,149.400,0.100
4073,5486,1962,3,18,30972,012b23f23e3d14cc,40.600,193.900,0.200
4074,5487,1963,3,18,30972,2c7877b462d0649f,40.300,152.900,0.200
4075,5488,1964,3,20,33036,c32ce8ae43be9ccd,41.600,143.200,0.100
4076,5489,1965,3,20,33036,7ef17727d53ac81c,43.900,203.800,0.100
4077,5490,1966,3,20,33036,1cf5214a21f01c09,42.200,139.000,0.100
4078,5491,1967,3,20,33036,3540ed76135cf490,43.000,148.000,0.100
4079,5492,1968,3,20,33036,23725e0de8e3d187,45.500,157.100,0.400
4080,5493,1969,3,20,33036,36ca67c27e30c36e,42.900,191.400,0.100
4081,5494,1970,3,20,33036,0c7257044341e0ae,43.500,177.200,0.100
4082,5496,1971,3,20,33036,bad1b69ae382c110,43.300,177.000,0.100
4083,5497,1972,3,20,33036,0653b377719f5970,43.000,165.400,0.100
4084,5498,1973,3,20,33036,92a17afe2eaa88cd,42.900,142.800,0.100
4085,5499,1974,3,20,33036,a0d4c83d9242d44c,42.900,139.700,0.100
4086,5500,1975,3,20,33036,8fb19a06c7557f44,46.400,203.100,0.100
4087,5501,1976,3,20,33036,b424af4d9011cc7f,55.000,244.000,0.200
4088,5502,1977,3,20,33036,ec4bbe2438e8d8fa,46.000,153.900,0.100
4089,5503,1978,3,20,33036,d670a9353ab0ef3f,47.400,227.500,0.400
4090,5504,1979,3,20,33036,9dd033a8aa93bac3,44.700,158.700,0.100
4091,5505,1980,3,20,33036,0aabff5f9b393d43,41.700,148.000,0.100
4092,5506,1981,3,20,33036,e54f1a4fb2d3c536,43.700,184.100,0.100
4093,5507,1982,3,20,33036,08d94a9c995a4107,52.600,149.100,0.100
4094,5508,1983,3,20,33036,d2cbe3cf62785a71,41.900,185.400,0.100
4095,5509,1984,3,19,32004,3ce11b599a79a45e,42.700,154.800,0.200
4096,5510,1985,3,19,32004,c95153b318748fa6,43.200,144.200,0.100
4097,5511,1986,3,19,32004,ec36cb360b9ad0f4,41.400,144.600,0.200
4098,5512,1987,3,19,32004,622e0955e2af34fa,59.900,173.500,0.200
4099,5513,1988,3,19,32004,78acd33dc3df41b7,54.600,171.900,0.100
4100,5514,1989,3,19,32004,7f5e1beb15ff931b,48.300,139.600,0.200
4101,5515,1990,3,19,32004,6a76fbe9f6b1a481,40.200,146.700,0.100
4102,5516,1991,3,19,32004,de9ebb45b3a0c321,41.600,141.900,0.200
4103,5517,1992,3,19,32004,3bc4a0c583a96a63,42.100,154.200,0.300
4104,5518,1993,3,19,32004,7c8aae04ad3496e0,44.400,151.500,0.800
4105,5519,1994,3,19,32004,a4d6661235db5527,42.300,215.200,0.100
4106,5520,1995,3,19,32004,7dc732f348635356,47.600,811.200,0.300
4107,5521,1996,3,19,32004,dca2314652d7c3fb,51.500,134.700,0.200
4108,5522,1997,3,19,32004,89b20fe4f9bf8b72,46.000,152.900,0.200
4109,5523,1998,3,19,32004,a53636b0af87121c,43.400,177.200,0.100
4110,5524,1999,3,19,32004,0a40811e4d1bea76,44.200,147.500,0.400
4111,5525,2000,3,19,32004,97ce7cfa1c451444,45.000,174.600,0.100
4112,5526,2001,3,19,32004,d4ae0a1aeb0b3c4f,42.300,154.100,0.400
4113,5527,2002,3,19,32004,ba0a162e9cc73fd1,42.200,153.500,0.100
4114,5528,2003,3,19,32004,b3f8b4c1d5679dbc,45.800,157.000,0.100
4115,5529,2004,3,19,32004,98a2e56b283044a1,40.000,141.700,0.100
4116,5530,2005,3,20,33036,c1c966fb7a0a47a0,48.000,195.400,0.300
4117,5531,2006,3,20,33036,81fa9251953f5575,42.100,160.500,0.400
4118,5532,2007,3,20,33036,79f430984d1ca773,43.300,143.700,0.400
4119,5533,2008,3,20,33036,67fa1519c2752eb2,43.100,148.900,0.400
4120,5534,2009,3,20,33036,27d8fd02db4ae9d6,40.500,240.600,0.100
4121,5535,2010,3,20,33036,998745b7bf2031eb,47.500,152.200,0.100
4122,5536,2011,3,20,33036,bc0262860b21104e,45.200,153.700,0.100
4123,5537,2012,3,20,33036,eae50aa06fc3e760,44.600,248.600,0.200
4124,5538,2013,3,20,33036,c53b2b92bc328512,42.600,155.900,0.100
4125,5539,2014,3,20,33036,72df8f18ca2fdd95,53.100,188.500,0.200
4126,5540,2015,3,20,33036,dcac7bd1fa18ea74,50.400,224.100,0.400
4127,5541,2016,3,20,33036,5dfb25bca9501408,45.700,223.200,0.100
4128,5542,2017,3,20,33036,d6137ad82c8af116,41.700,149.000,0.100
4129,5543,2018,3,20,33036,6fee2da88bedfb89,41.900,191.800,0.300
4130,5544,2019,3,20,33036,60bb669fe4dbb3f9,46.700,245.300,0.200
4131,5545,2020,3,20,33036,4bc8547bc0cded35,43.100,187.900,0.400
4132,5546,2021,3,20,33036,eb4dfb5ceb3793a8,43.300,189.800,0.200
4133,5547,2022,3,20,33036,f83537a21ebfd924,43.400,144.200,0.400
4134,5548,2023,3,20,33036,2f57117fc51688e0,43.900,174.300,0.300
4135,5549,2024,3,20,33036,6fc6603391c302f1,44.500,150.600,0.100
4136,5550,2025,3,20,33036,d6e7c14c56954996,53.100,169.900,0.400
4137,5551,2026,3,20,33036,89d4ff9785c3db8d,47.000,202.500,0.200
4138,5552,2027,3,20,33036,069c7e65bdda4cef,55.900,185.900,0.100
4139,5553,2028,3,20,33036,f36172f8af8e7b39,43.800,277.400,0.200
4140,5554,2029,3,20,33036,ff3cd6cd8b1c5a5a,44.100,173.800,0.100
4141,5555,2030,3,20,33036,2c120c33cf391965,43.900,250.400,0.200
4142,5556,2031,3,20,33036,9bb39501c1d1895a,43.900,155.300,0.500
4143,5557,2032,3,20,33036,3cfbffeaaad35a76,43.500,164.300,0.200
4144,5558,2033,3,20,33036,e6feea64cdfcfa1e,56.200,216.000,0.500
4145,5559,2034,3,20,33036,4b4ad53ec8829ffd,43.200,155.900,0.100
4146,5560,2035,3,20,33036,bce7f77c0992c089,47.300,206.400,0.100
4147,5561,2036,3,20,33036,95a8cc76432b8ae9,54.600,160.900,0.100
4148,5562,2037,3,20,33036,3c6bbdaf2775a686,41.500,151.900,0.100
4149,5563,2038,3,20,33036,89a07bfb1acf548f,45.900,159.200,0.100
4150,5564,2039,3,20,33036,4a968fc757c68368,43.800,208.900,0.200
4151,5565,2040,3,20,33036,418a4abffbf04b34,42.200,170.000,0.200
4152,5566,2041,3,20,33036,7fb266f1fbb863e5,45.300,201.600,0.100
4153,5567,2042,3,20,33036,e148ca6d2b4885fc,43.200,164.800,0.200
4154,5568,2043,3,19,32004,58fc05a03c841003,42.800,155.600,0.400
4155,5569,2044,3,19,32004,28f3223e6427a8a5,53.300,165.100,0.200
4156,5570,2045,3,18,30972,c1f1827fba4ca7c6,49.600,246.100,0.500
4157,5571,2046,3,18,30972,9b653e8334e008ef,62.200,173.000,0.100
4158,5572,2047,3,16,28908,ace4f8223507f9e9,42.600,148.900,0.500
4159,5573,2048,3,10,22716,36bd879ac04fd9f0,34.800,235.100,0.100
4160,5574,2049,3,10,22716,1168df2c7a45a38a,33.000,178.800,0.100
4161,5575,2050,3,7,19620,3a4d371f7309d039,28.600,150.600,0.200
4162,5576,2051,3,5,17556,402ce658ae544d87,26.500,167.000,0.100
4163,5577,2052,3,4,16524,06e06abf3cd09497,27.400,224.700,0.400
4164,5578,2053,3,4,16524,b302c8eada6712e4,25.400,201.300,0.200
4165,5579,2054,3,4,16524,16335b3223cf15b0,26.400,229.800,0.400
4166,5580,2055,3,4,16524,71e208e0cdf3d688,34.900,1206.500,0.200
4167,5581,2056,3,6,18588,08eec046a2fbb9a8,28.900,187.300,0.100
4168,5582,2057,3,8,20652,b5dd9ac1becc3911,35.600,200.000,0.500
4169,5583,2058,3,7,19620,e1cdf089583deed0,47.400,178.600,0.400
4170,5584,2059,3,9,21684,e0aac3e66be2231e,31.700,117.900,0.100
4171,5585,2060,3,9,21684,bddadf1bca68e63e,32.100,153.500,0.300
4172,5586,2061,3,9,21684,dbaca35179672949,31.700,143.300,0.100
4173,5587,2062,3,9,21684,7305b6c1de3de56f,28.600,148.200,0.100
4174,5588,2063,3,9,21684,779756e17a185207,30.700,138.400,0.200
4175,5589,2064,3,9,21684,50dc3c891fd46b6e,32.800,256.000,0.200
4176,5590,2065,3,9,21684,e06d48055e0aa7eb,31.900,144.500,0.100
4177,5591,2066,3,10,22716,23f92b781ad3f74e,34.500,193.500,0.100
4178,5592,2067,3,10,22716,048922260c3c8a7b,32.900,172.600,0.100
4179,5593,2068,3,10,22716,aa848a7ec95ff227,32.800,184.000,0.100
4180,5594,2069,3,10,22716,f6c9c5a2db80c486,34.100,173.700,0.200
4181,5595,2070,4,10,26816,9e6d815b4816b086,34.600,137.800,0.100
4182,5596,2071,3,10,22716,423cdcaeac2df644,33.000,169.100,0.200
4183,5597,2072,4,10,26816,3b54913feb3a3188,36.900,180.500,0.100
4184,5598,2073,3,9,21684,299fa2bd7ffc91ce,31.400,185.200,0.100
4185,5599,2074,4,9,25784,33368fe2f774f0a4,39.100,143.400,0.100
4186,5600,2075,3,9,21684,207e0f0b6f6b3af0,101.300,160.000,0.500
4187,5601,2076,4,9,25784,531d6fe3f6e8409b,35.900,145.300,0.400
4188,5602,2077,3,9,21684,1e24b76ab8b20363,33.300,142.700,0.400
4189,5603,2078,4,9,25784,42fb7bc70278c3d1,163.300,151.200,0.200
4190,5604,2079,3,9,21684,aa5053c727f0aa5d,32.300,182.500,0.200
4191,5605,2080,4,9,25784,d3c5d047dd4d520c,36.400,217.500,0.200
4192,5606,2081,3,8,20652,962cff3e9d8d0936,30.400,176.600,0.100
4193,5607,2082,4,8,24752,dc6494b4e4184096,35.700,177.600,0.100
4194,5608,2083,3,7,19620,470c8e0ccaab8097,40.900,173.300,0.100
4195,5609,2084,4,7,23720,accf239601a87746,44.000,149.600,0.200
4196,5610,2085,3,7,19620,61fc3761962a6599,32.400,154.200,0.200
4197,5611,2086,4,7,23720,aa0f30d30a907bec,34.400,168.100,0.100
4198,5612,2087,3,7,19620,ff874824215cd2e0,35.000,148.800,0.100
4199,5613,2088,4,7,23720,bb69f84828413d89,33.800,155.200,0.200
4200,5614,2089,3,7,19620,a967a5f775680ec8,30.700,206.900,0.100
4201,5615,2090,4,7,23720,3f1f1ee957a46593,41.700,159.300,0.100
4202,5616,2091,3,8,20652,d1bfde63d0dcb218,32.000,180.800,0.200
4203,5617,2092,4,8,24752,1b46e1705604f738,35.100,147.900,0.100
4204,5618,2093,3,10,22716,ced58b722cad11b2,39.600,247.800,0.400
4205,5619,2094,3,18,30972,937920029b362d97,42.800,184.700,0.400
4206,5620,2095,3,20,33036,3bd4fc698a8efda6,45.700,171.800,0.400
4207,5621,2096,3,20,33036,090f53fb9cc7ce62,43.600,144.400,0.100
4208,5622,2097,3,20,33036,c1b3f4c4de1a0cce,44.400,156.100,0.400
4209,5623,2098,3,20,33036,8707a1eaf6fd9b00,42.900,142.600,0.100
4210,5625,2099,3,20,33036,1cfbe032bdb436f4,44.900,163.500,0.100
4211,5626,2100,3,20,33036,80fa7f77f50b0337,47.000,152.500,0.300
4212,5627,2101,3,20,33036,5e001cf78db69044,43.600,164.300,0.100
4213,5628,2102,3,20,33036,6335955dc7f3dfea,43.600,158.800,0.200
4214,5629,2103,3,20,33036,8b27d025eeac77a9,44.500,244.000,0.200
4215,5630,2104,3,20,33036,9a199cd88ab031a0,44.300,152.600,0.100
4216,5631,2105,3,20,33036,544f68bec6390dbf,45.800,157.900,0.400
4217,5632,2106,3,20,33036,7a68b844e5304959,42.500,169.900,0.100
4218,5633,2107,3,20,33036,4fb5f84a314d4c40,44.200,142.300,0.100
4219,5634,2108,3,20,33036,c4b402d12b7f8dd8,43.500,198.500,0.500
4220,5635,2109,3,20,33036,60f72698a206f909,43.500,240.200,0.300
4221,5636,2110,3,20,33036,7cbd963d96f135b8,42.800,185.100,0.400
4222,5637,2111,3,20,33036,2fbfa5660907f94d,43.600,143.500,0.100
4223,5638,2112,3,20,33036,a273817f27338113,43.900,208.900,0.400
4224,5639,2113,3,20,33036,811a0cd0dd79108f,46.800,187.400,0.200
4225,5640,2114,3,20,33036,0a9a2beda6e4a77f,47.000,671.600,0.100
4226,5641,2115,3,20,33036,46488a623d05e5a2,44.600,198.000,1.300
4227,5642,2116,3,20,33036,ecbe0d848eda5be1,48.300,173.300,0.100
4228,5643,2117,3,20,33036,9f55319321b27193,41.200,142.800,0.100
4229,5644,2118,3,20,33036,803accbcaf1f3877,41.600,152.600,0.100
4230,5645,2119,3,20,33036,d3b88cbed67be281,42.200,141.000,0.100
4231,5646,2120,3,20,33036,8e0c4a98d5b08ac6,43.700,201.900,0.200
4232,5647,2121,3,20,33036,ae7d494aeb0dd810,41.700,180.200,0.100
4233,5648,2122,3,20,33036,afea585ed405565d,42.400,147.800,0.200
4234,5649,2123,3,20,33036,869346129ba41f72,44.200,277.500,0.200
4235,5650,2124,3,20,33036,dc6f9add85feb15f,48.700,191.200,0.400
4236,5651,2125,3,20,33036,1c8a1e900d604352,53.000,183.300,0.100
4237,5652,2126,3,20,33036,e8aa214c394b882f,45.000,166.800,0.100
4238,5653,2127,3,20,33036,85b781a6a1499767,42.100,151.500,0.400
4239,5654,2128,3,20,33036,99462fa10547bfbb,52.000,172.500,1.400
4240,5655,2129,3,20,33036,d65b2fe2afe34ac9,43.800,190.700,0.200
4241,5656,2130,3,20,33036,3907194ea08bd3bc,43.200,129.200,0.100
4242,5657,2131,3,20,33036,5e55091764814e5c,44.600,180.400,0.100
4243,5658,2132,3,20,33036,2a166e24bdb3cac8,43.700,147.000,0.200
4244,5659,2133,3,20,33036,3db5b524cc1b78a9,43.000,211.600,0.400
4245,5660,2134,3,20,33036,204fb24b811a0edf,46.900,236.400,0.300
4246,5661,2135,3,20,33036,5cd92b05b52c874b,45.200,216.500,0.300
4247,5662,2136,3,20,33036,bf86d41e0109e183,48.100,223.900,0.500
4248,5663,2137,3,20,33036,6726ef6522a1db39,70.200,161.100,0.200
4249,5664,2138,3,20,33036,244dc9a16466e393,47.300,204.100,0.300
4250,5665,2139,3,20,33036,e0be26ea7f48344a,44.300,167.500,0.100
4251,5666,2140,3,20,33036,121d1fafd1ff7221,43.800,152.600,0.100
4252,5667,2141,3,20,33036,eba524108934c0f3,43.600,167.200,0.200
4253,5668,2142,3,20,33036,f5db155062e9ab04,52.100,159.300,0.100
4254,5669,2143,3,20,33036,c1f58bf6240d9e89,41.900,140.200,0.400
4255,5670,2144,3,20,33036,83420bc6fb6b7896,41.100,147.000,0.400
4256,5671,2145,3,19,32004,81b3b6eed71e5524,42.400,169.300,0.100
4257,5672,2146,3,19,32004,c0430a3a97f46e31,44.300,143.800,0.100
4258,5673,2147,3,19,32004,3c52daafef237df8,41.600,144.300,0.300
4259,5674,2148,3,18,30972,7e84ca65ab641bad,44.400,164.400,0.200
4260,5675,2149,3,18,30972,9ea46af9427437a2,43.300,159.700,0.300
4261,5676,2150,3,18,30972,875298f76ba3536b,39.600,141.100,0.100
4262,5677,2151,3,16,28908,42d9bc43c30ac401,37.600,170.100,0.100
4263,5678,2152,3,16,28908,215ffcb518d465c5,37.900,152.600,0.400
4264,5679,2153,3,12,24780,85c0445d98529cbe,35.200,196.600,0.100
4265,5680,2154,3,10,22716,f7a281ca85828d5e,30.700,225.000,0.200
4266,5681,2155,3,10,22716,ce84cbd4a9a60616,32.500,147.100,0.500
4267,5682,2156,3,10,22716,50c3442414123f65,32.900,144.600,0.100
4268,5683,2157,3,8,20652,ea8acf05d3075458,32.500,179.400,0.200
4269,5684,2158,3,7,19620,887dbee93bca1547,30.500,140.000,0.200
4270,5685,2159,3,7,19620,c037211d93f4290d,28.100,142.700,0.200
4271,5686,2160,3,7,19620,ca1291c12ccaf272,30.600,231.800,0.100
4272,5687,2161,3,5,17556,289df572adcc8beb,27.700,222.600,0.200
4273,5688,2162,3,5,17556,a692a57e993f4ab0,36.600,192.800,0.400
4274,5689,2163,3,5,17556,44e729b367a90b91,27.300,155.500,0.100
4275,5690,2164,3,5,17556,388f22f044ddeb02,24.400,191.000,0.100
4276,5691,2165,3,5,17556,294642b3d0cbb7da,26.500,174.200,0.300
4277,5692,2166,3,5,17556,b4686947fc0fc8be,27.200,151.500,0.400
4278,5693,2167,3,5,17556,e9ad618eac509e4c,25.100,212.200,0.100
4279,5694,2168,3,6,18588,05f0081bc44c41bf,27.000,169.500,0.100
4280,5695,2169,3,7,19620,1a76afce4c1f7cf4,44.300,208.400,0.100
4281,5696,2170,3,7,19620,f41d124791526b37,57.500,143.000,0.300
4282,5697,2171,3,6,18588,1b505754c760758f,26.500,171.400,0.100
4283,5698,2172,3,7,19620,707ed05119b11c7b,28.400,138.600,0.100
4284,5699,2173,3,9,21684,446edf27ab7b2282,41.700,134.900,0.100
4285,5700,2174,3,9,21684,a676553a7bb7815c,36.300,658.500,0.100
4286,5701,2175,3,9,21684,142c2859baaf8a88,30.900,170.000,0.600
4287,5702,2176,3,11,23748,124ffd8a026ab440,70.600,158.800,0.200
4288,5703,2177,3,13,25812,5404c5fb6a6b8357,33.700,143.900,0.200
4289,5704,2178,3,13,25812,19034c73a3a60647,35.400,133.800,0.100
4290,5705,2179,3,13,25812,4febc0cbff99807b,36.700,143.500,0.100
4291,5707,2180,3,13,25812,7359b76fef4705c6,35.300,156.100,0.400
4292,5708,2181,3,13,25812,2a6b47d752fce545,105.100,163.800,0.400
4293,5709,2182,3,13,25812,0b1ef37072918a68,37.900,187.200,1.300
4294,5710,2183,3,13,25812,e4891563efd1567e,37.700,218.700,0.200
4295,5711,2184,3,13,25812,e7b4080b9ec79044,36.100,197.800,0.100
4296,5712,2185,3,13,25812,0e3e85784e331a8b,37.700,155.100,0.400
4297,5713,2186,3,13,25812,5695e76a5da43b71,35.300,172.900,0.100
4298,5714,2187,3,13,25812,a597e4d5bc7d87d0,40.000,199.700,0.200
4299,5715,2188,3,13,25812,a66bb2c8ba0e2399,37.300,196.100,0.200
4300,5716,2189,3,13,25812,257fb6a05ece1195,37.400,155.500,0.100
4301,5717,2190,3,13,25812,37bc41329320015d,40.200,193.800,0.100
4302,5718,2191,3,13,25812,0792e2be04515195,35.300,181.700,0.100
4303,5719,2192,3,13,25812,20c9bdaaed0bdeb1,39.200,253.000,0.100
4304,5720,2193,3,13,25812,e99605d19bb03cee,35.300,338.900,0.200
4305,5721,2194,3,13,25812,d6252cd63f76b841,38.100,182.700,0.300
4306,5722,2195,3,13,25812,34d4e5078caf2d8f,35.200,194.700,0.100
4307,5723,2196,3,13,25812,8dd7d04aefbd2638,32.500,137.200,0.100
4308,5725,2197,3,13,25812,de586556362b7163,36.100,170.200,0.100
4309,5726,2198,3,13,25812,c8df654b7234d9c2,36.300,148.400,0.100
4310,5727,2199,3,13,25812,f02f8b87f74b2269,35.300,151.800,0.200
4311,5728,2200,3,13,25812,59bbfb31806f49a8,35.800,184.200,0.100
4312,5729,2201,3,13,25812,fc11922d69557db0,33.600,170.600,0.100
4313,5730,2202,3,13,25812,342794ed26cce5e0,35.000,165.300,0.400
4314,5731,2203,3,13,25812,14d45d0a9c851f57,56.400,189.900,0.400
4315,5732,2204,3,13,25812,e1176fe29856d8fb,36.200,151.800,0.400
4316,5733,2205,3,13,25812,062c9bcb7676deda,35.500,148.800,0.200
4317,5734,2206,3,13,25812,75d7ec7ace06b835,36.300,151.000,0.100
4318,5735,2207,3,13,25812,04a25e2568911d62,38.300,225.600,0.200
4319,5736,2208,3,13,25812,abad72a23e51fe06,45.200,144.200,0.100
4320,5737,2209,3,13,25812,eabe2532466475ff,34.300,140.800,0.200
4321,5738,2210,3,13,25812,a4a020e7071f7e24,36.400,168.900,0.100
4322,5739,2211,3,13,25812,b54c9707f557d95f,33.300,136.000,0.100
4323,5740,2212,3,13,25812,ffe380a790c36218,35.300,192.500,0.100
4324,5741,2213,3,13,25812,aa3bb0e370875c06,82.500,206.300,0.100
4325,5742,2214,3,13,25812,af0c596538b47359,32.500,144.900,0.100
4326,5743,2215,3,13,25812,895ba66a63fd8e23,35.900,201.800,1.300
4327,5744,2216,3,13,25812,1199e11cb7c4b56b,34.500,144.800,0.100
4328,5745,2217,3,13,25812,d3f16795a288cce7,34.700,189.300,0.100
4329,5746,2218,3,13,25812,57033adf3147fb44,50.300,182.300,0.300
4330,5747,2219,3,13,25812,435698e5f6d104b3,34.800,137.800,0.100
4331,5748,2220,3,13,25812,fd9ae85ccfe9165e,35.500,141.300,0.200
4332,5749,2221,3,13,25812,08459b6fc9f8c513,35.900,142.200,0.300
4333,5750,2222,3,13,25812,a9cf87d43063ee9c,42.300,131.100,0.200
4334,5751,2223,3,13,25812,357032add5f8665d,35.300,385.400,0.200
4335,5753,2224,3,13,25812,834ede62ea3839ab,35.700,145.500,0.100
4336,5754,2225,3,13,25812,6916b62971c6579a,35.400,141.900,0.100
4337,5755,2226,3,13,25812,565a843c8d3bb4e1,39.100,175.200,0.100
4338,5756,2227,3,13,25812,87402a90f22728c2,36.400,146.800,0.500
4339,5757,2228,3,13,25812,2dfa3857844959f9,33.800,182.200,0.100
4340,5758,2229,3,13,25812,30e2c422487156a3,39.800,179.300,0.100
4341,5759,2230,3,13,25812,6ae6a88de0f7444d,35.500,183.200,0.100
4342,5760,2231,3,13,25812,0a271a3fe9a2d6ec,93.800,831.100,0.200
4343,5761,2232,3,13,25812,0e0c1640ee2bcf3a,36.300,158.900,0.100
4344,5762,2233,3,13,25812,32e1286daff50952,34.200,198.400,0.200
4345,5763,2234,3,13,25812,f17b1e2de2737684,40.100,191.800,0.400
4346,5764,2235,3,13,25812,fc92403c4136f4ec,36.900,150.000,0.400
4347,5765,2236,3,13,25812,7f468b3f3002c480,33.900,142.000,0.100
4348,5766,2237,3,13,25812,b3d7e79291b00577,48.200,155.200,0.200
4349,5767,2238,3,13,25812,9413e5525ed23e3e,44.100,180.800,0.100
4350,5768,2239,3,13,25812,fe6766cefe45dfbf,34.300,137.600,0.400
4351,5769,2240,3,13,25812,8af7d867c78489ca,35.800,239.500,0.200
4352,5770,2241,3,13,25812,1b6563903cb0d0c7,44.900,199.100,0.400
4353,5771,2242,3,13,25812,d1434ffb72ac8203,39.600,200.200,0.100
4354,5772,2243,3,13,25812,6598c347c35b6ac7,36.900,146.400,0.100
4355,5774,2244,3,13,25812,aefd631a40fecced,35.800,190.400,0.100
4356,5775,2245,3,13,25812,2c64ab48b616f28d,34.100,145.600,0.200
4357,5776,2246,3,13,25812,78eaeb2af59df2a6,47.000,182.500,0.100
4358,5777,2247,3,13,25812,4d88ee5ea1e80a3c,37.000,162.900,0.200
4359,5778,2248,3,13,25812,cde1ecf6c81e5070,35.100,139.600,0.100
4360,5779,2249,3,13,25812,26b9144d73de42df,36.100,160.600,0.100
4361,5780,2250,3,13,25812,912ebe0ace570bb4,36.000,148.300,0.200
4362,5781,2251,3,13,25812,d51bb9d05cc5acb6,53.200,177.700,0.400
4363,5782,2252,3,13,25812,bf0f8dd07e7be505,40.000,140.900,0.300
4364,5783,2253,3,13,25812,ab0913b9bc573eae,36.400,137.600,0.100
4365,5784,2254,3,13,25812,174f41a3b7a700d6,37.100,185.600,0.400
4366,5785,2255,3,13,25812,db2588e90d31af98,34.800,144.300,0.100
4367,5786,2256,3,13,25812,61b5f96667d74a8f,36.800,159.900,0.100
4368,5787,2257,3,13,25812,9afa4b1a7c53e89a,34.200,134.300,0.200
4369,5788,2258,3,13,25812,7f0582f643deb3c0,35.500,137.400,0.100
4370,5789,2259,3,13,25812,2ec160ceeddfbfcf,36.500,171.000,0.100
4371,5790,2260,3,13,25812,72d925dc7646e3b9,35.100,141.800,0.100
4372,5791,2261,3,13,25812,5323dd09efba5367,43.400,140.300,0.400
4373,5792,2262,3,13,25812,e80ce0a050ff49a4,36.500,148.900,0.100
4374,5793,2263,3,13,25812,c28f1b40403ea840,35.300,158.900,0.300
4375,5794,2264,3,13,25812,09fc01a06801a088,38.200,125.200,0.100
4376,5795,2265,3,13,25812,ecaa44e271065566,38.300,161.200,0.100
4377,5796,2266,3,13,25812,8eeb65978e2bc046,41.500,132.400,0.100
4378,5797,2267,3,13,25812,fd986802b8d769b0,36.100,140.200,0.100
4379,5798,2268,3,13,25812,500815f224007fd1,36.600,141.400,0.100
4380,5799,2269,3,13,25812,c4d3f47e0d5bf5fb,35.400,127.800,0.200
4381,5800,2270,3,13,25812,d7b2d08140eb8d50,35.500,167.400,0.100
4382,5801,2271,3,13,25812,1092084c57ae97f3,35.700,184.900,0.400
4383,5802,2272,3,13,25812,172f66955ac78c25,41.100,160.600,0.500
4384,5803,2273,3,13,25812,95f423908e3c51c8,39.500,135.900,0.100
4385,5804,2274,3,13,25812,2eec01a7a62893f9,36.300,137.100,0.100
4386,5805,2275,3,13,25812,1e798e23ab8a552a,35.600,172.600,0.100
4387,5806,2276,3,13,25812,f602f99b48428ec1,36.900,178.300,0.200
4388,5807,2277,3,13,25812,70c641437eb95aac,36.000,126.000,0.100
4389,5808,2278,3,13,25812,b3b87fd987f04d66,34.700,165.700,0.400
4390,5809,2279,3,13,25812,c6efe05576d2f731,38.300,160.200,0.200
4391,5810,2280,3,13,25812,1dc5956e09f0ca21,47.500,191.000,0.400
4392,5811,2281,3,13,25812,53f182d378ef4129,34.700,138.800,0.200
4393,5812,2282,3,13,25812,5f0ea85a7c00f124,38.000,155.300,0.100
4394,5813,2283,3,13,25812,cb0a268676fda6b4,34.000,143.300,0.100
4395,5814,2284,3,13,25812,9e890adbaa8c0f7a,36.300,139.800,0.100
4396,5815,2285,3,13,25812,b7d79f93fc235f6f,35.900,143.300,0.100
4397,5816,2286,3,13,25812,7055715e157641aa,34.800,168.400,0.100
4398,5817,2287,3,13,25812,62d6d5375c596473,36.400,168.600,0.100
4399,5818,2288,3,13,25812,4c2282976fe09963,36.400,139.000,0.100
4400,5819,2289,3,13,25812,777ecf12337ad695,35.400,136.500,0.400
4401,5820,2290,3,13,25812,5d86b6767e829814,39.300,811.800,0.100
4402,5821,2291,3,13,25812,962d8c58abe7bd70,37.200,194.200,0.200
4403,5822,2292,3,13,25812,facfba764d00833b,36.600,184.800,0.100
4404,5823,2293,3,13,25812,f36a258a6baa5c08,46.200,150.300,0.100
4405,5824,2294,3,13,25812,5b8b7e90aa70d4a2,42.100,177.600,0.100
4406,5825,2295,3,13,25812,b93c99ab1b1a9e40,38.500,177.000,0.100
4407,5826,2296,3,13,25812,208b7f18c98d94d7,34.400,131.500,0.200
4408,5827,2297,3,13,25812,733a7c5068885b00,35.100,140.000,0.100
4409,5828,2298,3,13,25812,5d2e05b41b8d830c,35.400,135.600,0.100
4410,5829,2299,3,13,25812,ace57d4f6db67247,37.300,160.200,0.200
4411,5830,2300,3,13,25812,dbf14d770a200e1e,35.300,128.500,0.100
4412,5831,2301,3,13,25812,1f35ba91759e4959,37.300,183.100,0.100
4413,5832,2302,3,13,25812,3edf169a97132917,35.200,175.300,0.200
4414,5833,2303,3,13,25812,0b11cabc2a249db6,36.700,175.700,0.100
4415,5834,2304,3,13,25812,a153a0e59561153f,37.900,141.800,0.100
4416,5835,2305,3,13,25812,366586292311ebd5,36.100,169.900,0.100
4417,5836,2306,3,14,26844,130614a55063c134,35.300,147.600,0.200
4418,5837,2307,3,14,26844,bbf935d001efff33,37.000,144.800,0.100
4419,5838,2308,3,14,26844,e6521953b19964db,37.100,226.900,0.300
4420,5839,2309,3,14,26844,932822c101c4d202,37.900,187.400,0.200
4421,5840,2310,3,14,26844,5d67619545264243,37.000,165.000,0.100
4422,5841,2311,3,14,26844,7c1783ec6a017754,36.600,164.000,0.100
4423,5842,2312,3,14,26844,cc380a2d68d7b796,38.600,151.700,0.100
4424,5843,2313,3,14,26844,bf1bc28eccf4e865,37.500,144.800,0.100
4425,5844,2314,3,14,26844,aa9c7755d62d7fec,67.700,167.000,0.300
4426,5845,2315,3,14,26844,daa152b1ec6a6113,37.000,162.600,0.200
4427,5846,2316,3,14,26844,1cb5b43de704c77d,37.500,143.500,0.100
4428,5847,2317,3,14,26844,66b0c3244403bee6,38.000,144.400,0.100
4429,5848,2318,3,14,26844,5e537bf6bdfb9080,53.800,144.000,0.300
4430,5849,2319,3,14,26844,352756bc930105f0,36.600,186.600,0.100
4431,5850,2320,3,14,26844,eee48592a608c045,37.300,149.000,0.200
4432,5851,2321,3,14,26844,e23d95a04f8d4128,36.100,269.800,0.200
4433,5852,2322,3,14,26844,ae145af74e282a1d,35.900,193.700,0.400
4434,5853,2323,3,14,26844,d105c76ea404fba5,37.900,174.100,0.100
4435,5854,2324,3,14,26844,5540570c677e0e43,39.200,168.500,0.100
4436,5855,2325,3,15,27876,4c6820dccd0c2b12,38.600,178.400,0.100
4437,5856,2326,3,15,27876,d37ea530b08bc915,38.400,160.600,0.100
4438,5857,2327,3,15,27876,6249a28b41b13b40,36.400,138.200,0.100
4439,5858,2328,3,16,28908,ae97a3f21c587346,41.400,137.300,0.400
4440,5859,2329,3,16,28908,357ad85cfb177b7e,38.100,152.000,0.100
4441,5860,2330,3,16,28908,226dd625c48fb389,59.200,181.300,0.100
4442,5861,2331,3,16,28908,0e3464a2f924cd58,37.600,165.700,0.100
4443,5862,2332,3,17,29940,975cae883cffeafe,46.900,218.400,0.100
4444,5863,2333,3,17,29940,e27fff20c6b63cfb,43.300,143.400,0.100
4445,5864,2334,3,17,29940,308cb671f1937efc,41.400,166.400,0.100
4446,5865,2335,3,17,29940,083ecbf59581281d,42.600,153.500,0.100
4447,5866,2336,3,17,29940,09f1f0f58d2a4692,41.800,160.700,0.200
4448,5867,2337,3,17,29940,c8031540064ed5f5,39.500,156.800,0.100
4449,5868,2338,3,17,29940,3fe389293cb11398,41.200,183.900,0.100
4450,5869,2339,3,17,29940,4da30328318c009d,48.100,179.000,0.400
4451,5870,2340,3,18,30972,f521392abe5488b5,40.400,160.700,0.100
4452,5871,2341,3,18,30972,45067d788dd40105,48.200,159.700,0.100
4453,5872,2342,3,18,30972,cd8764921857041d,44.200,166.200,0.200
4454,5873,2343,3,18,30972,27d82da9dcc8aa91,43.900,154.700,0.100
4455,5874,2344,3,18,30972,84ce62c346003e5c,47.400,211.600,0.100
4456,5875,2345,3,18,30972,4662b95baa987232,42.600,197.800,0.100
4457,5876,2346,3,18,30972,71327a38b91c115f,40.700,133.900,0.200
4458,5877,2347,3,18,30972,1fa5e0d1168faa5e,51.100,154.700,0.100
4459,5878,2348,3,18,30972,37051e1ce5a881e3,43.300,146.800,0.100
4460,5879,2349,3,18,30972,fef18af85d135c3d,42.800,150.200,0.200
4461,5880,2350,3,18,30972,a0fecd19558232a4,45.400,698.600,0.200
4462,5881,2351,3,18,30972,3f7c0e9905de6763,46.200,142.500,0.100
4463,5882,2352,3,18,30972,6e2ef018d3f2ef2a,40.500,147.000,0.200
4464,5883,2353,3,18,30972,ca29feb6d2e8c2c4,38.500,182.400,0.400
4465,5884,2354,3,18,30972,bb4b2eda440fb173,40.500,138.000,0.100
4466,5885,2355,3,18,30972,965acb80a4346773,50.200,209.000,0.300
4467,5886,2356,3,18,30972,9ea32b2a12ed5925,41.600,187.200,0.100
4468,5887,2357,3,18,30972,b1b43ccf4c8b681d,41.900,160.100,0.100
4469,5888,2358,3,18,30972,0f6f71c63516e062,43.100,139.600,0.100
4470,5889,2359,3,18,30972,0cbab1aa54cb1b52,38.900,141.900,0.100
4471,5890,2360,3,18,30972,db04ae1f321e864c,43.500,165.600,0.100
4472,5891,2361,3,18,30972,5ddc701eac143545,40.700,139.200,0.300
4473,5892,2362,3,18,30972,4bae6ae9414d76f3,41.500,159.000,0.200
4474,5893,2363,3,18,30972,558fe8e1dfbcb7a6,50.100,177.800,0.100
4475,5894,2364,3,18,30972,d7caa20e7e9fb148,42.600,159.800,0.100
4476,5895,2365,3,18,30972,3b776ebe2d639e91,40.300,140.100,0.100
4477,5896,2366,3,18,30972,06a37ee7a74b00fd,41.200,151.700,0.300
4478,5897,2367,3,18,30972,c623fd87a4b66aa1,41.300,145.500,0.200
4479,5898,2368,3,18,30972,8d2b8016b73e309f,41.200,127.400,0.100
4480,5899,2369,3,19,32004,0087a78ca60f2e2f,45.100,153.900,0.200
4481,5900,2370,3,19,32004,efa3aa95e25c8c75,53.400,168.900,0.300
4482,5901,2371,3,19,32004,08ec65ec1b5cff43,40.500,155.700,0.200
4483,5902,2372,3,19,32004,c31a285eca2c17f8,41.900,159.000,0.100
4484,5903,2373,3,19,32004,5a0bf8ba58c885cb,49.900,185.700,0.100
4485,5904,2374,3,19,32004,2a84ead6ae6f8679,40.800,132.100,0.100
4486,5905,2375,3,19,32004,058516124c18ec6b,49.200,139.100,0.100
4487,5906,2376,3,19,32004,8b17b9116683d890,42.600,192.200,0.200
4488,5907,2377,3,19,32004,965032d83198bb7d,46.900,181.500,0.100
4489,5908,2378,3,19,32004,df87f81fbf25fd07,43.300,163.300,0.100
4490,5909,2379,3,19,32004,96a956f30dcb0344,43.300,139.300,0.400
4491,5910,2380,3,19,32004,723557efbae66cf5,42.100,141.100,0.400
4492,5911,2381,3,19,32004,672d9679f8447aaf,50.300,262.300,0.200
4493,5912,2382,3,19,32004,0b8e9185c496769f,43.700,166.300,0.200
4494,5914,2383,3,19,32004,f45f827d83c9ace5,42.800,222.700,0.100
4495,5915,2384,3,19,32004,e0c0aa4db0eb73da,44.700,152.500,0.500
4496,5916,2385,3,19,32004,7c9c885461f4bc24,41.600,137.100,0.400
4497,5918,2386,3,19,32004,37f4a5484a1aeb2f,43.000,213.800,0.200
4498,5919,2387,3,19,32004,498d53d4966d5a4b,50.600,133.700,0.100
4499,5920,2388,3,19,32004,a997c2d72c0e285e,58.900,192.100,0.300
4500,5921,2389,3,19,32004,c94c37feeaff0c57,50.100,162.900,1.000
4501,5922,2390,3,19,32004,c9c9a8a0b180f8e3,42.700,138.600,0.500
4502,5923,2391,3,19,32004,1d894a975d27cedf,48.200,215.600,0.400
4503,5924,2392,3,19,32004,df9b183dde846f48,53.900,184.500,0.100
4504,5925,2393,3,20,33036,5327d2ef76536680,46.000,156.200,0.200
4505,5926,2394,3,20,33036,ec9abcda5b7f0ce0,44.300,187.700,0.100
4506,5927,2395,3,21,34068,46af80cf8098e570,43.900,168.200,0.100
4507,5928,2396,3,21,34068,74115e1edf4b798d,45.300,187.300,1.300
4508,5929,2397,3,21,34068,69a41c9f0b7217d2,44.700,145.400,0.100
4509,5930,2398,3,21,34068,0891fb701875ac59,43.300,142.900,0.100
4510,5931,2399,3,21,34068,f559ba7080efcfe4,43.300,165.200,0.100
4511,5932,2400,3,21,34068,10ebfe4e7d30af34,43.200,132.900,0.400
4512,5933,2401,3,21,34068,a5aeae3e858e4d24,44.600,162.500,0.100
4513,5934,2402,3,21,34068,d29adf7b0542184b,43.800,144.300,0.100
4514,5935,2403,3,21,34068,9aadb5b429386662,43.900,162.500,0.200
4515,5936,2404,3,21,34068,8d7d58e1cfcbf6b8,47.200,153.900,0.100
4516,5937,2405,3,22,35100,00739e07407b5474,50.500,170.900,0.100
4517,5938,2406,3,22,35100,09e91d116ee749a2,50.300,159.300,0.200
4518,5939,2407,3,22,35100,c72efd045ed84cff,49.600,159.200,0.100
4519,5940,2408,3,22,35100,d4f6c6ae1fb1bb22,47.500,694.100,0.200
4520,5941,2409,3,22,35100,134c88039237dbbe,45.100,148.400,0.400
4521,5942,2410,3,22,35100,1113b957be4c8db1,45.700,177.400,0.100
4522,5943,2411,3,22,35100,7ecd3649ec255063,47.300,169.400,0.500
4523,5944,2412,3,22,35100,0f2879e4078c3be3,44.700,151.500,0.100
4524,5945,2413,3,22,35100,85194465858cd653,44.500,126.100,0.100
4525,5946,2414,3,22,35100,4317fea27670ba83,46.100,139.400,0.100
4526,5947,2415,3,22,35100,4c5180b4d38822c8,45.300,140.600,0.100
4527,5948,2416,3,22,35100,625459fb7a77d0ee,43.600,231.900,0.300
4528,5949,2417,3,22,35100,aff13fe8ded776bb,46.700,148.700,0.100
4529,5950,2418,3,22,35100,8c63073d84c53afe,45.200,145.500,0.400
4530,5951,2419,3,22,35100,4ef578030dba001a,45.400,174.200,0.200
4531,5952,2420,3,22,35100,ee165b5c0667aba5,43.600,151.200,0.300
4532,5953,2421,3,22,35100,0bd5a50c75f7f7a2,44.400,142.100,0.200
4533,5954,2422,3,23,36132,3e368fde65b71ae5,44.800,183.300,0.300
4534,5955,2423,3,23,36132,5e2c365f2505852d,49.000,165.900,0.100
4535,5956,2424,3,23,36132,96ba2c826b0a1839,46.400,174.600,0.100
4536,5957,2425,3,23,36132,7c8e24d3bc423783,47.900,155.500,0.100
4537,5958,2426,3,23,36132,b6236d1569020714,46.500,159.200,0.100
4538,5959,2427,3,23,36132,4cbf97fda275f7ff,50.800,136.500,0.100
4539,5960,2428,3,23,36132,db7d78af06ade8b4,46.500,141.200,0.200
4540,5961,2429,3,23,36132,fa8757c95d0fb379,48.200,145.200,0.400
4541,5962,2430,3,23,36132,cc748de01ffc500f,46.900,138.500,0.200
4542,5963,2431,3,23,36132,bf66f795426884bb,44.300,140.400,0.100
4543,5964,2432,3,23,36132,9edcfdc6853bb68b,47.800,145.300,0.100
4544,5965,2433,3,23,36132,e171c93006979414,47.400,218.400,0.500
4545,5966,2434,3,23,36132,af5f2b50526e4f38,49.300,190.200,0.100
4546,5967,2435,3,23,36132,b717189cd669a281,47.100,153.400,0.200
4547,5968,2436,3,23,36132,67eed1b812090358,48.800,158.600,0.200
4548,5969,2437,3,23,36132,7f045772ff4f3886,54.200,137.300,0.100
4549,5970,2438,3,23,36132,b09890a32977ce5c,47.700,140.000,0.100
4550,5971,2439,3,23,36132,1cf69376c4795144,46.900,141.100,0.100
4551,5972,2440,3,23,36132,ec988b4a7e215ea7,48.700,145.500,0.100
4552,5973,2441,3,23,36132,f8574b272dd85de0,58.600,150.100,0.100
4553,5974,2442,3,23,36132,24e73a357724c2ef,48.200,150.900,0.300
4554,5975,2443,3,23,36132,e8ce87a118884e69,50.500,171.000,1.300
4555,5976,2444,3,23,36132,197ac0ff0699f42c,48.100,389.800,0.200
4556,5977,2445,3,23,36132,b5e155e7fb722018,44.700,195.200,0.200
4557,5978,2446,3,23,36132,60d6ac501c399624,47.900,150.100,0.100
4558,5979,2447,3,23,36132,23b6230f805a2f4d,50.700,200.400,0.300
4559,5980,2448,3,23,36132,d9a41fe6349ffd27,61.500,171.200,0.100
4560,5981,2449,3,23,36132,db0ea26737e9e64e,46.900,190.100,0.400
4561,5983,2450,3,23,36132,1de45918adccee78,55.300,186.600,0.100
4562,5984,2451,3,23,36132,1ed4f54299515ae8,51.700,233.400,0.400
4563,5985,2452,3,23,36132,0805b1c4b78a01fe,47.300,150.800,0.400
4564,5986,2453,3,23,36132,74788f38fd9d58ab,46.900,150.200,0.200
4565,5987,2454,3,23,36132,e460493db6f2158d,49.200,167.000,0.400
4566,5988,2455,3,23,36132,5828b4e50c4daa60,46.100,187.200,0.400
4567,5989,2456,3,23,36132,973e5228fd19601e,49.200,212.200,0.400
4568,5990,2457,3,23,36132,75f36e1919230163,45.900,144.400,0.200
4569,5991,2458,3,23,36132,f0c97a5908c7c8c0,50.800,163.200,0.100
4570,5992,2459,3,23,36132,6a7f840b72752c48,47.800,139.600,0.100
4571,5993,2460,3,23,36132,6121d9d41a2be245,48.800,144.200,0.100
4572,5994,2461,3,23,36132,16244540dc9eab7c,46.200,144.200,0.100
4573,5995,2462,3,23,36132,67d55018960b72be,47.800,178.200,0.100
4574,5996,2463,3,23,36132,3ac440802653a35f,50.800,170.900,0.100
4575,5997,2464,3,23,36132,4f39292d57ba2f93,60.100,188.500,0.100
4576,5998,2465,3,23,36132,e931229fd21776b1,52.800,158.500,0.500
4577,5999,2466,3,23,36132,91a7aa4efee123cf,45.800,214.500,0.100
4578,6000,2467,3,23,36132,754a4327ae1c868a,51.500,1244.200,0.400
4579,6001,2468,3,23,36132,b05f8b7dba0c07a3,55.100,176.400,0.100
4580,6002,2469,3,23,36132,236ad5edabcffc27,47.800,152.600,0.100
4581,6003,2470,3,23,36132,74898f9da5b9fabd,66.800,167.300,0.100
4582,6004,2471,3,23,36132,eccd2593eaa6de44,45.900,138.600,0.100
4583,6005,2472,3,23,36132,3e7d60cab0e7f2f8,47.000,151.100,0.100
4584,6006,2473,3,23,36132,02746aa6be25e0cb,50.200,182.800,0.400
4585,6007,2474,3,23,36132,81de386ba70ec954,45.700,160.500,0.200
4586,6008,2475,3,23,36132,67a9ff746af2365c,44.100,141.600,0.100
4587,6009,2476,3,23,36132,19a2d3f02394c28d,45.500,137.200,0.200
4588,6010,2477,3,23,36132,2cddf021c6dce246,46.800,151.200,0.400
4589,6011,2478,3,23,36132,6d116a789df8c1b1,66.600,144.100,0.100
4590,6012,2479,3,23,36132,572738cd4cbe7a3a,46.400,151.900,0.100
4591,6013,2480,3,23,36132,42a671de8c8cc1a9,44.400,143.100,0.200
4592,6014,2481,3,23,36132,e20cbaa68fbca290,49.200,170.800,0.200
4593,6015,2482,3,23,36132,bca1f1b49f760f85,44.800,161.200,0.500
4594,6016,2483,3,23,36132,8eca100801321386,45.600,140.600,0.100
4595,6017,2484,3,23,36132,29f292ca0458d43d,51.300,148.800,0.200
4596,6018,2485,3,23,36132,a393f7d0b37e630d,45.000,138.100,0.100
4597,6019,2486,3,23,36132,7d366229c79e09ad,50.400,195.700,0.100
4598,6020,2487,3,23,36132,f6be3fa8a6eea93a,47.700,140.000,0.200
4599,6021,2488,3,23,36132,2d18fb2fe933ec5d,49.300,172.800,0.100
4600,6022,2489,3,23,36132,74bd27d86fa86b67,48.300,162.200,0.100
4601,6023,2490,3,23,36132,5ebc901db74be160,56.100,191.100,0.100
4602,6024,2491,3,23,36132,6c4ddbc95df67c5e,65.700,150.600,0.100
4603,6025,2492,3,23,36132,18cc940847a6ad91,68.700,182.400,0.200
4604,6026,2493,3,23,36132,54173c90a5342c2b,47.300,135.000,0.200
4605,6027,2494,3,23,36132,1648693a9c1f3c5d,47.900,157.700,0.400
4606,6028,2495,3,23,36132,c65c4518d48ac6e3,47.100,150.400,0.300
4607,6029,2496,3,23,36132,4cfaacdff968ae44,47.400,142.900,0.100
4608,6030,2497,3,23,36132,603d327258f72708,50.700,160.800,0.200
4609,6031,2498,3,23,36132,6ba3db63c41ed733,44.800,134.700,0.100
4610,6032,2499,3,23,36132,de94bbe98e126c07,129.300,169.000,0.400
4611,6033,2500,3,23,36132,a0b56b580be73623,46.000,210.300,0.100
4612,6034,2501,3,23,36132,6cc95741c57517c5,47.300,184.700,0.100
4613,6035,2502,3,23,36132,1ebc64000408a79e,46.100,172.300,0.100
4614,6036,2503,3,23,36132,f1580d464ec134a2,47.000,144.600,0.100
4615,6037,2504,3,23,36132,c64b92f74e47dd8a,49.400,157.900,0.100
4616,6038,2505,3,23,36132,e19e6832800c2657,46.500,153.600,0.400
4617,6039,2506,3,23,36132,5afad24ea4d6412f,44.200,137.900,0.100
4618,6040,2507,3,23,36132,e9b26331b2c14bf9,62.300,259.200,0.100
4619,6041,2508,3,23,36132,adfc8412cb0c5ccb,46.800,169.500,0.300
4620,6042,2509,3,23,36132,b23117eacd12302d,49.400,166.200,0.200
4621,6043,2510,3,23,36132,0cec81eed9671362,48.700,156.200,0.500
4622,6044,2511,3,23,36132,36221d551ee6f63f,48.000,146.400,0.100
4623,6045,2512,3,23,36132,c3b42c7741f666f8,46.400,179.900,0.200
4624,6046,2513,3,23,36132,24cfc56f35a72486,57.900,201.900,0.200
4625,6047,2514,3,23,36132,9eaceac001450812,49.800,168.300,0.200
4626,6048,2515,3,23,36132,c19aa85197f766fc,45.500,164.600,0.100
4627,6049,2516,3,23,36132,2035994d73291534,44.500,194.600,0.300
4628,6050,2517,3,23,36132,3f8b11c432898cc9,52.000,162.800,0.100
4629,6051,2518,3,23,36132,bc9c2e00c806b548,47.800,145.300,0.400
4630,6052,2519,3,23,36132,b4dfbe6e1c85b1fd,47.100,160.100,0.500
4631,6053,2520,3,23,36132,f69b2a81a7f302ae,47.500,183.200,0.400
4632,6054,2521,3,23,36132,1107d560b29122de,47.400,167.000,0.200
4633,6055,2522,3,23,36132,d25ef3a2a4fa78a5,50.100,164.900,0.100
4634,6056,2523,3,23,36132,3cd76c22efd79e78,48.900,148.000,0.100
4635,6057,2524,3,22,35100,a807db8083d77a5a,58.400,189.700,0.400
4636,6058,2525,3,21,34068,593081176ce02b40,57.100,243.100,0.300
4637,6059,2526,3,21,34068,d494b2a1c53485ca,46.000,161.100,0.200
4638,6060,2527,3,20,33036,07d5b691a9ca8d62,42.900,688.400,0.200
4639,6061,2528,3,20,33036,f516a70d2db9ec08,42.800,195.600,0.400
4640,6062,2529,3,20,33036,7c7b03d8157de226,46.600,151.400,0.100
4641,6063,2530,3,19,32004,d81852d05cf0445b,44.000,183.200,0.400
4642,6064,2531,3,19,32004,4fc5047eb7773be4,45.200,159.000,0.200
4643,6065,2532,3,19,32004,3f226bb26f05f1c3,43.900,221.200,0.100
4644,6066,2533,3,19,32004,2adea510d60516af,43.200,249.000,0.300
4645,6067,2534,3,19,32004,c9075cf2dd5d996f,40.300,142.500,0.100
4646,6068,2535,3,19,32004,ed8b7cd92bed6b96,41.600,139.800,0.100
4647,6069,2536,3,19,32004,b7221838403c6cee,60.800,169.900,0.100
4648,6070,2537,3,19,32004,09d444a7043ff891,41.500,210.800,0.300
4649,6071,2538,3,19,32004,abad147526cb92e2,45.500,197.000,0.300
4650,6072,2539,3,19,32004,4f8fa7e481e4433f,44.800,149.100,0.100
4651,6073,2540,3,19,32004,a11669ed59784ceb,44.700,164.200,0.100
4652,6074,2541,3,19,32004,6b4ba794a797b63e,43.900,200.100,0.100
4653,6075,2542,3,19,32004,9c564252daa4ee45,43.600,146.500,0.200
4654,6076,2543,3,19,32004,85fc686aa6dddb98,43.400,157.000,0.200
4655,6077,2544,3,20,33036,810c44ea955e5282,43.800,153.900,0.100
4656,6078,2545,3,20,33036,a8a6642119fe2524,43.100,144.500,0.400
4657,6079,2546,3,21,34068,e7ab20159c0a2273,66.800,165.000,0.100
4658,6080,2547,3,21,34068,f7a80a04658932a6,41.600,139.200,0.200
4659,6081,2548,3,22,35100,c6e353b688077622,45.600,191.800,0.100
4660,6082,2549,3,22,35100,94432e17f987c88d,45.900,181.200,0.300
4661,6083,2550,3,22,35100,969ed28cbbc1cdf7,61.700,159.900,0.100
4662,6084,2551,3,22,35100,683688fb5213d92a,47.000,163.900,0.100
4663,6085,2552,3,22,35100,a5b40e1e597a958b,46.400,264.000,0.100
4664,6086,2553,3,22,35100,986b6d201044b5cc,44.200,188.500,0.100
4665,6087,2554,3,22,35100,474eabceec9fafe2,45.000,142.000,0.100
4666,6088,2555,3,22,35100,da2d9105421cdf07,49.700,142.400,0.100
4667,6089,2556,3,22,35100,21561b6de0a90c96,49.100,229.000,0.400
4668,6090,2557,3,22,35100,8e04a03232c65494,47.300,179.400,0.100
4669,6091,2558,3,22,35100,0f0b9a93dac633af,46.600,200.000,0.400
4670,6092,2559,3,22,35100,0716dd54c08144ff,55.100,166.700,0.200
4671,6093,2560,3,22,35100,23a2c1f07a18cc44,48.800,174.700,0.100
4672,6094,2561,3,22,35100,cce67ef22c99d603,46.100,284.100,0.300
4673,6095,2562,3,22,35100,ee4f735e421b83a2,50.800,164.700,0.100
4674,6096,2563,3,22,35100,7916deed90c11500,44.200,187.500,0.100
4675,6097,2564,3,22,35100,91e9b037be332afa,46.000,164.900,0.100
4676,6098,2565,3,22,35100,979a868064f65294,45.700,145.800,0.200
4677,6099,2566,3,22,35100,a554cc0bcb229bc4,46.900,264.400,0.400
4678,6100,2567,3,22,35100,13a31451d92e14ef,46.400,171.200,0.200
4679,6101,2568,3,22,35100,c6d9c1d8a65c17af,43.800,155.900,0.400
4680,6102,2569,3,22,35100,9c2e799b3bf2e0fc,103.100,159.400,0.400
4681,6103,2570,3,22,35100,881641a3a256a2a8,43.100,194.400,0.200
4682,6104,2571,3,23,36132,10e1888775cff1ac,46.500,153.300,0.100
4683,6105,2572,3,23,36132,a885d4a1fc5470cb,46.600,182.600,0.100
4684,6106,2573,3,23,36132,f2848cb98b01079d,47.900,195.500,0.100
4685,6107,2574,3,23,36132,205a2223028fe425,52.900,244.000,0.400
4686,6108,2575,3,24,37164,947fb3fa86695595,47.100,231.200,0.200
4687,6109,2576,3,24,37164,03fca9c2890dc9f1,48.700,148.000,0.500
4688,6110,2577,3,25,38196,5e6c710820492136,66.000,200.900,0.100
4689,6111,2578,3,25,38196,ce59659981822fa8,50.500,164.400,0.400
4690,6112,2579,3,25,38196,db8e93e19a80571d,50.400,190.000,0.100
4691,6113,2580,3,25,38196,6660f3513f2f959e,51.600,203.700,0.100
4692,6114,2581,3,25,38196,fab13699b64e41eb,46.600,156.000,0.100
4693,6115,2582,3,25,38196,948c0a0e13387d03,88.100,214.000,0.400
4694,6116,2583,3,25,38196,3792b80fcf1976f5,57.600,141.600,0.200
4695,6117,2584,3,25,38196,e83d1489eea36f65,50.700,184.200,0.400
4696,6118,2585,3,25,38196,a2c39004feba1c22,51.500,152.100,0.100
4697,6119,2586,3,25,38196,a146de95f0a544c0,51.800,171.000,0.200
4698,6120,2587,3,25,38196,02b3da0174c0c5db,53.400,729.000,0.100
4699,6121,2588,3,25,38196,2df6b40025005f8c,51.800,220.000,0.300
4700,6122,2589,3,25,38196,b28ad56f2095ccaa,54.500,161.400,0.200
4701,6123,2590,3,25,38196,3c6f7b80eab96b13,52.000,236.000,0.400
4702,6124,2591,3,25,38196,add37c5bf0f11da6,51.100,194.800,1.300
4703,6125,2592,3,25,38196,5fb203c218fc9ff5,62.100,234.700,1.400
4704,6126,2593,3,25,38196,42e5323cb122030c,51.500,196.500,0.100
4705,6127,2594,4,25,42296,7f1696bafdb950af,49.400,225.900,0.400
4706,6128,2595,3,25,38196,933713604a9f74db,58.600,146.100,0.100
4707,6129,2596,4,25,42296,06af1faba87d888d,54.300,148.400,0.100
4708,6130,2597,3,25,38196,d813ad674a437aa9,49.600,218.300,0.200
4709,6131,2598,4,25,42296,448395e2e8a435bb,53.900,146.700,0.100
4710,6132,2599,3,25,38196,2457fdef5c4673ae,48.900,158.900,0.100
4711,6133,2600,4,25,42296,e49174dcc2a6a8e6,55.000,184.500,0.500
4712,6134,2601,3,25,38196,fcb2f1bfe00e57b3,61.000,195.200,0.200
4713,6135,2602,4,25,42296,5fbd8f2f02aa7831,51.300,144.100,0.100
4714,6136,2603,3,25,38196,848fd77730974c95,53.400,168.200,0.100
4715,6137,2604,4,27,44360,49cfc8540a963cb5,51.700,172.100,0.100
4716,6138,2605,3,29,42324,3f89bc9f96065035,56.400,202.000,0.100
4717,6139,2606,4,31,48488,5e9f29a11d2041ed,58.700,167.200,0.100
4718,6140,2607,3,31,44388,988eea9aeadc409f,54.300,223.000,0.100
4719,6141,2608,4,31,48488,6f6fac33539708ed,61.900,189.600,1.200
4720,6142,2609,3,29,42324,51c6306a1b77b447,53.300,179.300,0.400
4721,6143,2610,4,27,44360,be2387341503eb46,74.500,177.500,0.200
4722,6144,2611,3,24,37164,f155842013c7a967,47.700,156.200,0.200
4723,6145,2612,4,24,41264,8e47d55b0d3c2e13,50.100,187.600,0.300
4724,6146,2613,3,24,37164,cd9a129a8edd246f,50.500,201.900,0.100
4725,6147,2614,4,23,40232,f7a7566ce3bd82e5,51.100,150.800,0.100
4726,6148,2615,3,23,36132,c5b7ecb8188eabed,52.600,211.400,0.100
4727,6149,2616,3,22,35100,fecb82e980b48cb8,44.100,152.100,0.100
4728,6150,2617,3,22,35100,800788f6e977f868,48.200,189.500,0.100
4729,6151,2618,3,22,35100,d4a6b76d00fe8488,44.500,146.100,0.200
4730,6152,2619,3,20,33036,6e0e73b4165e890b,47.800,211.200,0.200
4731,6153,2620,3,20,33036,32dc9d207b5e952e,43.200,156.800,0.400
4732,6154,2621,3,19,32004,0c256e0a90d3398a,42.000,160.700,0.400
4733,6155,2622,3,19,32004,5bf1f856582d7a3f,43.200,158.400,0.100
4734,6156,2623,3,19,32004,2e5c5d4cd8a7a819,53.300,209.000,0.400
4735,6157,2624,3,18,30972,ba4fe0250e228a64,42.900,143.400,0.300
4736,6158,2625,3,18,30972,00732ce3a87bc04a,44.000,217.800,0.100
4737,6159,2626,3,16,28908,06a8c8c5e74aad73,38.700,144.500,0.100
4738,6160,2627,3,16,28908,82672b46d8cd1474,41.900,244.400,0.500
4739,6161,2628,3,15,27876,ae0b0bae2c00ac2d,35.900,140.200,0.200
4740,6162,2629,3,14,26844,ead4d6027bba93c8,39.400,180.600,0.200
4741,6163,2630,3,14,26844,1e92e5c51b645c10,35.400,166.500,0.100
4742,6164,2631,3,14,26844,0ab20d4da4744542,40.400,184.500,0.100
4743,6165,2632,3,14,26844,9a00b63b5f6828f5,37.500,170.000,0.100
4744,6166,2633,3,14,26844,3476d15c9be2987d,38.400,195.900,0.100
4745,6167,2634,3,14,26844,e27ebd073c56c49c,36.900,195.900,0.100
4746,6168,2635,3,14,26844,f3d48d852f633371,38.100,218.200,0.300
4747,6169,2636,3,14,26844,80cc96bd179138b5,38.500,237.400,0.300
4748,6170,2637,3,14,26844,bdc08cfc31de63b2,37.200,193.700,0.200
4749,6171,2638,3,14,26844,a51ff21e4c6f02bd,38.900,218.100,0.100
4750,6172,2639,3,14,26844,65a818247fbffcb7,39.300,246.900,0.100
4751,6173,2640,3,14,26844,fcb3a28cd80b1ea9,42.800,152.200,0.100
4752,6174,2641,3,14,26844,ab146f2b28aac238,37.900,157.900,0.100
4753,6175,2642,3,14,26844,277268a685b5570d,44.500,185.000,0.100
4754,6176,2643,3,14,26844,07ad612561fad6ee,37.300,188.800,0.200
4755,6177,2644,3,14,26844,3a5da3d26a46b67b,46.300,190.100,0.100
4756,6178,2645,3,14,26844,833e683d42d26139,36.100,141.900,0.400
4757,6179,2646,3,14,26844,c345452023b0db5b,38.500,180.700,0.400
4758,6181,2647,3,14,26844,91c56ea9f41f1287,40.300,149.500,0.100
4759,6183,2648,3,14,26844,b9832cb52120fb36,70.700,242.700,0.400
4760,6184,2649,3,13,25812,08481ab6f2dd2f4f,34.900,148.400,0.100
4761,6185,2650,3,13,25812,5731345261156b7e,42.500,205.100,0.100
4762,6186,2651,3,13,25812,c4e3ff9bb27a4285,34.100,151.100,0.200
4763,6187,2652,3,13,25812,9b3c40a7eee8137d,35.300,202.500,0.400
4764,6188,2653,3,13,25812,ba3234dc47d684f0,35.600,231.700,0.400
4765,6189,2654,3,13,25812,722606e1507a7bb3,35.200,161.300,0.100
4766,6190,2655,3,13,25812,c309f7d9f26b4a52,46.100,144.900,0.100
4767,6191,2656,3,13,25812,70a34582f730864a,35.800,203.500,0.100
4768,6192,2657,3,13,25812,6f8a5eb941f645dd,36.400,168.000,0.100
4769,6193,2658,3,13,25812,ad56e86b7bed6baf,33.600,146.700,0.100
4770,6194,2659,3,13,25812,0d35f373b9195943,36.700,161.200,0.100
4771,6195,2660,3,13,25812,50b86540519cb974,40.800,147.000,0.100
4772,6196,2661,3,13,25812,b03a22b4cd302f20,34.800,146.900,0.100
4773,6197,2662,3,13,25812,56f04748530a3c3d,35.100,149.300,0.400
4774,6198,2663,3,13,25812,2abe3e6a6c81af17,45.900,140.800,0.100
4775,6199,2664,3,13,25812,7612ce6a38ceee82,35.600,189.400,0.400
4776,6200,2665,3,13,25812,c04d7dd97798da7a,67.000,203.100,0.300
4777,6201,2666,3,13,25812,541a6b44107f3ce0,35.900,207.400,0.400
4778,6203,2667,3,13,25812,1266b21a8bbe765b,34.800,223.700,0.200
4779,6205,2668,3,13,25812,630b80381e9a0dea,36.200,164.900,0.300
4780,6206,2669,3,13,25812,e43426436ac3b95a,35.600,205.100,0.300
4781,6207,2670,3,13,25812,6764ea63de238437,38.400,178.200,0.100
4782,6209,2671,3,13,25812,b3b6e4ed853ed3fe,36.800,168.500,0.200
4783,6210,2672,3,13,25812,bf8f2f429d9a5e31,35.800,182.800,0.300
4784,6211,2673,3,13,25812,52bd770dcf36b5f9,38.000,173.100,0.100
4785,6212,2674,3,13,25812,5d2ed85c91eedff0,40.800,163.400,0.400
4786,6213,2675,3,13,25812,245edd9fbe344f44,32.900,140.100,0.100
4787,6214,2676,3,13,25812,b9e7700704ce5fd8,36.000,173.200,0.200
4788,6215,2677,3,13,25812,fbc93c8c0b4879ad,35.400,144.200,0.100
4789,6216,2678,3,13,25812,769546ad8bc1d55b,35.800,151.700,0.100
4790,6217,2679,3,13,25812,97334c8843b6ab6a,35.900,191.100,0.100
4791,6218,2680,3,13,25812,9f48cba64eded9a8,34.100,147.000,0.100
4792,6219,2681,3,13,25812,75655ec5948a639f,34.200,165.000,0.100
4793,6220,2682,3,13,25812,091559c7d642b788,35.800,187.800,0.100
4794,6221,2683,3,13,25812,fcfe878e4f7063cd,43.300,165.500,0.100
4795,6222,2684,3,13,25812,c79c10266132e652,37.100,206.700,0.300
4796,6223,2685,3,13,25812,a19a25f408a66ea5,36.100,155.400,0.100
4797,6224,2686,3,12,24780,6d7f9cf4fce1a2c2,37.600,160.200,0.500
4798,6225,2687,3,11,23748,2a8a67cbc552b0b1,35.000,176.300,0.100
4799,6226,2688,3,11,23748,c8935ee70e43c8a2,34.000,162.600,0.200
4800,6227,2689,3,11,23748,00f03f4aee60b91c,34.100,242.300,0.500
4801,6228,2690,3,11,23748,5ab4b0a3044c21fe,32.600,149.000,0.100
4802,6229,2691,3,11,23748,27e2d54241af382f,33.900,144.500,0.100
4803,6230,2692,3,11,23748,a65366b42c02beba,35.000,190.200,0.100
4804,6231,2693,3,11,23748,6e1aadeff9fefe30,31.300,185.700,0.500
4805,6232,2694,3,10,22716,6dbd4343ed5482b4,31.200,150.600,0.100
4806,6233,2695,3,12,24780,eb57f6b27a65b597,38.100,203.400,0.500
4807,6234,2696,3,11,23748,8b38701d7ebe8d93,33.400,144.100,0.100
4808,6235,2697,3,10,22716,fd59c75151a8084d,32.000,187.800,1.200
4809,6236,2698,3,9,21684,16238d20bc21c4ec,32.200,150.300,0.400
4810,6237,2699,3,9,21684,a7f8175e1230d464,32.300,225.400,0.400
4811,6238,2700,3,9,21684,c63a99afc35989a1,38.700,137.500,0.100
4812,6239,2701,3,10,22716,2ff4e99393826578,32.000,150.900,0.100
4813,6240,2702,3,10,22716,833a71c779e2f5b2,34.100,669.500,0.100
4814,6241,2703,3,9,21684,5da577ee3bf55167,30.400,191.200,0.100
4815,6242,2704,3,9,21684,861717389143f928,42.000,170.700,0.100
4816,6244,2705,3,10,22716,8adb7a6290241375,31.200,143.300,0.200
4817,6245,2706,3,10,22716,4a2bc0b7e22e6ec8,31.900,145.900,0.100
4818,6246,2707,3,11,23748,a73ebcf88709c38b,37.100,201.000,0.300
4819,6247,2708,3,11,23748,5e954cc2731d9faf,33.700,141.900,0.100
4820,6248,2709,3,11,23748,8502958cf1873d4f,33.400,148.900,0.400
4821,6249,2710,3,10,22716,f99ea32d437c21bc,33.400,203.300,0.100
4822,6250,2711,3,10,22716,34f9385eeeac15e6,31.600,140.300,0.100
4823,6251,2712,3,11,23748,468a7f8dc69aa5bb,34.100,189.000,0.100
4824,6252,2713,3,12,24780,50d7e77695c89910,31.200,153.300,0.100
4825,6253,2714,3,12,24780,c6d894fddc9c1b62,34.800,139.000,0.100
4826,6254,2715,3,12,24780,8734873b17e1a5cf,33.400,151.800,0.100
4827,6255,2716,3,12,24780,0441058b0cc5f829,37.100,162.200,0.200
4828,6256,2717,3,12,24780,3a64c331a306774c,35.700,223.400,0.400
4829,6257,2718,3,11,23748,cfe555b8a5780a34,32.500,132.000,0.200
4830,6258,2719,3,13,25812,db93266c9777d7bf,35.800,135.600,0.100
4831,6259,2720,3,13,25812,99f5d8df59f7bd03,33.300,125.600,0.100
4832,6260,2721,3,13,25812,ad445e1ecddce66b,37.600,177.100,0.100
4833,6261,2722,3,10,22716,babcea0512a84959,32.700,158.600,0.100
4834,6262,2723,3,11,23748,683ec87d78c70f03,32.600,146.200,0.100
4835,6263,2724,3,12,24780,d9f4fb9590338dad,34.200,143.400,0.200
4836,6264,2725,3,13,25812,94ea3f421f8dd777,35.400,144.100,0.200
4837,6265,2726,3,11,23748,d7a34d51260a6c36,32.600,163.000,0.200
4838,6266,2727,3,11,23748,5579438a3173ca2d,63.500,162.800,0.300
4839,6267,2728,3,12,24780,e2ee944ac1bb4f0b,35.000,172.900,0.100
4840,6268,2729,3,14,26844,dd9e426fe71be71e,36.300,224.500,0.100
4841,6269,2730,4,13,29912,85a924ebd7de2c23,38.300,144.900,0.200
4842,6270,2731,3,12,24780,5e45dca5461277df,38.300,184.300,0.100
4843,6271,2732,4,10,26816,d7b0737b9c1a29a7,37.100,131.500,0.200
4844,6272,2733,3,11,23748,381c5fe46a4f2c3f,48.500,191.900,0.200
4845,6273,2734,4,10,26816,bc09dd6d39dcdb8a,36.900,165.800,0.200
4846,6274,2735,3,10,22716,8aa121fb54b68df2,30.500,142.000,0.400
4847,6275,2736,4,11,27848,9e0ca9bd8acb1d17,37.900,148.900,0.100
4848,6276,2737,3,10,22716,ac513c8469f0325c,35.100,207.300,0.400
4849,6277,2738,4,9,25784,8d389e2a66f421a6,35.700,161.100,0.100
4850,6278,2739,3,7,19620,8478051fe75a15cf,31.400,154.700,0.100
4851,6279,2740,4,8,24752,b6f06f94c13fae71,36.700,161.300,0.100
4852,6280,2741,3,8,20652,da1d3279b75297b0,32.500,195.900,0.100
4853,6281,2742,3,8,20652,0435e63f6d2b4288,30.100,146.100,0.100
4854,6282,2743,3,11,23748,6431566aa6ed4394,34.100,145.700,0.200
4855,6283,2744,3,8,20652,cfb09cbe6134df71,38.100,202.200,0.100
4856,6284,2745,3,7,19620,94d56d55d2c14259,28.100,179.500,0.100
4857,6285,2746,3,6,18588,e3b4c03ce9221b0c,28.500,139.000,0.400
4858,6286,2747,3,6,18588,912b88f70732e632,29.400,146.400,0.100
4859,6287,2748,3,7,19620,926eca1f6915b197,31.000,167.300,0.400
4860,6288,2749,3,7,19620,2860e45b230a920f,32.000,221.800,0.100
4861,6289,2750,3,7,19620,8e02ee840ef499ca,28.200,143.800,0.400
4862,6290,2751,3,7,19620,3c900d8fa8c2825f,41.900,143.100,0.100
4863,6291,2752,3,7,19620,7e452f7944b1b223,30.300,136.100,0.100
4864,6292,2753,3,7,19620,0752b048cbbe8afe,28.800,211.100,0.200
4865,6293,2754,3,6,18588,dd3150ba19d5003f,27.700,153.500,0.100
4866,6294,2755,3,6,18588,9a376973024fa0fe,27.600,265.200,0.100
4867,6295,2756,3,5,17556,2ef5aa00719d28a8,24.300,179.300,0.100
4868,6296,2757,3,5,17556,60054602927fb231,27.500,181.200,0.100
4869,6297,2758,3,6,18588,4a4396430819e998,32.600,174.400,0.100
4870,6298,2759,3,6,18588,61959ce575d83005,27.300,167.600,0.100
4871,6299,2760,3,8,20652,56ef7d8fc2f3731d,30.400,208.100,0.400
4872,6300,2761,3,8,20652,f267075afca062a2,33.900,826.000,0.200
4873,6301,2762,3,8,20652,746127317bf2983a,31.000,210.000,0.300
4874,6302,2763,3,7,19620,26ff25188dcf8680,29.700,171.600,0.100
4875,6303,2764,3,7,19620,c5d118390172a6c0,31.000,227.100,0.300
4876,6304,2765,3,7,19620,89fdc636e58e1924,28.400,137.600,0.200
4877,6305,2766,3,7,19620,3c53660d87c57b14,30.500,161.900,0.100
4878,6306,2767,3,8,20652,7ac5aae7ecb75e7c,30.500,143.900,0.200
4879,6308,2768,3,7,19620,26306e4fbb8c7cc5,30.800,171.500,0.100
4880,6309,2769,3,7,19620,cb72ffffcda0fa01,28.700,140.600,0.200
4881,6310,2770,3,7,19620,0595acc3f1dcf480,26.300,143.200,0.100
4882,6311,2771,3,7,19620,a77fd211e5bb4154,29.700,135.100,0.100
4883,6312,2772,3,6,18588,4a45766c1c84f2f8,28.300,140.400,0.100
4884,6313,2773,3,6,18588,57c130da58a9e1c2,27.000,215.300,0.100
4885,6314,2774,3,5,17556,c7d6efac86f4bef3,27.400,151.600,0.200
4886,6315,2775,3,4,16524,69dd8728c833d169,36.000,196.800,0.100
4887,6316,2776,3,4,16524,494235c08632b0b6,26.300,187.100,0.100
4888,6317,2777,3,4,16524,a33d6481deba3490,25.800,134.600,0.100
4889,6318,2778,3,4,16524,91a6f8682ca01057,26.900,190.200,0.100
4890,6319,2779,3,4,16524,7108f605622cb67f,27.700,218.500,0.400
4891,6320,2780,3,3,15492,4afa3a79de1bcce4,25.400,129.300,0.200
4892,6321,2781,3,4,16524,e1f207e0e64fdad0,38.100,154.300,0.100
4893,6322,2782,3,4,16524,4a48c2856777438c,26.000,186.200,0.400
4894,6323,2783,3,4,16524,be7a53b529e23272,25.400,149.200,0.400
4895,6324,2784,3,4,16524,8ac76559b906b0fb,25.300,144.100,0.400
4896,6325,2785,3,4,16524,ea84829aa64c9f9c,26.000,163.400,0.400
4897,6326,2786,3,4,16524,d58c38b7c8dcf560,25.100,153.300,0.100
4898,6327,2787,3,4,16524,d4d3c6d63d391068,26.600,151.000,0.100
4899,6328,2788,3,4,16524,f4f49d7572f594f4,25.300,169.900,0.100
4900,6329,2789,3,4,16524,beaaea4d025aba86,31.100,136.500,0.100
4901,6330,2790,3,5,17556,c261f61ac0e1bc76,35.500,11086.800,23753.700
4902,6331,2791,3,4,16524,5e393c5fd3c60a72,33.500,168.400,0.100
4903,6332,2792,3,5,17556,1e673bc420c02395,27.400,163.400,0.100
4904,6333,2793,3,5,17556,cd8bd482d01cb6c3,29.900,178.800,0.100
4905,6334,2794,3,5,17556,c74ccab0b556d479,31.100,128.800,0.100
4906,6335,2795,3,5,17556,df5f7c5213a9491f,28.400,202.200,0.300
4907,6336,2796,3,4,16524,7624490388080510,25.400,145.100,0.100
4908,6337,2797,3,5,17556,0dc519a1d2cf6296,27.900,138.600,0.100
4909,6338,2798,3,4,16524,cafe4b6b7e3ec326,26.200,224.800,0.400
4910,6339,2799,3,4,16524,4d3687e05bebeae0,25.300,150.800,0.100
4911,6340,2800,3,4,16524,7375752ee1d9398f,24.100,205.200,0.100
4912,6341,2801,3,4,16524,0ae245f2c65417e5,24.500,123.700,0.200
4913,6342,2802,3,3,15492,4d8d3dd4a9843c22,24.500,117.400,0.100
4914,6343,2803,3,4,16524,cc7a44d742a62291,42.500,115.300,0.100
4915,6345,2804,3,4,16524,65ee2c7abe80b23b,41.800,170.500,0.700
4916,6346,2805,3,4,16524,fcbe0e03fce8a0d3,26.500,212.300,0.100
4917,6347,2806,3,3,15492,8cec32172ec2932e,26.900,165.700,0.100
4918,6348,2807,3,3,15492,d33d38176ecfa652,24.900,132.100,0.100
4919,6349,2808,3,3,15492,51a5254f74debbff,33.900,171.300,0.100
4920,6350,2809,3,3,15492,4c57f2385b551213,23.900,141.600,0.200
4921,6351,2810,3,2,14460,22db50c25fcfa205,22.900,127.100,0.100
4922,6352,2811,3,3,15492,b25c59e2b85c304d,26.700,160.700,0.200
4923,6353,2812,3,3,15492,5928a6e57e1c5db7,24.500,206.100,0.100
4924,6354,2813,3,3,15492,193d15f9175228a0,26.000,133.800,0.200
4925,6355,2814,3,3,15492,1602c72ba71128c2,31.200,347.400,0.300
4926,6356,2815,3,3,15492,36380e0459f8226c,26.200,138.000,0.400
4927,6358,2816,3,3,15492,3d1d6db571573533,25.900,176.100,0.100
4928,6359,2817,3,3,15492,f11f47fc7ce1d20e,25.400,147.300,0.100
4929,6360,2818,3,2,14460,360419e63362471a,31.400,913.300,0.100
4930,6361,2819,3,2,14460,f7df309e0f4e695d,24.100,201.800,0.100
4931,6362,2820,3,2,14460,6310589262da57d1,24.500,135.300,0.400
4932,6363,2821,3,3,15492,11765a5e58987c82,25.700,163.800,0.200
4933,6364,2822,3,3,15492,0eb67aacc31808ce,38.300,155.400,0.100
4934,6365,2823,3,3,15492,d21439b26518875b,25.300,129.500,0.100
4935,6366,2824,3,3,15492,85356846d8a71e5e,26.200,170.200,0.100
4936,6367,2825,3,3,15492,c1f4eaf4483dab94,24.900,151.100,0.100
4937,6368,2826,3,3,15492,43934261e6d5ccec,24.500,184.100,0.300
4938,6369,2827,3,3,15492,5223dc970e8628ea,25.600,148.500,0.300
4939,6370,2828,3,3,15492,79629187f27a8c40,24.800,141.900,0.400
4940,6371,2829,3,3,15492,3b895734be7c99f0,32.800,231.400,0.200
4941,6372,2830,3,3,15492,1d1cfc26c2720edc,26.100,157.500,0.100
4942,6373,2831,3,3,15492,38f2c1a99f65a92d,54.100,158.900,0.200
4943,6374,2832,3,3,15492,d31ee95c57f65a7c,24.500,158.700,0.100
4944,6375,2833,3,3,15492,190e1a9e4f6b19ff,29.000,138.400,0.300
4945,6376,2834,3,3,15492,3f9e55106045e700,31.500,142.300,0.300
4946,6377,2835,3,3,15492,3fdd1d56c4349bdb,24.400,207.400,0.300
4947,6378,2836,3,3,15492,9cb8a82e19b738d3,24.800,139.900,0.200
4948,6379,2837,3,3,15492,5656643991e9bc40,25.100,160.900,0.100
4949,6380,2838,3,3,15492,28b5077f5c06d0b5,25.100,161.000,0.300
4950,6381,2839,3,3,15492,09e89726f3e0050c,26.200,171.400,0.300
4951,6382,2840,3,3,15492,d1dcc8b42de62e2b,25.000,140.900,0.100
4952,6383,2841,3,3,15492,1af5bdcb6ef30020,45.900,217.900,0.100
4953,6384,2842,3,3,15492,c4f76c4100457700,24.400,148.000,0.100
4954,6385,2843,3,3,15492,cfb7f20ae066fc52,26.500,155.200,0.100
4955,6386,2844,3,3,15492,4471231f731854cb,26.500,140.800,0.100
4956,6387,2845,3,3,15492,9eb0561171a277b6,28.500,174.400,0.100
4957,6388,2846,3,3,15492,72966da07b90bae7,27.900,209.800,0.300
4958,6389,2847,3,3,15492,4c0dd10c748cc034,25.500,150.400,0.100
4959,6390,2848,3,3,15492,13014716bd70c3a9,25.100,229.300,0.200
4960,6391,2849,3,2,14460,abaaed2bd1fdc49e,24.800,142.400,0.100
4961,6392,2850,3,3,15492,feb911383812d993,29.100,154.200,0.300
4962,6393,2851,3,3,15492,5c61220b41850100,25.100,142.000,0.400
4963,6394,2852,3,5,17556,57524757d3433fe5,27.100,181.200,0.200
4964,6395,2853,3,4,16524,99a56b6e9958249d,24.900,129.900,0.100
4965,6396,2854,4,4,20624,3d3d6b9c69b16f5d,29.900,145.300,0.500
4966,6397,2855,3,5,17556,9e5b40ca95e336e4,38.800,130.900,0.400
4967,6398,2856,4,5,21656,c05a584cceb975fb,30.300,171.900,0.500
4968,6399,2857,3,5,17556,2f4e56b205e7ce49,28.100,166.700,0.100
4969,6400,2858,4,7,23720,aca2167d6eec596b,34.500,142.900,0.200
4970,6401,2859,3,8,20652,c458dfd657b2391e,37.000,190.600,0.300
4971,6402,2860,4,8,24752,483cec9b8d1f0865,33.200,145.100,0.100
4972,6403,2861,3,7,19620,c89eed870e5a5c82,36.800,119.900,0.200
4973,6404,2862,4,6,22688,4fd6429b9e6e6dd2,32.000,127.100,0.100
4974,6405,2863,3,5,17556,dddf74c34084b1cd,32.700,162.600,1.200
4975,6406,2864,4,6,22688,f904bda18b25def5,32.200,141.500,0.100
4976,6407,2865,3,6,18588,5542de3e335f7a2c,29.300,144.100,0.400
4977,6408,2866,4,7,23720,6c72e339f3d0233c,32.000,177.600,0.300
4978,6409,2867,3,8,20652,7492513754fde370,32.700,189.200,0.200
4979,6410,2868,4,8,24752,d68baee340654308,32.300,237.500,0.300
4980,6411,2869,3,6,18588,6748ee60a393f217,42.600,143.000,0.200
4981,6412,2870,4,8,24752,978b9d2950bd7345,33.100,144.200,0.200
4982,6413,2871,3,7,19620,696889b63b607401,30.300,137.600,0.100
4983,6414,2872,4,10,26816,5e7d52e04472cc90,63.200,229.600,0.100
4984,6415,2873,3,9,21684,05743601e3cd9152,40.000,153.600,0.100
4985,6416,2874,4,8,24752,1605a5ac9d0d4b1f,35.600,152.600,0.100
4986,6417,2875,3,8,20652,d2eed76a106e4da3,31.600,185.300,0.100
4987,6418,2876,4,8,24752,8321a61e185ec10b,35.500,162.900,0.200
4988,6419,2877,3,9,21684,0bbeba9408f554da,31.300,150.500,0.100
4989,6420,2878,4,9,25784,6f967ec7f8b67055,46.300,778.200,0.100
4990,6421,2879,3,10,22716,ad8e9b348012c853,37.400,308.300,0.200
4991,6422,2880,4,10,26816,e830b78cc3834f08,37.000,197.600,0.500
4992,6423,2881,3,14,26844,f3e16b5983594020,50.600,201.100,0.400
4993,6424,2882,3,12,24780,e7bad3e1577080b7,37.600,206.800,0.200
4994,6425,2883,3,13,25812,4666cdc7e90136e4,39.300,165.800,0.100
4995,6426,2884,3,14,26844,db33df1467288c20,36.900,204.900,0.100
4996,6427,2885,3,14,26844,f9e7124a7c86d198,38.100,168.300,0.200
4997,6428,2886,3,11,23748,0752457e3cac8ab4,36.200,153.300,0.100
4998,6429,2887,3,12,24780,3fab9e8d57f93fb0,36.000,161.700,0.400
4999,6430,2888,3,11,23748,395d9d9ef48f0d78,39.200,232.600,0.100
5000,6431,2889,3,12,24780,289846369785bf2d,40.700,157.400,0.400
5001,6432,2890,3,11,23748,961261cacd6aa576,92.500,294.800,0.200
5002,6433,2891,3,11,23748,0d1c16b556858669,33.600,185.500,0.100
5003,6434,2892,3,9,21684,1c21a22a565f487c,32.600,154.900,0.100
5004,6435,2893,3,10,22716,56562808bae6e4d6,35.500,186.500,0.100
5005,6436,2894,3,10,22716,ff0dcf83e278d0c5,38.800,180.400,0.500
5006,6437,2895,3,8,20652,b95c8b3757da1a9a,33.400,158.200,0.500
5007,6438,2896,3,6,18588,6b7c57c851fca62e,28.000,157.600,0.400
5008,6439,2897,3,5,17556,92b3f6d2509e667a,29.000,201.100,0.200
5009,6440,2898,3,5,17556,42888666cda70432,27.500,139.300,0.100
5010,6441,2899,3,5,17556,b3d8099c2645de60,27.900,166.900,0.400
5011,6442,2900,3,5,17556,50ad6babc647ed8f,27.600,155.500,0.100
5012,6443,2901,3,5,17556,ed5ffda8689983e7,28.500,247.700,0.200
5013,6444,2902,3,5,17556,bd73a2b3156cad64,28.000,208.900,0.500
5014,6445,2903,3,5,17556,9fe44b8252f58645,29.300,193.800,0.100
5015,6446,2904,3,5,17556,88e22883d444f06d,44.700,177.300,0.100
5016,6447,2905,3,5,17556,443d53a0546eceef,30.700,176.700,0.200
5017,6448,2906,3,5,17556,e769e2a06d04b59d,30.400,158.200,0.100
5018,6449,2907,3,5,17556,3197a35ac3469166,35.800,278.400,0.400
5019,6450,2908,3,5,17556,0c7e47594e6f82b9,30.200,201.300,0.400
5020,6451,2909,3,5,17556,93450e3d6c0851db,32.300,195.600,0.100
5021,6452,2910,3,5,17556,4d5916ca32eb73a7,35.700,210.900,0.100
5022,6453,2911,3,6,18588,77148c74e990380f,29.300,140.100,0.200
5023,6454,2912,3,8,20652,a4e0b64509d6f730,31.600,158.600,0.100
5024,6455,2913,3,8,20652,710c8e874749f41c,29.600,178.000,0.100
5025,6456,2914,3,10,22716,ade8860cce4ce534,34.700,172.500,0.100
5026,6457,2915,3,9,21684,005f8efda3bba340,31.400,144.800,0.100
5027,6458,2916,3,11,23748,1819830744c229e3,33.100,150.700,0.100
5028,6459,2917,3,11,23748,8abd496697054c41,32.500,158.900,0.100
5029,6460,2918,3,13,25812,1e33f1888757b60e,38.200,165.400,0.100
5030,6461,2919,3,14,26844,9f21704885c8441c,36.900,171.600,0.200
5031,6462,2920,3,11,23748,0d04c8fd79b5fcc8,33.900,219.500,0.100
5032,6463,2921,3,12,24780,2899f6fc4cf152c7,44.100,201.700,0.200
5033,6464,2922,3,12,24780,da11e919959862ff,35.300,177.000,0.200
5034,6465,2923,3,12,24780,02c9e1e5f6d8ba65,34.700,151.000,0.100
5035,6466,2924,3,12,24780,42dfedfe70ed6963,33.700,155.300,0.100
5036,6467,2925,3,16,28908,a643d016f0982c05,40.500,177.400,0.200
5037,6468,2926,3,13,25812,115f90eb0ac7035f,34.700,152.400,0.200
5038,6469,2927,3,14,26844,edf4386ada12c1b9,37.400,163.600,1.200
5039,6470,2928,3,11,23748,b29e1ac823e85fda,33.400,242.900,0.100
5040,6471,2929,3,10,22716,e8c348aec90a017e,57.800,148.200,0.400
5041,6472,2930,3,13,25812,c55d98cf158c4eac,36.000,193.600,0.100
5042,6473,2931,3,11,23748,65fb64446d4aabc7,37.600,173.800,0.500
5043,6474,2932,3,12,24780,56b6b7733b6e7670,35.400,189.100,0.500
5044,6475,2933,3,9,21684,d242ef8c284af510,31.200,202.000,0.300
5045,6476,2934,3,9,21684,72aae01078c00061,30.200,215.600,0.100
5046,6477,2935,3,7,19620,c5c8e1965d4373bd,31.800,223.600,0.100
5047,6478,2936,3,9,21684,d7900e8fab7f4793,34.800,164.600,0.100
5048,6479,2937,3,8,20652,8cda536981044f43,31.500,149.200,0.200
5049,6480,2938,3,9,21684,c323c3e3f143ea65,38.000,1175.600,0.200
5050,6481,2939,3,9,21684,ae665dc90428d007,34.400,234.000,0.300
5051,6482,2940,3,9,21684,b26976f023503074,33.100,216.000,0.100
5052,6483,2941,3,10,22716,ffbafc1a259e54e5,33.200,150.800,0.400
5053,6484,2942,3,7,19620,f18bb8e9657fd3bd,58.500,140.900,0.100
5054,6485,2943,3,10,22716,d9d4aa9f6fb752e9,31.400,194.500,0.400
5055,6486,2944,3,10,22716,7251026e2ebf842b,39.700,318.600,0.100
5056,6487,2945,3,12,24780,c85411d67944adde,34.700,183.100,0.100
5057,6488,2946,3,12,24780,91ad9bbe6e90e143,34.900,153.500,0.100
5058,6489,2947,3,12,24780,157a204c5079503c,35.900,164.900,0.100
5059,6490,2948,3,12,24780,0ae589cfa9fd7c5b,34.800,213.700,0.400
5060,6491,2949,3,10,22716,38b5815dd6622741,36.300,177.000,0.400
5061,6492,2950,3,12,24780,e3672843f17d4c9b,38.400,176.600,0.200
5062,6493,2951,3,12,24780,ab6e4dd5345bf517,36.900,156.400,0.100
5063,6494,2952,3,13,25812,abf339d6b990cfa0,40.800,186.500,0.100
5064,6495,2953,3,14,26844,56bb17f42f79945d,38.500,181.900,0.100
5065,6496,2954,3,13,25812,79338567950cad39,35.900,151.600,0.100
5066,6497,2955,3,13,25812,f099c1d66e79e1b7,39.000,178.800,0.200
5067,6498,2956,3,14,26844,2623abcfdc62c6d3,37.100,219.400,0.100
5068,6499,2957,3,15,27876,2f97715bdc1e8bd9,42.600,207.700,0.100
5069,6500,2958,3,15,27876,157802e89d6d1026,40.000,201.800,0.100
5070,6501,2959,3,13,25812,522d726ec71fe92c,38.100,152.800,0.200
5071,6502,2960,3,14,26844,650a3ad29387f6d9,40.900,159.600,0.100
5072,6503,2961,3,14,26844,a1b2df37f067dcbc,37.800,154.900,0.100
5073,6504,2962,3,13,25812,83cdf41450e7f63f,39.200,155.500,0.100
5074,6505,2963,3,13,25812,1d0d48187889550d,37.900,206.100,0.400
5075,6506,2964,3,11,23748,93e934ec44898473,42.800,205.900,0.100
5076,6507,2965,3,11,23748,57f6fd0b47e206fb,34.300,143.700,0.100
5077,6508,2966,3,11,23748,5b2c9f906ce6d786,46.300,212.500,0.400
5078,6509,2967,3,12,24780,0e6da524dd46420a,44.800,194.200,0.100
5079,6510,2968,3,12,24780,7fc80f0c1cc1d914,51.600,165.500,0.100
5080,6511,2969,3,12,24780,ec6d48a760d46a33,35.400,146.100,0.400
5081,6512,2970,3,12,24780,6c31e9705f891976,36.600,157.700,0.100
5082,6513,2971,3,12,24780,d40a3489cf746751,34.900,217.600,0.300
5083,6514,2972,3,12,24780,4002ed820525a0a4,42.900,218.200,0.100
5084,6515,2973,3,12,24780,4c0446e6a4f8e506,35.300,237.600,0.400
5085,6516,2974,3,12,24780,8789ec36a0904111,43.900,197.800,0.100
5086,6517,2975,3,12,24780,699b836b4d5dabec,36.800,201.200,0.400
5087,6518,2976,3,12,24780,876e4c80e7efb618,35.500,174.200,0.100
5088,6519,2977,3,13,25812,9257879cb74c0f89,35.600,188.900,0.100
5089,6520,2978,3,13,25812,03e7b70144b6f6cd,60.900,163.000,0.100
5090,6521,2979,3,13,25812,00a06b387fdf6d3d,52.800,150.600,0.200
5091,6522,2980,3,12,24780,c49d746047cacccd,35.200,171.700,0.500
5092,6523,2981,3,12,24780,fe61bb1c7e0a58ad,35.800,168.000,0.100
5093,6524,2982,3,12,24780,48159a04a43f3e88,41.400,181.900,0.100
5094,6525,2983,3,13,25812,ae793d061645f9b8,34.200,202.600,0.100
5095,6526,2984,3,14,26844,e2d3b9ffb56c8c89,43.400,216.300,0.400
5096,6527,2985,3,14,26844,9d02f8e36e2db87c,34.800,227.200,0.200
5097,6528,2986,3,14,26844,c90fe7123b074ed9,37.700,199.800,0.200
5098,6529,2987,3,14,26844,0c59ad6ea7947b6e,39.100,213.400,0.400
5099,6530,2988,3,14,26844,1a24dd16a29c800d,44.500,236.400,0.400
5100,6531,2989,3,15,27876,e50ff823fb8d2afe,39.900,379.000,0.500
5101,6532,2990,3,15,27876,bd1175a45adfa37b,46.600,233.300,0.400
5102,6533,2991,3,15,27876,5323060223071daa,38.400,223.100,0.100
5103,6534,2992,3,14,26844,3feb7a63a8d44de9,36.300,136.100,0.100
5104,6535,2993,3,14,26844,f3ac0ba5bf02f9ec,38.500,160.900,0.200
5105,6536,2994,3,14,26844,5ebe9e10cfcc7400,36.300,178.100,0.300
5106,6537,2995,3,13,25812,797dca063b6d0eaf,35.200,171.800,0.100
5107,6538,2996,3,13,25812,b9ad99cd24425f06,35.000,145.900,0.100
5108,6539,2997,3,14,26844,e0ff0a280002c09e,37.100,156.900,0.800
5109,6540,2998,3,14,26844,51eee034e7c9b572,49.300,784.000,0.200
5110,6541,2999,3,14,26844,359a7082933e0293,63.400,223.100,0.400
5111,6542,3000,3,14,26844,f0a789e289b729a4,38.700,178.100,0.100
5112,6543,3001,3,14,26844,0e59555e86fb7bf2,37.900,158.500,0.100
5113,6544,3002,3,14,26844,fd6bde726da3cb43,38.600,242.600,0.100
5114,6545,3003,3,14,26844,862d3c2625223529,38.900,163.000,0.400
5115,6546,3004,3,14,26844,b46c186c2527b17c,37.700,204.000,0.300
5116,6547,3005,3,14,26844,f306d59b1930b084,38.900,164.500,0.100
5117,6548,3006,3,13,25812,a7832feb1e79ddb5,40.900,233.600,0.100
5118,6549,3007,3,13,25812,021bbb28ac792e9e,37.100,172.400,0.200
5119,6550,3008,3,13,25812,7a10ea594f9025c9,40.500,218.100,0.100
5120,6551,3009,3,14,26844,cd56ebdb1acf58c7,39.200,157.500,0.100
5121,6552,3010,3,14,26844,37c15028d18d4b05,36.600,180.400,0.100
5122,6553,3011,3,14,26844,0c6e35b838caa256,36.200,188.100,0.300
5123,6554,3012,3,15,27876,88bd7478e9023a5b,38.500,190.700,0.100
5124,6555,3013,3,15,27876,67d12dc7f6996231,38.300,165.100,0.300
5125,6556,3014,3,15,27876,a9cd3bce63b8e922,43.200,219.200,0.400
5126,6557,3015,3,12,24780,226fa74f27092a7d,34.100,143.700,0.100
5127,6558,3016,3,12,24780,bd62978f9a151d8d,36.000,212.300,0.100
5128,6559,3017,3,12,24780,b1ac2ccb886efa8f,32.800,154.000,0.100
5129,6560,3018,3,12,24780,72cc0062a16886c6,38.000,199.900,0.200
5130,6561,3019,3,12,24780,f6ad5c32cf60d75f,35.500,221.200,0.200
5131,6562,3020,3,13,25812,047806411f6a96d6,38.600,219.400,0.200
5132,6563,3021,3,13,25812,617110c898663c9a,39.700,231.300,0.100
5133,6564,3022,3,13,25812,5532e0efdded9242,34.500,188.200,0.400
5134,6565,3023,3,12,24780,9b25df4dc0fbe957,35.400,143.100,0.100
5135,6566,3024,3,12,24780,4d26a42d2e453eaa,34.900,230.100,0.100
5136,6567,3025,3,12,24780,d0d89339cdf9de00,39.000,191.900,0.300
5137,6568,3026,3,11,23748,4c3e1694ee5fe350,35.900,209.000,0.100
5138,6569,3027,3,11,23748,225a23d38438da38,33.500,148.800,0.400
5139,6570,3028,3,10,22716,9f4c52bb3e14d59e,32.700,141.700,0.400
5140,6571,3029,3,10,22716,a76fb9e9439b8043,31.400,179.500,0.200
5141,6572,3030,3,10,22716,83530947b4e266a1,35.500,237.300,0.300
5142,6573,3031,3,10,22716,e825d87f1368a497,35.700,289.000,0.500
5143,6574,3032,3,10,22716,c6edd4bf371518b0,35.400,165.100,0.200
5144,6575,3033,3,10,22716,9aa790e04cae12c5,31.900,133.500,0.100
5145,6576,3034,3,9,21684,fdb3b1d2852a0355,31.200,176.400,0.200
5146,6577,3035,3,9,21684,dd11db5840850691,58.300,159.000,0.100
5147,6578,3036,3,9,21684,1ad7e1f88610ef95,32.900,157.400,0.100
5148,6579,3037,3,9,21684,a8c2599183bb5619,30.000,143.000,0.100
5149,6580,3038,3,9,21684,2621bdf5a363733d,33.300,251.200,0.400
5150,6581,3039,3,9,21684,eec7dae245fc983f,34.600,150.300,0.200
5151,6582,3040,3,9,21684,b8dad293daa0bdb4,32.600,146.000,0.100
5152,6583,3041,3,9,21684,f9c987df6604c02a,31.100,138.600,0.100
5153,6584,3042,3,8,20652,75fb789f92ebf6b2,32.000,179.400,0.200
5154,6585,3043,3,8,20652,4a5958d77b9a1b8e,29.600,149.900,0.100
5155,6586,3044,3,8,20652,5747dfa104af9f5c,30.200,151.400,0.300
5156,6587,3045,3,8,20652,5c627ef31c8a9c2f,53.700,159.200,0.200
5157,6588,3046,3,8,20652,2d83c3d55ed82bca,33.300,165.500,0.100
5158,6589,3047,3,8,20652,8dfa1f6d1c170530,30.300,156.100,0.100
5159,6590,3048,3,8,20652,4c9a2774d59e40de,32.000,158.700,0.100
5160,6591,3049,3,8,20652,f28f58db6dfb95e8,30.700,140.700,0.100
5161,6592,3050,3,8,20652,50e7dfcfca2a2dac,30.800,142.800,0.200
5162,6593,3051,3,8,20652,7f1ce22b2fbcf2de,33.200,165.400,0.400
5163,6594,3052,3,8,20652,5c6173f97103eb44,32.500,188.500,0.300
5164,6595,3053,3,9,21684,148e17a0c543e3b9,31.200,146.300,0.100
5165,6596,3054,3,9,21684,81c8a420ee7b7c54,30.000,143.200,0.100
5166,6597,3055,3,9,21684,2f269bc5199859e7,29.000,179.300,0.100
5167,6598,3056,3,9,21684,10efc9ab444918aa,36.200,181.100,0.400
5168,6599,3057,3,9,21684,6033e0ac8bad6ebe,47.500,204.000,0.100
5169,6600,3058,3,9,21684,96fff769cf92e465,41.000,1401.000,0.200
5170,6601,3059,3,9,21684,a82ffa99632e92e8,32.000,185.100,0.100
5171,6602,3060,3,9,21684,a90eb68600505b8b,38.600,246.300,0.100
5172,6603,3061,3,9,21684,8005dff5c2ecbd07,41.500,164.500,0.300
5173,6604,3062,3,9,21684,4521b9b61f7eaded,28.000,127.900,0.100
5174,6605,3063,3,9,21684,fd256d72e50a5a87,33.000,159.200,0.100
5175,6606,3064,3,8,20652,24b84145ae889089,30.300,143.700,0.100
5176,6607,3065,3,8,20652,37bf06490b3ed083,31.700,240.900,0.200
5177,6608,3066,3,8,20652,a288ca9f59b89e50,33.700,178.100,0.200
5178,6609,3067,3,8,20652,2879d13b4683380f,30.200,146.400,0.100
5179,6610,3068,3,8,20652,15cfba22c2ef2998,31.000,145.000,0.200
5180,6611,3069,3,8,20652,22c27597a5902f2b,31.500,180.800,0.300
5181,6612,3070,3,8,20652,d30df6755a471b4c,30.300,140.900,0.100
5182,6613,3071,3,8,20652,f333391aaac3fb32,34.600,190.900,1.300
5183,6614,3072,3,8,20652,7cc47489eb4b1da7,31.100,192.000,0.100
5184,6615,3073,3,8,20652,dfe6408f00e6e163,29.900,253.700,0.100
5185,6616,3074,3,8,20652,580c56aad1fc4cde,28.800,145.600,0.100
5186,6617,3075,3,8,20652,d5bdbf3123845ba0,29.600,165.500,0.400
5187,6618,3076,3,9,21684,9415d2b5ae6506ff,31.600,168.900,0.100
5188,6619,3077,3,9,21684,48634cf03695a5ec,37.300,195.500,0.200
5189,6620,3078,3,10,22716,cafd14bb4d5853fb,34.900,168.800,0.100
5190,6621,3079,3,10,22716,c69598dff997e5dc,39.600,192.200,0.300
5191,6623,3080,3,9,21684,213bb1fd51c55094,32.000,154.800,0.100
5192,6624,3081,3,8,20652,800b5f5b2090a84c,31.400,219.900,0.100
5193,6625,3082,3,8,20652,3853cabd8586775c,31.000,137.600,0.100
5194,6626,3083,3,10,22716,0ea2623c350edf16,33.600,166.600,0.300
5195,6627,3084,3,10,22716,e154c3c7981cf927,30.400,184.300,0.100
5196,6628,3085,3,10,22716,2479125943630b51,33.700,139.300,0.100
5197,6629,3086,3,10,22716,3e3120e0714205e0,42.900,171.400,0.400
5198,6630,3087,3,9,21684,c89c691a483e7326,40.600,206.800,0.100
5199,6631,3088,3,9,21684,04887bf29685f140,34.500,163.800,0.100
5200,6632,3089,3,9,21684,8cbeab1f20eac1c0,39.000,149.900,0.100
5201,6633,3090,3,10,22716,2ac1d2b1ae7eef56,43.800,177.400,0.100
5202,6634,3091,3,10,22716,ee25d237ed73a74d,43.900,155.100,0.400
5203,6635,3092,3,10,22716,cdccbadb40cbc793,44.700,182.800,0.200
5204,6636,3093,3,10,22716,b4cd8203e27bdb12,43.400,137.000,0.200
5205,6637,3094,3,10,22716,52534392c3be1f23,32.700,240.900,0.400
5206,6638,3095,3,10,22716,f7301cf04ba47473,47.200,145.300,0.300
5207,6639,3096,3,9,21684,64625acf64d9cf8b,30.800,153.600,0.100
5208,6640,3097,3,8,20652,a570fcb118fa5e41,27.900,146.300,0.200
5209,6641,3098,3,8,20652,2070db64a4b86c7b,30.100,161.900,0.100
5210,6642,3099,3,9,21684,80871ed0f9baa772,36.500,190.200,0.100
5211,6643,3100,3,9,21684,8b514155f7066d8f,29.900,180.600,0.200
5212,6644,3101,3,10,22716,00b6232abafbf067,33.500,133.700,0.300
5213,6645,3102,3,10,22716,982795349921df79,33.100,192.300,0.100
5214,6646,3103,3,10,22716,3776a7e7eefe9168,32.700,198.500,0.100
5215,6647,3104,3,10,22716,5611d90aa7a1e6ba,33.500,150.800,0.100
5216,6648,3105,3,10,22716,25efac321f799bf6,37.000,192.400,0.100
5217,6649,3106,3,10,22716,5160615560a0924e,31.900,148.100,0.100
5218,6650,3107,3,10,22716,6a87c05a6f1874ab,32.100,140.900,0.300
5219,6651,3108,3,10,22716,99ddb917f2a95f19,31.700,132.400,0.100
5220,6652,3109,3,10,22716,d45eee044f7b625b,31.800,182.700,0.100
5221,6653,3110,3,10,22716,2ae39fcf079f65f0,32.500,187.600,0.100
5222,6654,3111,3,10,22716,da6fd2de81452e02,32.900,167.400,0.100
5223,6655,3112,3,10,22716,33d5f297c80c3c89,33.800,166.800,0.400
5224,6656,3113,3,10,22716,3deb8f35b94f9037,31.100,171.900,0.100
5225,6657,3114,3,9,21684,02c1b7d131d5a4b9,30.900,231.300,0.400
5226,6658,3115,3,9,21684,08eb71cbdb238320,29.300,182.800,0.100
5227,6659,3116,3,9,21684,9a669adc1cc0c907,33.300,152.400,0.400
5228,6660,3117,3,9,21684,d443e96da4f72b83,35.000,744.400,0.200
5229,6661,3118,3,8,20652,ce8fe5e022f4e263,29.400,226.600,0.100
5230,6662,3119,3,8,20652,0f0ffa4b2ae3e4a7,31.600,153.200,0.400
5231,6663,3120,3,8,20652,123b723597429527,30.200,198.200,0.400
5232,6664,3121,3,8,20652,e503cea139e7ea1e,34.100,184.200,0.100
5233,6665,3122,3,8,20652,8cb14371960cbe47,30.700,240.100,0.400
5234,6666,3123,3,8,20652,13754f60e78c6a3a,29.700,174.400,0.200
5235,6667,3124,3,8,20652,510ec4eaeaeee06e,30.100,209.600,0.200
5236,6668,3125,3,8,20652,a855f3eb96233567,29.600,139.000,0.200
5237,6669,3126,3,8,20652,4554a809f9685428,29.700,166.200,0.100
5238,6670,3127,3,8,20652,47969549caf04527,30.300,175.100,0.200
5239,6671,3128,3,8,20652,525cb6552138ab26,30.200,144.300,0.100
5240,6672,3129,3,8,20652,746d3032b75e7ca6,29.800,154.900,0.100
5241,6673,3130,3,8,20652,ebd1276d33b17f3a,29.900,140.700,0.600
5242,6674,3131,3,9,21684,d5e9e644078666ca,34.800,157.200,0.400
5243,6675,3132,3,9,21684,0fa95a97a8658244,31.800,146.800,0.100
5244,6676,3133,3,8,20652,ee9d8f676431cfd5,40.700,165.000,0.100
5245,6677,3134,3,8,20652,ad9a78c3db024e95,32.000,237.300,0.300
5246,6678,3135,3,8,20652,9bc289ceaeec194d,30.900,157.300,0.100
5247,6679,3136,3,8,20652,a6cc977b77cc4469,50.300,176.000,0.100
5248,6680,3137,3,8,20652,239e5135c9e4c158,30.300,155.600,0.100
5249,6681,3138,3,10,22716,7067cfbb99df0424,57.500,139.500,0.100
5250,6682,3139,3,10,22716,743d3ea220727c7b,34.100,158.600,0.300
5251,6683,3140,3,9,21684,e715fd9679ee58d5,57.600,141.800,0.100
5252,6684,3141,3,9,21684,36680a375ddf32aa,31.700,147.800,0.200
5253,6685,3142,3,10,22716,7654ea832a222e57,34.900,250.300,0.400
5254,6686,3143,3,9,21684,0b95ce1b767cc5dd,31.800,137.200,0.100
5255,6687,3144,3,8,20652,bf797a30cdf3efcc,29.000,153.900,0.100
5256,6688,3145,3,8,20652,8f75534e64d455f5,31.300,137.800,0.200
5257,6689,3146,3,8,20652,4e27ae77f3947055,30.800,145.000,0.200
5258,6690,3147,3,9,21684,e8b473d1e1c8f7cd,30.900,143.100,0.100
5259,6691,3148,3,9,21684,e21b14c44b20b2ff,32.200,142.400,0.100
5260,6692,3149,3,7,19620,aaa6f207d6b09646,36.600,142.100,0.400
5261,6694,3150,3,9,21684,471ce7295bafa519,31.700,198.300,0.100
5262,6695,3151,3,9,21684,d4ecd3b40dd8e670,32.500,176.300,0.500
5263,6696,3152,3,9,21684,64c762140146913c,33.300,166.500,1.000
5264,6697,3153,3,8,20652,f60f8e8ccac8050c,30.700,214.200,0.100
5265,6698,3154,3,7,19620,12416830782117df,28.700,174.800,0.100
5266,6699,3155,3,7,19620,f232061ba10e7b28,28.800,164.900,0.300
5267,6700,3156,3,7,19620,d9cb327371d17d58,29.200,162.500,0.200
5268,6701,3157,3,8,20652,d6da61f1172ce187,28.200,134.700,0.100
5269,6702,3158,3,8,20652,9a90a58f65628f36,30.800,155.400,0.100
5270,6703,3159,3,6,18588,cc4b8396a944bb0f,40.200,206.800,0.300
5271,6704,3160,3,7,19620,661acc1bfd369726,29.100,153.500,0.500
5272,6705,3161,3,8,20652,2fd31f4a28959c47,27.600,192.100,0.100
5273,6706,3162,3,7,19620,d2cca0dd21b05f92,32.200,174.100,0.100
5274,6707,3163,3,7,19620,9ad8a149cc17d211,29.900,182.200,0.100
5275,6708,3164,3,4,16524,5a78047807ee418b,29.500,176.300,0.100
5276,6709,3165,3,0,12396,fe3fc0005cb8bb53,20.000,139.100,0.100
5277,6710,3166,3,0,12396,6949b8e294b2d693,20.400,206.100,0.100
5278,6711,3167,3,0,12396,c3c352ced78a6eb3,22.000,163.400,0.100
5279,6712,3168,3,0,12396,601f4033b62db0cb,20.700,143.600,0.200
5280,6713,3169,3,0,12396,4262c3f1bb03a662,22.600,169.700,0.400
5281,6714,3170,3,0,12396,5ab231dd640ca8b4,20.100,143.600,0.100
5282,6715,3171,3,0,12396,4350338db6dbfd3f,22.100,143.000,0.300
5283,6716,3172,3,0,12396,57c7609687dbf217,21.000,161.700,0.100
5284,6717,3173,3,0,12396,c1a47795ca99eb81,21.500,169.500,0.300
5285,6718,3174,3,0,12396,8d0c7bfb9c7b65c9,20.500,164.100,0.200
5286,6719,3175,3,0,12396,a7a3f6df25801b54,31.800,135.200,0.100
5287,6720,3176,3,0,12396,e954d594f6a59200,25.000,754.400,0.100
5288,6721,3177,3,0,12396,7307a7f7e7f6bb9b,22.100,175.100,0.400
5289,6722,3178,3,0,12396,0da358df102a8362,22.400,183.800,0.100
5290,6723,3179,3,0,12396,e09da62d83bc37d8,21.700,162.900,1.300
5291,6724,3180,3,0,12396,b788d137153d24b2,24.700,152.900,0.200
5292,6725,3181,3,0,12396,5daf5629e4caca81,21.500,142.400,0.400
5293,6726,3182,3,0,12396,dd269f3b3d1b5639,20.700,138.100,0.400
5294,6727,3183,3,0,12396,b8d7e8f788f010f7,20.700,141.700,0.100
5295,6728,3184,3,0,12396,db714a98e3a3cf1c,20.900,149.100,0.200
5296,6729,3185,3,0,12396,a07ed607d336400d,20.600,176.500,0.100
5297,6730,3186,3,0,12396,233e8d57fa89b37e,20.400,157.900,0.500
5298,6731,3187,3,0,12396,866fbe28365efb22,23.300,150.800,0.400
5299,6732,3188,3,0,12396,e905c309be1706a2,21.100,154.100,0.100
5300,6733,3189,3,0,12396,00077664be1cb1f8,29.400,123.200,0.100
5301,6734,3190,3,0,12396,6129415be1097598,20.700,130.700,0.100
5302,6735,3191,3,0,12396,3c2a8911f6b26b6b,58.700,165.600,0.100
5303,6736,3192,3,0,12396,1857804a9dcc460f,61.700,166.900,0.400
5304,6737,3193,3,0,12396,a2c4f51c557276fb,22.800,162.400,0.100
5305,6738,3194,3,0,12396,675aa571c89f487f,23.000,149.000,0.100
5306,6739,3195,3,1,13428,63b9d78c9776247b,23.400,163.500,0.500
5307,6740,3196,3,1,13428,4444a6d4f8b5279b,25.400,187.200,0.100
5308,6741,3197,3,1,13428,ba7f53615b7bda32,23.800,196.900,0.100
5309,6742,3198,3,1,13428,131ed121c15ebd1a,22.200,256.900,0.100
5310,6743,3199,3,2,14460,0f730ed3795c20dd,21.200,140.500,0.200
5311,6744,3200,3,2,14460,01714f23ecc1a433,23.500,195.500,0.100
5312,6745,3201,3,2,14460,817220c44ba57530,26.400,164.100,0.100
5313,6746,3202,3,2,14460,72486c14e60191a2,25.100,145.500,0.100
5314,6747,3203,3,2,14460,95b7a960bfeb857c,23.900,170.100,1.300
5315,6748,3204,3,2,14460,f8ec0a574a9409b0,23.900,151.800,0.100
5316,6749,3205,3,2,14460,2ba2fe61f8443cae,30.800,208.600,0.400
5317,6750,3206,3,2,14460,d4b8ebd88e6d9f60,24.700,205.700,0.500
5318,6751,3207,3,2,14460,2e65409df7cce838,20.500,140.000,0.100
5319,6752,3208,3,2,14460,3753e0e9e3d6a945,30.300,138.600,0.100
5320,6753,3209,3,2,14460,6023d1c0a9a1d7a2,24.600,137.900,0.100
5321,6754,3210,3,2,14460,6554ba59e0fb413f,32.800,153.100,0.100
5322,6755,3211,3,2,14460,d2ae175907da1b61,28.000,164.200,0.200
5323,6756,3212,3,2,14460,d4261109345d86fc,27.600,172.000,0.100
5324,6757,3213,3,2,14460,7a4592090e8bf86f,25.100,159.000,0.100
5325,6758,3214,3,2,14460,e8c0e19fd30064c0,23.800,232.000,0.300
5326,6759,3215,3,3,15492,e430a3b1bb8bb0f9,25.300,179.800,0.400
5327,6760,3216,3,3,15492,6b2aed1e93ca7953,36.600,164.800,0.400
5328,6761,3217,3,3,15492,d4c74d535c4eba72,27.100,143.700,0.100
5329,6762,3218,4,3,19592,88d79b5469843726,30.200,225.000,0.300
5330,6763,3219,3,3,15492,f1648879cc9e9da8,24.900,191.900,0.100
5331,6764,3220,4,4,20624,7c4c298520893bd5,33.800,162.800,0.100
5332,6765,3221,3,6,18588,a05c5aaf5b30e293,28.900,151.000,0.100
5333,6766,3222,4,7,23720,efc2d51bca8081f3,33.100,143.400,0.100
5334,6768,3223,3,9,21684,5c26f5e96f3662ab,31.200,163.100,0.100
5335,6769,3224,4,14,30944,ace7ecf1671f9346,41.800,184.900,0.200
5336,6770,3225,3,15,27876,fa884f026a1140ce,61.400,148.100,0.100
5337,6771,3226,4,16,33008,21ac1fd0b03260ee,56.400,142.100,0.400
5338,6773,3227,3,22,35100,bc701d7ad5d96eff,49.600,205.000,0.200
5339,6774,3228,4,25,42296,77cd7d76744fd3a6,53.400,165.700,0.100
5340,6775,3229,3,28,41292,b125973f269b73de,49.700,147.000,0.100
5341,6776,3230,4,31,48488,517654c25088aad4,68.000,167.300,0.400
5342,6777,3231,3,30,43356,d3b7e0cb7a62ffbe,52.100,156.100,0.100
5343,6778,3232,3,30,43356,a4f25ff52e605fc7,55.200,228.000,0.400
5344,6779,3233,3,30,43356,8f6c1df49d51674a,51.700,179.100,0.100
5345,6780,3234,3,31,44388,9ea4e1ea280f149e,60.600,219.400,0.200
5346,6781,3235,3,30,43356,e696824979a6fb99,54.500,166.600,0.100
5347,6782,3236,3,27,40260,a7d393dce13f73f5,53.500,149.300,0.100
5348,6783,3237,3,27,40260,21558ea3937e3cf0,56.900,189.000,0.400
5349,6784,3238,3,25,38196,de5079f490b4b175,49.500,148.400,0.200
5350,6785,3239,3,25,38196,7b8301c63599c866,69.100,182.200,0.300
5351,6786,3240,3,25,38196,7dc70eee6729ab9e,47.300,155.400,0.200
5352,6787,3241,3,25,38196,2912f1ba51db87b1,48.600,155.700,0.200
5353,6788,3242,3,25,38196,ef368bee62a4e1b7,53.200,157.700,0.200
5354,6789,3243,3,25,38196,ebc912c2c2c33734,48.800,189.500,0.300
5355,6790,3244,3,25,38196,17024e57ed7177a2,52.000,184.100,0.100
5356,6791,3245,3,25,38196,c216601ed801fb25,52.000,159.300,0.100
5357,6792,3246,3,25,38196,de5e03ba48eee695,56.800,277.300,0.500
5358,6793,3247,3,25,38196,818e057af6bdf6af,78.100,183.000,0.100
5359,6794,3248,3,25,38196,203e9bf35f1bb28c,57.300,332.200,0.400
5360,6796,3249,3,25,38196,1b8d62796605878b,52.300,234.400,0.300
5361,6797,3250,3,25,38196,8f17139bafb5f894,64.300,172.200,0.100
5362,6798,3251,3,25,38196,9867538c816133df,54.000,172.800,0.200
5363,6799,3252,3,25,38196,1bb21747e2d2d4e2,48.800,193.300,0.100
5364,6800,3253,3,25,38196,0bb6511797921632,77.800,209.900,0.200
5365,6801,3254,3,25,38196,730cb141ccbe734a,49.200,162.300,0.200
5366,6802,3255,3,25,38196,dfc759547273fd58,51.400,173.800,0.200
5367,6803,3256,3,25,38196,b3fb8070a84ecda9,59.300,155.600,0.100
5368,6804,3257,3,25,38196,58311ae983bbec73,48.700,184.800,0.200
5369,6805,3258,3,25,38196,8fba24a5ddc1e604,48.400,189.300,0.100
5370,6806,3259,3,25,38196,571d49dbc2d3f769,46.900,145.700,0.100
5371,6807,3260,3,25,38196,cbf90b12e06db446,50.000,183.000,0.100
5372,6809,3261,3,25,38196,f29b990baaddc9ab,46.500,225.500,0.200
5373,6810,3262,3,25,38196,dc774309b63d40d1,46.900,203.100,0.100
5374,6811,3263,3,25,38196,960c9f274eafc1ec,50.500,160.700,0.100
5375,6812,3264,3,25,38196,a1c6bef135474cf2,47.000,149.300,0.100
5376,6813,3265,3,25,38196,933f3e948b506005,69.400,187.500,0.200
5377,6814,3266,3,25,38196,5d1d3b1730c3d79d,48.700,152.600,0.200
5378,6815,3267,3,25,38196,283464e9d319f4f0,49.800,165.600,0.300
5379,6816,3268,3,25,38196,b101b9fdfc22b141,61.300,206.900,0.300
5380,6817,3269,3,25,38196,6ed178451694d149,62.600,233.100,0.400
5381,6819,3270,3,25,38196,1ff566dca9a7be22,46.500,201.400,0.100
5382,6820,3271,3,25,38196,3026fe634a93407f,50.900,165.600,0.100
5383,6821,3272,3,25,38196,d3825d6adbbd0c4e,51.300,146.400,0.500
5384,6822,3273,3,25,38196,06a1052f9872d7c1,49.400,146.600,0.200
5385,6823,3274,3,25,38196,9ee9cd563bb4f85f,47.300,146.800,0.200
5386,6824,3275,3,25,38196,ff6ec612a064bac6,69.600,198.800,0.300
5387,6825,3276,3,25,38196,dd8251231ab35371,68.000,190.300,0.200
5388,6826,3277,3,25,38196,422050a5c4fd2083,49.200,180.900,0.300
5389,6827,3278,3,25,38196,46aa8a8cec198c83,63.800,241.500,0.200
5390,6828,3279,3,25,38196,38f411acd4dedd49,49.300,167.600,0.300
5391,6829,3280,3,25,38196,7752cf2553a49616,49.100,152.900,0.100
5392,6830,3281,3,24,37164,7abd1b13ea786c6a,48.100,156.400,0.100
5393,6831,3282,3,24,37164,b9de7e07c5123add,47.100,153.300,0.100
5394,6832,3283,3,24,37164,a418ef36f3765344,60.200,186.100,0.100
5395,6833,3284,3,24,37164,ae88e509a7c3711d,48.800,144.100,0.100
5396,6834,3285,3,24,37164,56a630a7016793b2,76.700,163.700,0.400
5397,6835,3286,3,24,37164,7d9a66c71a3fcaac,47.100,180.300,0.100
5398,6836,3287,3,24,37164,6f42f52c2a5962ce,47.200,148.600,0.100
5399,6837,3288,3,24,37164,44e270983047e031,50.200,170.100,0.300
5400,6838,3289,3,24,37164,8529edacfc91e5bb,67.700,158.200,0.100
5401,6839,3290,3,24,37164,5bce5acd46a26bf6,49.400,167.700,0.100
5402,6840,3291,3,24,37164,f3bf2ce50ad3da3c,51.200,597.800,0.100
5403,6841,3292,3,24,37164,286e2e4858055e75,50.700,159.000,0.200
5404,6842,3293,3,24,37164,aa8710875ad6c8a2,66.900,162.300,0.100
5405,6843,3294,3,24,37164,76c031eda27d03c8,51.400,195.400,0.100
5406,6844,3295,3,24,37164,6baea6bed3183a46,48.100,205.600,0.100
5407,6845,3296,3,24,37164,53f24a250c43c173,49.800,149.600,0.500
5408,6846,3297,3,24,37164,224d8690c22b35d2,49.100,216.300,0.400
5409,6847,3298,3,24,37164,78e6f8e43bd11a5d,50.800,193.500,0.200
5410,6848,3299,3,24,37164,61709d2f8307f4a8,54.200,176.300,0.500
5411,6849,3300,3,24,37164,d8e88e3100f1a5bc,50.900,190.100,0.200
5412,6850,3301,3,24,37164,2ac4994d72f4c911,48.700,176.700,0.200
5413,6851,3302,3,25,38196,821b636d574b16b8,47.400,175.300,0.100
5414,6852,3303,3,26,39228,f6da9ec100b11e98,49.600,218.500,0.200
5415,6853,3304,3,26,39228,34bf542f190a4a4d,69.000,188.700,0.100
5416,6854,3305,3,26,39228,9dd437e17a6a238b,51.400,161.100,0.200
5417,6855,3306,3,26,39228,92e4733e899d06de,48.500,146.400,0.100
5418,6856,3307,3,26,39228,7fb5921ba7a3e312,50.500,182.000,0.400
5419,6857,3308,3,26,39228,21a50a50a2196e75,50.800,157.700,0.100
5420,6858,3309,3,26,39228,af66a1750e9d6850,51.800,200.600,0.500
5421,6859,3310,3,26,39228,fb009261783355ad,51.700,192.900,0.100
5422,6860,3311,3,26,39228,6bac7cbf7320921c,50.700,190.400,0.200
5423,6861,3312,3,26,39228,44c3602aef1234e7,56.000,180.400,0.200
5424,6862,3313,3,26,39228,f1f1117cfb363344,49.100,222.200,0.100
5425,6863,3314,3,26,39228,910b61ad98bec460,49.400,147.400,0.100
5426,6864,3315,3,26,39228,fc858f24f16f76c7,50.700,175.500,0.100
5427,6865,3316,3,27,40260,e4d7561cd8ceff61,52.400,207.200,0.300
5428,6866,3317,3,27,40260,b2dcc3759dcded48,49.800,179.900,0.100
5429,6867,3318,3,28,41292,d60a05ddf86c8d3e,55.900,201.500,0.200
5430,6868,3319,3,29,42324,b85289f0e2fd73f5,53.000,194.700,0.400
5431,6869,3320,3,29,42324,d82c2f23d99a6455,61.000,150.800,0.100
5432,6870,3321,3,29,42324,340ba0d11c2a51f6,70.300,184.900,0.100
5433,6871,3322,3,30,43356,94d2f5cbc97e4dd3,52.700,152.500,0.100
5434,6872,3323,3,30,43356,77172f534de3bece,57.400,166.200,0.500
5435,6873,3324,3,30,43356,0831557c7b567394,53.700,148.200,0.100
5436,6874,3325,3,30,43356,c4243a4a980c8d74,54.800,245.400,0.100
5437,6875,3326,3,30,43356,6174d448c982aad9,63.600,179.900,0.300
5438,6876,3327,3,30,43356,f875caf96bbdbbf8,51.200,147.400,0.100
5439,6877,3328,3,30,43356,ad16eee81ae7a904,56.400,216.400,0.100
5440,6878,3329,3,30,43356,316278930cca64fa,50.500,140.200,0.100
5441,6879,3330,3,30,43356,60a7b52453978255,52.300,145.300,0.100
5442,6880,3331,3,30,43356,bbc289348e9a417e,55.000,241.700,0.200
5443,6881,3332,3,30,43356,79be8252abe3b1c3,67.200,214.300,0.200
5444,6882,3333,3,30,43356,9025c88a046bc2e4,58.400,161.800,0.500
5445,6883,3334,3,30,43356,b29fc4fb1bcc6d93,62.200,258.500,0.500
5446,6884,3335,3,30,43356,e61cea47a32f9b65,53.800,155.500,0.100
5447,6885,3336,3,30,43356,465ea073701418c5,67.600,145.100,0.100
5448,6886,3337,3,30,43356,0061e6b5d50471d2,54.500,152.200,0.400
5449,6887,3338,3,30,43356,8ef13b8331570663,55.200,152.700,0.100
5450,6888,3339,3,30,43356,92dc7fb557ed7a7b,54.700,167.600,0.100
5451,6889,3340,3,30,43356,8d174879ceb36a32,54.400,152.200,0.100
5452,6890,3341,3,30,43356,1b735027c26b9893,63.400,294.200,0.200
5453,6891,3342,3,30,43356,4cbbe088471488c2,61.600,160.900,0.500
5454,6892,3343,3,30,43356,9333f11ac11ac3e6,59.400,284.600,0.100
5455,6893,3344,3,30,43356,37e1e98285cc2dcb,69.000,214.000,0.100
5456,6894,3345,3,30,43356,9259173db76073d2,57.200,154.800,0.500
5457,6895,3346,3,30,43356,312475d5df22cef9,55.700,173.800,0.100
5458,6896,3347,3,30,43356,158a965c503c7117,55.300,236.500,0.200
5459,6897,3348,3,30,43356,d280f68e382732d4,61.100,180.300,0.400
5460,6898,3349,3,30,43356,5886e1fe7271bff1,54.800,230.800,0.400
5461,6899,3350,3,30,43356,356cee706d80546c,60.700,209.900,0.400
5462,6900,3351,3,30,43356,761bb878ae7dab08,57.300,213.300,0.300
5463,6901,3352,3,30,43356,4dea1a9e1837378b,54.600,191.900,0.400
5464,6902,3353,3,30,43356,2536fd98f8eda96c,57.400,187.300,0.100
5465,6903,3354,3,29,42324,8ba03470e223b547,59.100,199.200,0.200
5466,6904,3355,3,28,41292,4e884b409638f6ac,52.600,181.700,0.100
5467,6905,3356,3,27,40260,d171e3bdc96888b9,54.300,196.100,0.200
5468,6906,3357,3,26,39228,42f54c15c00146a4,49.800,168.700,0.100
5469,6907,3358,3,26,39228,641cd38152f0b448,53.100,235.300,0.300
5470,6908,3359,3,26,39228,ad8b00829a8b9a35,49.900,167.000,0.500
5471,6909,3360,3,26,39228,4c26ab28ed165ff1,49.500,217.400,0.100
5472,6910,3361,3,26,39228,13a6f3e53ea2bb79,54.300,195.100,0.400
5473,6911,3362,3,26,39228,fa647be3532ca9db,52.100,153.700,0.200
5474,6912,3363,3,25,38196,841fb0ce467cb1cf,49.700,184.000,0.300
5475,6913,3364,3,24,37164,dd119d34925ff070,74.100,156.200,0.100
5476,6914,3365,3,24,37164,17ce8d28ea6568a1,49.100,153.400,0.100
5477,6915,3366,3,24,37164,981af0cfbb5013e1,47.200,152.000,0.100
5478,6916,3367,3,24,37164,a71d2b52e1a6afdf,52.800,217.100,0.100
5479,6917,3368,3,24,37164,d71e7fbab882e509,49.300,175.200,0.100
5480,6918,3369,3,24,37164,a92ed4a43b3af5cb,50.900,155.700,0.400
5481,6919,3370,3,24,37164,e639625127d98007,50.400,173.400,0.400
5482,6920,3371,3,24,37164,2bb25d91e9e7d0c3,49.200,164.200,0.500
5483,6921,3372,3,24,37164,22d9bd0d57ab4e3a,52.200,186.000,0.200
5484,6922,3373,3,24,37164,1f74b15098aa5116,48.600,161.300,0.100
5485,6923,3374,3,24,37164,617759b648cde77b,52.700,149.800,0.100
5486,6924,3375,3,24,37164,a115372076a2c755,47.700,185.600,0.100
5487,6925,3376,3,24,37164,085d5cffe2b8d4dc,48.700,179.600,0.400
5488,6926,3377,3,24,37164,9dffa04fcdc6144e,51.200,155.300,0.100
5489,6927,3378,3,24,37164,c9bee6c3facf0657,48.400,158.200,0.100
5490,6928,3379,3,25,38196,6c3eb664f2709a06,55.100,227.500,0.200
5491,6929,3380,3,25,38196,c757c10376c28fbf,60.200,153.000,0.200
5492,6930,3381,3,25,38196,43a3b8fe671b8bc3,62.600,205.100,0.200
5493,6931,3382,3,26,39228,8d7ede1d845d8aec,51.300,158.600,0.100
5494,6932,3383,3,26,39228,5f42939f63404c73,53.200,243.200,0.200
5495,6933,3384,3,26,39228,cd0f1353a887d216,63.100,174.400,0.100
5496,6934,3385,3,26,39228,f30a5796895e4966,50.400,180.400,0.100
5497,6935,3386,3,27,40260,2aa75d87b80321d9,51.700,203.400,0.200
5498,6936,3387,3,27,40260,02c892a5a8935780,54.300,172.900,0.500
5499,6937,3388,3,28,41292,db26870587d6be71,69.400,141.700,0.100
5500,6938,3389,3,28,41292,98564c1ace8614de,51.600,172.200,0.100
5501,6939,3390,3,28,41292,efd04d1ec21c8f94,54.300,161.300,0.500
5502,6940,3391,3,28,41292,21ff0bd36e80287e,60.400,237.100,0.400
5503,6941,3392,3,29,42324,8648885cde3cb0eb,73.900,189.200,0.200
5504,6942,3393,3,29,42324,1e73a72994e341e0,61.200,221.100,0.100
5505,6943,3394,3,29,42324,0ce39f1bbc42a632,52.800,176.000,0.100
5506,6944,3395,3,29,42324,87213919088fc47d,55.700,161.700,0.100
5507,6945,3396,3,29,42324,2202452f7fb2a485,55.000,159.200,0.400
5508,6947,3397,3,30,43356,d0b245078b924f06,69.200,168.000,0.100
5509,6948,3398,3,30,43356,d8ad36e34f2222da,54.200,165.200,0.100
5510,6949,3399,3,30,43356,76adaf7e968f9786,56.200,226.400,0.500
5511,6950,3400,3,30,43356,f346ae498fb0dc33,55.100,167.100,0.500
5512,6951,3401,3,31,44388,61deae2e03e64a4c,58.000,179.000,0.400
5513,6952,3402,3,31,44388,c322e4530a2a4c42,59.400,212.500,0.500
5514,6953,3403,3,31,44388,5537743de679ab91,55.900,176.300,0.100
5515,6954,3404,3,31,44388,dccfdb8eba652676,58.400,164.800,0.100
5516,6955,3405,3,31,44388,ac8d198bfc66e0f5,55.200,232.600,0.200
5517,6956,3406,3,31,44388,3134f2e86aa6d46b,58.100,217.700,0.100
5518,6957,3407,3,31,44388,b2376a5067158c9d,52.800,148.000,0.400
5519,6958,3408,3,31,44388,b7b28f53c8fcffe6,53.000,161.700,0.100
5520,6959,3409,3,31,44388,47a8ae6e627f07fb,61.100,151.200,0.100
5521,6960,3410,3,31,44388,c0f95cd5aeaaff98,59.700,818.100,0.200
5522,6961,3411,3,31,44388,14d3e912e3b8931e,60.600,204.800,0.100
5523,6962,3412,3,31,44388,dfcf0c54a1dbaf87,56.900,191.700,0.100
5524,6963,3413,3,29,42324,fcb73526c7317e4d,53.800,219.100,0.100
5525,6964,3414,3,28,41292,277d08741fd758d4,52.000,197.900,0.400
5526,6965,3415,3,27,40260,66907165c53cd0bb,54.100,163.500,0.100
5527,6966,3416,3,26,39228,77caff3160c88b2b,55.200,199.400,0.500
5528,6967,3417,3,25,38196,265afe7cfab75f67,47.800,151.100,0.200
5529,6968,3418,3,24,37164,0160722701450f2a,49.000,166.800,0.100
5530,6969,3419,3,23,36132,8e3e339e3b4cb425,46.700,135.800,0.100
5531,6970,3420,3,20,33036,909eceace10ff3f6,43.200,149.800,0.400
5532,6971,3421,3,18,30972,33eec4ebf4fe6b7b,40.400,186.900,0.300
5533,6972,3422,3,17,29940,68906e0510c88236,38.800,146.700,0.300
5534,6973,3423,3,16,28908,e3570a7a3b15df08,40.900,197.300,0.300
5535,6974,3424,3,11,23748,4173c6c7c3fb60f8,34.500,148.300,0.100
5536,6975,3425,3,10,22716,4a42dd5abb5428e1,35.100,187.900,0.100
5537,6976,3426,3,8,20652,d5baf69cba0d556b,44.600,154.100,0.100
5538,6977,3427,3,8,20652,b106ff287d8bc585,31.900,144.800,0.100
5539,6978,3428,3,8,20652,d413834d75379045,37.300,150.700,0.100
5540,6979,3429,3,6,18588,3242a68ac1524767,28.300,159.400,0.100
5541,6980,3430,3,5,17556,13f27f76241a4d9e,27.900,214.600,0.100
5542,6981,3431,3,5,17556,53745b04b1d353cc,51.500,202.100,0.100
5543,6982,3432,3,5,17556,adda7e313a554876,25.700,175.000,0.100
5544,6983,3433,3,5,17556,d0976a0a66911434,27.000,143.500,0.100
5545,6984,3434,3,5,17556,724a1ae1fa27a266,27.700,149.600,0.100
5546,6985,3435,3,5,17556,6340c55fe0935d03,26.800,135.800,0.100
5547,6986,3436,3,5,17556,da603df39230890f,29.000,211.500,0.100
5548,6987,3437,3,5,17556,f151b0fcfe07f8a5,28.500,150.700,0.100
5549,6988,3438,3,5,17556,9b5499deeb7f60d5,26.400,141.700,0.100
5550,6989,3439,3,5,17556,051ba56d84981b13,27.900,153.200,0.200
5551,6990,3440,3,5,17556,fc7b59f3b7ebf1c7,27.200,150.300,0.200
5552,6991,3441,3,5,17556,0df24efd342d62ef,25.400,142.500,0.100
5553,6992,3442,3,5,17556,26aa53cd5cf5d46b,34.000,231.900,0.400
5554,6993,3443,3,5,17556,38354944297ff48d,31.200,161.300,0.400
5555,6994,3444,3,5,17556,08dd7ea4717a9bd5,41.000,180.000,0.300
5556,6995,3445,3,5,17556,cc9bc6eb24d8e788,31.500,222.100,0.400
5557,6996,3446,3,5,17556,842fa5b207fb2e0f,31.100,192.400,0.300
5558,6997,3447,3,5,17556,6297f3856b13df3b,28.500,197.600,0.100
5559,6998,3448,3,5,17556,82478346aeefc0e3,32.100,229.400,0.500
5560,6999,3449,3,5,17556,eee033f89fffc4bb,26.500,167.200,0.100
5561,7000,3450,3,5,17556,1d89abf2de390eed,26.500,144.500,0.100
5562,7001,3451,3,5,17556,c5855ebd2d5b3500,34.500,137.100,0.100
5563,7002,3452,3,5,17556,f279bfd857236bae,28.700,164.400,0.100
5564,7003,3453,3,5,17556,f649192bcd6aa7bc,29.500,195.600,0.200
5565,7004,3454,3,5,17556,821b3eed441f3cec,26.900,141.400,0.100
5566,7005,3455,3,5,17556,b4d461476452dde0,26.200,196.700,0.100
5567,7006,3456,3,5,17556,3a9fb86d655a291e,27.700,190.500,0.100
5568,7007,3457,3,5,17556,3a88238bc80ba81f,52.800,156.700,0.100
5569,7008,3458,3,5,17556,9e1569171a5abfd0,35.300,158.200,0.400
5570,7009,3459,3,5,17556,acdb53d77627858e,27.000,173.400,0.100
5571,7010,3460,3,5,17556,37186a7c6bfdb2f7,27.800,191.400,0.300
5572,7011,3461,3,5,17556,44b880d4e2df0d6f,27.000,144.400,0.200
5573,7012,3462,3,5,17556,20f9a3ba8552ac47,28.900,217.900,0.300
5574,7013,3463,3,5,17556,d5e10a86939936c8,33.300,169.500,0.200
5575,7014,3464,3,5,17556,ba70d350b48bd3bb,25.600,204.100,0.200
5576,7015,3465,3,5,17556,d2326cd91adfe831,27.400,138.000,0.400
5577,7016,3466,3,5,17556,26d653fc64d96319,28.200,143.500,0.400
5578,7017,3467,3,5,17556,e941d7f2e59189b0,28.600,161.400,0.200
5579,7018,3468,3,5,17556,fcb5dc72c8f25ac3,34.500,173.100,0.200
5580,7019,3469,3,5,17556,0bd761bc92fc3123,28.300,138.000,0.100
5581,7020,3470,3,6,18588,6d1b1fbe00497743,32.400,677.100,0.400
5582,7021,3471,3,8,20652,867939615ef2e24c,30.900,233.400,1.400
5583,7022,3472,3,8,20652,e297820191a5beac,30.500,173.500,0.200
5584,7023,3473,3,10,22716,879cf07922562c0b,30.500,144.400,0.100
5585,7024,3474,3,10,22716,0ddde17c78cc517e,32.700,232.400,0.400
5586,7025,3475,3,11,23748,56bca1b5c62ffc38,34.300,155.400,0.100
5587,7026,3476,3,14,26844,132a0d464fac3375,38.400,150.900,0.400
5588,7027,3477,3,16,28908,a5acdc195781b0f4,47.900,170.800,0.100
5589,7028,3478,3,17,29940,6a992f6d7f13d1af,41.600,166.900,0.100
5590,7029,3479,3,18,30972,624fd5e1f4523576,51.900,186.100,0.100
5591,7030,3480,3,20,33036,893e20598f89422b,45.400,185.600,0.100
5592,7031,3481,3,22,35100,ffccb4519a4e8a6a,44.100,147.100,0.400
5593,7032,3482,3,25,38196,87ff96d871a759e0,53.300,160.800,0.100
5594,7033,3483,3,25,38196,da9d70aaf9d861cb,69.400,178.300,0.100
5595,7034,3484,3,25,38196,85a400b1483c5b39,51.100,144.600,0.100
5596,7035,3485,3,25,38196,5bca5b4c0db0e6f1,49.400,163.500,0.300
5597,7036,3486,3,26,39228,626b9fbfb3aade10,46.400,151.900,0.400
5598,7037,3487,3,26,39228,5547d024261e4ef9,47.500,207.400,0.200
5599,7038,3488,3,26,39228,1d52a074b2d476a0,48.300,204.500,0.100
5600,7039,3489,3,26,39228,a3bcd7811aedb061,48.800,139.800,0.200
5601,7040,3490,3,27,40260,7c57b083ce65b6e5,46.300,139.300,0.100
5602,7041,3491,3,27,40260,9e836937d7aea16f,64.800,169.800,0.200
5603,7042,3492,3,28,41292,c6510bbed3f8cf00,51.800,162.400,0.100
5604,7043,3493,3,28,41292,82a4b2a07923565c,49.000,197.600,0.500
5605,7044,3494,3,29,42324,244e7f5283f8a383,52.500,176.800,0.200
5606,7045,3495,3,30,43356,05d28bb4773e57ef,53.000,144.200,0.200
5607,7046,3496,3,31,44388,9ea7c9d1101ca829,54.700,157.800,0.100
5608,7047,3497,3,31,44388,3e9f02e54a5d51df,52.200,141.500,0.100
5609,7048,3498,3,31,44388,06d1b10792b121d6,59.600,152.400,0.100
5610,7049,3499,3,31,44388,c0884b9c280792e9,55.500,167.000,0.100
5611,7050,3500,3,31,44388,9fb5bd1d84c45edd,55.500,229.300,0.400
5612,7051,3501,3,31,44388,d2187c185b9f273c,55.300,180.600,0.400
5613,7052,3502,3,31,44388,e84aa09fd42e5d20,54.900,149.500,0.200
5614,7053,3503,3,31,44388,bfa386025c3c628f,59.100,187.900,0.300
5615,7054,3504,3,31,44388,80bb54a26547c9c2,60.300,215.300,0.100
5616,7055,3505,3,31,44388,4de40a3b937daa7c,55.000,150.000,0.400
5617,7056,3506,3,31,44388,699a4add195ede54,55.500,178.000,0.400
5618,7057,3507,3,31,44388,8aeff0924a5f1bf6,69.400,161.900,0.300
5619,7058,3508,3,31,44388,f454078fbb182079,53.100,162.500,0.100
5620,7059,3509,3,31,44388,ff3fe9f5a3b0527c,54.600,156.200,0.100
5621,7060,3510,3,31,44388,31413cebf49c5b34,54.000,140.200,0.100
5622,7061,3511,3,31,44388,9104deb06db012fc,56.700,170.700,0.100
5623,7062,3512,3,31,44388,23a2074794b5488a,60.200,162.700,0.100
5624,7063,3513,3,31,44388,d498a550ba18bfac,55.600,163.100,0.400
5625,7064,3514,3,31,44388,c691b8838ddeb25e,62.800,153.300,0.100
5626,7065,3515,3,31,44388,af4e33199c1c43bf,57.600,201.600,0.200
5627,7066,3516,3,31,44388,14adbde2befe8146,54.400,188.500,0.100
5628,7067,3517,3,31,44388,f59219f9befb7331,57.200,149.500,0.100
5629,7068,3518,3,31,44388,add7956e5fca8fc5,57.800,195.500,0.200
5630,7069,3519,3,31,44388,45e750361290b3be,57.100,168.700,0.400
5631,7070,3520,3,31,44388,1f025741b0421555,55.800,157.400,0.500
5632,7071,3521,3,31,44388,12c455eef4f51fd1,55.100,155.200,0.100
5633,7072,3522,3,31,44388,cce6753fd2d92bd1,57.500,182.700,0.400
5634,7073,3523,3,31,44388,9700f96ced9dacf0,53.500,155.000,0.100
5635,7074,3524,3,31,44388,7a196f454ccfeccc,55.400,174.500,0.200
5636,7075,3525,3,31,44388,bddabc7298ace4fc,54.900,213.300,0.300
5637,7076,3526,3,31,44388,e8c4d8752ce57b14,57.100,167.500,0.100
5638,7077,3527,3,30,43356,8d38cf8c1da3e016,51.800,187.800,0.100
5639,7078,3528,3,30,43356,9e2002bd9e2b4dad,54.300,146.900,0.400
5640,7079,3529,3,30,43356,7219705c1ec3aa76,66.200,151.900,0.400
5641,7080,3530,3,31,44388,a37901c55dc73726,82.100,545.000,0.100
5642,7081,3531,3,31,44388,8d2658379df0902e,58.900,192.300,0.100
5643,7082,3532,3,31,44388,34b907c9c8c9a80e,54.800,207.000,0.400
5644,7083,3533,3,31,44388,f400f2dd2e19160b,54.100,171.600,0.100
5645,7084,3534,3,31,44388,1a5ec026f0d9f1a4,57.700,155.100,0.200
5646,7085,3535,3,31,44388,6a6a6266457ff626,54.300,150.200,0.100
5647,7086,3536,3,31,44388,5be813f930e35a3f,55.300,164.500,0.200
5648,7087,3537,3,31,44388,99f633e4b3f99e7b,61.000,187.600,0.400
5649,7088,3538,3,31,44388,dcf92cfc2ce81ae7,54.100,148.800,0.100
5650,7089,3539,3,31,44388,6ac43e6ecf4240b5,53.000,153.100,0.100
5651,7090,3540,3,31,44388,432038a2698b791a,55.600,174.900,0.400
5652,7091,3541,3,31,44388,afa6b59543b75671,55.700,150.300,0.200
5653,7092,3542,3,31,44388,36dbf634ef8b7238,53.700,165.700,0.300
5654,7093,3543,3,28,41292,f7313b21a8382649,50.200,173.600,0.100
5655,7094,3544,3,28,41292,6cedcb334f053f40,50.500,157.200,0.100
5656,7095,3545,3,28,41292,48b54e7d61ca5853,52.500,148.800,0.100
5657,7096,3546,3,28,41292,efce85fe25104dbe,52.700,176.400,0.300
5658,7097,3547,3,28,41292,c6cf7a6aa9818f67,54.400,161.000,0.100
5659,7098,3548,3,28,41292,ae49e29130f49a5b,54.700,159.100,0.300
5660,7099,3549,3,28,41292,907e9af72b2a2188,52.600,151.300,0.100
5661,7100,3550,3,28,41292,210b549b01f1bfc3,51.900,153.300,0.400
5662,7101,3551,3,28,41292,914a95298f46f616,52.900,194.000,0.100
5663,7102,3552,3,28,41292,58d296d7a0e1cbd4,54.600,184.100,0.200
5664,7103,3553,3,28,41292,fbdd521d53024f5d,57.600,274.600,0.200
5665,7104,3554,3,28,41292,4dded24fb6ba028b,53.500,152.700,0.100
5666,7105,3555,3,28,41292,bc2517e5cb6ea36f,49.200,151.300,0.500
5667,7106,3556,3,28,41292,908cf8220f3ff119,52.400,189.600,1.300
5668,7107,3557,3,28,41292,bee4e6b741998304,50.300,162.400,0.400
5669,7108,3558,3,28,41292,8f94edf606a14a86,51.400,159.500,0.200
5670,7109,3559,3,28,41292,5a5cf105f32562aa,51.700,154.000,0.400
5671,7110,3560,3,28,41292,a7e151411bac7294,52.300,178.300,0.200
5672,7111,3561,3,28,41292,1291a736993c8ef2,52.700,159.700,0.400
5673,7112,3562,3,28,41292,3b6a8b2c6d77655d,53.700,169.200,0.100
5674,7113,3563,3,28,41292,4ab4b2911efab863,56.000,203.800,0.200
5675,7114,3564,3,28,41292,c3a62020eaddabe6,54.600,152.600,0.100
5676,7115,3565,3,28,41292,00107528e661a252,53.700,180.100,0.200
5677,7116,3566,3,28,41292,85a6f3cf23fc7863,51.200,154.700,0.200
5678,7117,3567,3,28,41292,0f714d5f5ce43d85,71.600,171.500,0.100
5679,7118,3568,3,28,41292,d8c0b7d1e4a0d20d,50.300,140.800,0.100
5680,7119,3569,3,28,41292,281398a03f8130b5,54.000,154.900,0.200
5681,7120,3570,3,28,41292,fa3d99b2030234c7,50.800,156.900,0.400
5682,7121,3571,3,28,41292,99bfd95e3438e1ca,52.000,216.800,0.400
5683,7122,3572,3,28,41292,9ca2a674da6490b8,51.100,154.000,0.100
5684,7123,3573,3,28,41292,cc8560ddbe588b88,49.900,142.000,0.100
5685,7124,3574,3,28,41292,edd90b6b7d3c72dc,50.000,143.200,0.100
5686,7125,3575,3,28,41292,73ab732c7f9c8b3f,48.800,185.100,0.200
5687,7126,3576,3,28,41292,166ca15776d19035,54.800,186.000,0.100
5688,7127,3577,3,28,41292,9a4f34d774d04b15,55.400,177.100,0.100
5689,7128,3578,3,28,41292,ff8ed4c8fd8af604,56.600,196.500,0.100
5690,7129,3579,3,28,41292,6fe31e749a78aa56,56.100,176.400,0.200
5691,7130,3580,3,28,41292,64a8b2a6f8f217e7,55.700,218.900,0.400
5692,7131,3581,3,28,41292,8e73c6b44d699334,50.600,184.400,0.300
5693,7132,3582,3,28,41292,e9d42adf48920685,56.800,232.000,0.100
5694,7133,3583,3,28,41292,1199530f66d58862,54.500,203.500,0.400
5695,7134,3584,3,28,41292,55758cf201ca4012,76.000,307.100,0.200
5696,7135,3585,3,28,41292,c23e483b1f10d504,55.300,153.600,0.300
5697,7136,3586,3,28,41292,e490468c019d8c05,53.400,180.700,0.200
5698,7137,3587,3,28,41292,5e9ca8f684443f6c,51.700,164.800,0.400
5699,7138,3588,3,28,41292,15c10b22b8a0f039,53.000,188.900,0.200
5700,7139,3589,3,28,41292,e584a57e1e6c113f,58.400,147.500,0.100
5701,7140,3590,3,28,41292,e86187183eb0608c,56.700,632.700,0.100
5702,7141,3591,3,28,41292,377d5cf658760c9e,52.600,147.500,0.100
5703,7142,3592,3,28,41292,02d905231491f47d,54.700,163.100,0.100
5704,7143,3593,3,28,41292,c872cf4f4cdb98a4,65.000,157.600,0.500
5705,7144,3594,3,28,41292,eeb6ed67b2a0c6a7,52.200,206.400,0.400
5706,7145,3595,3,28,41292,431980c9377b9990,76.600,285.300,0.300
5707,7146,3596,3,28,41292,1be462559e532546,50.700,184.100,0.100
5708,7147,3597,3,28,41292,e28124fd13ff006b,66.200,197.600,0.100
5709,7148,3598,3,28,41292,f506472241c28e0f,51.300,153.800,0.400
5710,7149,3599,3,28,41292,3f1cec884d02f6f6,61.000,202.900,0.100
5711,7150,3600,3,28,41292,2519fa605c43ae5b,51.900,163.800,0.100
5712,7151,3601,3,28,41292,fa1286e0cc6bbb5f,53.000,183.100,0.100
5713,7152,3602,3,28,41292,40c44d1407d782d8,54.400,176.200,0.500
5714,7153,3603,3,28,41292,f3166bdea5d5dec0,48.400,188.700,0.100
5715,7154,3604,3,28,41292,e4fa63eba6be0607,52.300,174.100,0.200
5716,7155,3605,3,28,41292,f753590ed4b39d66,55.700,177.000,0.100
5717,7156,3606,3,28,41292,a3290ed44a3084f6,53.900,168.600,0.400
5718,7157,3607,3,28,41292,5a2fad865d4c2bc4,52.000,155.400,0.100
5719,7158,3608,3,28,41292,a381e095c2deffd2,51.600,170.600,0.100
5720,7159,3609,3,28,41292,5871397681b9113b,52.200,153.100,0.400
5721,7160,3610,3,28,41292,02009c2e473a1e00,51.900,204.400,0.200
5722,7161,3611,3,28,41292,3b13d65ca6527743,50.700,181.700,0.100
5723,7162,3612,3,28,41292,8f112e2c39b93ee7,49.900,146.100,0.200
5724,7163,3613,3,28,41292,b95eb8d8a8249669,52.000,160.200,0.100
5725,7164,3614,3,28,41292,17a3a131828f6c59,59.900,155.800,0.100
5726,7165,3615,3,28,41292,c767a017e5d27be4,50.200,147.900,0.200
5727,7166,3616,3,28,41292,916d8e60a614164b,49.300,157.600,0.400
5728,7167,3617,3,28,41292,12f94abfd4b81aac,50.800,173.800,0.200
5729,7168,3618,3,28,41292,f85635e763747368,50.000,149.000,0.100
5730,7169,3619,3,28,41292,1daef80dab6be2a5,57.000,193.100,0.400
5731,7170,3620,3,28,41292,a6ad11491edd66f4,52.600,153.600,0.400
5732,7171,3621,3,28,41292,fbf9d9f24ea83d69,51.800,154.800,0.100
5733,7172,3622,3,28,41292,ab07b74ac2f012e0,50.300,174.000,0.100
5734,7173,3623,3,28,41292,00a14b5c7ee0dc4b,55.600,167.800,0.100
5735,7174,3624,3,28,41292,01333b995a9bb02c,54.000,156.700,0.400
5736,7175,3625,3,28,41292,45adffc2e305232b,52.400,149.400,0.100
5737,7176,3626,3,28,41292,3cc199f3eb4f9568,50.700,153.100,0.500
5738,7177,3627,3,28,41292,6b49abe85bae6db0,52.000,205.900,0.100
5739,7178,3628,3,28,41292,748c81f39dd3a209,50.000,201.200,0.100
5740,7179,3629,3,28,41292,f4599f8684ee2b76,50.700,169.800,0.100
5741,7180,3630,3,28,41292,b96271a6d775e2da,54.300,156.100,0.100
5742,7181,3631,3,28,41292,3e586748b25dd42d,48.300,171.600,0.100
5743,7182,3632,3,28,41292,4248708d1fe79cd7,57.600,181.300,0.400
5744,7183,3633,3,28,41292,23409e563b268303,49.800,224.100,0.100
5745,7184,3634,3,28,41292,4e31f91505a0df60,77.000,171.300,0.300
5746,7185,3635,3,28,41292,f652a6c2eb70ba4b,53.900,478.600,0.300
5747,7186,3636,3,28,41292,acfe02093dc234fa,52.600,159.500,0.400
5748,7187,3637,3,28,41292,209ce18a570c8996,56.200,6926.700,33596.000
5749,7188,3638,3,28,41292,381c82a0fd928393,63.700,3100.600,0.200
5750,7189,3639,3,28,41292,c90f868a7df4613c,55.100,245.500,0.200
5751,7190,3640,3,28,41292,e3304f97e00a556a,56.100,189.200,0.100
5752,7191,3641,3,28,41292,f423fe45927d4b26,65.000,154.200,0.100
5753,7192,3642,3,28,41292,89bb590142ccc76c,54.200,201.200,0.100
5754,7193,3643,3,28,41292,eee7cbdff8bc6aaa,50.700,174.600,0.100
5755,7194,3644,3,28,41292,3f25aaa46ae42ef6,56.600,178.400,0.400
5756,7195,3645,3,28,41292,01c56768c1bce261,51.800,224.500,0.100
5757,7196,3646,3,28,41292,2ea3c8bcb93b9220,52.000,149.500,0.100
5758,7197,3647,3,28,41292,8804718648448178,57.600,163.100,0.100
5759,7198,3648,3,28,41292,3f943c8f4fed5af6,52.600,178.000,0.200
5760,7199,3649,3,28,41292,4dae6d0386ac9f2f,55.500,194.700,0.100
5761,7200,3650,3,28,41292,5fdb714a457721d2,64.800,188.000,0.400
5762,7201,3651,3,28,41292,5ff374adb287cecb,61.900,352.500,0.300
5763,7202,3652,3,28,41292,2bc11d9d6e05aaf4,57.500,168.900,0.300
5764,7203,3653,3,28,41292,0011ca66219543d9,50.400,147.200,0.100
5765,7204,3654,3,28,41292,730aa71d188b794e,50.500,145.500,0.100
5766,7205,3655,3,28,41292,d1bc88a403406e6b,112.700,152.100,0.200
5767,7206,3656,3,28,41292,a8c4aabe468bc842,52.800,185.500,0.300
5768,7207,3657,3,28,41292,659af1963454374e,54.300,152.900,0.200
5769,7208,3658,3,28,41292,06cc40c02577491d,49.400,149.400,0.100
5770,7209,3659,3,28,41292,9f14391d906fb976,53.900,175.100,0.100
5771,7210,3660,3,28,41292,346f84ae6018279c,51.700,169.800,0.100
5772,7211,3661,3,28,41292,3bf1a4ddb445d553,51.300,224.700,0.200
5773,7212,3662,3,28,41292,6adff4fe7cb3e22a,67.700,178.600,0.100
5774,7213,3663,3,28,41292,8941b3a139ca081b,53.000,231.300,0.300
5775,7214,3664,3,28,41292,053d16552dd6dc9c,51.300,148.300,0.100
5776,7215,3665,3,28,41292,414592570c3b4f0b,52.600,171.900,0.100
5777,7216,3666,3,28,41292,916780d107055585,52.100,153.200,0.100
5778,7217,3667,3,28,41292,1493b21d2e7eff51,51.000,151.500,0.100
5779,7218,3668,3,28,41292,2fd3947b7f930759,54.000,184.700,0.900
5780,7219,3669,3,28,41292,297a8fdd88bad949,51.500,176.300,0.100
5781,7220,3670,3,28,41292,f44a8cbb831dfa36,51.300,155.000,0.100
5782,7221,3671,3,28,41292,49497965dbcad09c,54.100,182.800,0.300
5783,7222,3672,3,28,41292,f84b4ac5844af4c7,52.100,165.000,0.400
5784,7223,3673,3,28,41292,69bb09282dc37e34,59.800,177.200,0.200
5785,7224,3674,3,28,41292,a9bc84788442c690,50.300,167.600,0.300
5786,7225,3675,3,28,41292,f51ea8e94ea7a990,53.700,159.800,0.100
5787,7226,3676,3,28,41292,9f00460ac2e77897,49.500,174.600,0.100
5788,7227,3677,3,28,41292,adaa4d04d66d6428,48.800,186.000,0.100
5789,7228,3678,3,28,41292,e7f31ebfb034d207,53.400,171.700,0.100
5790,7229,3679,3,28,41292,d1ae1be54da28865,49.200,165.200,0.300
5791,7230,3680,3,28,41292,958edb6fd6826b25,53.700,158.000,0.100
5792,7231,3681,3,28,41292,2fb9824b38739513,51.200,148.300,0.200
5793,7232,3682,3,28,41292,625b07350fb0fef6,52.300,175.500,0.100
5794,7233,3683,3,28,41292,219e9a38c93abf78,52.900,187.900,0.100
5795,7234,3684,3,28,41292,ed0582145a6417f7,55.400,171.000,0.200
5796,7235,3685,3,28,41292,5ea12522ed2621d1,56.500,184.500,0.200
5797,7236,3686,3,28,41292,2d9b2444c4f2b477,56.300,165.000,0.300
5798,7237,3687,3,28,41292,429dd9279aaaa72e,52.400,188.500,0.100
5799,7238,3688,3,28,41292,2fcb1e8d4edbd95f,52.000,142.800,0.100
5800,7239,3689,3,28,41292,9df76bd36478c192,51.000,168.400,1.300
5801,7240,3690,3,28,41292,52748aa2199a0ad3,51.200,160.200,0.400
5802,7241,3691,3,28,41292,3e459cc937135725,52.500,158.400,0.400
5803,7242,3692,3,28,41292,6f2add890ecc995c,49.200,204.300,0.100
5804,7243,3693,3,28,41292,7c465cefd979cfa9,51.700,205.600,0.400
5805,7244,3694,3,28,41292,2172936ddb9d7c63,53.800,207.500,0.500
5806,7245,3695,3,28,41292,19f4d327b8188aa6,52.900,162.200,0.100
5807,7246,3696,3,28,41292,b090077148d6c8ce,55.000,158.700,0.100
5808,7247,3697,3,28,41292,a7068af43e0215ef,54.800,167.200,0.100
5809,7248,3698,3,28,41292,045b46e6ec778369,51.800,155.400,0.100
5810,7249,3699,3,28,41292,f6fc1695375f5ccf,53.300,161.800,0.400
5811,7250,3700,3,28,41292,5d7e1dcf4b9f138d,51.800,149.900,0.100
5812,7251,3701,3,28,41292,ffeca89929ce5caf,51.700,194.500,0.400
5813,7252,3702,3,28,41292,7517ba5fe5f107c0,56.600,191.000,0.100
5814,7253,3703,3,28,41292,e6221ed7588a8b3d,52.700,177.700,0.400
5815,7254,3704,3,28,41292,9ceed82802ed3a37,52.900,152.100,0.100
5816,7255,3705,3,28,41292,1b057996f6b7e9f5,53.200,188.100,0.100
5817,7256,3706,3,28,41292,19d040684c54c7a3,54.100,161.000,0.100
5818,7257,3707,3,28,41292,9a020f82726f381e,65.300,147.700,0.500
5819,7258,3708,3,28,41292,6b0b0824bc26f875,50.400,167.800,1.300
5820,7259,3709,3,28,41292,3dcd05aa568eba63,52.500,208.900,0.100
5821,7260,3710,3,28,41292,c17f05711353d8e9,62.500,786.600,0.100
5822,7261,3711,3,28,41292,0d687f08cc13c4bc,49.900,158.100,0.100
5823,7262,3712,3,28,41292,ee55538a1f262c88,51.300,180.700,0.400
5824,7263,3713,3,28,41292,01380d852f08c962,51.300,155.200,0.100
5825,7264,3714,3,28,41292,0872b6dcfb16ef1a,55.200,184.000,0.400
5826,7265,3715,3,28,41292,411fb1fb7a6aee29,67.000,166.800,0.100
5827,7266,3716,3,28,41292,2f1c5650e1716255,51.400,156.900,0.100
5828,7267,3717,3,28,41292,e7261de0e086453e,52.700,147.800,0.400
5829,7268,3718,3,28,41292,35ad5db1f314714a,48.100,163.600,0.100
5830,7269,3719,3,28,41292,166e8e70b4178a96,49.900,195.200,0.200
5831,7270,3720,3,28,41292,7565824fa2196f0f,54.200,167.800,0.400
5832,7271,3721,3,28,41292,629c27c8d826633e,54.900,168.500,0.100
5833,7272,3722,3,28,41292,198786086c52b393,72.700,247.600,0.100
5834,7273,3723,3,28,41292,d85fb59004295297,53.500,148.700,0.100
5835,7274,3724,3,28,41292,2cd714a119deadd7,53.300,200.000,0.400
5836,7275,3725,3,28,41292,932363d7999ba439,54.600,190.900,0.400
5837,7276,3726,3,28,41292,49713240b7011fee,54.200,197.400,0.100
5838,7277,3727,3,28,41292,8f9b1c13740ef3a7,51.500,151.200,0.100
5839,7278,3728,3,28,41292,4c843ad1d835852c,51.000,198.000,0.200
5840,7279,3729,3,28,41292,97f242906ed7ddcd,76.100,157.800,0.400
5841,7280,3730,3,28,41292,aaec633c6af21506,58.200,206.000,0.100
5842,7281,3731,3,28,41292,f26f9d93840167da,50.000,177.500,0.200
5843,7282,3732,3,28,41292,3022bffbcc122b35,48.300,145.300,0.200
5844,7283,3733,3,28,41292,8e65ca292576c70a,53.400,205.100,0.400
5845,7284,3734,3,28,41292,edc1cf02d564a4fd,52.500,178.900,0.300
5846,7285,3735,3,28,41292,2470cb3ddd6603c8,62.600,156.600,0.300
5847,7286,3736,3,28,41292,5dcd1521543aaec0,60.900,184.100,0.100
5848,7287,3737,3,28,41292,131e8319c60b93fb,50.900,150.900,0.100
5849,7288,3738,3,28,41292,31ba7c96201623ce,50.200,168.600,0.100
5850,7289,3739,3,28,41292,8fc112f855160991,51.000,180.500,0.200
5851,7290,3740,3,28,41292,c04cb99d745e8a43,50.800,170.800,0.100
5852,7291,3741,3,28,41292,dc134444f53ffc61,55.100,156.800,0.500
5853,7292,3742,3,28,41292,5b11e7f5987b628c,54.400,260.500,0.500
5854,7293,3743,3,28,41292,814a9c729e6c79aa,81.200,163.400,0.100
5855,7294,3744,3,28,41292,2455483d89c608e3,53.000,161.900,0.100
5856,7295,3745,3,28,41292,857293c1ea2382ab,56.100,156.300,0.500
5857,7296,3746,3,28,41292,ff044595beb4562a,54.600,155.800,0.200
5858,7297,3747,3,28,41292,9cf7cc9a53664dc4,52.700,155.400,0.300
5859,7298,3748,3,28,41292,596d513a2571c0aa,50.200,158.400,0.500
5860,7299,3749,3,28,41292,781de07d0411d963,55.300,186.600,0.400
5861,7300,3750,3,28,41292,ee47f4bc91f1e0af,50.700,155.100,0.200
5862,7301,3751,3,28,41292,4ff5e6a928b9ca9f,53.200,167.200,0.100
5863,7302,3752,3,28,41292,0c2f97f207e3de38,56.000,175.800,0.100
5864,7303,3753,3,28,41292,d45795f2bc121bac,53.400,169.600,0.100
5865,7304,3754,3,28,41292,c47c2e055a0ae383,91.200,161.700,1.000
5866,7305,3755,3,28,41292,e7d9a99237fa4d8c,52.400,211.600,0.300
5867,7306,3756,3,28,41292,4daa215896eb13e9,51.100,148.900,0.200
5868,7307,3757,3,28,41292,85ead2e578f717ca,50.900,199.700,0.100
5869,7308,3758,3,28,41292,42e03a4176c0c611,55.700,188.100,0.400
5870,7309,3759,3,28,41292,add3f1369ac6b0a5,79.300,209.300,0.300
5871,7310,3760,3,28,41292,ba53a3ae78e09973,57.800,158.200,0.100
5872,7311,3761,3,28,41292,5895d69b5e3c9625,52.100,164.500,0.200
5873,7312,3762,3,28,41292,0ae659f2e0c2eab8,152.400,150.700,0.400
5874,7313,3763,3,28,41292,49a2493c4c66775e,56.300,206.800,0.400
5875,7314,3764,3,28,41292,82e2bb8e65b83664,52.700,166.700,0.400
5876,7315,3765,3,28,41292,6e4e9c5d6f5820a5,57.400,178.800,0.100
5877,7316,3766,3,28,41292,4df497d687a48061,53.500,146.100,0.100
5878,7317,3767,3,28,41292,b37a3dbd9f8e2b41,53.700,173.200,0.100
5879,7318,3768,3,28,41292,980ace0723ba9a15,50.400,166.500,0.100
5880,7319,3769,3,28,41292,9d3a6c04f102aaaa,59.200,195.900,0.500
5881,7320,3770,3,28,41292,f9c9f847bf363329,74.800,597.400,0.200
5882,7321,3771,3,28,41292,ef66426edf23bc6b,50.500,184.500,0.400
5883,7322,3772,3,28,41292,258f74f81df4ee29,51.200,168.900,0.200
5884,7323,3773,3,28,41292,3e5a301d1dee6f1d,56.600,191.500,0.100
5885,7324,3774,3,28,41292,de1b0d15aa9e0080,50.700,150.500,0.100
5886,7326,3775,3,28,41292,5bc8758a987786b7,51.100,159.700,0.100
5887,7327,3776,3,28,41292,d6b46d741d329fb5,54.700,176.900,0.400
5888,7328,3777,3,28,41292,a337d18b54911f4f,50.900,180.400,0.100
5889,7329,3778,3,28,41292,6ab7a0c7b2203b0e,54.300,195.600,0.100
5890,7330,3779,3,28,41292,b87bfa4b3a23c6e0,51.800,144.700,0.100
5891,7331,3780,3,28,41292,875812d497b944ec,53.200,223.700,0.200
5892,7332,3781,3,28,41292,e02db22f16a51bee,53.100,155.900,0.100
5893,7333,3782,3,28,41292,d163624c9a42a9ba,51.500,143.300,0.100
5894,7334,3783,3,28,41292,9462eee10094ddcb,64.700,169.100,0.300
5895,7335,3784,3,28,41292,f772eb06236b3ae2,56.800,193.800,0.500
5896,7336,3785,3,28,41292,9a1f9d83f453581e,57.300,181.100,0.100
5897,7337,3786,3,28,41292,7c75480a621c9ef3,61.300,234.200,0.200
5898,7338,3787,3,28,41292,0f89d831ffa2673d,65.900,151.800,0.100
5899,7339,3788,3,28,41292,7423359305371d0d,59.500,179.800,0.400
5900,7340,3789,3,28,41292,63ea580184cf182d,52.200,206.000,0.100
5901,7341,3790,3,28,41292,4133317770c85cab,51.400,222.800,0.100
5902,7342,3791,3,28,41292,90809555db8e48c5,53.400,171.900,0.100
5903,7343,3792,3,28,41292,72e3b1cd09fe89f4,57.600,289.200,0.400
5904,7344,3793,3,28,41292,acb79462a54f41a1,74.200,162.900,0.100
5905,7345,3794,3,28,41292,40abf02dd1ed6b81,55.800,176.200,0.300
5906,7346,3795,3,28,41292,dd519a4d8ffb9fc7,52.700,151.400,0.200
5907,7347,3796,3,28,41292,3abe097e42aabf65,54.700,161.100,0.100
5908,7348,3797,3,28,41292,50be391851f04236,50.600,151.300,0.100
5909,7349,3798,3,28,41292,c8dde4b68cae5508,55.200,177.900,0.100
5910,7350,3799,3,28,41292,896fca50448b5af3,52.500,161.100,0.200
5911,7351,3800,3,28,41292,b9167d9d2a79b22e,50.100,152.600,0.200
5912,7352,3801,3,28,41292,3eb9c4f549b6ccd9,48.900,142.000,0.100
5913,7353,3802,3,28,41292,0a4f9e106192f9c2,53.100,183.100,0.200
5914,7354,3803,3,28,41292,594ac3dd0574f2b3,57.300,173.600,0.100
5915,7355,3804,3,28,41292,1b2b95a922181f1b,55.100,158.100,0.500
5916,7356,3805,3,28,41292,9f5018316b657afc,53.200,155.700,0.100
5917,7357,3806,3,28,41292,b83e8ba1ed668043,68.000,201.200,0.100
5918,7358,3807,3,28,41292,b17076067ab21df2,51.800,157.800,0.100
5919,7359,3808,3,28,41292,b92fe3153f45cc99,50.800,205.000,0.100
5920,7360,3809,3,28,41292,b2009c5669adc677,51.300,198.800,0.100
5921,7361,3810,3,28,41292,5ee2fd8d7df8e85c,68.700,248.700,0.400
5922,7362,3811,3,28,41292,12d04335d123726d,53.000,228.800,0.400
5923,7363,3812,3,28,41292,ae9ae10398175c89,50.000,181.200,0.100
5924,7364,3813,3,28,41292,04e7b6d1d566387f,51.500,153.400,0.100
5925,7365,3814,3,28,41292,8391e8728df12a74,94.000,217.200,0.100
5926,7366,3815,3,28,41292,2bd01ae137473fdb,53.600,217.900,0.300
5927,7367,3816,3,28,41292,c42b12a1ae169153,50.900,151.600,0.200
5928,7368,3817,3,28,41292,0f21f8de3a46ccf6,98.500,159.000,0.100
5929,7369,3818,3,28,41292,b22aebba4a0a3590,50.600,150.200,0.100
5930,7370,3819,3,28,41292,0089f3ba89320765,47.800,178.100,0.100
5931,7371,3820,3,28,41292,b17b0c2de865ceae,55.300,152.600,0.200
5932,7372,3821,3,28,41292,43d515ce9f4a3fba,51.100,153.000,0.200
5933,7373,3822,3,28,41292,f5138ab0d9c8a08f,51.000,186.800,0.200
5934,7374,3823,3,28,41292,58fc0a67713fdc14,64.900,197.000,0.100
5935,7375,3824,3,28,41292,25ac44f9008e55b1,56.300,248.800,0.400
5936,7376,3825,3,28,41292,f1ebff1048f40e6f,51.700,150.500,0.100
5937,7377,3826,3,28,41292,635ee3ffe14b3bf4,54.800,171.300,0.100
5938,7378,3827,3,28,41292,e8c8ed43f6fcd143,51.200,175.200,0.100
5939,7379,3828,3,28,41292,9babf719c1c66930,53.000,165.500,0.500
5940,7380,3829,3,28,41292,762de67864822e88,55.200,209.400,0.400
5941,7381,3830,3,28,41292,326e471512c6175d,54.700,181.200,0.100
5942,7382,3831,3,28,41292,cb0b0a240bda01c8,51.400,192.300,0.400
5943,7383,3832,3,28,41292,be552afac086836c,52.700,188.600,0.100
5944,7384,3833,3,28,41292,7ca6075c3d191358,50.400,156.100,0.100
5945,7385,3834,3,28,41292,098cc6399c1580c6,79.600,154.500,0.400
5946,7386,3835,3,28,41292,b2e5298297cc951b,51.600,156.700,0.100
5947,7387,3836,3,28,41292,fa1c53436e933f12,49.500,154.600,0.100
5948,7388,3837,3,28,41292,db68d61c06770fe5,56.100,194.000,0.200
5949,7389,3838,3,28,41292,91ac85ab20ee777f,56.300,167.200,0.300
5950,7390,3839,3,28,41292,628159baff2035b2,57.900,217.100,0.200
5951,7391,3840,3,28,41292,505b77737e68ed39,61.700,181.200,0.200
5952,7392,3841,3,28,41292,08ed0918d2c710f8,54.600,185.400,0.500
5953,7393,3842,3,28,41292,1c177cb553d8bfc9,55.800,298.100,0.300
5954,7394,3843,3,28,41292,d7f71b0b7600bbef,55.000,154.500,0.100
5955,7395,3844,3,27,40260,ec688655eaeb3cef,50.700,154.300,0.100
5956,7396,3845,3,27,40260,41a980f07caad740,63.200,155.500,0.200
5957,7397,3846,3,27,40260,7ca5ebf0e92bdd4e,49.700,155.400,0.100
5958,7398,3847,3,27,40260,819057057000fa84,52.400,141.800,0.300
5959,7399,3848,3,27,40260,8b2db38812bd0a12,72.400,159.000,0.100
5960,7400,3849,3,27,40260,9c409e5d619e7786,53.000,173.600,0.200
5961,7401,3850,3,27,40260,dd1fde96ab512f9f,54.500,229.200,0.100
5962,7402,3851,3,27,40260,980f6c641cb9f402,50.100,148.900,0.500
5963,7403,3852,3,27,40260,a6e7ec9835879a07,49.700,147.700,0.500
5964,7404,3853,3,27,40260,ab16ba77ed892dc5,51.200,172.400,1.200
5965,7405,3854,3,27,40260,2525b472fc108385,61.100,164.800,0.100
5966,7406,3855,3,27,40260,602aa087f7d58bf4,51.800,190.700,0.100
5967,7407,3856,3,27,40260,102f18f2db9502b6,48.400,150.100,0.100
5968,7408,3857,3,27,40260,7b25817e86de02f9,48.200,155.400,0.400
5969,7409,3858,3,27,40260,1a7f385d3d627ba7,52.000,156.300,0.400
5970,7410,3859,3,27,40260,271d394482c06161,53.600,207.200,0.400
5971,7411,3860,3,27,40260,3327f3617f494b52,54.500,171.100,0.100
5972,7412,3861,3,25,38196,dbc16848c071cf54,50.700,145.600,0.400
5973,7413,3862,3,25,38196,a3766b075cb87059,48.100,179.400,0.100
5974,7414,3863,3,25,38196,b25fb2b184a5a1fc,48.700,144.800,0.100
5975,7415,3864,3,25,38196,e80fc72129a11c24,49.300,206.300,0.100
5976,7416,3865,3,25,38196,2bdcddaff9c709de,48.700,145.300,0.100
5977,7417,3866,3,25,38196,eadd1da4451d7807,49.400,161.500,0.400
5978,7418,3867,3,25,38196,8da515a36c43ac3e,48.200,167.100,0.400
5979,7419,3868,3,25,38196,e4f8dc24b828f0fc,48.800,171.800,0.100
5980,7420,3869,3,25,38196,117be20a93195f4f,53.100,238.400,0.400
5981,7421,3870,3,25,38196,2334b77e6405a695,46.800,149.100,0.200
5982,7422,3871,3,25,38196,c8e333727440d4f4,53.000,169.100,0.100
5983,7423,3872,3,25,38196,544ff93d9d0d2e13,48.500,197.900,0.400
5984,7424,3873,3,25,38196,ffeaab52c8ff422a,48.000,176.300,0.200
5985,7425,3874,3,25,38196,ce398716a62002be,48.000,146.000,0.400
5986,7426,3875,3,25,38196,28d8b9d4a7805f1b,47.600,190.300,0.400
5987,7427,3876,3,25,38196,a7314a9dbbb9d508,46.600,187.000,0.100
5988,7428,3877,3,26,39228,680fdd187795a3f4,48.300,149.800,0.100
5989,7429,3878,3,26,39228,4845fdba6945e31f,49.200,153.100,0.200
5990,7430,3879,3,26,39228,9c6b2fad5bd01844,48.900,211.300,0.200
5991,7431,3880,3,26,39228,894838869c1f6cab,49.700,193.700,0.100
5992,7432,3881,3,26,39228,ee4b58a73b2a33b0,50.900,152.800,0.100
5993,7433,3882,3,26,39228,27bb94fcf0c79186,55.500,161.700,0.300
5994,7434,3883,3,26,39228,62198b729079d677,75.400,169.000,0.200
5995,7435,3884,3,26,39228,fba0bc7c7a5717f5,50.300,158.100,0.100
5996,7436,3885,3,26,39228,5f80b882f592c5e7,52.400,167.800,0.100
5997,7437,3886,3,26,39228,5bfe2ddf8ba3d1f8,52.500,186.500,0.100
5998,7438,3887,3,26,39228,7054054bf9a89776,51.100,174.700,0.100
5999,7439,3888,3,26,39228,400f2151fe5235ce,50.900,158.600,0.100
6000,7440,3889,3,26,39228,467c3bd07b7a3961,51.100,161.300,0.200
6001,7441,3890,3,26,39228,38dd0551e03047a4,52.500,152.600,0.100
6002,7442,3891,3,26,39228,12c57742065125d2,50.100,160.600,0.100
6003,7443,3892,3,26,39228,f6a43329610b2ddc,48.900,145.800,0.100
6004,7444,3893,3,26,39228,e22527030a0893f2,52.000,192.300,0.300
6005,7445,3894,3,26,39228,7d500daab6576413,50.600,152.600,0.100
6006,7446,3895,3,26,39228,9ca655cade92d729,56.300,184.700,0.100
6007,7447,3896,3,26,39228,1f789907fa3232cb,53.200,189.500,0.200
6008,7448,3897,3,26,39228,a2189813f801c15a,53.700,169.500,0.100
6009,7449,3898,3,26,39228,bd9352ed0bb6538e,52.100,146.300,0.100
6010,7450,3899,3,26,39228,efa46ef78a3e46ec,49.400,140.900,0.200
6011,7451,3900,3,26,39228,126b11c8e464fd13,50.900,149.300,0.400
6012,7452,3901,3,26,39228,e9197645769d662f,47.600,202.300,0.100
6013,7453,3902,3,26,39228,49896c0b3dec944b,50.000,179.400,0.100
6014,7454,3903,3,26,39228,da192d00cbfbce9f,53.800,188.800,0.400
6015,7455,3904,3,26,39228,808062d7b9dbed1b,52.800,208.400,0.300
6016,7456,3905,3,26,39228,7e170d5e906fe973,70.900,199.800,0.400
6017,7457,3906,3,26,39228,5dec1d4f587858e5,50.800,178.400,0.500
6018,7458,3907,3,26,39228,4105f6476ed0d94c,50.500,157.800,0.100
6019,7459,3908,3,26,39228,5c8542157fb9fed9,52.900,162.500,0.400
6020,7460,3909,3,26,39228,f7c35d9e840f345c,52.000,162.500,0.500
6021,7461,3910,3,26,39228,268794e71e344b7b,57.500,169.400,0.200
6022,7462,3911,3,26,39228,c11f2579bc2c9214,51.500,175.500,0.500
6023,7463,3912,3,26,39228,dd30af5a66dc26c3,51.300,163.500,0.200
6024,7464,3913,3,26,39228,d4eeaadf8ce4edc9,55.600,205.300,0.400
6025,7465,3914,3,26,39228,f965d73ffff65c84,52.800,182.600,0.100
6026,7466,3915,3,26,39228,c66c354bdd06476c,72.500,201.200,0.100
6027,7467,3916,3,26,39228,b278b0edef7c35dc,52.100,212.700,0.100
6028,7468,3917,3,26,39228,4b05b8d049b2244e,55.000,235.300,0.200
6029,7469,3918,3,26,39228,4bef4ccb536fd94e,63.600,178.800,0.400
6030,7470,3919,3,25,38196,36aa6ab1d2802940,54.400,207.200,0.100
6031,7471,3920,3,25,38196,5c41657f2e543077,51.600,156.000,0.100
6032,7472,3921,3,25,38196,057eee693148e115,63.300,224.300,0.400
6033,7473,3922,3,25,38196,4daa9d7e72181baa,48.600,210.800,0.400
6034,7474,3923,3,25,38196,18f4bea0374dec09,59.500,153.600,0.100
6035,7475,3924,3,25,38196,adfdda38dca49479,51.500,181.300,0.100
6036,7476,3925,3,25,38196,0fd3275e888227f5,50.200,181.400,0.100
6037,7477,3926,3,25,38196,da3df464b29760a6,50.800,157.200,0.100
6038,7478,3927,3,25,38196,378b8864830091ed,49.700,157.000,0.200
6039,7479,3928,3,25,38196,56ad8ba29facba21,52.000,231.400,0.100
6040,7480,3929,3,24,37164,e7badb900bf53f02,49.200,166.100,0.100
6041,7481,3930,3,23,36132,9a07040b4dc13556,46.600,209.000,0.300
6042,7482,3931,3,23,36132,8ef4071c3883b1d7,49.500,162.600,0.100
6043,7483,3932,3,22,35100,315a699947712a03,49.700,185.800,0.100
6044,7484,3933,3,22,35100,2eae0bef5d960205,47.600,170.000,0.400
6045,7485,3934,4,22,39200,33d447a8a30479f2,54.000,169.700,0.100
6046,7486,3935,3,22,35100,d80c365cc0ca1aaf,47.700,171.300,0.400
6047,7487,3936,4,22,39200,af813636773b67f5,50.500,163.500,0.100
6048,7488,3937,3,22,35100,0128e182abbb8ff3,46.500,205.200,0.100
6049,7489,3938,3,22,35100,0ea86775adfd8ccb,47.100,170.400,0.100
6050,7490,3939,3,22,35100,6bd55f5b2f67c266,46.800,154.100,0.500
6051,7491,3940,3,22,35100,61b82cf36805cdec,47.500,220.400,0.100
6052,7492,3941,3,22,35100,6bc459eb24771ffe,48.600,152.600,0.100
6053,7493,3942,3,22,35100,9fc1c38b1c4eee0c,46.100,224.900,0.500
6054,7494,3943,3,22,35100,d342913ceb5d29bd,53.000,197.300,0.200
6055,7495,3944,3,22,35100,a93b8ee959581c60,45.700,165.000,0.100
6056,7496,3945,3,22,35100,9c9b43640b3d30e4,51.200,209.000,0.100
6057,7497,3946,3,22,35100,b59267e1eef5e7fd,46.300,211.200,0.400
6058,7498,3947,3,22,35100,e5d8a633b0aff302,45.600,153.800,0.500
6059,7499,3948,3,22,35100,ac0e6299220bc4bf,46.300,193.500,0.200
6060,7500,3949,3,22,35100,60eecac614b61212,66.500,227.300,0.400
6061,7501,3950,3,22,35100,1e9478870c55ee41,45.800,224.400,1.300
6062,7502,3951,3,22,35100,0e4d724a01017715,46.300,200.700,0.100
6063,7503,3952,3,22,35100,c12615e3f18efccc,47.100,209.000,0.400
6064,7504,3953,3,22,35100,50f28e4a83270bc2,48.900,169.900,0.500
6065,7505,3954,3,22,35100,1f04fd52041b37ac,56.700,150.700,0.100
6066,7506,3955,3,19,32004,0ef8191f9085b6ea,46.700,174.300,0.200
6067,7507,3956,3,19,32004,f1c47039437a07ea,42.400,188.900,0.200
6068,7508,3957,3,19,32004,d4a9e4e3d0712a5e,40.600,156.200,0.400
6069,7509,3958,3,19,32004,62de77262e8461cd,46.100,162.400,0.200
6070,7510,3959,3,19,32004,1a4de7d5a6b996ae,41.400,129.300,0.100
6071,7511,3960,3,19,32004,0d5751dababf0dbc,45.800,208.500,0.300
6072,7512,3961,3,18,30972,9eb995ed1e05fb16,40.800,141.500,0.100
6073,7513,3962,3,18,30972,1793c8a0e3954ba1,44.800,206.200,0.300
6074,7514,3963,3,18,30972,5582712951acd930,40.400,201.600,0.400
6075,7515,3964,3,18,30972,69d6d1aa8f632479,44.400,157.200,0.100
6076,7516,3965,3,18,30972,3e1766fdeb7e5069,40.100,184.000,0.100
6077,7517,3966,3,18,30972,7da5b4146e1eba35,41.600,148.500,0.100
6078,7518,3967,3,18,30972,d5ed6a4ba9c13920,42.200,277.500,0.400
6079,7519,3968,3,18,30972,0fb8acac723902a8,45.200,219.200,0.400
6080,7520,3969,3,18,30972,180840cd4524c892,41.900,189.800,0.400
6081,7521,3970,3,18,30972,105f85a872a1e1a5,42.200,207.000,0.100
6082,7522,3971,3,18,30972,61b339306bb8a5a1,51.000,214.200,0.100
6083,7523,3972,3,18,30972,812dba0c83c62456,39.600,181.400,0.100
6084,7524,3973,3,18,30972,bcc9ce766558171c,39.800,150.000,0.100
6085,7525,3974,3,18,30972,1acebcbe7b61c8e1,41.600,183.000,0.100
6086,7526,3975,3,18,30972,39169a96a31309cd,40.500,200.700,0.100
6087,7527,3976,3,18,30972,9babede4efb781d9,66.200,145.000,0.100
6088,7528,3977,3,18,30972,fdedd9662df40eb4,42.400,212.100,0.100
6089,7529,3978,3,18,30972,4f9e44f76f0cec1a,44.700,197.200,0.500
6090,7530,3979,3,18,30972,73b1b94614f3c69d,43.300,169.400,0.400
6091,7531,3980,3,18,30972,445a0f50d49b62d4,42.600,178.700,0.100
6092,7532,3981,3,18,30972,bc6aefa1d2b4cf01,42.500,156.400,0.200
6093,7533,3982,3,18,30972,42d89b39aa9a7c38,43.400,181.200,0.100
6094,7534,3983,3,18,30972,39c7d592813f47ea,43.500,176.800,0.100
6095,7535,3984,3,18,30972,e21933adfd477697,40.700,136.100,0.100
6096,7536,3985,3,18,30972,ba86b38c9bd96542,39.200,171.500,0.500
6097,7537,3986,3,18,30972,581c026bf3558e52,39.700,172.100,0.200
6098,7538,3987,3,18,30972,f2f698384a8df34b,48.800,170.800,0.100
6099,7539,3988,3,18,30972,24e01055a99ac2f3,41.300,154.100,0.400
6100,7540,3989,3,18,30972,e355d2a44383b2e9,40.100,131.000,0.100
6101,7541,3990,3,18,30972,a2f7498d0f16a671,43.000,254.400,0.100
6102,7542,3991,3,18,30972,fd40012afca45dc6,41.400,212.200,0.100
6103,7543,3992,3,18,30972,64be6c261caa1919,49.800,164.000,0.100
6104,7544,3993,3,18,30972,1b3b71d73646a44c,40.400,147.800,0.100
6105,7545,3994,3,18,30972,d8ff7cd324c581db,41.900,146.600,0.100
6106,7546,3995,3,18,30972,68d0e4a1568aeeb6,54.000,151.000,0.100
6107,7547,3996,3,18,30972,948518afa95725b8,40.400,190.200,0.100
6108,7548,3997,3,18,30972,6d0911d4aea0b2be,40.200,149.400,0.100
6109,7549,3998,3,18,30972,928ae76a99902572,42.500,204.600,0.200
6110,7550,3999,3,18,30972,105f81b4bf691431,40.000,197.800,0.100
6111,7551,4000,3,18,30972,1e605f62aa90f15c,40.000,258.800,0.100
6112,7552,4001,3,18,30972,ab3d926da9e4f1ae,39.800,180.700,0.300
6113,7553,4002,3,18,30972,86c95a04a9925211,40.000,189.900,0.400
6114,7554,4003,3,18,30972,2bef5bebeb5c3d4a,39.600,160.900,0.200
6115,7555,4004,3,18,30972,94b83c1e3780fe10,45.000,236.100,0.100
6116,7556,4005,3,18,30972,c105990cafbc5dfa,40.900,168.100,0.400
6117,7557,4006,3,18,30972,c53f3196bab68266,40.900,231.100,0.200
6118,7558,4007,3,18,30972,f77fcdf6762901b1,43.500,255.500,0.100
6119,7559,4008,3,17,29940,9d0fcc0cc0e75214,39.000,153.900,0.200
6120,7560,4009,3,17,29940,dff7442c5c5c9464,55.200,754.100,0.100
6121,7561,4010,3,17,29940,57d04fc3a90e6cb9,39.900,197.400,0.100
6122,7562,4011,3,17,29940,65b9c05bed76552b,41.100,216.400,0.400
6123,7563,4012,3,17,29940,619eb5ec6c9961f3,41.000,163.700,0.100
6124,7564,4013,3,17,29940,8b00023d634d7ff8,40.100,206.000,0.400
6125,7565,4014,3,17,29940,752c2731cc593372,39.800,144.100,0.400
6126,7566,4015,3,17,29940,ff014d73b6548787,40.700,205.700,0.100
6127,7567,4016,3,17,29940,b3667c2704f60e06,40.400,152.400,0.100
6128,7568,4017,3,17,29940,fcfc3e330d331dc6,41.100,161.500,0.400
6129,7569,4018,3,17,29940,914b1b8b3ae1c15f,42.200,146.300,0.400
6130,7570,4019,3,17,29940,6996aff51137c61e,40.100,159.700,0.200
6131,7571,4020,3,17,29940,bb4d57aaee1cc72f,38.900,146.600,0.200
6132,7572,4021,3,17,29940,6e0030fd234d9b98,60.500,184.900,0.500
6133,7573,4022,3,17,29940,fe94236d43834388,42.900,223.300,0.100
6134,7574,4023,3,17,29940,dfd11b76c6cefeab,38.500,145.500,0.100
6135,7575,4024,3,17,29940,62a1cb0749cdbdb6,38.800,152.200,0.200
6136,7576,4025,3,17,29940,76254d1297fce83d,40.000,146.600,0.100
6137,7577,4026,3,17,29940,6864c2ed53423cdc,40.400,192.300,0.100
6138,7578,4027,3,17,29940,af2c0970198997de,44.100,309.000,0.400
6139,7579,4028,3,18,30972,cac2ad9887b361b3,40.900,145.400,0.100
6140,7580,4029,3,18,30972,63e69ffe35882b84,43.400,145.400,0.100
6141,7581,4030,3,18,30972,a261de28a5dde391,46.100,234.000,0.100
6142,7582,4031,3,18,30972,500268239d6b6d46,43.900,234.000,0.100
6143,7583,4032,3,18,30972,9803e3eb0beb525a,42.400,200.800,0.200
6144,7584,4033,3,18,30972,dc8bc2e751b1471c,41.800,148.700,0.400
6145,7585,4034,3,18,30972,f3e7e1af1903d960,42.300,257.000,0.100
6146,7586,4035,3,18,30972,ae921e4aa9d4da27,40.200,221.300,0.200
6147,7587,4036,3,18,30972,264381b6aa2ea405,41.600,180.300,0.100
6148,7588,4037,3,19,32004,43fde3fed7fb4a57,43.300,263.400,0.300
6149,7589,4038,3,21,34068,287914e90e3e047c,47.600,265.900,0.300
6150,7590,4039,3,23,36132,8c17581ef5b34b45,48.500,155.600,0.100
6151,7591,4040,3,23,36132,ee4582372bf5922a,50.600,193.700,0.100
6152,7592,4041,3,24,37164,7be4248d6ee50c76,49.200,163.200,0.100
6153,7593,4042,3,24,37164,ba1a0ac2b74da3c5,46.700,147.700,0.200
6154,7594,4043,3,24,37164,540fa6002fa4ec0c,49.600,146.700,0.100
6155,7595,4044,3,24,37164,dcfadad136134d82,52.300,193.500,0.200
6156,7596,4045,3,24,37164,ca0368247a0f0b0f,47.000,156.600,0.100
6157,7597,4046,3,24,37164,4a769e3e1daa84bb,48.300,195.300,0.400
6158,7598,4047,3,24,37164,94128e8e4fe0d1a4,47.800,191.200,0.300
6159,7599,4048,3,24,37164,4b9fade18ec71821,49.300,194.100,0.200
6160,7600,4049,3,24,37164,17ae2f646862ee9a,47.300,144.300,0.100
6161,7601,4050,3,24,37164,3411659ff4a217c5,47.700,165.800,0.200
6162,7602,4051,3,24,37164,324b90addbbad301,50.900,179.200,1.300
6163,7603,4052,3,24,37164,06ec5034499ee975,46.600,151.900,0.100
6164,7604,4053,3,24,37164,52b5f403c1e200ce,48.600,157.500,0.200
6165,7605,4054,3,24,37164,0c922bd886f04c8f,54.600,186.100,0.100
6166,7606,4055,3,24,37164,2efa7b9c42d8c8b3,49.200,181.400,0.100
6167,7607,4056,3,24,37164,994618cbf86df7a8,47.700,150.900,0.200
6168,7608,4057,3,24,37164,8558a8d1e85b9560,51.000,170.100,0.300
6169,7609,4058,3,24,37164,11f1a070d52652fb,48.700,148.700,0.100
6170,7610,4059,3,24,37164,369f7f8569be1180,46.700,145.500,0.100
6171,7611,4060,3,24,37164,579288c728239136,67.600,221.000,0.400
6172,7612,4061,3,24,37164,f9b3512d0fe945be,46.900,138.800,0.100
6173,7613,4062,3,24,37164,631c3ae3c0cf7646,48.700,164.600,0.400
6174,7614,4063,3,24,37164,061b36190ce2f841,48.600,249.500,0.300
6175,7615,4064,3,24,37164,c285ba20ec9b319e,49.400,169.600,0.400
6176,7616,4065,3,24,37164,3e98cb6684f099d9,47.000,191.800,0.300
6177,7617,4066,3,24,37164,2531063539795521,50.200,142.900,0.100
6178,7618,4067,3,24,37164,33593530cc4d1616,45.200,199.800,0.400
6179,7619,4068,3,24,37164,592e583a2fed6813,51.600,158.300,0.100
6180,7620,4069,3,24,37164,c45ac931961fc914,50.400,726.000,0.100
6181,7621,4070,3,24,37164,96b733f70f2132f4,51.000,216.300,0.100
6182,7622,4071,3,24,37164,408e7b3d762e937e,53.500,201.400,0.200
6183,7623,4072,3,24,37164,e30fcae3356f205a,50.200,192.200,0.100
6184,7624,4073,3,24,37164,3302b587b42edb7d,54.600,216.400,0.300
6185,7625,4074,3,24,37164,cc989b98bd0a4779,48.000,152.100,0.400
6186,7626,4075,3,24,37164,155a294c717088fc,48.800,223.300,0.400
6187,7627,4076,3,24,37164,01936295d9db1690,47.300,143.900,0.100
6188,7628,4077,3,24,37164,265e8628361b56ba,45.900,143.100,0.100
6189,7629,4078,3,24,37164,6b2c632c0fb226eb,49.900,172.500,0.200
6190,7630,4079,3,24,37164,b9f5f0ed3a89e983,50.200,163.300,0.100
6191,7631,4080,3,24,37164,35ed861f4621b1b5,54.400,231.200,0.100
6192,7632,4081,3,24,37164,a5c67735e4da4d41,49.400,157.800,0.200
6193,7633,4082,3,24,37164,e9a69e9e59a041dd,51.400,152.300,0.100
6194,7634,4083,3,24,37164,f7f74d712be0366e,49.700,192.800,0.300
6195,7635,4084,3,23,36132,2df29974c2fc7ddd,49.500,178.100,0.200
6196,7636,4085,3,23,36132,414dc1c77b5ddb12,47.100,146.400,0.400
6197,7637,4086,3,23,36132,aea307b55f1b2eb3,49.500,154.500,0.100
6198,7638,4087,3,23,36132,9c5a7be5f605abe3,47.500,150.200,0.200
6199,7639,4088,3,23,36132,5d93a5ceaafe88cd,56.900,154.000,0.200
6200,7640,4089,3,23,36132,d1ebbe3b8a51ad5c,47.900,205.200,0.100
6201,7641,4090,3,23,36132,94c2ef9559baa8b5,47.900,202.900,0.200
6202,7642,4091,3,23,36132,a88f8e9b2c7fb245,63.300,225.500,0.100
6203,7643,4092,3,23,36132,14f99d66cb5950d6,47.400,153.800,0.300
6204,7644,4093,3,23,36132,b83bf0f0f7e99fce,61.100,173.200,0.100
6205,7645,4094,3,23,36132,a844ca3e67a7db29,52.800,148.400,0.100
6206,7646,4095,3,23,36132,48b63968f15bde5b,46.400,144.300,0.200
6207,7647,4096,3,23,36132,f25fa76961ca73da,46.200,144.900,0.300
6208,7648,4097,3,23,36132,19c7f0b36c75cab8,45.200,180.000,0.300
6209,7649,4098,3,23,36132,e489d4bf1e89dbb2,46.700,145.800,0.200
6210,7650,4099,3,23,36132,81aadf42250b4f22,46.100,241.700,0.700
6211,7651,4100,3,23,36132,71e482071d1f4ec4,45.500,201.500,0.100
6212,7652,4101,3,23,36132,2b9aac8f7170927c,44.800,144.300,0.100
6213,7653,4102,3,23,36132,14643f6a1ac7e664,58.800,166.600,0.100
6214,7654,4103,3,23,36132,1d3260c91b74d368,44.900,143.700,0.100
6215,7655,4104,3,23,36132,b0eaa893e7687273,45.200,189.800,0.200
6216,7656,4105,3,23,36132,4d9dcfbe3d517bd6,43.000,189.800,0.100
6217,7657,4106,3,23,36132,f8575b40032dbe92,46.600,178.000,0.100
6218,7658,4107,3,23,36132,918f5dae5e4799ed,46.000,176.100,0.100
6219,7659,4108,3,23,36132,c8132d6d84f633ce,45.900,166.600,0.200
6220,7660,4109,3,23,36132,19df2a95905142e3,67.800,160.000,0.100
6221,7661,4110,3,23,36132,95c2ad2c482a3bd5,56.800,172.600,0.100
6222,7662,4111,3,23,36132,decfbd79d7593f46,48.900,175.200,0.100
6223,7663,4112,3,23,36132,ebc834760cee9381,46.200,161.200,1.200
6224,7664,4113,3,23,36132,026c00cf9e016f31,44.100,146.500,0.200
6225,7665,4114,3,23,36132,257aced3b99755cb,62.200,184.100,0.600
6226,7666,4115,3,23,36132,7b0bd9c029395951,63.900,194.700,0.100
6227,7667,4116,3,23,36132,792fed6d923a6c84,47.900,164.900,0.100
6228,7668,4117,3,23,36132,91424ecdce1812fa,46.000,145.500,0.100
6229,7669,4118,3,23,36132,1881384521e63e56,48.500,176.100,0.400
6230,7670,4119,3,23,36132,b294823d32d41d68,49.000,177.100,0.500
6231,7671,4120,3,23,36132,f9482720657462da,45.700,150.800,0.100
6232,7672,4121,3,23,36132,39c1efb2007a9090,46.900,178.800,0.100
6233,7673,4122,3,23,36132,90ece08c505e4fa5,44.900,196.500,0.300
6234,7674,4123,3,23,36132,e27fa51932783538,75.500,171.800,0.400
6235,7675,4124,3,23,36132,19abd5c612e8bfe4,46.700,218.700,0.200
6236,7676,4125,3,23,36132,e9713a6003157278,44.300,143.300,0.100
6237,7677,4126,3,23,36132,2286277c39988bfc,50.000,190.200,0.300
6238,7678,4127,3,21,34068,3149c75092871d2a,43.700,132.300,0.200
6239,7679,4128,3,21,34068,5e6cf4d3d471cb99,44.700,168.600,0.400
6240,7680,4129,3,21,34068,15c447027c5f96e9,51.900,729.300,0.100
6241,7681,4130,3,19,32004,fbcb16122ec1779f,43.100,260.800,0.500
6242,7682,4131,3,19,32004,f54696cd819ffc01,46.400,199.300,0.400
6243,7683,4132,3,18,30972,77fd8759409f03c2,43.200,242.300,0.100
6244,7684,4133,3,18,30972,f732c6cc5d015ca3,42.700,157.800,0.400
6245,7685,4134,3,18,30972,b2869e6aa0262f96,54.000,150.600,0.100
6246,7686,4135,3,18,30972,36c9fa91ff3b1075,41.400,129.500,0.100
6247,7687,4136,3,18,30972,c1a2bf9680e4b710,39.700,170.900,0.300
6248,7688,4137,3,18,30972,94fa13ba92aa3ab1,39.800,142.200,0.100
6249,7689,4138,4,18,35072,3c1f3ef1d5e5bc65,44.400,158.300,0.100
6250,7690,4139,3,18,30972,72d2630f6ef6feb4,43.300,168.800,0.300
6251,7691,4140,4,18,35072,6a3a6432d78747fd,55.600,148.600,0.200
6252,7692,4141,3,18,30972,73ced4fb4a6f352f,41.600,268.800,0.100
6253,7693,4142,4,18,35072,68d45af7129abce6,52.400,155.100,0.100
6254,7694,4143,3,18,30972,5ba3f27a6d41f0ff,40.900,150.400,0.100
6255,7695,4144,4,18,35072,39e49927402c8918,43.600,143.300,0.100
6256,7696,4145,3,18,30972,fdd366f7cfde7711,39.400,147.000,0.100
6257,7697,4146,4,18,35072,6ca2e1354996e8cf,46.800,150.100,0.300
6258,7698,4147,3,18,30972,acf21abef936fb50,42.200,142.500,0.100
6259,7699,4148,4,18,35072,50f2cdc0fa4aca60,44.800,140.400,0.100
6260,7700,4149,3,18,30972,2382834946fc904f,49.000,148.500,0.200
6261,7701,4150,4,18,35072,7a04aa4cc97e43f4,41.600,141.300,0.100
6262,7702,4151,3,18,30972,5d443d5f429a38fb,39.200,153.700,0.100
6263,7703,4152,4,18,35072,dfefef2a4e565e13,43.600,184.200,0.100
6264,7704,4153,3,18,30972,ec3b979cc7d5eee2,41.100,140.400,0.400
6265,7705,4154,4,18,35072,75a8b00ac7036a50,46.800,147.300,0.100
6266,7706,4155,3,18,30972,18d2c6d51bff8eba,40.100,201.200,0.100
6267,7707,4156,4,18,35072,76570dc30424dde7,46.100,222.000,0.200
6268,7708,4157,3,18,30972,b72862b045a942d2,42.500,158.400,0.100
6269,7709,4158,4,18,35072,aa3091a34689b0e0,47.800,181.500,0.300
6270,7710,4159,3,18,30972,e1731348aff3ca61,40.000,176.100,0.100
6271,7711,4160,4,18,35072,f9f460c72b1c9da9,45.000,175.500,0.100
6272,7712,4161,3,21,34068,4e884601fbc77f09,47.400,186.700,0.400
6273,7713,4162,3,21,34068,060936c6a7dceb48,43.300,145.000,0.100
6274,7714,4163,3,21,34068,d2d1ccc28a8d055e,45.000,140.900,0.100
6275,7715,4164,3,21,34068,28b1eca8bce87483,48.100,176.600,0.200
6276,7716,4165,3,21,34068,a309df9a25c96415,45.200,157.200,0.200
6277,7717,4166,3,21,34068,a2ff992999714e05,60.000,198.400,0.100
6278,7718,4167,3,21,34068,c043bd9cc882604c,46.600,140.900,0.100
6279,7719,4168,3,21,34068,9afafb365da7dd13,45.200,195.000,0.100
6280,7720,4169,3,21,34068,d7126db68c6aedc1,64.300,231.300,0.400
6281,7721,4170,3,21,34068,78c56299276fc195,51.100,155.600,0.200
6282,7722,4171,3,21,34068,b3e702c4187d06f3,52.900,185.700,0.400
6283,7723,4172,3,21,34068,2ca274691f3660d6,44.700,210.500,0.300
6284,7724,4173,3,21,34068,a3e70c936ea9c3fb,44.400,163.700,0.100
6285,7725,4174,3,21,34068,c80dd078c7d2856f,44.700,167.600,0.400
6286,7726,4175,3,21,34068,712abc49ebd70e6a,44.600,199.000,0.400
6287,7727,4176,3,21,34068,0998d80488cf9200,46.700,160.000,0.100
6288,7728,4177,3,21,34068,f643cda472bcceb1,42.000,178.200,0.100
6289,7729,4178,3,21,34068,a3df38fbed020887,42.800,269.400,0.400
6290,7730,4179,3,21,34068,dd4724d1fc3cfa28,52.700,227.100,0.400
6291,7731,4180,3,21,34068,3b1a69f2a1a50581,43.400,144.500,0.100
6292,7732,4181,3,21,34068,9b63699699231e88,45.800,162.500,0.200
6293,7733,4182,3,21,34068,bda1008bf35e306c,42.900,146.400,0.100
6294,7734,4183,3,21,34068,5261d2a6b81b94db,47.700,257.400,0.400
6295,7735,4184,3,21,34068,2ee5e6fc7d7f31bd,48.500,194.300,0.300
6296,7736,4185,3,21,34068,c8083906bd3c41b8,47.700,158.200,0.100
6297,7737,4186,3,21,34068,74455aff4dc5eee3,50.600,287.500,0.500
6298,7738,4187,3,21,34068,ce8c4c169941808a,45.500,210.200,0.500
6299,7739,4188,3,21,34068,c2bf3313c0d1b030,46.100,206.000,0.400
6300,7740,4189,3,21,34068,da5c59a2db0bce69,47.600,852.400,0.300
6301,7741,4190,3,21,34068,9593e76bcc368b3f,46.000,197.300,0.200
6302,7742,4191,3,21,34068,cfd1767d54b35f12,45.300,220.200,0.100
6303,7743,4192,3,21,34068,f04f313379a4952d,48.200,163.800,0.100
6304,7744,4193,3,20,33036,c176aabe2f42ab78,46.600,209.400,0.100
6305,7745,4194,3,20,33036,d2e5c03218f9362a,42.200,165.700,0.100
6306,7746,4195,3,18,30972,52b338f7bf953171,40.100,166.800,0.100
6307,7747,4196,3,17,29940,289d6dddbfae801c,40.200,234.200,0.100
6308,7748,4197,3,15,27876,fe24579ddc072ad7,38.600,147.600,0.200
6309,7749,4198,3,14,26844,37ff359785b9287f,34.300,145.800,0.100
6310,7750,4199,3,14,26844,cd73a9eb8d747181,39.200,157.000,0.400
6311,7751,4200,3,14,26844,37c610602004477c,38.400,177.400,0.200
6312,7752,4201,3,14,26844,7d6744766ac573ae,38.200,242.300,0.300
6313,7753,4202,3,14,26844,e5b9920a557703a4,39.600,145.900,0.100
6314,7754,4203,3,14,26844,f8fa6120cec5fde1,44.500,372.400,0.400
6315,7755,4204,3,14,26844,2eb154d976e1c052,36.700,171.000,0.100
6316,7756,4205,3,14,26844,c8dafe93c9551e59,38.300,160.000,0.400
6317,7757,4206,3,14,26844,e0de51bdd5feea43,345.100,218.400,0.400
6318,7758,4207,3,14,26844,7bdaf96548b74244,37.900,219.600,0.300
6319,7759,4208,3,14,26844,f8045e1272a9338f,37.500,184.800,0.300
6320,7760,4209,3,14,26844,24dc3c03e0435f26,38.600,154.000,0.200
6321,7761,4210,3,14,26844,906045de4ac21d38,36.300,141.800,0.100
6322,7762,4211,3,14,26844,2ecc48f2d69bdfef,36.700,144.400,0.100
6323,7763,4212,3,14,26844,e44af76523528a9d,37.100,155.900,0.400
6324,7764,4213,3,14,26844,0f34346853959b7c,39.700,163.700,0.100
6325,7765,4214,3,14,26844,1c7de5cd75a17aaf,46.000,198.900,0.200
6326,7766,4215,3,14,26844,0243e8493c74b1fc,40.200,161.900,0.200
6327,7767,4216,3,14,26844,c19f200a339b46d3,38.700,153.900,0.100
6328,7768,4217,3,14,26844,c560554d49c4273c,38.100,138.300,0.100
6329,7769,4218,3,14,26844,2e8445eeb415356f,44.300,210.500,0.100
6330,7770,4219,3,14,26844,c5a88f7db9e131dc,53.100,185.700,0.300
6331,7771,4220,3,14,26844,bc675ac1d18e269b,35.700,150.200,0.100
6332,7772,4221,3,14,26844,e29e303a434530e2,37.400,147.500,0.100
6333,7773,4222,3,14,26844,eabc707c150dd02b,56.400,229.900,0.200
6334,7774,4223,3,14,26844,aff8e01f07ab1e3e,36.600,144.200,0.100
6335,7775,4224,3,14,26844,7870469b77fc577a,38.700,143.500,0.100
6336,7776,4225,3,14,26844,d863267eb6980bce,38.100,233.200,0.400
6337,7777,4226,3,14,26844,aa859947499c8622,37.400,144.000,0.100
6338,7778,4227,3,14,26844,4a11ab108e58ef3a,35.900,159.200,0.100
6339,7779,4228,3,14,26844,e962d4b8c5e0dd20,46.300,221.700,0.400
6340,7780,4229,3,14,26844,da2b285a2bc8fd55,37.800,138.600,0.400
6341,7781,4230,3,14,26844,da6b523c306979f5,40.200,239.200,0.100
6342,7782,4231,3,14,26844,f68de1781a819265,34.800,150.600,0.200
6343,7783,4232,3,14,26844,283205c0e911486c,43.700,130.800,0.100
6344,7784,4233,3,14,26844,9ccd80ea8113fc14,38.900,139.300,0.200
6345,7785,4234,3,14,26844,f0a83c3f92d14b54,39.900,134.400,0.100
6346,7786,4235,3,14,26844,57c28c8f506d2e9c,36.400,156.100,0.100
6347,7787,4236,3,14,26844,723a27c32622843e,40.000,191.200,0.100
6348,7788,4237,3,14,26844,2511d821832b0c96,38.200,156.100,0.100
6349,7789,4238,3,14,26844,c6cf1771228928ef,43.800,182.700,0.100
6350,7790,4239,3,14,26844,778bc65425b517bd,38.300,149.700,0.100
6351,7791,4240,3,14,26844,75a2a55b909ba443,40.700,162.500,0.100
6352,7792,4241,3,14,26844,40696af69f295f72,39.700,184.000,0.300
6353,7793,4242,3,14,26844,66f71a4b8b347d5c,38.600,143.700,0.100
6354,7794,4243,3,14,26844,b1d9d5ed9b738ed6,37.000,146.900,0.100
6355,7795,4244,3,14,26844,dbbe67d8510d9fcd,39.300,226.300,0.300
6356,7796,4245,3,14,26844,8e5c87b2c9b5ed95,37.900,147.600,0.100
6357,7798,4246,3,14,26844,cf43825fd03e554e,52.300,177.400,0.100
6358,7799,4247,3,14,26844,24e6a06867b49219,43.700,188.900,0.100
6359,7800,4248,3,14,26844,a81d33a71626529d,40.000,659.500,0.100
6360,7801,4249,3,14,26844,315c9cf43ec6fc7a,37.400,136.400,0.100
6361,7802,4250,3,14,26844,a01f6cd1d33785bf,38.000,149.100,0.100
6362,7803,4251,3,14,26844,d7a2368d39faa24b,36.800,180.600,0.100
6363,7804,4252,3,14,26844,b2972ed31a38df76,39.600,175.300,0.200
6364,7805,4253,3,15,27876,e7184ba1104eced4,38.300,168.500,0.200
6365,7806,4254,3,16,28908,2c1d682c0204b0e9,38.000,140.000,0.200
6366,7807,4255,3,17,29940,d97d6235cb63a503,41.900,475.500,0.100
6367,7808,4256,3,17,29940,18f5e12c9316ea87,39.100,141.200,0.100
6368,7809,4257,3,17,29940,9c2a73f8d0b6a9a9,49.400,231.000,0.500
6369,7810,4258,3,17,29940,ec8d0fad5d82f119,39.500,184.000,0.200
6370,7811,4259,3,17,29940,528c604722dff4f7,39.200,138.600,0.100
6371,7812,4260,3,17,29940,e7588b3db8e50222,39.200,194.300,0.100
6372,7813,4261,3,17,29940,0e1efd2375b603f0,36.600,155.000,0.100
6373,7814,4262,3,17,29940,55b38f8b1293acad,42.900,183.300,0.100
6374,7815,4263,3,17,29940,fd2b653a3d3dc488,38.400,138.300,0.100
6375,7816,4264,3,17,29940,7345fa6efd906abe,42.500,161.900,0.400
6376,7817,4265,3,17,29940,b2864a8cc8747e01,38.600,142.900,0.400
6377,7818,4266,3,17,29940,ffbfb3df4a20745a,40.400,147.700,0.100
6378,7819,4267,3,17,29940,6c1440ca295eb24b,39.300,311.300,0.400
6379,7820,4268,3,17,29940,c7902799d17ed0ff,45.700,232.300,0.300
6380,7821,4269,3,17,29940,1c60e0e813f2a977,40.900,179.100,0.100
6381,7822,4270,3,17,29940,cce16893dd553b51,41.000,153.400,0.100
6382,7823,4271,3,17,29940,0b02eff4ba68d701,40.100,160.200,0.200
6383,7824,4272,3,17,29940,90fc94f65b718343,41.200,150.500,0.200
6384,7825,4273,3,17,29940,5ffa9a2a9f90f0cb,40.200,125.000,0.100
6385,7826,4274,3,17,29940,b6186960de1a883d,40.200,142.300,0.400
6386,7827,4275,3,17,29940,49e62d8d8e94b32a,39.800,175.600,0.100
6387,7828,4276,3,17,29940,2b466f98a0410781,39.500,158.400,0.100
6388,7829,4277,3,17,29940,6280e7a3da8ed858,38.800,317.200,0.100
6389,7830,4278,3,17,29940,ef2fe57390556118,55.300,136.500,0.100
6390,7831,4279,3,17,29940,b02a8d7c2fc3573d,38.100,180.600,1.300
6391,7832,4280,3,17,29940,66c380c9d7227cfd,41.700,152.600,0.100
6392,7833,4281,3,17,29940,078ae817d7727ce4,40.500,153.200,0.100
6393,7834,4282,3,17,29940,b0c5f511b7513bfa,41.500,212.500,0.500
6394,7835,4283,3,17,29940,1cd0804cbedc3023,38.800,170.000,0.100
6395,7836,4284,3,17,29940,724a48e94b3e2e21,40.100,132.800,0.400
6396,7837,4285,3,17,29940,73ce6973d169b854,42.100,158.300,0.500
6397,7838,4286,3,17,29940,65814f4d9d62810b,55.900,162.400,0.100
6398,7839,4287,3,17,29940,164d21ae2cfc7964,59.400,239.100,0.400
6399,7840,4288,3,17,29940,8656f1c3b53d8f5e,49.000,148.500,0.400
6400,7841,4289,3,17,29940,7115b2cc4ed750a8,40.400,144.200,0.300
6401,7842,4290,3,17,29940,9aac86be1251fc11,44.200,190.300,0.500
6402,7843,4291,3,17,29940,8f2ebd7399253690,40.400,143.500,0.100
6403,7844,4292,3,17,29940,c5f2c5e6caff929c,38.500,167.300,0.200
6404,7845,4293,3,10,22716,6e696f5c77f9ad97,33.000,182.500,0.100
6405,7846,4294,3,10,22716,4ebf7d36755a45af,38.200,167.900,0.200
6406,7847,4295,3,10,22716,aae5574f62200475,33.900,140.000,0.100
6407,7848,4296,3,10,22716,58b7da602d17412c,40.500,262.800,0.200
6408,7849,4297,3,10,22716,d15dcac0604a6e1a,42.200,192.400,0.700
6409,7850,4298,3,10,22716,84ab4467144ec0e5,35.200,151.100,0.500
6410,7851,4299,3,10,22716,8fe4454d1e211279,34.400,219.000,0.100
6411,7852,4300,3,10,22716,7d06ca97478caede,34.200,164.100,0.100
6412,7853,4301,3,10,22716,debf963e4897c322,38.500,138.100,0.500
6413,7854,4302,3,10,22716,c85e39f917c41ce9,35.300,142.700,0.100
6414,7855,4303,3,10,22716,21bf31028d9a7988,32.100,161.500,0.100
6415,7856,4304,3,10,22716,36b8fab5b48ca70a,32.400,161.600,0.100
6416,7857,4305,3,10,22716,52cf15e48d4d6d72,34.100,161.600,0.100
6417,7858,4306,3,10,22716,6040f3b25539e974,34.600,152.400,0.100
6418,7859,4307,3,10,22716,f22fd7314a789585,38.300,141.600,0.100
6419,7860,4308,3,10,22716,d2843be334ef3481,37.100,680.600,0.200
6420,7861,4309,3,10,22716,f3e992f29af0be75,35.300,181.600,0.300
6421,7862,4310,3,10,22716,2d289f0e589db38c,41.000,138.400,0.100
6422,7863,4311,3,10,22716,499d12aec4ee1f67,31.700,142.100,0.400
6423,7864,4312,3,10,22716,428dbe98bfea63dd,31.300,143.900,0.400
6424,7865,4313,3,10,22716,2a989d4964b66cc7,33.900,180.300,0.100
6425,7866,4314,3,10,22716,93a85b4cb73584b1,40.700,157.000,0.100
6426,7867,4315,3,10,22716,0b145c72f7a26b58,35.600,169.400,0.100
6427,7868,4316,3,10,22716,901b03810a710eab,32.300,149.800,0.500
6428,7869,4317,3,10,22716,900c58b8f009b44a,31.900,162.200,0.100
6429,7870,4318,3,10,22716,ae1ba9921d6879b2,57.500,318.800,0.100
6430,7871,4319,3,10,22716,83e3d9c2cf35db7f,61.300,275.000,0.200
6431,7873,4320,3,10,22716,7b87aed4e4f5b6b8,44.400,138.600,0.100
6432,7874,4321,3,10,22716,43856cca9d4e3481,33.400,155.400,0.200
6433,7875,4322,3,10,22716,7a1db955b4d7b3b6,35.100,145.300,0.100
6434,7876,4323,3,10,22716,ff9c1cb7ec026f55,33.700,141.000,0.200
6435,7877,4324,3,10,22716,104bac3d17dbaa38,33.100,138.900,0.200
6436,7878,4325,3,10,22716,e655dfd8ed1b2f7a,33.800,206.400,0.100
6437,7879,4326,3,10,22716,7e143ab4ad523d9b,33.000,137.300,0.100
6438,7880,4327,3,10,22716,4a10e2653d05de8b,32.500,174.200,0.400
6439,7881,4328,3,10,22716,eb673f5087faf0d4,35.900,160.200,0.100
6440,7882,4329,3,10,22716,05c1c47d180f429d,33.700,142.300,0.100
6441,7883,4330,3,10,22716,d783df6b39dddc53,33.800,163.400,0.400
6442,7884,4331,3,10,22716,58f9a1e088c98dd0,44.200,184.400,0.200
6443,7885,4332,3,10,22716,97c21564de804b85,34.300,164.400,0.400
6444,7886,4333,3,10,22716,7f2f8b1b27dd8573,35.200,149.800,0.200
6445,7887,4334,3,10,22716,9a748d7df8b22e40,33.500,152.900,0.400
6446,7888,4335,3,10,22716,2ff8b3a683a1645d,33.100,146.300,0.200
6447,7889,4336,3,10,22716,4260ccece6d7e625,60.000,192.100,0.100
6448,7890,4337,3,10,22716,20dfdd7dc65cf358,31.000,152.400,0.400
6449,7891,4338,3,10,22716,224d9b69cd72cde5,33.000,173.100,0.300
6450,7892,4339,3,10,22716,dac87b46ea30cb19,57.100,234.000,0.200
6451,7893,4340,3,10,22716,da481582bc7d4de0,36.900,171.300,0.200
6452,7894,4341,3,10,22716,87bd934259a3cd19,63.400,199.300,0.300
6453,7895,4342,3,10,22716,7c7474a81a52574e,41.500,198.000,0.400
6454,7896,4343,3,10,22716,8ed2a9fc3fdbf9c6,37.000,173.000,0.100
6455,7897,4344,3,10,22716,9d9eee8c42792114,32.000,154.200,0.100
6456,7898,4345,3,10,22716,86a2544bee08268d,35.000,142.800,0.300
6457,7899,4346,3,10,22716,14e9d0665ca9a9da,33.800,145.400,0.100
6458,7900,4347,3,10,22716,d4c372f24198fdfc,42.300,132.200,0.100
6459,7901,4348,3,10,22716,aca450e0adf9975c,32.800,181.300,0.300
6460,7902,4349,3,10,22716,d6e8b7f8c284c96d,33.100,182.600,0.100
6461,7903,4350,3,10,22716,79a4ab48eff2d280,96.700,128.500,0.200
6462,7904,4351,3,10,22716,e986a2a82ae13085,33.200,145.900,0.500
6463,7905,4352,3,10,22716,0b7dd16addf432ac,33.400,142.100,0.100
6464,7906,4353,3,10,22716,a7aa5fbf24407603,34.500,157.400,0.500
6465,7907,4354,3,10,22716,5bbdc4249bff2042,30.600,196.400,0.100
6466,7908,4355,3,10,22716,8918e9f5481f5f62,31.200,184.100,0.100
6467,7909,4356,3,10,22716,72011a0a76802124,36.700,177.000,0.200
6468,7910,4357,3,10,22716,85d278b9d41578fe,33.200,136.400,0.200
6469,7911,4358,3,10,22716,3322b7aea7424d49,31.500,167.300,0.200
6470,7912,4359,3,10,22716,889ea721220f592f,32.000,127.700,0.100
6471,7913,4360,3,10,22716,b292bcd5bf716cf6,36.100,209.700,0.300
6472,7914,4361,3,10,22716,b5ff643daef1b361,32.100,218.000,0.400
6473,7915,4362,3,10,22716,897edc124650f6f0,34.700,164.200,0.400
6474,7916,4363,3,10,22716,0e50a4f0ccc9ac33,32.800,150.500,0.100
6475,7917,4364,3,10,22716,05ea42d255ff6747,36.700,186.600,0.400
6476,7918,4365,3,10,22716,ba9f26251610286d,37.400,228.900,0.400
6477,7919,4366,3,10,22716,7993da7556c8aa1f,35.700,150.100,0.100
6478,7920,4367,3,10,22716,2a45babbfb5215b5,33.700,662.200,0.400
6479,7921,4368,3,10,22716,0cd74aba2e774430,32.100,142.400,0.100
6480,7922,4369,3,10,22716,fd39c48a15bafdf3,32.500,173.800,0.200
6481,7923,4370,3,10,22716,47abb38f0ca65145,31.600,227.200,0.100
6482,7924,4371,3,10,22716,6f7ce59ba576b641,36.500,164.000,0.400
6483,7925,4372,3,10,22716,03dacf7b16157cd5,57.700,176.100,0.100
6484,7926,4373,3,10,22716,3097601329f2a50b,33.800,129.800,0.100
6485,7927,4374,3,10,22716,6c208e6ae6d13828,32.600,134.300,0.100
6486,7928,4375,3,10,22716,3331d9fcab0bc68a,34.600,184.300,0.100
6487,7929,4376,3,10,22716,b7617f5d4c9c1610,31.500,129.200,0.100
6488,7930,4377,3,10,22716,dd30952b5327d621,40.600,128.900,0.100
6489,7931,4378,3,10,22716,8003fc5321fb9acf,33.200,141.700,0.400
6490,7932,4379,3,10,22716,284fb2d0f78c0676,33.600,147.300,0.300
6491,7933,4380,3,10,22716,2d42a5387c3b222e,31.300,145.300,0.100
6492,7934,4381,3,10,22716,37f91bfadd0fbc30,46.000,158.900,0.100
6493,7935,4382,3,10,22716,806716b3ce4d20b8,32.000,158.500,0.100
6494,7936,4383,3,10,22716,b86e6bfd9200eb88,33.000,137.900,0.200
6495,7937,4384,3,10,22716,4275a2727cd56a95,31.600,160.100,1.200
6496,7938,4385,3,10,22716,148836cfb6a3cf2d,32.300,130.800,0.100
6497,7939,4386,3,10,22716,c111823f636e5081,32.400,163.000,0.100
6498,7940,4387,3,10,22716,7ef0dc43bd977ae4,38.300,143.600,0.300
6499,7941,4388,3,10,22716,6936d07bc5dc45be,57.500,174.600,0.100
6500,7942,4389,3,10,22716,5afff6a28348e4cc,32.200,206.100,0.400
6501,7943,4390,3,10,22716,680371bb5fa6e8d0,32.300,194.400,0.100
6502,7944,4391,3,10,22716,517cd6b95608200c,32.200,136.100,0.200
6503,7945,4392,3,10,22716,a56946bb19268c69,32.200,153.700,0.100
6504,7946,4393,3,10,22716,cad8a4c4ff855f1f,33.400,187.000,0.500
6505,7947,4394,3,10,22716,47bdb7e898a64835,32.500,185.100,0.200
6506,7948,4395,3,10,22716,487c0b3e02a04969,31.400,144.300,0.500
6507,7949,4396,3,10,22716,5bb21a8eb306a270,42.300,193.000,0.400
6508,7950,4397,3,10,22716,9754f1df7a95aeed,37.300,213.500,0.200
6509,7951,4398,3,10,22716,60e9de5f95bdb03e,34.000,200.600,0.100
6510,7952,4399,3,10,22716,ad34b9a51cbbe654,36.700,180.700,0.600
6511,7953,4400,3,10,22716,d174358b8f7ddb7b,42.600,194.000,0.100
6512,7954,4401,3,10,22716,75cad107eb02887a,34.400,142.500,0.400
6513,7955,4402,3,10,22716,6051d2815451abf6,34.600,200.000,0.200
6514,7956,4403,3,10,22716,c0e34aa114989674,42.600,166.700,0.100
6515,7957,4404,3,10,22716,b21ece55ae5467c7,32.600,171.000,0.400
6516,7958,4405,3,10,22716,aae6ab6bc4a3429a,35.700,161.300,0.300
6517,7959,4406,3,10,22716,a155cc01ab9e6d38,33.700,163.100,0.100
6518,7960,4407,3,10,22716,ba50856bb168e003,32.700,173.300,0.400
6519,7961,4408,3,10,22716,b609ed67e8572b68,30.900,158.500,0.100
6520,7962,4409,3,10,22716,40440575572976eb,33.900,163.800,0.400
6521,7963,4410,3,10,22716,a16177c6d087f58b,35.200,148.600,0.100
6522,7964,4411,3,10,22716,165ff1697fa6fa48,31.400,143.000,0.100
6523,7965,4412,3,10,22716,f169f4e110b78796,73.800,129.000,0.200
6524,7966,4413,3,10,22716,60948e27824705ed,58.900,130.000,0.100
6525,7967,4414,3,10,22716,0cc74dfed95a548a,32.300,188.500,0.100
6526,7968,4415,3,10,22716,55be1a326524321a,32.900,140.300,0.100
6527,7969,4416,3,10,22716,da025991989d194d,32.600,141.000,0.200
6528,7970,4417,3,10,22716,3f7a8341b280a227,33.700,135.600,0.300
6529,7971,4418,3,10,22716,8089c1156e565fb2,32.400,133.400,0.100
6530,7972,4419,3,10,22716,188571276048eb36,31.900,127.000,0.100
6531,7973,4420,3,10,22716,b142e340d61baf7c,33.200,138.000,0.200
6532,7974,4421,3,10,22716,4d3e4df7303bc7f0,32.200,129.700,0.100
6533,7975,4422,3,10,22716,1ee7414a5b1107ff,39.100,131.400,0.100
6534,7976,4423,3,10,22716,62bd1aa2fb9d43d7,32.600,183.400,0.400
6535,7977,4424,3,10,22716,950f7e39a364571b,82.700,143.600,0.100
6536,7978,4425,3,10,22716,0664c72c1a9e5a0d,33.600,197.500,0.200
6537,7979,4426,3,10,22716,4f1a476c6bb39d3d,30.600,134.600,0.100
6538,7980,4427,3,10,22716,83a87d67909a5aa7,44.200,2160.800,0.200
6539,7981,4428,3,10,22716,b599dc875790a38b,32.100,172.700,0.200
6540,7982,4429,3,10,22716,3efee639f3002f3e,30.800,122.800,0.100
6541,7983,4430,3,10,22716,161b64ad9d1a8bae,33.900,138.500,0.200
6542,7984,4431,3,10,22716,b786a82dd385e5fb,35.100,239.000,0.400
6543,7986,4432,3,10,22716,acf6b0897f2d9aba,30.900,189.900,0.100
6544,7987,4433,3,10,22716,2cf84e292647d7f8,31.600,184.700,0.100
6545,7988,4434,3,10,22716,04fcde71ccbcbc77,54.500,192.100,0.200
6546,7989,4435,3,10,22716,7d05e80f9589a729,32.600,205.700,0.200
6547,7990,4436,3,10,22716,b87a2de5bdf7e743,33.000,186.200,0.500
6548,7991,4437,3,10,22716,3a7b24177658a906,32.500,181.500,0.300
6549,7992,4438,3,10,22716,af298518446f1ee7,33.300,187.900,0.100
6550,7993,4439,3,10,22716,c2a453e5ba0377de,32.900,139.500,0.100
6551,7994,4440,3,10,22716,56469676f0e61fae,35.200,156.700,0.100
6552,7995,4441,3,10,22716,657c89731ecf2b04,32.300,141.900,0.100
6553,7996,4442,3,10,22716,7a766043f8662a93,31.800,156.100,0.100
6554,7997,4443,3,10,22716,2674f6e3c96f80e9,32.000,142.700,0.200
6555,7998,4444,3,10,22716,3a9ab50dbf3d2217,35.600,163.000,0.300
6556,7999,4445,3,10,22716,d78bae126c3d4eaa,35.200,179.900,0.100
6557,8000,4446,3,10,22716,f57ea4b2d811f008,33.600,159.600,0.300
6558,8001,4447,3,10,22716,a9e48797301e5ac9,32.800,172.300,0.100
6559,8002,4448,3,10,22716,4f8c2396f9e89437,50.700,126.700,0.100
6560,8003,4449,3,10,22716,b42a56dd6043477e,55.900,183.400,0.300
6561,8004,4450,3,10,22716,bcaa4498b6a2ba04,34.600,161.200,0.100
6562,8005,4451,3,10,22716,a6581b840e3b60fd,33.300,144.400,0.100
6563,8006,4452,3,10,22716,0369b4537f5d54f5,43.900,130.700,0.100
6564,8007,4453,3,10,22716,25542622a4b7e8a4,34.800,180.600,0.300
6565,8008,4454,3,10,22716,15173bc6c3a37c12,30.400,171.000,0.100
6566,8009,4455,3,10,22716,8149a3a5cf6b4094,36.900,184.700,0.400
6567,8010,4456,3,10,22716,9264887f7176cdfe,30.500,151.300,0.100
6568,8011,4457,3,10,22716,dc5df5d7c799cacd,36.100,145.900,0.100
6569,8012,4458,3,10,22716,519c4f4dc5c579a7,46.800,132.600,0.100
6570,8013,4459,3,10,22716,29ff9bbd5c565534,34.300,146.600,0.200
6571,8014,4460,3,10,22716,c39e7e07c3ac374f,32.900,144.000,0.200
6572,8015,4461,3,10,22716,8ccbb75118a24b9f,32.200,140.000,0.100
6573,8016,4462,3,10,22716,34c7ac490eb8a7a7,32.700,164.200,0.100
6574,8017,4463,3,10,22716,b1111631daaa2700,33.400,157.800,0.300
6575,8018,4464,3,10,22716,7f83e3ffb3c6f426,31.200,125.100,0.200
6576,8019,4465,3,10,22716,ce1e014a726c908d,33.200,141.000,0.100
6577,8020,4466,3,10,22716,1f054f1798613094,34.000,140.600,0.100
6578,8021,4467,3,10,22716,95a984f94b1d6c0e,32.200,179.800,0.200
6579,8022,4468,3,10,22716,964da42b0db75e5a,32.500,155.900,0.300
6580,8023,4469,3,10,22716,c52ac49ce1376204,32.100,131.400,0.300
6581,8024,4470,3,10,22716,bc30366d4b83b7fd,33.400,164.500,0.100
6582,8025,4471,3,10,22716,e17956c17a77f49b,31.900,173.600,0.100
6583,8026,4472,3,10,22716,368c623c4de5bd31,37.100,157.300,0.100
6584,8027,4473,3,10,22716,7dca48eab1db2d6b,34.700,144.300,0.400
6585,8028,4474,3,10,22716,874b5116467eeaeb,39.100,159.800,0.400
6586,8029,4475,3,10,22716,3a579164087c1d48,32.900,178.400,0.100
6587,8030,4476,3,10,22716,3971d78539fbedc0,33.500,136.100,0.200
6588,8031,4477,3,10,22716,f077e1a9eead6e19,31.400,149.700,1.200
6589,8032,4478,3,10,22716,8560efaf73e4735f,33.700,198.600,0.300
6590,8033,4479,3,10,22716,c939806b09e2b4d9,40.300,177.800,0.100
6591,8034,4480,3,10,22716,066f9cdb62cb4079,34.100,138.800,0.400
6592,8035,4481,3,10,22716,b38baa6164bf33f4,61.200,159.400,0.100
6593,8036,4482,3,10,22716,e43d16844b7ae232,58.300,152.500,0.400
6594,8037,4483,3,10,22716,9a99f5d626f796a7,33.500,117.900,0.200
6595,8038,4484,3,10,22716,d852b0c95f5892a8,32.700,122.300,0.200
6596,8039,4485,3,10,22716,fe4b9af45bde9e7b,46.700,210.100,0.100
6597,8040,4486,3,10,22716,b87bc1e2ab737af5,37.100,769.700,0.200
6598,8041,4487,3,10,22716,39bbb9a3782804b9,32.500,181.400,0.100
6599,8042,4488,3,10,22716,74478ec7a5ab6cb4,32.100,171.400,0.100
6600,8043,4489,3,10,22716,43b5074cb30b52cf,32.300,185.700,0.100
6601,8044,4490,3,10,22716,ec8fdd48d8abac91,37.100,176.300,0.100
6602,8045,4491,3,10,22716,eb2930e43e2da28d,33.100,282.300,0.400
6603,8046,4492,3,10,22716,f4d7f03904da77b0,44.700,151.400,0.100
6604,8047,4493,3,10,22716,7b08add01f212ba7,31.300,195.000,0.200
6605,8048,4494,3,10,22716,702bb43fc8d9de1c,31.600,141.900,0.200
6606,8049,4495,3,10,22716,37f46a96f8f11487,31.200,130.400,0.100
6607,8050,4496,3,10,22716,c95db5743f96c876,34.000,147.700,0.400
6608,8051,4497,3,10,22716,2a58e83d12b2dcd3,32.600,146.600,0.300
6609,8052,4498,3,10,22716,766cbb3d58370cc6,48.000,177.600,0.200
6610,8053,4499,3,10,22716,d9b85e9a3b964386,34.400,143.400,0.100
6611,8054,4500,3,10,22716,2662907266c7e71e,31.900,168.400,0.100
6612,8055,4501,3,10,22716,46c4394dea31f7b7,34.400,197.800,0.100
6613,8056,4502,3,10,22716,cc45f7539c6a94e9,33.400,157.600,0.300
6614,8057,4503,3,10,22716,407c6d9e75249228,31.100,135.900,0.100
6615,8058,4504,3,10,22716,28f1316eb799e959,34.300,157.800,1.200
6616,8059,4505,3,10,22716,d75580e34e5346b1,33.100,124.600,0.100
6617,8060,4506,3,10,22716,769e1b52ab244862,35.200,162.300,0.100
6618,8061,4507,3,10,22716,a211cd3b4f168909,138.500,130.300,0.100
6619,8062,4508,3,10,22716,469b3d648544ff0a,62.300,180.600,0.300
6620,8063,4509,3,10,22716,de1bd6c8203cea82,31.900,156.100,0.100
6621,8064,4510,3,10,22716,df982cf694546570,32.500,130.100,0.100
6622,8065,4511,3,10,22716,4940257a0b76305b,33.300,145.000,0.200
6623,8066,4512,3,10,22716,ebcf149094ea6b95,31.500,131.800,0.100
6624,8067,4513,3,10,22716,309348d50101ff34,33.900,361.600,0.100
6625,8068,4514,3,10,22716,03a2dc8367c6b57a,33.500,238.000,0.100
6626,8069,4515,3,10,22716,1b94e5aa5c7bd29d,32.700,160.200,0.100
6627,8070,4516,3,10,22716,dbc6f4fbc6494bdd,34.500,148.400,0.100
6628,8072,4517,3,10,22716,c70e8611ea8e0605,44.100,166.100,0.100
6629,8073,4518,3,10,22716,b1957c12112defc2,34.000,194.900,0.400
6630,8074,4519,3,10,22716,536aa44973dec6c2,34.600,137.100,0.200
6631,8075,4520,3,10,22716,f2634fb258372e92,35.800,121.700,0.400
6632,8076,4521,3,10,22716,bd9ca53d35f1cb6e,33.300,133.700,0.100
6633,8077,4522,3,10,22716,7de2027d2fa4082b,32.000,129.400,0.200
6634,8078,4523,3,10,22716,5dcfb53648a061e2,31.400,122.300,0.100
6635,8079,4524,3,10,22716,f947e40d6cefbcaa,32.500,148.400,0.300
6636,8080,4525,3,10,22716,0414bf79202da288,30.100,127.700,0.100
6637,8081,4526,3,10,22716,e2f4493a994f7aac,33.100,126.500,0.400
6638,8082,4527,3,10,22716,5a9a21fde72d8f16,33.800,199.500,0.300
6639,8083,4528,3,10,22716,e64a461565fd382a,34.100,161.800,0.100
6640,8084,4529,3,10,22716,85847982fc284b31,74.100,134.700,0.200
6641,8085,4530,3,10,22716,227d4fc595180570,42.000,167.600,0.400
6642,8086,4531,3,10,22716,8561206aa2588626,33.600,135.300,0.100
6643,8087,4532,3,10,22716,bf4e67a8c4e2a11e,33.400,154.800,0.100
6644,8088,4533,3,10,22716,9f827bd879aec621,33.500,158.100,0.100
6645,8089,4534,3,10,22716,ce0789b02189efe4,33.500,150.800,0.100
6646,8090,4535,3,10,22716,2d8e3b8a822934d5,32.200,166.200,0.100
6647,8091,4536,3,10,22716,e758895171b80232,43.300,161.100,0.100
6648,8092,4537,3,10,22716,3a2bd1612a696ff6,34.600,139.600,0.100
6649,8093,4538,3,10,22716,8220983b582b49e5,31.200,168.700,0.200
6650,8094,4539,3,10,22716,2547d9fae10dcda3,31.200,307.100,0.300
6651,8095,4540,3,10,22716,5d766b8c631ab930,31.700,137.200,0.200
6652,8096,4541,3,10,22716,306314108c811800,32.700,261.000,0.100
6653,8097,4542,3,10,22716,760f53905610e097,34.400,210.600,0.400
6654,8098,4543,3,10,22716,96d3fe855d55f1a4,32.500,172.200,0.100
6655,8099,4544,3,10,22716,aaa97d53746ed47c,34.000,166.600,0.100
6656,8100,4545,3,10,22716,af9a184ffafbdca6,35.000,1259.000,0.500
6657,8101,4546,3,10,22716,014270c91911314a,47.800,215.900,0.300
6658,8103,4547,3,10,22716,d97233eb87ecb61e,33.400,190.900,0.100
6659,8105,4548,3,10,22716,7a6a390b92782d36,32.200,139.600,0.200
6660,8106,4549,3,10,22716,0628b8da04417bda,32.200,136.300,0.100
6661,8108,4550,3,10,22716,8f185d49b9008aa0,32.900,139.000,0.100
6662,8110,4551,3,10,22716,8590126ce5f1c51e,32.900,137.400,0.200
6663,8111,4552,3,10,22716,772159cfaa193195,32.600,129.500,0.200
6664,8112,4553,3,10,22716,b261bfca01f758fc,32.400,123.600,0.300
6665,8113,4554,3,10,22716,ec64070388bf09e1,32.300,201.700,0.300
6666,8114,4555,3,10,22716,62fda813690b49f9,32.300,154.800,0.300
6667,8115,4556,3,10,22716,9fcf2769b6ca9c30,37.700,140.100,0.100
6668,8116,4557,3,10,22716,84c6eb9a54f53bc7,31.800,150.100,0.200
6669,8117,4558,3,10,22716,6be28596164cbc05,33.000,142.100,0.400
6670,8118,4559,3,10,22716,c7a17d296bf5bc76,31.200,164.900,0.200
6671,8119,4560,3,10,22716,143f5c1720419a09,34.000,158.200,0.100
6672,8120,4561,3,10,22716,44c1a5faeaef2a80,33.700,151.200,0.500
6673,8121,4562,3,10,22716,88700b907b290419,34.700,156.600,0.100
6674,8122,4563,3,10,22716,4656a25749c7d9c1,32.400,185.500,0.500
6675,8123,4564,3,10,22716,b64f96b3b8fcab0b,41.100,174.600,0.100
6676,8124,4565,3,10,22716,e21d46a6915b7e6e,41.800,143.500,0.300
6677,8125,4566,3,10,22716,d3f52fb6afa2297b,35.400,155.700,0.400
6678,8126,4567,3,10,22716,762900f1638d4192,35.900,166.600,0.100
6679,8127,4568,3,10,22716,87c79025d86e3cf8,32.100,136.100,0.100
6680,8128,4569,3,10,22716,b889d8d98393c057,43.700,132.500,0.200
6681,8129,4570,3,10,22716,3ec8a9e6013f3c2a,31.800,138.000,0.100
6682,8130,4571,3,10,22716,b4e6c6e8d07fe2e0,33.600,143.000,0.100
6683,8131,4572,3,10,22716,fc264e7ac2f1a5d1,32.400,171.000,0.100
6684,8132,4573,3,10,22716,d23b75bb637fd4a2,33.600,184.700,0.300
6685,8133,4574,3,10,22716,f4f5bec1ed61e8e0,37.200,182.700,0.300
6686,8134,4575,3,10,22716,c5cdf805efe56264,32.900,163.900,0.100
6687,8135,4576,3,10,22716,7b3941d13098b270,31.900,176.400,0.200
6688,8136,4577,3,10,22716,d4bcfd3f1f672b6b,32.400,147.300,0.100
6689,8137,4578,3,10,22716,1ff7ebe70b860a63,32.500,175.400,0.400
6690,8138,4579,3,10,22716,d3a0ebad2c0607a6,31.600,170.800,0.200
6691,8139,4580,3,10,22716,a4636d475945f52f,34.200,153.000,0.100
6692,8140,4581,3,10,22716,fbcf7f82ff0738c8,42.400,127.500,0.200
6693,8142,4582,3,10,22716,421be1974b13b5b7,33.700,154.200,0.300
6694,8143,4583,3,10,22716,eb0d93ea38a648a8,39.200,257.100,0.200
6695,8144,4584,3,10,22716,ff3bdf3202d5f65f,32.000,168.400,0.100
6696,8145,4585,3,10,22716,7fc8717d7b8bf3cd,32.000,177.700,0.100
6697,8146,4586,3,10,22716,b5d81eef26d61fa2,33.600,145.700,0.100
6698,8147,4587,3,10,22716,bf7cf6e961e77120,37.700,169.200,0.300
6699,8148,4588,3,10,22716,8cafb83c4035125a,38.600,172.500,0.200
6700,8149,4589,3,10,22716,82695e012f51379a,34.400,153.800,0.400
6701,8150,4590,3,10,22716,b73fe4008bd8e5f2,30.400,146.300,0.300
6702,8151,4591,3,10,22716,00d7356144623fe2,58.300,190.000,0.100
6703,8152,4592,3,10,22716,0db69760015dc728,31.200,249.800,0.100
6704,8153,4593,3,10,22716,dac22d939dc3c97a,36.200,205.600,0.100
6705,8154,4594,3,10,22716,7ec0401f9bcd59e7,29.600,238.900,0.800
6706,8155,4595,3,10,22716,645aef3f6052d9ae,36.300,128.500,0.100
6707,8156,4596,3,10,22716,abadf9336bca1d6a,32.900,172.400,0.200
6708,8157,4597,3,10,22716,4500d6be6ebf0b1a,33.200,140.100,0.400
6709,8158,4598,3,10,22716,9dfbd9dbf7a70252,34.600,165.200,0.300
6710,8159,4599,3,10,22716,9db5b935422491fb,33.300,189.900,0.100
6711,8160,4600,3,10,22716,141f022e7b35a5c4,35.200,748.200,0.100
6712,8161,4601,3,10,22716,c5cf915a8e27d215,34.800,203.100,0.200
6713,8162,4602,3,10,22716,98ae79f06d17beee,32.200,160.900,0.100
6714,8163,4603,3,10,22716,edd1aca743d48ad5,33.800,133.900,0.100
6715,8164,4604,3,10,22716,ee5b7bc9f9aad68e,37.600,172.900,0.300
6716,8165,4605,3,10,22716,f5a0401256135b98,37.200,169.500,0.400
6717,8166,4606,3,10,22716,fc13f30528fdca96,34.300,192.400,0.400
6718,8167,4607,3,10,22716,0a68c7314380c3f6,32.800,163.500,0.400
6719,8168,4608,3,10,22716,735c658524abf9e7,42.300,175.600,0.200
6720,8169,4609,3,10,22716,be689201eb0ec83e,32.600,106.800,0.100
6721,8170,4610,3,10,22716,49ad3b17f409b5a6,34.500,174.800,0.100
6722,8171,4611,3,10,22716,6cb9dbba7bff86f2,34.200,149.700,0.100
6723,8172,4612,3,10,22716,462c49b98097ae96,32.400,130.300,0.100
6724,8173,4613,3,10,22716,c3dcb4198884f7a9,33.800,140.500,0.100
6725,8174,4614,3,10,22716,f67573c89a95d021,33.800,155.400,0.100
6726,8175,4615,3,10,22716,e4224ca7818c09e2,34.200,154.000,0.400
6727,8176,4616,3,10,22716,9a082a4093c52159,33.900,201.200,0.400
6728,8177,4617,3,10,22716,b6a0bb7869570bc2,44.600,130.800,0.200
6729,8178,4618,3,10,22716,23ff0963635d05fe,39.100,128.700,0.100
6730,8179,4619,3,10,22716,3ff2234caa032cce,32.200,217.300,0.700
6731,8180,4620,3,10,22716,cbb6e58f9734247f,35.400,118.000,0.100
6732,8181,4621,3,10,22716,552c15f0b3f5efb5,34.700,162.700,0.100
6733,8182,4622,3,10,22716,43021a9097a70f32,32.100,135.000,0.100
6734,8183,4623,3,10,22716,b887798321c2ff2d,32.400,137.500,0.300
6735,8184,4624,3,10,22716,821184c948b9022e,33.200,131.100,0.400
6736,8185,4625,3,10,22716,bf445c9bf5b97ea0,32.700,172.200,0.300
6737,8186,4626,3,10,22716,43024fc64864a7a0,35.100,168.600,0.100
6738,8187,4627,3,10,22716,d631a0086b8b0b86,31.700,146.800,0.100
6739,8188,4628,3,10,22716,ea5a60ce93f62c8c,32.600,266.700,0.100
6740,8189,4629,3,10,22716,4e4f214cbdc95ac7,40.100,185.800,0.400
6741,8190,4630,3,10,22716,9254a5825acd83fd,34.600,169.100,0.100
6742,8191,4631,3,10,22716,7f9fdbeba8f6a015,30.900,164.200,0.100
6743,8192,4632,3,10,22716,ccebdb24ff7c5748,34.400,168.600,0.200
6744,8193,4633,3,10,22716,f8593537d57491c5,34.800,168.100,0.100
6745,8194,4634,3,10,22716,c95c3b6edaa4d7ec,34.200,129.800,0.200
6746,8195,4635,3,10,22716,4bfebf2d54146e4c,33.100,117.000,0.100
6747,8196,4636,3,10,22716,beafa96f7cd22955,33.300,148.200,0.100
6748,8197,4637,3,10,22716,dd642489670367d5,36.200,191.700,0.400
6749,8198,4638,3,10,22716,3dbad44da1d55601,34.600,159.000,0.200
6750,8199,4639,3,10,22716,698c843b7eb89d02,32.300,167.600,0.200
6751,8200,4640,3,10,22716,9e311f970e12c46a,32.100,128.300,0.100
6752,8201,4641,3,10,22716,b9b51c3f3075f87e,32.800,133.700,0.100
6753,8202,4642,3,10,22716,e46333b8be173add,35.000,166.400,0.400
6754,8203,4643,3,10,22716,8b313464822f93f3,46.600,127.000,0.100
6755,8204,4644,3,10,22716,afff25389ea3c316,34.200,138.000,0.100
6756,8205,4645,3,10,22716,e92219b901f1f172,32.100,143.000,0.100
6757,8206,4646,3,10,22716,3615fe766171bf3d,37.400,203.300,0.100
6758,8207,4647,3,10,22716,2ac8bd054bfa9a3a,34.900,168.900,0.100
6759,8208,4648,3,10,22716,7446f0b6016f6a88,32.500,157.400,0.200
6760,8209,4649,3,10,22716,1343a03a213525ec,33.800,150.200,0.100
6761,8210,4650,3,10,22716,5472a7acf550815f,37.100,214.400,0.400
6762,8211,4651,3,10,22716,6c0dacb4f8ead86b,31.800,138.000,0.300
6763,8212,4652,3,10,22716,8ad0a44591a1715a,31.600,143.100,0.300
6764,8213,4653,3,10,22716,6660bfb071bd75a2,75.700,175.800,0.300
6765,8214,4654,3,10,22716,320e13938e1e91de,30.000,129.500,0.100
6766,8215,4655,3,10,22716,6bb3d2a5b94e7e5e,30.100,135.200,0.100
6767,8216,4656,3,10,22716,9e40c486f70fa1b5,35.500,148.600,0.100
6768,8217,4657,3,10,22716,dad567079fe0f67b,31.700,139.700,0.100
6769,8218,4658,3,10,22716,f76848347240bc7e,33.200,229.000,0.100
6770,8219,4659,3,10,22716,faf8442bc367eb3d,34.200,146.800,0.200
6771,8220,4660,3,10,22716,6ebfef7ba2c7fa8b,41.200,2054.500,0.100
6772,8221,4661,3,10,22716,36e50f23227ea9d1,41.900,199.500,0.100
6773,8222,4662,3,10,22716,e41221cf09fedd61,38.200,137.400,0.100
6774,8223,4663,3,10,22716,0a128bedbd52577c,35.600,172.500,0.100
6775,8224,4664,3,10,22716,5845d8259078a6dc,31.300,138.900,0.100
6776,8225,4665,3,10,22716,e6a0e0a05ec8996b,32.300,129.600,0.100
6777,8226,4666,3,10,22716,8489dc445197eaf3,35.600,162.000,0.400
6778,8227,4667,3,10,22716,3744d024c5a85001,33.900,174.900,0.400
6779,8228,4668,3,10,22716,b48106d204feebc2,38.100,168.900,0.100
6780,8229,4669,3,10,22716,79e3582226b3774e,32.200,166.900,0.200
6781,8230,4670,3,10,22716,ff16b43543e11475,31.800,151.300,0.100
6782,8231,4671,3,10,22716,93c171e361b6532e,30.600,230.200,0.300
6783,8232,4672,3,10,22716,9dd5ff51137dc3a5,34.400,173.100,0.100
6784,8233,4673,3,10,22716,4fd77dc3d173720a,31.100,136.500,0.100
6785,8234,4674,3,10,22716,c141df62d3a62441,30.900,185.400,0.100
6786,8235,4675,3,10,22716,8709a3617b6fa7f1,73.900,123.400,0.100
6787,8236,4676,3,10,22716,11def1370de6c5b6,32.600,153.300,0.300
6788,8237,4677,3,10,22716,d5b4050adc042da7,35.100,149.500,0.100
6789,8238,4678,3,10,22716,541113db1064e373,35.500,134.900,0.100
6790,8239,4679,3,10,22716,755fed384b27d94c,31.300,215.300,0.100
6791,8240,4680,0,10,10416,755fed384b27d94c,14.400,206.000,0.100
6792,8241,4681,0,10,10416,755fed384b27d94c,16.800,157.300,0.100
6793,8242,4682,0,10,10416,755fed384b27d94c,13.300,217.900,0.100
6794,8243,4683,0,10,10416,755fed384b27d94c,15.100,218.100,0.300
6795,8244,4684,0,10,10416,755fed384b27d94c,36.600,199.500,0.300
6796,8245,4685,0,10,10416,755fed384b27d94c,13.600,224.300,0.300
6797,8246,4686,0,10,10416,755fed384b27d94c,15.200,176.600,0.400
6798,8247,4687,0,10,10416,755fed384b27d94c,14.400,153.700,0.100
6799,8248,4688,0,10,10416,755fed384b27d94c,15.400,193.400,0.200
6800,8249,4689,0,10,10416,755fed384b27d94c,15.500,205.400,0.400
6801,8250,4690,0,10,10416,755fed384b27d94c,16.700,216.200,0.100
6802,8251,4691,0,10,10416,755fed384b27d94c,15.700,305.000,0.200
6803,8252,4692,0,10,10416,755fed384b27d94c,17.600,194.500,0.200
6804,8253,4693,0,10,10416,755fed384b27d94c,17.700,221.500,0.200
6805,8254,4694,0,10,10416,755fed384b27d94c,18.900,221.500,0.200
6806,8255,4695,0,10,10416,755fed384b27d94c,15.300,197.400,0.200
6807,8256,4696,0,10,10416,755fed384b27d94c,20.900,239.700,0.300
6808,8257,4697,0,10,10416,755fed384b27d94c,15.400,255.100,0.400
6809,8258,4698,0,10,10416,755fed384b27d94c,16.600,236.800,0.200
6810,8259,4699,0,10,10416,755fed384b27d94c,16.800,183.600,0.200
6811,8260,4700,0,10,10416,755fed384b27d94c,15.600,148.900,0.100
6812,8261,4701,0,10,10416,755fed384b27d94c,14.800,146.600,0.100
6813,8262,4702,0,10,10416,755fed384b27d94c,19.500,324.700,0.300
6814,8263,4703,0,10,10416,755fed384b27d94c,13.600,191.200,0.100
6815,8264,4704,0,10,10416,755fed384b27d94c,15.300,217.300,0.100
6816,8265,4705,0,10,10416,755fed384b27d94c,15.700,235.900,0.200
6817,8266,4706,0,10,10416,755fed384b27d94c,23.900,250.500,1.200
6818,8267,4707,0,10,10416,755fed384b27d94c,18.900,309.900,0.300
6819,8268,4708,0,10,10416,755fed384b27d94c,18.000,209.400,0.100
6820,8269,4709,0,10,10416,755fed384b27d94c,15.100,178.700,0.300
6821,8270,4710,0,10,10416,755fed384b27d94c,14.000,187.900,0.300
6822,8271,4711,0,10,10416,755fed384b27d94c,14.500,148.400,0.200
6823,8272,4712,0,10,10416,755fed384b27d94c,14.900,198.600,0.100
6824,8273,4713,0,10,10416,755fed384b27d94c,15.500,198.700,0.300
6825,8274,4714,0,10,10416,755fed384b27d94c,14.900,270.900,0.100
6826,8275,4715,0,10,10416,755fed384b27d94c,17.800,170.700,0.100
6827,8276,4716,0,10,10416,755fed384b27d94c,16.300,216.200,0.500
6828,8277,4717,0,10,10416,755fed384b27d94c,15.600,194.100,0.200
6829,8278,4718,0,10,10416,755fed384b27d94c,16.000,199.900,0.100
6830,8279,4719,0,10,10416,755fed384b27d94c,14.700,215.900,0.300
6831,8280,4720,0,10,10416,755fed384b27d94c,21.200,801.300,0.100
6832,8281,4721,0,10,10416,755fed384b27d94c,16.700,225.600,0.100
6833,8282,4722,0,10,10416,755fed384b27d94c,13.700,245.100,0.400
6834,8283,4723,0,10,10416,755fed384b27d94c,47.600,220.000,0.200
6835,8284,4724,0,10,10416,755fed384b27d94c,16.800,244.300,0.100
6836,8285,4725,0,10,10416,755fed384b27d94c,14.900,259.500,0.100
6837,8286,4726,0,10,10416,755fed384b27d94c,16.500,147.800,0.100
6838,8287,4727,0,10,10416,755fed384b27d94c,15.000,197.300,0.400
6839,8288,4728,0,10,10416,755fed384b27d94c,17.400,249.000,0.400
6840,8289,4729,0,10,10416,755fed384b27d94c,16.300,217.900,0.100
6841,8290,4730,0,10,10416,755fed384b27d94c,15.000,194.300,0.100
6842,8291,4731,0,10,10416,755fed384b27d94c,21.100,183.200,0.200
6843,8292,4732,0,10,10416,755fed384b27d94c,15.000,228.500,0.300
6844,8293,4733,0,10,10416,755fed384b27d94c,14.800,186.700,0.100
6845,8294,4734,0,10,10416,755fed384b27d94c,16.900,197.700,0.400
6846,8295,4735,0,10,10416,755fed384b27d94c,16.200,196.100,0.200
6847,8296,4736,0,10,10416,755fed384b27d94c,14.800,154.200,0.100
6848,8297,4737,0,10,10416,755fed384b27d94c,27.600,244.700,0.100
6849,8298,4738,0,10,10416,755fed384b27d94c,16.200,198.800,0.100
6850,8299,4739,0,10,10416,755fed384b27d94c,13.600,199.300,0.200
6851,8300,4740,0,10,10416,755fed384b27d94c,15.700,202.000,0.400
6852,8301,4741,0,10,10416,755fed384b27d94c,16.700,218.800,0.400
6853,8302,4742,0,10,10416,755fed384b27d94c,16.000,208.400,0.100
6854,8303,4743,0,10,10416,755fed384b27d94c,16.300,153.100,0.200
6855,8304,4744,0,10,10416,755fed384b27d94c,17.800,179.300,0.400
6856,8305,4745,0,10,10416,755fed384b27d94c,15.100,241.700,0.200
6857,8306,4746,0,10,10416,755fed384b27d94c,17.500,229.900,0.200
6858,8307,4747,0,10,10416,755fed384b27d94c,16.400,212.900,0.200
6859,8308,4748,0,10,10416,755fed384b27d94c,16.400,177.200,0.100
6860,8309,4749,0,10,10416,755fed384b27d94c,14.700,219.800,0.100
6861,8310,4750,0,10,10416,755fed384b27d94c,15.600,203.100,0.100
6862,8311,4751,0,10,10416,755fed384b27d94c,16.800,218.900,0.300
6863,8312,4752,0,10,10416,755fed384b27d94c,18.800,260.300,0.300
6864,8313,4753,0,10,10416,755fed384b27d94c,15.600,203.000,0.100
6865,8314,4754,0,10,10416,755fed384b27d94c,18.900,168.300,0.300
6866,8315,4755,0,10,10416,755fed384b27d94c,14.300,204.300,0.300
6867,8316,4756,0,10,10416,755fed384b27d94c,16.800,208.100,0.900
6868,8317,4757,0,10,10416,755fed384b27d94c,15.700,209.000,0.100
6869,8318,4758,0,10,10416,755fed384b27d94c,16.500,228.200,0.100
6870,8319,4759,0,10,10416,755fed384b27d94c,14.500,211.400,0.400
6871,8320,4760,0,10,10416,755fed384b27d94c,16.000,219.400,0.100
6872,8321,4761,0,10,10416,755fed384b27d94c,16.400,180.200,0.100
6873,8322,4762,0,10,10416,755fed384b27d94c,14.400,202.100,0.100
6874,8323,4763,0,10,10416,755fed384b27d94c,26.700,205.000,0.400
6875,8324,4764,0,10,10416,755fed384b27d94c,16.300,203.500,0.500
6876,8325,4765,0,10,10416,755fed384b27d94c,14.600,253.300,0.400
6877,8326,4766,0,10,10416,755fed384b27d94c,19.800,198.800,0.200
6878,8327,4767,0,10,10416,755fed384b27d94c,15.800,206.300,0.100
6879,8328,4768,0,10,10416,755fed384b27d94c,15.700,163.200,0.400
6880,8329,4769,0,10,10416,755fed384b27d94c,16.400,183.900,0.100
6881,8330,4770,0,10,10416,755fed384b27d94c,14.900,175.100,0.200
6882,8331,4771,0,10,10416,755fed384b27d94c,15.300,189.500,0.400
6883,8332,4772,0,10,10416,755fed384b27d94c,16.100,202.800,0.400
6884,8333,4773,0,10,10416,755fed384b27d94c,19.000,227.000,0.400
6885,8334,4774,0,10,10416,755fed384b27d94c,12.600,153.200,0.100
6886,8335,4775,0,10,10416,755fed384b27d94c,14.700,214.300,0.100
6887,8336,4776,0,10,10416,755fed384b27d94c,14.600,202.300,0.300
6888,8337,4777,0,10,10416,755fed384b27d94c,14.500,152.100,0.100
6889,8338,4778,0,10,10416,755fed384b27d94c,17.500,221.200,0.100
6890,8339,4779,0,10,10416,755fed384b27d94c,15.000,150.200,0.100
6891,8340,4780,0,10,10416,755fed384b27d94c,21.000,901.500,0.200
6892,8341,4781,0,10,10416,755fed384b27d94c,23.200,201.300,0.400
6893,8342,4782,0,10,10416,755fed384b27d94c,16.100,230.900,0.300
6894,8343,4783,0,10,10416,755fed384b27d94c,16.100,218.200,0.100
6895,8344,4784,0,10,10416,755fed384b27d94c,14.900,222.100,0.100
6896,8345,4785,0,10,10416,755fed384b27d94c,16.300,282.100,0.100
6897,8346,4786,0,10,10416,755fed384b27d94c,12.500,238.900,0.400
6898,8347,4787,0,10,10416,755fed384b27d94c,14.300,160.300,0.200
6899,8348,4788,0,10,10416,755fed384b27d94c,16.100,142.100,0.100
6900,8349,4789,0,10,10416,755fed384b27d94c,15.500,198.400,0.500
6901,8350,4790,0,10,10416,755fed384b27d94c,12.700,195.500,0.100
6902,8351,4791,0,10,10416,755fed384b27d94c,18.500,161.800,0.100
6903,8352,4792,0,10,10416,755fed384b27d94c,42.900,165.200,0.100
6904,8353,4793,0,10,10416,755fed384b27d94c,14.600,255.900,0.300
6905,8354,4794,0,10,10416,755fed384b27d94c,13.900,204.400,0.200
6906,8355,4795,0,10,10416,755fed384b27d94c,21.800,246.900,0.200
6907,8356,4796,0,10,10416,755fed384b27d94c,17.900,209.800,0.100
6908,8357,4797,0,10,10416,755fed384b27d94c,15.400,177.900,0.200
6909,8358,4798,0,10,10416,755fed384b27d94c,14.400,172.000,0.400
6910,8359,4799,0,10,10416,755fed384b27d94c,14.900,284.700,0.300
6911,8360,4800,0,10,10416,755fed384b27d94c,15.700,180.100,0.100
6912,8361,4801,0,10,10416,755fed384b27d94c,21.400,199.500,0.200
6913,8362,4802,0,10,10416,755fed384b27d94c,15.600,221.300,0.400
6914,8363,4803,0,10,10416,755fed384b27d94c,25.900,185.400,0.200
6915,8364,4804,0,10,10416,755fed384b27d94c,13.600,154.800,0.400
6916,8365,4805,0,10,10416,755fed384b27d94c,15.700,178.900,0.200
6917,8366,4806,0,10,10416,755fed384b27d94c,30.900,166.200,0.200
6918,8367,4807,0,10,10416,755fed384b27d94c,16.700,247.100,0.100
6919,8368,4808,0,10,10416,755fed384b27d94c,15.500,204.600,0.100
6920,8369,4809,0,10,10416,755fed384b27d94c,15.000,166.600,0.100
6921,8370,4810,0,10,10416,755fed384b27d94c,13.500,230.300,0.100
6922,8371,4811,0,10,10416,755fed384b27d94c,15.200,155.400,0.400
6923,8372,4812,0,10,10416,755fed384b27d94c,15.400,153.200,0.400
6924,8373,4813,0,10,10416,755fed384b27d94c,15.300,152.300,0.100
6925,8374,4814,0,10,10416,755fed384b27d94c,14.000,232.900,0.100
6926,8375,4815,0,10,10416,755fed384b27d94c,16.200,230.900,0.100
6927,8376,4816,0,10,10416,755fed384b27d94c,17.400,238.600,0.100
6928,8377,4817,0,10,10416,755fed384b27d94c,19.800,200.600,0.400
6929,8378,4818,0,10,10416,755fed384b27d94c,27.100,202.500,0.100
6930,8379,4819,0,10,10416,755fed384b27d94c,16.900,169.300,0.200
6931,8380,4820,0,10,10416,755fed384b27d94c,15.200,204.100,0.400
6932,8381,4821,0,10,10416,755fed384b27d94c,20.700,233.600,0.100
6933,8382,4822,0,10,10416,755fed384b27d94c,15.700,241.100,0.400
6934,8383,4823,0,10,10416,755fed384b27d94c,15.700,215.100,0.100
6935,8384,4824,0,10,10416,755fed384b27d94c,15.900,211.000,0.300
6936,8385,4825,0,10,10416,755fed384b27d94c,18.200,195.200,0.100
6937,8386,4826,0,10,10416,755fed384b27d94c,12.800,252.200,0.100
6938,8387,4827,0,10,10416,755fed384b27d94c,20.300,208.100,0.100
6939,8388,4828,0,10,10416,755fed384b27d94c,14.500,241.500,0.100
6940,8389,4829,0,10,10416,755fed384b27d94c,15.500,149.700,0.100
6941,8390,4830,0,10,10416,755fed384b27d94c,15.400,269.900,0.400
6942,8391,4831,0,10,10416,755fed384b27d94c,16.300,211.000,0.100
6943,8392,4832,0,10,10416,755fed384b27d94c,15.300,215.800,0.200
6944,8393,4833,0,10,10416,755fed384b27d94c,15.900,195.900,0.400
6945,8394,4834,0,10,10416,755fed384b27d94c,15.900,195.000,0.200
6946,8395,4835,0,10,10416,755fed384b27d94c,16.100,218.200,0.200
6947,8396,4836,0,10,10416,755fed384b27d94c,28.200,221.600,0.500
6948,8397,4837,0,10,10416,755fed384b27d94c,15.400,207.300,0.300
6949,8398,4838,0,10,10416,755fed384b27d94c,13.400,168.400,0.100
6950,8399,4839,0,10,10416,755fed384b27d94c,13.700,247.600,0.100
6951,8400,4840,0,10,10416,755fed384b27d94c,21.600,829.800,0.100
6952,8401,4841,0,10,10416,755fed384b27d94c,40.500,257.800,0.500
6953,8402,4842,0,10,10416,755fed384b27d94c,14.900,175.900,0.100
6954,8403,4843,0,10,10416,755fed384b27d94c,23.600,151.000,0.200
6955,8404,4844,0,10,10416,755fed384b27d94c,21.400,176.100,0.100
6956,8405,4845,0,10,10416,755fed384b27d94c,15.000,173.500,0.100
6957,8406,4846,0,10,10416,755fed384b27d94c,23.900,184.300,0.100
6958,8407,4847,0,10,10416,755fed384b27d94c,16.600,200.800,0.100
6959,8408,4848,0,10,10416,755fed384b27d94c,16.500,220.900,0.100
6960,8409,4849,0,10,10416,755fed384b27d94c,15.300,234.800,0.300
6961,8410,4850,0,10,10416,755fed384b27d94c,15.100,220.300,0.300
6962,8411,4851,0,10,10416,755fed384b27d94c,14.800,211.700,0.100
6963,8412,4852,0,10,10416,755fed384b27d94c,16.400,213.300,0.300
6964,8413,4853,0,10,10416,755fed384b27d94c,14.200,187.200,0.200
6965,8414,4854,0,10,10416,755fed384b27d94c,14.300,218.300,0.100
6966,8415,4855,0,10,10416,755fed384b27d94c,14.200,187.100,0.100
6967,8416,4856,0,10,10416,755fed384b27d94c,15.800,215.400,0.500
6968,8417,4857,0,10,10416,755fed384b27d94c,20.300,246.100,0.200
6969,8418,4858,0,10,10416,755fed384b27d94c,15.700,158.200,0.400
6970,8419,4859,0,10,10416,755fed384b27d94c,16.700,209.700,0.100
6971,8420,4860,0,10,10416,755fed384b27d94c,30.000,261.200,0.500
6972,8421,4861,0,10,10416,755fed384b27d94c,14.100,198.800,0.400
6973,8422,4862,0,10,10416,755fed384b27d94c,16.300,215.400,0.200
6974,8423,4863,0,10,10416,755fed384b27d94c,14.800,191.400,0.100
6975,8424,4864,0,10,10416,755fed384b27d94c,14.500,153.600,0.100
6976,8425,4865,0,10,10416,755fed384b27d94c,14.200,185.100,0.200
6977,8426,4866,0,10,10416,755fed384b27d94c,14.500,181.200,0.300
6978,8427,4867,0,10,10416,755fed384b27d94c,16.000,274.700,0.400
6979,8428,4868,0,10,10416,755fed384b27d94c,32.500,193.200,0.400
6980,8429,4869,0,10,10416,755fed384b27d94c,19.900,287.400,0.500
6981,8430,4870,0,10,10416,755fed384b27d94c,15.500,154.000,0.100
6982,8431,4871,0,10,10416,755fed384b27d94c,14.900,162.200,0.400
6983,8432,4872,0,10,10416,755fed384b27d94c,15.600,163.200,0.300
6984,8433,4873,0,10,10416,755fed384b27d94c,16.800,189.200,0.300
6985,8434,4874,0,10,10416,755fed384b27d94c,15.100,193.800,0.400
6986,8435,4875,0,10,10416,755fed384b27d94c,15.300,154.900,0.100
6987,8436,4876,0,10,10416,755fed384b27d94c,27.300,226.000,0.100
6988,8437,4877,0,10,10416,755fed384b27d94c,15.700,257.400,0.200
6989,8438,4878,0,10,10416,755fed384b27d94c,18.500,263.300,0.100
6990,8439,4879,0,10,10416,755fed384b27d94c,14.800,205.500,0.100
6991,8440,4880,0,10,10416,755fed384b27d94c,16.700,226.800,0.100
6992,8441,4881,0,10,10416,755fed384b27d94c,20.700,256.800,0.200
6993,8442,4882,0,0,96,755fed384b27d94c,9.200,205.700,0.100
6994,8443,4883,0,0,96,755fed384b27d94c,8.100,129.400,0.100
6995,8444,4884,0,0,96,755fed384b27d94c,8.900,142.500,0.100
6996,8445,4885,0,0,96,755fed384b27d94c,21.000,157.900,0.100
6997,8446,4886,0,0,96,755fed384b27d94c,7.400,131.700,0.100
6998,8447,4887,0,0,96,755fed384b27d94c,7.900,283.600,0.100
6999,8448,4888,0,0,96,755fed384b27d94c,7.400,124.300,0.100
7000,8449,4889,0,0,96,755fed384b27d94c,7.900,151.600,0.000
7001,8450,4890,0,0,96,755fed384b27d94c,8.500,143.700,0.100
7002,8451,4891,0,0,96,755fed384b27d94c,7.300,118.100,0.300
7003,8452,4892,0,0,96,755fed384b27d94c,7.900,127.600,0.100
7004,8453,4893,0,0,96,755fed384b27d94c,7.000,123.100,0.200
7005,8454,4894,0,0,96,755fed384b27d94c,6.100,164.100,0.200
7006,8455,4895,0,0,96,755fed384b27d94c,8.500,133.700,0.400
7007,8456,4896,0,0,96,755fed384b27d94c,11.200,161.800,0.200
7008,8457,4897,0,0,96,755fed384b27d94c,8.800,152.700,0.300
7009,8458,4898,0,0,96,755fed384b27d94c,8.600,129.700,0.100
7010,8459,4899,0,0,96,755fed384b27d94c,6.800,112.300,0.100
7011,8460,4900,0,0,96,755fed384b27d94c,11.200,770.900,0.100
7012,8461,4901,0,0,96,755fed384b27d94c,7.600,133.800,0.100
7013,8462,4902,0,0,96,755fed384b27d94c,8.200,286.900,0.300
7014,8463,4903,0,0,96,755fed384b27d94c,7.400,375.800,0.000
7015,8464,4904,0,0,96,755fed384b27d94c,7.900,122.900,0.300
7016,8465,4905,0,0,96,755fed384b27d94c,8.400,188.800,0.000
7017,8466,4906,0,0,96,755fed384b27d94c,7.300,128.700,0.100
7018,8467,4907,0,0,96,755fed384b27d94c,9.300,132.400,0.300
7019,8468,4908,0,0,96,755fed384b27d94c,9.400,134.200,0.100
7020,8469,4909,0,0,96,755fed384b27d94c,7.200,129.600,0.400
7021,8470,4910,0,0,96,755fed384b27d94c,8.100,135.500,0.100
7022,8471,4911,0,0,96,755fed384b27d94c,7.000,127.000,0.100
7023,8472,4912,0,0,96,755fed384b27d94c,8.400,111.700,0.400
7024,8473,4913,0,0,96,755fed384b27d94c,7.900,125.200,0.100
7025,8474,4914,0,0,96,755fed384b27d94c,7.900,120.500,0.100
7026,8475,4915,0,0,96,755fed384b27d94c,8.000,118.600,0.300
7027,8476,4916,0,0,96,755fed384b27d94c,8.700,120.700,0.300
7028,8477,4917,0,0,96,755fed384b27d94c,7.900,126.500,0.100
7029,8478,4918,0,0,96,755fed384b27d94c,8.800,118.500,0.100
7030,8479,4919,0,0,96,755fed384b27d94c,20.400,130.500,0.200
7031,8480,4920,0,0,96,755fed384b27d94c,7.400,123.600,0.100
7032,8481,4921,0,0,96,755fed384b27d94c,8.400,126.600,0.100
7033,8482,4922,0,0,96,755fed384b27d94c,23.300,118.100,0.100
7034,8483,4923,0,0,96,755fed384b27d94c,7.700,137.300,0.100
7035,8484,4924,0,0,96,755fed384b27d94c,8.100,126.000,0.400
7036,8485,4925,0,0,96,755fed384b27d94c,8.100,128.100,0.400
7037,8486,4926,0,0,96,755fed384b27d94c,9.200,153.600,0.100
7038,8487,4927,0,0,96,755fed384b27d94c,7.500,116.400,0.500
7039,8488,4928,0,0,96,755fed384b27d94c,8.400,168.300,0.400
7040,8489,4929,0,0,96,755fed384b27d94c,8.300,128.600,0.100
7041,8490,4930,0,0,96,755fed384b27d94c,7.300,128.100,0.100
7042,8491,4931,0,0,96,755fed384b27d94c,8.600,157.000,0.100
7043,8492,4932,0,0,96,755fed384b27d94c,7.900,134.400,0.400
7044,8493,4933,0,0,96,755fed384b27d94c,8.800,152.300,0.400
7045,8494,4934,0,0,96,755fed384b27d94c,10.300,178.500,0.100
7046,8495,4935,0,0,96,755fed384b27d94c,8.400,179.400,0.100
7047,8496,4936,0,0,96,755fed384b27d94c,8.600,143.000,0.100
7048,8497,4937,0,0,96,755fed384b27d94c,14.700,161.100,0.200
7049,8498,4938,0,0,96,755fed384b27d94c,8.200,163.300,0.100
7050,8499,4939,0,0,96,755fed384b27d94c,10.900,136.800,0.100
7051,8500,4940,0,0,96,755fed384b27d94c,8.300,131.800,0.100
7052,8501,4941,0,0,96,755fed384b27d94c,7.100,134.200,0.100
7053,8502,4942,0,0,96,755fed384b27d94c,17.100,134.500,0.100
7054,8503,4943,0,0,96,755fed384b27d94c,7.900,133.100,0.100
7055,8504,4944,0,0,96,755fed384b27d94c,8.400,139.800,0.100
7056,8505,4945,0,0,96,755fed384b27d94c,7.800,137.800,0.100
7057,8506,4946,0,0,96,755fed384b27d94c,8.400,167.000,0.100
7058,8507,4947,0,0,96,755fed384b27d94c,9.600,146.400,0.200
7059,8508,4948,0,0,96,755fed384b27d94c,9.900,181.500,0.200
7060,8509,4949,0,0,96,755fed384b27d94c,7.500,162.200,0.100
7061,8510,4950,0,0,96,755fed384b27d94c,8.600,132.700,0.100
7062,8511,4951,0,0,96,755fed384b27d94c,7.400,125.700,0.100
7063,8512,4952,0,0,96,755fed384b27d94c,7.900,154.800,0.100
7064,8513,4953,0,0,96,755fed384b27d94c,7.800,132.200,0.100
7065,8514,4954,0,0,96,755fed384b27d94c,9.300,149.300,0.100
7066,8515,4955,0,0,96,755fed384b27d94c,7.400,131.100,0.100
7067,8516,4956,0,0,96,755fed384b27d94c,8.300,130.800,0.100
7068,8517,4957,0,0,96,755fed384b27d94c,7.800,197.300,0.300
7069,8518,4958,0,0,96,755fed384b27d94c,7.700,179.600,0.100
7070,8519,4959,0,0,96,755fed384b27d94c,8.100,122.500,0.100
7071,8520,4960,0,0,96,755fed384b27d94c,10.400,714.100,0.100
7072,8521,4961,0,0,96,755fed384b27d94c,8.200,126.200,0.000
7073,8522,4962,0,0,96,755fed384b27d94c,5.900,131.700,0.100
7074,8523,4963,0,0,96,755fed384b27d94c,8.700,196.400,0.300
7075,8524,4964,0,0,96,755fed384b27d94c,8.400,131.100,0.100
7076,8525,4965,0,0,96,755fed384b27d94c,8.500,133.800,0.400
7077,8526,4966,0,0,96,755fed384b27d94c,19.400,125.500,0.100
7078,8527,4967,0,0,96,755fed384b27d94c,13.100,151.300,0.000
7079,8528,4968,0,0,96,755fed384b27d94c,9.800,201.900,0.500
7080,8529,4969,0,0,96,755fed384b27d94c,10.500,192.900,0.100
7081,8530,4970,0,0,96,755fed384b27d94c,10.100,157.800,0.200
7082,8531,4971,0,0,96,755fed384b27d94c,8.400,150.200,0.400
7083,8532,4972,0,0,96,755fed384b27d94c,8.400,130.300,0.100
7084,8533,4973,0,0,96,755fed384b27d94c,9.600,133.200,0.300
7085,8534,4974,0,0,96,755fed384b27d94c,14.300,162.500,0.100
7086,8535,4975,0,0,96,755fed384b27d94c,7.500,156.000,0.100
7087,8536,4976,0,0,96,755fed384b27d94c,8.100,155.600,0.100
7088,8537,4977,0,0,96,755fed384b27d94c,7.000,120.200,0.100
7089,8538,4978,0,0,96,755fed384b27d94c,7.800,132.900,0.100
7090,8539,4979,0,0,96,755fed384b27d94c,7.800,130.700,0.100
7091,8540,4980,0,0,96,755fed384b27d94c,7.600,136.800,0.100
7092,8541,4981,0,0,96,755fed384b27d94c,8.400,156.200,0.400
7093,8542,4982,0,0,96,755fed384b27d94c,7.800,128.900,0.100
7094,8543,4983,0,0,96,755fed384b27d94c,7.900,127.400,0.100
7095,8544,4984,0,0,96,755fed384b27d94c,8.100,130.800,0.100
7096,8545,4985,0,0,96,755fed384b27d94c,8.000,157.400,0.400
7097,8546,4986,0,0,96,755fed384b27d94c,7.700,157.100,0.200
7098,8547,4987,0,0,96,755fed384b27d94c,7.600,132.100,0.200
7099,8548,4988,0,0,96,755fed384b27d94c,7.600,130.400,0.100
7100,8549,4989,0,0,96,755fed384b27d94c,8.500,140.100,0.100
7101,8550,4990,0,0,96,755fed384b27d94c,8.000,127.500,0.100
7102,8551,4991,0,0,96,755fed384b27d94c,9.100,144.900,0.400
7103,8552,4992,0,0,96,755fed384b27d94c,6.800,166.900,0.100
7104,8553,4993,0,0,96,755fed384b27d94c,8.700,132.200,0.100
7105,8554,4994,0,0,96,755fed384b27d94c,7.700,139.300,0.200
7106,8555,4995,0,0,96,755fed384b27d94c,7.500,159.700,0.100
7107,8556,4996,0,0,96,755fed384b27d94c,7.800,127.400,0.100
7108,8557,4997,0,0,96,755fed384b27d94c,8.100,158.500,0.100
7109,8558,4998,0,0,96,755fed384b27d94c,9.100,185.200,0.200
7110,8559,4999,0,0,96,755fed384b27d94c,8.000,145.100,0.100
7111,8560,5000,0,0,96,755fed384b27d94c,8.200,136.200,0.200
7112,8561,5001,0,0,96,755fed384b27d94c,7.900,125.500,0.100
7113,8562,5002,0,0,96,755fed384b27d94c,7.600,113.200,0.100
7114,8563,5003,0,0,96,755fed384b27d94c,6.300,137.000,0.100
7115,8564,5004,0,0,96,755fed384b27d94c,7.800,123.900,0.100
7116,8565,5005,0,0,96,755fed384b27d94c,15.400,153.000,0.100
7117,8566,5006,0,0,96,755fed384b27d94c,8.500,158.000,0.400
7118,8567,5007,0,0,96,755fed384b27d94c,7.300,182.800,0.300
7119,8568,5008,0,0,96,755fed384b27d94c,7.500,127.100,0.100
7120,8569,5009,0,0,96,755fed384b27d94c,10.400,148.400,0.100
7121,8570,5010,0,0,96,755fed384b27d94c,7.900,136.600,0.100
7122,8571,5011,0,0,96,755fed384b27d94c,7.900,136.400,0.400
7123,8572,5012,0,0,96,755fed384b27d94c,7.800,131.800,0.000
7124,8573,5013,0,0,96,755fed384b27d94c,9.000,185.100,0.400
7125,8574,5014,0,0,96,755fed384b27d94c,12.600,136.800,0.100
7126,8575,5015,0,0,96,755fed384b27d94c,8.100,143.800,0.100
7127,8576,5016,0,0,96,755fed384b27d94c,11.000,152.100,0.100
7128,8577,5017,0,0,96,755fed384b27d94c,8.400,166.200,0.100
7129,8578,5018,0,0,96,755fed384b27d94c,9.100,141.600,0.400
7130,8579,5019,0,0,96,755fed384b27d94c,8.700,133.300,0.100
7131,8580,5020,0,0,96,755fed384b27d94c,8.700,638.500,0.100
7132,8581,5021,0,0,96,755fed384b27d94c,15.300,159.300,0.200
7133,8582,5022,0,0,96,755fed384b27d94c,9.500,190.100,0.400
7134,8583,5023,0,0,96,755fed384b27d94c,8.100,166.800,0.100
7135,8584,5024,0,0,96,755fed384b27d94c,8.800,135.900,0.100
7136,8585,5025,0,0,96,755fed384b27d94c,23.500,132.300,0.100
7137,8586,5026,0,0,96,755fed384b27d94c,8.700,166.400,0.400
7138,8587,5027,0,0,96,755fed384b27d94c,9.200,226.100,0.500
7139,8588,5028,0,0,96,755fed384b27d94c,7.800,151.300,0.100
7140,8589,5029,0,0,96,755fed384b27d94c,7.300,142.800,0.100
7141,8590,5030,0,0,96,755fed384b27d94c,8.400,174.400,0.400
7142,8591,5031,0,0,96,755fed384b27d94c,9.300,182.100,0.200
7143,8592,5032,0,0,96,755fed384b27d94c,7.900,137.700,0.400
7144,8593,5033,0,0,96,755fed384b27d94c,7.700,150.100,0.100
7145,8594,5034,0,0,96,755fed384b27d94c,7.800,165.000,0.100
7146,8595,5035,0,0,96,755fed384b27d94c,7.400,150.600,0.100
7147,8596,5036,0,0,96,755fed384b27d94c,8.100,156.000,0.100
7148,8597,5037,0,0,96,755fed384b27d94c,7.800,118.000,0.100
7149,8598,5038,0,0,96,755fed384b27d94c,6.600,239.800,0.100
7150,8599,5039,0,0,96,755fed384b27d94c,8.100,153.400,0.300
7151,8600,5040,0,0,96,755fed384b27d94c,7.300,158.900,0.100
7152,8601,5041,0,0,96,755fed384b27d94c,17.900,191.800,0.100
7153,8602,5042,0,0,96,755fed384b27d94c,8.100,129.200,0.100
7154,8603,5043,0,0,96,755fed384b27d94c,7.600,126.700,0.100
7155,8604,5044,0,0,96,755fed384b27d94c,7.600,131.100,0.100
7156,8605,5045,0,0,96,755fed384b27d94c,18.800,159.300,0.100
7157,8606,5046,0,0,96,755fed384b27d94c,8.200,198.100,0.400
7158,8607,5047,0,0,96,755fed384b27d94c,8.900,145.600,0.400
7159,8608,5048,0,0,96,755fed384b27d94c,7.800,143.900,0.400
7160,8609,5049,0,0,96,755fed384b27d94c,17.700,126.300,0.100
7161,8610,5050,0,0,96,755fed384b27d94c,8.800,135.300,0.100
7162,8611,5051,0,0,96,755fed384b27d94c,8.300,235.800,0.400
7163,8612,5052,0,0,96,755fed384b27d94c,8.300,139.700,0.100
7164,8613,5053,0,0,96,755fed384b27d94c,7.900,161.300,0.200
7165,8614,5054,0,0,96,755fed384b27d94c,8.200,131.200,0.100
7166,8615,5055,0,0,96,755fed384b27d94c,11.200,219.700,0.300
7167,8616,5056,0,0,96,755fed384b27d94c,8.800,177.500,0.100
7168,8617,5057,0,0,96,755fed384b27d94c,8.700,129.900,0.200
7169,8618,5058,0,0,96,755fed384b27d94c,8.300,136.000,0.100
7170,8619,5059,0,0,96,755fed384b27d94c,7.000,118.800,0.100
7171,8620,5060,0,0,96,755fed384b27d94c,7.700,122.000,0.200
7172,8621,5061,0,0,96,755fed384b27d94c,7.400,145.900,0.100
7173,8622,5062,0,0,96,755fed384b27d94c,8.000,108.000,0.000
7174,8623,5063,0,0,96,755fed384b27d94c,7.300,118.100,0.500
7175,8624,5064,0,0,96,755fed384b27d94c,6.300,138.900,0.100
7176,8625,5065,0,0,96,755fed384b27d94c,9.400,171.900,0.100
7177,8626,5066,0,0,96,755fed384b27d94c,8.500,189.700,0.100
7178,8627,5067,0,0,96,755fed384b27d94c,8.100,135.000,0.300
7179,8628,5068,0,0,96,755fed384b27d94c,8.300,136.000,0.400
7180,8629,5069,0,0,96,755fed384b27d94c,26.800,166.300,0.100
7181,8630,5070,0,0,96,755fed384b27d94c,7.700,141.900,0.400
7182,8631,5071,0,0,96,755fed384b27d94c,6.600,181.300,0.100
7183,8632,5072,0,0,96,755fed384b27d94c,8.000,129.900,0.100
7184,8633,5073,0,0,96,755fed384b27d94c,16.800,162.900,0.300
7185,8634,5074,0,0,96,755fed384b27d94c,55.300,168.600,0.200
7186,8635,5075,0,0,96,755fed384b27d94c,11.600,163.200,0.100
7187,8636,5076,0,0,96,755fed384b27d94c,8.100,207.900,0.100
7188,8637,5077,0,0,96,755fed384b27d94c,8.000,124.900,0.100
7189,8638,5078,0,0,96,755fed384b27d94c,15.900,185.900,0.400
7190,8639,5079,0,0,96,755fed384b27d94c,10.000,144.500,0.100
7191,8640,5080,0,0,96,755fed384b27d94c,20.400,2588.500,0.100
7192,8641,5081,0,0,96,755fed384b27d94c,10.700,282.600,0.500
7193,8642,5082,0,0,96,755fed384b27d94c,12.100,169.300,0.000
7194,8643,5083,0,0,96,755fed384b27d94c,17.600,176.000,0.100
7195,8644,5084,0,0,96,755fed384b27d94c,9.100,139.000,0.400
7196,8645,5085,0,0,96,755fed384b27d94c,7.800,146.700,0.400
7197,8646,5086,0,0,96,755fed384b27d94c,7.300,203.600,0.000
7198,8647,5087,0,0,96,755fed384b27d94c,8.200,122.200,0.100
7199,8648,5088,0,0,96,755fed384b27d94c,21.400,141.300,0.300
7200,8649,5089,0,0,96,755fed384b27d94c,6.800,154.100,0.100
7201,8650,5090,0,0,96,755fed384b27d94c,16.300,126.500,0.100
7202,8651,5091,0,0,96,755fed384b27d94c,7.000,166.300,0.100
7203,8652,5092,0,0,96,755fed384b27d94c,14.500,174.900,0.200
7204,8653,5093,0,0,96,755fed384b27d94c,13.400,150.900,0.100
7205,8654,5094,0,0,96,755fed384b27d94c,8.500,167.000,0.200
7206,8655,5095,0,0,96,755fed384b27d94c,8.300,134.900,0.100
7207,8656,5096,0,0,96,755fed384b27d94c,13.400,208.100,0.100
7208,8657,5097,0,0,96,755fed384b27d94c,7.700,148.800,0.100
7209,8658,5098,0,0,96,755fed384b27d94c,7.700,129.600,0.300
7210,8659,5099,0,0,96,755fed384b27d94c,7.700,135.100,0.100
7211,8660,5100,0,0,96,755fed384b27d94c,7.100,162.300,0.100
7212,8661,5101,0,0,96,755fed384b27d94c,15.200,178.400,0.100
7213,8662,5102,0,0,96,755fed384b27d94c,7.900,172.200,0.200
7214,8663,5103,0,0,96,755fed384b27d94c,8.200,130.900,0.100
7215,8664,5104,0,0,96,755fed384b27d94c,8.400,151.200,0.400
7216,8665,5105,0,0,96,755fed384b27d94c,18.800,149.200,0.100
7217,8666,5106,0,0,96,755fed384b27d94c,8.500,169.400,0.100
7218,8667,5107,0,0,96,755fed384b27d94c,17.600,185.800,0.200
7219,8668,5108,0,0,96,755fed384b27d94c,7.600,124.800,0.100
7220,8669,5109,0,0,96,755fed384b27d94c,8.700,157.100,0.400
7221,8670,5110,0,0,96,755fed384b27d94c,18.000,262.200,0.400
7222,8671,5111,0,0,96,755fed384b27d94c,8.500,210.200,0.100
7223,8672,5112,0,0,96,755fed384b27d94c,13.000,247.800,0.300
7224,8673,5113,0,0,96,755fed384b27d94c,8.700,155.600,0.100
7225,8674,5114,0,0,96,755fed384b27d94c,8.000,133.300,0.200
7226,8675,5115,0,0,96,755fed384b27d94c,22.900,141.000,0.100
7227,8676,5116,0,0,96,755fed384b27d94c,7.000,173.100,0.100
7228,8677,5117,0,0,96,755fed384b27d94c,7.200,134.000,0.100
7229,8678,5118,0,0,96,755fed384b27d94c,7.400,129.000,0.100
7230,8679,5119,0,0,96,755fed384b27d94c,8.000,130.500,0.100
7231,8680,5120,0,0,96,755fed384b27d94c,8.100,122.600,0.100
7232,8681,5121,0,0,96,755fed384b27d94c,11.700,172.200,0.100
7233,8682,5122,0,0,96,755fed384b27d94c,9.000,138.400,0.100
7234,8683,5123,0,0,96,755fed384b27d94c,7.500,129.100,0.100
7235,8684,5124,0,0,96,755fed384b27d94c,10.000,129.800,0.100
7236,8685,5125,0,0,96,755fed384b27d94c,8.200,137.900,0.300
7237,8686,5126,0,0,96,755fed384b27d94c,7.600,271.600,0.100
7238,8687,5127,0,0,96,755fed384b27d94c,10.900,183.300,0.100
7239,8688,5128,0,0,96,755fed384b27d94c,17.200,130.800,0.200
7240,8689,5129,0,0,96,755fed384b27d94c,7.800,156.500,0.100
7241,8690,5130,0,0,96,755fed384b27d94c,8.100,162.400,0.100
7242,8691,5131,0,0,96,755fed384b27d94c,7.100,176.300,0.100
7243,8692,5132,0,0,96,755fed384b27d94c,8.100,123.900,0.100
7244,8693,5133,0,0,96,755fed384b27d94c,8.100,131.900,0.100
7245,8694,5134,0,0,96,755fed384b27d94c,7.800,133.000,0.400
7246,8695,5135,0,0,96,755fed384b27d94c,21.100,166.400,0.200
7247,8696,5136,0,0,96,755fed384b27d94c,10.100,138.500,0.200
7248,8697,5137,0,0,96,755fed384b27d94c,7.900,129.500,0.100
7249,8698,5138,0,0,96,755fed384b27d94c,8.100,133.400,0.100
7250,8699,5139,0,0,96,755fed384b27d94c,20.800,163.500,0.100
7251,8700,5140,0,0,96,755fed384b27d94c,14.900,1026.100,0.200
7252,8701,5141,0,0,96,755fed384b27d94c,12.800,179.200,0.100
7253,8702,5142,0,0,96,755fed384b27d94c,7.700,127.700,0.300
7254,8703,5143,0,0,96,755fed384b27d94c,7.700,135.800,0.100
7255,8704,5144,0,0,96,755fed384b27d94c,8.300,127.000,0.400
7256,8705,5145,0,0,96,755fed384b27d94c,8.400,155.900,0.200
7257,8706,5146,0,0,96,755fed384b27d94c,9.200,183.200,0.000
7258,8707,5147,0,0,96,755fed384b27d94c,8.600,140.500,0.200
7259,8708,5148,0,0,96,755fed384b27d94c,13.000,138.800,0.100
7260,8709,5149,0,0,96,755fed384b27d94c,8.100,140.400,0.100
7261,8710,5150,0,0,96,755fed384b27d94c,13.900,244.400,0.100
7262,8711,5151,0,0,96,755fed384b27d94c,10.100,201.200,0.300
7263,8712,5152,0,0,96,755fed384b27d94c,8.600,190.100,0.100
7264,8713,5153,0,0,96,755fed384b27d94c,7.600,146.600,0.400
7265,8714,5154,0,0,96,755fed384b27d94c,8.200,130.800,0.100
7266,8715,5155,0,0,96,755fed384b27d94c,12.900,154.600,0.100
7267,8716,5156,0,0,96,755fed384b27d94c,9.300,175.700,0.100
7268,8717,5157,0,0,96,755fed384b27d94c,7.900,127.600,0.100
7269,8718,5158,0,0,96,755fed384b27d94c,8.000,198.000,0.300
7270,8719,5159,0,0,96,755fed384b27d94c,8.000,160.200,0.200
7271,8720,5160,0,0,96,755fed384b27d94c,12.900,156.100,0.100
7272,8721,5161,0,0,96,755fed384b27d94c,9.400,166.700,0.100
7273,8722,5162,0,0,96,755fed384b27d94c,8.700,133.600,0.400
7274,8723,5163,0,0,96,755fed384b27d94c,7.500,123.800,0.100
7275,8724,5164,0,0,96,755fed384b27d94c,6.700,130.300,0.200
7276,8725,5165,0,0,96,755fed384b27d94c,8.300,128.500,0.100
7277,8726,5166,0,0,96,755fed384b27d94c,8.600,183.100,0.400
7278,8727,5167,0,0,96,755fed384b27d94c,7.900,177.500,0.100
7279,8728,5168,0,0,96,755fed384b27d94c,8.200,127.700,0.400
7280,8729,5169,0,0,96,755fed384b27d94c,7.100,164.500,0.000
7281,8730,5170,0,0,96,755fed384b27d94c,9.300,156.700,0.100
7282,8731,5171,0,0,96,755fed384b27d94c,8.800,185.900,0.400
7283,8732,5172,0,0,96,755fed384b27d94c,8.100,160.100,0.300
7284,8733,5173,0,0,96,755fed384b27d94c,9.500,152.400,0.100
7285,8734,5174,0,0,96,755fed384b27d94c,15.900,155.700,0.100
7286,8735,5175,0,0,96,755fed384b27d94c,17.400,185.400,0.400
7287,8736,5176,0,0,96,755fed384b27d94c,7.300,174.000,0.200
7288,8737,5177,0,0,96,755fed384b27d94c,7.900,150.100,0.100
7289,8738,5178,0,0,96,755fed384b27d94c,6.800,127.000,0.200
7290,8739,5179,0,0,96,755fed384b27d94c,6.900,132.800,0.200
7291,8740,5180,0,0,96,755fed384b27d94c,7.800,157.600,0.200
7292,8741,5181,0,0,96,755fed384b27d94c,6.300,196.500,1.200
7293,8742,5182,0,0,96,755fed384b27d94c,7.600,164.300,0.100
7294,8743,5183,0,0,96,755fed384b27d94c,8.900,231.000,0.400
7295,8744,5184,0,0,96,755fed384b27d94c,7.400,143.900,0.200
7296,8745,5185,0,0,96,755fed384b27d94c,9.900,157.900,0.300
7297,8746,5186,0,0,96,755fed384b27d94c,19.800,209.500,0.000
7298,8747,5187,0,0,96,755fed384b27d94c,8.900,134.300,0.300
7299,8748,5188,0,0,96,755fed384b27d94c,7.200,140.000,0.100
7300,8749,5189,0,0,96,755fed384b27d94c,7.500,133.700,0.100
7301,8750,5190,0,0,96,755fed384b27d94c,8.900,132.000,0.200
7302,8751,5191,0,0,96,755fed384b27d94c,15.500,184.300,0.100
7303,8752,5192,0,0,96,755fed384b27d94c,7.700,133.000,0.100
7304,8753,5193,0,0,96,755fed384b27d94c,8.100,128.100,0.100
7305,8754,5194,0,0,96,755fed384b27d94c,8.300,154.700,0.100
7306,8755,5195,0,0,96,755fed384b27d94c,8.500,247.200,0.400
7307,8756,5196,0,0,96,755fed384b27d94c,30.000,249.700,0.100
7308,8757,5197,0,0,96,755fed384b27d94c,7.700,133.200,0.100
7309,8758,5198,0,0,96,755fed384b27d94c,5.900,135.300,0.100
7310,8759,5199,0,0,96,755fed384b27d94c,8.100,147.400,0.400
7311,8760,5200,0,0,96,755fed384b27d94c,11.800,9633.300,28690.200
7312,8761,5201,0,0,96,755fed384b27d94c,5.500,957.000,0.300
7313,8762,5202,0,0,96,755fed384b27d94c,4.600,774.100,0.400
7314,8763,5203,0,0,96,755fed384b27d94c,8.500,326.700,0.000
7315,8764,5204,0,0,96,755fed384b27d94c,8.100,133.200,0.400
7316,8765,5205,0,0,96,755fed384b27d94c,8.500,150.700,0.400
7317,8766,5206,0,0,96,755fed384b27d94c,8.400,156.500,0.400
7318,8767,5207,0,0,96,755fed384b27d94c,9.600,145.800,0.000
7319,8768,5208,0,0,96,755fed384b27d94c,9.300,181.600,0.100
7320,8769,5209,0,0,96,755fed384b27d94c,7.500,134.100,0.100
7321,8770,5210,0,0,96,755fed384b27d94c,32.900,211.400,0.100
7322,8771,5211,0,0,96,755fed384b27d94c,9.300,144.900,0.100
7323,8772,5212,0,0,96,755fed384b27d94c,8.500,149.900,0.200
7324,8773,5213,0,0,96,755fed384b27d94c,15.500,255.300,0.300
7325,8774,5214,0,0,96,755fed384b27d94c,8.100,172.600,0.100
7326,8775,5215,0,0,96,755fed384b27d94c,7.700,134.900,0.100
7327,8776,5216,0,0,96,755fed384b27d94c,7.900,134.600,0.100
7328,8777,5217,0,0,96,755fed384b27d94c,8.000,127.800,0.100
7329,8778,5218,0,0,96,755fed384b27d94c,30.700,203.400,0.200
7330,8779,5219,0,0,96,755fed384b27d94c,8.600,129.000,0.100
7331,8780,5220,0,0,96,755fed384b27d94c,8.200,129.300,0.100
7332,8781,5221,0,0,96,755fed384b27d94c,6.600,133.200,0.100
7333,8782,5222,0,0,96,755fed384b27d94c,17.600,146.300,0.400
7334,8783,5223,0,0,96,755fed384b27d94c,8.400,198.200,0.100
7335,8784,5224,0,0,96,755fed384b27d94c,15.800,148.800,0.100
7336,8785,5225,0,0,96,755fed384b27d94c,8.000,149.600,0.100
7337,8786,5226,0,0,96,755fed384b27d94c,20.300,185.100,0.300
7338,8787,5227,0,0,96,755fed384b27d94c,8.700,158.500,0.300
7339,8788,5228,0,0,96,755fed384b27d94c,7.500,177.600,0.400
7340,8789,5229,0,0,96,755fed384b27d94c,7.700,124.200,0.100
7341,8790,5230,0,0,96,755fed384b27d94c,7.500,129.100,0.100
7342,8791,5231,0,0,96,755fed384b27d94c,23.900,157.500,0.200
7343,8792,5232,0,0,96,755fed384b27d94c,8.300,134.100,0.100
7344,8793,5233,0,0,96,755fed384b27d94c,14.100,212.700,0.300
7345,8794,5234,0,0,96,755fed384b27d94c,8.400,138.000,0.100
7346,8795,5235,0,0,96,755fed384b27d94c,7.500,135.800,0.400
7347,8796,5236,0,0,96,755fed384b27d94c,8.300,169.900,0.200
7348,8797,5237,0,0,96,755fed384b27d94c,9.300,124.900,0.300
7349,8798,5238,0,0,96,755fed384b27d94c,7.100,172.400,0.400
7350,8799,5239,0,0,96,755fed384b27d94c,30.900,130.500,0.100
7351,8800,5240,0,0,96,755fed384b27d94c,8.500,136.200,0.400
7352,8801,5241,0,0,96,755fed384b27d94c,7.800,129.800,0.100
7353,8802,5242,0,0,96,755fed384b27d94c,7.900,173.300,0.200
7354,8803,5243,0,0,96,755fed384b27d94c,14.200,183.100,0.000
7355,8804,5244,0,0,96,755fed384b27d94c,8.300,164.500,0.100
7356,8805,5245,0,0,96,755fed384b27d94c,9.300,203.300,0.400
7357,8806,5246,0,0,96,755fed384b27d94c,8.200,182.100,0.100
7358,8807,5247,0,0,96,755fed384b27d94c,7.500,134.200,0.200
7359,8808,5248,0,0,96,755fed384b27d94c,16.800,214.400,0.100
7360,8809,5249,0,0,96,755fed384b27d94c,8.800,167.900,0.100
7361,8810,5250,0,0,96,755fed384b27d94c,13.700,155.800,0.100
7362,8811,5251,0,0,96,755fed384b27d94c,7.100,199.900,0.200
7363,8812,5252,0,0,96,755fed384b27d94c,6.800,143.300,0.100
7364,8813,5253,0,0,96,755fed384b27d94c,9.700,189.000,0.200
7365,8814,5254,0,0,96,755fed384b27d94c,7.300,152.600,0.200
7366,8815,5255,0,0,96,755fed384b27d94c,21.800,140.600,0.100
7367,8816,5256,0,0,96,755fed384b27d94c,8.300,140.400,0.300
7368,8817,5257,0,0,96,755fed384b27d94c,7.100,156.200,0.100
7369,8818,5258,0,0,96,755fed384b27d94c,7.600,166.100,0.100
7370,8819,5259,0,0,96,755fed384b27d94c,8.500,253.300,0.300
7371,8820,5260,0,0,96,755fed384b27d94c,7.700,138.200,0.400
7372,8821,5261,0,0,96,755fed384b27d94c,8.500,421.300,1.100
7373,8822,5262,0,0,96,755fed384b27d94c,8.700,141.900,0.200
7374,8823,5263,0,0,96,755fed384b27d94c,35.700,187.800,0.100
7375,8824,5264,0,0,96,755fed384b27d94c,8.600,129.500,0.100
7376,8825,5265,0,0,96,755fed384b27d94c,8.800,150.400,0.400
7377,8826,5266,0,0,96,755fed384b27d94c,7.300,128.900,0.100
7378,8827,5267,0,0,96,755fed384b27d94c,7.900,186.400,0.300
7379,8828,5268,0,0,96,755fed384b27d94c,19.500,176.700,0.100
7380,8829,5269,0,0,96,755fed384b27d94c,15.900,165.600,0.200
7381,8830,5270,0,0,96,755fed384b27d94c,21.200,170.100,0.100
7382,8831,5271,0,0,96,755fed384b27d94c,8.600,135.200,0.500
7383,8832,5272,0,0,96,755fed384b27d94c,6.200,167.700,0.100
7384,8833,5273,0,0,96,755fed384b27d94c,9.300,175.600,0.100
7385,8834,5274,0,0,96,755fed384b27d94c,8.000,128.300,0.100
7386,8835,5275,0,0,96,755fed384b27d94c,8.300,147.100,0.100
7387,8836,5276,0,0,96,755fed384b27d94c,8.500,153.300,0.200
7388,8837,5277,0,0,96,755fed384b27d94c,10.100,172.600,0.100
7389,8838,5278,0,0,96,755fed384b27d94c,8.400,201.100,0.100
7390,8839,5279,0,0,96,755fed384b27d94c,8.200,147.800,0.100
7391,8840,5280,0,0,96,755fed384b27d94c,31.600,169.800,0.100
7392,8841,5281,0,0,96,755fed384b27d94c,9.100,170.500,0.100
7393,8842,5282,0,0,96,755fed384b27d94c,7.500,136.800,0.500
7394,8843,5283,0,0,96,755fed384b27d94c,7.800,197.000,0.100
7395,8844,5284,0,0,96,755fed384b27d94c,13.000,140.300,0.100
7396,8845,5285,0,0,96,755fed384b27d94c,8.000,148.800,0.200
7397,8846,5286,0,0,96,755fed384b27d94c,7.500,126.600,0.000
7398,8847,5287,0,0,96,755fed384b27d94c,12.800,141.300,0.100
7399,8848,5288,0,0,96,755fed384b27d94c,8.400,213.900,0.100
7400,8849,5289,0,0,96,755fed384b27d94c,8.000,161.400,0.100
7401,8850,5290,0,0,96,755fed384b27d94c,7.600,138.800,0.400
