frame,emulated_seconds,host_seconds
1,0.017502471249,0.005267600
2,0.035004942498,0.029135200
3,0.052507413746,0.046571700
4,0.070009884995,0.072018300
5,0.087512356244,0.089451200
6,0.105014827493,0.104858100
7,0.122517298741,0.127912800
8,0.140019769990,0.149028000
9,0.157522241239,0.170674300
10,0.175024712488,0.185833400
11,0.192527183736,0.204942200
12,0.210029654985,0.220502300
13,0.227532126234,0.242499500
14,0.245034597483,0.265861600
15,0.262537068731,0.282245100
16,0.280039539980,0.298972000
17,0.297542011229,0.315255500
18,0.315044482478,0.335496300
19,0.332546953727,0.349874500
20,0.350049424975,0.376010800
21,0.367551896224,0.396612100
22,0.385054367473,0.414342400
23,0.402556838722,0.430617300
24,0.420059309970,0.447277800
25,0.437561781219,0.464914300
26,0.455064252468,0.487275700
27,0.472566723717,0.504698700
28,0.490069194965,0.520676300
29,0.507571666214,0.538141000
30,0.525074137463,0.555393900
31,0.542576608712,0.574361500
32,0.560079079960,0.591106500
33,0.577581551209,0.611828700
34,0.595084022458,0.628043800
35,0.612586493707,0.645352500
36,0.630088964956,0.663477000
37,0.647591436204,0.683126100
38,0.665093907453,0.701500100
39,0.682596378702,0.717814900
40,0.700098849951,0.734757600
41,0.717601321199,0.751457800
42,0.735103792448,0.769431400
43,0.752606263697,0.786845500
44,0.770108734946,0.804899400
45,0.787611206194,0.821421000
46,0.805113677443,0.839107000
47,0.822616148692,0.857665600
48,0.840118619941,0.876214500
49,0.857621091189,0.893023200
50,0.875123562438,0.909518500
51,0.892626033687,0.926688900
52,0.910128504936,0.943723200
53,0.927630976185,0.961972300
54,0.945133447433,0.979576000
55,0.962635918682,0.996601900
56,0.980138389931,1.014308800
57,0.997640861180,1.032090400
58,1.015143332428,1.049518100
59,1.032645803677,1.066552100
60,1.050148274926,1.083821600
61,1.067650746175,1.101467700
62,1.085153217423,1.118859800
63,1.102655688672,1.136286000
64,1.120158159921,1.154051000
65,1.137660631170,1.171923800
66,1.155163102418,1.190364100
67,1.172665573667,1.207310400
68,1.190168044916,1.226572900
69,1.207670516165,1.242939000
70,1.225172987414,1.260101800
71,1.242675458662,1.276412300
72,1.260177929911,1.293958100
73,1.277680401160,1.311250300
74,1.295182872409,1.329169900
75,1.312685343657,1.346466400
76,1.330187814906,1.364158000
77,1.347690286155,1.381504600
78,1.365192757404,1.398807800
79,1.382695228652,1.416362300
80,1.400197699901,1.434094500
81,1.417700171150,1.451210000
82,1.435202642399,1.469016500
83,1.452705113647,1.487647700
84,1.470207584896,1.505259400
85,1.487710056145,1.522275600
86,1.505212527394,1.539879600
87,1.522714998642,1.557245300
88,1.540217469891,1.576298800
89,1.557719941140,1.593264200
90,1.575222412389,1.609911900
91,1.592724883638,1.626346600
92,1.610227354886,1.643942900
93,1.627729826135,1.661370200
94,1.645232297384,1.679229000
95,1.662734768633,1.696347600
96,1.680237239881,1.714026700
97,1.697739711130,1.731329300
98,1.715242182379,1.749317100
99,1.732744653628,1.767125000
100,1.750247124876,1.783968200
101,1.767749596125,1.802555900
102,1.785252067374,1.819607500
103,1.802754538623,1.836817900
104,1.820257009871,1.854657500
105,1.837759481120,1.871864700
106,1.855261952369,1.890490300
107,1.872764423618,1.907710400
108,1.890266894867,1.926127900
109,1.907769366115,1.943264200
110,1.925271837364,1.959851100
111,1.942774308613,1.977192100
112,1.960276779862,1.994782200
113,1.977779251110,2.012220000
114,1.995281722359,2.029147200
115,2.012784193608,2.046767600
116,2.030286664857,2.064278400
117,2.047789136105,2.081868800
118,2.065291607354,2.098982800
119,2.082794078603,2.116297900
120,2.100296549852,2.134097000
121,2.117799021100,2.151302800
122,2.135301492349,2.170250700
123,2.152803963598,2.186582600
124,2.170306434847,2.204063300
125,2.187808906096,2.221718100
126,2.205311377344,2.239062300
127,2.222813848593,2.257307300
128,2.240316319842,2.276210300
129,2.257818791091,2.292941100
130,2.275321262339,2.310060100
131,2.292823733588,2.326501400
132,2.310326204837,2.344003200
133,2.327828676086,2.361350800
134,2.345331147334,2.378899300
135,2.362833618583,2.396552700
136,2.380336089832,2.414163800
137,2.397838561081,2.432125600
138,2.415341032329,2.449478200
139,2.432843503578,2.466696400
140,2.450345974827,2.484016700
141,2.467848446076,2.502024700
142,2.485350917325,2.519405000
143,2.502853388573,2.536461000
144,2.520355859822,2.554732600
145,2.537858331071,2.572021100
146,2.555360802320,2.591573900
147,2.572863273568,2.610078600
148,2.590365744817,2.626087500
149,2.607868216066,2.643160200
150,2.625370687315,2.659672300
151,2.642873158563,2.677514000
152,2.660375629812,2.694101400
153,2.677878101061,2.711895700
154,2.695380572310,2.729692000
155,2.712883043558,2.746726200
156,2.730385514807,2.764493000
157,2.747887986056,2.781603000
158,2.765390457305,2.799256400
159,2.782892928554,2.816476200
160,2.800395399802,2.834210000
161,2.817897871051,2.851806500
162,2.835400342300,2.869269100
163,2.852902813549,2.886396300
164,2.870405284797,2.904404300
165,2.887907756046,2.921684300
166,2.905410227295,2.939743500
167,2.922912698544,2.957528700
168,2.940415169792,2.976087100
169,2.957917641041,2.993788000
170,2.975420112290,3.012513900
171,2.992922583539,3.028418300
172,3.010425054787,3.045015300
173,3.027927526036,3.062205400
174,3.045429997285,3.079847200
175,3.062932468534,3.096897500
176,3.080434939783,3.114866800
177,3.097937411031,3.131710800
178,3.115439882280,3.150285400
179,3.132942353529,3.167515000
180,3.150444824778,3.184498800
181,3.167947296026,3.202173900
182,3.185449767275,3.219819700
183,3.202952238524,3.236630100
184,3.220454709773,3.254271200
185,3.237957181021,3.271808700
186,3.255459652270,3.289958200
187,3.272962123519,3.307841800
188,3.290464594768,3.326242000
189,3.307967066016,3.342770300
190,3.325469537265,3.359603700
191,3.342972008514,3.376539000
192,3.360474479763,3.394442700
193,3.377976951012,3.411463500
194,3.395479422260,3.429176400
195,3.412981893509,3.447036300
196,3.430484364758,3.464146900
197,3.447986836007,3.481750400
198,3.465489307255,3.499161600
199,3.482991778504,3.516986200
200,3.500494249753,3.534863500
201,3.517996721002,3.551770900
202,3.535499192250,3.569270900
203,3.553001663499,3.587184200
204,3.570504134748,3.604271300
205,3.588006605997,3.621730200
206,3.605509077245,3.640830500
207,3.623011548494,3.659372900
208,3.640514019743,3.676457000
209,3.658016490992,3.692819700
210,3.675518962241,3.710389700
211,3.693021433489,3.726782900
212,3.710523904738,3.744342000
213,3.728026375987,3.761825700
214,3.745528847236,3.779715600
215,3.763031318484,3.799495700
216,3.780533789733,3.814420400
217,3.798036260982,3.832164600
218,3.815538732231,3.849973000
219,3.833041203479,3.866674400
220,3.850543674728,3.884468100
221,3.868046145977,3.902238400
222,3.885548617226,3.919665900
223,3.903051088474,3.936655800
224,3.920553559723,3.954127400
225,3.938056030972,3.971651900
226,3.955558502221,3.990069400
227,3.973060973470,4.008173400
228,3.990563444718,4.027699800
229,4.008065915967,4.043822000
230,4.025568387216,4.060129100
231,4.043070858465,4.076976100
232,4.060573329713,4.094236400
233,4.078075800962,4.111652400
234,4.095578272211,4.129201700
235,4.113080743460,4.146975500
236,4.130583214708,4.164375900
237,4.148085685957,4.182274700
238,4.165588157206,4.199758600
239,4.183090628455,4.217543900
240,4.200593099703,4.234701000
241,4.218095570952,4.252143000
242,4.235598042201,4.269374100
243,4.253100513450,4.286918700
244,4.270602984699,4.304773400
245,4.288105455947,4.323300900
246,4.305607927196,4.340864400
247,4.323110398445,4.359849100
248,4.340612869694,4.375864500
249,4.358115340942,4.392131500
250,4.375617812191,4.408888600
251,4.393120283440,4.425951600
252,4.410622754689,4.443341400
253,4.428125225937,4.461271200
254,4.445627697186,4.478158400
255,4.463130168435,4.495681400
256,4.480632639684,4.513379000
257,4.498135110932,4.530933700
258,4.515637582181,4.548569200
259,4.533140053430,4.566044400
260,4.550642524679,4.583445400
261,4.568144995927,4.600971400
262,4.585647467176,4.618489600
263,4.603149938425,4.636152400
264,4.620652409674,4.653701700
265,4.638154880923,4.670833300
266,4.655657352171,4.689134500
267,4.673159823420,4.708634200
268,4.690662294669,4.725215900
269,4.708164765918,4.742113200
270,4.725667237166,4.758833000
271,4.743169708415,4.776139800
272,4.760672179664,4.793652500
273,4.778174650913,4.810893400
274,4.795677122161,4.828501500
275,4.813179593410,4.846053100
276,4.830682064659,4.863358900
277,4.848184535908,4.881208200
278,4.865687007156,4.898398300
279,4.883189478405,4.915949300
280,4.900691949654,4.933403300
281,4.918194420903,4.950768900
282,4.935696892152,4.968503800
283,4.953199363400,4.985787200
284,4.970701834649,5.003804200
285,4.988204305898,5.021681200
286,5.005706777147,5.040060900
287,5.023209248395,5.060118700
288,5.040711719644,5.074173900
289,5.058214190893,5.091678000
290,5.075716662142,5.109197600
291,5.093219133390,5.126153200
292,5.110721604639,5.144115000
293,5.128224075888,5.160899900
294,5.145726547137,5.178730300
295,5.163229018385,5.196126300
296,5.180731489634,5.213750900
297,5.198233960883,5.230907800
298,5.215736432132,5.248503000
299,5.233238903381,5.266177700
300,5.250741374629,5.283615400
301,5.268243845878,5.301117200
302,5.285746317127,5.318783000
303,5.303248788376,5.336582400
304,5.320751259624,5.353880300
305,5.338253730873,5.371956400
306,5.355756202122,5.389695600
307,5.373258673371,5.409074600
308,5.390761144619,5.426169700
309,5.408263615868,5.442436200
310,5.425766087117,5.458936100
311,5.443268558366,5.476066700
312,5.460771029614,5.493915500
313,5.478273500863,5.511187600
314,5.495775972112,5.528618000
315,5.513278443361,5.546864200
316,5.530780914610,5.564704700
317,5.548283385858,5.581497900
318,5.565785857107,5.598803400
319,5.583288328356,5.617164800
320,5.600790799605,5.636996200
321,5.618293270853,5.651725700
322,5.635795742102,5.668750700
323,5.653298213351,5.685968500
324,5.670800684600,5.703803800
325,5.688303155848,5.721263400
326,5.705805627097,5.739469100
327,5.723308098346,5.758353000
328,5.740810569595,5.775779900
329,5.758313040843,5.792329700
330,5.775815512092,5.810026200
331,5.793317983341,5.826981800
332,5.810820454590,5.843892700
333,5.828322925839,5.860913400
334,5.845825397087,5.881721300
335,5.863327868336,5.896124400
336,5.880830339585,5.914397900
337,5.898332810834,5.931238900
338,5.915835282082,5.948519500
339,5.933337753331,5.966158800
340,5.950840224580,5.983571800
341,5.968342695829,6.001161100
342,5.985845167077,6.019306600
343,6.003347638326,6.036549800
344,6.020850109575,6.054759600
345,6.038352580824,6.073798600
346,6.055855052072,6.089224700
347,6.073357523321,6.108613900
348,6.090859994570,6.125263400
349,6.108362465819,6.142124800
350,6.125864937068,6.158989300
351,6.143367408316,6.176910500
352,6.160869879565,6.193605400
353,6.178372350814,6.211319200
354,6.195874822063,6.228782200
355,6.213377293311,6.245999700
356,6.230879764560,6.263557400
357,6.248382235809,6.281303200
358,6.265884707058,6.298950400
359,6.283387178306,6.316169700
360,6.300889649555,6.334147700
361,6.318392120804,6.351260600
362,6.335894592053,6.368841900
363,6.353397063301,6.386533500
364,6.370899534550,6.403943000
365,6.388402005799,6.421694500
366,6.405904477048,6.439511700
367,6.423406948297,6.459023300
368,6.440909419545,6.475360100
369,6.458411890794,6.492126700
370,6.475914362043,6.508826400
371,6.493416833292,6.526223000
372,6.510919304540,6.543792500
373,6.528421775789,6.562506700
374,6.545924247038,6.579787300
375,6.563426718287,6.597781300
376,6.580929189535,6.614169700
377,6.598431660784,6.631857900
378,6.615934132033,6.649156700
379,6.633436603282,6.666367400
380,6.650939074530,6.684114300
381,6.668441545779,6.701893000
382,6.685944017028,6.719066900
383,6.703446488277,6.736551200
384,6.720948959526,6.754070900
385,6.738451430774,6.771982400
386,6.755953902023,6.789573400
387,6.773456373272,6.808664600
388,6.790958844521,6.825480100
389,6.808461315769,6.842326800
390,6.825963787018,6.858988100
391,6.843466258267,6.876420500
392,6.860968729516,6.893833400
393,6.878471200764,6.911751200
394,6.895973672013,6.928756900
395,6.913476143262,6.946459700
396,6.930978614511,6.963716000
397,6.948481085759,6.981302100
398,6.965983557008,6.998706600
399,6.983486028257,7.016679200
400,7.000988499506,7.033843600
401,7.018490970755,7.051568200
402,7.035993442003,7.068887800
403,7.053495913252,7.086847500
404,7.070998384501,7.104054400
405,7.088500855750,7.121773000
406,7.106003326998,7.139538600
407,7.123505798247,7.158773800
408,7.141008269496,7.175548700
409,7.158510740745,7.192088800
410,7.176013211993,7.209744900
411,7.193515683242,7.226589200
412,7.211018154491,7.244077500
413,7.228520625740,7.261867600
414,7.246023096988,7.278967000
415,7.263525568237,7.296756000
416,7.281028039486,7.314571800
417,7.298530510735,7.331202900
418,7.316032981984,7.349166400
419,7.333535453232,7.366473300
420,7.351037924481,7.384019700
421,7.368540395730,7.402262200
422,7.386042866979,7.418810700
423,7.403545338227,7.436421900
424,7.421047809476,7.454182300
425,7.438550280725,7.471763400
426,7.456052751974,7.491989100
427,7.473555223222,7.508301300
428,7.491057694471,7.525569800
429,7.508560165720,7.541918400
430,7.526062636969,7.559076000
431,7.543565108217,7.576549000
432,7.561067579466,7.594421500
433,7.578570050715,7.611606600
434,7.596072521964,7.630140400
435,7.613574993212,7.646981600
436,7.631077464461,7.663746600
437,7.648579935710,7.681302800
438,7.666082406959,7.698715000
439,7.683584878208,7.716383500
440,7.701087349456,7.733899100
441,7.718589820705,7.751608000
442,7.736092291954,7.770055300
443,7.753594763203,7.787346400
444,7.771097234451,7.805070300
445,7.788599705700,7.822709200
446,7.806102176949,7.840608800
447,7.823604648198,7.858685200
448,7.841107119446,7.876061700
449,7.858609590695,7.892404900
450,7.876112061944,7.910266500
451,7.893614533193,7.927667500
452,7.911117004441,7.944149300
453,7.928619475690,7.961447900
454,7.946121946939,7.978827300
455,7.963624418188,7.996611300
456,7.981126889437,8.014137000
457,7.998629360685,8.031906500
458,8.016131831934,8.050408200
459,8.033634303183,8.066635900
460,8.051136774432,8.084192900
461,8.068639245680,8.103382300
462,8.086141716929,8.120717600
463,8.103644188178,8.136765300
464,8.121146659427,8.154962400
465,8.138649130675,8.172675900
466,8.156151601924,8.190253400
467,8.173654073173,8.209158000
468,8.191156544422,8.225421100
469,8.208659015670,8.242226500
470,8.226161486919,8.259034000
471,8.243663958168,8.276586100
472,8.261166429417,8.293935400
473,8.278668900666,8.311278200
474,8.296171371914,8.329312100
475,8.313673843163,8.346968200
476,8.331176314412,8.363891300
477,8.348678785661,8.381488700
478,8.366181256909,8.399154100
479,8.383683728158,8.417181900
480,8.401186199407,8.434186000
481,8.418688670656,8.451735800
482,8.436191141904,8.469371500
483,8.453693613153,8.486500400
484,8.471196084402,8.505039500
485,8.488698555651,8.522671800
486,8.506201026899,8.540254200
487,8.523703498148,8.558784000
488,8.541205969397,8.575575100
489,8.558708440646,8.593857700
490,8.576210911895,8.609618700
491,8.593713383143,8.626534700
492,8.611215854392,8.644152000
493,8.628718325641,8.660452800
494,8.646220796890,8.677952300
495,8.663723268138,8.695575200
496,8.681225739387,8.712916900
497,8.698728210636,8.730430800
498,8.716230681885,8.748016700
499,8.733733153133,8.765717800
500,8.751235624382,8.783439900
501,8.768738095631,8.800867700
502,8.786240566880,8.818083700
503,8.803743038128,8.835659100
504,8.821245509377,8.854234500
505,8.838747980626,8.871383900
506,8.856250451875,8.889040300
507,8.873752923124,8.907865400
508,8.891255394372,8.924773700
509,8.908757865621,8.942198800
510,8.926260336870,8.958587200
511,8.943762808119,8.975887400
512,8.961265279367,8.993456000
513,8.978767750616,9.012260100
514,8.996270221865,9.028168700
515,9.013772693114,9.046905500
516,9.031275164362,9.064230200
517,9.048777635611,9.080668500
518,9.066280106860,9.098723100
519,9.083782578109,9.115847000
520,9.101285049357,9.133065200
521,9.118787520606,9.150649700
522,9.136289991855,9.168013000
523,9.153792463104,9.185828400
524,9.171294934353,9.204152500
525,9.188797405601,9.221702200
526,9.206299876850,9.238826800
527,9.223802348099,9.258193300
528,9.241304819348,9.274497500
529,9.258807290596,9.291399600
530,9.276309761845,9.308129600
531,9.293812233094,9.325594200
532,9.311314704343,9.343523800
533,9.328817175591,9.360580500
534,9.346319646840,9.378010700
535,9.363822118089,9.395530900
536,9.381324589338,9.413301100
537,9.398827060586,9.431074700
538,9.416329531835,9.448856700
539,9.433832003084,9.465672100
540,9.451334474333,9.483244600
541,9.468836945582,9.500708600
542,9.486339416830,9.518452500
543,9.503841888079,9.535970500
544,9.521344359328,9.553776000
545,9.538846830577,9.571289000
546,9.556349301825,9.588955500
547,9.573851773074,9.607762000
548,9.591354244323,9.625646200
549,9.608856715572,9.642094200
550,9.626359186820,9.659025700
551,9.643861658069,9.675666700
552,9.661364129318,9.693256300
553,9.678866600567,9.710835600
554,9.696369071815,9.728311600
555,9.713871543064,9.745633000
556,9.731374014313,9.763284000
557,9.748876485562,9.781019600
558,9.766378956811,9.798258900
559,9.783881428059,9.816172400
560,9.801383899308,9.834192500
561,9.818886370557,9.851266900
562,9.836388841806,9.868602300
563,9.853891313054,9.885929000
564,9.871393784303,9.904441400
565,9.888896255552,9.921565200
566,9.906398726801,9.939240300
567,9.923901198049,9.957601400
568,9.941403669298,9.974615900
569,9.958906140547,9.990864600
570,9.976408611796,10.008210100
571,9.993911083044,10.025875800
572,10.011413554293,10.043763500
573,10.028916025542,10.060944800
574,10.046418496791,10.078337200
575,10.063920968040,10.095793400
576,10.081423439288,10.113690300
577,10.098925910537,10.132530600
578,10.116428381786,10.149128400
579,10.133930853035,10.166138300
580,10.151433324283,10.183520600
581,10.168935795532,10.201137500
582,10.186438266781,10.218659300
583,10.203940738030,10.235827900
584,10.221443209278,10.253475400
585,10.238945680527,10.271400100
586,10.256448151776,10.290862800
587,10.273950623025,10.307808100
588,10.291453094273,10.324669700
589,10.308955565522,10.341739300
590,10.326458036771,10.358425200
591,10.343960508020,10.375679000
592,10.361462979269,10.393215900
593,10.378965450517,10.411087000
594,10.396467921766,10.428371800
595,10.413970393015,10.445932300
596,10.431472864264,10.463496700
597,10.448975335512,10.480894000
598,10.466477806761,10.498739500
599,10.483980278010,10.515831800
600,10.501482749259,10.533524000
601,10.518985220507,10.550742100
602,10.536487691756,10.568351600
603,10.553990163005,10.585861400
604,10.571492634254,10.603514700
605,10.588995105502,10.621726600
606,10.606497576751,10.639083500
607,10.624000048000,10.658946900
608,10.641502519249,10.674982100
609,10.659004990498,10.691221900
610,10.676507461746,10.708503600
611,10.694009932995,10.725831600
612,10.711512404244,10.743209100
613,10.729014875493,10.761216200
614,10.746517346741,10.778735200
615,10.764019817990,10.796241600
616,10.781522289239,10.813872300
617,10.799024760488,10.830713900
618,10.816527231736,10.848333500
619,10.834029702985,10.865859200
620,10.851532174234,10.883268200
621,10.869034645483,10.901325700
622,10.886537116731,10.918473300
623,10.904039587980,10.936286500
624,10.921542059229,10.953417300
625,10.939044530478,10.971573000
626,10.956547001726,10.989024800
627,10.974049472975,11.007943300
628,10.991551944224,11.024878600
629,11.009054415473,11.042014800
630,11.026556886722,11.058634100
631,11.044059357970,11.075855700
632,11.061561829219,11.093692400
633,11.079064300468,11.110813000
634,11.096566771717,11.129708300
635,11.114069242965,11.146159100
636,11.131571714214,11.163793300
637,11.149074185463,11.181022700
638,11.166576656712,11.198426000
639,11.184079127960,11.215769400
640,11.201581599209,11.233427600
641,11.219084070458,11.250918200
642,11.236586541707,11.268403800
643,11.254089012955,11.285936400
644,11.271591484204,11.304354800
645,11.289093955453,11.322107100
646,11.306596426702,11.341506900
647,11.324098897951,11.358167300
648,11.341601369199,11.375283700
649,11.359103840448,11.391327200
650,11.376606311697,11.408549100
651,11.394108782946,11.426105100
652,11.411611254194,11.444170200
653,11.429113725443,11.460966400
654,11.446616196692,11.478671900
655,11.464118667941,11.496212300
656,11.481621139189,11.513423100
657,11.499123610438,11.530887300
658,11.516626081687,11.548568300
659,11.534128552936,11.566322200
660,11.551631024184,11.583639900
661,11.569133495433,11.600912800
662,11.586635966682,11.618450400
663,11.604138437931,11.636197900
664,11.621640909180,11.656823600
665,11.639143380428,11.674607300
666,11.656645851677,11.690215600
667,11.674148322926,11.708381000
668,11.691650794175,11.724780200
669,11.709153265423,11.742373300
670,11.726655736672,11.759607400
671,11.744158207921,11.777824400
672,11.761660679170,11.794925000
673,11.779163150418,11.812307200
674,11.796665621667,11.829856200
675,11.814168092916,11.847746900
676,11.831670564165,11.864691500
677,11.849173035413,11.882586800
678,11.866675506662,11.899685600
679,11.884177977911,11.918178500
680,11.901680449160,11.935627600
681,11.919182920409,11.953892800
682,11.936685391657,11.971059400
683,11.954187862906,11.987325600
684,11.971690334155,12.004939400
685,11.989192805404,12.022595300
686,12.006695276652,12.040080400
687,12.024197747901,12.057484000
688,12.041700219150,12.074809000
689,12.059202690399,12.092046500
690,12.076705161647,12.109805500
691,12.094207632896,12.127369900
692,12.111710104145,12.145397900
693,12.129212575394,12.164751900
694,12.146715046642,12.180537500
695,12.164217517891,12.197527200
696,12.181719989140,12.214900300
697,12.199222460389,12.232945800
698,12.216724931638,12.249711700
699,12.234227402886,12.268545900
700,12.251729874135,12.286003700
701,12.269232345384,12.304664900
702,12.286734816633,12.320923500
703,12.304237287881,12.337703200
704,12.321739759130,12.354931400
705,12.339242230379,12.372538000
706,12.356744701628,12.389766500
707,12.374247172876,12.407249600
708,12.391749644125,12.424918300
709,12.409252115374,12.442727000
710,12.426754586623,12.460313600
711,12.444257057871,12.477496200
712,12.461759529120,12.495274600
713,12.479262000369,12.512553200
714,12.496764471618,12.530243700
715,12.514266942867,12.547712300
716,12.531769414115,12.565096400
717,12.549271885364,12.582972100
718,12.566774356613,12.600217800
719,12.584276827862,12.617334800
720,12.601779299110,12.634799100
721,12.619281770359,12.652095300
722,12.636784241608,12.669757200
723,12.654286712857,12.687974300
724,12.671789184105,12.705093800
725,12.689291655354,12.722398500
726,12.706794126603,12.739863600
727,12.724296597852,12.757093200
728,12.741799069100,12.774652300
729,12.759301540349,12.792165100
730,12.776804011598,12.809937900
731,12.794306482847,12.827487600
732,12.811808954096,12.844883400
733,12.829311425344,12.862260800
734,12.846813896593,12.879660700
735,12.864316367842,12.897704500
736,12.881818839091,12.914890400
737,12.899321310339,12.932652000
738,12.916823781588,12.950154500
739,12.934326252837,12.967641900
740,12.951828724086,12.985460900
741,12.969331195334,13.002955000
742,12.986833666583,13.019818100
743,13.004336137832,13.037233500
744,13.021838609081,13.055094700
745,13.039341080329,13.072486500
746,13.056843551578,13.089620600
747,13.074346022827,13.107277900
748,13.091848494076,13.124790000
749,13.109350965325,13.142338300
750,13.126853436573,13.159707500
751,13.144355907822,13.177555800
752,13.161858379071,13.197192600
753,13.179360850320,13.213016500
754,13.196863321568,13.229799900
755,13.214365792817,13.247197700
756,13.231868264066,13.264673800
757,13.249370735315,13.282345800
758,13.266873206563,13.303432700
759,13.284375677812,13.319468100
760,13.301878149061,13.336283000
761,13.319380620310,13.352678500
762,13.336883091558,13.369772000
763,13.354385562807,13.387438500
764,13.371888034056,13.405135500
765,13.389390505305,13.422786600
766,13.406892976554,13.440191500
767,13.424395447802,13.457544100
768,13.441897919051,13.475119000
769,13.459400390300,13.492423800
770,13.476902861549,13.509999600
771,13.494405332797,13.527531500
772,13.511907804046,13.545896400
773,13.529410275295,13.562447900
774,13.546912746544,13.580191300
775,13.564415217792,13.597479500
776,13.581917689041,13.615225800
777,13.599420160290,13.632789900
778,13.616922631539,13.650194700
779,13.634425102787,13.667646100
780,13.651927574036,13.685158700
781,13.669430045285,13.703569000
782,13.686932516534,13.720930700
783,13.704434987783,13.738059100
784,13.721937459031,13.755704800
785,13.739439930280,13.772717500
786,13.756942401529,13.789949300
787,13.774444872778,13.807362300
788,13.791947344026,13.825007800
789,13.809449815275,13.842871800
790,13.826952286524,13.860367000
791,13.844454757773,13.877485500
792,13.861957229021,13.895529800
793,13.879459700270,13.912381600
794,13.896962171519,13.930003400
795,13.914464642768,13.947797600
796,13.931967114016,13.965292100
797,13.949469585265,13.987582100
798,13.966972056514,14.005017600
799,13.984474527763,14.019372600
800,14.001976999011,14.035571400
801,14.019479470260,14.052937000
802,14.036981941509,14.070301000
803,14.054484412758,14.087355100
804,14.071986884007,14.105131500
805,14.089489355255,14.122973400
806,14.106991826504,14.140216600
807,14.124494297753,14.157772700
808,14.141996769002,14.175486600
809,14.159499240250,14.193567300
810,14.177001711499,14.213450600
811,14.194504182748,14.230483300
812,14.212006653997,14.246890500
813,14.229509125245,14.263356500
814,14.247011596494,14.280429200
815,14.264514067743,14.297498100
816,14.282016538992,14.315285800
817,14.299519010240,14.332750800
818,14.317021481489,14.350016100
819,14.334523952738,14.368059000
820,14.352026423987,14.385408900
821,14.369528895236,14.403145900
822,14.387031366484,14.420165500
823,14.404533837733,14.437250000
824,14.422036308982,14.455017100
825,14.439538780231,14.472589200
826,14.457041251479,14.489883900
827,14.474543722728,14.507278900
828,14.492046193977,14.525249300
829,14.509548665226,14.543011300
830,14.527051136474,14.560093000
831,14.544553607723,14.577609600
832,14.562056078972,14.594716200
833,14.579558550221,14.612474600
834,14.597061021469,14.630287400
835,14.614563492718,14.647770100
836,14.632065963967,14.665217200
837,14.649568435216,14.682808800
838,14.667070906465,14.700873000
839,14.684573377713,14.722107200
840,14.702075848962,14.738380100
841,14.719578320211,14.755060000
842,14.737080791460,14.771171200
843,14.754583262708,14.788492400
844,14.772085733957,14.805248800
845,14.789588205206,14.822786300
846,14.807090676455,14.840088100
847,14.824593147703,14.857900000
848,14.842095618952,14.875081100
849,14.859598090201,14.892745200
850,14.877100561450,14.910685200
851,14.894603032698,14.927999100
852,14.912105503947,14.945421400
853,14.929607975196,14.962551100
854,14.947110446445,14.979960200
855,14.964612917694,14.998293800
856,14.982115388942,15.015838900
857,14.999617860191,15.032613700
858,15.017120331440,15.050777000
859,15.034622802689,15.067857600
860,15.052125273937,15.085028900
861,15.069627745186,15.102560400
862,15.087130216435,15.120098000
863,15.104632687684,15.137526800
864,15.122135158932,15.155224900
865,15.139637630181,15.173230700
866,15.157140101430,15.190329400
867,15.174642572679,15.208504000
868,15.192145043927,15.225364800
869,15.209647515176,15.242753000
870,15.227149986425,15.261245200
871,15.244652457674,15.278173400
872,15.262154928923,15.295138000
873,15.279657400171,15.313022000
874,15.297159871420,15.330346300
875,15.314662342669,15.347905600
876,15.332164813918,15.365996900
877,15.349667285166,15.383623200
878,15.367169756415,15.403023500
879,15.384672227664,15.419616700
880,15.402174698913,15.436892000
881,15.419677170161,15.452687200
882,15.437179641410,15.470267900
883,15.454682112659,15.487756600
884,15.472184583908,15.505368300
885,15.489687055156,15.522729800
886,15.507189526405,15.540707000
887,15.524691997654,15.557867900
888,15.542194468903,15.576001200
889,15.559696940152,15.593152400
890,15.577199411400,15.611026100
891,15.594701882649,15.627853300
892,15.612204353898,15.645352300
893,15.629706825147,15.662698400
894,15.647209296395,15.680317600
895,15.664711767644,15.698060300
896,15.682214238893,15.715223500
897,15.699716710142,15.733146900
898,15.717219181390,15.751632400
899,15.734721652639,15.767729800
900,15.752224123888,15.785677600
901,15.769726595137,15.803032200
902,15.787229066385,15.820357800
903,15.804731537634,15.838591700
904,15.822234008883,15.855500300
905,15.839736480132,15.872958100
906,15.857238951381,15.890577000
907,15.874741422629,15.907653000
908,15.892243893878,15.925188600
909,15.909746365127,15.942713600
910,15.927248836376,15.960133600
911,15.944751307624,15.977887500
912,15.962253778873,15.995361800
913,15.979756250122,16.013237100
914,15.997258721371,16.030162500
915,16.014761192619,16.048237600
916,16.032263663868,16.065941400
917,16.049766135117,16.083023400
918,16.067268606366,16.100829300
919,16.084771077614,16.118116900
920,16.102273548863,16.135884800
921,16.119776020112,16.152714000
922,16.137278491361,16.170244800
923,16.154780962610,16.188242700
924,16.172283433858,16.205148100
925,16.189785905107,16.222792700
926,16.207288376356,16.241031800
927,16.224790847605,16.258691600
928,16.242293318853,16.275655100
929,16.259795790102,16.292632500
930,16.277298261351,16.310303700
931,16.294800732600,16.327753800
932,16.312303203848,16.345139700
933,16.329805675097,16.362567100
934,16.347308146346,16.380525300
935,16.364810617595,16.398494700
936,16.382313088843,16.415808000
937,16.399815560092,16.432811400
938,16.417318031341,16.450028600
939,16.434820502590,16.467587300
940,16.452322973839,16.485179700
941,16.469825445087,16.502699100
942,16.487327916336,16.520132100
943,16.504830387585,16.537655600
944,16.522332858834,16.555405400
945,16.539835330082,16.573332900
946,16.557337801331,16.590262200
947,16.574840272580,16.607578400
948,16.592342743829,16.625683300
949,16.609845215077,16.642628100
950,16.627347686326,16.660581500
951,16.644850157575,16.678015200
952,16.662352628824,16.695412300
953,16.679855100072,16.713042300
954,16.697357571321,16.730494300
955,16.714860042570,16.748744100
956,16.732362513819,16.765448800
957,16.749864985068,16.782817500
958,16.767367456316,16.800787900
959,16.784869927565,16.817969700
960,16.802372398814,16.835502900
961,16.819874870063,16.863642700
962,16.837377341311,16.878438400
963,16.854879812560,16.894573000
964,16.872382283809,16.909636500
965,16.889884755058,16.923890700
966,16.907387226306,16.940742500
967,16.924889697555,16.958037900
968,16.942392168804,16.975741800
969,16.959894640053,16.993065500
970,16.977397111301,17.011432900
971,16.994899582550,17.028874900
972,17.012402053799,17.048839500
973,17.029904525048,17.063605600
974,17.047406996296,17.081909800
975,17.064909467545,17.098420700
976,17.082411938794,17.115474800
977,17.099914410043,17.133027000
978,17.117416881292,17.150559600
979,17.134919352540,17.168242100
980,17.152421823789,17.185606200
981,17.169924295038,17.203770200
982,17.187426766287,17.221543500
983,17.204929237535,17.238069900
984,17.222431708784,17.256574600
985,17.239934180033,17.273570700
986,17.257436651282,17.291265200
987,17.274939122530,17.308745200
988,17.292441593779,17.325678100
989,17.309944065028,17.343194700
990,17.327446536277,17.360607100
991,17.344949007525,17.378390400
992,17.362451478774,17.395650900
993,17.379953950023,17.412735200
994,17.397456421272,17.430506200
995,17.414958892521,17.447922600
996,17.432461363769,17.465473500
997,17.449963835018,17.483048800
998,17.467466306267,17.500804800
999,17.484968777516,17.517900700
1000,17.502471248764,17.536316700
1001,17.519973720013,17.553010300
1002,17.537476191262,17.571026000
1003,17.554978662511,17.587958600
1004,17.572481133759,17.606359000
1005,17.589983605008,17.623039900
1006,17.607486076257,17.640870900
1007,17.624988547506,17.658235700
1008,17.642491018754,17.675683200
1009,17.659993490003,17.693450000
1010,17.677495961252,17.710497800
1011,17.694998432501,17.728217200
1012,17.712500903750,17.745802300
1013,17.730003374998,17.763243800
1014,17.747505846247,17.781057200
1015,17.765008317496,17.798784800
1016,17.782510788745,17.816327500
1017,17.800013259993,17.833093900
1018,17.817515731242,17.850752100
1019,17.835018202491,17.868039200
1020,17.852520673740,17.885611600
1021,17.870023144988,17.903205900
1022,17.887525616237,17.920839800
1023,17.905028087486,17.938674800
1024,17.922530558735,17.955611400
1025,17.940033029983,17.973083800
1026,17.957535501232,17.991176700
1027,17.975037972481,18.008228200
1028,17.992540443730,18.026232400
1029,18.010042914979,18.043487400
1030,18.027545386227,18.060909500
1031,18.045047857476,18.078749100
1032,18.062550328725,18.095730300
1033,18.080052799974,18.113266600
1034,18.097555271222,18.130592200
1035,18.115057742471,18.147985100
1036,18.132560213720,18.165842500
1037,18.150062684969,18.183173600
1038,18.167565156217,18.200997200
1039,18.185067627466,18.218729100
1040,18.202570098715,18.235838800
1041,18.220072569964,18.253170900
1042,18.237575041212,18.270753700
1043,18.255077512461,18.288559500
1044,18.272579983710,18.306323400
1045,18.290082454959,18.323628900
1046,18.307584926208,18.340772900
1047,18.325087397456,18.358248500
1048,18.342589868705,18.375944000
1049,18.360092339954,18.393317000
1050,18.377594811203,18.410881100
1051,18.395097282451,18.428528800
1052,18.412599753700,18.446705700
1053,18.430102224949,18.463891700
1054,18.447604696198,18.480940200
1055,18.465107167446,18.498386600
1056,18.482609638695,18.515847600
1057,18.500112109944,18.533377700
1058,18.517614581193,18.550601800
1059,18.535117052441,18.568228800
1060,18.552619523690,18.585827800
1061,18.570121994939,18.602917900
1062,18.587624466188,18.620926100
1063,18.605126937437,18.638576100
1064,18.622629408685,18.656453000
1065,18.640131879934,18.673304000
1066,18.657634351183,18.690745300
1067,18.675136822432,18.708583600
1068,18.692639293680,18.725740500
1069,18.710141764929,18.743534800
1070,18.727644236178,18.761586300
1071,18.745146707427,18.778111400
1072,18.762649178675,18.795768000
1073,18.780151649924,18.814356800
1074,18.797654121173,18.830993200
1075,18.815156592422,18.848216600
1076,18.832659063670,18.865709000
1077,18.850161534919,18.883255700
1078,18.867664006168,18.900717000
1079,18.885166477417,18.918589400
1080,18.902668948666,18.935634700
1081,18.920171419914,18.953217800
1082,18.937673891163,18.971203200
1083,18.955176362412,18.988229200
1084,18.972678833661,19.006239500
1085,18.990181304909,19.023332700
1086,19.007683776158,19.041216600
1087,19.025186247407,19.058540700
1088,19.042688718656,19.075647600
1089,19.060191189904,19.093942600
1090,19.077693661153,19.110900300
1091,19.095196132402,19.128481100
1092,19.112698603651,19.145750600
1093,19.130201074899,19.163212900
1094,19.147703546148,19.180745200
1095,19.165206017397,19.198564300
1096,19.182708488646,19.215853300
1097,19.200210959895,19.233780500
1098,19.217713431143,19.252472600
1099,19.235215902392,19.270297300
1100,19.252718373641,19.286788000
1101,19.270220844890,19.304149300
1102,19.287723316138,19.321926600
1103,19.305225787387,19.338620100
1104,19.322728258636,19.356181800
1105,19.340230729885,19.373603900
1106,19.357733201133,19.390939900
1107,19.375235672382,19.408781100
1108,19.392738143631,19.425921800
1109,19.410240614880,19.444036100
1110,19.427743086128,19.461452200
1111,19.445245557377,19.480065200
1112,19.462748028626,19.497055500
1113,19.480250499875,19.513773700
1114,19.497752971124,19.530791500
1115,19.515255442372,19.548285400
1116,19.532757913621,19.565691500
1117,19.550260384870,19.583627300
1118,19.567762856119,19.601118900
1119,19.585265327367,19.618805700
1120,19.602767798616,19.636040300
1121,19.620270269865,19.653300800
1122,19.637772741114,19.670713000
1123,19.655275212362,19.688286400
1124,19.672777683611,19.705856600
1125,19.690280154860,19.724100900
1126,19.707782626109,19.740982500
1127,19.725285097357,19.758335000
1128,19.742787568606,19.775877100
1129,19.760290039855,19.793879000
1130,19.777792511104,19.810578700
1131,19.795294982353,19.830121600
1132,19.812797453601,19.846648100
1133,19.830299924850,19.862955300
1134,19.847802396099,19.880643000
1135,19.865304867348,19.898043800
1136,19.882807338596,19.915944300
1137,19.900309809845,19.933186600
1138,19.917812281094,19.950767200
1139,19.935314752343,19.968198600
1140,19.952817223591,19.985676100
1141,19.970319694840,20.003086800
1142,19.987822166089,20.021722700
1143,20.005324637338,20.038850500
1144,20.022827108586,20.056297400
1145,20.040329579835,20.073944500
1146,20.057832051084,20.090714800
1147,20.075334522333,20.112394500
1148,20.092836993581,20.127089000
1149,20.110339464830,20.143378100
1150,20.127841936079,20.161088800
1151,20.145344407328,20.177974100
1152,20.162846878577,20.195036900
1153,20.180349349825,20.212879900
1154,20.197851821074,20.230658700
1155,20.215354292323,20.247763800
1156,20.232856763572,20.265432600
1157,20.250359234820,20.283098600
1158,20.267861706069,20.301036800
1159,20.285364177318,20.319193300
1160,20.302866648567,20.336731100
1161,20.320369119815,20.355181000
1162,20.337871591064,20.371902300
1163,20.355374062313,20.389162100
1164,20.372876533562,20.406988900
1165,20.390379004810,20.424394100
1166,20.407881476059,20.442393100
1167,20.425383947308,20.459372100
1168,20.442886418557,20.476962500
1169,20.460388889806,20.494496600
1170,20.477891361054,20.512434600
1171,20.495393832303,20.529766300
1172,20.512896303552,20.546838600
1173,20.530398774801,20.564258200
1174,20.547901246049,20.581516500
1175,20.565403717298,20.599645400
1176,20.582906188547,20.616721900
1177,20.600408659796,20.634162500
1178,20.617911131044,20.651410100
1179,20.635413602293,20.669210300
1180,20.652916073542,20.686614700
1181,20.670418544791,20.704174600
1182,20.687921016039,20.721708200
1183,20.705423487288,20.739400500
1184,20.722925958537,20.757180100
1185,20.740428429786,20.774625700
1186,20.757930901035,20.791908600
1187,20.775433372283,20.809390100
1188,20.792935843532,20.826981800
1189,20.810438314781,20.845448100
1190,20.827940786030,20.861953900
1191,20.845443257278,20.879497200
1192,20.862945728527,20.897287700
1193,20.880448199776,20.914123500
1194,20.897950671025,20.931560700
1195,20.915453142273,20.949143700
1196,20.932955613522,20.966966600
1197,20.950458084771,20.984291400
1198,20.967960556020,21.001877700
1199,20.985463027268,21.019471400
1200,21.002965498517,21.036679500
1201,21.020467969766,21.054724400
1202,21.037970441015,21.071728500
1203,21.055472912264,21.089145900
1204,21.072975383512,21.106609600
1205,21.090477854761,21.124234400
1206,21.107980326010,21.141708300
1207,21.125482797259,21.159145500
1208,21.142985268507,21.176848100
1209,21.160487739756,21.194032900
1210,21.177990211005,21.211804600
1211,21.195492682254,21.229204500
1212,21.212995153502,21.246954400
1213,21.230497624751,21.264315100
1214,21.248000096000,21.281719400
1215,21.265502567249,21.299141400
1216,21.283005038497,21.317009700
1217,21.300507509746,21.334524800
1218,21.318009980995,21.352607600
1219,21.335512452244,21.369427100
1220,21.353014923493,21.386754300
1221,21.370517394741,21.404312700
1222,21.388019865990,21.421890400
1223,21.405522337239,21.439349600
1224,21.423024808488,21.456946100
1225,21.440527279736,21.474828100
1226,21.458029750985,21.491793300
1227,21.475532222234,21.509263200
1228,21.493034693483,21.526593800
1229,21.510537164731,21.544480500
1230,21.528039635980,21.561775300
1231,21.545542107229,21.580134000
1232,21.563044578478,21.596842900
1233,21.580547049726,21.614542000
1234,21.598049520975,21.631908600
1235,21.615551992224,21.649452500
1236,21.633054463473,21.666881700
1237,21.650556934722,21.684535700
1238,21.668059405970,21.701895200
1239,21.685561877219,21.719378100
1240,21.703064348468,21.736808600
1241,21.720566819717,21.754219900
1242,21.738069290965,21.771829700
1243,21.755571762214,21.789288400
1244,21.773074233463,21.806850900
1245,21.790576704712,21.824739900
1246,21.808079175960,21.842398800
1247,21.825581647209,21.860831400
1248,21.843084118458,21.877599700
1249,21.860586589707,21.894575200
1250,21.878089060955,21.911833700
1251,21.895591532204,21.929120100
1252,21.913094003453,21.946917300
1253,21.930596474702,21.964423900
1254,21.948098945951,21.982313000
1255,21.965601417199,22.001208500
1256,21.983103888448,22.018962000
1257,22.000606359697,22.035075900
1258,22.018108830946,22.052311700
1259,22.035611302194,22.069804500
1260,22.053113773443,22.087027400
1261,22.070616244692,22.104413200
1262,22.088118715941,22.121877200
1263,22.105621187189,22.139642800
1264,22.123123658438,22.157038200
1265,22.140626129687,22.174708200
1266,22.158128600936,22.191739700
1267,22.175631072184,22.209358200
1268,22.193133543433,22.226989200
1269,22.210636014682,22.245019200
1270,22.228138485931,22.263865800
1271,22.245640957180,22.280737700
1272,22.263143428428,22.297436800
1273,22.280645899677,22.314796800
1274,22.298148370926,22.331984600
1275,22.315650842175,22.349314700
1276,22.333153313423,22.368284000
1277,22.350655784672,22.384702900
1278,22.368158255921,22.402252800
1279,22.385660727170,22.419375400
1280,22.403163198418,22.437025800
1281,22.420665669667,22.454792500
1282,22.438168140916,22.472036900
1283,22.455670612165,22.489699000
1284,22.473173083413,22.506867300
1285,22.490675554662,22.524417400
1286,22.508178025911,22.542131100
1287,22.525680497160,22.559485400
1288,22.543182968409,22.577182400
1289,22.560685439657,22.594611500
1290,22.578187910906,22.612033800
1291,22.595690382155,22.629494200
1292,22.613192853404,22.647370100
1293,22.630695324652,22.664525300
1294,22.648197795901,22.682398000
1295,22.665700267150,22.700095200
1296,22.683202738399,22.716957800
1297,22.700705209647,22.734519200
1298,22.718207680896,22.752140400
1299,22.735710152145,22.769530700
1300,22.753212623394,22.787000700
1301,22.770715094642,22.804636700
1302,22.788217565891,22.822177900
1303,22.805720037140,22.839694800
1304,22.823222508389,22.856996400
1305,22.840724979638,22.875092800
1306,22.858227450886,22.892087900
1307,22.875729922135,22.909799200
1308,22.893232393384,22.927056900
1309,22.910734864633,22.944731500
1310,22.928237335881,22.962182600
1311,22.945739807130,22.979804500
1312,22.963242278379,22.996854200
1313,22.980744749628,23.014871400
1314,22.998247220876,23.032109800
1315,23.015749692125,23.050337800
1316,23.033252163374,23.067309300
1317,23.050754634623,23.084625200
1318,23.068257105871,23.102005400
1319,23.085759577120,23.119576900
1320,23.103262048369,23.136720600
1321,23.120764519618,23.154670000
1322,23.138266990867,23.172492100
1323,23.155769462115,23.189903800
1324,23.173271933364,23.208929000
1325,23.190774404613,23.226191200
1326,23.208276875862,23.242382500
1327,23.225779347110,23.260040900
1328,23.243281818359,23.277271400
1329,23.260784289608,23.294554400
1330,23.278286760857,23.312273000
1331,23.295789232105,23.329503500
1332,23.313291703354,23.347089000
1333,23.330794174603,23.364895900
1334,23.348296645852,23.382710100
1335,23.365799117100,23.400700400
1336,23.383301588349,23.419784000
1337,23.400804059598,23.436059500
1338,23.418306530847,23.453012900
1339,23.435809002095,23.469969500
1340,23.453311473344,23.487067700
1341,23.470813944593,23.505090800
1342,23.488316415842,23.522608800
1343,23.505818887091,23.539624000
1344,23.523321358339,23.557365800
1345,23.540823829588,23.574669500
1346,23.558326300837,23.592145200
1347,23.575828772086,23.609689700
1348,23.593331243334,23.627045000
1349,23.610833714583,23.644749300
1350,23.628336185832,23.662106100
1351,23.645838657081,23.679735200
1352,23.663341128329,23.697251400
1353,23.680843599578,23.714632900
1354,23.698346070827,23.732176900
1355,23.715848542076,23.749629200
1356,23.733351013324,23.767271300
1357,23.750853484573,23.785020300
1358,23.768355955822,23.802177500
1359,23.785858427071,23.819965000
1360,23.803360898320,23.837673800
1361,23.820863369568,23.854451300
1362,23.838365840817,23.872199400
1363,23.855868312066,23.890025000
1364,23.873370783315,23.908621100
1365,23.890873254563,23.924834500
1366,23.908375725812,23.942260900
1367,23.925878197061,23.959492800
1368,23.943380668310,23.977056500
1369,23.960883139558,23.994599000
1370,23.978385610807,24.012054200
1371,23.995888082056,24.029580800
1372,24.013390553305,24.048099800
1373,24.030893024553,24.065009800
1374,24.048395495802,24.081935500
1375,24.065897967051,24.099428100
1376,24.083400438300,24.117076200
1377,24.100902909549,24.134457200
1378,24.118405380797,24.152875900
1379,24.135907852046,24.169890600
1380,24.153410323295,24.187451800
1381,24.170912794544,24.204508900
1382,24.188415265792,24.222459900
1383,24.205917737041,24.240492100
1384,24.223420208290,24.257729200
1385,24.240922679539,24.275081200
1386,24.258425150787,24.292752700
1387,24.275927622036,24.308076100
1388,24.293430093285,24.326012100
1389,24.310932564534,24.343739700
1390,24.328435035782,24.360529100
1391,24.345937507031,24.378062700
1392,24.363439978280,24.395929900
1393,24.380942449529,24.414621200
1394,24.398444920778,24.430862900
1395,24.415947392026,24.447910500
1396,24.433449863275,24.465619900
1397,24.450952334524,24.482714300
1398,24.468454805773,24.500369100
1399,24.485957277021,24.517988300
1400,24.503459748270,24.535802000
1401,24.520962219519,24.552707700
1402,24.538464690768,24.570126400
1403,24.555967162016,24.587953600
1404,24.573469633265,24.605602000
1405,24.590972104514,24.623579200
1406,24.608474575763,24.640468200
1407,24.625977047011,24.657979500
1408,24.643479518260,24.675780700
1409,24.660981989509,24.692976200
1410,24.678484460758,24.710271700
1411,24.695986932007,24.728216300
1412,24.713489403255,24.745413500
1413,24.730991874504,24.762835500
1414,24.748494345753,24.781258300
1415,24.765996817002,24.797875900
1416,24.783499288250,24.815375100
1417,24.801001759499,24.833182300
1418,24.818504230748,24.850506500
1419,24.836006701997,24.868181500
1420,24.853509173245,24.885489100
1421,24.871011644494,24.902924100
1422,24.888514115743,24.921416000
1423,24.906016586992,24.938691200
1424,24.923519058240,24.955483100
1425,24.941021529489,24.973400600
1426,24.958524000738,24.990695300
1427,24.976026471987,25.008133400
1428,24.993528943236,25.025862300
1429,25.011031414484,25.043198000
1430,25.028533885733,25.060677800
1431,25.046036356982,25.078711200
1432,25.063538828231,25.095299700
1433,25.081041299479,25.113155200
1434,25.098543770728,25.130162800
1435,25.116046241977,25.147986800
1436,25.133548713226,25.165654300
1437,25.151051184474,25.183371200
1438,25.168553655723,25.200879900
1439,25.186056126972,25.217934300
1440,25.203558598221,25.235310200
1441,25.221061069469,25.252938700
1442,25.238563540718,25.270864600
1443,25.256066011967,25.288371100
1444,25.273568483216,25.305657400
1445,25.291070954465,25.323184900
1446,25.308573425713,25.341400100
1447,25.326075896962,25.358091100
1448,25.343578368211,25.375674300
1449,25.361080839460,25.393088200
1450,25.378583310708,25.410652000
1451,25.396085781957,25.428524500
1452,25.413588253206,25.449033600
1453,25.431090724455,25.465083100
1454,25.448593195703,25.481471900
1455,25.466095666952,25.498137700
1456,25.483598138201,25.515567300
1457,25.501100609450,25.533362900
1458,25.518603080698,25.550976100
1459,25.536105551947,25.568735800
1460,25.553608023196,25.586446800
1461,25.571110494445,25.603328000
1462,25.588612965694,25.620772600
1463,25.606115436942,25.638563700
1464,25.623617908191,25.655600600
1465,25.641120379440,25.673395900
1466,25.658622850689,25.690744700
1467,25.676125321937,25.708057600
1468,25.693627793186,25.725599400
1469,25.711130264435,25.742999100
1470,25.728632735684,25.760486300
1471,25.746135206932,25.778649300
1472,25.763637678181,25.795604200
1473,25.781140149430,25.813192800
1474,25.798642620679,25.830594800
1475,25.816145091927,25.848204600
1476,25.833647563176,25.865772000
1477,25.851150034425,25.883743000
1478,25.868652505674,25.900778500
1479,25.886154976923,25.918888200
1480,25.903657448171,25.935418900
1481,25.921159919420,25.953485400
1482,25.938662390669,25.970698800
1483,25.956164861918,25.987989600
1484,25.973667333166,26.006451500
1485,25.991169804415,26.023481300
1486,26.008672275664,26.040891300
1487,26.026174746913,26.058429800
1488,26.043677218161,26.076059200
1489,26.061179689410,26.093268400
1490,26.078682160659,26.110704900
1491,26.096184631908,26.128504100
1492,26.113687103156,26.146939900
1493,26.131189574405,26.166021100
1494,26.148692045654,26.183369300
1495,26.166194516903,26.199176600
1496,26.183696988152,26.216523600
1497,26.201199459400,26.233002100
1498,26.218701930649,26.250739400
1499,26.236204401898,26.268095600
1500,26.253706873147,26.285928100
1501,26.271209344395,26.303756500
1502,26.288711815644,26.320691200
1503,26.306214286893,26.338368100
1504,26.323716758142,26.355739700
1505,26.341219229390,26.373210200
1506,26.358721700639,26.391362700
1507,26.376224171888,26.408336100
1508,26.393726643137,26.425870600
1509,26.411229114385,26.444457800
1510,26.428731585634,26.460656600
1511,26.446234056883,26.478080800
1512,26.463736528132,26.495630100
1513,26.481238999380,26.513079700
1514,26.498741470629,26.531458500
1515,26.516243941878,26.548131800
1516,26.533746413127,26.565959600
1517,26.551248884376,26.583671200
1518,26.568751355624,26.600967000
1519,26.586253826873,26.618410600
1520,26.603756298122,26.635925700
1521,26.621258769371,26.652996000
1522,26.638761240619,26.671088300
1523,26.656263711868,26.688375400
1524,26.673766183117,26.705867200
1525,26.691268654366,26.723418500
1526,26.708771125614,26.740920000
1527,26.726273596863,26.758292100
1528,26.743776068112,26.775804300
1529,26.761278539361,26.793752800
1530,26.778781010609,26.810555800
1531,26.796283481858,26.828343500
1532,26.813785953107,26.845836500
1533,26.831288424356,26.862997000
1534,26.848790895605,26.880658300
1535,26.866293366853,26.898009100
1536,26.883795838102,26.915770200
1537,26.901298309351,26.933447400
1538,26.918800780600,26.952333900
1539,26.936303251848,26.968439300
1540,26.953805723097,26.985985700
1541,26.971308194346,27.004253400
1542,26.988810665595,27.020708900
1543,27.006313136843,27.039635500
1544,27.023815608092,27.056134200
1545,27.041318079341,27.073007500
1546,27.058820550590,27.090682600
1547,27.076323021838,27.108240000
1548,27.093825493087,27.125585500
1549,27.111327964336,27.143610600
1550,27.128830435585,27.161396500
1551,27.146332906834,27.178495600
1552,27.163835378082,27.195934200
1553,27.181337849331,27.213507100
1554,27.198840320580,27.230732900
1555,27.216342791829,27.249141800
1556,27.233845263077,27.265917700
1557,27.251347734326,27.283197500
1558,27.268850205575,27.301448500
1559,27.286352676824,27.318887400
1560,27.303855148072,27.338516200
1561,27.321357619321,27.355241000
1562,27.338860090570,27.371950900
1563,27.356362561819,27.389122700
1564,27.373865033067,27.406126900
1565,27.391367504316,27.423521800
1566,27.408869975565,27.441772300
1567,27.426372446814,27.458996700
1568,27.443874918063,27.477074900
1569,27.461377389311,27.493772100
1570,27.478879860560,27.511043500
1571,27.496382331809,27.529279400
1572,27.513884803058,27.546882400
1573,27.531387274306,27.563690300
1574,27.548889745555,27.580979000
1575,27.566392216804,27.598817500
1576,27.583894688053,27.616333100
1577,27.601397159301,27.634336700
1578,27.618899630550,27.651313600
1579,27.636402101799,27.669076400
1580,27.653904573048,27.686399300
1581,27.671407044296,27.703754600
1582,27.688909515545,27.721548900
1583,27.706411986794,27.738626400
1584,27.723914458043,27.756337800
1585,27.741416929292,27.773785800
1586,27.758919400540,27.791341800
1587,27.776421871789,27.808967400
1588,27.793924343038,27.826123000
1589,27.811426814287,27.843880100
1590,27.828929285535,27.861192200
1591,27.846431756784,27.878536800
1592,27.863934228033,27.896724400
1593,27.881436699282,27.914193000
1594,27.898939170530,27.931313200
1595,27.916441641779,27.949093600
1596,27.933944113028,27.966679800
1597,27.951446584277,27.985280000
1598,27.968949055525,28.002422000
1599,27.986451526774,28.018750800
1600,28.003953998023,28.036293400
1601,28.021456469272,28.053735400
1602,28.038958940521,28.071537900
1603,28.056461411769,28.088737300
1604,28.073963883018,28.106555000
1605,28.091466354267,28.123514900
1606,28.108968825516,28.141180900
1607,28.126471296764,28.158554600
1608,28.143973768013,28.176381000
1609,28.161476239262,28.193833000
1610,28.178978710511,28.211212600
1611,28.196481181759,28.229329300
1612,28.213983653008,28.246481200
1613,28.231486124257,28.263976200
1614,28.248988595506,28.281693400
1615,28.266491066754,28.298761700
1616,28.283993538003,28.316093800
1617,28.301496009252,28.333588000
1618,28.318998480501,28.351401900
1619,28.336500951750,28.368921900
1620,28.354003422998,28.386207200
1621,28.371505894247,28.403773500
1622,28.389008365496,28.421211600
1623,28.406510836745,28.438790400
1624,28.424013307993,28.456385200
1625,28.441515779242,28.473927700
1626,28.459018250491,28.491462100
1627,28.476520721740,28.509436900
1628,28.494023192988,28.526536600
1629,28.511525664237,28.543797700
1630,28.529028135486,28.561282100
1631,28.546530606735,28.578591900
1632,28.564033077983,28.596317100
1633,28.581535549232,28.613754600
1634,28.599038020481,28.631176600
1635,28.616540491730,28.649794900
1636,28.634042962979,28.666364500
1637,28.651545434227,28.683805700
1638,28.669047905476,28.701224600
1639,28.686550376725,28.718697200
1640,28.704052847974,28.736644000
1641,28.721555319222,28.754211800
1642,28.739057790471,28.771288300
1643,28.756560261720,28.789498400
1644,28.774062732969,28.806566400
1645,28.791565204217,28.824307700
1646,28.809067675466,28.841639800
1647,28.826570146715,28.859124700
1648,28.844072617964,28.876094700
1649,28.861575089212,28.893587500
1650,28.879077560461,28.911057200
1651,28.896580031710,28.928746300
1652,28.914082502959,28.946255400
1653,28.931584974208,28.963532100
1654,28.949087445456,28.980956200
1655,28.966589916705,28.998968500
1656,28.984092387954,29.016489000
1657,29.001594859203,29.033727700
1658,29.019097330451,29.051370600
1659,29.036599801700,29.068718700
1660,29.054102272949,29.086764400
1661,29.071604744198,29.104082200
1662,29.089107215446,29.121749600
1663,29.106609686695,29.138996800
1664,29.124112157944,29.156935200
1665,29.141614629193,29.173901500
1666,29.159117100441,29.191384000
1667,29.176619571690,29.208770700
1668,29.194122042939,29.227049500
1669,29.211624514188,29.243899800
1670,29.229126985437,29.261283700
1671,29.246629456685,29.278812400
1672,29.264131927934,29.296378900
1673,29.281634399183,29.314123800
1674,29.299136870432,29.331138600
1675,29.316639341680,29.349044200
1676,29.334141812929,29.366461800
1677,29.351644284178,29.383726500
1678,29.369146755427,29.401953700
1679,29.386649226675,29.419303400
1680,29.404151697924,29.436344700
1681,29.421654169173,29.453726800
1682,29.439156640422,29.471708000
1683,29.456659111670,29.489065400
1684,29.474161582919,29.507263200
1685,29.491664054168,29.524745600
1686,29.509166525417,29.543576700
1687,29.526668996665,29.558993200
1688,29.544171467914,29.576262500
1689,29.561673939163,29.594001800
1690,29.579176410412,29.611167700
1691,29.596678881661,29.629199100
1692,29.614181352909,29.646403700
1693,29.631683824158,29.663807200
1694,29.649186295407,29.681159900
1695,29.666688766656,29.699139100
1696,29.684191237904,29.716178300
1697,29.701693709153,29.733763600
1698,29.719196180402,29.751060600
1699,29.736698651651,29.769103800
1700,29.754201122899,29.786346100
1701,29.771703594148,29.803778500
1702,29.789206065397,29.821370600
1703,29.806708536646,29.838733100
1704,29.824211007894,29.856631000
1705,29.841713479143,29.873695800
1706,29.859215950392,29.891205800
1707,29.876718421641,29.909032300
1708,29.894220892890,29.926191100
1709,29.911723364138,29.944049100
1710,29.929225835387,29.961444800
1711,29.946728306636,29.979073300
1712,29.964230777885,29.996585000
1713,29.981733249133,30.016121200
1714,29.999235720382,30.031583400
1715,30.016738191631,30.049838800
1716,30.034240662880,30.066118900
1717,30.051743134128,30.083765700
1718,30.069245605377,30.101184700
1719,30.086748076626,30.119037900
1720,30.104250547875,30.136168600
1721,30.121753019123,30.153710400
1722,30.139255490372,30.172087100
1723,30.156757961621,30.190034000
1724,30.174260432870,30.207330600
1725,30.191762904119,30.226437000
1726,30.209265375367,30.242720800
1727,30.226767846616,30.259534700
1728,30.244270317865,30.276468000
1729,30.261772789114,30.294165800
1730,30.279275260362,30.312001500
1731,30.296777731611,30.329189300
1732,30.314280202860,30.346905100
1733,30.331782674109,30.364237500
1734,30.349285145357,30.381162500
1735,30.366787616606,30.398726500
1736,30.384290087855,30.416648600
1737,30.401792559104,30.434040200
1738,30.419295030352,30.451443100
1739,30.436797501601,30.469006200
1740,30.454299972850,30.486461100
1741,30.471802444099,30.503955900
1742,30.489304915348,30.522142000
1743,30.506807386596,30.539367400
1744,30.524309857845,30.556467500
1745,30.541812329094,30.573635200
1746,30.559314800343,30.591173200
1747,30.576817271591,30.609100700
1748,30.594319742840,30.626304900
1749,30.611822214089,30.644319700
1750,30.629324685338,30.661175300
1751,30.646827156586,30.679754000
1752,30.664329627835,30.696603300
1753,30.681832099084,30.714041600
1754,30.699334570333,30.731137500
1755,30.716837041581,30.749201300
1756,30.734339512830,30.766786300
1757,30.751841984079,30.783755900
1758,30.769344455328,30.801362900
1759,30.786846926577,30.819038400
1760,30.804349397825,30.836474700
1761,30.821851869074,30.853840300
1762,30.839354340323,30.871553900
1763,30.856856811572,30.889461500
1764,30.874359282820,30.906174600
1765,30.891861754069,30.923891800
1766,30.909364225318,30.942047700
1767,30.926866696567,30.958980100
1768,30.944369167815,30.976640400
1769,30.961871639064,30.994112100
1770,30.979374110313,31.012856800
1771,30.996876581562,31.029268300
1772,31.014379052810,31.046878700
1773,31.031881524059,31.064725900
1774,31.049383995308,31.081713100
1775,31.066886466557,31.098723400
1776,31.084388937806,31.116402500
1777,31.101891409054,31.134247000
1778,31.119393880303,31.151481900
1779,31.136896351552,31.169105200
1780,31.154398822801,31.186725200
1781,31.171901294049,31.204782700
1782,31.189403765298,31.222532600
1783,31.206906236547,31.241553900
1784,31.224408707796,31.258265300
1785,31.241911179044,31.275064600
1786,31.259413650293,31.291926200
1787,31.276916121542,31.309786200
1788,31.294418592791,31.326437800
1789,31.311921064039,31.344083700
1790,31.329423535288,31.361532900
1791,31.346926006537,31.379261800
1792,31.364428477786,31.396447400
1793,31.381930949035,31.414214000
1794,31.399433420283,31.431599900
1795,31.416935891532,31.449274800
1796,31.434438362781,31.466932100
1797,31.451940834030,31.484246100
1798,31.469443305278,31.502047000
1799,31.486945776527,31.519259200
1800,31.504448247776,31.538335700
1801,31.521950719025,31.554284700
1802,31.539453190273,31.571554500
1803,31.556955661522,31.589258100
1804,31.574458132771,31.606753800
1805,31.591960604020,31.624353800
1806,31.609463075268,31.641868500
1807,31.626965546517,31.659920900
1808,31.644468017766,31.676571500
1809,31.661970489015,31.694154400
1810,31.679472960264,31.711385900
1811,31.696975431512,31.729069300
1812,31.714477902761,31.746731200
1813,31.731980374010,31.764226800
1814,31.749482845259,31.781644900
1815,31.766985316507,31.799114100
1816,31.784487787756,31.816452300
1817,31.801990259005,31.834742200
1818,31.819492730254,31.851636200
1819,31.836995201502,31.869105000
1820,31.854497672751,31.886810200
1821,31.872000144000,31.903935000
1822,31.889502615249,31.921712400
1823,31.907005086497,31.939033800
1824,31.924507557746,31.956459000
1825,31.942010028995,31.974235900
1826,31.959512500244,31.991444500
1827,31.977014971493,32.009319500
1828,31.994517442741,32.026748300
1829,32.012019913990,32.046092100
1830,32.029522385239,32.062160400
1831,32.047024856488,32.078967300
1832,32.064527327736,32.096483700
1833,32.082029798985,32.114365800
1834,32.099532270234,32.131504900
1835,32.117034741483,32.149061700
1836,32.134537212731,32.166564200
1837,32.152039683980,32.184492600
1838,32.169542155229,32.201757600
1839,32.187044626478,32.219124300
1840,32.204547097726,32.236818900
1841,32.222049568975,32.254936100
1842,32.239552040224,32.273427000
1843,32.257054511473,32.290440000
1844,32.274556982722,32.307457200
1845,32.292059453970,32.324342500
1846,32.309561925219,32.341785200
1847,32.327064396468,32.359049600
1848,32.344566867717,32.376879100
1849,32.362069338965,32.394052300
1850,32.379571810214,32.411673000
1851,32.397074281463,32.429660500
1852,32.414576752712,32.446761300
1853,32.432079223960,32.464433500
1854,32.449581695209,32.481674000
1855,32.467084166458,32.499146600
1856,32.484586637707,32.517083100
1857,32.502089108955,32.534235000
1858,32.519591580204,32.551882700
1859,32.537094051453,32.570001500
1860,32.554596522702,32.586621700
1861,32.572098993950,32.604805600
1862,32.589601465199,32.622233200
1863,32.607103936448,32.640237700
1864,32.624606407697,32.656908600
1865,32.642108878946,32.674770800
1866,32.659611350194,32.692269700
1867,32.677113821443,32.709661000
1868,32.694616292692,32.726638600
1869,32.712118763941,32.744502200
1870,32.729621235189,32.761831300
1871,32.747123706438,32.779277200
1872,32.764626177687,32.796668300
1873,32.782128648936,32.814468600
1874,32.799631120184,32.831793400
1875,32.817133591433,32.849134800
1876,32.834636062682,32.866576400
1877,32.852138533931,32.885177600
1878,32.869641005179,32.902016800
1879,32.887143476428,32.919495900
1880,32.904645947677,32.936965900
1881,32.922148418926,32.954452700
1882,32.939650890175,32.972174900
1883,32.957153361423,32.989360800
1884,32.974655832672,33.006807500
1885,32.992158303921,33.024254000
1886,33.009660775170,33.042337700
1887,33.027163246418,33.060254400
1888,33.044665717667,33.076996900
1889,33.062168188916,33.094142600
1890,33.079670660165,33.111975800
1891,33.097173131413,33.129309400
1892,33.114675602662,33.146490200
1893,33.132178073911,33.164374800
1894,33.149680545160,33.181724600
1895,33.167183016408,33.199544700
1896,33.184685487657,33.217108400
1897,33.202187958906,33.234341700
1898,33.219690430155,33.252016300
1899,33.237192901404,33.269307400
1900,33.254695372652,33.286473700
1901,33.272197843901,33.304198700
1902,33.289700315150,33.321742000
1903,33.307202786399,33.339472200
1904,33.324705257647,33.356780800
1905,33.342207728896,33.374427900
1906,33.359710200145,33.391722400
1907,33.377212671394,33.409556700
1908,33.394715142642,33.426647300
1909,33.412217613891,33.444241400
1910,33.429720085140,33.461811300
1911,33.447222556389,33.479357500
1912,33.464725027637,33.496849700
1913,33.482227498886,33.514543200
1914,33.499729970135,33.531814800
1915,33.517232441384,33.549911700
1916,33.534734912633,33.567012100
1917,33.552237383881,33.584794100
1918,33.569739855130,33.602618400
1919,33.587242326379,33.620124700
1920,33.604744797628,33.637751900
1921,33.622247268876,33.654714700
1922,33.639749740125,33.672212000
1923,33.657252211374,33.689536900
1924,33.674754682623,33.707073400
1925,33.692257153871,33.724333400
1926,33.709759625120,33.742191200
1927,33.727262096369,33.759777900
1928,33.744764567618,33.777668100
1929,33.762267038866,33.795429100
1930,33.779769510115,33.814147100
1931,33.797271981364,33.830905300
1932,33.814774452613,33.847934700
1933,33.832276923862,33.864638000
1934,33.849779395110,33.882234400
1935,33.867281866359,33.899408800
1936,33.884784337608,33.916817300
1937,33.902286808857,33.934401800
1938,33.919789280105,33.951970200
1939,33.937291751354,33.969267600
1940,33.954794222603,33.987465000
1941,33.972296693852,34.004746800
1942,33.989799165100,34.022702700
1943,34.007301636349,34.039868700
1944,34.024804107598,34.057034300
1945,34.042306578847,34.074554700
1946,34.059809050095,34.091888500
1947,34.077311521344,34.110238200
1948,34.094813992593,34.127218700
1949,34.112316463842,34.144654500
1950,34.129818935091,34.161798000
1951,34.147321406339,34.179729200
1952,34.164823877588,34.197368500
1953,34.182326348837,34.214212400
1954,34.199828820086,34.231979900
1955,34.217331291334,34.249585700
1956,34.234833762583,34.266934700
1957,34.252336233832,34.285631600
1958,34.269838705081,34.302756200
1959,34.287341176329,34.321620000
1960,34.304843647578,34.337955600
1961,34.322346118827,34.354926700
1962,34.339848590076,34.371891900
1963,34.357351061324,34.389530500
1964,34.374853532573,34.406969700
1965,34.392356003822,34.424654600
1966,34.409858475071,34.442092400
1967,34.427360946320,34.459418700
1968,34.444863417568,34.476813800
1969,34.462365888817,34.494431200
1970,34.479868360066,34.512457300
1971,34.497370831315,34.529515000
1972,34.514873302563,34.546983800
1973,34.532375773812,34.564764100
1974,34.549878245061,34.582378600
1975,34.567380716310,34.599857900
1976,34.584883187558,34.618480500
1977,34.602385658807,34.635095800
1978,34.619888130056,34.651890300
1979,34.637390601305,34.669958100
1980,34.654893072553,34.687151400
1981,34.672395543802,34.704596700
1982,34.689898015051,34.721799700
1983,34.707400486300,34.739755400
1984,34.724902957549,34.757509700
1985,34.742405428797,34.774667700
1986,34.759907900046,34.792301600
1987,34.777410371295,34.809513100
1988,34.794912842544,34.827578500
1989,34.812415313792,34.845173600
1990,34.829917785041,34.862072200
1991,34.847420256290,34.879648300
1992,34.864922727539,34.897085600
1993,34.882425198787,34.915247500
1994,34.899927670036,34.932363600
1995,34.917430141285,34.949552500
1996,34.934932612534,34.967275500
1997,34.952435083782,34.984781600
1998,34.969937555031,35.002516900
1999,34.987440026280,35.020367600
2000,35.004942497529,35.037494400
2001,35.022444968778,35.055752600
2002,35.039947440026,35.072465700
2003,35.057449911275,35.089408200
2004,35.074952382524,35.108401400
2005,35.092454853773,35.124968000
2006,35.109957325021,35.142022000
2007,35.127459796270,35.159544600
2008,35.144962267519,35.178169000
2009,35.162464738768,35.194983000
2010,35.179967210016,35.211889100
2011,35.197469681265,35.229251600
2012,35.214972152514,35.247038600
2013,35.232474623763,35.264281900
2014,35.249977095011,35.282133000
2015,35.267479566260,35.299790700
2016,35.284982037509,35.317013700
2017,35.302484508758,35.335294900
2018,35.319986980007,35.351997200
2019,35.337489451255,35.369526600
2020,35.354991922504,35.387970100
2021,35.372494393753,35.404715300
2022,35.389996865002,35.422120300
2023,35.407499336250,35.439920200
2024,35.425001807499,35.457753600
2025,35.442504278748,35.474491900
2026,35.460006749997,35.491888500
2027,35.477509221245,35.509469600
2028,35.495011692494,35.527490800
2029,35.512514163743,35.545124600
2030,35.530016634992,35.562617100
2031,35.547519106240,35.579525100
2032,35.565021577489,35.596888100
2033,35.582524048738,35.614886100
2034,35.600026519987,35.632306300
2035,35.617528991236,35.650437200
2036,35.635031462484,35.667280300
2037,35.652533933733,35.684784000
2038,35.670036404982,35.702470600
2039,35.687538876231,35.719417400
2040,35.705041347479,35.736988600
2041,35.722543818728,35.754664400
2042,35.740046289977,35.772703500
2043,35.757548761226,35.789598400
2044,35.775051232474,35.807146900
2045,35.792553703723,35.824727900
2046,35.810056174972,35.842504600
2047,35.827558646221,35.859998300
2048,35.845061117469,35.877177800
2049,35.862563588718,35.895389600
2050,35.880066059967,35.912172400
2051,35.897568531216,35.929548800
2052,35.915071002464,35.947157100
2053,35.932573473713,35.964871400
2054,35.950075944962,35.982367800
2055,35.967578416211,36.000272600
2056,35.985080887460,36.017126900
2057,36.002583358708,36.034779700
2058,36.020085829957,36.052246600
2059,36.037588301206,36.070167800
2060,36.055090772455,36.087202600
2061,36.072593243703,36.104498000
2062,36.090095714952,36.123473300
2063,36.107598186201,36.140422200
2064,36.125100657450,36.157759200
2065,36.142603128698,36.174981400
2066,36.160105599947,36.192669600
2067,36.177608071196,36.209967100
2068,36.195110542445,36.227332700
2069,36.212613013693,36.245204300
2070,36.230115484942,36.262359300
2071,36.247617956191,36.280842600
2072,36.265120427440,36.297279500
2073,36.282622898689,36.314802700
2074,36.300125369937,36.332121500
2075,36.317627841186,36.349755300
2076,36.335130312435,36.367439900
2077,36.352632783684,36.384953000
2078,36.370135254932,36.402119600
2079,36.387637726181,36.419863700
2080,36.405140197430,36.437653600
2081,36.422642668679,36.454908800
2082,36.440145139927,36.472240500
2083,36.457647611176,36.489641300
2084,36.475150082425,36.507363000
2085,36.492652553674,36.524800100
2086,36.510155024922,36.542679100
2087,36.527657496171,36.559673900
2088,36.545159967420,36.577385900
2089,36.562662438669,36.595004700
2090,36.580164909918,36.612098900
2091,36.597667381166,36.630015200
2092,36.615169852415,36.649863500
2093,36.632672323664,36.665186200
2094,36.650174794913,36.682243600
2095,36.667677266161,36.699842600
2096,36.685179737410,36.717316600
2097,36.702682208659,36.734586800
2098,36.720184679908,36.752466100
2099,36.737687151156,36.770121000
2100,36.755189622405,36.787435200
2101,36.772692093654,36.804796500
2102,36.790194564903,36.822614600
2103,36.807697036151,36.840100400
2104,36.825199507400,36.857924500
2105,36.842701978649,36.877494200
2106,36.860204449898,36.894262400
2107,36.877706921147,36.911572400
2108,36.895209392395,36.927714400
2109,36.912711863644,36.945076900
2110,36.930214334893,36.962326500
2111,36.947716806142,36.980073500
2112,36.965219277390,36.997674900
2113,36.982721748639,37.015360300
2114,37.000224219888,37.032390200
2115,37.017726691137,37.050561600
2116,37.035229162385,37.067519200
2117,37.052731633634,37.084798000
2118,37.070234104883,37.102529000
2119,37.087736576132,37.119619500
2120,37.105239047380,37.137309400
2121,37.122741518629,37.155071200
2122,37.140243989878,37.173832900
2123,37.157746461127,37.190044100
2124,37.175248932376,37.207445800
2125,37.192751403624,37.224985500
2126,37.210253874873,37.242213600
2127,37.227756346122,37.259831900
2128,37.245258817371,37.277347700
2129,37.262761288619,37.294997700
2130,37.280263759868,37.312701300
2131,37.297766231117,37.329930600
2132,37.315268702366,37.347638300
2133,37.332771173614,37.364856600
2134,37.350273644863,37.382601300
2135,37.367776116112,37.400158000
2136,37.385278587361,37.417421600
2137,37.402781058609,37.435263500
2138,37.420283529858,37.452607600
2139,37.437786001107,37.469974200
2140,37.455288472356,37.487481900
2141,37.472790943605,37.504849600
2142,37.490293414853,37.522647500
2143,37.507795886102,37.539956700
2144,37.525298357351,37.559813400
2145,37.542800828600,37.576668400
2146,37.560303299848,37.594094400
2147,37.577805771097,37.612042500
2148,37.595308242346,37.630120400
2149,37.612810713595,37.647162900
2150,37.630313184843,37.664430400
2151,37.647815656092,37.681763200
2152,37.665318127341,37.699188100
2153,37.682820598590,37.716623200
2154,37.700323069838,37.734219500
2155,37.717825541087,37.752276000
2156,37.735328012336,37.771829600
2157,37.752830483585,37.788378100
2158,37.770332954834,37.804644300
2159,37.787835426082,37.821965600
2160,37.805337897331,37.838831300
2161,37.822840368580,37.856633000
2162,37.840342839829,37.874657200
2163,37.857845311077,37.891680500
2164,37.875347782326,37.909189000
2165,37.892850253575,37.926711400
2166,37.910352724824,37.943916500
2167,37.927855196072,37.961555500
2168,37.945357667321,37.978521800
2169,37.962860138570,37.996610100
2170,37.980362609819,38.014097300
2171,37.997865081067,38.031427900
2172,38.015367552316,38.049348000
2173,38.032870023565,38.067091100
2174,38.050372494814,38.083924400
2175,38.067874966063,38.101147800
2176,38.085377437311,38.118587000
2177,38.102879908560,38.136449600
2178,38.120382379809,38.153740800
2179,38.137884851058,38.172245200
2180,38.155387322306,38.189709100
2181,38.172889793555,38.207218800
2182,38.190392264804,38.226326400
2183,38.207894736053,38.243031600
2184,38.225397207301,38.259831400
2185,38.242899678550,38.276402300
2186,38.260402149799,38.293806100
2187,38.277904621048,38.311767600
2188,38.295407092296,38.329019000
2189,38.312909563545,38.346125300
2190,38.330412034794,38.363717900
2191,38.347914506043,38.381500600
2192,38.365416977292,38.399085100
2193,38.382919448540,38.416256200
2194,38.400421919789,38.434369700
2195,38.417924391038,38.451758000
2196,38.435426862287,38.469547900
2197,38.452929333535,38.486419700
2198,38.470431804784,38.502792300
2199,38.487934276033,38.521741700
2200,38.505436747282,38.539465600
2201,38.522939218530,38.556891400
2202,38.540441689779,38.574476700
2203,38.557944161028,38.591887800
2204,38.575446632277,38.609969900
2205,38.592949103525,38.627405900
2206,38.610451574774,38.643944000
2207,38.627954046023,38.662204300
2208,38.645456517272,38.678837700
2209,38.662958988521,38.696588300
2210,38.680461459769,38.714049000
2211,38.697963931018,38.731319700
2212,38.715466402267,38.749082700
2213,38.732968873516,38.766703000
2214,38.750471344764,38.783937700
2215,38.767973816013,38.801149300
2216,38.785476287262,38.819562500
2217,38.802978758511,38.836963200
2218,38.820481229759,38.854126700
2219,38.837983701008,38.871173500
2220,38.855486172257,38.889300100
2221,38.872988643506,38.907023400
2222,38.890491114754,38.924342700
2223,38.907993586003,38.941884000
2224,38.925496057252,38.959708400
2225,38.942998528501,38.976796100
2226,38.960500999749,38.994491200
2227,38.978003470998,39.011479600
2228,38.995505942247,39.029285900
2229,39.013008413496,39.047123400
2230,39.030510884745,39.063965000
2231,39.048013355993,39.081326600
2232,39.065515827242,39.099115700
2233,39.083018298491,39.116626000
2234,39.100520769740,39.133820100
2235,39.118023240988,39.150521000
2236,39.135525712237,39.169439600
2237,39.153028183486,39.186929600
2238,39.170530654735,39.204823100
2239,39.188033125983,39.221876800
2240,39.205535597232,39.239456600
2241,39.223038068481,39.255936000
2242,39.240540539730,39.274299300
2243,39.258043010978,39.291526500
2244,39.275545482227,39.309349100
2245,39.293047953476,39.326827200
2246,39.310550424725,39.344400000
2247,39.328052895974,39.361727300
2248,39.345555367222,39.378375300
2249,39.363057838471,39.396460600
2250,39.380560309720,39.414081200
2251,39.398062780969,39.431487300
2252,39.415565252217,39.449003600
2253,39.433067723466,39.466887000
2254,39.450570194715,39.483425200
2255,39.468072665964,39.501769500
2256,39.485575137212,39.519735000
2257,39.503077608461,39.539119200
2258,39.520580079710,39.555799100
2259,39.538082550959,39.572380900
2260,39.555585022207,39.589161100
2261,39.573087493456,39.606420400
2262,39.590589964705,39.624217800
2263,39.608092435954,39.642280400
2264,39.625594907203,39.659164900
2265,39.643097378451,39.676516400
2266,39.660599849700,39.695034600
2267,39.678102320949,39.712808300
2268,39.695604792198,39.730362900
2269,39.713107263446,39.747103900
2270,39.730609734695,39.764357900
2271,39.748112205944,39.781864700
2272,39.765614677193,39.799078500
2273,39.783117148441,39.816540100
2274,39.800619619690,39.834230200
2275,39.818122090939,39.851702900
2276,39.835624562188,39.869453700
2277,39.853127033436,39.886516400
2278,39.870629504685,39.903380000
2279,39.888131975934,39.922158500
2280,39.905634447183,39.938921400
2281,39.923136918432,39.956798600
2282,39.940639389680,39.974197200
2283,39.958141860929,39.991481400
2284,39.975644332178,40.009004800
2285,39.993146803427,40.025707900
2286,40.010649274675,40.044686700
2287,40.028151745924,40.061504700
2288,40.045654217173,40.078996100
2289,40.063156688422,40.096735200
2290,40.080659159670,40.114210400
2291,40.098161630919,40.131706600
2292,40.115664102168,40.149356900
2293,40.133166573417,40.165871900
2294,40.150669044665,40.184576200
2295,40.168171515914,40.204425600
2296,40.185673987163,40.220450000
2297,40.203176458412,40.236550500
2298,40.220678929661,40.254212700
2299,40.238181400909,40.271946000
2300,40.255683872158,40.289385100
2301,40.273186343407,40.306732400
2302,40.290688814656,40.324235000
2303,40.308191285904,40.341223800
2304,40.325693757153,40.359203000
2305,40.343196228402,40.376997300
2306,40.360698699651,40.395002000
2307,40.378201170899,40.412123100
2308,40.395703642148,40.429241100
2309,40.413206113397,40.447150300
2310,40.430708584646,40.465428500
2311,40.448211055894,40.483222100
2312,40.465713527143,40.499273100
2313,40.483215998392,40.516673100
2314,40.500718469641,40.533284400
2315,40.518220940890,40.551297500
2316,40.535723412138,40.569038000
2317,40.553225883387,40.587006400
2318,40.570728354636,40.604282500
2319,40.588230825885,40.622042100
2320,40.605733297133,40.639825300
2321,40.623235768382,40.656839300
2322,40.640738239631,40.674094400
2323,40.658240710880,40.691928100
2324,40.675743182128,40.709944600
2325,40.693245653377,40.727842500
2326,40.710748124626,40.746773900
2327,40.728250595875,40.763715200
2328,40.745753067123,40.779998000
2329,40.763255538372,40.797029300
2330,40.780758009621,40.814192500
2331,40.798260480870,40.831667900
2332,40.815762952119,40.848944900
2333,40.833265423367,40.866629500
2334,40.850767894616,40.884069900
2335,40.868270365865,40.901470200
2336,40.885772837114,40.919782800
2337,40.903275308362,40.937574900
2338,40.920777779611,40.954587800
2339,40.938280250860,40.972307000
2340,40.955782722109,40.989705500
2341,40.973285193357,41.007836500
2342,40.990787664606,41.024086700
2343,41.008290135855,41.042166400
2344,41.025792607104,41.060004400
2345,41.043295078352,41.076759900
2346,41.060797549601,41.094400000
2347,41.078300020850,41.111479400
2348,41.095802492099,41.129107100
2349,41.113304963348,41.146766000
2350,41.130807434596,41.164320200
2351,41.148309905845,41.181618800
2352,41.165812377094,41.199216500
2353,41.183314848343,41.217322500
2354,41.200817319591,41.234098100
2355,41.218319790840,41.251864400
2356,41.235822262089,41.269285200
2357,41.253324733338,41.286713800
2358,41.270827204586,41.304427000
2359,41.288329675835,41.321721100
2360,41.305832147084,41.339664200
2361,41.323334618333,41.355802600
2362,41.340837089581,41.374151000
2363,41.358339560830,41.391564500
2364,41.375842032079,41.409531900
2365,41.393344503328,41.427353000
2366,41.410846974577,41.445261000
2367,41.428349445825,41.463093000
2368,41.445851917074,41.480359600
2369,41.463354388323,41.496387500
2370,41.480856859572,41.513645100
2371,41.498359330820,41.530758600
2372,41.515861802069,41.548070300
2373,41.533364273318,41.565172700
2374,41.550866744567,41.582969500
2375,41.568369215815,41.600600900
2376,41.585871687064,41.617823600
2377,41.603374158313,41.635396700
2378,41.620876629562,41.652835700
2379,41.638379100810,41.670681500
2380,41.655881572059,41.688240900
2381,41.673384043308,41.705886900
2382,41.690886514557,41.723863600
2383,41.708388985806,41.741120800
2384,41.725891457054,41.758466800
2385,41.743393928303,41.775527700
2386,41.760896399552,41.792960300
2387,41.778398870801,41.810689300
2388,41.795901342049,41.828174500
2389,41.813403813298,41.845493600
2390,41.830906284547,41.863160300
2391,41.848408755796,41.880657000
2392,41.865911227044,41.898108300
2393,41.883413698293,41.915702000
2394,41.900916169542,41.932936300
2395,41.918418640791,41.950376000
2396,41.935921112039,41.968334000
2397,41.953423583288,41.985680900
2398,41.970926054537,42.003496600
2399,41.988428525786,42.020622300
2400,42.005930997034,42.038428700
2401,42.023433468283,42.055862100
2402,42.040935939532,42.072911400
2403,42.058438410781,42.090722600
2404,42.075940882030,42.108440400
2405,42.093443353278,42.126706400
2406,42.110945824527,42.143678000
2407,42.128448295776,42.161354700
2408,42.145950767025,42.178972500
2409,42.163453238273,42.195909700
2410,42.180955709522,42.213421700
2411,42.198458180771,42.231064300
2412,42.215960652020,42.248364700
2413,42.233463123268,42.266091200
2414,42.250965594517,42.283940800
2415,42.268468065766,42.301754800
2416,42.285970537015,42.318781800
2417,42.303473008263,42.336679600
2418,42.320975479512,42.354556900
2419,42.338477950761,42.371776500
2420,42.355980422010,42.388989700
2421,42.373482893259,42.406694100
2422,42.390985364507,42.424185900
2423,42.408487835756,42.442458600
2424,42.425990307005,42.461368100
2425,42.443492778254,42.478404100
2426,42.460995249502,42.494947400
2427,42.478497720751,42.511906400
2428,42.496000192000,42.529607300
2429,42.513502663249,42.547140300
2430,42.531005134497,42.564355200
2431,42.548507605746,42.582107700
2432,42.566010076995,42.599028000
2433,42.583512548244,42.616524200
2434,42.601015019492,42.634072400
2435,42.618517490741,42.651673500
2436,42.636019961990,42.669763500
2437,42.653522433239,42.686350300
2438,42.671024904488,42.704594300
2439,42.688527375736,42.721633000
2440,42.706029846985,42.739708200
2441,42.723532318234,42.756787800
2442,42.741034789483,42.774521800
2443,42.758537260731,42.792734700
2444,42.776039731980,42.809131200
2445,42.793542203229,42.826589600
2446,42.811044674478,42.844544200
2447,42.828547145726,42.861751400
2448,42.846049616975,42.879034500
2449,42.863552088224,42.896757100
2450,42.881054559473,42.914257200
2451,42.898557030721,42.932517500
2452,42.916059501970,42.950101300
2453,42.933561973219,42.966434800
2454,42.951064444468,42.984163000
2455,42.968566915717,43.001622200
2456,42.986069386965,43.019240900
2457,43.003571858214,43.036820000
2458,43.021074329463,43.054249700
2459,43.038576800712,43.071795100
2460,43.056079271960,43.089066900
2461,43.073581743209,43.106837500
2462,43.091084214458,43.124034300
2463,43.108586685707,43.142293400
2464,43.126089156955,43.159212100
2465,43.143591628204,43.176577900
2466,43.161094099453,43.194216200
2467,43.178596570702,43.211735800
2468,43.196099041950,43.229428300
2469,43.213601513199,43.248436100
2470,43.231103984448,43.264448700
2471,43.248606455697,43.281839900
2472,43.266108926946,43.299548300
2473,43.283611398194,43.316912800
2474,43.301113869443,43.334518000
2475,43.318616340692,43.352093900
2476,43.336118811941,43.369866400
2477,43.353621283189,43.386461100
2478,43.371123754438,43.404091500
2479,43.388626225687,43.421748600
2480,43.406128696936,43.439233200
2481,43.423631168184,43.456549600
2482,43.441133639433,43.474329100
2483,43.458636110682,43.492499300
2484,43.476138581931,43.511582900
2485,43.493641053179,43.528251500
2486,43.511143524428,43.545232100
2487,43.528645995677,43.561735900
2488,43.546148466926,43.578939600
2489,43.563650938175,43.596736100
2490,43.581153409423,43.614355000
2491,43.598655880672,43.631973500
2492,43.616158351921,43.649044600
2493,43.633660823170,43.666627400
2494,43.651163294418,43.683940800
2495,43.668665765667,43.701721100
2496,43.686168236916,43.719165600
2497,43.703670708165,43.737282500
2498,43.721173179413,43.754275900
2499,43.738675650662,43.772682500
2500,43.756178121911,43.789759800
2501,43.773680593160,43.806575800
2502,43.791183064408,43.824017900
2503,43.808685535657,43.841784400
2504,43.826188006906,43.859668000
2505,43.843690478155,43.876855800
2506,43.861192949404,43.894322700
2507,43.878695420652,43.911702500
2508,43.896197891901,43.929224300
2509,43.913700363150,43.946633600
2510,43.931202834399,43.964265200
2511,43.948705305647,43.981923400
2512,43.966207776896,43.998946500
2513,43.983710248145,44.016772700
2514,44.001212719394,44.034584900
2515,44.018715190642,44.052164600
2516,44.036217661891,44.069478300
2517,44.053720133140,44.086518000
2518,44.071222604389,44.104415900
2519,44.088725075637,44.121907900
2520,44.106227546886,44.139337300
2521,44.123730018135,44.157285600
2522,44.141232489384,44.174310500
2523,44.158734960633,44.191902000
2524,44.176237431881,44.209385100
2525,44.193739903130,44.226784800
2526,44.211242374379,44.244300400
2527,44.228744845628,44.261784200
2528,44.246247316876,44.279569800
2529,44.263749788125,44.297627300
2530,44.281252259374,44.314287600
2531,44.298754730623,44.331855700
2532,44.316257201871,44.349354100
2533,44.333759673120,44.366876300
2534,44.351262144369,44.384500500
2535,44.368764615618,44.401706000
2536,44.386267086866,44.419439200
2537,44.403769558115,44.436944600
2538,44.421272029364,44.454889500
2539,44.438774500613,44.472470600
2540,44.456276971862,44.489691800
2541,44.473779443110,44.507014500
2542,44.491281914359,44.524805700
2543,44.508784385608,44.542083100
2544,44.526286856857,44.559690500
2545,44.543789328105,44.576826200
2546,44.561291799354,44.594251000
2547,44.578794270603,44.611823100
2548,44.596296741852,44.629238100
2549,44.613799213100,44.647108000
2550,44.631301684349,44.664275000
2551,44.648804155598,44.681938300
2552,44.666306626847,44.699795400
2553,44.683809098095,44.717626100
2554,44.701311569344,44.734276200
2555,44.718814040593,44.751998000
2556,44.736316511842,44.769284700
2557,44.753818983091,44.786931500
2558,44.771321454339,44.805969300
2559,44.788823925588,44.822048700
2560,44.806326396837,44.839502200
2561,44.823828868086,44.856930400
2562,44.841331339334,44.875202200
2563,44.858833810583,44.891744200
2564,44.876336281832,44.909749000
2565,44.893838753081,44.927160800
2566,44.911341224329,44.944621500
2567,44.928843695578,44.962116400
2568,44.946346166827,44.979784700
2569,44.963848638076,44.996898600
2570,44.981351109324,45.014390600
2571,44.998853580573,45.031834500
2572,45.016356051822,45.050361400
2573,45.033858523071,45.066697900
2574,45.051360994320,45.084318600
2575,45.068863465568,45.101568800
2576,45.086365936817,45.119306000
2577,45.103868408066,45.136580800
2578,45.121370879315,45.154387700
2579,45.138873350563,45.172112900
2580,45.156375821812,45.189779200
2581,45.173878293061,45.206901300
2582,45.191380764310,45.224540500
2583,45.208883235558,45.242086100
2584,45.226385706807,45.259423300
2585,45.243888178056,45.277499000
2586,45.261390649305,45.294851300
2587,45.278893120553,45.311826600
2588,45.296395591802,45.329484100
2589,45.313898063051,45.347385100
2590,45.331400534300,45.364269600
2591,45.348903005548,45.381670300
2592,45.366405476797,45.399423600
2593,45.383907948046,45.417705400
2594,45.401410419295,45.434734400
2595,45.418912890544,45.451986100
2596,45.436415361792,45.469477300
2597,45.453917833041,45.486856000
2598,45.471420304290,45.504332200
2599,45.488922775539,45.522194500
2600,45.506425246787,45.539638400
2601,45.523927718036,45.557035900
2602,45.541430189285,45.574281800
2603,45.558932660534,45.591654000
2604,45.576435131782,45.609866400
2605,45.593937603031,45.627070900
2606,45.611440074280,45.644774700
2607,45.628942545529,45.662102300
2608,45.646445016777,45.679646000
2609,45.663947488026,45.697376300
2610,45.681449959275,45.714707300
2611,45.698952430524,45.732100400
2612,45.716454901773,45.749614300
2613,45.733957373021,45.767378400
2614,45.751459844270,45.784461600
2615,45.768962315519,45.802855500
2616,45.786464786768,45.819834200
2617,45.803967258016,45.836871700
2618,45.821469729265,45.854669200
2619,45.838972200514,45.872245900
2620,45.856474671763,45.890495800
2621,45.873977143011,45.907593400
2622,45.891479614260,45.927065800
2623,45.908982085509,45.943569900
2624,45.926484556758,45.960533300
2625,45.943987028006,45.976946700
2626,45.961489499255,45.994570900
2627,45.978991970504,46.012025100
2628,45.996494441753,46.029883700
2629,46.013996913002,46.047692300
2630,46.031499384250,46.064738000
2631,46.049001855499,46.081748200
2632,46.066504326748,46.099514800
2633,46.084006797997,46.117145200
2634,46.101509269245,46.134469500
2635,46.119011740494,46.151780400
2636,46.136514211743,46.169709300
2637,46.154016682992,46.187086700
2638,46.171519154240,46.204543600
2639,46.189021625489,46.222171600
2640,46.206524096738,46.239841900
2641,46.224026567987,46.256908800
2642,46.241529039235,46.274659100
2643,46.259031510484,46.292587900
2644,46.276533981733,46.309850800
2645,46.294036452982,46.328693400
2646,46.311538924231,46.344489700
2647,46.329041395479,46.362040200
2648,46.346543866728,46.380131400
2649,46.364046337977,46.396889500
2650,46.381548809226,46.415571100
2651,46.399051280474,46.432019900
2652,46.416553751723,46.449291300
2653,46.434056222972,46.467141100
2654,46.451558694221,46.484409400
2655,46.469061165469,46.502230400
2656,46.486563636718,46.519597600
2657,46.504066107967,46.537102400
2658,46.521568579216,46.554719700
2659,46.539071050464,46.573624600
2660,46.556573521713,46.589675500
2661,46.574075992962,46.607240400
2662,46.591578464211,46.624896100
2663,46.609080935460,46.642286600
2664,46.626583406708,46.659766500
2665,46.644085877957,46.678026400
2666,46.661588349206,46.694452100
2667,46.679090820455,46.712279600
2668,46.696593291703,46.729592000
2669,46.714095762952,46.748508900
2670,46.731598234201,46.764884000
2671,46.749100705450,46.781938700
2672,46.766603176698,46.799673400
2673,46.784105647947,46.817145300
2674,46.801608119196,46.835158400
2675,46.819110590445,46.852572500
2676,46.836613061693,46.869880600
2677,46.854115532942,46.887229400
2678,46.871618004191,46.905176300
2679,46.889120475440,46.922523300
2680,46.906622946689,46.939825300
2681,46.924125417937,46.957267200
2682,46.941627889186,46.975035900
2683,46.959130360435,46.992369900
2684,46.976632831684,47.009888100
2685,46.994135302932,47.027465000
2686,47.011637774181,47.047137100
2687,47.029140245430,47.063652800
2688,47.046642716679,47.080203000
2689,47.064145187927,47.099446200
2690,47.081647659176,47.115856700
2691,47.099150130425,47.132486100
2692,47.116652601674,47.149794200
2693,47.134155072922,47.168191300
2694,47.151657544171,47.185042800
2695,47.169160015420,47.202524800
2696,47.186662486669,47.219920000
2697,47.204164957918,47.237153900
2698,47.221667429166,47.255031000
2699,47.239169900415,47.273441100
2700,47.256672371664,47.291012000
2701,47.274174842913,47.308916600
2702,47.291677314161,47.325368400
2703,47.309179785410,47.344359600
2704,47.326682256659,47.361557100
2705,47.344184727908,47.378187000
2706,47.361687199156,47.394941500
2707,47.379189670405,47.414203700
2708,47.396692141654,47.430517500
2709,47.414194612903,47.447952100
2710,47.431697084151,47.465718700
2711,47.449199555400,47.483084400
2712,47.466702026649,47.501148000
2713,47.484204497898,47.517429900
2714,47.501706969147,47.535599600
2715,47.519209440395,47.552933400
2716,47.536711911644,47.570142800
2717,47.554214382893,47.587490700
2718,47.571716854142,47.606889000
2719,47.589219325390,47.623786200
2720,47.606721796639,47.642799100
2721,47.624224267888,47.658620400
2722,47.641726739137,47.675515800
2723,47.659229210385,47.692737900
2724,47.676731681634,47.709982600
2725,47.694234152883,47.727856600
2726,47.711736624132,47.745199800
2727,47.729239095380,47.763650400
2728,47.746741566629,47.780081700
2729,47.764244037878,47.798105700
2730,47.781746509127,47.815033900
2731,47.799248980376,47.833221700
2732,47.816751451624,47.849932800
2733,47.834253922873,47.868606600
2734,47.851756394122,47.885240400
2735,47.869258865371,47.902998900
2736,47.886761336619,47.920669800
2737,47.904263807868,47.937565300
2738,47.921766279117,47.955328400
2739,47.939268750366,47.972788300
2740,47.956771221614,47.990634000
2741,47.974273692863,48.008384800
2742,47.991776164112,48.025634500
2743,48.009278635361,48.043951300
2744,48.026781106609,48.060659700
2745,48.044283577858,48.078111400
2746,48.061786049107,48.094847700
2747,48.079288520356,48.112342900
2748,48.096790991605,48.129735600
2749,48.114293462853,48.147542500
2750,48.131795934102,48.165980500
2751,48.149298405351,48.182904900
2752,48.166800876600,48.199952500
2753,48.184303347848,48.217007100
2754,48.201805819097,48.234802400
2755,48.219308290346,48.253770500
2756,48.236810761595,48.269512500
2757,48.254313232843,48.286923000
2758,48.271815704092,48.304993900
2759,48.289318175341,48.322221000
2760,48.306820646590,48.339615900
2761,48.324323117838,48.357961600
2762,48.341825589087,48.375806800
2763,48.359328060336,48.391949400
2764,48.376830531585,48.409479800
2765,48.394333002833,48.427014500
2766,48.411835474082,48.445189100
2767,48.429337945331,48.462255000
2768,48.446840416580,48.479634600
2769,48.464342887829,48.497437200
2770,48.481845359077,48.515085700
2771,48.499347830326,48.531890400
2772,48.516850301575,48.549664900
2773,48.534352772824,48.567372300
2774,48.551855244072,48.584812400
2775,48.569357715321,48.602195200
2776,48.586860186570,48.620187100
2777,48.604362657819,48.638247500
2778,48.621865129067,48.654874300
2779,48.639367600316,48.672249100
2780,48.656870071565,48.689665400
2781,48.674372542814,48.707272900
2782,48.691875014062,48.724836000
2783,48.709377485311,48.742268200
2784,48.726879956560,48.759906000
2785,48.744382427809,48.778228700
2786,48.761884899058,48.794548300
2787,48.779387370306,48.813431600
2788,48.796889841555,48.830179200
2789,48.814392312804,48.849315000
2790,48.831894784053,48.867410300
2791,48.849397255301,48.883726600
2792,48.866899726550,48.899885100
2793,48.884402197799,48.917040200
2794,48.901904669048,48.934675400
2795,48.919407140296,48.952382700
2796,48.936909611545,48.969585200
2797,48.954412082794,48.987287400
2798,48.971914554043,49.005730200
2799,48.989417025291,49.022779400
2800,49.006919496540,49.040103500
2801,49.024421967789,49.057380000
2802,49.041924439038,49.074860200
2803,49.059426910287,49.091990800
2804,49.076929381535,49.109783400
2805,49.094431852784,49.128012800
2806,49.111934324033,49.144753800
2807,49.129436795282,49.162680400
2808,49.146939266530,49.179858600
2809,49.164441737779,49.197930400
2810,49.181944209028,49.215805100
2811,49.199446680277,49.232277100
2812,49.216949151525,49.249968500
2813,49.234451622774,49.267829100
2814,49.251954094023,49.284784500
2815,49.269456565272,49.302319800
2816,49.286959036520,49.319724400
2817,49.304461507769,49.337721200
2818,49.321963979018,49.355148900
2819,49.339466450267,49.372883100
2820,49.356968921516,49.390468000
2821,49.374471392764,49.407173600
2822,49.391973864013,49.424711800
2823,49.409476335262,49.442753100
2824,49.426978806511,49.459691200
2825,49.444481277759,49.477876500
2826,49.461983749008,49.494942800
2827,49.479486220257,49.512612800
2828,49.496988691506,49.530039100
2829,49.514491162754,49.547282300
2830,49.531993634003,49.565530500
2831,49.549496105252,49.582540800
2832,49.566998576501,49.609103300
2833,49.584501047749,49.623253000
2834,49.602003518998,49.637426700
2835,49.619505990247,49.653412700
2836,49.637008461496,49.669845000
2837,49.654510932745,49.687978900
2838,49.672013403993,49.705581900
2839,49.689515875242,49.722392800
2840,49.707018346491,49.740222100
2841,49.724520817740,49.757383800
2842,49.742023288988,49.774948300
2843,49.759525760237,49.792266300
2844,49.777028231486,49.810727100
2845,49.794530702735,49.827704600
2846,49.812033173983,49.844975500
2847,49.829535645232,49.866277700
2848,49.847038116481,49.882542600
2849,49.864540587730,49.898884500
2850,49.882043058978,49.915801900
2851,49.899545530227,49.932234700
2852,49.917048001476,49.949950400
2853,49.934550472725,49.967411000
2854,49.952052943974,49.985028300
2855,49.969555415222,50.003182300
2856,49.987057886471,50.019757500
2857,50.004560357720,50.037244300
2858,50.022062828969,50.055002600
2859,50.039565300217,50.072377100
2860,50.057067771466,50.089641900
2861,50.074570242715,50.107306700
2862,50.092072713964,50.124821400
2863,50.109575185212,50.142337500
2864,50.127077656461,50.160135900
2865,50.144580127710,50.178285300
2866,50.162082598959,50.194941100
2867,50.179585070207,50.212735600
2868,50.197087541456,50.230803000
2869,50.214590012705,50.247422200
2870,50.232092483954,50.265838100
2871,50.249594955203,50.282615300
2872,50.267097426451,50.300071900
2873,50.284599897700,50.317506000
2874,50.302102368949,50.335496100
2875,50.319604840198,50.352152500
2876,50.337107311446,50.370195300
2877,50.354609782695,50.388819900
2878,50.372112253944,50.406150400
2879,50.389614725193,50.423181500
2880,50.407117196441,50.440135100
2881,50.424619667690,50.457945600
2882,50.442122138939,50.475495700
2883,50.459624610188,50.493009200
2884,50.477127081436,50.510273400
2885,50.494629552685,50.527604700
2886,50.512132023934,50.545039200
2887,50.529634495183,50.562864200
2888,50.547136966432,50.580252100
2889,50.564639437680,50.598465500
2890,50.582141908929,50.615560500
2891,50.599644380178,50.633248800
2892,50.617146851427,50.651817000
2893,50.634649322675,50.668368500
2894,50.652151793924,50.685728900
2895,50.669654265173,50.702519200
2896,50.687156736422,50.719714800
2897,50.704659207670,50.737543300
2898,50.722161678919,50.755879400
2899,50.739664150168,50.772330000
2900,50.757166621417,50.789915200
2901,50.774669092665,50.808029900
2902,50.792171563914,50.824381500
2903,50.809674035163,50.841979800
2904,50.827176506412,50.859202600
2905,50.844678977661,50.878033200
2906,50.862181448909,50.894633000
2907,50.879683920158,50.911716300
2908,50.897186391407,50.929691400
2909,50.914688862656,50.946872900
2910,50.932191333904,50.981060000
2911,50.949693805153,50.994091000
2912,50.967196276402,51.010057400
2913,50.984698747651,51.026265500
2914,51.002201218899,51.041149600
2915,51.019703690148,51.055738900
2916,51.037206161397,51.069696200
2917,51.054708632646,51.086901800
2918,51.072211103894,51.104443000
2919,51.089713575143,51.122048100
2920,51.107216046392,51.140100000
2921,51.124718517641,51.157677700
2922,51.142220988890,51.176186300
2923,51.159723460138,51.193221500
2924,51.177225931387,51.209619600
2925,51.194728402636,51.226765000
2926,51.212230873885,51.245306100
2927,51.229733345133,51.262038400
2928,51.247235816382,51.279636400
2929,51.264738287631,51.296701100
2930,51.282240758880,51.314682900
2931,51.299743230128,51.334301800
2932,51.317245701377,51.351502900
2933,51.334748172626,51.369215300
2934,51.352250643875,51.387044500
2935,51.369753115123,51.405556300
2936,51.387255586372,51.422998400
2937,51.404758057621,51.440090000
2938,51.422260528870,51.457594300
2939,51.439763000118,51.475243400
2940,51.457265471367,51.492636700
2941,51.474767942616,51.511278500
2942,51.492270413865,51.527895300
2943,51.509772885114,51.544434900
2944,51.527275356362,51.562874600
2945,51.544777827611,51.580262200
2946,51.562280298860,51.598279700
2947,51.579782770109,51.615096000
2948,51.597285241357,51.632728400
2949,51.614787712606,51.651364800
2950,51.632290183855,51.668129300
2951,51.649792655104,51.687619900
2952,51.667295126352,51.703836400
2953,51.684797597601,51.721413400
2954,51.702300068850,51.738237300
2955,51.719802540099,51.755633300
2956,51.737305011347,51.773482000
2957,51.754807482596,51.789846000
2958,51.772309953845,51.807436300
2959,51.789812425094,51.825973300
2960,51.807314896343,51.842990000
2961,51.824817367591,51.861548500
2962,51.842319838840,51.877698100
2963,51.859822310089,51.895239400
2964,51.877324781338,51.913123700
2965,51.894827252586,51.930885600
2966,51.912329723835,51.948029100
2967,51.929832195084,51.964862100
2968,51.947334666333,51.982797600
2969,51.964837137581,52.001256800
2970,51.982339608830,52.018588000
2971,51.999842080079,52.035379300
2972,52.017344551328,52.054496300
2973,52.034847022576,52.071896600
2974,52.052349493825,52.088185800
2975,52.069851965074,52.105099700
2976,52.087354436323,52.122995000
2977,52.104856907572,52.140868100
2978,52.122359378820,52.157828900
2979,52.139861850069,52.175273600
2980,52.157364321318,52.192813100
2981,52.174866792567,52.209789300
2982,52.192369263815,52.226872200
2983,52.209871735064,52.244946500
2984,52.227374206313,52.262792300
2985,52.244876677562,52.281375400
2986,52.262379148810,52.297924200
2987,52.279881620059,52.316867000
2988,52.297384091308,52.333819300
2989,52.314886562557,52.350874000
2990,52.332389033805,52.366962500
2991,52.349891505054,52.384847800
2992,52.367393976303,52.402785500
2993,52.384896447552,52.420069000
2994,52.402398918801,52.439029800
2995,52.419901390049,52.455753000
2996,52.437403861298,52.473034800
2997,52.454906332547,52.490342900
2998,52.472408803796,52.507745500
2999,52.489911275044,52.526461900
3000,52.507413746293,52.542548300
3001,52.524916217542,52.560842500
3002,52.542418688791,52.577570300
3003,52.559921160039,52.595134400
3004,52.577423631288,52.612792000
3005,52.594926102537,52.630832400
3006,52.612428573786,52.648361300
3007,52.629931045034,52.665235600
3008,52.647433516283,52.682851700
3009,52.664935987532,52.700079700
3010,52.682438458781,52.717693100
3011,52.699940930030,52.734972300
3012,52.717443401278,52.754180200
3013,52.734945872527,52.770548800
3014,52.752448343776,52.788688100
3015,52.769950815025,52.805594100
3016,52.787453286273,52.823040900
3017,52.804955757522,52.840900000
3018,52.822458228771,52.857444000
3019,52.839960700020,52.875400800
3020,52.857463171268,52.893587700
3021,52.874965642517,52.915153900
3022,52.892468113766,52.931772800
3023,52.909970585015,52.947851300
3024,52.927473056263,52.963746900
3025,52.944975527512,52.979877000
3026,52.962477998761,52.997869200
3027,52.979980470010,53.015759600
3028,52.997482941259,53.032781800
3029,53.014985412507,53.050247000
3030,53.032487883756,53.069484000
3031,53.049990355005,53.085482700
3032,53.067492826254,53.103127800
3033,53.084995297502,53.119985400
3034,53.102497768751,53.137533800
3035,53.120000240000,53.154866500
3036,53.137502711249,53.172781600
3037,53.155005182497,53.189948900
3038,53.172507653746,53.207715400
3039,53.190010124995,53.225241500
3040,53.207512596244,53.243498500
3041,53.225015067492,53.260175400
3042,53.242517538741,53.277404800
3043,53.260020009990,53.295340600
3044,53.277522481239,53.312518300
3045,53.295024952488,53.329888900
3046,53.312527423736,53.347454500
3047,53.330029894985,53.365298800
3048,53.347532366234,53.383111900
3049,53.365034837483,53.401142500
3050,53.382537308731,53.418707200
3051,53.400039779980,53.437364300
3052,53.417542251229,53.453600200
3053,53.435044722478,53.470189500
3054,53.452547193726,53.487452000
3055,53.470049664975,53.505605800
3056,53.487552136224,53.525321400
3057,53.505054607473,53.542163700
3058,53.522557078721,53.558821800
3059,53.540059549970,53.576123300
3060,53.557562021219,53.592802300
3061,53.575064492468,53.610821700
3062,53.592566963717,53.627755400
3063,53.610069434965,53.645619900
3064,53.627571906214,53.662627100
3065,53.645074377463,53.680238800
3066,53.662576848712,53.697911900
3067,53.680079319960,53.715106300
3068,53.697581791209,53.732366100
3069,53.715084262458,53.749670500
3070,53.732586733707,53.767452500
3071,53.750089204955,53.784908600
3072,53.767591676204,53.802546500
3073,53.785094147453,53.820868600
3074,53.802596618702,53.838177100
3075,53.820099089950,53.855140500
3076,53.837601561199,53.872324300
3077,53.855104032448,53.890182500
3078,53.872606503697,53.908282600
3079,53.890108974946,53.924989500
3080,53.907611446194,53.942526200
3081,53.925113917443,53.962623800
3082,53.942616388692,53.979837700
3083,53.960118859941,53.996028900
3084,53.977621331189,54.013609500
3085,53.995123802438,54.030923700
3086,54.012626273687,54.048343200
3087,54.030128744936,54.065799800
3088,54.047631216184,54.083116400
3089,54.065133687433,54.100489100
3090,54.082636158682,54.118245200
3091,54.100138629931,54.135433800
3092,54.117641101179,54.153086900
3093,54.135143572428,54.170732800
3094,54.152646043677,54.187782400
3095,54.170148514926,54.206873000
3096,54.187650986175,54.226012400
3097,54.205153457423,54.243550000
3098,54.222655928672,54.259569200
3099,54.240158399921,54.276201400
3100,54.257660871170,54.292840100
3101,54.275163342418,54.310435800
3102,54.292665813667,54.327857700
3103,54.310168284916,54.345362500
3104,54.327670756165,54.363602800
3105,54.345173227413,54.380559800
3106,54.362675698662,54.398033400
3107,54.380178169911,54.415463200
3108,54.397680641160,54.432656400
3109,54.415183112408,54.451068100
3110,54.432685583657,54.469564400
3111,54.450188054906,54.486100000
3112,54.467690526155,54.503104500
3113,54.485192997404,54.520751100
3114,54.502695468652,54.537940000
3115,54.520197939901,54.555460700
3116,54.537700411150,54.573604700
3117,54.555202882399,54.590754900
3118,54.572705353647,54.608226300
3119,54.590207824896,54.625362700
3120,54.607710296145,54.643952200
3121,54.625212767394,54.661778400
3122,54.642715238642,54.677785400
3123,54.660217709891,54.695516700
3124,54.677720181140,54.713727300
3125,54.695222652389,54.730493300
3126,54.712725123637,54.748337200
3127,54.730227594886,54.765704200
3128,54.747730066135,54.783088500
3129,54.765232537384,54.800763000
3130,54.782735008632,54.817935700
3131,54.800237479881,54.836080000
3132,54.817739951130,54.852950000
3133,54.835242422379,54.871173300
3134,54.852744893628,54.888131500
3135,54.870247364876,54.905639100
3136,54.887749836125,54.922934600
3137,54.905252307374,54.940905400
3138,54.922754778623,54.959142900
3139,54.940257249871,54.976549000
3140,54.957759721120,54.993126900
3141,54.975262192369,55.010819600
3142,54.992764663618,55.026061100
3143,55.010267134866,55.046318600
3144,55.027769606115,55.063352100
3145,55.045272077364,55.080581000
3146,55.062774548613,55.098339800
3147,55.080277019861,55.115345700
3148,55.097779491110,55.133348500
3149,55.115281962359,55.150830100
3150,55.132784433608,55.168679200
3151,55.150286904857,55.186692100
3152,55.167789376105,55.206667700
3153,55.185291847354,55.223200200
3154,55.202794318603,55.239429100
3155,55.220296789852,55.256372400
3156,55.237799261100,55.273039900
3157,55.255301732349,55.290955400
3158,55.272804203598,55.308270400
3159,55.290306674847,55.326037700
3160,55.307809146095,55.343463600
3161,55.325311617344,55.361072800
3162,55.342814088593,55.377904600
3163,55.360316559842,55.395992800
3164,55.377819031090,55.413028200
3165,55.395321502339,55.430679700
3166,55.412823973588,55.447733900
3167,55.430326444837,55.465697100
3168,55.447828916086,55.483025400
3169,55.465331387334,55.500591500
3170,55.482833858583,55.519709700
3171,55.500336329832,55.535626300
3172,55.517838801081,55.553354700
3173,55.535341272329,55.570625700
3174,55.552843743578,55.588192300
3175,55.570346214827,55.605428400
3176,55.587848686076,55.622830700
3177,55.605351157324,55.641672400
3178,55.622853628573,55.658367000
3179,55.640356099822,55.675293700
3180,55.657858571071,55.693062400
3181,55.675361042319,55.711105100
3182,55.692863513568,55.728421400
3183,55.710365984817,55.745834000
3184,55.727868456066,55.763143000
3185,55.745370927315,55.781044800
3186,55.762873398563,55.798346200
3187,55.780375869812,55.815788600
3188,55.797878341061,55.833191200
3189,55.815380812310,55.851159900
3190,55.832883283558,55.868331500
3191,55.850385754807,55.885565900
3192,55.867888226056,55.903003900
3193,55.885390697305,55.920560700
3194,55.902893168553,55.937914700
3195,55.920395639802,55.955282400
3196,55.937898111051,55.972975900
3197,55.955400582300,55.991513100
3198,55.972903053548,56.008942100
3199,55.990405524797,56.025298900
3200,56.007907996046,56.042820200
3201,56.025410467295,56.059110300
3202,56.042912938544,56.077880500
3203,56.060415409792,56.095706500
3204,56.077917881041,56.112982800
3205,56.095420352290,56.130228500
3206,56.112922823539,56.147971600
3207,56.130425294787,56.165419800
3208,56.147927766036,56.182831800
3209,56.165430237285,56.200354600
3210,56.182932708534,56.217921100
3211,56.200435179782,56.235693300
3212,56.217937651031,56.253292500
3213,56.235440122280,56.270648400
3214,56.252942593529,56.287943200
3215,56.270445064777,56.305617200
3216,56.287947536026,56.322682400
3217,56.305450007275,56.340936100
3218,56.322952478524,56.358424200
3219,56.340454949773,56.376142000
3220,56.357957421021,56.393894000
3221,56.375459892270,56.411363500
3222,56.392962363519,56.428268300
3223,56.410464834768,56.445543900
3224,56.427967306016,56.463990600
3225,56.445469777265,56.481427900
3226,56.462972248514,56.498520900
3227,56.480474719763,56.516947900
3228,56.497977191011,56.534705300
3229,56.515479662260,56.550984700
3230,56.532982133509,56.568087400
3231,56.550484604758,56.586070700
3232,56.567987076006,56.603725700
3233,56.585489547255,56.622459600
3234,56.602992018504,56.638709900
3235,56.620494489753,56.656724900
3236,56.637996961002,56.673785300
3237,56.655499432250,56.690358700
3238,56.673001903499,56.708267100
3239,56.690504374748,56.725849400
3240,56.708006845997,56.742979000
3241,56.725509317245,56.760544600
3242,56.743011788494,56.779813400
3243,56.760514259743,56.797665700
3244,56.778016730992,56.815111300
3245,56.795519202240,56.832113300
3246,56.813021673489,56.848837600
3247,56.830524144738,56.865556300
3248,56.848026615987,56.882852200
3249,56.865529087235,56.900550600
3250,56.883031558484,56.917639100
3251,56.900534029733,56.934126100
3252,56.918036500982,56.953010000
3253,56.935538972231,56.970689000
3254,56.953041443479,56.988272300
3255,56.970543914728,57.005358400
3256,56.988046385977,57.024084000
3257,57.005548857226,57.041030500
3258,57.023051328474,57.058657600
3259,57.040553799723,57.075701900
3260,57.058056270972,57.093233300
3261,57.075558742221,57.110458000
3262,57.093061213469,57.127736200
3263,57.110563684718,57.145261800
3264,57.128066155967,57.162975600
3265,57.145568627216,57.180211000
3266,57.163071098464,57.197997000
3267,57.180573569713,57.216072600
3268,57.198076040962,57.232916700
3269,57.215578512211,57.250282100
3270,57.233080983460,57.267991000
3271,57.250583454708,57.285569400
3272,57.268085925957,57.302931900
3273,57.285588397206,57.320152300
3274,57.303090868455,57.337765700
3275,57.320593339703,57.355458800
3276,57.338095810952,57.372722400
3277,57.355598282201,57.388956300
3278,57.373100753450,57.408044300
3279,57.390603224698,57.425375700
3280,57.408105695947,57.444084200
3281,57.425608167196,57.460930800
3282,57.443110638445,57.478487100
3283,57.460613109693,57.495590200
3284,57.478115580942,57.513347000
3285,57.495618052191,57.532302800
3286,57.513120523440,57.549117000
3287,57.530622994688,57.566241700
3288,57.548125465937,57.583601900
3289,57.565627937186,57.601126700
3290,57.583130408435,57.618029100
3291,57.600632879684,57.635702800
3292,57.618135350932,57.653656400
3293,57.635637822181,57.671447500
3294,57.653140293430,57.687875300
3295,57.670642764679,57.705268400
3296,57.688145235927,57.723134400
3297,57.705647707176,57.740532700
3298,57.723150178425,57.758180000
3299,57.740652649674,57.775829600
3300,57.758155120922,57.794012200
3301,57.775657592171,57.813926400
3302,57.793160063420,57.830473700
3303,57.810662534669,57.847197800
3304,57.828165005917,57.863759500
3305,57.845667477166,57.880460600
3306,57.863169948415,57.897979900
3307,57.880672419664,57.915774600
3308,57.898174890913,57.933285700
3309,57.915677362161,57.950666300
3310,57.933179833410,57.968352200
3311,57.950682304659,57.985730700
3312,57.968184775908,58.003498100
3313,57.985687247156,58.020766200
3314,58.003189718405,58.038405000
3315,58.020692189654,58.057024600
3316,58.038194660903,58.073199200
3317,58.055697132151,58.090808800
3318,58.073199603400,58.108426800
3319,58.090702074649,58.125427100
3320,58.108204545898,58.143286600
3321,58.125707017146,58.160701200
3322,58.143209488395,58.177878300
3323,58.160711959644,58.195666600
3324,58.178214430893,58.213654500
3325,58.195716902142,58.231338600
3326,58.213219373390,58.248713000
3327,58.230721844639,58.266674600
3328,58.248224315888,58.283437900
3329,58.265726787137,58.301475600
3330,58.283229258385,58.319318600
3331,58.300731729634,58.337798200
3332,58.318234200883,58.354988300
3333,58.335736672132,58.371577600
3334,58.353239143380,58.388315600
3335,58.370741614629,58.405909200
3336,58.388244085878,58.423715100
3337,58.405746557127,58.440771600
3338,58.423249028375,58.458423500
3339,58.440751499624,58.476003700
3340,58.458253970873,58.492168800
3341,58.475756442122,58.511749300
3342,58.493258913371,58.529752200
3343,58.510761384619,58.546039300
3344,58.528263855868,58.563792800
3345,58.545766327117,58.580898300
3346,58.563268798366,58.598514000
3347,58.580771269614,58.616474900
3348,58.598273740863,58.633602300
3349,58.615776212112,58.650955100
3350,58.633278683361,58.668564200
3351,58.650781154609,58.685874000
3352,58.668283625858,58.704027800
3353,58.685786097107,58.721314700
3354,58.703288568356,58.738845600
3355,58.720791039604,58.756109500
3356,58.738293510853,58.774382700
3357,58.755795982102,58.792319800
3358,58.773298453351,58.809636400
3359,58.790800924600,58.828215200
3360,58.808303395848,58.845167900
3361,58.825805867097,58.862840100
3362,58.843308338346,58.878550900
3363,58.860810809595,58.895894200
3364,58.878313280843,58.913595900
3365,58.895815752092,58.931120400
3366,58.913318223341,58.948099200
3367,58.930820694590,58.965710300
3368,58.948323165838,58.983518300
3369,58.965825637087,59.001458400
3370,58.983328108336,59.018831200
3371,59.000830579585,59.036064400
3372,59.018333050833,59.053612600
3373,59.035835522082,59.071030300
3374,59.053337993331,59.087989300
3375,59.070840464580,59.105919000
3376,59.088342935829,59.123395600
3377,59.105845407077,59.141265500
3378,59.123347878326,59.158502100
3379,59.140850349575,59.176206100
3380,59.158352820824,59.193115100
3381,59.175855292072,59.210606500
3382,59.193357763321,59.228463600
3383,59.210860234570,59.245770400
3384,59.228362705819,59.263140300
3385,59.245865177067,59.280969600
3386,59.263367648316,59.298538200
3387,59.280870119565,59.315687200
3388,59.298372590814,59.333439800
3389,59.315875062062,59.350920400
3390,59.333377533311,59.368524700
3391,59.350880004560,59.386410100
3392,59.368382475809,59.403717100
3393,59.385884947058,59.421240500
3394,59.403387418306,59.438427500
3395,59.420889889555,59.456181300
3396,59.438392360804,59.473809600
3397,59.455894832053,59.490955500
3398,59.473397303301,59.509712300
3399,59.490899774550,59.526046800
3400,59.508402245799,59.543880200
3401,59.525904717048,59.561984900
3402,59.543407188296,59.581631000
3403,59.560909659545,59.597847900
3404,59.578412130794,59.614189800
3405,59.595914602043,59.631453500
3406,59.613417073291,59.649567100
3407,59.630919544540,59.666680000
3408,59.648422015789,59.684221900
3409,59.665924487038,59.700685300
3410,59.683426958287,59.718242000
3411,59.700929429535,59.735946000
3412,59.718431900784,59.753587900
3413,59.735934372033,59.770837300
3414,59.753436843282,59.788338900
3415,59.770939314530,59.806039300
3416,59.788441785779,59.823516600
3417,59.805944257028,59.841888900
3418,59.823446728277,59.861281800
3419,59.840949199525,59.878066000
3420,59.858451670774,59.895452100
3421,59.875954142023,59.913827200
3422,59.893456613272,59.930740700
3423,59.910959084520,59.947009100
3424,59.928461555769,59.963776200
3425,59.945964027018,59.981800000
3426,59.963466498267,59.998542500
3427,59.980968969516,60.017823700
3428,59.998471440764,60.034042500
3429,60.015973912013,60.052127800
3430,60.033476383262,60.070692300
3431,60.050978854511,60.086489700
3432,60.068481325759,60.103461600
3433,60.085983797008,60.121331600
3434,60.103486268257,60.138216200
3435,60.120988739506,60.155758800
3436,60.138491210754,60.173280500
3437,60.155993682003,60.192069400
3438,60.173496153252,60.208420200
3439,60.190998624501,60.225868500
3440,60.208501095749,60.243214500
3441,60.226003566998,60.260753400
3442,60.243506038247,60.278150900
3443,60.261008509496,60.295883200
3444,60.278510980745,60.313892400
3445,60.296013451993,60.330959600
3446,60.313515923242,60.348303300
3447,60.331018394491,60.365965800
3448,60.348520865740,60.383255600
3449,60.366023336988,60.400746600
3450,60.383525808237,60.419085500
3451,60.401028279486,60.436556400
3452,60.418530750735,60.453836000
3453,60.436033221983,60.473375000
3454,60.453535693232,60.490212600
3455,60.471038164481,60.506454300
3456,60.488540635730,60.524041900
3457,60.506043106978,60.542177000
3458,60.523545578227,60.558556400
3459,60.541048049476,60.575530400
3460,60.558550520725,60.594009600
3461,60.576052991973,60.610872900
3462,60.593555463222,60.628056600
3463,60.611057934471,60.645875700
3464,60.628560405720,60.663363500
3465,60.646062876969,60.681006400
3466,60.663565348217,60.698172500
3467,60.681067819466,60.715640700
3468,60.698570290715,60.733274100
3469,60.716072761964,60.750746700
3470,60.733575233212,60.768100600
3471,60.751077704461,60.785918500
3472,60.768580175710,60.803594900
3473,60.786082646959,60.821381200
3474,60.803585118207,60.838807900
3475,60.821087589456,60.855903300
3476,60.838590060705,60.873738000
3477,60.856092531954,60.890791400
3478,60.873595003202,60.908095600
3479,60.891097474451,60.925741800
3480,60.908599945700,60.943369000
3481,60.926102416949,60.960723000
3482,60.943604888198,60.978070200
3483,60.961107359446,60.995797900
3484,60.978609830695,61.013558000
3485,60.996112301944,61.030716500
3486,61.013614773193,61.048594900
3487,61.031117244441,61.065750800
3488,61.048619715690,61.083553400
3489,61.066122186939,61.101310300
3490,61.083624658188,61.119176600
3491,61.101127129436,61.135871100
3492,61.118629600685,61.153645500
3493,61.136132071934,61.171194300
3494,61.153634543183,61.188153700
3495,61.171137014431,61.206365600
3496,61.188639485680,61.223455800
3497,61.206141956929,61.240828200
3498,61.223644428178,61.258372500
3499,61.241146899427,61.275722500
3500,61.258649370675,61.294074900
3501,61.276151841924,61.313596400
3502,61.293654313173,61.329047300
3503,61.311156784422,61.406020200
3504,61.328659255670,61.429827700
3505,61.346161726919,61.452710400
3506,61.363664198168,61.476159600
3507,61.381166669417,61.499557700
3508,61.398669140665,61.522374100
3509,61.416171611914,61.545860900
3510,61.433674083163,61.569098100
3511,61.451176554412,61.593812600
3512,61.468679025660,61.618418200
3513,61.486181496909,61.632564300
3514,61.503683968158,61.658868100
3515,61.521186439407,61.682599400
3516,61.538688910656,61.706095200
3517,61.556191381904,61.727976800
3518,61.573693853153,61.750555300
3519,61.591196324402,61.772735700
3520,61.608698795651,61.794371700
3521,61.626201266899,61.816461600
3522,61.643703738148,61.838515100
3523,61.661206209397,61.860296800
3524,61.678708680646,61.882686900
3525,61.696211151894,61.904491300
3526,61.713713623143,61.926230000
3527,61.731216094392,61.948526000
3528,61.748718565641,61.970504800
3529,61.766221036889,61.992487700
3530,61.783723508138,62.015429100
3531,61.801225979387,62.037545500
3532,61.818728450636,62.061282100
3533,61.836230921885,62.083783500
3534,61.853733393133,62.106794400
3535,61.871235864382,62.128676100
3536,61.888738335631,62.150394900
3537,61.906240806880,62.172027400
3538,61.923743278128,62.193474300
3539,61.941245749377,62.215752600
3540,61.958748220626,62.237812900
3541,61.976250691875,62.261748800
3542,61.993753163123,62.283960500
3543,62.011255634372,62.298239500
3544,62.028758105621,62.325678900
3545,62.046260576870,62.347800900
3546,62.063763048118,62.369967900
3547,62.081265519367,62.391882900
3548,62.098767990616,62.413473600
3549,62.116270461865,62.435213500
3550,62.133772933114,62.457089300
3551,62.151275404362,62.478527500
3552,62.168777875611,62.499967600
3553,62.186280346860,62.521470200
3554,62.203782818109,62.543534200
3555,62.221285289357,62.565069500
3556,62.238787760606,62.586762800
3557,62.256290231855,62.608351200
3558,62.273792703104,62.631440600
3559,62.291295174352,62.653571600
3560,62.308797645601,62.675019000
3561,62.326300116850,62.696767200
3562,62.343802588099,62.719380300
3563,62.361305059347,62.740881500
3564,62.378807530596,62.762332900
3565,62.396310001845,62.783892200
3566,62.413812473094,62.805325400
3567,62.431314944343,62.826308600
3568,62.448817415591,62.840398000
3569,62.466319886840,62.865037800
3570,62.483822358089,62.886924000
3571,62.501324829338,62.908359300
3572,62.518827300586,62.929728300
3573,62.536329771835,62.951127800
3574,62.553832243084,62.972488500
3575,62.571334714333,62.993524800
3576,62.588837185581,63.015097200
3577,62.606339656830,63.036400400
3578,62.623842128079,63.057577800
3579,62.641344599328,63.078291900
3580,62.658847070576,63.099329000
3581,62.676349541825,63.120295800
3582,62.693852013074,63.142132700
3583,62.711354484323,63.163679400
3584,62.728856955572,63.184452400
3585,62.746359426820,63.205321900
3586,62.763861898069,63.225721700
3587,62.781364369318,63.246584200
3588,62.798866840567,63.267255400
3589,62.816369311815,63.287674400
3590,62.833871783064,63.308230400
3591,62.851374254313,63.329164600
3592,62.868876725562,63.349683900
3593,62.886379196810,63.370498300
3594,62.903881668059,63.390802600
3595,62.921384139308,63.411071300
3596,62.938886610557,63.432256200
3597,62.956389081805,63.453933000
3598,62.973891553054,63.474588900
3599,62.991394024303,63.494914700
3600,63.008896495552,63.515591500
3601,63.026398966801,63.537744900
3602,63.043901438049,63.558073900
3603,63.061403909298,63.577859200
3604,63.078906380547,63.598081300
3605,63.096408851796,63.618360100
3606,63.113911323044,63.638734900
3607,63.131413794293,63.658743100
3608,63.148916265542,63.678471900
3609,63.166418736791,63.698352200
3610,63.183921208039,63.718712200
3611,63.201423679288,63.739040900
3612,63.218926150537,63.759622000
3613,63.236428621786,63.779235500
3614,63.253931093034,63.798853900
3615,63.271433564283,63.818920100
3616,63.288936035532,63.839271100
3617,63.306438506781,63.859089000
3618,63.323940978030,63.880161300
3619,63.341443449278,63.900542000
3620,63.358945920527,63.920872400
3621,63.376448391776,63.940807300
3622,63.393950863025,63.960766700
3623,63.411453334273,63.980472800
3624,63.428955805522,64.000603300
3625,63.446458276771,64.020392600
3626,63.463960748020,64.040567700
3627,63.481463219268,64.060787400
3628,63.498965690517,64.080258800
3629,63.516468161766,64.100132800
3630,63.533970633015,64.119953700
3631,63.551473104263,64.140597900
3632,63.568975575512,64.161077300
3633,63.586478046761,64.182813000
3634,63.603980518010,64.202537000
3635,63.621482989259,64.222014900
3636,63.638985460507,64.241553700
3637,63.656487931756,64.261804100
3638,63.673990403005,64.281397500
3639,63.691492874254,64.301481200
3640,63.708995345502,64.321537500
3641,63.726497816751,64.341644900
3642,63.744000288000,64.362254700
3643,63.761502759249,64.381813800
3644,63.779005230497,64.401805100
3645,63.796507701746,64.421568800
3646,63.814010172995,64.441509900
3647,63.831512644244,64.461363000
3648,63.849015115492,64.481580100
3649,63.866517586741,64.501389400
3650,63.884020057990,64.521368300
3651,63.901522529239,64.535534400
3652,63.919025000487,64.558153200
3653,63.936527471736,64.577958500
3654,63.954029942985,64.598873500
3655,63.971532414234,64.619110300
3656,63.989034885483,64.639532600
3657,64.006537356731,64.660300800
3658,64.024039827980,64.681442200
3659,64.041542299229,64.701285000
3660,64.059044770478,64.721394800
3661,64.076547241726,64.743075800
3662,64.094049712975,64.762767500
3663,64.111552184224,64.782469500
3664,64.129054655473,64.802186700
3665,64.146557126721,64.821873100
3666,64.164059597970,64.841658900
3667,64.181562069219,64.861682500
3668,64.199064540468,64.880904300
3669,64.216567011716,64.900948800
3670,64.234069482965,64.920575100
3671,64.251571954214,64.941000300
3672,64.269074425463,64.960844100
3673,64.286576896712,64.980209100
3674,64.304079367960,65.000165000
3675,64.321581839209,65.019478900
3676,64.339084310458,65.039417400
3677,64.356586781707,65.059028800
3678,64.374089252955,65.078151600
3679,64.391591724204,65.097146100
3680,64.409094195453,65.116263300
3681,64.426596666702,65.135841100
3682,64.444099137950,65.155761100
3683,64.461601609199,65.175930200
3684,64.479104080448,65.195883900
3685,64.496606551697,65.215238700
3686,64.514109022945,65.234843900
3687,64.531611494194,65.253992800
3688,64.549113965443,65.273376000
3689,64.566616436692,65.292880400
3690,64.584118907941,65.312458100
3691,64.601621379189,65.331925700
3692,64.619123850438,65.351309100
3693,64.636626321687,65.370701700
3694,64.654128792936,65.390228600
3695,64.671631264184,65.409216500
3696,64.689133735433,65.428488800
3697,64.706636206682,65.448184100
3698,64.724138677931,65.468215000
3699,64.741641149179,65.487427900
3700,64.759143620428,65.507637700
3701,64.776646091677,65.528017000
3702,64.794148562926,65.547820800
3703,64.811651034174,65.567822700
3704,64.829153505423,65.587652600
3705,64.846655976672,65.607735600
3706,64.864158447921,65.626980700
3707,64.881660919170,65.646491500
3708,64.899163390418,65.666209200
3709,64.916665861667,65.686836200
3710,64.934168332916,65.706725400
3711,64.951670804165,65.726399200
3712,64.969173275413,65.746236400
3713,64.986675746662,65.765776600
3714,65.004178217911,65.785447300
3715,65.021680689160,65.799812800
3716,65.039183160408,65.822938400
3717,65.056685631657,65.842276400
3718,65.074188102906,65.862031900
3719,65.091690574155,65.881611300
3720,65.109193045403,65.900754000
3721,65.126695516652,65.921476400
3722,65.144197987901,65.940904700
3723,65.161700459150,66.025208100
3724,65.179202930399,66.045073000
3725,65.196705401647,66.064901700
3726,65.214207872896,66.084681900
3727,65.231710344145,66.103832200
3728,65.249212815394,66.122961800
3729,65.266715286642,66.141949400
3730,65.284217757891,66.161173100
3731,65.301720229140,66.181207900
3732,65.319222700389,66.200270700
3733,65.336725171637,66.220047300
3734,65.354227642886,66.239813200
3735,65.371730114135,66.259910600
3736,65.389232585384,66.278822600
3737,65.406735056632,66.298148600
3738,65.424237527881,66.317121700
3739,65.441739999130,66.336278100
3740,65.459242470379,66.355460200
3741,65.476744941628,66.374668300
3742,65.494247412876,66.393850800
3743,65.511749884125,66.412857500
3744,65.529252355374,66.431875300
3745,65.546754826623,66.451266100
3746,65.564257297871,66.470274900
3747,65.581759769120,66.489656700
3748,65.599262240369,66.508761500
3749,65.616764711618,66.528222800
3750,65.634267182866,66.547243600
3751,65.651769654115,66.567972500
3752,65.669272125364,66.588521900
3753,65.686774596613,66.607681900
3754,65.704277067861,66.626963700
3755,65.721779539110,66.646295200
3756,65.739282010359,66.666222000
3757,65.756784481608,66.686280900
3758,65.774286952857,66.706975200
3759,65.791789424105,66.726415900
3760,65.809291895354,66.747374000
3761,65.826794366603,66.766877200
3762,65.844296837852,66.785921400
3763,65.861799309100,66.807185300
3764,65.879301780349,66.826242700
3765,65.896804251598,66.845894200
3766,65.914306722847,66.865879600
3767,65.931809194095,66.885212800
3768,65.949311665344,66.904574800
3769,65.966814136593,66.924016000
3770,65.984316607842,66.943511300
3771,66.001819079090,66.963255000
3772,66.019321550339,66.983075400
3773,66.036824021588,67.004025500
3774,66.054326492837,67.024652000
3775,66.071828964086,67.045724500
3776,66.089331435334,67.066701300
3777,66.106833906583,67.087135100
3778,66.124336377832,67.107001200
3779,66.141838849081,67.127386100
3780,66.159341320329,67.146894900
3781,66.176843791578,67.168154700
3782,66.194346262827,67.187962800
3783,66.211848734076,67.208736000
3784,66.229351205324,67.228234100
3785,66.246853676573,67.247629400
3786,66.264356147822,67.267707100
3787,66.281858619071,67.287751600
3788,66.299361090319,67.307149000
3789,66.316863561568,67.327352900
3790,66.334366032817,67.346875300
3791,66.351868504066,67.367042400
3792,66.369370975315,67.386409200
3793,66.386873446563,67.406537600
3794,66.404375917812,67.426211300
3795,66.421878389061,67.447265900
3796,66.439380860310,67.466775200
3797,66.456883331558,67.486518300
3798,66.474385802807,67.506654900
3799,66.491888274056,67.526335100
3800,66.509390745305,67.547440500
3801,66.526893216553,67.561952700
3802,66.544395687802,67.584771500
3803,66.561898159051,67.604591800
3804,66.579400630300,67.624106700
3805,66.596903101548,67.644603000
3806,66.614405572797,67.664137100
3807,66.631908044046,67.683938000
3808,66.649410515295,67.698557800
3809,66.666912986544,67.721456200
3810,66.684415457792,67.741215800
3811,66.701917929041,67.761533500
3812,66.719420400290,67.782284500
3813,66.736922871539,67.802962600
3814,66.754425342787,67.822873100
3815,66.771927814036,67.842434600
3816,66.789430285285,67.862700000
3817,66.806932756534,67.882880900
3818,66.824435227782,67.902716200
3819,66.841937699031,67.923289700
3820,66.859440170280,67.943116600
3821,66.876942641529,67.963131500
3822,66.894445112777,67.983412400
3823,66.911947584026,68.004725800
3824,66.929450055275,68.025069000
3825,66.946952526524,68.046524000
3826,66.964454997772,68.067033900
3827,66.981957469021,68.086787800
3828,66.999459940270,68.106690700
3829,67.016962411519,68.126737300
3830,67.034464882768,68.147696700
3831,67.051967354016,68.168343200
3832,67.069469825265,68.189302200
3833,67.086972296514,68.209763400
3834,67.104474767763,68.232075600
3835,67.121977239011,68.252897100
3836,67.139479710260,68.274332700
3837,67.156982181509,68.294795800
3838,67.174484652758,68.315804500
3839,67.191987124006,68.336149800
3840,67.209489595255,68.356086200
3841,67.226992066504,68.378102000
3842,67.244494537753,68.398635100
3843,67.261997009001,68.419188700
3844,67.279499480250,68.440210000
3845,67.297001951499,68.460505500
3846,67.314504422748,68.481311300
3847,67.332006893997,68.502020600
3848,67.349509365245,68.523147500
3849,67.367011836494,68.543344200
3850,67.384514307743,68.564034200
3851,67.402016778992,68.584645800
3852,67.419519250240,68.605437000
3853,67.437021721489,68.625794800
3854,67.454524192738,68.646892100
3855,67.472026663987,68.667546200
3856,67.489529135235,68.688639300
3857,67.507031606484,68.709472900
3858,67.524534077733,68.730757900
3859,67.542036548982,68.751400600
3860,67.559539020230,68.772763500
3861,67.577041491479,68.793211600
3862,67.594543962728,68.814406900
3863,67.612046433977,68.835467000
3864,67.629548905226,68.855871200
3865,67.647051376474,68.876646400
3866,67.664553847723,68.897649100
3867,67.682056318972,68.918795700
3868,67.699558790221,68.939510900
3869,67.717061261469,68.960315700
3870,67.734563732718,68.981333100
3871,67.752066203967,69.003548500
3872,67.769568675216,69.024771600
3873,67.787071146464,69.047771500
3874,67.804573617713,69.069143400
3875,67.822076088962,69.089533300
3876,67.839578560211,69.110135500
3877,67.857081031459,69.131306700
3878,67.874583502708,69.152184700
3879,67.892085973957,69.172974100
3880,67.909588445206,69.193901500
3881,67.927090916455,69.215641200
3882,67.944593387703,69.236473400
3883,67.962095858952,69.257259400
3884,67.979598330201,69.278317200
3885,67.997100801450,69.299526200
3886,68.014603272698,69.320823400
3887,68.032105743947,69.341881800
3888,68.049608215196,69.363368200
3889,68.067110686445,69.384549300
3890,68.084613157693,69.405803200
3891,68.102115628942,69.426896400
3892,68.119618100191,69.448206800
3893,68.137120571440,69.468657200
3894,68.154623042688,69.488712500
3895,68.172125513937,69.509381400
3896,68.189627985186,69.529371800
3897,68.207130456435,69.549473200
3898,68.224632927684,69.570038200
3899,68.242135398932,69.590283600
3900,68.259637870181,69.610304100
3901,68.277140341430,69.633499500
3902,68.294642812679,69.654393900
3903,68.312145283927,69.674339500
3904,68.329647755176,69.694194900
3905,68.347150226425,69.714112000
3906,68.364652697674,69.734540800
3907,68.382155168922,69.755263500
3908,68.399657640171,69.775475400
3909,68.417160111420,69.796715400
3910,68.434662582669,69.816582200
3911,68.452165053917,69.830237000
3912,68.469667525166,69.854193300
3913,68.487169996415,69.874157000
3914,68.504672467664,69.894467100
3915,68.522174938913,69.914403300
3916,68.539677410161,69.934733100
3917,68.557179881410,69.955341600
3918,68.574682352659,69.975245700
3919,68.592184823908,69.996722700
3920,68.609687295156,70.017786600
3921,68.627189766405,70.038230600
3922,68.644692237654,70.058647200
3923,68.662194708903,70.079722400
3924,68.679697180151,70.099971800
3925,68.697199651400,70.120282700
3926,68.714702122649,70.140664800
3927,68.732204593898,70.160541300
3928,68.749707065146,70.180682600
3929,68.767209536395,70.200389000
3930,68.784712007644,70.220535800
3931,68.802214478893,70.240778000
3932,68.819716950142,70.261327800
3933,68.837219421390,70.281227900
3934,68.854721892639,70.301573100
3935,68.872224363888,70.323003500
3936,68.889726835137,70.343313800
3937,68.907229306385,70.363187100
3938,68.924731777634,70.383111400
3939,68.942234248883,70.402798300
3940,68.959736720132,70.422843700
3941,68.977239191380,70.443003500
3942,68.994741662629,70.463215000
3943,69.012244133878,70.483099200
3944,69.029746605127,70.503737300
3945,69.047249076375,70.524260100
3946,69.064751547624,70.544969300
3947,69.082254018873,70.565312500
3948,69.099756490122,70.585569300
3949,69.117258961371,70.606771900
3950,69.134761432619,70.627734500
3951,69.152263903868,70.647706200
3952,69.169766375117,70.667857400
3953,69.187268846366,70.687852800
3954,69.204771317614,70.707852500
3955,69.222273788863,70.727668800
3956,69.239776260112,70.748096300
3957,69.257278731361,70.767753100
3958,69.274781202609,70.787631200
3959,69.292283673858,70.807656900
3960,69.309786145107,70.828097100
3961,69.327288616356,70.850011700
3962,69.344791087604,70.870018900
3963,69.362293558853,70.890491200
3964,69.379796030102,70.910272300
3965,69.397298501351,70.929891400
3966,69.414800972600,70.949792900
3967,69.432303443848,70.969674800
3968,69.449805915097,70.989592000
3969,69.467308386346,71.009900200
3970,69.484810857595,71.029579100
3971,69.502313328843,71.049754400
3972,69.519815800092,71.070188400
3973,69.537318271341,71.090164800
3974,69.554820742590,71.110032900
3975,69.572323213838,71.129711000
3976,69.589825685087,71.149309900
3977,69.607328156336,71.169128400
3978,69.624830627585,71.189149100
3979,69.642333098833,71.209097400
3980,69.659835570082,71.229644400
3981,69.677338041331,71.249289200
3982,69.694840512580,71.269451500
3983,69.712342983829,71.289335600
3984,69.729845455077,71.308980000
3985,69.747347926326,71.328900300
3986,69.764850397575,71.349612500
3987,69.782352868824,71.369275400
3988,69.799855340072,71.389713400
3989,69.817357811321,71.409367500
3990,69.834860282570,71.429597400
3991,69.852362753819,71.449503700
3992,69.869865225067,71.470329800
3993,69.887367696316,71.490160600
3994,69.904870167565,71.509818300
3995,69.922372638814,71.530174700
3996,69.939875110062,71.549885400
3997,69.957377581311,71.569512500
3998,69.974880052560,71.589507400
3999,69.992382523809,71.609107200
4000,70.009884995058,71.629416100
4001,70.027387466306,71.649268700
4002,70.044889937555,71.669410600
4003,70.062392408804,71.689502700
4004,70.079894880053,71.709076700
4005,70.097397351301,71.729691000
4006,70.114899822550,71.750074100
4007,70.132402293799,71.770272900
4008,70.149904765048,71.790614600
4009,70.167407236296,71.810877300
4010,70.184909707545,71.830850800
4011,70.202412178794,71.850640900
4012,70.219914650043,71.870440200
4013,70.237417121291,71.890593100
4014,70.254919592540,71.910707300
4015,70.272422063789,71.930446900
4016,70.289924535038,71.949956400
4017,70.307427006286,71.969351300
4018,70.324929477535,71.989054100
4019,70.342431948784,72.008925500
4020,70.359934420033,72.029939500
4021,70.377436891282,72.051637500
4022,70.394939362530,72.071935600
4023,70.412441833779,72.091909200
4024,70.429944305028,72.112640500
4025,70.447446776277,72.131847800
4026,70.464949247525,72.151285700
4027,70.482451718774,72.171472300
4028,70.499954190023,72.190934100
4029,70.517456661272,72.211995000
4030,70.534959132520,72.231027400
4031,70.552461603769,72.250818800
4032,70.569964075018,72.270546600
4033,70.587466546267,72.290289100
4034,70.604969017515,72.309832600
4035,70.622471488764,72.329700900
4036,70.639973960013,72.349417800
4037,70.657476431262,72.369313800
4038,70.674978902511,72.389548600
4039,70.692481373759,72.409787900
4040,70.709983845008,72.463156200
4041,70.727486316257,72.483674600
4042,70.744988787506,72.503749900
4043,70.762491258754,72.523120800
4044,70.779993730003,72.543252500
4045,70.797496201252,72.562769700
4046,70.814998672501,72.583157800
4047,70.832501143749,72.602547000
4048,70.850003614998,72.622188900
4049,70.867506086247,72.641956300
4050,70.885008557496,72.661479100
4051,70.902511028744,72.680848600
4052,70.920013499993,72.700428800
4053,70.937515971242,72.719507300
4054,70.955018442491,72.738755100
4055,70.972520913740,72.758303100
4056,70.990023384988,72.778123400
4057,71.007525856237,72.797920600
4058,71.025028327486,72.817377200
4059,71.042530798735,72.836611500
4060,71.060033269983,72.856217400
4061,71.077535741232,72.875329600
4062,71.095038212481,72.895063400
4063,71.112540683730,72.914702800
4064,71.130043154978,72.934262100
4065,71.147545626227,72.953677600
4066,71.165048097476,72.973710000
4067,71.182550568725,72.993442400
4068,71.200053039973,73.013515300
4069,71.217555511222,73.032886500
4070,71.235057982471,73.052966100
4071,71.252560453720,73.072369300
4072,71.270062924969,73.091528100
4073,71.287565396217,73.110612100
4074,71.305067867466,73.130192800
4075,71.322570338715,73.149665500
4076,71.340072809964,73.168779800
4077,71.357575281212,73.189959600
4078,71.375077752461,73.209640500
4079,71.392580223710,73.229979500
4080,71.410082694959,73.249214100
4081,71.427585166207,73.270310500
4082,71.445087637456,73.291325700
4083,71.462590108705,73.310647700
4084,71.480092579954,73.329748200
4085,71.497595051202,73.349878400
4086,71.515097522451,73.369191900
4087,71.532599993700,73.390399500
4088,71.550102464949,73.410336500
4089,71.567604936198,73.429707400
4090,71.585107407446,73.449220800
4091,71.602609878695,73.468469400
4092,71.620112349944,73.487586400
4093,71.637614821193,73.506854000
4094,71.655117292441,73.526130300
4095,71.672619763690,73.545871600
4096,71.690122234939,73.565062800
4097,71.707624706188,73.584111000
4098,71.725127177436,73.604278700
4099,71.742629648685,73.623843700
4100,71.760132119934,73.644775100
4101,71.777634591183,73.663799900
4102,71.795137062431,73.683383000
4103,71.812639533680,73.703359200
4104,71.830142004929,73.723123100
4105,71.847644476178,73.744644800
4106,71.865146947427,73.764272700
4107,71.882649418675,73.784325100
4108,71.900151889924,73.804426400
4109,71.917654361173,73.825215900
4110,71.935156832422,73.844616300
4111,71.952659303670,73.864195600
4112,71.970161774919,73.885702100
4113,71.987664246168,73.906995800
4114,72.005166717417,73.927563800
4115,72.022669188665,73.946692300
4116,72.040171659914,73.965944000
4117,72.057674131163,73.985079500
4118,72.075176602412,74.004730000
4119,72.092679073660,74.024632000
4120,72.110181544909,74.044842800
4121,72.127684016158,74.064188900
4122,72.145186487407,74.083109700
4123,72.162688958656,74.104003500
4124,72.180191429904,74.123556800
4125,72.197693901153,74.144631600
4126,72.215196372402,74.164366000
4127,72.232698843651,74.183970500
4128,72.250201314899,74.203442800
4129,72.267703786148,74.222818800
4130,72.285206257397,74.242621300
4131,72.302708728646,74.261794500
4132,72.320211199894,74.281297400
4133,72.337713671143,74.300047000
4134,72.355216142392,74.314115700
4135,72.372718613641,74.337054000
4136,72.390221084889,74.351400100
4137,72.407723556138,74.373648500
4138,72.425226027387,74.387997700
4139,72.442728498636,74.410488600
4140,72.460230969885,74.426192800
4141,72.477733441133,74.447870600
4142,72.495235912382,74.467013900
4143,72.512738383631,74.486517500
4144,72.530240854880,74.506064700
4145,72.547743326128,74.526791400
4146,72.565245797377,74.546144800
4147,72.582748268626,74.565191000
4148,72.600250739875,74.584716000
4149,72.617753211123,74.604316700
4150,72.635255682372,74.624036100
4151,72.652758153621,74.643630800
4152,72.670260624870,74.664754400
4153,72.687763096118,74.684129200
4154,72.705265567367,74.704039500
4155,72.722768038616,74.723653500
4156,72.740270509865,74.743253400
4157,72.757772981114,74.763707600
4158,72.775275452362,74.783505900
4159,72.792777923611,74.803521300
4160,72.810280394860,74.823675400
4161,72.827782866109,74.843426100
4162,72.845285337357,74.863671600
4163,72.862787808606,74.883335900
4164,72.880290279855,74.903059600
4165,72.897792751104,74.923284100
4166,72.915295222352,74.943661900
4167,72.932797693601,74.963477600
4168,72.950300164850,74.983237800
4169,72.967802636099,75.003089300
4170,72.985305107347,75.023051200
4171,73.002807578596,75.042969500
4172,73.020310049845,75.063435500
4173,73.037812521094,75.083450300
4174,73.055314992343,75.103658500
4175,73.072817463591,75.123931000
4176,73.090319934840,75.144074000
4177,73.107822406089,75.164535200
4178,73.125324877338,75.185134200
4179,73.142827348586,75.205660700
4180,73.160329819835,75.226233300
4181,73.177832291084,75.247552300
4182,73.195334762333,75.268359700
4183,73.212837233581,75.289239300
4184,73.230339704830,75.310351200
4185,73.247842176079,75.331608600
4186,73.265344647328,75.353296200
4187,73.282847118576,75.375116600
4188,73.300349589825,75.396116800
4189,73.317852061074,75.417337000
4190,73.335354532323,75.439008200
4191,73.352857003572,75.460116800
4192,73.370359474820,75.481116300
4193,73.387861946069,75.502436100
4194,73.405364417318,75.523690000
4195,73.422866888567,75.544726900
4196,73.440369359815,75.566112300
4197,73.457871831064,75.587957500
4198,73.475374302313,75.609777300
4199,73.492876773562,75.631468300
4200,73.510379244810,75.653411500
4201,73.527881716059,75.676369400
4202,73.545384187308,75.697745500
4203,73.562886658557,75.720000000
4204,73.580389129805,75.741582800
4205,73.597891601054,75.763186800
4206,73.615394072303,75.777447600
4207,73.632896543552,75.802372900
4208,73.650399014800,75.823751300
4209,73.667901486049,75.844955200
4210,73.685403957298,75.867377700
4211,73.702906428547,75.889455500
4212,73.720408899796,75.911798500
4213,73.737911371044,75.933885800
4214,73.755413842293,75.955987200
4215,73.772916313542,75.977528000
4216,73.790418784791,75.999260800
4217,73.807921256039,76.020941800
4218,73.825423727288,76.043144900
4219,73.842926198537,76.064730000
4220,73.860428669786,76.086121000
4221,73.877931141034,76.107969600
4222,73.895433612283,76.129391000
4223,73.912936083532,76.150946900
4224,73.930438554781,76.172728200
4225,73.947941026029,76.194379600
4226,73.965443497278,76.215894900
4227,73.982945968527,76.237196500
4228,74.000448439776,76.259257500
4229,74.017950911025,76.281146200
4230,74.035453382273,76.302722900
4231,74.052955853522,76.325162600
4232,74.070458324771,76.347266300
4233,74.087960796020,76.369154400
4234,74.105463267268,76.391344300
4235,74.122965738517,76.413333300
4236,74.140468209766,76.435088300
4237,74.157970681015,76.456344000
4238,74.175473152263,76.478883500
4239,74.192975623512,76.501685200
4240,74.210478094761,76.523574200
4241,74.227980566010,76.545948600
4242,74.245483037258,76.567976500
4243,74.262985508507,76.582307900
4244,74.280487979756,76.608747900
4245,74.297990451005,76.630786500
4246,74.315492922254,76.653080000
4247,74.332995393502,76.675034800
4248,74.350497864751,76.697021600
4249,74.368000336000,76.719300300
4250,74.385502807249,76.741540900
4251,74.403005278497,76.763682400
4252,74.420507749746,76.786197400
4253,74.438010220995,76.808682500
4254,74.455512692244,76.830930900
4255,74.473015163492,76.853243500
4256,74.490517634741,76.875305700
4257,74.508020105990,76.898851400
4258,74.525522577239,76.921788800
4259,74.543025048487,76.943853200
4260,74.560527519736,76.966526200
4261,74.578029990985,76.991696900
4262,74.595532462234,77.014806000
4263,74.613034933483,77.037763100
4264,74.630537404731,77.060756900
4265,74.648039875980,77.083113300
4266,74.665542347229,77.105279600
4267,74.683044818478,77.127570300
4268,74.700547289726,77.141912200
4269,74.718049760975,77.167241700
4270,74.735552232224,77.189687200
4271,74.753054703473,77.212655400
4272,74.770557174721,77.234933400
4273,74.788059645970,77.257264300
4274,74.805562117219,77.280542800
4275,74.823064588468,77.303966800
4276,74.840567059716,77.326475900
4277,74.858069530965,77.349224000
4278,74.875572002214,77.372103500
4279,74.893074473463,77.395253100
4280,74.910576944712,77.417756700
4281,74.928079415960,77.440492600
4282,74.945581887209,77.463246400
4283,74.963084358458,77.486106600
4284,74.980586829707,77.509065000
4285,74.998089300955,77.531883000
4286,75.015591772204,77.554660000
4287,75.033094243453,77.576934700
4288,75.050596714702,77.599336200
4289,75.068099185950,77.621859900
4290,75.085601657199,77.644526500
4291,75.103104128448,77.668677400
4292,75.120606599697,77.691687800
4293,75.138109070945,77.714528800
4294,75.155611542194,77.738080300
4295,75.173114013443,77.760976700
4296,75.190616484692,77.783532100
4297,75.208118955941,77.806650300
4298,75.225621427189,77.828977500
4299,75.243123898438,77.851280100
4300,75.260626369687,77.873926400
4301,75.278128840936,77.896854200
4302,75.295631312184,77.920353200
4303,75.313133783433,77.943547300
4304,75.330636254682,77.965770000
4305,75.348138725931,77.988799700
4306,75.365641197179,78.011091600
4307,75.383143668428,78.033301000
4308,75.400646139677,78.056104900
4309,75.418148610926,78.077729800
4310,75.435651082174,78.099651000
4311,75.453153553423,78.121842100
4312,75.470656024672,78.143822600
4313,75.488158495921,78.166074700
4314,75.505660967170,78.189088700
4315,75.523163438418,78.211379000
4316,75.540665909667,78.233741000
4317,75.558168380916,78.256220800
4318,75.575670852165,78.278048200
4319,75.593173323413,78.301001900
4320,75.610675794662,78.322944200
4321,75.628178265911,78.346453500
4322,75.645680737160,78.368610500
4323,75.663183208408,78.390779200
4324,75.680685679657,78.412692500
4325,75.698188150906,78.434576000
4326,75.715690622155,78.456880500
4327,75.733193093403,78.478394600
4328,75.750695564652,78.500542100
4329,75.768198035901,78.522593600
4330,75.785700507150,78.544488700
4331,75.803202978399,78.565765900
4332,75.820705449647,78.587872800
4333,75.838207920896,78.609493700
4334,75.855710392145,78.630942300
4335,75.873212863394,78.652917600
4336,75.890715334642,78.674341900
4337,75.908217805891,78.695724500
4338,75.925720277140,78.716661400
4339,75.943222748389,78.738127400
4340,75.960725219637,78.759511000
4341,75.978227690886,78.780336700
4342,75.995730162135,78.801095700
4343,76.013232633384,78.823108500
4344,76.030735104632,78.845275500
4345,76.048237575881,78.867067900
4346,76.065740047130,78.888724800
4347,76.083242518379,78.909989600
4348,76.100744989628,78.930888200
4349,76.118247460876,78.951916200
4350,76.135749932125,78.972639400
4351,76.153252403374,78.994167200
4352,76.170754874623,79.015910900
4353,76.188257345871,79.036958400
4354,76.205759817120,79.058188500
4355,76.223262288369,79.078904100
4356,76.240764759618,79.099166400
4357,76.258267230866,79.119693300
4358,76.275769702115,79.140147000
4359,76.293272173364,79.161007000
4360,76.310774644613,79.181465400
4361,76.328277115861,79.201835900
4362,76.345779587110,79.221884700
4363,76.363282058359,79.241738500
4364,76.380784529608,79.261828100
4365,76.398287000856,79.281773800
4366,76.415789472105,79.301861300
4367,76.433291943354,79.322137300
4368,76.450794414603,79.342214700
4369,76.468296885852,79.362138600
4370,76.485799357100,79.382208700
4371,76.503301828349,79.402605100
4372,76.520804299598,79.423893200
4373,76.538306770847,79.444453200
4374,76.555809242095,79.463934000
4375,76.573311713344,79.483696400
4376,76.590814184593,79.503964000
4377,76.608316655842,79.523893600
4378,76.625819127090,79.544232700
4379,76.643321598339,79.563766800
4380,76.660824069588,79.583114600
4381,76.678326540837,79.604860700
4382,76.695829012085,79.624657700
4383,76.713331483334,79.644431000
4384,76.730833954583,79.664413300
4385,76.748336425832,79.683839500
4386,76.765838897081,79.703780800
4387,76.783341368329,79.723680600
4388,76.800843839578,79.743603800
4389,76.818346310827,79.763170300
4390,76.835848782076,79.783016600
4391,76.853351253324,79.802947200
4392,76.870853724573,79.822417800
4393,76.888356195822,79.843826400
4394,76.905858667071,79.863934500
4395,76.923361138319,79.883722100
4396,76.940863609568,79.904690000
4397,76.958366080817,79.925101500
4398,76.975868552066,79.945100800
4399,76.993371023314,79.964714900
4400,77.010873494563,79.985233100
4401,77.028375965812,80.006429800
4402,77.045878437061,80.026954700
4403,77.063380908310,80.049395000
4404,77.080883379558,80.070651500
4405,77.098385850807,80.091501200
4406,77.115888322056,80.111834500
4407,77.133390793305,80.131712500
4408,77.150893264553,80.152010500
4409,77.168395735802,80.171939600
4410,77.185898207051,80.192584200
4411,77.203400678300,80.212572100
4412,77.220903149548,80.232434600
4413,77.238405620797,80.252337200
4414,77.255908092046,80.272314100
4415,77.273410563295,80.292560000
4416,77.290913034543,80.312287800
4417,77.308415505792,80.331797400
4418,77.325917977041,80.352173100
4419,77.343420448290,80.372279500
4420,77.360922919539,80.391714600
4421,77.378425390787,80.411713800
4422,77.395927862036,80.431286500
4423,77.413430333285,80.450753700
4424,77.430932804534,80.470798700
4425,77.448435275782,80.491098900
4426,77.465937747031,80.510861700
4427,77.483440218280,80.530784700
4428,77.500942689529,80.550261400
4429,77.518445160777,80.571109900
4430,77.535947632026,80.590756900
4431,77.553450103275,80.611534900
4432,77.570952574524,80.630668500
4433,77.588455045772,80.650867400
4434,77.605957517021,80.669935400
4435,77.623459988270,80.688925600
4436,77.640962459519,80.708660900
4437,77.658464930768,80.728270300
4438,77.675967402016,80.747190100
4439,77.693469873265,80.767659500
4440,77.710972344514,80.786930600
4441,77.728474815763,80.807769500
4442,77.745977287011,80.827620500
4443,77.763479758260,80.847539700
4444,77.780982229509,80.867777900
4445,77.798484700758,80.886884600
4446,77.815987172006,80.906515200
4447,77.833489643255,80.926184900
4448,77.850992114504,80.945855900
4449,77.868494585753,80.966254000
4450,77.885997057001,80.985534100
4451,77.903499528250,81.004598200
4452,77.921001999499,81.023701200
4453,77.938504470748,81.043603900
4454,77.956006941997,81.064783000
4455,77.973509413245,81.083730100
4456,77.991011884494,81.103016700
4457,78.008514355743,81.122152400
4458,78.026016826992,81.141412900
4459,78.043519298240,81.160607700
4460,78.061021769489,81.180560600
4461,78.078524240738,81.200658300
4462,78.096026711987,81.221915600
4463,78.113529183235,81.241621900
4464,78.131031654484,81.261679900
4465,78.148534125733,81.281950000
4466,78.166036596982,81.301410600
4467,78.183539068230,81.320570600
4468,78.201041539479,81.339866700
4469,78.218544010728,81.359310000
4470,78.236046481977,81.379772800
4471,78.253548953226,81.400743300
4472,78.271051424474,81.421379000
4473,78.288553895723,81.441505500
4474,78.306056366972,81.461850800
4475,78.323558838221,81.484517200
4476,78.341061309469,81.504613600
4477,78.358563780718,81.524434100
4478,78.376066251967,81.543830000
4479,78.393568723216,81.563576600
4480,78.411071194464,81.583675100
4481,78.428573665713,81.603490400
4482,78.446076136962,81.625134200
4483,78.463578608211,81.645583000
4484,78.481081079459,81.665627800
4485,78.498583550708,81.685811100
4486,78.516086021957,81.705788100
4487,78.533588493206,81.725832000
4488,78.551090964455,81.746148900
4489,78.568593435703,81.766539400
4490,78.586095906952,81.788132700
4491,78.603598378201,81.808908700
4492,78.621100849450,81.829211700
4493,78.638603320698,81.849597700
4494,78.656105791947,81.871098100
4495,78.673608263196,81.891475100
4496,78.691110734445,81.911790400
4497,78.708613205693,81.932333200
4498,78.726115676942,81.952966500
4499,78.743618148191,81.973374100
4500,78.761120619440,81.993774900
4501,78.778623090688,82.026313800
4502,78.796125561937,82.046835700
4503,78.813628033186,82.067079400
4504,78.831130504435,82.087851400
4505,78.848632975684,82.109066100
4506,78.866135446932,82.129334300
4507,78.883637918181,82.149724000
4508,78.901140389430,82.170711400
4509,78.918642860679,82.190778000
4510,78.936145331927,82.205198300
4511,78.953647803176,82.228963800
4512,78.971150274425,82.249311300
4513,78.988652745674,82.269435400
4514,79.006155216922,82.290253400
4515,79.023657688171,82.311373000
4516,79.041160159420,82.331228600
4517,79.058662630669,82.351234100
4518,79.076165101917,82.371544900
4519,79.093667573166,82.392291600
4520,79.111170044415,82.413005600
4521,79.128672515664,82.433363600
4522,79.146174986912,82.454240300
4523,79.163677458161,82.474549500
4524,79.181179929410,82.495103300
4525,79.198682400659,82.515304900
4526,79.216184871908,82.536705300
4527,79.233687343156,82.556893800
4528,79.251189814405,82.577136800
4529,79.268692285654,82.598573200
4530,79.286194756903,82.618555900
4531,79.303697228151,82.637942100
4532,79.321199699400,82.657719000
4533,79.338702170649,82.677767600
4534,79.356204641898,82.697515400
4535,79.373707113146,82.717131000
4536,79.391209584395,82.736785800
4537,79.408712055644,82.756451100
4538,79.426214526893,82.776034600
4539,79.443716998141,82.795602400
4540,79.461219469390,82.815749000
4541,79.478721940639,82.835116600
4542,79.496224411888,82.854767600
4543,79.513726883137,82.874599200
4544,79.531229354385,82.894366500
4545,79.548731825634,82.913834000
4546,79.566234296883,82.933852100
4547,79.583736768132,82.953317500
4548,79.601239239380,82.974390200
4549,79.618741710629,82.993613600
4550,79.636244181878,83.015136200
4551,79.653746653127,83.035350000
4552,79.671249124375,83.055249900
4553,79.688751595624,83.075410100
4554,79.706254066873,83.094654000
4555,79.723756538122,83.114250200
4556,79.741259009370,83.134338100
4557,79.758761480619,83.153954700
4558,79.776263951868,83.174699000
4559,79.793766423117,83.194048900
4560,79.811268894366,83.213428600
4561,79.828771365614,83.234862200
4562,79.846273836863,83.254156900
4563,79.863776308112,83.273818000
4564,79.881278779361,83.293290700
4565,79.898781250609,83.313144100
4566,79.916283721858,83.332501600
4567,79.933786193107,83.351473400
4568,79.951288664356,83.371224200
4569,79.968791135604,83.390540300
4570,79.986293606853,83.411302600
4571,80.003796078102,83.430805300
4572,80.021298549351,83.450149900
4573,80.038801020599,83.469231100
4574,80.056303491848,83.488249100
4575,80.073805963097,83.509022300
4576,80.091308434346,83.529221300
4577,80.108810905595,83.548302500
4578,80.126313376843,83.567296900
4579,80.143815848092,83.587209500
4580,80.161318319341,83.607314300
4581,80.178820790590,83.628097500
4582,80.196323261838,83.648077000
4583,80.213825733087,83.669212600
4584,80.231328204336,83.688241700
4585,80.248830675585,83.707380700
4586,80.266333146833,83.726561700
4587,80.283835618082,83.746169300
4588,80.301338089331,83.765020800
4589,80.318840560580,83.784515800
4590,80.336343031828,83.803750300
4591,80.353845503077,83.823507000
4592,80.371347974326,83.842906800
4593,80.388850445575,83.861756600
4594,80.406352916824,83.880727400
4595,80.423855388072,83.899971300
4596,80.441357859321,83.919151200
4597,80.458860330570,83.940061100
4598,80.476362801819,83.958939800
4599,80.493865273067,83.977687400
4600,80.511367744316,83.996455500
4601,80.528870215565,84.016298400
4602,80.546372686814,84.035265800
4603,80.563875158062,84.057698600
4604,80.581377629311,84.076755200
4605,80.598880100560,84.095455900
4606,80.616382571809,84.114079600
4607,80.633885043057,84.134135400
4608,80.651387514306,84.153239700
4609,80.668889985555,84.173426100
4610,80.686392456804,84.192181300
4611,80.703894928053,84.211359500
4612,80.721397399301,84.230493900
4613,80.738899870550,84.250790700
4614,80.756402341799,84.270002300
4615,80.773904813048,84.290157500
4616,80.791407284296,84.309668200
4617,80.808909755545,84.328837200
4618,80.826412226794,84.348265900
4619,80.843914698043,84.367993300
4620,80.861417169291,84.387718900
4621,80.878919640540,84.408873700
4622,80.896422111789,84.428181000
4623,80.913924583038,84.447761900
4624,80.931427054286,84.466725400
4625,80.948929525535,84.486875900
4626,80.966431996784,84.506908000
4627,80.983934468033,84.526126400
4628,81.001436939282,84.547542600
4629,81.018939410530,84.567115800
4630,81.036441881779,84.586152000
4631,81.053944353028,84.605274200
4632,81.071446824277,84.624619000
4633,81.088949295525,84.644019900
4634,81.106451766774,84.664340300
4635,81.123954238023,84.683211700
4636,81.141456709272,84.702180600
4637,81.158959180520,84.722186600
4638,81.176461651769,84.742004400
4639,81.193964123018,84.760971100
4640,81.211466594267,84.781371200
4641,81.228969065515,84.801290300
4642,81.246471536764,84.820937400
4643,81.263974008013,84.841195400
4644,81.281476479262,84.860701900
4645,81.298978950511,84.880786400
4646,81.316481421759,84.900522900
4647,81.333983893008,84.919642900
4648,81.351486364257,84.938786500
4649,81.368988835506,84.958290600
4650,81.386491306754,84.977981400
4651,81.403993778003,84.997670800
4652,81.421496249252,85.017297000
4653,81.438998720501,85.036683000
4654,81.456501191749,85.057509900
4655,81.474003662998,85.078318500
4656,81.491506134247,85.097833200
4657,81.509008605496,85.117169000
4658,81.526511076744,85.136720200
4659,81.544013547993,85.156338000
4660,81.561516019242,85.176327400
4661,81.579018490491,85.197720700
4662,81.596520961740,85.217530700
4663,81.614023432988,85.237981100
4664,81.631525904237,85.258952700
4665,81.649028375486,85.279052100
4666,81.666530846735,85.299339400
4667,81.684033317983,85.319112400
4668,81.701535789232,85.338769200
4669,81.719038260481,85.358858900
4670,81.736540731730,85.378619400
4671,81.754043202978,85.398374800
4672,81.771545674227,85.418223700
4673,81.789048145476,85.438402700
4674,81.806550616725,85.458074400
4675,81.824053087973,85.478001900
4676,81.841555559222,85.498042400
4677,81.859058030471,85.518226700
4678,81.876560501720,85.538161800
4679,81.894062972969,85.558178500
4680,81.911565444217,85.578853200
4681,81.929067915466,85.600960500
4682,81.946570386715,85.621015500
4683,81.964072857964,85.641362200
4684,81.981575329212,85.661887900
4685,81.999077800461,85.682591600
4686,82.016580271710,85.702465500
4687,82.034082742959,85.722730700
4688,82.051585214207,85.743983800
4689,82.069087685456,85.764163200
4690,82.086590156705,85.784714300
4691,82.104092627954,85.805297300
4692,82.121595099202,85.825893700
4693,82.139097570451,85.847104200
4694,82.156600041700,85.867688500
4695,82.174102512949,85.888262900
4696,82.191604984198,85.909285700
4697,82.209107455446,85.929949800
4698,82.226609926695,85.950868000
4699,82.244112397944,85.972428300
4700,82.261614869193,85.993750500
4701,82.279117340441,86.015599400
4702,82.296619811690,86.037223800
4703,82.314122282939,86.058869400
4704,82.331624754188,86.080000200
4705,82.349127225436,86.101467700
4706,82.366629696685,86.123006500
4707,82.384132167934,86.144529500
4708,82.401634639183,86.166109300
4709,82.419137110431,86.188235800
4710,82.436639581680,86.211347200
4711,82.454142052929,86.234613500
4712,82.471644524178,86.257852300
4713,82.489146995426,86.281206900
4714,82.506649466675,86.303936900
4715,82.524151937924,86.327466400
4716,82.541654409173,86.350845500
4717,82.559156880422,86.374751000
4718,82.576659351670,86.397853700
4719,82.594161822919,86.421275600
4720,82.611664294168,86.444870200
4721,82.629166765417,86.468358100
4722,82.646669236665,86.491247400
4723,82.664171707914,86.514178200
4724,82.681674179163,86.537136600
4725,82.699176650412,86.560717100
4726,82.716679121660,86.584070600
4727,82.734181592909,86.607296100
4728,82.751684064158,86.631963900
4729,82.769186535407,86.655068800
4730,82.786689006655,86.678791000
4731,82.804191477904,86.702714300
4732,82.821693949153,86.726210200
4733,82.839196420402,86.749143300
4734,82.856698891651,86.772149800
4735,82.874201362899,86.796179100
4736,82.891703834148,86.818491800
4737,82.909206305397,86.841570800
4738,82.926708776646,86.865027900
4739,82.944211247894,86.887865300
4740,82.961713719143,86.911368000
4741,82.979216190392,86.935936600
4742,82.996718661641,86.958329100
4743,83.014221132889,86.980777200
4744,83.031723604138,87.003911400
4745,83.049226075387,87.025785200
4746,83.066728546636,87.048448300
4747,83.084231017884,87.070330000
4748,83.101733489133,87.092714200
4749,83.119235960382,87.114744100
4750,83.136738431631,87.137312800
4751,83.154240902880,87.160770400
4752,83.171743374128,87.183394500
4753,83.189245845377,87.206109000
4754,83.206748316626,87.229677800
4755,83.224250787875,87.252458500
4756,83.241753259123,87.274512900
4757,83.259255730372,87.296387400
4758,83.276758201621,87.317992500
4759,83.294260672870,87.339732800
4760,83.311763144118,87.361924300
4761,83.329265615367,87.383831500
4762,83.346768086616,87.405837300
4763,83.364270557865,87.428644300
4764,83.381773029113,87.450598400
4765,83.399275500362,87.472108800
4766,83.416777971611,87.495262000
4767,83.434280442860,87.517381000
4768,83.451782914109,87.539807500
4769,83.469285385357,87.562266100
4770,83.486787856606,87.584108400
4771,83.504290327855,87.606252500
4772,83.521792799104,87.628235200
4773,83.539295270352,87.650699200
4774,83.556797741601,87.672667400
4775,83.574300212850,87.695385400
4776,83.591802684099,87.717474400
4777,83.609305155347,87.739699200
4778,83.626807626596,87.762053800
4779,83.644310097845,87.783566100
4780,83.661812569094,87.805922400
4781,83.679315040342,87.827301200
4782,83.696817511591,87.842263700
4783,83.714319982840,87.866387600
4784,83.731822454089,87.881517900
4785,83.749324925338,87.905532900
4786,83.766827396586,87.927312200
4787,83.784329867835,87.949865700
4788,83.801832339084,87.971543400
4789,83.819334810333,87.993127700
4790,83.836837281581,88.015781000
4791,83.854339752830,88.037099800
4792,83.871842224079,88.058636300
4793,83.889344695328,88.080223100
4794,83.906847166576,88.101308600
4795,83.924349637825,88.122370400
4796,83.941852109074,88.144381700
4797,83.959354580323,88.166732000
4798,83.976857051571,88.188668500
4799,83.994359522820,88.210703000
4800,84.011861994069,88.233400100
4801,84.029364465318,88.256585600
4802,84.046866936567,88.278500600
4803,84.064369407815,88.300755000
4804,84.081871879064,88.322646600
4805,84.099374350313,88.344843400
4806,84.116876821562,88.366787900
4807,84.134379292810,88.388721600
4808,84.151881764059,88.411026100
4809,84.169384235308,88.433334500
4810,84.186886706557,88.454198700
4811,84.204389177805,88.475015500
4812,84.221891649054,88.496317900
4813,84.239394120303,88.517257900
4814,84.256896591552,88.538460600
4815,84.274399062800,88.559883400
4816,84.291901534049,88.581638800
4817,84.309404005298,88.602886400
4818,84.326906476547,88.623685700
4819,84.344408947796,88.645180800
4820,84.361911419044,88.666457800
4821,84.379413890293,88.687298200
4822,84.396916361542,88.707889500
4823,84.414418832791,88.728843800
4824,84.431921304039,88.750199500
4825,84.449423775288,88.771367400
4826,84.466926246537,88.792519900
4827,84.484428717786,88.813633500
4828,84.501931189034,88.834530400
4829,84.519433660283,88.855359600
4830,84.536936131532,88.875916100
4831,84.554438602781,88.897190400
4832,84.571941074029,88.918935600
4833,84.589443545278,88.939524900
4834,84.606946016527,88.960592200
4835,84.624448487776,88.982236300
4836,84.641950959025,89.003111200
4837,84.659453430273,89.024102100
4838,84.676955901522,89.044993100
4839,84.694458372771,89.066563000
4840,84.711960844020,89.087314800
4841,84.729463315268,89.108071400
4842,84.746965786517,89.128586900
4843,84.764468257766,89.149058500
4844,84.781970729015,89.170862700
4845,84.799473200263,89.192076300
4846,84.816975671512,89.213150100
4847,84.834478142761,89.233997900
4848,84.851980614010,89.256003200
4849,84.869483085258,89.277905400
4850,84.886985556507,89.299228800
4851,84.904488027756,89.320380000
4852,84.921990499005,89.341372400
4853,84.939492970254,89.362201100
4854,84.956995441502,89.382988900
4855,84.974497912751,89.403785200
4856,84.992000384000,89.424502500
4857,85.009502855249,89.445828800
4858,85.027005326497,89.467463200
4859,85.044507797746,89.489332900
4860,85.062010268995,89.510909000
4861,85.079512740244,89.534297400
4862,85.097015211492,89.555857400
4863,85.114517682741,89.577600400
4864,85.132020153990,89.600546400
4865,85.149522625239,89.621294400
4866,85.167025096487,89.642553900
4867,85.184527567736,89.664166300
4868,85.202030038985,89.685100000
4869,85.219532510234,89.706062100
4870,85.237034981483,89.726962400
4871,85.254537452731,89.748285500
4872,85.272039923980,89.769375000
4873,85.289542395229,89.790039200
4874,85.307044866478,89.811677800
4875,85.324547337726,89.832584600
4876,85.342049808975,89.853526400
4877,85.359552280224,89.868194700
4878,85.377054751473,89.891996700
4879,85.394557222721,89.913206700
4880,85.412059693970,89.934674100
4881,85.429562165219,89.955595800
4882,85.447064636468,89.977453300
4883,85.464567107716,89.998326900
4884,85.482069578965,90.019992600
4885,85.499572050214,90.041776100
4886,85.517074521463,90.062487000
4887,85.534576992712,90.083894600
4888,85.552079463960,90.104318600
4889,85.569581935209,90.125428100
4890,85.587084406458,90.146551800
4891,85.604586877707,90.167687800
4892,85.622089348955,90.188347200
4893,85.639591820204,90.210154600
4894,85.657094291453,90.230801800
4895,85.674596762702,90.253005800
4896,85.692099233950,90.273726300
4897,85.709601705199,90.293945100
4898,85.727104176448,90.314732700
4899,85.744606647697,90.336322300
4900,85.762109118945,90.357035100
4901,85.779611590194,90.377489300
4902,85.797114061443,90.398369600
4903,85.814616532692,90.419509400
4904,85.832119003940,90.440069600
4905,85.849621475189,90.461365500
4906,85.867123946438,90.482379400
4907,85.884626417687,90.503048000
4908,85.902128888936,90.524278000
4909,85.919631360184,90.545429500
4910,85.937133831433,90.566764200
4911,85.954636302682,90.587680000
4912,85.972138773931,90.608555900
4913,85.989641245179,90.629398200
4914,86.007143716428,90.650124600
4915,86.024646187677,90.670754700
4916,86.042148658926,90.691924500
4917,86.059651130174,90.713080500
4918,86.077153601423,90.734616700
4919,86.094656072672,90.756706700
4920,86.112158543921,90.779146100
4921,86.129661015169,90.802775200
4922,86.147163486418,90.823084500
4923,86.164665957667,90.843208300
4924,86.182168428916,90.863836500
4925,86.199670900165,90.884028700
4926,86.217173371413,90.904902400
4927,86.234675842662,90.925592100
4928,86.252178313911,90.946260000
4929,86.269680785160,90.966251900
4930,86.287183256408,90.987113700
4931,86.304685727657,91.007776100
4932,86.322188198906,91.028329300
4933,86.339690670155,91.050168300
4934,86.357193141403,91.070919000
4935,86.374695612652,91.091678100
4936,86.392198083901,91.112845100
4937,86.409700555150,91.133327900
4938,86.427203026398,91.153772200
4939,86.444705497647,91.173767600
4940,86.462207968896,91.193981400
4941,86.479710440145,91.214307900
4942,86.497212911394,91.234738100
4943,86.514715382642,91.255922700
4944,86.532217853891,91.276030600
4945,86.549720325140,91.296930900
4946,86.567222796389,91.317193700
4947,86.584725267637,91.337678700
4948,86.602227738886,91.358569900
4949,86.619730210135,91.378563200
4950,86.637232681384,91.398460600
4951,86.654735152632,91.418556900
4952,86.672237623881,91.440531900
4953,86.689740095130,91.460757400
4954,86.707242566379,91.481042100
4955,86.724745037627,91.501082000
4956,86.742247508876,91.521482300
4957,86.759749980125,91.541503800
4958,86.777252451374,91.562531700
4959,86.794754922623,91.582805400
4960,86.812257393871,91.603175600
4961,86.829759865120,91.623765500
4962,86.847262336369,91.644203000
4963,86.864764807618,91.664122400
4964,86.882267278866,91.684417200
4965,86.899769750115,91.704554700
4966,86.917272221364,91.724977800
4967,86.934774692613,91.746233100
4968,86.952277163861,91.765946700
4969,86.969779635110,91.785920500
4970,86.987282106359,91.806841900
4971,87.004784577608,91.826927000
4972,87.022287048856,91.847477800
4973,87.039789520105,91.867568600
4974,87.057291991354,91.888843400
4975,87.074794462603,91.909862800
4976,87.092296933852,91.931033600
4977,87.109799405100,91.952362800
4978,87.127301876349,91.973354300
4979,87.144804347598,91.994180100
4980,87.162306818847,92.015978200
4981,87.179809290095,92.039504700
4982,87.197311761344,92.060827600
4983,87.214814232593,92.081917600
4984,87.232316703842,92.101857900
4985,87.249819175090,92.122052700
4986,87.267321646339,92.141825900
4987,87.284824117588,92.162526300
4988,87.302326588837,92.182465000
4989,87.319829060085,92.202381100
4990,87.337331531334,92.223269600
4991,87.354834002583,92.244154200
4992,87.372336473832,92.263857800
4993,87.389838945081,92.284276200
4994,87.407341416329,92.304496600
4995,87.424843887578,92.325113700
4996,87.442346358827,92.346182700
4997,87.459848830076,92.366113900
4998,87.477351301324,92.386135700
4999,87.494853772573,92.406712600
5000,87.512356243822,92.426981700
5001,87.529858715071,92.446983500
5002,87.547361186319,92.467135700
5003,87.564863657568,92.487082600
5004,87.582366128817,92.507345100
5005,87.599868600066,92.527188600
5006,87.617371071314,92.547314600
5007,87.634873542563,92.567762500
5008,87.652376013812,92.588066800
5009,87.669878485061,92.607970800
5010,87.687380956310,92.628996300
5011,87.704883427558,92.648851800
5012,87.722385898807,92.668733100
5013,87.739888370056,92.688825600
5014,87.757390841305,92.708504200
5015,87.774893312553,92.730088400
5016,87.792395783802,92.750008700
5017,87.809898255051,92.769695900
5018,87.827400726300,92.789776800
5019,87.844903197548,92.809431900
5020,87.862405668797,92.829720200
5021,87.879908140046,92.849735800
5022,87.897410611295,92.869652200
5023,87.914913082543,92.889607500
5024,87.932415553792,92.909983700
5025,87.949918025041,92.929600900
5026,87.967420496290,92.949935800
5027,87.984922967539,92.969629300
5028,88.002425438787,92.990050200
5029,88.019927910036,93.010163000
5030,88.037430381285,93.030108400
5031,88.054932852534,93.044647700
5032,88.072435323782,93.067911000
5033,88.089937795031,93.081929000
5034,88.107440266280,93.106383900
5035,88.124942737529,93.126729000
5036,88.142445208777,93.147469300
5037,88.159947680026,93.167778400
5038,88.177450151275,93.187867000
5039,88.194952622524,93.208521700
5040,88.212455093772,93.230132400
5041,88.229957565021,93.251939900
5042,88.247460036270,93.272578600
5043,88.264962507519,93.294107300
5044,88.282464978768,93.315269700
5045,88.299967450016,93.335757600
5046,88.317469921265,93.356541400
5047,88.334972392514,93.376676300
5048,88.352474863763,93.397090200
5049,88.369977335011,93.417564900
5050,88.387479806260,93.438423400
5051,88.404982277509,93.459898900
5052,88.422484748758,93.480865700
5053,88.439987220006,93.501956100
5054,88.457489691255,93.523005900
5055,88.474992162504,93.543378500
5056,88.492494633753,93.564161800
5057,88.509997105001,93.584907500
5058,88.527499576250,93.605927000
5059,88.545002047499,93.626735200
5060,88.562504518748,93.647919800
5061,88.580006989997,93.669239400
5062,88.597509461245,93.690737500
5063,88.615011932494,93.712732000
5064,88.632514403743,93.734034500
5065,88.650016874992,93.754943000
5066,88.667519346240,93.776512800
5067,88.685021817489,93.798694500
5068,88.702524288738,93.820715200
5069,88.720026759987,93.842263100
5070,88.737529231235,93.863888600
5071,88.755031702484,93.886098400
5072,88.772534173733,93.907051600
5073,88.790036644982,93.927827900
5074,88.807539116230,93.948732500
5075,88.825041587479,93.969457200
5076,88.842544058728,93.990402900
5077,88.860046529977,94.012814000
5078,88.877549001226,94.033904700
5079,88.895051472474,94.055166800
5080,88.912553943723,94.076474900
5081,88.930056414972,94.097840300
5082,88.947558886221,94.119998400
5083,88.965061357469,94.140841000
5084,88.982563828718,94.162006800
5085,89.000066299967,94.182933500
5086,89.017568771216,94.204249600
5087,89.035071242464,94.224962000
5088,89.052573713713,94.247833500
5089,89.070076184962,94.269462700
5090,89.087578656211,94.291239600
5091,89.105081127459,94.314188300
5092,89.122583598708,94.335576600
5093,89.140086069957,94.357175600
5094,89.157588541206,94.378515600
5095,89.175091012454,94.399436500
5096,89.192593483703,94.420473200
5097,89.210095954952,94.441675900
5098,89.227598426201,94.463361200
5099,89.245100897450,94.484742300
5100,89.262603368698,94.506168100
5101,89.280105839947,94.530158500
5102,89.297608311196,94.551331400
5103,89.315110782445,94.573135500
5104,89.332613253693,94.595403800
5105,89.350115724942,94.616958300
5106,89.367618196191,94.639218400
5107,89.385120667440,94.660856100
5108,89.402623138688,94.682601700
5109,89.420125609937,94.704391400
5110,89.437628081186,94.726535800
5111,89.455130552435,94.749805500
5112,89.472633023683,94.771489200
5113,89.490135494932,94.793419800
5114,89.507637966181,94.815123800
5115,89.525140437430,94.836798000
5116,89.542642908679,94.859886000
5117,89.560145379927,94.882310600
5118,89.577647851176,94.903639400
5119,89.595150322425,94.924935000
5120,89.612652793674,94.947250100
5121,89.630155264922,94.969621400
5122,89.647657736171,94.991675100
5123,89.665160207420,95.015052000
5124,89.682662678669,95.036788200
5125,89.700165149917,95.059092900
5126,89.717667621166,95.081076900
5127,89.735170092415,95.103061400
5128,89.752672563664,95.125586300
5129,89.770175034912,95.147654800
5130,89.787677506161,95.169443300
5131,89.805179977410,95.191672400
5132,89.822682448659,95.214455900
5133,89.840184919908,95.236750800
5134,89.857687391156,95.259144700
5135,89.875189862405,95.281403500
5136,89.892692333654,95.303166300
5137,89.910194804903,95.325386900
5138,89.927697276151,95.347705000
5139,89.945199747400,95.369974300
5140,89.962702218649,95.392676700
5141,89.980204689898,95.414953000
5142,89.997707161146,95.437308100
5143,90.015209632395,95.460446300
5144,90.032712103644,95.482345900
5145,90.050214574893,95.504304100
5146,90.067717046141,95.526983200
5147,90.085219517390,95.548779500
5148,90.102721988639,95.570738800
5149,90.120224459888,95.592812900
5150,90.137726931137,95.614529700
5151,90.155229402385,95.635726500
5152,90.172731873634,95.656972700
5153,90.190234344883,95.679311300
5154,90.207736816132,95.700953300
5155,90.225239287380,95.722596600
5156,90.242741758629,95.744160800
5157,90.260244229878,95.765539100
5158,90.277746701127,95.787678300
5159,90.295249172375,95.808777200
5160,90.312751643624,95.831021200
5161,90.330254114873,95.854132000
5162,90.347756586122,95.876476800
5163,90.365259057370,95.898359000
5164,90.382761528619,95.920753100
5165,90.400263999868,95.942873000
5166,90.417766471117,95.964975900
5167,90.435268942366,95.986749100
5168,90.452771413614,96.008729600
5169,90.470273884863,96.030728800
5170,90.487776356112,96.052482100
5171,90.505278827361,96.074312700
5172,90.522781298609,96.096275600
5173,90.540283769858,96.117271800
5174,90.557786241107,96.138491200
5175,90.575288712356,96.159783500
5176,90.592791183604,96.181006000
5177,90.610293654853,96.202406200
5178,90.627796126102,96.224295800
5179,90.645298597351,96.246511800
5180,90.662801068599,96.268105800
5181,90.680303539848,96.289570500
5182,90.697806011097,96.311174400
5183,90.715308482346,96.332691100
5184,90.732810953595,96.354264400
5185,90.750313424843,96.376672100
5186,90.767815896092,96.398343700
5187,90.785318367341,96.419951300
5188,90.802820838590,96.441251200
5189,90.820323309838,96.463018700
5190,90.837825781087,96.484523800
5191,90.855328252336,96.506940700
5192,90.872830723585,96.528960800
5193,90.890333194833,96.550064900
5194,90.907835666082,96.571488900
5195,90.925338137331,96.593150200
5196,90.942840608580,96.614998700
5197,90.960343079828,96.636493900
5198,90.977845551077,96.650747800
5199,90.995348022326,96.676057200
5200,91.012850493575,96.698085400
5201,91.030352964824,96.721172000
5202,91.047855436072,96.742909200
5203,91.065357907321,96.764838800
5204,91.082860378570,96.785987400
5205,91.100362849819,96.807953700
5206,91.117865321067,96.829053800
5207,91.135367792316,96.850884100
5208,91.152870263565,96.872197800
5209,91.170372734814,96.893655300
5210,91.187875206062,96.914925900
5211,91.205377677311,96.936151000
5212,91.222880148560,96.957217700
5213,91.240382619809,96.978274800
5214,91.257885091057,97.000433400
5215,91.275387562306,97.021862700
5216,91.292890033555,97.043484200
5217,91.310392504804,97.064743400
5218,91.327894976053,97.085762100
5219,91.345397447301,97.106939700
5220,91.362899918550,97.127759600
5221,91.380402389799,97.151163100
5222,91.397904861048,97.172521000
5223,91.415407332296,97.193563600
5224,91.432909803545,97.214687300
5225,91.450412274794,97.235701300
5226,91.467914746043,97.256632900
5227,91.485417217291,97.277568000
5228,91.502919688540,97.299027300
5229,91.520422159789,97.321793500
5230,91.537924631038,97.343420300
5231,91.555427102286,97.364385100
5232,91.572929573535,97.386954400
5233,91.590432044784,97.408670200
5234,91.607934516033,97.430147900
5235,91.625436987282,97.452240800
5236,91.642939458530,97.474566000
5237,91.660441929779,97.496606100
5238,91.677944401028,97.519531800
5239,91.695446872277,97.541978700
5240,91.712949343525,97.563675500
5241,91.730451814774,97.585838900
5242,91.747954286023,97.607919000
5243,91.765456757272,97.629730400
5244,91.782959228520,97.651730500
5245,91.800461699769,97.666484900
5246,91.817964171018,97.691686500
5247,91.835466642267,97.706676600
5248,91.852969113515,97.730491100
5249,91.870471584764,97.752193400
5250,91.887974056013,97.774197300
5251,91.905476527262,97.795474500
5252,91.922978998511,97.817415900
5253,91.940481469759,97.841247300
5254,91.957983941008,97.863971200
5255,91.975486412257,97.885526200
5256,91.992988883506,97.908630500
5257,92.010491354754,97.929937300
5258,92.027993826003,97.951692200
5259,92.045496297252,97.973678600
5260,92.062998768501,97.995179600
5261,92.080501239749,98.016720900
5262,92.098003710998,98.038049100
5263,92.115506182247,98.059553000
5264,92.133008653496,98.080841400
5265,92.150511124744,98.102043800
5266,92.168013595993,98.123758100
5267,92.185516067242,98.145680100
5268,92.203018538491,98.166809600
5269,92.220521009739,98.187866500
5270,92.238023480988,98.209000300
5271,92.255525952237,98.230305500
5272,92.273028423486,98.251586800
5273,92.290530894735,98.273200600
5274,92.308033365983,98.294492700
5275,92.325535837232,98.316545100
5276,92.343038308481,98.339135300
5277,92.360540779730,98.360327300
5278,92.378043250978,98.382011300
5279,92.395545722227,98.404539200
5280,92.413048193476,98.426694300
5281,92.430550664725,98.450448000
5282,92.448053135973,98.473335500
5283,92.465555607222,98.494444600
5284,92.483058078471,98.515222100
5285,92.500560549720,98.536519200
5286,92.518063020968,98.558037500
5287,92.535565492217,98.579072700
5288,92.553067963466,98.599935100
5289,92.570570434715,98.621271400
5290,92.588072905964,98.642559700
5291,92.605575377212,98.663422500
5292,92.623077848461,98.684262200
5293,92.640580319710,98.705455900
5294,92.658082790959,98.726258000
5295,92.675585262207,98.747672500
5296,92.693087733456,98.769376900
5297,92.710590204705,98.791144000
5298,92.728092675954,98.812125400
5299,92.745595147202,98.833146300
5300,92.763097618451,98.854987700
5301,92.780600089700,98.877003200
5302,92.798102560949,98.898146900
5303,92.815605032197,98.919936700
5304,92.833107503446,98.941493900
5305,92.850609974695,98.962768300
5306,92.868112445944,98.984019100
5307,92.885614917193,99.005540200
5308,92.903117388441,99.027418200
5309,92.920619859690,99.049736900
5310,92.938122330939,99.071801000
5311,92.955624802188,99.094026400
5312,92.973127273436,99.116706700
5313,92.990629744685,99.138119900
5314,93.008132215934,99.159202000
5315,93.025634687183,99.180016200
5316,93.043137158431,99.200649600
5317,93.060639629680,99.221295200
5318,93.078142100929,99.242083500
5319,93.095644572178,99.262971100
5320,93.113147043426,99.284145900
5321,93.130649514675,99.305454700
5322,93.148151985924,99.326716400
5323,93.165654457173,99.348387000
5324,93.183156928422,99.369940600
5325,93.200659399670,99.391467700
5326,93.218161870919,99.412714600
5327,93.235664342168,99.434089900
5328,93.253166813417,99.455330700
5329,93.270669284665,99.475977800
5330,93.288171755914,99.496751100
5331,93.305674227163,99.517021600
5332,93.323176698412,99.537678200
5333,93.340679169660,99.558811700
5334,93.358181640909,99.579344600
5335,93.375684112158,99.600442700
5336,93.393186583407,99.621590500
5337,93.410689054655,99.643132300
5338,93.428191525904,99.663915600
5339,93.445693997153,99.684346200
5340,93.463196468402,99.705024300
5341,93.480698939651,99.727522700
5342,93.498201410899,99.747677000
5343,93.515703882148,99.768192100
5344,93.533206353397,99.789023500
5345,93.550708824646,99.809530400
5346,93.568211295894,99.830258200
5347,93.585713767143,99.851409800
5348,93.603216238392,99.871949400
5349,93.620718709641,99.892379900
5350,93.638221180889,99.913500900
5351,93.655723652138,99.935141700
5352,93.673226123387,99.956873900
5353,93.690728594636,99.977579000
5354,93.708231065884,99.998032500
5355,93.725733537133,100.019556900
5356,93.743236008382,100.041182700
5357,93.760738479631,100.062330900
5358,93.778240950880,100.083949100
5359,93.795743422128,100.104156800
5360,93.813245893377,100.124469000
5361,93.830748364626,100.144729700
5362,93.848250835875,100.164971400
5363,93.865753307123,100.185571700
5364,93.883255778372,100.207507300
5365,93.900758249621,100.229042200
5366,93.918260720870,100.250093500
5367,93.935763192118,100.270885200
5368,93.953265663367,100.291994900
5369,93.970768134616,100.312413700
5370,93.988270605865,100.332475100
5371,94.005773077113,100.353626300
5372,94.023275548362,100.374585100
5373,94.040778019611,100.395191300
5374,94.058280490860,100.415168600
5375,94.075782962109,100.435902700
5376,94.093285433357,100.456278200
5377,94.110787904606,100.477044700
5378,94.128290375855,100.497534400
5379,94.145792847104,100.517750900
5380,94.163295318352,100.537903400
5381,94.180797789601,100.558556700
5382,94.198300260850,100.579721000
5383,94.215802732099,100.601240700
5384,94.233305203347,100.621879200
5385,94.250807674596,100.642463700
5386,94.268310145845,100.663006700
5387,94.285812617094,100.684462900
5388,94.303315088342,100.704775200
5389,94.320817559591,100.724742500
5390,94.338320030840,100.745053000
5391,94.355822502089,100.765152300
5392,94.373324973338,100.785791200
5393,94.390827444586,100.805908100
5394,94.408329915835,100.826499500
5395,94.425832387084,100.846534800
5396,94.443334858333,100.868854700
5397,94.460837329581,100.889501400
5398,94.478339800830,100.910479800
5399,94.495842272079,100.930735000
5400,94.513344743328,100.952118100
5401,94.530847214576,100.974589400
5402,94.548349685825,100.994943100
5403,94.565852157074,101.015771100
5404,94.583354628323,101.035721700
5405,94.600857099571,101.056760600
5406,94.618359570820,101.076671600
5407,94.635862042069,101.097690200
5408,94.653364513318,101.117862600
5409,94.670866984567,101.137867500
5410,94.688369455815,101.157709600
5411,94.705871927064,101.177936500
5412,94.723374398313,101.198215000
5413,94.740876869562,101.217899700
5414,94.758379340810,101.237645400
5415,94.775881812059,101.257784600
5416,94.793384283308,101.277595000
5417,94.810886754557,101.297475300
5418,94.828389225805,101.317394100
5419,94.845891697054,101.337238300
5420,94.863394168303,101.356823500
5421,94.880896639552,101.377759900
5422,94.898399110800,101.398169100
5423,94.915901582049,101.417860000
5424,94.933404053298,101.438401300
5425,94.950906524547,101.459634000
5426,94.968408995795,101.480486300
5427,94.985911467044,101.501094500
5428,95.003413938293,101.520799100
5429,95.020916409542,101.540962900
5430,95.038418880791,101.561210200
5431,95.055921352039,101.582132900
5432,95.073423823288,101.601836300
5433,95.090926294537,101.621943000
5434,95.108428765786,101.641872000
5435,95.125931237034,101.661836100
5436,95.143433708283,101.682086900
5437,95.160936179532,101.701852000
5438,95.178438650781,101.722030600
5439,95.195941122029,101.742334100
5440,95.213443593278,101.762580300
5441,95.230946064527,101.783566600
5442,95.248448535776,101.802927600
5443,95.265951007024,101.822919100
5444,95.283453478273,101.843423400
5445,95.300955949522,101.863191100
5446,95.318458420771,101.883340900
5447,95.335960892020,101.903668000
5448,95.353463363268,101.924117600
5449,95.370965834517,101.944174600
5450,95.388468305766,101.963887200
5451,95.405970777015,101.984978300
5452,95.423473248263,102.006169200
5453,95.440975719512,102.026908600
5454,95.458478190761,102.047859400
5455,95.475980662010,102.067619600
5456,95.493483133258,102.087662700
5457,95.510985604507,102.107467600
5458,95.528488075756,102.127500200
5459,95.545990547005,102.147356500
5460,95.563493018253,102.167768600
5461,95.580995489502,102.191025100
5462,95.598497960751,102.211132900
5463,95.616000432000,102.231092500
5464,95.633502903249,102.251246400
5465,95.651005374497,102.271866700
5466,95.668507845746,102.293051000
5467,95.686010316995,102.313216600
5468,95.703512788244,102.333839000
5469,95.721015259492,102.354110600
5470,95.738517730741,102.374485900
5471,95.756020201990,102.395842000
5472,95.773522673239,102.416603000
5473,95.791025144487,102.437789500
5474,95.808527615736,102.457892300
5475,95.826030086985,102.479721200
5476,95.843532558234,102.500738600
5477,95.861035029482,102.521232400
5478,95.878537500731,102.542255400
5479,95.896039971980,102.563575200
5480,95.913542443229,102.584204500
5481,95.931044914478,102.604864800
5482,95.948547385726,102.626854800
5483,95.966049856975,102.648779900
5484,95.983552328224,102.670335400
5485,96.001054799473,102.691606700
5486,96.018557270721,102.713419600
5487,96.036059741970,102.734853900
5488,96.053562213219,102.756729200
5489,96.071064684468,102.778227000
5490,96.088567155716,102.799855400
5491,96.106069626965,102.821735500
5492,96.123572098214,102.843868300
5493,96.141074569463,102.866406200
5494,96.158577040711,102.888487100
5495,96.176079511960,102.911098200
5496,96.193581983209,102.933050900
5497,96.211084454458,102.947149400
5498,96.228586925707,102.972792900
5499,96.246089396955,102.994639200
5500,96.263591868204,103.018562100
5501,96.281094339453,103.040945200
5502,96.298596810702,103.064170500
5503,96.316099281950,103.086758200
5504,96.333601753199,103.109655900
5505,96.351104224448,103.132404800
5506,96.368606695697,103.154613000
5507,96.386109166945,103.177083500
5508,96.403611638194,103.199767400
5509,96.421114109443,103.221941200
5510,96.438616580692,103.244178500
5511,96.456119051940,103.267242300
5512,96.473621523189,103.289881700
5513,96.491123994438,103.313207800
5514,96.508626465687,103.335933800
5515,96.526128936936,103.359030800
5516,96.543631408184,103.381987500
5517,96.561133879433,103.404595800
5518,96.578636350682,103.427625200
5519,96.596138821931,103.450464100
5520,96.613641293179,103.473035700
5521,96.631143764428,103.498132200
5522,96.648646235677,103.520958600
5523,96.666148706926,103.544001500
5524,96.683651178174,103.566510400
5525,96.701153649423,103.589072200
5526,96.718656120672,103.611678400
5527,96.736158591921,103.634658200
5528,96.753661063169,103.657725100
5529,96.771163534418,103.680919000
5530,96.788666005667,103.703637000
5531,96.806168476916,103.726487400
5532,96.823670948165,103.749995000
5533,96.841173419413,103.774123400
5534,96.858675890662,103.798928800
5535,96.876178361911,103.822234300
5536,96.893680833160,103.845822600
5537,96.911183304408,103.869713700
5538,96.928685775657,103.893040000
5539,96.946188246906,103.916168600
5540,96.963690718155,103.939906900
5541,96.981193189403,103.963951100
5542,96.998695660652,103.987044300
5543,97.016198131901,104.011166700
5544,97.033700603150,104.034427500
5545,97.051203074398,104.057992200
5546,97.068705545647,104.080935300
5547,97.086208016896,104.103950900
5548,97.103710488145,104.127219200
5549,97.121212959394,104.150052300
5550,97.138715430642,104.172774200
5551,97.156217901891,104.197273500
5552,97.173720373140,104.220558600
5553,97.191222844389,104.243434400
5554,97.208725315637,104.266534600
5555,97.226227786886,104.289785300
5556,97.243730258135,104.313371300
5557,97.261232729384,104.336341900
5558,97.278735200632,104.359352200
5559,97.296237671881,104.382716300
5560,97.313740143130,104.405182900
5561,97.331242614379,104.427733000
5562,97.348745085627,104.450390500
5563,97.366247556876,104.473612000
5564,97.383750028125,104.497257000
5565,97.401252499374,104.519750000
5566,97.418754970623,104.542540000
5567,97.436257441871,104.564581800
5568,97.453759913120,104.586298900
5569,97.471262384369,104.607797300
5570,97.488764855618,104.629333100
5571,97.506267326866,104.650323800
5572,97.523769798115,104.671199600
5573,97.541272269364,104.692219100
5574,97.558774740613,104.713599200
5575,97.576277211861,104.734531400
5576,97.593779683110,104.755269300
5577,97.611282154359,104.776154200
5578,97.628784625608,104.796995800
5579,97.646287096856,104.817328700
5580,97.663789568105,104.837437800
5581,97.681292039354,104.859386600
5582,97.698794510603,104.879919200
5583,97.716296981852,104.899931300
5584,97.733799453100,104.920781500
5585,97.751301924349,104.940903900
5586,97.768804395598,104.961116700
5587,97.786306866847,104.981776400
5588,97.803809338095,105.002800000
5589,97.821311809344,105.025091000
5590,97.838814280593,105.046815700
5591,97.856316751842,105.066681500
5592,97.873819223090,105.086028900
5593,97.891321694339,105.105679900
5594,97.908824165588,105.125236800
5595,97.926326636837,105.145120900
5596,97.943829108085,105.164783000
5597,97.961331579334,105.184701800
5598,97.978834050583,105.205086700
5599,97.996336521832,105.224668200
5600,98.013838993080,105.244292000
5601,98.031341464329,105.264688900
5602,98.048843935578,105.284709200
5603,98.066346406827,105.304935500
5604,98.083848878076,105.324901300
5605,98.101351349324,105.344642400
5606,98.118853820573,105.364461900
5607,98.136356291822,105.384061100
5608,98.153858763071,105.404992200
5609,98.171361234319,105.425308800
5610,98.188863705568,105.445529900
5611,98.206366176817,105.466060200
5612,98.223868648066,105.486175500
5613,98.241371119314,105.505998600
5614,98.258873590563,105.526032200
5615,98.276376061812,105.546551600
5616,98.293878533061,105.566336000
5617,98.311381004309,105.585783300
5618,98.328883475558,105.606110400
5619,98.346385946807,105.626053100
5620,98.363888418056,105.647953300
5621,98.381390889305,105.668849200
5622,98.398893360553,105.690577800
5623,98.416395831802,105.713035700
5624,98.433898303051,105.735268900
5625,98.451400774300,105.757273300
5626,98.468903245548,105.771177000
5627,98.486405716797,105.797474400
5628,98.503908188046,105.819693400
5629,98.521410659295,105.842074000
5630,98.538913130543,105.865590100
5631,98.556415601792,105.887968400
5632,98.573918073041,105.911009200
5633,98.591420544290,105.933503800
5634,98.608923015538,105.956470000
5635,98.626425486787,105.979069300
5636,98.643927958036,106.001842800
5637,98.661430429285,106.024832300
5638,98.678932900534,106.048511500
5639,98.696435371782,106.072262100
5640,98.713937843031,106.094915400
5641,98.731440314280,106.119723400
5642,98.748942785529,106.142295400
5643,98.766445256777,106.165934800
5644,98.783947728026,106.189461600
5645,98.801450199275,106.212184900
5646,98.818952670524,106.234824700
5647,98.836455141772,106.257224500
5648,98.853957613021,106.279882800
5649,98.871460084270,106.302091100
5650,98.888962555519,106.324230000
5651,98.906465026767,106.347114000
5652,98.923967498016,106.369679500
5653,98.941469969265,106.392363900
5654,98.958972440514,106.415723100
5655,98.976474911763,106.438384000
5656,98.993977383011,106.461432300
5657,99.011479854260,106.483733300
5658,99.028982325509,106.507766300
5659,99.046484796758,106.531651400
5660,99.063987268006,106.555008400
5661,99.081489739255,106.578232800
5662,99.098992210504,106.601656800
5663,99.116494681753,106.624741700
5664,99.133997153001,106.648473000
5665,99.151499624250,106.671146500
5666,99.169002095499,106.693833300
5667,99.186504566748,106.716803300
5668,99.204007037996,106.739014900
5669,99.221509509245,106.761694500
5670,99.239011980494,106.784440900
5671,99.256514451743,106.808226000
5672,99.274016922992,106.831877000
5673,99.291519394240,106.854668400
5674,99.309021865489,106.876743800
5675,99.326524336738,106.898689100
5676,99.344026807987,106.921034700
5677,99.361529279235,106.942724100
5678,99.379031750484,106.964476200
5679,99.396534221733,106.986272800
5680,99.414036692982,107.008956000
5681,99.431539164230,107.030940300
5682,99.449041635479,107.053228800
5683,99.466544106728,107.074373800
5684,99.484046577977,107.096055700
5685,99.501549049225,107.116677600
5686,99.519051520474,107.136950900
5687,99.536553991723,107.157988800
5688,99.554056462972,107.178941000
5689,99.571558934221,107.199163700
5690,99.589061405469,107.219594500
5691,99.606563876718,107.240326900
5692,99.624066347967,107.260893200
5693,99.641568819216,107.281360500
5694,99.659071290464,107.302185700
5695,99.676573761713,107.323199000
5696,99.694076232962,107.344395000
5697,99.711578704211,107.366195500
5698,99.729081175459,107.387991400
5699,99.746583646708,107.409786400
5700,99.764086117957,107.431253400
5701,99.781588589206,107.454053600
5702,99.799091060454,107.474557400
5703,99.816593531703,107.495635600
5704,99.834096002952,107.517850000
5705,99.851598474201,107.539915700
5706,99.869100945450,107.561895300
5707,99.886603416698,107.583679100
5708,99.904105887947,107.597939100
5709,99.921608359196,107.623744300
5710,99.939110830445,107.645901100
5711,99.956613301693,107.668062500
5712,99.974115772942,107.689853100
5713,99.991618244191,107.711187900
5714,100.009120715440,107.732911900
5715,100.026623186688,107.754458300
5716,100.044125657937,107.777125700
5717,100.061628129186,107.799132600
5718,100.079130600435,107.820467400
5719,100.096633071683,107.841446100
5720,100.114135542932,107.862699700
5721,100.131638014181,107.884077500
5722,100.149140485430,107.905233200
5723,100.166642956679,107.926778100
5724,100.184145427927,107.948895200
5725,100.201647899176,107.970496900
5726,100.219150370425,107.985128700
5727,100.236652841674,108.012633300
5728,100.254155312922,108.034406900
5729,100.271657784171,108.057044500
5730,100.289160255420,108.080760600
5731,100.306662726669,108.102110900
5732,100.324165197917,108.123739800
5733,100.341667669166,108.145123000
5734,100.359170140415,108.166590700
5735,100.376672611664,108.188622000
5736,100.394175082912,108.209953200
5737,100.411677554161,108.231412700
5738,100.429180025410,108.253152100
5739,100.446682496659,108.274472700
5740,100.464184967908,108.295782600
5741,100.481687439156,108.317560600
5742,100.499189910405,108.339373100
5743,100.516692381654,108.360451800
5744,100.534194852903,108.381904400
5745,100.551697324151,108.403130400
5746,100.569199795400,108.424618800
5747,100.586702266649,108.445987000
5748,100.604204737898,108.467265400
5749,100.621707209146,108.489007100
5750,100.639209680395,108.510203600
5751,100.656712151644,108.532933900
5752,100.674214622893,108.556057300
5753,100.691717094141,108.578728000
5754,100.709219565390,108.593267900
5755,100.726722036639,108.619320500
5756,100.744224507888,108.642319700
5757,100.761726979137,108.664951400
5758,100.779229450385,108.686434100
5759,100.796731921634,108.708237900
5760,100.814234392883,108.729776400
5761,100.831736864132,108.752759900
5762,100.849239335380,108.774565500
5763,100.866741806629,108.796975700
5764,100.884244277878,108.819109100
5765,100.901746749127,108.841564100
5766,100.919249220375,108.863757500
5767,100.936751691624,108.886069600
5768,100.954254162873,108.908281700
5769,100.971756634122,108.930391400
5770,100.989259105370,108.952941400
5771,101.006761576619,108.974887700
5772,101.024264047868,108.996789200
5773,101.041766519117,109.020228500
5774,101.059268990365,109.043735600
5775,101.076771461614,109.058551600
5776,101.094273932863,109.084435000
5777,101.111776404112,109.107097700
5778,101.129278875361,109.129931700
5779,101.146781346609,109.152350900
5780,101.164283817858,109.174833100
5781,101.181786289107,109.197656700
5782,101.199288760356,109.219413000
5783,101.216791231604,109.242270400
5784,101.234293702853,109.264774400
5785,101.251796174102,109.286521600
5786,101.269298645351,109.309053500
5787,101.286801116599,109.331768600
5788,101.304303587848,109.354005700
5789,101.321806059097,109.376128600
5790,101.339308530346,109.398120200
5791,101.356811001594,109.421437700
5792,101.374313472843,109.443770500
5793,101.391815944092,109.465276600
5794,101.409318415341,109.487432200
5795,101.426820886590,109.509773000
5796,101.444323357838,109.531901100
5797,101.461825829087,109.555035500
5798,101.479328300336,109.577519300
5799,101.496830771585,109.599790500
5800,101.514333242833,109.621901300
5801,101.531835714082,109.644235700
5802,101.549338185331,109.666197200
5803,101.566840656580,109.688607800
5804,101.584343127828,109.711257000
5805,101.601845599077,109.734057600
5806,101.619348070326,109.756621100
5807,101.636850541575,109.779242900
5808,101.654353012823,109.801518000
5809,101.671855484072,109.823577400
5810,101.689357955321,109.846028100
5811,101.706860426570,109.868324800
5812,101.724362897819,109.890740300
5813,101.741865369067,109.913309200
5814,101.759367840316,109.936567900
5815,101.776870311565,109.959150500
5816,101.794372782814,109.981929300
5817,101.811875254062,110.004884400
5818,101.829377725311,110.027835300
5819,101.846880196560,110.050855200
5820,101.864382667809,110.074450500
5821,101.881885139057,110.099856300
5822,101.899387610306,110.122776600
5823,101.916890081555,110.146103500
5824,101.934392552804,110.169280400
5825,101.951895024052,110.192992100
5826,101.969397495301,110.216182400
5827,101.986899966550,110.239902400
5828,102.004402437799,110.263131200
5829,102.021904909048,110.286318600
5830,102.039407380296,110.309533100
5831,102.056909851545,110.332726700
5832,102.074412322794,110.355861600
5833,102.091914794043,110.379096600
5834,102.109417265291,110.402400700
5835,102.126919736540,110.425727300
5836,102.144422207789,110.449514800
5837,102.161924679038,110.472505800
5838,102.179427150286,110.496322000
5839,102.196929621535,110.519310300
5840,102.214432092784,110.543782100
5841,102.231934564033,110.566980500
5842,102.249437035281,110.591819800
5843,102.266939506530,110.615637100
5844,102.284441977779,110.640521600
5845,102.301944449028,110.663490100
5846,102.319446920277,110.687497300
5847,102.336949391525,110.710685500
5848,102.354451862774,110.734535100
5849,102.371954334023,110.758208800
5850,102.389456805272,110.781307500
5851,102.406959276520,110.804294800
5852,102.424461747769,110.827713200
5853,102.441964219018,110.850637600
5854,102.459466690267,110.873426100
5855,102.476969161515,110.896507400
5856,102.494471632764,110.919877000
5857,102.511974104013,110.944029900
5858,102.529476575262,110.968519900
5859,102.546979046510,110.992481100
5860,102.564481517759,111.017055300
5861,102.581983989008,111.041123800
5862,102.599486460257,111.064958100
5863,102.616988931506,111.088877800
5864,102.634491402754,111.112849100
5865,102.651993874003,111.135799900
5866,102.669496345252,111.158977300
5867,102.686998816501,111.182196800
5868,102.704501287749,111.206040700
5869,102.722003758998,111.229270200
5870,102.739506230247,111.252596100
5871,102.757008701496,111.275867900
5872,102.774511172744,111.298822300
5873,102.792013643993,111.322123600
5874,102.809516115242,111.345496100
5875,102.827018586491,111.369055600
5876,102.844521057739,111.392708100
5877,102.862023528988,111.416371400
5878,102.879526000237,111.439664700
5879,102.897028471486,111.463207100
5880,102.914530942735,111.486744800
5881,102.932033413983,111.512347100
5882,102.949535885232,111.536339100
5883,102.967038356481,111.559979700
5884,102.984540827730,111.583401400
5885,103.002043298978,111.606948100
5886,103.019545770227,111.631104700
5887,103.037048241476,111.654776500
5888,103.054550712725,111.678305400
5889,103.072053183973,111.701705000
5890,103.089555655222,111.724720000
5891,103.107058126471,111.748335200
5892,103.124560597720,111.772825000
5893,103.142063068968,111.795969500
5894,103.159565540217,111.819665300
5895,103.177068011466,111.843758800
5896,103.194570482715,111.867502800
5897,103.212072953964,111.890810800
5898,103.229575425212,111.914182300
5899,103.247077896461,111.937499400
5900,103.264580367710,111.961432800
5901,103.282082838959,111.985466600
5902,103.299585310207,112.009749300
5903,103.317087781456,112.033040700
5904,103.334590252705,112.057270200
5905,103.352092723954,112.081411200
5906,103.369595195202,112.106510700
5907,103.387097666451,112.130768000
5908,103.404600137700,112.155328600
5909,103.422102608949,112.179589300
5910,103.439605080197,112.203328400
5911,103.457107551446,112.228710200
5912,103.474610022695,112.252464400
5913,103.492112493944,112.276001700
5914,103.509614965193,112.299110300
5915,103.527117436441,112.313935300
5916,103.544619907690,112.339963400
5917,103.562122378939,112.363217000
5918,103.579624850188,112.385960200
5919,103.597127321436,112.400401400
5920,103.614629792685,112.426780600
5921,103.632132263934,112.450568200
5922,103.649634735183,112.473532000
5923,103.667137206431,112.497638800
5924,103.684639677680,112.520697200
5925,103.702142148929,112.543470200
5926,103.719644620178,112.567045000
5927,103.737147091426,112.590998100
5928,103.754649562675,112.615455300
5929,103.772152033924,112.639199000
5930,103.789654505173,112.663375400
5931,103.807156976422,112.687336600
5932,103.824659447670,112.710465900
5933,103.842161918919,112.733591200
5934,103.859664390168,112.756105500
5935,103.877166861417,112.778569800
5936,103.894669332665,112.801717100
5937,103.912171803914,112.824863600
5938,103.929674275163,112.848233800
5939,103.947176746412,112.870750300
5940,103.964679217660,112.893825200
5941,103.982181688909,112.919426800
5942,103.999684160158,112.942834700
5943,104.017186631407,112.965855800
5944,104.034689102655,112.989305000
5945,104.052191573904,113.012902300
5946,104.069694045153,113.036045300
5947,104.087196516402,113.059677800
5948,104.104698987651,113.082324500
5949,104.122201458899,113.105224900
5950,104.139703930148,113.129242300
5951,104.157206401397,113.153001100
5952,104.174708872646,113.176730000
5953,104.192211343894,113.201199400
5954,104.209713815143,113.224921600
5955,104.227216286392,113.248202400
5956,104.244718757641,113.272264100
5957,104.262221228889,113.296258900
5958,104.279723700138,113.321169500
5959,104.297226171387,113.346348300
5960,104.314728642636,113.370486700
5961,104.332231113884,113.394341600
5962,104.349733585133,113.418453900
5963,104.367236056382,113.442247600
5964,104.384738527631,113.466033600
5965,104.402240998879,113.489710400
5966,104.419743470128,113.513454400
5967,104.437245941377,113.537775100
5968,104.454748412626,113.561912200
5969,104.472250883875,113.586081600
5970,104.489753355123,113.610520100
5971,104.507255826372,113.637448900
5972,104.524758297621,113.662698300
5973,104.542260768870,113.686568500
5974,104.559763240118,113.710585300
5975,104.577265711367,113.734652700
5976,104.594768182616,113.758165800
5977,104.612270653865,113.782221500
5978,104.629773125113,113.806361300
5979,104.647275596362,113.830515000
5980,104.664778067611,113.855190200
5981,104.682280538860,113.880201600
5982,104.699783010108,113.904489000
5983,104.717285481357,113.928257500
5984,104.734787952606,113.942355400
5985,104.752290423855,113.970146900
5986,104.769792895104,113.994764900
5987,104.787295366352,114.019093600
5988,104.804797837601,114.043774300
5989,104.822300308850,114.068267100
5990,104.839802780099,114.091947600
5991,104.857305251347,114.116777300
5992,104.874807722596,114.140448400
5993,104.892310193845,114.156436500
5994,104.909812665094,114.174768400
5995,104.927315136342,114.191325500
5996,104.944817607591,114.208730000
5997,104.962320078840,114.226331200
5998,104.979822550089,114.243407900
5999,104.997325021337,114.261252100
6000,105.014827492586,114.278509300
