frame,emulated_seconds,host_seconds
1,0.017502471249,0.004404300
2,0.035004942498,0.016804200
3,0.052507413746,0.027080600
4,0.070009884995,0.045381700
5,0.087512356244,0.063795100
6,0.105014827493,0.080236600
7,0.122517298741,0.098235300
8,0.140019769990,0.115279000
9,0.157522241239,0.131670000
10,0.175024712488,0.149783200
11,0.192527183736,0.167573200
12,0.210029654985,0.183666900
13,0.227532126234,0.201569900
14,0.245034597483,0.218108600
15,0.262537068731,0.235549000
16,0.280039539980,0.252749900
17,0.297542011229,0.270630900
18,0.315044482478,0.291254400
19,0.332546953727,0.305881500
20,0.350049424975,0.324778700
21,0.367551896224,0.342844100
22,0.385054367473,0.359529000
23,0.402556838722,0.377136700
24,0.420059309970,0.394555200
25,0.437561781219,0.411981800
26,0.455064252468,0.431054700
27,0.472566723717,0.447105600
28,0.490069194965,0.464799300
29,0.507571666214,0.482234400
30,0.525074137463,0.500128900
31,0.542576608712,0.517201500
32,0.560079079960,0.535297300
33,0.577581551209,0.552523800
34,0.595084022458,0.569451700
35,0.612586493707,0.588366500
36,0.630088964956,0.605114800
37,0.647591436204,0.622166000
38,0.665093907453,0.639641700
39,0.682596378702,0.656873300
40,0.700098849951,0.674487500
41,0.717601321199,0.691895600
42,0.735103792448,0.709593800
43,0.752606263697,0.727185200
44,0.770108734946,0.744630000
45,0.787611206194,0.762127300
46,0.805113677443,0.779642200
47,0.822616148692,0.796833800
48,0.840118619941,0.814707100
49,0.857621091189,0.831901500
50,0.875123562438,0.849557600
51,0.892626033687,0.867039700
52,0.910128504936,0.884834800
53,0.927630976185,0.902604800
54,0.945133447433,0.920100900
55,0.962635918682,0.937521900
56,0.980138389931,0.954840700
57,0.997640861180,0.972521800
58,1.015143332428,0.989936000
59,1.032645803677,1.007266100
60,1.050148274926,1.024918600
61,1.067650746175,1.042875400
62,1.085153217423,1.059641500
63,1.102655688672,1.077174900
64,1.120158159921,1.095014100
65,1.137660631170,1.112079100
66,1.155163102418,1.129768000
67,1.172665573667,1.147460100
68,1.190168044916,1.165266700
69,1.207670516165,1.182047100
70,1.225172987414,1.199472300
71,1.242675458662,1.217219000
72,1.260177929911,1.235156400
73,1.277680401160,1.252236500
74,1.295182872409,1.270156900
75,1.312685343657,1.287923900
76,1.330187814906,1.305138800
77,1.347690286155,1.322045400
78,1.365192757404,1.339765300
79,1.382695228652,1.357269700
80,1.400197699901,1.374853800
81,1.417700171150,1.391948900
82,1.435202642399,1.409686700
83,1.452705113647,1.427108900
84,1.470207584896,1.444915800
85,1.487710056145,1.462099300
86,1.505212527394,1.479645200
87,1.522714998642,1.496985400
88,1.540217469891,1.514642700
89,1.557719941140,1.532389900
90,1.575222412389,1.549705300
91,1.592724883638,1.567137300
92,1.610227354886,1.585227600
93,1.627729826135,1.602384400
94,1.645232297384,1.619915300
95,1.662734768633,1.637911300
96,1.680237239881,1.654622500
97,1.697739711130,1.672268400
98,1.715242182379,1.690046800
99,1.732744653628,1.707168500
100,1.750247124876,1.724523100
101,1.767749596125,1.742150800
102,1.785252067374,1.759900600
103,1.802754538623,1.777219600
104,1.820257009871,1.794768700
105,1.837759481120,1.812377600
106,1.855261952369,1.829605500
107,1.872764423618,1.847059300
108,1.890266894867,1.864626500
109,1.907769366115,1.882095800
110,1.925271837364,1.899629700
111,1.942774308613,1.917586900
112,1.960276779862,1.935126800
113,1.977779251110,1.952000100
114,1.995281722359,1.969831400
115,2.012784193608,1.987525200
116,2.030286664857,2.005076600
117,2.047789136105,2.022740600
118,2.065291607354,2.039553600
119,2.082794078603,2.057167900
120,2.100296549852,2.074626800
121,2.117799021100,2.092148800
122,2.135301492349,2.109620300
123,2.152803963598,2.128006100
124,2.170306434847,2.144977800
125,2.187808906096,2.162739700
126,2.205311377344,2.180064700
127,2.222813848593,2.198410700
128,2.240316319842,2.215450200
129,2.257818791091,2.232355900
130,2.275321262339,2.249805300
131,2.292823733588,2.267847100
132,2.310326204837,2.285243500
133,2.327828676086,2.302855200
134,2.345331147334,2.320095700
135,2.362833618583,2.337406800
136,2.380336089832,2.354709200
137,2.397838561081,2.372402600
138,2.415341032329,2.389863200
139,2.432843503578,2.407234600
140,2.450345974827,2.424725700
141,2.467848446076,2.442207200
142,2.485350917325,2.460134000
143,2.502853388573,2.478574500
144,2.520355859822,2.494950400
145,2.537858331071,2.512380100
146,2.555360802320,2.530030700
147,2.572863273568,2.547176400
148,2.590365744817,2.565096100
149,2.607868216066,2.582315800
150,2.625370687315,2.599733700
151,2.642873158563,2.617548000
152,2.660375629812,2.635261100
153,2.677878101061,2.652347000
154,2.695380572310,2.670435600
155,2.712883043558,2.687552400
156,2.730385514807,2.704745200
157,2.747887986056,2.722580900
158,2.765390457305,2.740425000
159,2.782892928554,2.757097800
160,2.800395399802,2.775151900
161,2.817897871051,2.792342400
162,2.835400342300,2.810070500
163,2.852902813549,2.827020400
164,2.870405284797,2.844756000
165,2.887907756046,2.862240700
166,2.905410227295,2.879683500
167,2.922912698544,2.897609500
168,2.940415169792,2.915062100
169,2.957917641041,2.932251400
170,2.975420112290,2.949662500
171,2.992922583539,2.967507200
172,3.010425054787,2.984839200
173,3.027927526036,3.002328700
174,3.045429997285,3.020119800
175,3.062932468534,3.037618100
176,3.080434939783,3.054984200
177,3.097937411031,3.072262100
178,3.115439882280,3.089884800
179,3.132942353529,3.107352500
180,3.150444824778,3.124994000
181,3.167947296026,3.142299800
182,3.185449767275,3.159890300
183,3.202952238524,3.177413600
184,3.220454709773,3.194944300
185,3.237957181021,3.212267800
186,3.255459652270,3.229674800
187,3.272962123519,3.247406200
188,3.290464594768,3.264733100
189,3.307967066016,3.282222900
190,3.325469537265,3.300484900
191,3.342972008514,3.317843900
192,3.360474479763,3.335440600
193,3.377976951012,3.352364500
194,3.395479422260,3.370503600
195,3.412981893509,3.388124400
196,3.430484364758,3.405189100
197,3.447986836007,3.422889700
198,3.465489307255,3.440131300
199,3.482991778504,3.457249100
200,3.500494249753,3.474794800
201,3.517996721002,3.492054400
202,3.535499192250,3.509827400
203,3.553001663499,3.527327400
204,3.570504134748,3.544859700
205,3.588006605997,3.562603700
206,3.605509077245,3.580720800
207,3.623011548494,3.597356000
208,3.640514019743,3.615113000
209,3.658016490992,3.632408700
210,3.675518962241,3.649853300
211,3.693021433489,3.667390000
212,3.710523904738,3.685244600
213,3.728026375987,3.702896300
214,3.745528847236,3.720289800
215,3.763031318484,3.738131900
216,3.780533789733,3.755109600
217,3.798036260982,3.772915100
218,3.815538732231,3.790032100
219,3.833041203479,3.807323200
220,3.850543674728,3.824823600
221,3.868046145977,3.842352600
222,3.885548617226,3.859824500
223,3.903051088474,3.877608400
224,3.920553559723,3.895086900
225,3.938056030972,3.912527000
226,3.955558502221,3.929885100
227,3.973060973470,3.947417400
228,3.990563444718,3.964839700
229,4.008065915967,3.982273800
230,4.025568387216,3.999918900
231,4.043070858465,4.017620800
232,4.060573329713,4.035629900
233,4.078075800962,4.053079100
234,4.095578272211,4.070258900
235,4.113080743460,4.087782400
236,4.130583214708,4.105005300
237,4.148085685957,4.122596800
238,4.165588157206,4.140148800
239,4.183090628455,4.157653400
240,4.200593099703,4.174925800
241,4.218095570952,4.192424600
242,4.235598042201,4.210105900
243,4.253100513450,4.227341200
244,4.270602984699,4.244872800
245,4.288105455947,4.262969800
246,4.305607927196,4.280434700
247,4.323110398445,4.298119700
248,4.340612869694,4.315099000
249,4.358115340942,4.331508800
250,4.375617812191,4.348984300
251,4.393120283440,4.366386600
252,4.410622754689,4.384130100
253,4.428125225937,4.402284700
254,4.445627697186,4.420309500
255,4.463130168435,4.437141800
256,4.480632639684,4.454674100
257,4.498135110932,4.471517500
258,4.515637582181,4.489087300
259,4.533140053430,4.507180500
260,4.550642524679,4.524089600
261,4.568144995927,4.541573900
262,4.585647467176,4.558935900
263,4.603149938425,4.576540500
264,4.620652409674,4.593929300
265,4.638154880923,4.611548800
266,4.655657352171,4.629045500
267,4.673159823420,4.646732100
268,4.690662294669,4.664161000
269,4.708164765918,4.681610100
270,4.725667237166,4.699072300
271,4.743169708415,4.717137400
272,4.760672179664,4.734292600
273,4.778174650913,4.751854000
274,4.795677122161,4.769607100
275,4.813179593410,4.786662200
276,4.830682064659,4.804323800
277,4.848184535908,4.821776700
278,4.865687007156,4.839314500
279,4.883189478405,4.856864100
280,4.900691949654,4.874048800
281,4.918194420903,4.891736100
282,4.935696892152,4.909103400
283,4.953199363400,4.927041400
284,4.970701834649,4.943943000
285,4.988204305898,4.961602100
286,5.005706777147,4.978925600
287,5.023209248395,4.996655200
288,5.040711719644,5.013914600
289,5.058214190893,5.031643800
290,5.075716662142,5.049928300
291,5.093219133390,5.067047200
292,5.110721604639,5.084271500
293,5.128224075888,5.101630500
294,5.145726547137,5.119384900
295,5.163229018385,5.137166800
296,5.180731489634,5.154407900
297,5.198233960883,5.172096200
298,5.215736432132,5.189300600
299,5.233238903381,5.207232300
300,5.250741374629,5.224175900
301,5.268243845878,5.241929300
302,5.285746317127,5.259320300
303,5.303248788376,5.276992200
304,5.320751259624,5.294065400
305,5.338253730873,5.311529800
306,5.355756202122,5.329484900
307,5.373258673371,5.346911000
308,5.390761144619,5.364239100
309,5.408263615868,5.381718900
310,5.425766087117,5.399327100
311,5.443268558366,5.417097800
312,5.460771029614,5.434522600
313,5.478273500863,5.451637200
314,5.495775972112,5.469757600
315,5.513278443361,5.487079200
316,5.530780914610,5.504471700
317,5.548283385858,5.522090900
318,5.565785857107,5.539208600
319,5.583288328356,5.556754800
320,5.600790799605,5.574302900
321,5.618293270853,5.591854100
322,5.635795742102,5.609270600
323,5.653298213351,5.627244000
324,5.670800684600,5.644318500
325,5.688303155848,5.661825000
326,5.705805627097,5.679276500
327,5.723308098346,5.696767000
328,5.740810569595,5.714604700
329,5.758313040843,5.732056000
330,5.775815512092,5.749591400
331,5.793317983341,5.766984700
332,5.810820454590,5.784828500
333,5.828322925839,5.801846200
334,5.845825397087,5.819916600
335,5.863327868336,5.837277600
336,5.880830339585,5.854302400
337,5.898332810834,5.872062500
338,5.915835282082,5.889239200
339,5.933337753331,5.906894100
340,5.950840224580,5.924403300
341,5.968342695829,5.941922600
342,5.985845167077,5.959469000
343,6.003347638326,5.976915400
344,6.020850109575,5.994324100
345,6.038352580824,6.011927000
346,6.055855052072,6.030252000
347,6.073357523321,6.047127100
348,6.090859994570,6.064374100
349,6.108362465819,6.081934000
350,6.125864937068,6.099462700
351,6.143367408316,6.116920300
352,6.160869879565,6.135370800
353,6.178372350814,6.152335800
354,6.195874822063,6.169658800
355,6.213377293311,6.186735800
356,6.230879764560,6.205009900
357,6.248382235809,6.222077200
358,6.265884707058,6.239436600
359,6.283387178306,6.256968600
360,6.300889649555,6.274374300
361,6.318392120804,6.292074700
362,6.335894592053,6.309176200
363,6.353397063301,6.326774100
364,6.370899534550,6.344376300
365,6.388402005799,6.361916900
366,6.405904477048,6.379247900
367,6.423406948297,6.396897200
368,6.440909419545,6.414248600
369,6.458411890794,6.431759400
370,6.475914362043,6.449419800
371,6.493416833292,6.467319000
372,6.510919304540,6.484519700
373,6.528421775789,6.502218700
374,6.545924247038,6.519322500
375,6.563426718287,6.537234000
376,6.580929189535,6.554361300
377,6.598431660784,6.572105400
378,6.615934132033,6.589935200
379,6.633436603282,6.606804000
380,6.650939074530,6.624446100
381,6.668441545779,6.641773800
382,6.685944017028,6.659466800
383,6.703446488277,6.676854600
384,6.720948959526,6.694807400
385,6.738451430774,6.712059200
386,6.755953902023,6.729914600
387,6.773456373272,6.747038700
388,6.790958844521,6.764377800
389,6.808461315769,6.782070700
390,6.825963787018,6.799593700
391,6.843466258267,6.817273100
392,6.860968729516,6.835092100
393,6.878471200764,6.852050300
394,6.895973672013,6.870063600
395,6.913476143262,6.887231300
396,6.930978614511,6.904482000
397,6.948481085759,6.922161300
398,6.965983557008,6.939729900
399,6.983486028257,6.957036900
400,7.000988499506,6.974504000
401,7.018490970755,6.991887600
402,7.035993442003,7.009371100
403,7.053495913252,7.026863400
404,7.070998384501,7.044463500
405,7.088500855750,7.061870200
406,7.106003326998,7.079694500
407,7.123505798247,7.096924500
408,7.141008269496,7.114468500
409,7.158510740745,7.131913900
410,7.176013211993,7.149581600
411,7.193515683242,7.167255400
412,7.211018154491,7.184596000
413,7.228520625740,7.202523700
414,7.246023096988,7.219430500
415,7.263525568237,7.237541000
416,7.281028039486,7.254830600
417,7.298530510735,7.272177200
418,7.316032981984,7.290115300
419,7.333535453232,7.306879600
420,7.351037924481,7.324931400
421,7.368540395730,7.342141000
422,7.386042866979,7.360171000
423,7.403545338227,7.377037000
424,7.421047809476,7.394744500
425,7.438550280725,7.412131100
426,7.456052751974,7.429637200
427,7.473555223222,7.446900600
428,7.491057694471,7.464578800
429,7.508560165720,7.482177100
430,7.526062636969,7.500763100
431,7.543565108217,7.517430800
432,7.561067579466,7.534579000
433,7.578570050715,7.552671300
434,7.596072521964,7.569715300
435,7.613574993212,7.587698300
436,7.631077464461,7.604602500
437,7.648579935710,7.622046000
438,7.666082406959,7.639578700
439,7.683584878208,7.657001600
440,7.701087349456,7.674421300
441,7.718589820705,7.691777800
442,7.736092291954,7.709724600
443,7.753594763203,7.727113400
444,7.771097234451,7.744808600
445,7.788599705700,7.762080200
446,7.806102176949,7.780300000
447,7.823604648198,7.797521000
448,7.841107119446,7.814728100
449,7.858609590695,7.832043400
450,7.876112061944,7.849700200
451,7.893614533193,7.867419500
452,7.911117004441,7.884978900
453,7.928619475690,7.903462000
454,7.946121946939,7.919827100
455,7.963624418188,7.937417500
456,7.981126889437,7.954517800
457,7.998629360685,7.972273500
458,8.016131831934,7.990045700
459,8.033634303183,8.007031100
460,8.051136774432,8.024936400
461,8.068639245680,8.042323100
462,8.086141716929,8.060009900
463,8.103644188178,8.077700100
464,8.121146659427,8.094729700
465,8.138649130675,8.112179500
466,8.156151601924,8.129726900
467,8.173654073173,8.147151100
468,8.191156544422,8.164594900
469,8.208659015670,8.182027200
470,8.226161486919,8.200197500
471,8.243663958168,8.217078400
472,8.261166429417,8.235122400
473,8.278668900666,8.251922000
474,8.296171371914,8.269659100
475,8.313673843163,8.287101100
476,8.331176314412,8.304917100
477,8.348678785661,8.322136900
478,8.366181256909,8.340208800
479,8.383683728158,8.357093100
480,8.401186199407,8.374800000
481,8.418688670656,8.392281600
482,8.436191141904,8.409948200
483,8.453693613153,8.427047700
484,8.471196084402,8.444801700
485,8.488698555651,8.462076000
486,8.506201026899,8.479852900
487,8.523703498148,8.497581100
488,8.541205969397,8.514667600
489,8.558708440646,8.532115900
490,8.576210911895,8.549739200
491,8.593713383143,8.568275300
492,8.611215854392,8.585193600
493,8.628718325641,8.601721300
494,8.646220796890,8.618767800
495,8.663723268138,8.636930600
496,8.681225739387,8.657093400
497,8.698728210636,8.671299500
498,8.716230681885,8.688634200
499,8.733733153133,8.706092800
500,8.751235624382,8.723897700
501,8.768738095631,8.741273800
502,8.786240566880,8.758827200
503,8.803743038128,8.776346300
504,8.821245509377,8.793793800
505,8.838747980626,8.811053600
506,8.856250451875,8.828586100
507,8.873752923124,8.846677300
508,8.891255394372,8.864213300
509,8.908757865621,8.881462200
510,8.926260336870,8.898699500
511,8.943762808119,8.916222100
512,8.961265279367,8.934120500
513,8.978767750616,8.951217300
514,8.996270221865,8.968958400
515,9.013772693114,8.986668500
516,9.031275164362,9.004002200
517,9.048777635611,9.021283500
518,9.066280106860,9.038865300
519,9.083782578109,9.056755700
520,9.101285049357,9.073733000
521,9.118787520606,9.091302000
522,9.136289991855,9.108800100
523,9.153792463104,9.126245500
524,9.171294934353,9.143787000
525,9.188797405601,9.161399300
526,9.206299876850,9.179708100
527,9.223802348099,9.196606900
528,9.241304819348,9.214052400
529,9.258807290596,9.231347200
530,9.276309761845,9.249004700
531,9.293812233094,9.266632000
532,9.311314704343,9.284034400
533,9.328817175591,9.301778200
534,9.346319646840,9.318775600
535,9.363822118089,9.336634000
536,9.381324589338,9.354102500
537,9.398827060586,9.371235500
538,9.416329531835,9.389138100
539,9.433832003084,9.406352300
540,9.451334474333,9.423852300
541,9.468836945582,9.441692800
542,9.486339416830,9.458747300
543,9.503841888079,9.476408200
544,9.521344359328,9.493778100
545,9.538846830577,9.511707200
546,9.556349301825,9.529141400
547,9.573851773074,9.546416000
548,9.591354244323,9.564105100
549,9.608856715572,9.581297000
550,9.626359186820,9.599286900
551,9.643861658069,9.616361500
552,9.661364129318,9.634134400
553,9.678866600567,9.651327600
554,9.696369071815,9.669711200
555,9.713871543064,9.686224400
556,9.731374014313,9.704044900
557,9.748876485562,9.725273300
558,9.766378956811,9.739347100
559,9.783881428059,9.756416500
560,9.801383899308,9.773912300
561,9.818886370557,9.791449000
562,9.836388841806,9.808810200
563,9.853891313054,9.826278600
564,9.871393784303,9.843966000
565,9.888896255552,9.861766100
566,9.906398726801,9.878961100
567,9.923901198049,9.896422100
568,9.941403669298,9.914047000
569,9.958906140547,9.931353900
570,9.976408611796,9.949483300
571,9.993911083044,9.966925700
572,10.011413554293,9.984498500
573,10.028916025542,10.001679400
574,10.046418496791,10.019568800
575,10.063920968040,10.038021900
576,10.081423439288,10.054000300
577,10.098925910537,10.071262400
578,10.116428381786,10.089390700
579,10.133930853035,10.107179000
580,10.151433324283,10.124175300
581,10.168935795532,10.141439500
582,10.186438266781,10.159858700
583,10.203940738030,10.176488100
584,10.221443209278,10.194305500
585,10.238945680527,10.211848600
586,10.256448151776,10.229098300
587,10.273950623025,10.246582900
588,10.291453094273,10.264112000
589,10.308955565522,10.282076100
590,10.326458036771,10.299382100
591,10.343960508020,10.316870000
592,10.361462979269,10.334135800
593,10.378965450517,10.354825000
594,10.396467921766,10.369129800
595,10.413970393015,10.386777500
596,10.431472864264,10.404047100
597,10.448975335512,10.421865200
598,10.466477806761,10.438848800
599,10.483980278010,10.456467200
600,10.501482749259,10.474423000
601,10.518985220507,10.491548200
602,10.536487691756,10.509034600
603,10.553990163005,10.526494100
604,10.571492634254,10.544076200
605,10.588995105502,10.561645300
606,10.606497576751,10.581102600
607,10.624000048000,10.596989900
608,10.641502519249,10.614035600
609,10.659004990498,10.631844600
610,10.676507461746,10.649022000
611,10.694009932995,10.667204900
612,10.711512404244,10.684098300
613,10.729014875493,10.701439000
614,10.746517346741,10.719412700
615,10.764019817990,10.736693200
616,10.781522289239,10.754108100
617,10.799024760488,10.771707100
618,10.816527231736,10.789128300
619,10.834029702985,10.806506200
620,10.851532174234,10.824065200
621,10.869034645483,10.841921600
622,10.886537116731,10.859956900
623,10.904039587980,10.877447500
624,10.921542059229,10.894147200
625,10.939044530478,10.911735100
626,10.956547001726,10.929110700
627,10.974049472975,10.946577100
628,10.991551944224,10.964405100
629,11.009054415473,10.982062900
630,11.026556886722,10.999493600
631,11.044059357970,11.016532300
632,11.061561829219,11.034228100
633,11.079064300468,11.051956300
634,11.096566771717,11.069233600
635,11.114069242965,11.086927400
636,11.131571714214,11.104027100
637,11.149074185463,11.121735400
638,11.166576656712,11.139433800
639,11.184079127960,11.156732600
640,11.201581599209,11.174395700
641,11.219084070458,11.191546500
642,11.236586541707,11.209052000
643,11.254089012955,11.226628700
644,11.271591484204,11.244110300
645,11.289093955453,11.261556600
646,11.306596426702,11.279212900
647,11.324098897951,11.296895100
648,11.341601369199,11.314121100
649,11.359103840448,11.331539000
650,11.376606311697,11.349216500
651,11.394108782946,11.367044800
652,11.411611254194,11.384093400
653,11.429113725443,11.402413900
654,11.446616196692,11.420495700
655,11.464118667941,11.437184700
656,11.481621139189,11.454288200
657,11.499123610438,11.471806100
658,11.516626081687,11.489274400
659,11.534128552936,11.506979000
660,11.551631024184,11.524146600
661,11.569133495433,11.541707900
662,11.586635966682,11.559015800
663,11.604138437931,11.576665400
664,11.621640909180,11.596461400
665,11.639143380428,11.614017700
666,11.656645851677,11.630347800
667,11.674148322926,11.647739600
668,11.691650794175,11.665490500
669,11.709153265423,11.682888300
670,11.726655736672,11.700191400
671,11.744158207921,11.718033500
672,11.761660679170,11.735441800
673,11.779163150418,11.753331100
674,11.796665621667,11.770351400
675,11.814168092916,11.788176600
676,11.831670564165,11.805694000
677,11.849173035413,11.823005600
678,11.866675506662,11.840302400
679,11.884177977911,11.857937500
680,11.901680449160,11.875233400
681,11.919182920409,11.892633000
682,11.936685391657,11.910558900
683,11.954187862906,11.927787300
684,11.971690334155,11.945205800
685,11.989192805404,11.963418500
686,12.006695276652,11.980500600
687,12.024197747901,11.997826500
688,12.041700219150,12.016033200
689,12.059202690399,12.033117800
690,12.076705161647,12.050636800
691,12.094207632896,12.068042200
692,12.111710104145,12.085634600
693,12.129212575394,12.103052100
694,12.146715046642,12.120397400
695,12.164217517891,12.137996700
696,12.181719989140,12.155612200
697,12.199222460389,12.173192600
698,12.216724931638,12.190503300
699,12.234227402886,12.208004600
700,12.251729874135,12.225652800
701,12.269232345384,12.243106000
702,12.286734816633,12.260643400
703,12.304237287881,12.278019400
704,12.321739759130,12.295733700
705,12.339242230379,12.313271600
706,12.356744701628,12.330434100
707,12.374247172876,12.347996300
708,12.391749644125,12.365842700
709,12.409252115374,12.383300000
710,12.426754586623,12.400562600
711,12.444257057871,12.418133400
712,12.461759529120,12.435743300
713,12.479262000369,12.453013800
714,12.496764471618,12.470307100
715,12.514266942867,12.488230300
716,12.531769414115,12.505469100
717,12.549271885364,12.522990500
718,12.566774356613,12.540492900
719,12.584276827862,12.558349900
720,12.601779299110,12.575243000
721,12.619281770359,12.592768000
722,12.636784241608,12.611055500
723,12.654286712857,12.628069700
724,12.671789184105,12.645545700
725,12.689291655354,12.663163300
726,12.706794126603,12.680905000
727,12.724296597852,12.698188200
728,12.741799069100,12.715985200
729,12.759301540349,12.733741200
730,12.776804011598,12.750330000
731,12.794306482847,12.768792900
732,12.811808954096,12.785994600
733,12.829311425344,12.803165500
734,12.846813896593,12.820848400
735,12.864316367842,12.838057000
736,12.881818839091,12.855690700
737,12.899321310339,12.872970100
738,12.916823781588,12.890495100
739,12.934326252837,12.907777500
740,12.951828724086,12.925333500
741,12.969331195334,12.943078500
742,12.986833666583,12.960266700
743,13.004336137832,12.978153500
744,13.021838609081,12.995539700
745,13.039341080329,13.012941900
746,13.056843551578,13.030821000
747,13.074346022827,13.047918700
748,13.091848494076,13.065729800
749,13.109350965325,13.083076200
750,13.126853436573,13.100528200
751,13.144355907822,13.118218400
752,13.161858379071,13.135503500
753,13.179360850320,13.153369600
754,13.196863321568,13.170356800
755,13.214365792817,13.188254200
756,13.231868264066,13.205472900
757,13.249370735315,13.222904900
758,13.266873206563,13.240767500
759,13.284375677812,13.257903400
760,13.301878149061,13.275461900
761,13.319380620310,13.293609200
762,13.336883091558,13.310437900
763,13.354385562807,13.328339100
764,13.371888034056,13.345516400
765,13.389390505305,13.363459600
766,13.406892976554,13.380591000
767,13.424395447802,13.398255800
768,13.441897919051,13.415601500
769,13.459400390300,13.433209800
770,13.476902861549,13.450590000
771,13.494405332797,13.468261500
772,13.511907804046,13.486113600
773,13.529410275295,13.503057400
774,13.546912746544,13.520899300
775,13.564415217792,13.537786400
776,13.581917689041,13.556263800
777,13.599420160290,13.573225500
778,13.616922631539,13.593958200
779,13.634425102787,13.608196400
780,13.651927574036,13.625660900
781,13.669430045285,13.643250000
782,13.686932516534,13.660738000
783,13.704434987783,13.678229100
784,13.721937459031,13.695655600
785,13.739439930280,13.713113500
786,13.756942401529,13.731095400
787,13.774444872778,13.747991500
788,13.791947344026,13.765418700
789,13.809449815275,13.783414000
790,13.826952286524,13.800725200
791,13.844454757773,13.818385500
792,13.861957229021,13.835772700
793,13.879459700270,13.853074700
794,13.896962171519,13.870823600
795,13.914464642768,13.889002900
796,13.931967114016,13.905928400
797,13.949469585265,13.925284500
798,13.966972056514,13.940624900
799,13.984474527763,13.958181300
800,14.001976999011,13.975681000
801,14.019479470260,13.993105700
802,14.036981941509,14.010717000
803,14.054484412758,14.028160500
804,14.071986884007,14.046513300
805,14.089489355255,14.064104300
806,14.106991826504,14.082388000
807,14.124494297753,14.098410700
808,14.141996769002,14.115921300
809,14.159499240250,14.133183400
810,14.177001711499,14.150756400
811,14.194504182748,14.168143000
812,14.212006653997,14.186423900
813,14.229509125245,14.203286600
814,14.247011596494,14.220731800
815,14.264514067743,14.238758300
816,14.282016538992,14.255910200
817,14.299519010240,14.273188000
818,14.317021481489,14.290984000
819,14.334523952738,14.308601600
820,14.352026423987,14.326032800
821,14.369528895236,14.343361500
822,14.387031366484,14.360907500
823,14.404533837733,14.378253500
824,14.422036308982,14.395742900
825,14.439538780231,14.413666500
826,14.457041251479,14.430749900
827,14.474543722728,14.448217400
828,14.492046193977,14.465839700
829,14.509548665226,14.483390000
830,14.527051136474,14.500908600
831,14.544553607723,14.518363200
832,14.562056078972,14.535693200
833,14.579558550221,14.553312600
834,14.597061021469,14.570835700
835,14.614563492718,14.589156100
836,14.632065963967,14.606510600
837,14.649568435216,14.623470300
838,14.667070906465,14.641062200
839,14.684573377713,14.658329100
840,14.702075848962,14.675760800
841,14.719578320211,14.693506400
842,14.737080791460,14.710616300
843,14.754583262708,14.727921700
844,14.772085733957,14.745860800
845,14.789588205206,14.763166000
846,14.807090676455,14.780827200
847,14.824593147703,14.798211100
848,14.842095618952,14.816140500
849,14.859598090201,14.833392300
850,14.877100561450,14.850740900
851,14.894603032698,14.868311400
852,14.912105503947,14.886384800
853,14.929607975196,14.903643900
854,14.947110446445,14.920755700
855,14.964612917694,14.938303700
856,14.982115388942,14.956080800
857,14.999617860191,14.973137500
858,15.017120331440,14.991495300
859,15.034622802689,15.008377300
860,15.052125273937,15.025833400
861,15.069627745186,15.043468000
862,15.087130216435,15.061182300
863,15.104632687684,15.078229600
864,15.122135158932,15.095834600
865,15.139637630181,15.113367300
866,15.157140101430,15.130897300
867,15.174642572679,15.148531200
868,15.192145043927,15.166071600
869,15.209647515176,15.183392700
870,15.227149986425,15.200972700
871,15.244652457674,15.218569000
872,15.262154928923,15.237119500
873,15.279657400171,15.253427000
874,15.297159871420,15.271084700
875,15.314662342669,15.288505900
876,15.332164813918,15.306007900
877,15.349667285166,15.323749800
878,15.367169756415,15.341004700
879,15.384672227664,15.358610900
880,15.402174698913,15.376056700
881,15.419677170161,15.393413600
882,15.437179641410,15.410805100
883,15.454682112659,15.428430400
884,15.472184583908,15.446060600
885,15.489687055156,15.463451600
886,15.507189526405,15.480977000
887,15.524691997654,15.498868600
888,15.542194468903,15.516361900
889,15.559696940152,15.533503000
890,15.577199411400,15.550991500
891,15.594701882649,15.568435300
892,15.612204353898,15.585866900
893,15.629706825147,15.603405100
894,15.647209296395,15.621070000
895,15.664711767644,15.638672900
896,15.682214238893,15.656146900
897,15.699716710142,15.673520300
898,15.717219181390,15.691165300
899,15.734721652639,15.708458100
900,15.752224123888,15.725941800
901,15.769726595137,15.743560800
902,15.787229066385,15.761148000
903,15.804731537634,15.778619800
904,15.822234008883,15.796112100
905,15.839736480132,15.813430400
906,15.857238951381,15.830951400
907,15.874741422629,15.848382100
908,15.892243893878,15.866280700
909,15.909746365127,15.883654500
910,15.927248836376,15.900824200
911,15.944751307624,15.918794700
912,15.962253778873,15.936494900
913,15.979756250122,15.953380300
914,15.997258721371,15.970918500
915,16.014761192619,15.989276900
916,16.032263663868,16.006185500
917,16.049766135117,16.023499500
918,16.067268606366,16.040866400
919,16.084771077614,16.058323900
920,16.102273548863,16.076597500
921,16.119776020112,16.093255200
922,16.137278491361,16.111119700
923,16.154780962610,16.128408000
924,16.172283433858,16.146055600
925,16.189785905107,16.163619400
926,16.207288376356,16.181091600
927,16.224790847605,16.198544600
928,16.242293318853,16.215958300
929,16.259795790102,16.233314500
930,16.277298261351,16.251113600
931,16.294800732600,16.268458800
932,16.312303203848,16.286247200
933,16.329805675097,16.303405300
934,16.347308146346,16.320910300
935,16.364810617595,16.338537500
936,16.382313088843,16.356469700
937,16.399815560092,16.373599700
938,16.417318031341,16.390889600
939,16.434820502590,16.408300500
940,16.452322973839,16.425803200
941,16.469825445087,16.443390900
942,16.487327916336,16.460633500
943,16.504830387585,16.478325200
944,16.522332858834,16.496367800
945,16.539835330082,16.513479900
946,16.557337801331,16.531154300
947,16.574840272580,16.548184200
948,16.592342743829,16.566160100
949,16.609845215077,16.583164800
950,16.627347686326,16.601164100
951,16.644850157575,16.618485300
952,16.662352628824,16.636223800
953,16.679855100072,16.654679800
954,16.697357571321,16.671158600
955,16.714860042570,16.688753600
956,16.732362513819,16.706072400
957,16.749864985068,16.723709500
958,16.767367456316,16.741369300
959,16.784869927565,16.759041400
960,16.802372398814,16.776431200
961,16.819874870063,16.793777000
962,16.837377341311,16.811164000
963,16.854879812560,16.828603100
964,16.872382283809,16.846394100
965,16.889884755058,16.863556600
966,16.907387226306,16.881496300
967,16.924889697555,16.898498300
968,16.942392168804,16.917113200
969,16.959894640053,16.933797100
970,16.977397111301,16.951090300
971,16.994899582550,16.968592900
972,17.012402053799,16.986483700
973,17.029904525048,17.003723200
974,17.047406996296,17.021053300
975,17.064909467545,17.039094300
976,17.082411938794,17.056318100
977,17.099914410043,17.073666700
978,17.117416881292,17.091266300
979,17.134919352540,17.109039100
980,17.152421823789,17.126522700
981,17.169924295038,17.143945300
982,17.187426766287,17.161324200
983,17.204929237535,17.178715800
984,17.222431708784,17.196331000
985,17.239934180033,17.213706700
986,17.257436651282,17.231418600
987,17.274939122530,17.249321000
988,17.292441593779,17.266274200
989,17.309944065028,17.283609400
990,17.327446536277,17.301512800
991,17.344949007525,17.319031400
992,17.362451478774,17.336369200
993,17.379953950023,17.354069600
994,17.397456421272,17.371793200
995,17.414958892521,17.389049300
996,17.432461363769,17.406203900
997,17.449963835018,17.423764800
998,17.467466306267,17.441354400
999,17.484968777516,17.458670800
1000,17.502471248764,17.476509600
1001,17.519973720013,17.493616700
1002,17.537476191262,17.511346800
1003,17.554978662511,17.528906600
1004,17.572481133759,17.546898900
1005,17.589983605008,17.564022600
1006,17.607486076257,17.581302500
1007,17.624988547506,17.598978900
1008,17.642491018754,17.616390200
1009,17.659993490003,17.634010100
1010,17.677495961252,17.651514200
1011,17.694998432501,17.669019000
1012,17.712500903750,17.686646200
1013,17.730003374998,17.703996200
1014,17.747505846247,17.722728400
1015,17.765008317496,17.739191700
1016,17.782510788745,17.756211800
1017,17.800013259993,17.773672300
1018,17.817515731242,17.791456300
1019,17.835018202491,17.808901000
1020,17.852520673740,17.826687400
1021,17.870023144988,17.843781700
1022,17.887525616237,17.861256700
1023,17.905028087486,17.878811300
1024,17.922530558735,17.896187300
1025,17.940033029983,17.914306100
1026,17.957535501232,17.931179200
1027,17.975037972481,17.949304000
1028,17.992540443730,17.966457900
1029,18.010042914979,17.983819000
1030,18.027545386227,18.001292600
1031,18.045047857476,18.018838800
1032,18.062550328725,18.036245500
1033,18.080052799974,18.053651100
1034,18.097555271222,18.071307400
1035,18.115057742471,18.088897400
1036,18.132560213720,18.107022900
1037,18.150062684969,18.124054100
1038,18.167565156217,18.141413600
1039,18.185067627466,18.158853500
1040,18.202570098715,18.176210400
1041,18.220072569964,18.193708200
1042,18.237575041212,18.211785200
1043,18.255077512461,18.229062300
1044,18.272579983710,18.246258500
1045,18.290082454959,18.263850600
1046,18.307584926208,18.281407100
1047,18.325087397456,18.298960500
1048,18.342589868705,18.316343100
1049,18.360092339954,18.334150200
1050,18.377594811203,18.351102800
1051,18.395097282451,18.369522400
1052,18.412599753700,18.386385800
1053,18.430102224949,18.403766700
1054,18.447604696198,18.421335000
1055,18.465107167446,18.438909400
1056,18.482609638695,18.456241100
1057,18.500112109944,18.473640800
1058,18.517614581193,18.491434500
1059,18.535117052441,18.509232800
1060,18.552619523690,18.526715500
1061,18.570121994939,18.544171800
1062,18.587624466188,18.561566900
1063,18.605126937437,18.579289100
1064,18.622629408685,18.596455700
1065,18.640131879934,18.613928000
1066,18.657634351183,18.631574300
1067,18.675136822432,18.649080300
1068,18.692639293680,18.666459500
1069,18.710141764929,18.683786100
1070,18.727644236178,18.701596100
1071,18.745146707427,18.719217900
1072,18.762649178675,18.736594700
1073,18.780151649924,18.754440000
1074,18.797654121173,18.771467000
1075,18.815156592422,18.789142700
1076,18.832659063670,18.806244500
1077,18.850161534919,18.824080100
1078,18.867664006168,18.841544700
1079,18.885166477417,18.859092300
1080,18.902668948666,18.876372900
1081,18.920171419914,18.894369800
1082,18.937673891163,18.911530900
1083,18.955176362412,18.929009100
1084,18.972678833661,18.946710200
1085,18.990181304909,18.963907600
1086,19.007683776158,18.981295400
1087,19.025186247407,18.999049400
1088,19.042688718656,19.016636200
1089,19.060191189904,19.034212500
1090,19.077693661153,19.051655600
1091,19.095196132402,19.069005000
1092,19.112698603651,19.087526500
1093,19.130201074899,19.103869400
1094,19.147703546148,19.121976500
1095,19.165206017397,19.139224300
1096,19.182708488646,19.156500800
1097,19.200210959895,19.174002100
1098,19.217713431143,19.193543900
1099,19.235215902392,19.210883800
1100,19.252718373641,19.227271800
1101,19.270220844890,19.244486600
1102,19.287723316138,19.262428800
1103,19.305225787387,19.279601800
1104,19.322728258636,19.296615200
1105,19.340230729885,19.314321800
1106,19.357733201133,19.331777600
1107,19.375235672382,19.349624500
1108,19.392738143631,19.367096600
1109,19.410240614880,19.384550900
1110,19.427743086128,19.401705300
1111,19.445245557377,19.419024600
1112,19.462748028626,19.436282900
1113,19.480250499875,19.454181000
1114,19.497752971124,19.471325500
1115,19.515255442372,19.489321700
1116,19.532757913621,19.507529200
1117,19.550260384870,19.524100800
1118,19.567762856119,19.541470600
1119,19.585265327367,19.559013000
1120,19.602767798616,19.576745800
1121,19.620270269865,19.593876200
1122,19.637772741114,19.611373400
1123,19.655275212362,19.628913200
1124,19.672777683611,19.646396500
1125,19.690280154860,19.663911000
1126,19.707782626109,19.682612200
1127,19.725285097357,19.699173200
1128,19.742787568606,19.716903700
1129,19.760290039855,19.733878900
1130,19.777792511104,19.751709600
1131,19.795294982353,19.769103900
1132,19.812797453601,19.786427400
1133,19.830299924850,19.804102200
1134,19.847802396099,19.821561800
1135,19.865304867348,19.838821300
1136,19.882807338596,19.856737700
1137,19.900309809845,19.874227100
1138,19.917812281094,19.891610500
1139,19.935314752343,19.909088500
1140,19.952817223591,19.926576400
1141,19.970319694840,19.943886500
1142,19.987822166089,19.961376900
1143,20.005324637338,19.979529300
1144,20.022827108586,19.996262800
1145,20.040329579835,20.014464200
1146,20.057832051084,20.032130200
1147,20.075334522333,20.049150300
1148,20.092836993581,20.066331800
1149,20.110339464830,20.083944900
1150,20.127841936079,20.102258000
1151,20.145344407328,20.118550600
1152,20.162846878577,20.136494700
1153,20.180349349825,20.154232300
1154,20.197851821074,20.170435900
1155,20.215354292323,20.188330900
1156,20.232856763572,20.205825600
1157,20.250359234820,20.223644600
1158,20.267861706069,20.241597600
1159,20.285364177318,20.259726700
1160,20.302866648567,20.277403700
1161,20.320369119815,20.295063100
1162,20.337871591064,20.312349600
1163,20.355374062313,20.329900500
1164,20.372876533562,20.347262200
1165,20.390379004810,20.364810900
1166,20.407881476059,20.382329300
1167,20.425383947308,20.399910000
1168,20.442886418557,20.418045100
1169,20.460388889806,20.434543100
1170,20.477891361054,20.452108600
1171,20.495393832303,20.469835300
1172,20.512896303552,20.487387200
1173,20.530398774801,20.505080000
1174,20.547901246049,20.522414300
1175,20.565403717298,20.539895600
1176,20.582906188547,20.557249000
1177,20.600408659796,20.574613000
1178,20.617911131044,20.592095100
1179,20.635413602293,20.609928500
1180,20.652916073542,20.627408600
1181,20.670418544791,20.644724700
1182,20.687921016039,20.662152800
1183,20.705423487288,20.679801100
1184,20.722925958537,20.697158000
1185,20.740428429786,20.714969200
1186,20.757930901035,20.732350900
1187,20.775433372283,20.749721800
1188,20.792935843532,20.767273700
1189,20.810438314781,20.784883600
1190,20.827940786030,20.802278400
1191,20.845443257278,20.819838600
1192,20.862945728527,20.837422900
1193,20.880448199776,20.855173300
1194,20.897950671025,20.872413800
1195,20.915453142273,20.890234600
1196,20.932955613522,20.907769400
1197,20.950458084771,20.925050700
1198,20.967960556020,20.943108500
1199,20.985463027268,20.959906400
1200,21.002965498517,20.977231600
1201,21.020467969766,20.994938000
1202,21.037970441015,21.012322600
1203,21.055472912264,21.029765900
1204,21.072975383512,21.047452500
1205,21.090477854761,21.064882200
1206,21.107980326010,21.082398200
1207,21.125482797259,21.100206700
1208,21.142985268507,21.117276500
1209,21.160487739756,21.134662400
1210,21.177990211005,21.152405600
1211,21.195492682254,21.169855600
1212,21.212995153502,21.187350600
1213,21.230497624751,21.204827200
1214,21.248000096000,21.222292300
1215,21.265502567249,21.240157900
1216,21.283005038497,21.257590700
1217,21.300507509746,21.274733200
1218,21.318009980995,21.292300400
1219,21.335512452244,21.309846000
1220,21.353014923493,21.327670500
1221,21.370517394741,21.345579600
1222,21.388019865990,21.362587400
1223,21.405522337239,21.379979900
1224,21.423024808488,21.397743100
1225,21.440527279736,21.414816600
1226,21.458029750985,21.432566400
1227,21.475532222234,21.449821700
1228,21.493034693483,21.467314000
1229,21.510537164731,21.484797900
1230,21.528039635980,21.502591900
1231,21.545542107229,21.519950700
1232,21.563044578478,21.537703600
1233,21.580547049726,21.556028200
1234,21.598049520975,21.572313100
1235,21.615551992224,21.589915300
1236,21.633054463473,21.608003700
1237,21.650556934722,21.624873700
1238,21.668059405970,21.642380600
1239,21.685561877219,21.659902600
1240,21.703064348468,21.677516900
1241,21.720566819717,21.694824200
1242,21.738069290965,21.712299400
1243,21.755571762214,21.730193500
1244,21.773074233463,21.747517600
1245,21.790576704712,21.764980700
1246,21.808079175960,21.782534300
1247,21.825581647209,21.800215700
1248,21.843084118458,21.817609300
1249,21.860586589707,21.834789300
1250,21.878089060955,21.852338800
1251,21.895591532204,21.869886400
1252,21.913094003453,21.887808400
1253,21.930596474702,21.905118700
1254,21.948098945951,21.922802100
1255,21.965601417199,21.940053700
1256,21.983103888448,21.957431800
1257,22.000606359697,21.974780900
1258,22.018108830946,21.992441700
1259,22.035611302194,22.009810000
1260,22.053113773443,22.027757700
1261,22.070616244692,22.045132700
1262,22.088118715941,22.062768200
1263,22.105621187189,22.080078200
1264,22.123123658438,22.097734300
1265,22.140626129687,22.115327400
1266,22.158128600936,22.132594600
1267,22.175631072184,22.149932400
1268,22.193133543433,22.167845800
1269,22.210636014682,22.184923300
1270,22.228138485931,22.202410800
1271,22.245640957180,22.219976700
1272,22.263143428428,22.237731200
1273,22.280645899677,22.256678800
1274,22.298148370926,22.272606200
1275,22.315650842175,22.290090000
1276,22.333153313423,22.307983700
1277,22.350655784672,22.325103400
1278,22.368158255921,22.342515100
1279,22.385660727170,22.360007800
1280,22.403163198418,22.377937600
1281,22.420665669667,22.395167500
1282,22.438168140916,22.412617100
1283,22.455670612165,22.430102700
1284,22.473173083413,22.448078600
1285,22.490675554662,22.465030700
1286,22.508178025911,22.482518600
1287,22.525680497160,22.500060000
1288,22.543182968409,22.517625500
1289,22.560685439657,22.535316600
1290,22.578187910906,22.553219600
1291,22.595690382155,22.570092300
1292,22.613192853404,22.588001100
1293,22.630695324652,22.605035700
1294,22.648197795901,22.622488500
1295,22.665700267150,22.640125600
1296,22.683202738399,22.657595300
1297,22.700705209647,22.675164300
1298,22.718207680896,22.692650400
1299,22.735710152145,22.710322600
1300,22.753212623394,22.727805600
1301,22.770715094642,22.745244200
1302,22.788217565891,22.762745800
1303,22.805720037140,22.780230700
1304,22.823222508389,22.797550700
1305,22.840724979638,22.815220700
1306,22.858227450886,22.832525600
1307,22.875729922135,22.850337400
1308,22.893232393384,22.867697700
1309,22.910734864633,22.885750900
1310,22.928237335881,22.902720700
1311,22.945739807130,22.920241500
1312,22.963242278379,22.938078600
1313,22.980744749628,22.955042100
1314,22.998247220876,22.973183000
1315,23.015749692125,22.990160300
1316,23.033252163374,23.007779000
1317,23.050754634623,23.025495100
1318,23.068257105871,23.042520800
1319,23.085759577120,23.060026600
1320,23.103262048369,23.077941500
1321,23.120764519618,23.095180600
1322,23.138266990867,23.112344300
1323,23.155769462115,23.130056800
1324,23.173271933364,23.148101200
1325,23.190774404613,23.165221900
1326,23.208276875862,23.182944100
1327,23.225779347110,23.200146000
1328,23.243281818359,23.217772800
1329,23.260784289608,23.235356400
1330,23.278286760857,23.253663900
1331,23.295789232105,23.270245100
1332,23.313291703354,23.287806800
1333,23.330794174603,23.305251400
1334,23.348296645852,23.322585900
1335,23.365799117100,23.340162200
1336,23.383301588349,23.357644300
1337,23.400804059598,23.375168800
1338,23.418306530847,23.392712100
1339,23.435809002095,23.410260500
1340,23.453311473344,23.427787600
1341,23.470813944593,23.445549000
1342,23.488316415842,23.462684400
1343,23.505818887091,23.480282100
1344,23.523321358339,23.497876200
1345,23.540823829588,23.515071700
1346,23.558326300837,23.532479200
1347,23.575828772086,23.550247900
1348,23.593331243334,23.567925500
1349,23.610833714583,23.585412400
1350,23.628336185832,23.602600600
1351,23.645838657081,23.620148400
1352,23.663341128329,23.637700000
1353,23.680843599578,23.655974500
1354,23.698346070827,23.672828300
1355,23.715848542076,23.690346600
1356,23.733351013324,23.707675700
1357,23.750853484573,23.725466800
1358,23.768355955822,23.742907400
1359,23.785858427071,23.760366300
1360,23.803360898320,23.777797100
1361,23.820863369568,23.795250400
1362,23.838365840817,23.812834800
1363,23.855868312066,23.830760600
1364,23.873370783315,23.847717000
1365,23.890873254563,23.866532600
1366,23.908375725812,23.882794200
1367,23.925878197061,23.900367000
1368,23.943380668310,23.917912000
1369,23.960883139558,23.935545900
1370,23.978385610807,23.952948300
1371,23.995888082056,23.970407100
1372,24.013390553305,23.987862700
1373,24.030893024553,24.005332100
1374,24.048395495802,24.022846900
1375,24.065897967051,24.040201200
1376,24.083400438300,24.057766500
1377,24.100902909549,24.075557100
1378,24.118405380797,24.093138600
1379,24.135907852046,24.110280500
1380,24.153410323295,24.127755300
1381,24.170912794544,24.145596200
1382,24.188415265792,24.163021700
1383,24.205917737041,24.180170000
1384,24.223420208290,24.198288000
1385,24.240922679539,24.215650300
1386,24.258425150787,24.233152800
1387,24.275927622036,24.250431200
1388,24.293430093285,24.266939500
1389,24.310932564534,24.283643600
1390,24.328435035782,24.301097600
1391,24.345937507031,24.319267000
1392,24.363439978280,24.335805100
1393,24.380942449529,24.353468600
1394,24.398444920778,24.371281200
1395,24.415947392026,24.388766800
1396,24.433449863275,24.406891300
1397,24.450952334524,24.424130500
1398,24.468454805773,24.441326200
1399,24.485957277021,24.458749800
1400,24.503459748270,24.476146900
1401,24.520962219519,24.493707400
1402,24.538464690768,24.511179200
1403,24.555967162016,24.528717500
1404,24.573469633265,24.546053900
1405,24.590972104514,24.563610700
1406,24.608474575763,24.581456300
1407,24.625977047011,24.599364700
1408,24.643479518260,24.616226500
1409,24.660981989509,24.633564700
1410,24.678484460758,24.651976300
1411,24.695986932007,24.669117800
1412,24.713489403255,24.686096400
1413,24.730991874504,24.703892400
1414,24.748494345753,24.721466200
1415,24.765996817002,24.738722300
1416,24.783499288250,24.756215400
1417,24.801001759499,24.774266000
1418,24.818504230748,24.791362900
1419,24.836006701997,24.808643200
1420,24.853509173245,24.826311300
1421,24.871011644494,24.844125200
1422,24.888514115743,24.861063900
1423,24.906016586992,24.879652000
1424,24.923519058240,24.898047300
1425,24.941021529489,24.913740200
1426,24.958524000738,24.931129900
1427,24.976026471987,24.948880500
1428,24.993528943236,24.966154300
1429,25.011031414484,24.984281600
1430,25.028533885733,25.001232600
1431,25.046036356982,25.018907100
1432,25.063538828231,25.036184700
1433,25.081041299479,25.053586300
1434,25.098543770728,25.071440500
1435,25.116046241977,25.088559800
1436,25.133548713226,25.106394800
1437,25.151051184474,25.123538700
1438,25.168553655723,25.141046700
1439,25.186056126972,25.158720800
1440,25.203558598221,25.176169700
1441,25.221061069469,25.193822100
1442,25.238563540718,25.210869800
1443,25.256066011967,25.228664300
1444,25.273568483216,25.246573600
1445,25.291070954465,25.263763000
1446,25.308573425713,25.281440800
1447,25.326075896962,25.298549300
1448,25.343578368211,25.316242200
1449,25.361080839460,25.334373800
1450,25.378583310708,25.352357000
1451,25.396085781957,25.369483700
1452,25.413588253206,25.386207200
1453,25.431090724455,25.404136400
1454,25.448593195703,25.421131600
1455,25.466095666952,25.438842200
1456,25.483598138201,25.456111400
1457,25.501100609450,25.473947500
1458,25.518603080698,25.491220800
1459,25.536105551947,25.508647000
1460,25.553608023196,25.526310300
1461,25.571110494445,25.543689400
1462,25.588612965694,25.561480500
1463,25.606115436942,25.578701700
1464,25.623617908191,25.596528800
1465,25.641120379440,25.614122400
1466,25.658622850689,25.631832400
1467,25.676125321937,25.649823100
1468,25.693627793186,25.666342200
1469,25.711130264435,25.683795500
1470,25.728632735684,25.701403600
1471,25.746135206932,25.719392000
1472,25.763637678181,25.736086600
1473,25.781140149430,25.753711700
1474,25.798642620679,25.771178900
1475,25.816145091927,25.788788700
1476,25.833647563176,25.806486000
1477,25.851150034425,25.823697400
1478,25.868652505674,25.841898600
1479,25.886154976923,25.859098800
1480,25.903657448171,25.876320300
1481,25.921159919420,25.893922900
1482,25.938662390669,25.911409500
1483,25.956164861918,25.928645600
1484,25.973667333166,25.946611300
1485,25.991169804415,25.964876900
1486,26.008672275664,25.981871600
1487,26.026174746913,25.998991400
1488,26.043677218161,26.016432100
1489,26.061179689410,26.033916500
1490,26.078682160659,26.051245900
1491,26.096184631908,26.069265400
1492,26.113687103156,26.086269500
1493,26.131189574405,26.104113200
1494,26.148692045654,26.121156200
1495,26.166194516903,26.138599400
1496,26.183696988152,26.156708400
1497,26.201199459400,26.174208400
1498,26.218701930649,26.191536800
1499,26.236204401898,26.208665800
1500,26.253706873147,26.226121700
1501,26.271209344395,26.244202200
1502,26.288711815644,26.262024600
1503,26.306214286893,26.279048100
1504,26.323716758142,26.296180800
1505,26.341219229390,26.313782600
1506,26.358721700639,26.332064200
1507,26.376224171888,26.349178500
1508,26.393726643137,26.366229400
1509,26.411229114385,26.384022800
1510,26.428731585634,26.402143700
1511,26.446234056883,26.419619100
1512,26.463736528132,26.436514700
1513,26.481238999380,26.454842000
1514,26.498741470629,26.471752700
1515,26.516243941878,26.489506100
1516,26.533746413127,26.506837200
1517,26.551248884376,26.523985500
1518,26.568751355624,26.541539700
1519,26.586253826873,26.558781900
1520,26.603756298122,26.576548700
1521,26.621258769371,26.593868500
1522,26.638761240619,26.611358700
1523,26.656263711868,26.628792600
1524,26.673766183117,26.646954500
1525,26.691268654366,26.663935100
1526,26.708771125614,26.681410800
1527,26.726273596863,26.698770900
1528,26.743776068112,26.716327500
1529,26.761278539361,26.734425300
1530,26.778781010609,26.751416700
1531,26.796283481858,26.769284300
1532,26.813785953107,26.786638900
1533,26.831288424356,26.804154800
1534,26.848790895605,26.821311600
1535,26.866293366853,26.839233400
1536,26.883795838102,26.856435400
1537,26.901298309351,26.873748800
1538,26.918800780600,26.891828600
1539,26.936303251848,26.909124600
1540,26.953805723097,26.926533100
1541,26.971308194346,26.944099300
1542,26.988810665595,26.961357500
1543,27.006313136843,26.978840200
1544,27.023815608092,26.996382800
1545,27.041318079341,27.014352000
1546,27.058820550590,27.031604700
1547,27.076323021838,27.048832300
1548,27.093825493087,27.066513300
1549,27.111327964336,27.083921900
1550,27.128830435585,27.101634700
1551,27.146332906834,27.118806300
1552,27.163835378082,27.136436400
1553,27.181337849331,27.154496100
1554,27.198840320580,27.171541100
1555,27.216342791829,27.188934700
1556,27.233845263077,27.206432500
1557,27.251347734326,27.223917800
1558,27.268850205575,27.242142000
1559,27.286352676824,27.258842600
1560,27.303855148072,27.276417400
1561,27.321357619321,27.293903000
1562,27.338860090570,27.311432400
1563,27.356362561819,27.329166400
1564,27.373865033067,27.346443900
1565,27.391367504316,27.364490000
1566,27.408869975565,27.381788000
1567,27.426372446814,27.399215100
1568,27.443874918063,27.416745200
1569,27.461377389311,27.434222500
1570,27.478879860560,27.451701700
1571,27.496382331809,27.469273800
1572,27.513884803058,27.487292900
1573,27.531387274306,27.504204300
1574,27.548889745555,27.521732700
1575,27.566392216804,27.539306600
1576,27.583894688053,27.557123500
1577,27.601397159301,27.574411800
1578,27.618899630550,27.591672700
1579,27.636402101799,27.609881100
1580,27.653904573048,27.627067500
1581,27.671407044296,27.644274900
1582,27.688909515545,27.662048600
1583,27.706411986794,27.679513200
1584,27.723914458043,27.696801000
1585,27.741416929292,27.714356200
1586,27.758919400540,27.731903100
1587,27.776421871789,27.749277100
1588,27.793924343038,27.766828100
1589,27.811426814287,27.784260400
1590,27.828929285535,27.801838800
1591,27.846431756784,27.819156200
1592,27.863934228033,27.836998800
1593,27.881436699282,27.854295200
1594,27.898939170530,27.871710400
1595,27.916441641779,27.889158800
1596,27.933944113028,27.906765400
1597,27.951446584277,27.924397200
1598,27.968949055525,27.942155000
1599,27.986451526774,27.959394800
1600,28.003953998023,27.977293200
1601,28.021456469272,27.994903800
1602,28.038958940521,28.012197200
1603,28.056461411769,28.029235000
1604,28.073963883018,28.046794800
1605,28.091466354267,28.064453100
1606,28.108968825516,28.082120900
1607,28.126471296764,28.099753800
1608,28.143973768013,28.117099700
1609,28.161476239262,28.134394200
1610,28.178978710511,28.152305000
1611,28.196481181759,28.170890700
1612,28.213983653008,28.187043300
1613,28.231486124257,28.204500700
1614,28.248988595506,28.222071600
1615,28.266491066754,28.239320400
1616,28.283993538003,28.256968300
1617,28.301496009252,28.274319900
1618,28.318998480501,28.291997800
1619,28.336500951750,28.309157300
1620,28.354003422998,28.327078300
1621,28.371505894247,28.344254700
1622,28.389008365496,28.361738400
1623,28.406510836745,28.380126500
1624,28.424013307993,28.397002800
1625,28.441515779242,28.414196900
1626,28.459018250491,28.432097000
1627,28.476520721740,28.449278700
1628,28.494023192988,28.466906900
1629,28.511525664237,28.484271400
1630,28.529028135486,28.501725800
1631,28.546530606735,28.519200400
1632,28.564033077983,28.537117300
1633,28.581535549232,28.554466900
1634,28.599038020481,28.572131500
1635,28.616540491730,28.589390300
1636,28.634042962979,28.607077700
1637,28.651545434227,28.624276100
1638,28.669047905476,28.642170000
1639,28.686550376725,28.659311100
1640,28.704052847974,28.676794800
1641,28.721555319222,28.694486500
1642,28.739057790471,28.712070300
1643,28.756560261720,28.729483600
1644,28.774062732969,28.747434600
1645,28.791565204217,28.764511800
1646,28.809067675466,28.781910400
1647,28.826570146715,28.799592600
1648,28.844072617964,28.816998200
1649,28.861575089212,28.834425100
1650,28.879077560461,28.851942700
1651,28.896580031710,28.869266300
1652,28.914082502959,28.887889500
1653,28.931584974208,28.904357800
1654,28.949087445456,28.921867700
1655,28.966589916705,28.939464200
1656,28.984092387954,28.956828600
1657,29.001594859203,28.974641400
1658,29.019097330451,28.992345700
1659,29.036599801700,29.009260100
1660,29.054102272949,29.027474600
1661,29.071604744198,29.044527400
1662,29.089107215446,29.062113900
1663,29.106609686695,29.079820400
1664,29.124112157944,29.097612800
1665,29.141614629193,29.114677000
1666,29.159117100441,29.132121700
1667,29.176619571690,29.149720800
1668,29.194122042939,29.167098100
1669,29.211624514188,29.184447100
1670,29.229126985437,29.202123200
1671,29.246629456685,29.219480400
1672,29.264131927934,29.237223900
1673,29.281634399183,29.254434900
1674,29.299136870432,29.271870700
1675,29.316639341680,29.289669000
1676,29.334141812929,29.306894300
1677,29.351644284178,29.324669500
1678,29.369146755427,29.341846000
1679,29.386649226675,29.359642100
1680,29.404151697924,29.377093000
1681,29.421654169173,29.395004200
1682,29.439156640422,29.412067500
1683,29.456659111670,29.429346400
1684,29.474161582919,29.447462800
1685,29.491664054168,29.464478400
1686,29.509166525417,29.482658800
1687,29.526668996665,29.499442800
1688,29.544171467914,29.517234600
1689,29.561673939163,29.534347700
1690,29.579176410412,29.552062300
1691,29.596678881661,29.570000600
1692,29.614181352909,29.587100400
1693,29.631683824158,29.604727000
1694,29.649186295407,29.622164600
1695,29.666688766656,29.639431000
1696,29.684191237904,29.657209500
1697,29.701693709153,29.674550200
1698,29.719196180402,29.691907400
1699,29.736698651651,29.709319400
1700,29.754201122899,29.727156200
1701,29.771703594148,29.744518500
1702,29.789206065397,29.762159500
1703,29.806708536646,29.780550100
1704,29.824211007894,29.797112400
1705,29.841713479143,29.814506500
1706,29.859215950392,29.832254500
1707,29.876718421641,29.849810800
1708,29.894220892890,29.867398400
1709,29.911723364138,29.884410300
1710,29.929225835387,29.902634300
1711,29.946728306636,29.919708600
1712,29.964230777885,29.937799400
1713,29.981733249133,29.956353500
1714,29.999235720382,29.973205000
1715,30.016738191631,29.990463800
1716,30.034240662880,30.008185700
1717,30.051743134128,30.025575300
1718,30.069245605377,30.042999400
1719,30.086748076626,30.059723300
1720,30.104250547875,30.078689100
1721,30.121753019123,30.094871400
1722,30.139255490372,30.112518800
1723,30.156757961621,30.129618500
1724,30.174260432870,30.147284100
1725,30.191762904119,30.164715900
1726,30.209265375367,30.182757200
1727,30.226767846616,30.200686700
1728,30.244270317865,30.217851100
1729,30.261772789114,30.235015200
1730,30.279275260362,30.252175800
1731,30.296777731611,30.269726400
1732,30.314280202860,30.287492100
1733,30.331782674109,30.304948000
1734,30.349285145357,30.322322600
1735,30.366787616606,30.339709000
1736,30.384290087855,30.357256500
1737,30.401792559104,30.374896300
1738,30.419295030352,30.392014200
1739,30.436797501601,30.409647400
1740,30.454299972850,30.427240000
1741,30.471802444099,30.444559500
1742,30.489304915348,30.462401900
1743,30.506807386596,30.479881700
1744,30.524309857845,30.497322500
1745,30.541812329094,30.514681600
1746,30.559314800343,30.532228700
1747,30.576817271591,30.550300500
1748,30.594319742840,30.567913400
1749,30.611822214089,30.584710700
1750,30.629324685338,30.602206000
1751,30.646827156586,30.619979500
1752,30.664329627835,30.637493300
1753,30.681832099084,30.654853600
1754,30.699334570333,30.672367400
1755,30.716837041581,30.689899200
1756,30.734339512830,30.707245400
1757,30.751841984079,30.724951900
1758,30.769344455328,30.742264100
1759,30.786846926577,30.759711200
1760,30.804349397825,30.777473300
1761,30.821851869074,30.794596300
1762,30.839354340323,30.812355400
1763,30.856856811572,30.830063600
1764,30.874359282820,30.847314600
1765,30.891861754069,30.865345800
1766,30.909364225318,30.882804900
1767,30.926866696567,30.899740000
1768,30.944369167815,30.917702200
1769,30.961871639064,30.934862000
1770,30.979374110313,30.952490400
1771,30.996876581562,30.969677400
1772,31.014379052810,30.987267000
1773,31.031881524059,31.004924600
1774,31.049383995308,31.022234300
1775,31.066886466557,31.039568800
1776,31.084388937806,31.057475800
1777,31.101891409054,31.074802400
1778,31.119393880303,31.092496200
1779,31.136896351552,31.109653400
1780,31.154398822801,31.127495200
1781,31.171901294049,31.144713300
1782,31.189403765298,31.162119500
1783,31.206906236547,31.180052900
1784,31.224408707796,31.197516400
1785,31.241911179044,31.214974500
1786,31.259413650293,31.232243900
1787,31.276916121542,31.249767000
1788,31.294418592791,31.267410700
1789,31.311921064039,31.284778400
1790,31.329423535288,31.302383100
1791,31.346926006537,31.319561400
1792,31.364428477786,31.337875900
1793,31.381930949035,31.354791800
1794,31.399433420283,31.372526700
1795,31.416935891532,31.389677900
1796,31.434438362781,31.407147200
1797,31.451940834030,31.425222400
1798,31.469443305278,31.442338600
1799,31.486945776527,31.460107000
1800,31.504448247776,31.478034700
1801,31.521950719025,31.495218300
1802,31.539453190273,31.512385700
1803,31.556955661522,31.530172700
1804,31.574458132771,31.547370700
1805,31.591960604020,31.564861900
1806,31.609463075268,31.582232000
1807,31.626965546517,31.606781600
1808,31.644468017766,31.617588800
1809,31.661970489015,31.635219300
1810,31.679472960264,31.652711800
1811,31.696975431512,31.669995900
1812,31.714477902761,31.687431100
1813,31.731980374010,31.704739900
1814,31.749482845259,31.722342800
1815,31.766985316507,31.740252400
1816,31.784487787756,31.757822100
1817,31.801990259005,31.775482100
1818,31.819492730254,31.792673800
1819,31.836995201502,31.809744000
1820,31.854497672751,31.827132500
1821,31.872000144000,31.845175900
1822,31.889502615249,31.862537600
1823,31.907005086497,31.879807000
1824,31.924507557746,31.897415900
1825,31.942010028995,31.915098700
1826,31.959512500244,31.932719400
1827,31.977014971493,31.950144500
1828,31.994517442741,31.967499500
1829,32.012019913990,31.984862200
1830,32.029522385239,32.002246900
1831,32.047024856488,32.020120600
1832,32.064527327736,32.037524600
1833,32.082029798985,32.055352500
1834,32.099532270234,32.072648700
1835,32.117034741483,32.090137300
1836,32.134537212731,32.107296600
1837,32.152039683980,32.124811200
1838,32.169542155229,32.142352700
1839,32.187044626478,32.159869200
1840,32.204547097726,32.177536300
1841,32.222049568975,32.194884800
1842,32.239552040224,32.212501900
1843,32.257054511473,32.229931100
1844,32.274556982722,32.247350100
1845,32.292059453970,32.264915500
1846,32.309561925219,32.282287500
1847,32.327064396468,32.300032200
1848,32.344566867717,32.317283800
1849,32.362069338965,32.335038700
1850,32.379571810214,32.352727000
1851,32.397074281463,32.370382400
1852,32.414576752712,32.387894000
1853,32.432079223960,32.404926700
1854,32.449581695209,32.422468100
1855,32.467084166458,32.440209900
1856,32.484586637707,32.457347800
1857,32.502089108955,32.475052800
1858,32.519591580204,32.492828300
1859,32.537094051453,32.511192600
1860,32.554596522702,32.527651800
1861,32.572098993950,32.544954600
1862,32.589601465199,32.562371400
1863,32.607103936448,32.579853600
1864,32.624606407697,32.597716700
1865,32.642108878946,32.615337100
1866,32.659611350194,32.632787400
1867,32.677113821443,32.650255700
1868,32.694616292692,32.667609600
1869,32.712118763941,32.685494400
1870,32.729621235189,32.702536600
1871,32.747123706438,32.720242800
1872,32.764626177687,32.737608200
1873,32.782128648936,32.755153700
1874,32.799631120184,32.774580600
1875,32.817133591433,32.789914100
1876,32.834636062682,32.807673200
1877,32.852138533931,32.825085300
1878,32.869641005179,32.842445200
1879,32.887143476428,32.859870600
1880,32.904645947677,32.877548100
1881,32.922148418926,32.895107100
1882,32.939650890175,32.912574200
1883,32.957153361423,32.930153600
1884,32.974655832672,32.947365700
1885,32.992158303921,32.964994300
1886,33.009660775170,32.982453900
1887,33.027163246418,33.000157100
1888,33.044665717667,33.017495300
1889,33.062168188916,33.034918100
1890,33.079670660165,33.052852500
1891,33.097173131413,33.070183400
1892,33.114675602662,33.090020100
1893,33.132178073911,33.105556100
1894,33.149680545160,33.122591700
1895,33.167183016408,33.139952200
1896,33.184685487657,33.157638000
1897,33.202187958906,33.175061800
1898,33.219690430155,33.192491000
1899,33.237192901404,33.210086100
1900,33.254695372652,33.227476200
1901,33.272197843901,33.244988800
1902,33.289700315150,33.262774400
1903,33.307202786399,33.280545200
1904,33.324705257647,33.297480300
1905,33.342207728896,33.315294700
1906,33.359710200145,33.332416200
1907,33.377212671394,33.350247100
1908,33.394715142642,33.367540200
1909,33.412217613891,33.385030000
1910,33.429720085140,33.402583400
1911,33.447222556389,33.420044800
1912,33.464725027637,33.437622300
1913,33.482227498886,33.455123000
1914,33.499729970135,33.472588000
1915,33.517232441384,33.490158800
1916,33.534734912633,33.507609400
1917,33.552237383881,33.525413800
1918,33.569739855130,33.542688600
1919,33.587242326379,33.560256200
1920,33.604744797628,33.577467300
1921,33.622247268876,33.595375900
1922,33.639749740125,33.612530400
1923,33.657252211374,33.630146400
1924,33.674754682623,33.647717600
1925,33.692257153871,33.665326700
1926,33.709759625120,33.682648100
1927,33.727262096369,33.700503600
1928,33.744764567618,33.717653700
1929,33.762267038866,33.735514900
1930,33.779769510115,33.753385600
1931,33.797271981364,33.770584900
1932,33.814774452613,33.788286400
1933,33.832276923862,33.805215600
1934,33.849779395110,33.822820200
1935,33.867281866359,33.840160700
1936,33.884784337608,33.857616700
1937,33.902286808857,33.875261100
1938,33.919789280105,33.892650600
1939,33.937291751354,33.910100800
1940,33.954794222603,33.927611800
1941,33.972296693852,33.945178700
1942,33.989799165100,33.962485700
1943,34.007301636349,33.980339600
1944,34.024804107598,33.997946200
1945,34.042306578847,34.015327300
1946,34.059809050095,34.032895700
1947,34.077311521344,34.050494800
1948,34.094813992593,34.068173300
1949,34.112316463842,34.085141500
1950,34.129818935091,34.103061800
1951,34.147321406339,34.120263900
1952,34.164823877588,34.137822700
1953,34.182326348837,34.155058400
1954,34.199828820086,34.173103200
1955,34.217331291334,34.190903000
1956,34.234833762583,34.207927200
1957,34.252336233832,34.225088100
1958,34.269838705081,34.242833800
1959,34.287341176329,34.260388900
1960,34.304843647578,34.277890200
1961,34.322346118827,34.295507100
1962,34.339848590076,34.313047000
1963,34.357351061324,34.330786400
1964,34.374853532573,34.347811500
1965,34.392356003822,34.365114800
1966,34.409858475071,34.382845800
1967,34.427360946320,34.400181300
1968,34.444863417568,34.417543600
1969,34.462365888817,34.435884600
1970,34.479868360066,34.452711700
1971,34.497370831315,34.470319400
1972,34.514873302563,34.487664800
1973,34.532375773812,34.505410700
1974,34.549878245061,34.522638200
1975,34.567380716310,34.540316400
1976,34.584883187558,34.557824500
1977,34.602385658807,34.575926300
1978,34.619888130056,34.592843100
1979,34.637390601305,34.610173500
1980,34.654893072553,34.627877000
1981,34.672395543802,34.646243500
1982,34.689898015051,34.662669300
1983,34.707400486300,34.680400900
1984,34.724902957549,34.697826800
1985,34.742405428797,34.715330900
1986,34.759907900046,34.732840300
1987,34.777410371295,34.750620900
1988,34.794912842544,34.767858000
1989,34.812415313792,34.785477100
1990,34.829917785041,34.803072600
1991,34.847420256290,34.820036700
1992,34.864922727539,34.837387000
1993,34.882425198787,34.855178500
1994,34.899927670036,34.872576900
1995,34.917430141285,34.890457100
1996,34.934932612534,34.907693500
1997,34.952435083782,34.925088000
1998,34.969937555031,34.943130000
1999,34.987440026280,34.960520600
2000,35.004942497529,34.978013200
2001,35.022444968778,34.995452700
2002,35.039947440026,35.012585100
2003,35.057449911275,35.030114600
2004,35.074952382524,35.047913100
2005,35.092454853773,35.065069100
2006,35.109957325021,35.083070300
2007,35.127459796270,35.100108000
2008,35.144962267519,35.117627800
2009,35.162464738768,35.135421000
2010,35.179967210016,35.152439000
2011,35.197469681265,35.170484400
2012,35.214972152514,35.187753300
2013,35.232474623763,35.205204400
2014,35.249977095011,35.222447000
2015,35.267479566260,35.240110100
2016,35.284982037509,35.257676000
2017,35.302484508758,35.275278200
2018,35.319986980007,35.292417400
2019,35.337489451255,35.310047800
2020,35.354991922504,35.327912200
2021,35.372494393753,35.345034500
2022,35.389996865002,35.362861300
2023,35.407499336250,35.380106800
2024,35.425001807499,35.398294200
2025,35.442504278748,35.415077000
2026,35.460006749997,35.432584300
2027,35.477509221245,35.450188600
2028,35.495011692494,35.468090800
2029,35.512514163743,35.485191600
2030,35.530016634992,35.502635300
2031,35.547519106240,35.520706400
2032,35.565021577489,35.537742700
2033,35.582524048738,35.555141200
2034,35.600026519987,35.572758100
2035,35.617528991236,35.590353200
2036,35.635031462484,35.607937700
2037,35.652533933733,35.625321500
2038,35.670036404982,35.642936300
2039,35.687538876231,35.660490000
2040,35.705041347479,35.677879500
2041,35.722543818728,35.695293100
2042,35.740046289977,35.713039800
2043,35.757548761226,35.730323500
2044,35.775051232474,35.748043400
2045,35.792553703723,35.765342600
2046,35.810056174972,35.782716000
2047,35.827558646221,35.800093200
2048,35.845061117469,35.817649000
2049,35.862563588718,35.836161200
2050,35.880066059967,35.852747800
2051,35.897568531216,35.870747100
2052,35.915071002464,35.887793500
2053,35.932573473713,35.905516600
2054,35.950075944962,35.922803000
2055,35.967578416211,35.940642700
2056,35.985080887460,35.957556500
2057,36.002583358708,35.975822500
2058,36.020085829957,35.993107200
2059,36.037588301206,36.010269200
2060,36.055090772455,36.027785200
2061,36.072593243703,36.045727900
2062,36.090095714952,36.062817700
2063,36.107598186201,36.080421600
2064,36.125100657450,36.097834300
2065,36.142603128698,36.115467900
2066,36.160105599947,36.132796400
2067,36.177608071196,36.150486900
2068,36.195110542445,36.167918800
2069,36.212613013693,36.185269800
2070,36.230115484942,36.203501000
2071,36.247617956191,36.220207300
2072,36.265120427440,36.238272700
2073,36.282622898689,36.255831100
2074,36.300125369937,36.272969000
2075,36.317627841186,36.290104700
2076,36.335130312435,36.308580900
2077,36.352632783684,36.325279800
2078,36.370135254932,36.342876600
2079,36.387637726181,36.360357800
2080,36.405140197430,36.377689500
2081,36.422642668679,36.395392100
2082,36.440145139927,36.412658200
2083,36.457647611176,36.430210000
2084,36.475150082425,36.447770000
2085,36.492652553674,36.465992200
2086,36.510155024922,36.483521300
2087,36.527657496171,36.500861000
2088,36.545159967420,36.518353700
2089,36.562662438669,36.535819300
2090,36.580164909918,36.553465300
2091,36.597667381166,36.570611600
2092,36.615169852415,36.588064000
2093,36.632672323664,36.605515600
2094,36.650174794913,36.623634700
2095,36.667677266161,36.641343300
2096,36.685179737410,36.658117300
2097,36.702682208659,36.675581400
2098,36.720184679908,36.692953400
2099,36.737687151156,36.710666700
2100,36.755189622405,36.727864400
2101,36.772692093654,36.745385300
2102,36.790194564903,36.762983200
2103,36.807697036151,36.780319500
2104,36.825199507400,36.798271000
2105,36.842701978649,36.815337200
2106,36.860204449898,36.833124700
2107,36.877706921147,36.850245600
2108,36.895209392395,36.867868200
2109,36.912711863644,36.885941800
2110,36.930214334893,36.903065800
2111,36.947716806142,36.920560000
2112,36.965219277390,36.937936100
2113,36.982721748639,36.956511800
2114,37.000224219888,36.973007700
2115,37.017726691137,36.990372900
2116,37.035229162385,37.008039200
2117,37.052731633634,37.025579400
2118,37.070234104883,37.042776100
2119,37.087736576132,37.060428100
2120,37.105239047380,37.080707900
2121,37.122741518629,37.095497200
2122,37.140243989878,37.112749900
2123,37.157746461127,37.130375500
2124,37.175248932376,37.148107400
2125,37.192751403624,37.165186900
2126,37.210253874873,37.182763700
2127,37.227756346122,37.200397000
2128,37.245258817371,37.217860100
2129,37.262761288619,37.235430800
2130,37.280263759868,37.252965700
2131,37.297766231117,37.270492700
2132,37.315268702366,37.288121300
2133,37.332771173614,37.305543300
2134,37.350273644863,37.322843700
2135,37.367776116112,37.340688700
2136,37.385278587361,37.357995700
2137,37.402781058609,37.375274000
2138,37.420283529858,37.392827600
2139,37.437786001107,37.411255200
2140,37.455288472356,37.428083400
2141,37.472790943605,37.445712500
2142,37.490293414853,37.463563500
2143,37.507795886102,37.480646900
2144,37.525298357351,37.498123500
2145,37.542800828600,37.515770600
2146,37.560303299848,37.533256200
2147,37.577805771097,37.551043500
2148,37.595308242346,37.568264400
2149,37.612810713595,37.585582500
2150,37.630313184843,37.602855400
2151,37.647815656092,37.621239200
2152,37.665318127341,37.638119200
2153,37.682820598590,37.655797400
2154,37.700323069838,37.673368100
2155,37.717825541087,37.690680200
2156,37.735328012336,37.707957300
2157,37.752830483585,37.725682800
2158,37.770332954834,37.742865600
2159,37.787835426082,37.761036000
2160,37.805337897331,37.778066400
2161,37.822840368580,37.795695100
2162,37.840342839829,37.813019300
2163,37.857845311077,37.830644100
2164,37.875347782326,37.847905900
2165,37.892850253575,37.865441900
2166,37.910352724824,37.883168700
2167,37.927855196072,37.900539200
2168,37.945357667321,37.917962000
2169,37.962860138570,37.936099300
2170,37.980362609819,37.953203000
2171,37.997865081067,37.970271300
2172,38.015367552316,37.987795200
2173,38.032870023565,38.005437500
2174,38.050372494814,38.023242000
2175,38.067874966063,38.040606300
2176,38.085377437311,38.057922200
2177,38.102879908560,38.075673500
2178,38.120382379809,38.092793300
2179,38.137884851058,38.110670200
2180,38.155387322306,38.127850400
2181,38.172889793555,38.145672900
2182,38.190392264804,38.162898300
2183,38.207894736053,38.180849900
2184,38.225397207301,38.198313700
2185,38.242899678550,38.215594500
2186,38.260402149799,38.232900300
2187,38.277904621048,38.250679600
2188,38.295407092296,38.268105000
2189,38.312909563545,38.285943000
2190,38.330412034794,38.302939900
2191,38.347914506043,38.320408500
2192,38.365416977292,38.338010400
2193,38.382919448540,38.355805500
2194,38.400421919789,38.372864500
2195,38.417924391038,38.390534600
2196,38.435426862287,38.408180900
2197,38.452929333535,38.425555600
2198,38.470431804784,38.443058700
2199,38.487934276033,38.460632400
2200,38.505436747282,38.478121900
2201,38.522939218530,38.496213700
2202,38.540441689779,38.512955300
2203,38.557944161028,38.530577500
2204,38.575446632277,38.548208700
2205,38.592949103525,38.565587300
2206,38.610451574774,38.583256400
2207,38.627954046023,38.600930100
2208,38.645456517272,38.618082000
2209,38.662958988521,38.636929600
2210,38.680461459769,38.653273700
2211,38.697963931018,38.670457600
2212,38.715466402267,38.688171900
2213,38.732968873516,38.705519600
2214,38.750471344764,38.723129100
2215,38.767973816013,38.740738000
2216,38.785476287262,38.758142400
2217,38.802978758511,38.776207500
2218,38.820481229759,38.793188400
2219,38.837983701008,38.811079300
2220,38.855486172257,38.828148000
2221,38.872988643506,38.845463600
2222,38.890491114754,38.862969500
2223,38.907993586003,38.880685300
2224,38.925496057252,38.898122500
2225,38.942998528501,38.916120000
2226,38.960500999749,38.933253900
2227,38.978003470998,38.950729200
2228,38.995505942247,38.968063400
2229,39.013008413496,38.986664400
2230,39.030510884745,39.004620200
2231,39.048013355993,39.021319300
2232,39.065515827242,39.038726300
2233,39.083018298491,39.056214700
2234,39.100520769740,39.073046600
2235,39.118023240988,39.090657800
2236,39.135525712237,39.108144100
2237,39.153028183486,39.126087500
2238,39.170530654735,39.143018900
2239,39.188033125983,39.160570800
2240,39.205535597232,39.178256100
2241,39.223038068481,39.195583800
2242,39.240540539730,39.213851500
2243,39.258043010978,39.230518600
2244,39.275545482227,39.248198500
2245,39.293047953476,39.265947700
2246,39.310550424725,39.283243400
2247,39.328052895974,39.302268600
2248,39.345555367222,39.318154100
2249,39.363057838471,39.335906500
2250,39.380560309720,39.353068300
2251,39.398062780969,39.371097400
2252,39.415565252217,39.388109100
2253,39.433067723466,39.405553800
2254,39.450570194715,39.422952900
2255,39.468072665964,39.441049600
2256,39.485575137212,39.458096400
2257,39.503077608461,39.475826900
2258,39.520580079710,39.493272100
2259,39.538082550959,39.510611600
2260,39.555585022207,39.529241000
2261,39.573087493456,39.546507400
2262,39.590589964705,39.563271400
2263,39.608092435954,39.581052800
2264,39.625594907203,39.598287700
2265,39.643097378451,39.615980100
2266,39.660599849700,39.633393500
2267,39.678102320949,39.650906800
2268,39.695604792198,39.668060000
2269,39.713107263446,39.685975000
2270,39.730609734695,39.703092800
2271,39.748112205944,39.720803800
2272,39.765614677193,39.738304800
2273,39.783117148441,39.755901300
2274,39.800619619690,39.774735700
2275,39.818122090939,39.790611400
2276,39.835624562188,39.808162200
2277,39.853127033436,39.825915800
2278,39.870629504685,39.843276700
2279,39.888131975934,39.860687900
2280,39.905634447183,39.878072700
2281,39.923136918432,39.895811500
2282,39.940639389680,39.914945000
2283,39.958141860929,39.930784500
2284,39.975644332178,39.948794900
2285,39.993146803427,39.965789500
2286,40.010649274675,39.983081700
2287,40.028151745924,40.001124600
2288,40.045654217173,40.018673700
2289,40.063156688422,40.036261200
2290,40.080659159670,40.053576600
2291,40.098161630919,40.071605300
2292,40.115664102168,40.088229800
2293,40.133166573417,40.106487700
2294,40.150669044665,40.123109600
2295,40.168171515914,40.140924000
2296,40.185673987163,40.158254800
2297,40.203176458412,40.175719400
2298,40.220678929661,40.193186800
2299,40.238181400909,40.211345300
2300,40.255683872158,40.228766000
2301,40.273186343407,40.245808100
2302,40.290688814656,40.263528800
2303,40.308191285904,40.280989300
2304,40.325693757153,40.298363200
2305,40.343196228402,40.316421700
2306,40.360698699651,40.333180100
2307,40.378201170899,40.351037800
2308,40.395703642148,40.368617300
2309,40.413206113397,40.385770600
2310,40.430708584646,40.403235800
2311,40.448211055894,40.420910000
2312,40.465713527143,40.438634000
2313,40.483215998392,40.456263900
2314,40.500718469641,40.473155000
2315,40.518220940890,40.490937400
2316,40.535723412138,40.508345000
2317,40.553225883387,40.525816500
2318,40.570728354636,40.543221800
2319,40.588230825885,40.561071900
2320,40.605733297133,40.578174300
2321,40.623235768382,40.596042000
2322,40.640738239631,40.613288400
2323,40.658240710880,40.631286400
2324,40.675743182128,40.648349600
2325,40.693245653377,40.666125200
2326,40.710748124626,40.683362300
2327,40.728250595875,40.701562400
2328,40.745753067123,40.718689100
2329,40.763255538372,40.736016200
2330,40.780758009621,40.753690900
2331,40.798260480870,40.770968900
2332,40.815762952119,40.788823300
2333,40.833265423367,40.805897600
2334,40.850767894616,40.823288000
2335,40.868270365865,40.841057500
2336,40.885772837114,40.858420500
2337,40.903275308362,40.875824000
2338,40.920777779611,40.893827400
2339,40.938280250860,40.910788400
2340,40.955782722109,40.929147700
2341,40.973285193357,40.946071900
2342,40.990787664606,40.963242900
2343,41.008290135855,40.980930500
2344,41.025792607104,40.998379000
2345,41.043295078352,41.015879500
2346,41.060797549601,41.033490000
2347,41.078300020850,41.051088300
2348,41.095802492099,41.068598900
2349,41.113304963348,41.086200900
2350,41.130807434596,41.104879000
2351,41.148309905845,41.120927200
2352,41.165812377094,41.138317500
2353,41.183314848343,41.155818100
2354,41.200817319591,41.173786700
2355,41.218319790840,41.190956500
2356,41.235822262089,41.209171800
2357,41.253324733338,41.226350700
2358,41.270827204586,41.243306000
2359,41.288329675835,41.260945200
2360,41.305832147084,41.278594100
2361,41.323334618333,41.295763400
2362,41.340837089581,41.313336700
2363,41.358339560830,41.331744100
2364,41.375842032079,41.348903000
2365,41.393344503328,41.365884400
2366,41.410846974577,41.383523300
2367,41.428349445825,41.400789200
2368,41.445851917074,41.418296300
2369,41.463354388323,41.435847500
2370,41.480856859572,41.453837500
2371,41.498359330820,41.471964900
2372,41.515861802069,41.488829400
2373,41.533364273318,41.506045700
2374,41.550866744567,41.524371200
2375,41.568369215815,41.541158200
2376,41.585871687064,41.558479100
2377,41.603374158313,41.576071300
2378,41.620876629562,41.593654800
2379,41.638379100810,41.611292400
2380,41.655881572059,41.628773900
2381,41.673384043308,41.645855300
2382,41.690886514557,41.663562100
2383,41.708388985806,41.681058200
2384,41.725891457054,41.698638000
2385,41.743393928303,41.716133800
2386,41.760896399552,41.733476600
2387,41.778398870801,41.750859200
2388,41.795901342049,41.768561200
2389,41.813403813298,41.786799400
2390,41.830906284547,41.803974700
2391,41.848408755796,41.821267600
2392,41.865911227044,41.839020900
2393,41.883413698293,41.855944300
2394,41.900916169542,41.873872900
2395,41.918418640791,41.890930200
2396,41.935921112039,41.909064600
2397,41.953423583288,41.926545300
2398,41.970926054537,41.943804100
2399,41.988428525786,41.961584500
2400,42.005930997034,41.978782700
2401,42.023433468283,41.996099700
2402,42.040935939532,42.013618700
2403,42.058438410781,42.031292500
2404,42.075940882030,42.048528600
2405,42.093443353278,42.066764000
2406,42.110945824527,42.083857800
2407,42.128448295776,42.101059600
2408,42.145950767025,42.119486600
2409,42.163453238273,42.136066400
2410,42.180955709522,42.154311000
2411,42.198458180771,42.171483200
2412,42.215960652020,42.188615200
2413,42.233463123268,42.206237200
2414,42.250965594517,42.224318700
2415,42.268468065766,42.241244700
2416,42.285970537015,42.258603800
2417,42.303473008263,42.276213400
2418,42.320975479512,42.293668100
2419,42.338477950761,42.311254200
2420,42.355980422010,42.328900600
2421,42.373482893259,42.346202800
2422,42.390985364507,42.363639200
2423,42.408487835756,42.381121000
2424,42.425990307005,42.398670400
2425,42.443492778254,42.416237700
2426,42.460995249502,42.433561500
2427,42.478497720751,42.451800400
2428,42.496000192000,42.468835100
2429,42.513502663249,42.486652500
2430,42.531005134497,42.503563600
2431,42.548507605746,42.521142200
2432,42.566010076995,42.538618400
2433,42.583512548244,42.556176200
2434,42.601015019492,42.573612100
2435,42.618517490741,42.591279100
2436,42.636019961990,42.608985000
2437,42.653522433239,42.626294000
2438,42.671024904488,42.643927600
2439,42.688527375736,42.661249900
2440,42.706029846985,42.678755400
2441,42.723532318234,42.696109800
2442,42.741034789483,42.713728600
2443,42.758537260731,42.731271100
2444,42.776039731980,42.748771200
2445,42.793542203229,42.766309600
2446,42.811044674478,42.783837200
2447,42.828547145726,42.801310900
2448,42.846049616975,42.818765700
2449,42.863552088224,42.836379700
2450,42.881054559473,42.854013900
2451,42.898557030721,42.871288200
2452,42.916059501970,42.888721900
2453,42.933561973219,42.906169700
2454,42.951064444468,42.923924400
2455,42.968566915717,42.941129800
2456,42.986069386965,42.959129000
2457,43.003571858214,42.976531600
2458,43.021074329463,42.993821400
2459,43.038576800712,43.011537600
2460,43.056079271960,43.029022100
2461,43.073581743209,43.046426300
2462,43.091084214458,43.063751000
2463,43.108586685707,43.081294400
2464,43.126089156955,43.098914600
2465,43.143591628204,43.116323100
2466,43.161094099453,43.133722800
2467,43.178596570702,43.151331200
2468,43.196099041950,43.168749500
2469,43.213601513199,43.186997200
2470,43.231103984448,43.204159900
2471,43.248606455697,43.221281200
2472,43.266108926946,43.239293100
2473,43.283611398194,43.256355400
2474,43.301113869443,43.273698200
2475,43.318616340692,43.291430400
2476,43.336118811941,43.308866900
2477,43.353621283189,43.326545100
2478,43.371123754438,43.343874100
2479,43.388626225687,43.361416300
2480,43.406128696936,43.379139200
2481,43.423631168184,43.396329100
2482,43.441133639433,43.413891000
2483,43.458636110682,43.431345600
2484,43.476138581931,43.448655300
2485,43.493641053179,43.466247700
2486,43.511143524428,43.484385100
2487,43.528645995677,43.501343200
2488,43.546148466926,43.519060500
2489,43.563650938175,43.536819400
2490,43.581153409423,43.554502800
2491,43.598655880672,43.572423500
2492,43.616158351921,43.589376800
2493,43.633660823170,43.606461600
2494,43.651163294418,43.624074000
2495,43.668665765667,43.641416200
2496,43.686168236916,43.658944800
2497,43.703670708165,43.676450000
2498,43.721173179413,43.694345200
2499,43.738675650662,43.711462500
2500,43.756178121911,43.729065300
2501,43.773680593160,43.746697600
2502,43.791183064408,43.763964000
2503,43.808685535657,43.781453600
2504,43.826188006906,43.798806500
2505,43.843690478155,43.816335200
2506,43.861192949404,43.834497100
2507,43.878695420652,43.851557200
2508,43.896197891901,43.869126200
2509,43.913700363150,43.886392900
2510,43.931202834399,43.904025800
2511,43.948705305647,43.922698800
2512,43.966207776896,43.938981100
2513,43.983710248145,43.956328400
2514,44.001212719394,43.974091800
2515,44.018715190642,43.991238000
2516,44.036217661891,44.009718100
2517,44.053720133140,44.026222800
2518,44.071222604389,44.044034200
2519,44.088725075637,44.061521400
2520,44.106227546886,44.078819200
2521,44.123730018135,44.096449600
2522,44.141232489384,44.114069400
2523,44.158734960633,44.131636700
2524,44.176237431881,44.148854000
2525,44.193739903130,44.166488200
2526,44.211242374379,44.183924000
2527,44.228744845628,44.201552100
2528,44.246247316876,44.219522200
2529,44.263749788125,44.236534600
2530,44.281252259374,44.255704200
2531,44.298754730623,44.273069000
2532,44.316257201871,44.290854800
2533,44.333759673120,44.308095400
2534,44.351262144369,44.325776800
2535,44.368764615618,44.343592200
2536,44.386267086866,44.361167600
2537,44.403769558115,44.378357000
2538,44.421272029364,44.395631700
2539,44.438774500613,44.413093200
2540,44.456276971862,44.430749700
2541,44.473779443110,44.448195400
2542,44.491281914359,44.465664700
2543,44.508784385608,44.483544500
2544,44.526286856857,44.500616800
2545,44.543789328105,44.517896500
2546,44.561291799354,44.535390200
2547,44.578794270603,44.552839000
2548,44.596296741852,44.570255400
2549,44.613799213100,44.588462300
2550,44.631301684349,44.606291100
2551,44.648804155598,44.622644400
2552,44.666306626847,44.639902400
2553,44.683809098095,44.657798300
2554,44.701311569344,44.675175600
2555,44.718814040593,44.692576600
2556,44.736316511842,44.710338800
2557,44.753818983091,44.732294000
2558,44.771321454339,44.746815800
2559,44.788823925588,44.762896400
2560,44.806326396837,44.781250100
2561,44.823828868086,44.797986800
2562,44.841331339334,44.815540000
2563,44.858833810583,44.831906000
2564,44.876336281832,44.850785200
2565,44.893838753081,44.868813000
2566,44.911341224329,44.885678100
2567,44.928843695578,44.902989400
2568,44.946346166827,44.923096200
2569,44.963848638076,44.938491800
2570,44.981351109324,44.955405400
2571,44.998853580573,44.972873600
2572,45.016356051822,44.989754800
2573,45.033858523071,45.007836600
2574,45.051360994320,45.024559700
2575,45.068863465568,45.043308600
2576,45.086365936817,45.060864800
2577,45.103868408066,45.077709200
2578,45.121370879315,45.095540200
2579,45.138873350563,45.112235900
2580,45.156375821812,45.131255900
2581,45.173878293061,45.148049100
2582,45.191380764310,45.165374700
2583,45.208883235558,45.182825000
2584,45.226385706807,45.200252700
2585,45.243888178056,45.217356700
2586,45.261390649305,45.235599800
2587,45.278893120553,45.253144800
2588,45.296395591802,45.270441200
2589,45.313898063051,45.287777300
2590,45.331400534300,45.305651800
2591,45.348903005548,45.323836500
2592,45.366405476797,45.341388400
2593,45.383907948046,45.358272400
2594,45.401410419295,45.376793200
2595,45.418912890544,45.393383400
2596,45.436415361792,45.409572700
2597,45.453917833041,45.428378600
2598,45.471420304290,45.445649700
2599,45.488922775539,45.463144700
2600,45.506425246787,45.480477400
2601,45.523927718036,45.497358800
2602,45.541430189285,45.514221500
2603,45.558932660534,45.531460900
2604,45.576435131782,45.548963300
2605,45.593937603031,45.566600100
2606,45.611440074280,45.585043900
2607,45.628942545529,45.602794400
2608,45.646445016777,45.620905000
2609,45.663947488026,45.637033900
2610,45.681449959275,45.654100200
2611,45.698952430524,45.673192900
2612,45.716454901773,45.689567700
2613,45.733957373021,45.706969600
2614,45.751459844270,45.724362700
2615,45.768962315519,45.741911400
2616,45.786464786768,45.759432600
2617,45.803967258016,45.776988100
2618,45.821469729265,45.794478400
2619,45.838972200514,45.812181900
2620,45.856474671763,45.829395400
2621,45.873977143011,45.846719600
2622,45.891479614260,45.864486500
2623,45.908982085509,45.882085800
2624,45.926484556758,45.899536600
2625,45.943987028006,45.916809500
2626,45.961489499255,45.934298900
2627,45.978991970504,45.951673700
2628,45.996494441753,45.969286800
2629,46.013996913002,45.987130900
2630,46.031499384250,46.005366200
2631,46.049001855499,46.021912400
2632,46.066504326748,46.039299800
2633,46.084006797997,46.057183600
2634,46.101509269245,46.074639500
2635,46.119011740494,46.092531500
2636,46.136514211743,46.110126000
2637,46.154016682992,46.127662000
2638,46.171519154240,46.146712800
2639,46.189021625489,46.162107900
2640,46.206524096738,46.179719500
2641,46.224026567987,46.197434000
2642,46.241529039235,46.214838400
2643,46.259031510484,46.232334400
2644,46.276533981733,46.249476900
2645,46.294036452982,46.266775900
2646,46.311538924231,46.284250500
2647,46.329041395479,46.301804800
2648,46.346543866728,46.319630800
2649,46.364046337977,46.337605600
2650,46.381548809226,46.356234400
2651,46.399051280474,46.371984800
2652,46.416553751723,46.389140600
2653,46.434056222972,46.406592700
2654,46.451558694221,46.424515600
2655,46.469061165469,46.441836600
2656,46.486563636718,46.459409600
2657,46.504066107967,46.476586000
2658,46.521568579216,46.494225000
2659,46.539071050464,46.512779700
2660,46.556573521713,46.530076800
2661,46.574075992962,46.547648500
2662,46.591578464211,46.566386100
2663,46.609080935460,46.582229600
2664,46.626583406708,46.599253800
2665,46.644085877957,46.616953600
2666,46.661588349206,46.634430800
2667,46.679090820455,46.651786200
2668,46.696593291703,46.669229600
2669,46.714095762952,46.687041400
2670,46.731598234201,46.704351900
2671,46.749100705450,46.722571800
2672,46.766603176698,46.739372500
2673,46.784105647947,46.756842700
2674,46.801608119196,46.774482700
2675,46.819110590445,46.792067700
2676,46.836613061693,46.809347700
2677,46.854115532942,46.826870700
2678,46.871618004191,46.844237500
2679,46.889120475440,46.861988400
2680,46.906622946689,46.879387800
2681,46.924125417937,46.896834200
2682,46.941627889186,46.914467100
2683,46.959130360435,46.932026800
2684,46.976632831684,46.949319200
2685,46.994135302932,46.966942100
2686,47.011637774181,46.984255300
2687,47.029140245430,47.002175100
2688,47.046642716679,47.019434200
2689,47.064145187927,47.037097400
2690,47.081647659176,47.054481600
2691,47.099150130425,47.071957400
2692,47.116652601674,47.089432200
2693,47.134155072922,47.107003800
2694,47.151657544171,47.124403500
2695,47.169160015420,47.142066800
2696,47.186662486669,47.159622900
2697,47.204164957918,47.177154000
2698,47.221667429166,47.194678500
2699,47.239169900415,47.211987300
2700,47.256672371664,47.229358400
2701,47.274174842913,47.247015500
2702,47.291677314161,47.264367600
2703,47.309179785410,47.282206500
2704,47.326682256659,47.299336700
2705,47.344184727908,47.317359200
2706,47.361687199156,47.334652500
2707,47.379189670405,47.351933900
2708,47.396692141654,47.369782500
2709,47.414194612903,47.386934400
2710,47.431697084151,47.404393400
2711,47.449199555400,47.422905100
2712,47.466702026649,47.439530800
2713,47.484204497898,47.456896500
2714,47.501706969147,47.474424000
2715,47.519209440395,47.491952000
2716,47.536711911644,47.509417000
2717,47.554214382893,47.527261300
2718,47.571716854142,47.545190200
2719,47.589219325390,47.562303400
2720,47.606721796639,47.579364600
2721,47.624224267888,47.596991200
2722,47.641726739137,47.614432900
2723,47.659229210385,47.632476700
2724,47.676731681634,47.649704400
2725,47.694234152883,47.667871400
2726,47.711736624132,47.685815600
2727,47.729239095380,47.702692100
2728,47.746741566629,47.724075300
2729,47.764244037878,47.737294800
2730,47.781746509127,47.754849200
2731,47.799248980376,47.772317800
2732,47.816751451624,47.789634300
2733,47.834253922873,47.807070200
2734,47.851756394122,47.824472300
2735,47.869258865371,47.841923600
2736,47.886761336619,47.859508400
2737,47.904263807868,47.876972900
2738,47.921766279117,47.894550100
2739,47.939268750366,47.911856200
2740,47.956771221614,47.929639700
2741,47.974273692863,47.947224500
2742,47.991776164112,47.964670700
2743,48.009278635361,47.982403500
2744,48.026781106609,48.000143000
2745,48.044283577858,48.016848400
2746,48.061786049107,48.034348600
2747,48.079288520356,48.052128700
2748,48.096790991605,48.070125400
2749,48.114293462853,48.087961800
2750,48.131795934102,48.105197100
2751,48.149298405351,48.122703800
2752,48.166800876600,48.140139800
2753,48.184303347848,48.156926700
2754,48.201805819097,48.174731800
2755,48.219308290346,48.192064200
2756,48.236810761595,48.209442800
2757,48.254313232843,48.228126900
2758,48.271815704092,48.245474600
2759,48.289318175341,48.262899800
2760,48.306820646590,48.280314300
2761,48.324323117838,48.297292100
2762,48.341825589087,48.314952000
2763,48.359328060336,48.331916900
2764,48.376830531585,48.349974000
2765,48.394333002833,48.367560500
2766,48.411835474082,48.384447200
2767,48.429337945331,48.402979800
2768,48.446840416580,48.420360400
2769,48.464342887829,48.437274600
2770,48.481845359077,48.454548900
2771,48.499347830326,48.472029000
2772,48.516850301575,48.489617700
2773,48.534352772824,48.507049700
2774,48.551855244072,48.524476400
2775,48.569357715321,48.542109400
2776,48.586860186570,48.560109500
2777,48.604362657819,48.577112400
2778,48.621865129067,48.595417500
2779,48.639367600316,48.612562300
2780,48.656870071565,48.629941700
2781,48.674372542814,48.647593700
2782,48.691875014062,48.665413200
2783,48.709377485311,48.683142400
2784,48.726879956560,48.699744800
2785,48.744382427809,48.717524600
2786,48.761884899058,48.734969200
2787,48.779387370306,48.752078800
2788,48.796889841555,48.769797000
2789,48.814392312804,48.787119600
2790,48.831894784053,48.804800200
2791,48.849397255301,48.822066400
2792,48.866899726550,48.839535000
2793,48.884402197799,48.857083800
2794,48.901904669048,48.874892200
2795,48.919407140296,48.892267400
2796,48.936909611545,48.909682300
2797,48.954412082794,48.927294800
2798,48.971914554043,48.944864100
2799,48.989417025291,48.962346800
2800,49.006919496540,48.979905700
2801,49.024421967789,48.997416200
2802,49.041924439038,49.014619900
2803,49.059426910287,49.032020200
2804,49.076929381535,49.049517400
2805,49.094431852784,49.067594200
2806,49.111934324033,49.084454000
2807,49.129436795282,49.102132900
2808,49.146939266530,49.120295100
2809,49.164441737779,49.137196200
2810,49.181944209028,49.154709200
2811,49.199446680277,49.171943600
2812,49.216949151525,49.189682700
2813,49.234451622774,49.206986200
2814,49.251954094023,49.224604400
2815,49.269456565272,49.242324200
2816,49.286959036520,49.260168400
2817,49.304461507769,49.277163200
2818,49.321963979018,49.294727600
2819,49.339466450267,49.312370400
2820,49.356968921516,49.329797400
2821,49.374471392764,49.347147400
2822,49.391973864013,49.364872700
2823,49.409476335262,49.382209300
2824,49.426978806511,49.400193000
2825,49.444481277759,49.417779500
2826,49.461983749008,49.435273400
2827,49.479486220257,49.452267900
2828,49.496988691506,49.469680300
2829,49.514491162754,49.487332400
2830,49.531993634003,49.505168700
2831,49.549496105252,49.522156600
2832,49.566998576501,49.540025900
2833,49.584501047749,49.557988100
2834,49.602003518998,49.575120400
2835,49.619505990247,49.592268400
2836,49.637008461496,49.609694300
2837,49.654510932745,49.627294200
2838,49.672013403993,49.644610600
2839,49.689515875242,49.662146000
2840,49.707018346491,49.680738600
2841,49.724520817740,49.697836500
2842,49.742023288988,49.715239100
2843,49.759525760237,49.732287600
2844,49.777028231486,49.750166100
2845,49.794530702735,49.767354500
2846,49.812033173983,49.784695500
2847,49.829535645232,49.802198200
2848,49.847038116481,49.819768600
2849,49.864540587730,49.837558900
2850,49.882043058978,49.855309800
2851,49.899545530227,49.872594600
2852,49.917048001476,49.890075900
2853,49.934550472725,49.907346900
2854,49.952052943974,49.926087700
2855,49.969555415222,49.942668400
2856,49.987057886471,49.959919700
2857,50.004560357720,49.977114500
2858,50.022062828969,49.995118300
2859,50.039565300217,50.012268900
2860,50.057067771466,50.029953600
2861,50.074570242715,50.047119800
2862,50.092072713964,50.065101100
2863,50.109575185212,50.082308100
2864,50.127077656461,50.100037000
2865,50.144580127710,50.117569100
2866,50.162082598959,50.135707900
2867,50.179585070207,50.152475300
2868,50.197087541456,50.169914600
2869,50.214590012705,50.187534300
2870,50.232092483954,50.205180900
2871,50.249594955203,50.222286500
2872,50.267097426451,50.239737200
2873,50.284599897700,50.257381300
2874,50.302102368949,50.275157500
2875,50.319604840198,50.292625500
2876,50.337107311446,50.310385100
2877,50.354609782695,50.327549400
2878,50.372112253944,50.344725800
2879,50.389614725193,50.362420300
2880,50.407117196441,50.380183000
2881,50.424619667690,50.397164800
2882,50.442122138939,50.415202800
2883,50.459624610188,50.432294500
2884,50.477127081436,50.450009600
2885,50.494629552685,50.467218100
2886,50.512132023934,50.484757200
2887,50.529634495183,50.503078500
2888,50.547136966432,50.519952600
2889,50.564639437680,50.537281100
2890,50.582141908929,50.555301500
2891,50.599644380178,50.572328200
2892,50.617146851427,50.590043400
2893,50.634649322675,50.607208400
2894,50.652151793924,50.624789100
2895,50.669654265173,50.642725900
2896,50.687156736422,50.659875100
2897,50.704659207670,50.677178300
2898,50.722161678919,50.695015300
2899,50.739664150168,50.712459100
2900,50.757166621417,50.729838500
2901,50.774669092665,50.747531000
2902,50.792171563914,50.765272200
2903,50.809674035163,50.782314800
2904,50.827176506412,50.799914400
2905,50.844678977661,50.817229200
2906,50.862181448909,50.835140800
2907,50.879683920158,50.852298700
2908,50.897186391407,50.870827900
2909,50.914688862656,50.887905200
2910,50.932191333904,50.905217100
2911,50.949693805153,50.922420600
2912,50.967196276402,50.940093000
2913,50.984698747651,50.957751500
2914,51.002201218899,50.974979900
2915,51.019703690148,50.992418800
2916,51.037206161397,51.010451600
2917,51.054708632646,51.027448900
2918,51.072211103894,51.044934700
2919,51.089713575143,51.062239700
2920,51.107216046392,51.079879200
2921,51.124718517641,51.097224800
2922,51.142220988890,51.115282900
2923,51.159723460138,51.133087000
2924,51.177225931387,51.150179600
2925,51.194728402636,51.167335300
2926,51.212230873885,51.185369200
2927,51.229733345133,51.203382200
2928,51.247235816382,51.220764000
2929,51.264738287631,51.237771000
2930,51.282240758880,51.255129000
2931,51.299743230128,51.272668600
2932,51.317245701377,51.290245500
2933,51.334748172626,51.307454100
2934,51.352250643875,51.325105100
2935,51.369753115123,51.342462900
2936,51.387255586372,51.359992700
2937,51.404758057621,51.377510100
2938,51.422260528870,51.394964700
2939,51.439763000118,51.412385600
2940,51.457265471367,51.430344100
2941,51.474767942616,51.447471900
2942,51.492270413865,51.464872900
2943,51.509772885114,51.482558800
2944,51.527275356362,51.500223400
2945,51.544777827611,51.517464400
2946,51.562280298860,51.535172400
2947,51.579782770109,51.552438500
2948,51.597285241357,51.570116800
2949,51.614787712606,51.587660000
2950,51.632290183855,51.605895300
2951,51.649792655104,51.622661600
2952,51.667295126352,51.640109600
2953,51.684797597601,51.657400700
2954,51.702300068850,51.675225900
2955,51.719802540099,51.693153300
2956,51.737305011347,51.712387000
2957,51.754807482596,51.727390200
2958,51.772309953845,51.744959600
2959,51.789812425094,51.762905700
2960,51.807314896343,51.779915900
2961,51.824817367591,51.797657700
2962,51.842319838840,51.815009000
2963,51.859822310089,51.833533300
2964,51.877324781338,51.849926000
2965,51.894827252586,51.867435600
2966,51.912329723835,51.885579300
2967,51.929832195084,51.902809700
2968,51.947334666333,51.920258300
2969,51.964837137581,51.937366300
2970,51.982339608830,51.955953200
2971,51.999842080079,51.972760400
2972,52.017344551328,51.990189600
2973,52.034847022576,52.008112500
2974,52.052349493825,52.027438800
2975,52.069851965074,52.042499000
2976,52.087354436323,52.060185200
2977,52.104856907572,52.077720200
2978,52.122359378820,52.094903700
2979,52.139861850069,52.112386100
2980,52.157364321318,52.129980100
2981,52.174866792567,52.147707900
2982,52.192369263815,52.164990000
2983,52.209871735064,52.183412600
2984,52.227374206313,52.200528300
2985,52.244876677562,52.217880000
2986,52.262379148810,52.235142300
2987,52.279881620059,52.253088600
2988,52.297384091308,52.270312100
2989,52.314886562557,52.288090000
2990,52.332389033805,52.305050400
2991,52.349891505054,52.323241400
2992,52.367393976303,52.339915600
2993,52.384896447552,52.357715700
2994,52.402398918801,52.374952200
2995,52.419901390049,52.392912400
2996,52.437403861298,52.410267100
2997,52.454906332547,52.427573200
2998,52.472408803796,52.445329700
2999,52.489911275044,52.462723200
3000,52.507413746293,52.480074300
3001,52.524916217542,52.498092700
3002,52.542418688791,52.515234200
3003,52.559921160039,52.534670500
3004,52.577423631288,52.551881800
3005,52.594926102537,52.569736800
3006,52.612428573786,52.587654600
3007,52.629931045034,52.604491000
3008,52.647433516283,52.621734100
3009,52.664935987532,52.639218800
3010,52.682438458781,52.656850900
3011,52.699940930030,52.673892400
3012,52.717443401278,52.691697000
3013,52.734945872527,52.709949500
3014,52.752448343776,52.726679200
3015,52.769950815025,52.744430400
3016,52.787453286273,52.762360300
3017,52.804955757522,52.780169500
3018,52.822458228771,52.796445400
3019,52.839960700020,52.814066800
3020,52.857463171268,52.831740000
3021,52.874965642517,52.849200700
3022,52.892468113766,52.866336700
3023,52.909970585015,52.884008000
3024,52.927473056263,52.902092300
3025,52.944975527512,52.919794500
3026,52.962477998761,52.936503300
3027,52.979980470010,52.953948100
3028,52.997482941259,52.972085300
3029,53.014985412507,52.989347700
3030,53.032487883756,53.007132200
3031,53.049990355005,53.024424500
3032,53.067492826254,53.042617700
3033,53.084995297502,53.059416000
3034,53.102497768751,53.077036800
3035,53.120000240000,53.094530800
3036,53.137502711249,53.110847400
3037,53.155005182497,53.129271000
3038,53.172507653746,53.146732100
3039,53.190010124995,53.164289800
3040,53.207512596244,53.182134100
3041,53.225015067492,53.199090800
3042,53.242517538741,53.215128400
3043,53.260020009990,53.234064900
3044,53.277522481239,53.251677100
3045,53.295024952488,53.269200700
3046,53.312527423736,53.286640200
3047,53.330029894985,53.302823400
3048,53.347532366234,53.321937200
3049,53.365034837483,53.339269500
3050,53.382537308731,53.356670000
3051,53.400039779980,53.374169800
3052,53.417542251229,53.391535900
3053,53.435044722478,53.408915200
3054,53.452547193726,53.426776400
3055,53.470049664975,53.443255000
3056,53.487552136224,53.462049100
3057,53.505054607473,53.478159300
3058,53.522557078721,53.495878300
3059,53.540059549970,53.514169100
3060,53.557562021219,53.531828800
3061,53.575064492468,53.549236300
3062,53.592566963717,53.566523700
3063,53.610069434965,53.582819000
3064,53.627571906214,53.601946300
3065,53.645074377463,53.618868500
3066,53.662576848712,53.636700800
3067,53.680079319960,53.654162600
3068,53.697581791209,53.671774700
3069,53.715084262458,53.689090800
3070,53.732586733707,53.705607900
3071,53.750089204955,53.724870200
3072,53.767591676204,53.741717000
3073,53.785094147453,53.759101300
3074,53.802596618702,53.775506600
3075,53.820099089950,53.794131200
3076,53.837601561199,53.810790700
3077,53.855104032448,53.829089200
3078,53.872606503697,53.846452900
3079,53.890108974946,53.863765700
3080,53.907611446194,53.881239700
3081,53.925113917443,53.900146000
3082,53.942616388692,53.916895100
3083,53.960118859941,53.934110400
3084,53.977621331189,53.951378000
3085,53.995123802438,53.969363800
3086,54.012626273687,53.987005200
3087,54.030128744936,54.004458000
3088,54.047631216184,54.022439800
3089,54.065133687433,54.039632400
3090,54.082636158682,54.056782400
3091,54.100138629931,54.074963000
3092,54.117641101179,54.091960300
3093,54.135143572428,54.108593300
3094,54.152646043677,54.126699700
3095,54.170148514926,54.144515200
3096,54.187650986175,54.161001900
3097,54.205153457423,54.179699500
3098,54.222655928672,54.197157800
3099,54.240158399921,54.214487800
3100,54.257660871170,54.232073000
3101,54.275163342418,54.249576900
3102,54.292665813667,54.265906800
3103,54.310168284916,54.283807000
3104,54.327670756165,54.301926700
3105,54.345173227413,54.319567100
3106,54.362675698662,54.336987700
3107,54.380178169911,54.354508500
3108,54.397680641160,54.372059900
3109,54.415183112408,54.389267100
3110,54.432685583657,54.406991600
3111,54.450188054906,54.424437600
3112,54.467690526155,54.441880700
3113,54.485192997404,54.459568000
3114,54.502695468652,54.476676000
3115,54.520197939901,54.494491600
3116,54.537700411150,54.512039900
3117,54.555202882399,54.529245200
3118,54.572705353647,54.546517600
3119,54.590207824896,54.564300100
3120,54.607710296145,54.581888900
3121,54.625212767394,54.598218700
3122,54.642715238642,54.616635800
3123,54.660217709891,54.634054400
3124,54.677720181140,54.652045700
3125,54.695222652389,54.669327300
3126,54.712725123637,54.686982800
3127,54.730227594886,54.704302600
3128,54.747730066135,54.721922200
3129,54.765232537384,54.739801100
3130,54.782735008632,54.756183800
3131,54.800237479881,54.774623700
3132,54.817739951130,54.792196900
3133,54.835242422379,54.808887200
3134,54.852744893628,54.826869300
3135,54.870247364876,54.844547900
3136,54.887749836125,54.861477500
3137,54.905252307374,54.879437300
3138,54.922754778623,54.897039400
3139,54.940257249871,54.914532400
3140,54.957759721120,54.932186700
3141,54.975262192369,54.949519200
3142,54.992764663618,54.966967100
3143,55.010267134866,54.983806100
3144,55.027769606115,55.001843700
3145,55.045272077364,55.019514300
3146,55.062774548613,55.035802700
3147,55.080277019861,55.054486000
3148,55.097779491110,55.071741700
3149,55.115281962359,55.089316500
3150,55.132784433608,55.106685300
3151,55.150286904857,55.123585200
3152,55.167789376105,55.142524000
3153,55.185291847354,55.159650700
3154,55.202794318603,55.176148300
3155,55.220296789852,55.194555100
3156,55.237799261100,55.212700500
3157,55.255301732349,55.229853200
3158,55.272804203598,55.247039200
3159,55.290306674847,55.263607400
3160,55.307809146095,55.282452300
3161,55.325311617344,55.299643400
3162,55.342814088593,55.315612000
3163,55.360316559842,55.334721200
3164,55.377819031090,55.352124400
3165,55.395321502339,55.369735200
3166,55.412823973588,55.386943500
3167,55.430326444837,55.404492000
3168,55.447828916086,55.422674500
3169,55.465331387334,55.439281600
3170,55.482833858583,55.457004600
3171,55.500336329832,55.474364600
3172,55.517838801081,55.491871700
3173,55.535341272329,55.508056100
3174,55.552843743578,55.527731400
3175,55.570346214827,55.544544500
3176,55.587848686076,55.562086900
3177,55.605351157324,55.579458800
3178,55.622853628573,55.597144700
3179,55.640356099822,55.614067900
3180,55.657858571071,55.632394100
3181,55.675361042319,55.649460300
3182,55.692863513568,55.666995800
3183,55.710365984817,55.684389400
3184,55.727868456066,55.701964700
3185,55.745370927315,55.719374200
3186,55.762873398563,55.737475200
3187,55.780375869812,55.755577500
3188,55.797878341061,55.772418900
3189,55.815380812310,55.789623300
3190,55.832883283558,55.806886000
3191,55.850385754807,55.824540600
3192,55.867888226056,55.841966100
3193,55.885390697305,55.859379800
3194,55.902893168553,55.876903000
3195,55.920395639802,55.894542000
3196,55.937898111051,55.910740200
3197,55.955400582300,55.929274600
3198,55.972903053548,55.946952500
3199,55.990405524797,55.964558600
3200,56.007907996046,55.982318700
3201,56.025410467295,55.999625600
3202,56.042912938544,56.017211300
3203,56.060415409792,56.034414600
3204,56.077917881041,56.050770400
3205,56.095420352290,56.069502400
3206,56.112922823539,56.087213900
3207,56.130425294787,56.104749000
3208,56.147927766036,56.122118000
3209,56.165430237285,56.138216100
3210,56.182932708534,56.157034700
3211,56.200435179782,56.174566500
3212,56.217937651031,56.192772600
3213,56.235440122280,56.208148900
3214,56.252942593529,56.227225800
3215,56.270445064777,56.244862200
3216,56.287947536026,56.262172900
3217,56.305450007275,56.279692100
3218,56.322952478524,56.297013300
3219,56.340454949773,56.314568400
3220,56.357957421021,56.331108500
3221,56.375459892270,56.349725800
3222,56.392962363519,56.365799600
3223,56.410464834768,56.384738000
3224,56.427967306016,56.401756000
3225,56.445469777265,56.419929700
3226,56.462972248514,56.436768500
3227,56.480474719763,56.454569100
3228,56.497977191011,56.472211400
3229,56.515479662260,56.489467600
3230,56.532982133509,56.506956700
3231,56.550484604758,56.524302700
3232,56.567987076006,56.542099500
3233,56.585489547255,56.559964900
3234,56.602992018504,56.577505700
3235,56.620494489753,56.594860000
3236,56.637996961002,56.611947300
3237,56.655499432250,56.629453900
3238,56.673001903499,56.647284900
3239,56.690504374748,56.664565000
3240,56.708006845997,56.681521000
3241,56.725509317245,56.699533300
3242,56.743011788494,56.717610300
3243,56.760514259743,56.734918700
3244,56.778016730992,56.752501600
3245,56.795519202240,56.769927000
3246,56.813021673489,56.787452000
3247,56.830524144738,56.804094300
3248,56.848026615987,56.822285200
3249,56.865529087235,56.840233000
3250,56.883031558484,56.857762700
3251,56.900534029733,56.874149400
3252,56.918036500982,56.892633100
3253,56.935538972231,56.909651500
3254,56.953041443479,56.927288400
3255,56.970543914728,56.944724700
3256,56.988046385977,56.962154500
3257,57.005548857226,56.979132400
3258,57.023051328474,56.997190200
3259,57.040553799723,57.014670000
3260,57.058056270972,57.032247500
3261,57.075558742221,57.049880600
3262,57.093061213469,57.067021900
3263,57.110563684718,57.084699400
3264,57.128066155967,57.102530300
3265,57.145568627216,57.119973200
3266,57.163071098464,57.138200800
3267,57.180573569713,57.155101400
3268,57.198076040962,57.172657800
3269,57.215578512211,57.189942800
3270,57.233080983460,57.207162200
3271,57.250583454708,57.223709600
3272,57.268085925957,57.242395300
3273,57.285588397206,57.259778100
3274,57.303090868455,57.277697900
3275,57.320593339703,57.294419600
3276,57.338095810952,57.311473600
3277,57.355598282201,57.328573600
3278,57.373100753450,57.346219600
3279,57.390603224698,57.363980200
3280,57.408105695947,57.381548900
3281,57.425608167196,57.398997000
3282,57.443110638445,57.416451100
3283,57.460613109693,57.433927300
3284,57.478115580942,57.451516400
3285,57.495618052191,57.469278800
3286,57.513120523440,57.486867000
3287,57.530622994688,57.504317700
3288,57.548125465937,57.522114900
3289,57.565627937186,57.539505200
3290,57.583130408435,57.557023500
3291,57.600632879684,57.574167500
3292,57.618135350932,57.592244400
3293,57.635637822181,57.610007700
3294,57.653140293430,57.626871700
3295,57.670642764679,57.644657800
3296,57.688145235927,57.662140500
3297,57.705647707176,57.679281300
3298,57.723150178425,57.696876500
3299,57.740652649674,57.714282400
3300,57.758155120922,57.731929000
3301,57.775657592171,57.749420900
3302,57.793160063420,57.767015700
3303,57.810662534669,57.784638000
3304,57.828165005917,57.801730000
3305,57.845667477166,57.819099300
3306,57.863169948415,57.836687600
3307,57.880672419664,57.854389500
3308,57.898174890913,57.871696400
3309,57.915677362161,57.889200900
3310,57.933179833410,57.906770100
3311,57.950682304659,57.924533200
3312,57.968184775908,57.941710300
3313,57.985687247156,57.959206600
3314,58.003189718405,57.976673400
3315,58.020692189654,57.994552500
3316,58.038194660903,58.011920500
3317,58.055697132151,58.029345800
3318,58.073199603400,58.046770700
3319,58.090702074649,58.064281200
3320,58.108204545898,58.082092700
3321,58.125707017146,58.099676200
3322,58.143209488395,58.116610200
3323,58.160711959644,58.134331000
3324,58.178214430893,58.151695800
3325,58.195716902142,58.169736000
3326,58.213219373390,58.186626500
3327,58.230721844639,58.204202400
3328,58.248224315888,58.222286900
3329,58.265726787137,58.239297700
3330,58.283229258385,58.256823400
3331,58.300731729634,58.274642300
3332,58.318234200883,58.291899800
3333,58.335736672132,58.309274500
3334,58.353239143380,58.326795700
3335,58.370741614629,58.344820800
3336,58.388244085878,58.361884500
3337,58.405746557127,58.379223700
3338,58.423249028375,58.396657600
3339,58.440751499624,58.414185000
3340,58.458253970873,58.431525500
3341,58.475756442122,58.449092000
3342,58.493258913371,58.466754200
3343,58.510761384619,58.484759300
3344,58.528263855868,58.501681400
3345,58.545766327117,58.519040600
3346,58.563268798366,58.536648600
3347,58.580771269614,58.554516600
3348,58.598273740863,58.571878500
3349,58.615776212112,58.589885900
3350,58.633278683361,58.606992300
3351,58.650781154609,58.624075800
3352,58.668283625858,58.641790400
3353,58.685786097107,58.661153400
3354,58.703288568356,58.676914400
3355,58.720791039604,58.694275800
3356,58.738293510853,58.712378200
3357,58.755795982102,58.729545100
3358,58.773298453351,58.747383600
3359,58.790800924600,58.764386900
3360,58.808303395848,58.781875600
3361,58.825805867097,58.799230600
3362,58.843308338346,58.816870800
3363,58.860810809595,58.834856900
3364,58.878313280843,58.851957100
3365,58.895815752092,58.869534700
3366,58.913318223341,58.886647600
3367,58.930820694590,58.904120000
3368,58.948323165838,58.921878300
3369,58.965825637087,58.939610500
3370,58.983328108336,58.956667100
3371,59.000830579585,58.974204500
3372,59.018333050833,58.991725600
3373,59.035835522082,59.009657700
3374,59.053337993331,59.026708600
3375,59.070840464580,59.044344300
3376,59.088342935829,59.061863800
3377,59.105845407077,59.079439400
3378,59.123347878326,59.096956900
3379,59.140850349575,59.114282400
3380,59.158352820824,59.131808200
3381,59.175855292072,59.149217900
3382,59.193357763321,59.167548400
3383,59.210860234570,59.184148400
3384,59.228362705819,59.201796200
3385,59.245865177067,59.220202400
3386,59.263367648316,59.237157200
3387,59.280870119565,59.254412800
3388,59.298372590814,59.272540700
3389,59.315875062062,59.289470700
3390,59.333377533311,59.306819900
3391,59.350880004560,59.324451200
3392,59.368382475809,59.341906800
3393,59.385884947058,59.359489500
3394,59.403387418306,59.376846700
3395,59.420889889555,59.394166400
3396,59.438392360804,59.411659900
3397,59.455894832053,59.429107800
3398,59.473397303301,59.446980800
3399,59.490899774550,59.464499800
3400,59.508402245799,59.482039000
3401,59.525904717048,59.499991500
3402,59.543407188296,59.516775900
3403,59.560909659545,59.534438700
3404,59.578412130794,59.551792300
3405,59.595914602043,59.569169900
3406,59.613417073291,59.586754100
3407,59.630919544540,59.604755100
3408,59.648422015789,59.621816100
3409,59.665924487038,59.639115500
3410,59.683426958287,59.656987400
3411,59.700929429535,59.674450900
3412,59.718431900784,59.692003700
3413,59.735934372033,59.709582200
3414,59.753436843282,59.727369700
3415,59.770939314530,59.744371800
3416,59.788441785779,59.762241400
3417,59.805944257028,59.779344000
3418,59.823446728277,59.796910000
3419,59.840949199525,59.814486500
3420,59.858451670774,59.832341500
3421,59.875954142023,59.849628100
3422,59.893456613272,59.866865100
3423,59.910959084520,59.884381400
3424,59.928461555769,59.901823600
3425,59.945964027018,59.919488800
3426,59.963466498267,59.936951500
3427,59.980968969516,59.955654100
3428,59.998471440764,59.972716600
3429,60.015973912013,59.989737400
3430,60.033476383262,60.006737800
3431,60.050978854511,60.024391400
3432,60.068481325759,60.042428300
3433,60.085983797008,60.059596500
3434,60.103486268257,60.077209300
3435,60.120988739506,60.094492500
3436,60.138491210754,60.112144800
3437,60.155993682003,60.129744500
3438,60.173496153252,60.146803300
3439,60.190998624501,60.164461800
3440,60.208501095749,60.181876100
3441,60.226003566998,60.201909700
3442,60.243506038247,60.216892000
3443,60.261008509496,60.234723300
3444,60.278510980745,60.251999000
3445,60.296013451993,60.269496400
3446,60.313515923242,60.287026800
3447,60.331018394491,60.304597100
3448,60.348520865740,60.322449900
3449,60.366023336988,60.339270000
3450,60.383525808237,60.356930200
3451,60.401028279486,60.374881200
3452,60.418530750735,60.392153900
3453,60.436033221983,60.409618900
3454,60.453535693232,60.426869900
3455,60.471038164481,60.444465000
3456,60.488540635730,60.461919800
3457,60.506043106978,60.478666600
3458,60.523545578227,60.496791500
3459,60.541048049476,60.513740200
3460,60.558550520725,60.531113500
3461,60.576052991973,60.548925600
3462,60.593555463222,60.566209000
3463,60.611057934471,60.583697700
3464,60.628560405720,60.601676600
3465,60.646062876969,60.619152900
3466,60.663565348217,60.637096200
3467,60.681067819466,60.654400300
3468,60.698570290715,60.671909200
3469,60.716072761964,60.689247000
3470,60.733575233212,60.706348300
3471,60.751077704461,60.723910300
3472,60.768580175710,60.741284600
3473,60.786082646959,60.758991100
3474,60.803585118207,60.776288000
3475,60.821087589456,60.793936400
3476,60.838590060705,60.811168300
3477,60.856092531954,60.828903600
3478,60.873595003202,60.846330200
3479,60.891097474451,60.863826700
3480,60.908599945700,60.881254400
3481,60.926102416949,60.898698200
3482,60.943604888198,60.916748300
3483,60.961107359446,60.933831600
3484,60.978609830695,60.951210000
3485,60.996112301944,60.968730500
3486,61.013614773193,60.989078900
3487,61.031117244441,61.006489700
3488,61.048619715690,61.024112700
3489,61.066122186939,61.041755200
3490,61.083624658188,61.059377000
3491,61.101127129436,61.076785700
3492,61.118629600685,61.094365200
3493,61.136132071934,61.112045900
3494,61.153634543183,61.129854700
3495,61.171137014431,61.146784800
3496,61.188639485680,61.164796100
3497,61.206141956929,61.181917500
3498,61.223644428178,61.199203800
3499,61.241146899427,61.217107100
3500,61.258649370675,61.234632100
3501,61.276151841924,61.252058600
3502,61.293654313173,61.331435800
3503,61.311156784422,61.345615100
3504,61.328659255670,61.359001600
3505,61.346161726919,61.372031500
3506,61.363664198168,61.384771400
3507,61.381166669417,61.397632700
3508,61.398669140665,61.410871500
3509,61.416171611914,61.424039100
3510,61.433674083163,61.437226000
3511,61.451176554412,61.450693500
3512,61.468679025660,61.463939800
3513,61.486181496909,61.477260100
3514,61.503683968158,61.490663800
3515,61.521186439407,61.504252700
3516,61.538688910656,61.521102600
3517,61.556191381904,61.538637300
3518,61.573693853153,61.556661700
3519,61.591196324402,61.573920400
3520,61.608698795651,61.591324900
3521,61.626201266899,61.608937700
3522,61.643703738148,61.626437300
3523,61.661206209397,61.643705900
3524,61.678708680646,61.662110900
3525,61.696211151894,61.679311700
3526,61.713713623143,61.696500000
3527,61.731216094392,61.713944700
3528,61.748718565641,61.731509000
3529,61.766221036889,61.749136600
3530,61.783723508138,61.766739500
3531,61.801225979387,61.783651800
3532,61.818728450636,61.801289200
3533,61.836230921885,61.819107400
3534,61.853733393133,61.836440400
3535,61.871235864382,61.853867100
3536,61.888738335631,61.871524400
3537,61.906240806880,61.889108800
3538,61.923743278128,61.906180300
3539,61.941245749377,61.923959400
3540,61.958748220626,61.941320100
3541,61.976250691875,61.959134500
3542,61.993753163123,61.976105300
3543,62.011255634372,61.993586600
3544,62.028758105621,62.011108200
3545,62.046260576870,62.028835300
3546,62.063763048118,62.046204300
3547,62.081265519367,62.063764700
3548,62.098767990616,62.081678800
3549,62.116270461865,62.098608300
3550,62.133772933114,62.117009000
3551,62.151275404362,62.134099500
3552,62.168777875611,62.151383900
3553,62.186280346860,62.168913100
3554,62.203782818109,62.186782700
3555,62.221285289357,62.203628900
3556,62.238787760606,62.221433000
3557,62.256290231855,62.239857100
3558,62.273792703104,62.256315000
3559,62.291295174352,62.273652900
3560,62.308797645601,62.291310100
3561,62.326300116850,62.308864100
3562,62.343802588099,62.326999200
3563,62.361305059347,62.344154600
3564,62.378807530596,62.361532300
3565,62.396310001845,62.379007700
3566,62.413812473094,62.396257300
3567,62.431314944343,62.413834500
3568,62.448817415591,62.431710500
3569,62.466319886840,62.448813000
3570,62.483822358089,62.466559600
3571,62.501324829338,62.484174500
3572,62.518827300586,62.501320000
3573,62.536329771835,62.518817400
3574,62.553832243084,62.536328700
3575,62.571334714333,62.553936700
3576,62.588837185581,62.571587100
3577,62.606339656830,62.588665900
3578,62.623842128079,62.606600600
3579,62.641344599328,62.623704300
3580,62.658847070576,62.641541300
3581,62.676349541825,62.658781500
3582,62.693852013074,62.676393300
3583,62.711354484323,62.693907400
3584,62.728856955572,62.711660900
3585,62.746359426820,62.728696500
3586,62.763861898069,62.746710300
3587,62.781364369318,62.764328300
3588,62.798866840567,62.781238400
3589,62.816369311815,62.799028200
3590,62.833871783064,62.816391200
3591,62.851374254313,62.834181900
3592,62.868876725562,62.851141600
3593,62.886379196810,62.868996700
3594,62.903881668059,62.886691300
3595,62.921384139308,62.904386000
3596,62.938886610557,62.921661800
3597,62.956389081805,62.939126300
3598,62.973891553054,62.956590600
3599,62.991394024303,62.973846200
3600,63.008896495552,62.992484700
3601,63.026398966801,63.009687200
3602,63.043901438049,63.026776000
3603,63.061403909298,63.044281200
3604,63.078906380547,63.061855600
3605,63.096408851796,63.079068600
3606,63.113911323044,63.096966700
3607,63.131413794293,63.113830800
3608,63.148916265542,63.131403400
3609,63.166418736791,63.148766900
3610,63.183921208039,63.166367400
3611,63.201423679288,63.184108500
3612,63.218926150537,63.201628300
3613,63.236428621786,63.218746900
3614,63.253931093034,63.236581900
3615,63.271433564283,63.254489800
3616,63.288936035532,63.271622800
3617,63.306438506781,63.288818500
3618,63.323940978030,63.306274000
3619,63.341443449278,63.324101500
3620,63.358945920527,63.341627200
3621,63.376448391776,63.359175500
3622,63.393950863025,63.376257600
3623,63.411453334273,63.393894400
3624,63.428955805522,63.411315800
3625,63.446458276771,63.429217900
3626,63.463960748020,63.446677800
3627,63.481463219268,63.463899200
3628,63.498965690517,63.481735500
3629,63.516468161766,63.498921400
3630,63.533970633015,63.517263900
3631,63.551473104263,63.534320200
3632,63.568975575512,63.551372700
3633,63.586478046761,63.569426000
3634,63.603980518010,63.586211000
3635,63.621482989259,63.604166500
3636,63.638985460507,63.621570300
3637,63.656487931756,63.639728500
3638,63.673990403005,63.656756000
3639,63.691492874254,63.674276500
3640,63.708995345502,63.692081400
3641,63.726497816751,63.709653300
3642,63.744000288000,63.726805900
3643,63.761502759249,63.744479100
3644,63.779005230497,63.762724500
3645,63.796507701746,63.779672600
3646,63.814010172995,63.796615400
3647,63.831512644244,63.814808200
3648,63.849015115492,63.831910900
3649,63.866517586741,63.849112600
3650,63.884020057990,63.867306500
3651,63.901522529239,63.884471500
3652,63.919025000487,63.902146800
3653,63.936527471736,63.919379300
3654,63.954029942985,63.936652500
3655,63.971532414234,63.954570200
3656,63.989034885483,63.971431500
3657,64.006537356731,63.989369100
3658,64.024039827980,64.006926900
3659,64.041542299229,64.023995500
3660,64.059044770478,64.041679200
3661,64.076547241726,64.059290300
3662,64.094049712975,64.076713600
3663,64.111552184224,64.094082800
3664,64.129054655473,64.112093800
3665,64.146557126721,64.129341900
3666,64.164059597970,64.146767700
3667,64.181562069219,64.164506000
3668,64.199064540468,64.182457400
3669,64.216567011716,64.200110600
3670,64.234069482965,64.217506300
3671,64.251571954214,64.234622200
3672,64.269074425463,64.251920300
3673,64.286576896712,64.270242500
3674,64.304079367960,64.287200900
3675,64.321581839209,64.304293000
3676,64.339084310458,64.321964200
3677,64.356586781707,64.339427000
3678,64.374089252955,64.357064700
3679,64.391591724204,64.374597200
3680,64.409094195453,64.391737700
3681,64.426596666702,64.408984100
3682,64.444099137950,64.426620600
3683,64.461601609199,64.445195400
3684,64.479104080448,64.461862400
3685,64.496606551697,64.479050300
3686,64.514109022945,64.497335300
3687,64.531611494194,64.514486700
3688,64.549113965443,64.531753300
3689,64.566616436692,64.549136500
3690,64.584118907941,64.566817300
3691,64.601621379189,64.584145900
3692,64.619123850438,64.602116700
3693,64.636626321687,64.619173100
3694,64.654128792936,64.637415500
3695,64.671631264184,64.654461800
3696,64.689133735433,64.671632100
3697,64.706636206682,64.689221500
3698,64.724138677931,64.706303800
3699,64.741641149179,64.715810500
3700,64.759143620428,64.741765200
3701,64.776646091677,64.751040900
3702,64.794148562926,64.777136100
3703,64.811651034174,64.794720900
3704,64.829153505423,64.812052900
3705,64.846655976672,64.829606000
3706,64.864158447921,64.847584500
3707,64.881660919170,64.864877800
3708,64.899163390418,64.882829400
3709,64.916665861667,64.900458000
3710,64.934168332916,64.916852600
3711,64.951670804165,64.934569400
3712,64.969173275413,64.952328700
3713,64.986675746662,64.969688600
3714,65.004178217911,64.986730500
3715,65.021680689160,65.004447600
3716,65.039183160408,65.022723100
3717,65.056685631657,65.039187800
3718,65.074188102906,65.057206400
3719,65.091690574155,65.075664300
3720,65.109193045403,65.092230200
3721,65.126695516652,65.109173400
3722,65.144197987901,65.127888200
3723,65.161700459150,65.144613400
3724,65.179202930399,65.161803800
3725,65.196705401647,65.180234100
3726,65.214207872896,65.197169900
3727,65.231710344145,65.214535300
3728,65.249212815394,65.232230800
3729,65.266715286642,65.249887500
3730,65.284217757891,65.266959600
3731,65.301720229140,65.284414200
3732,65.319222700389,65.302124400
3733,65.336725171637,65.319513500
3734,65.354227642886,65.337335600
3735,65.371730114135,65.355058300
3736,65.389232585384,65.372883400
3737,65.406735056632,65.390300900
3738,65.424237527881,65.407183200
3739,65.441739999130,65.424439000
3740,65.459242470379,65.441932300
3741,65.476744941628,65.459468600
3742,65.494247412876,65.476859400
3743,65.511749884125,65.494772300
3744,65.529252355374,65.512436700
3745,65.546754826623,65.529490400
3746,65.564257297871,65.547214900
3747,65.581759769120,65.564558700
3748,65.599262240369,65.582114700
3749,65.616764711618,65.599659800
3750,65.634267182866,65.617492900
3751,65.651769654115,65.634593100
3752,65.669272125364,65.652226400
3753,65.686774596613,65.669299800
3754,65.704277067861,65.687078000
3755,65.721779539110,65.704746600
3756,65.739282010359,65.722112200
3757,65.756784481608,65.740145200
3758,65.774286952857,65.757399400
3759,65.791789424105,65.775441500
3760,65.809291895354,65.791723700
3761,65.826794366603,65.809455000
3762,65.844296837852,65.827304200
3763,65.861799309100,65.844884300
3764,65.879301780349,65.861892400
3765,65.896804251598,65.879495400
3766,65.914306722847,65.897087500
3767,65.931809194095,65.914177500
3768,65.949311665344,65.931912500
3769,65.966814136593,65.950002900
3770,65.984316607842,65.966914800
3771,66.001819079090,65.984354300
3772,66.019321550339,66.002140900
3773,66.036824021588,66.019635100
3774,66.054326492837,66.036795500
3775,66.071828964086,66.054325600
3776,66.089331435334,66.072104100
3777,66.106833906583,66.089923200
3778,66.124336377832,66.107145600
3779,66.141838849081,66.124680900
3780,66.159341320329,66.142488600
3781,66.176843791578,66.159496600
3782,66.194346262827,66.177439800
3783,66.211848734076,66.194598100
3784,66.229351205324,66.212177700
3785,66.246853676573,66.229601100
3786,66.264356147822,66.247161700
3787,66.281858619071,66.264537300
3788,66.299361090319,66.282119700
3789,66.316863561568,66.299270200
3790,66.334366032817,66.317639000
3791,66.351868504066,66.334673900
3792,66.369370975315,66.352058400
3793,66.386873446563,66.369751500
3794,66.404375917812,66.387044400
3795,66.421878389061,66.404438100
3796,66.439380860310,66.422327200
3797,66.456883331558,66.439619200
3798,66.474385802807,66.457330800
3799,66.491888274056,66.474520700
3800,66.509390745305,66.492174800
3801,66.526893216553,66.510619900
3802,66.544395687802,66.518485100
3803,66.561898159051,66.545100800
3804,66.579400630300,66.562097000
3805,66.596903101548,66.579433500
3806,66.614405572797,66.597352900
3807,66.631908044046,66.614500300
3808,66.649410515295,66.631949600
3809,66.666912986544,66.649524000
3810,66.684415457792,66.666971000
3811,66.701917929041,66.684820700
3812,66.719420400290,66.701859100
3813,66.736922871539,66.719576300
3814,66.754425342787,66.737234000
3815,66.771927814036,66.755103200
3816,66.789430285285,66.772353600
3817,66.806932756534,66.789539100
3818,66.824435227782,66.806898300
3819,66.841937699031,66.824590600
3820,66.859440170280,66.842497600
3821,66.876942641529,66.859297000
3822,66.894445112777,66.876842200
3823,66.911947584026,66.894779300
3824,66.929450055275,66.911924000
3825,66.946952526524,66.930057800
3826,66.964454997772,66.947395000
3827,66.981957469021,66.965096900
3828,66.999459940270,66.981841900
3829,67.016962411519,66.999847400
3830,67.034464882768,67.017119700
3831,67.051967354016,67.034510700
3832,67.069469825265,67.051897400
3833,67.086972296514,67.069341100
3834,67.104474767763,67.086820400
3835,67.121977239011,67.104489500
3836,67.139479710260,67.122098600
3837,67.156982181509,67.140150900
3838,67.174484652758,67.157417500
3839,67.191987124006,67.174983000
3840,67.209489595255,67.191687300
3841,67.226992066504,67.260486800
3842,67.244494537753,67.273643000
3843,67.261997009001,67.287124800
3844,67.279499480250,67.300231800
3845,67.297001951499,67.313747100
3846,67.314504422748,67.326828400
3847,67.332006893997,67.339914000
3848,67.349509365245,67.354311300
3849,67.367011836494,67.367526400
3850,67.384514307743,67.381429800
3851,67.402016778992,67.394534100
3852,67.419519250240,67.408117100
3853,67.437021721489,67.421250200
3854,67.454524192738,67.437020300
3855,67.472026663987,67.454556000
3856,67.489529135235,67.471771700
3857,67.507031606484,67.489271600
3858,67.524534077733,67.507265300
3859,67.542036548982,67.524595600
3860,67.559539020230,67.542020400
3861,67.577041491479,67.559406700
3862,67.594543962728,67.577224900
3863,67.612046433977,67.594880400
3864,67.629548905226,67.612285700
3865,67.647051376474,67.629449000
3866,67.664553847723,67.647516900
3867,67.682056318972,67.664430300
3868,67.699558790221,67.682096200
3869,67.717061261469,67.700586200
3870,67.734563732718,67.718165100
3871,67.752066203967,67.735202200
3872,67.769568675216,67.752754500
3873,67.787071146464,67.770287300
3874,67.804573617713,67.787504600
3875,67.822076088962,67.804585100
3876,67.839578560211,67.821852200
3877,67.857081031459,67.839706500
3878,67.874583502708,67.857595800
3879,67.892085973957,67.875090000
3880,67.909588445206,67.892154400
3881,67.927090916455,67.909626400
3882,67.944593387703,67.926867900
3883,67.962095858952,67.944647000
3884,67.979598330201,67.962092200
3885,67.997100801450,67.979673700
3886,68.014603272698,67.997111000
3887,68.032105743947,68.015307600
3888,68.049608215196,68.032318500
3889,68.067110686445,68.049677800
3890,68.084613157693,68.067400800
3891,68.102115628942,68.084945900
3892,68.119618100191,68.101743900
3893,68.137120571440,68.119900100
3894,68.154623042688,68.137405700
3895,68.172125513937,68.155199100
3896,68.189627985186,68.172336200
3897,68.207130456435,68.190140400
3898,68.224632927684,68.207289200
3899,68.242135398932,68.224842900
3900,68.259637870181,68.242344600
3901,68.277140341430,68.260222400
3902,68.294642812679,68.277885300
3903,68.312145283927,68.294743700
3904,68.329647755176,68.312746200
3905,68.347150226425,68.330681300
3906,68.364652697674,68.347384400
3907,68.382155168922,68.364906400
3908,68.399657640171,68.383015000
3909,68.417160111420,68.399958300
3910,68.434662582669,68.417394300
3911,68.452165053917,68.434707400
3912,68.469667525166,68.452634400
3913,68.487169996415,68.469732100
3914,68.504672467664,68.487301500
3915,68.522174938913,68.504744400
3916,68.539677410161,68.522248200
3917,68.557179881410,68.540008200
3918,68.574682352659,68.557572100
3919,68.592184823908,68.574805300
3920,68.609687295156,68.593103000
3921,68.627189766405,68.609684500
3922,68.644692237654,68.627243300
3923,68.662194708903,68.644798600
3924,68.679697180151,68.662632200
3925,68.697199651400,68.679760700
3926,68.714702122649,68.697369900
3927,68.732204593898,68.714829400
3928,68.749707065146,68.733254300
3929,68.767209536395,68.750002500
3930,68.784712007644,68.767298700
3931,68.802214478893,68.785458700
3932,68.819716950142,68.802224900
3933,68.837219421390,68.820070400
3934,68.854721892639,68.837365000
3935,68.872224363888,68.854871500
3936,68.889726835137,68.872668600
3937,68.907229306385,68.890393000
3938,68.924731777634,68.907686100
3939,68.942234248883,68.924867100
3940,68.959736720132,68.942498400
3941,68.977239191380,68.959957400
3942,68.994741662629,68.976959700
3943,69.012244133878,68.994669000
3944,69.029746605127,69.012036200
3945,69.047249076375,69.029761300
3946,69.064751547624,69.047351700
3947,69.082254018873,69.064418000
3948,69.099756490122,69.082341400
3949,69.117258961371,69.099951500
3950,69.134761432619,69.116973600
3951,69.152263903868,69.134663200
3952,69.169766375117,69.152398300
3953,69.187268846366,69.170062300
3954,69.204771317614,69.187335200
3955,69.222273788863,69.204635700
3956,69.239776260112,69.221891800
3957,69.257278731361,69.239644900
3958,69.274781202609,69.257233300
3959,69.292283673858,69.274715600
3960,69.309786145107,69.292502700
3961,69.327288616356,69.309917100
3962,69.344791087604,69.327177800
3963,69.362293558853,69.344790200
3964,69.379796030102,69.361873800
3965,69.397298501351,69.379779200
3966,69.414800972600,69.397360200
3967,69.432303443848,69.414622800
3968,69.449805915097,69.432347900
3969,69.467308386346,69.450101700
3970,69.484810857595,69.467327300
3971,69.502313328843,69.484910600
3972,69.519815800092,69.502273800
3973,69.537318271341,69.519944800
3974,69.554820742590,69.537595400
3975,69.572323213838,69.554613900
3976,69.589825685087,69.572452600
3977,69.607328156336,69.589941800
3978,69.624830627585,69.607505800
3979,69.642333098833,69.624200700
3980,69.659835570082,69.642377100
3981,69.677338041331,69.659692300
3982,69.694840512580,69.677102900
3983,69.712342983829,69.694778600
3984,69.729845455077,69.712144900
3985,69.747347926326,69.729959600
3986,69.764850397575,69.747948900
3987,69.782352868824,69.765054100
3988,69.799855340072,69.782696300
3989,69.817357811321,69.800185000
3990,69.834860282570,69.816962600
3991,69.852362753819,69.834845700
3992,69.869865225067,69.852137000
3993,69.887367696316,69.869304300
3994,69.904870167565,69.886805900
3995,69.922372638814,69.905391500
3996,69.939875110062,69.922155500
3997,69.957377581311,69.939622200
3998,69.974880052560,69.957345000
3999,69.992382523809,69.975329800
4000,70.009884995058,69.992614700
4001,70.027387466306,70.009522000
4002,70.044889937555,70.027265800
4003,70.062392408804,70.044778600
4004,70.079894880053,70.062393400
4005,70.097397351301,70.079969400
4006,70.114899822550,70.097803500
4007,70.132402293799,70.115120700
4008,70.149904765048,70.132135900
4009,70.167407236296,70.149646600
4010,70.184909707545,70.167125000
4011,70.202412178794,70.184863400
4012,70.219914650043,70.202110100
4013,70.237417121291,70.220287600
4014,70.254919592540,70.237440000
4015,70.272422063789,70.254712400
4016,70.289924535038,70.272610600
4017,70.307427006286,70.290271100
4018,70.324929477535,70.307478100
4019,70.342431948784,70.325255600
4020,70.359934420033,70.342091900
4021,70.377436891282,70.359820400
4022,70.394939362530,70.377655300
4023,70.412441833779,70.394996600
4024,70.429944305028,70.412342600
4025,70.447446776277,70.429667800
4026,70.464949247525,70.447702400
4027,70.482451718774,70.465091800
4028,70.499954190023,70.482370600
4029,70.517456661272,70.499569700
4030,70.534959132520,70.517182500
4031,70.552461603769,70.534741400
4032,70.569964075018,70.552064300
4033,70.587466546267,70.569640100
4034,70.604969017515,70.587362800
4035,70.622471488764,70.604619900
4036,70.639973960013,70.622442900
4037,70.657476431262,70.639828200
4038,70.674978902511,70.657584000
4039,70.692481373759,70.675072800
4040,70.709983845008,70.692112400
4041,70.727486316257,70.710217000
4042,70.744988787506,70.728296000
4043,70.762491258754,70.744694100
4044,70.779993730003,70.762382800
4045,70.797496201252,70.779887800
4046,70.814998672501,70.797244100
4047,70.832501143749,70.814552100
4048,70.850003614998,70.832268700
4049,70.867506086247,70.850170700
4050,70.885008557496,70.867442700
4051,70.902511028744,70.884581000
4052,70.920013499993,70.902620900
4053,70.937515971242,70.920353300
4054,70.955018442491,70.937304600
4055,70.972520913740,70.954815500
4056,70.990023384988,70.972684800
4057,71.007525856237,70.990058400
4058,71.025028327486,71.007848700
4059,71.042530798735,71.024950600
4060,71.060033269983,71.042136200
4061,71.077535741232,71.059773400
4062,71.095038212481,71.077196800
4063,71.112540683730,71.094853700
4064,71.130043154978,71.112059500
4065,71.147545626227,71.129696200
4066,71.165048097476,71.147489100
4067,71.182550568725,71.164670000
4068,71.200053039973,71.182146200
4069,71.217555511222,71.199792800
4070,71.235057982471,71.217703400
4071,71.252560453720,71.234919200
4072,71.270062924969,71.252450100
4073,71.287565396217,71.270419500
4074,71.305067867466,71.287839100
4075,71.322570338715,71.304965200
4076,71.340072809964,71.322351500
4077,71.357575281212,71.339690100
4078,71.375077752461,71.357185800
4079,71.392580223710,71.374720600
4080,71.410082694959,71.392075000
4081,71.427585166207,71.409903200
4082,71.445087637456,71.427557500
4083,71.462590108705,71.444610700
4084,71.480092579954,71.462514800
4085,71.497595051202,71.480176900
4086,71.515097522451,71.497369200
4087,71.532599993700,71.514757800
4088,71.550102464949,71.532435400
4089,71.567604936198,71.550544400
4090,71.585107407446,71.567608700
4091,71.602609878695,71.585491700
4092,71.620112349944,71.602681600
4093,71.637614821193,71.620445200
4094,71.655117292441,71.637228200
4095,71.672619763690,71.654783300
4096,71.690122234939,71.672105900
4097,71.707624706188,71.690167800
4098,71.725127177436,71.707170500
4099,71.742629648685,71.725441800
4100,71.760132119934,71.742743800
4101,71.777634591183,71.759876400
4102,71.795137062431,71.777470800
4103,71.812639533680,71.795106000
4104,71.830142004929,71.813108900
4105,71.847644476178,71.829747900
4106,71.865146947427,71.847481900
4107,71.882649418675,71.864863900
4108,71.900151889924,71.882276600
4109,71.917654361173,71.900155400
4110,71.935156832422,71.917684800
4111,71.952659303670,71.934799600
4112,71.970161774919,71.952252200
4113,71.987664246168,71.969699400
4114,72.005166717417,71.987250600
4115,72.022669188665,72.004492200
4116,72.040171659914,72.022326800
4117,72.057674131163,72.040149400
4118,72.075176602412,72.057084700
4119,72.092679073660,72.074934400
4120,72.110181544909,72.092176700
4121,72.127684016158,72.109936100
4122,72.145186487407,72.127180500
4123,72.162688958656,72.144744500
4124,72.180191429904,72.162330900
4125,72.197693901153,72.179719200
4126,72.215196372402,72.197154400
4127,72.232698843651,72.214699300
4128,72.250201314899,72.232738200
4129,72.267703786148,72.249783300
4130,72.285206257397,72.267273600
4131,72.302708728646,72.284982000
4132,72.320211199894,72.302493700
4133,72.337713671143,72.319757000
4134,72.355216142392,72.337328800
4135,72.372718613641,72.355144400
4136,72.390221084889,72.372840500
4137,72.407723556138,72.390210500
4138,72.425226027387,72.408159400
4139,72.442728498636,72.425153500
4140,72.460230969885,72.443059800
4141,72.477733441133,72.460100000
4142,72.495235912382,72.477440700
4143,72.512738383631,72.494802300
4144,72.530240854880,72.512201900
4145,72.547743326128,72.529583800
4146,72.565245797377,72.547556900
4147,72.582748268626,72.564957100
4148,72.600250739875,72.582247100
4149,72.617753211123,72.601167100
4150,72.635255682372,72.617575400
4151,72.652758153621,72.635068700
4152,72.670260624870,72.652793900
4153,72.687763096118,72.670456300
4154,72.705265567367,72.687805900
4155,72.722768038616,72.705126900
4156,72.740270509865,72.723168800
4157,72.757772981114,72.739827400
4158,72.775275452362,72.757372000
4159,72.792777923611,72.775047800
4160,72.810280394860,72.792228800
4161,72.827782866109,72.810062500
4162,72.845285337357,72.827580100
4163,72.862787808606,72.845670900
4164,72.880290279855,72.862341500
4165,72.897792751104,72.879840500
4166,72.915295222352,72.897130000
4167,72.932797693601,72.914647000
4168,72.950300164850,72.932625800
4169,72.967802636099,72.950027800
4170,72.985305107347,72.967109100
4171,73.002807578596,72.984593300
4172,73.020310049845,73.002013900
4173,73.037812521094,73.019635800
4174,73.055314992343,73.037465700
4175,73.072817463591,73.055210400
4176,73.090319934840,73.071680500
4177,73.107822406089,73.090034600
4178,73.125324877338,73.107099900
4179,73.142827348586,73.124266600
4180,73.160329819835,73.142096800
4181,73.177832291084,73.160202300
4182,73.195334762333,73.178710100
4183,73.212837233581,73.194768900
4184,73.230339704830,73.211946000
4185,73.247842176079,73.229966500
4186,73.265344647328,73.247052600
4187,73.282847118576,73.264722700
4188,73.300349589825,73.282295800
4189,73.317852061074,73.299819900
4190,73.335354532323,73.317041600
4191,73.352857003572,73.334669400
4192,73.370359474820,73.352860600
4193,73.387861946069,73.370428200
4194,73.405364417318,73.387128300
4195,73.422866888567,73.404603700
4196,73.440369359815,73.422217400
4197,73.457871831064,73.439671200
4198,73.475374302313,73.457247200
4199,73.492876773562,73.474771600
4200,73.510379244810,73.493011200
4201,73.527881716059,73.509542500
4202,73.545384187308,73.526979000
4203,73.562886658557,73.544984000
4204,73.580389129805,73.562705800
4205,73.597891601054,73.580040200
4206,73.615394072303,73.597540900
4207,73.632896543552,73.614917300
4208,73.650399014800,73.632370800
4209,73.667901486049,73.649651600
4210,73.685403957298,73.667273100
4211,73.702906428547,73.684655600
4212,73.720408899796,73.702110400
4213,73.737911371044,73.719899200
4214,73.755413842293,73.737734800
4215,73.772916313542,73.755257900
4216,73.790418784791,73.772141000
4217,73.807921256039,73.789722400
4218,73.825423727288,73.806886700
4219,73.842926198537,73.824646500
4220,73.860428669786,73.843404600
4221,73.877931141034,73.859698000
4222,73.895433612283,73.877165200
4223,73.912936083532,73.894538700
4224,73.930438554781,73.912258200
4225,73.947941026029,73.929783900
4226,73.965443497278,73.946993900
4227,73.982945968527,73.965269700
4228,74.000448439776,73.982277600
4229,74.017950911025,73.999767000
4230,74.035453382273,74.016965800
4231,74.052955853522,74.034391100
4232,74.070458324771,74.052353000
4233,74.087960796020,74.069545300
4234,74.105463267268,74.087103500
4235,74.122965738517,74.104533900
4236,74.140468209766,74.122455200
4237,74.157970681015,74.139393800
4238,74.175473152263,74.157067800
4239,74.192975623512,74.174446200
4240,74.210478094761,74.191949900
4241,74.227980566010,74.209405100
4242,74.245483037258,74.227702500
4243,74.262985508507,74.245130900
4244,74.280487979756,74.262070700
4245,74.297990451005,74.280239300
4246,74.315492922254,74.297147800
4247,74.332995393502,74.315299800
4248,74.350497864751,74.332755900
4249,74.368000336000,74.350363000
4250,74.385502807249,74.367758200
4251,74.403005278497,74.385727300
4252,74.420507749746,74.402668700
4253,74.438010220995,74.420374900
4254,74.455512692244,74.437828400
4255,74.473015163492,74.455820100
4256,74.490517634741,74.472939000
4257,74.508020105990,74.491426600
4258,74.525522577239,74.508272300
4259,74.543025048487,74.525421700
4260,74.560527519736,74.543498800
4261,74.578029990985,74.560904300
4262,74.595532462234,74.578109900
4263,74.613034933483,74.595976700
4264,74.630537404731,74.613378300
4265,74.648039875980,74.630891900
4266,74.665542347229,74.648160400
4267,74.683044818478,74.666052800
4268,74.700547289726,74.683339000
4269,74.718049760975,74.700886100
4270,74.735552232224,74.718825500
4271,74.753054703473,74.736490000
4272,74.770557174721,74.753719700
4273,74.788059645970,74.771339600
4274,74.805562117219,74.788468500
4275,74.823064588468,74.805787600
4276,74.840567059716,74.823143600
4277,74.858069530965,74.840871700
4278,74.875572002214,74.858216700
4279,74.893074473463,74.876677300
4280,74.910576944712,74.893321200
4281,74.928079415960,74.910800900
4282,74.945581887209,74.928444100
4283,74.963084358458,74.945437300
4284,74.980586829707,74.963636700
4285,74.998089300955,74.981481100
4286,75.015591772204,74.998264100
4287,75.033094243453,75.015404600
4288,75.050596714702,75.032914800
4289,75.068099185950,75.050815600
4290,75.085601657199,75.067901400
4291,75.103104128448,75.085536200
4292,75.120606599697,75.102990900
4293,75.138109070945,75.121327200
4294,75.155611542194,75.137968100
4295,75.173114013443,75.155840500
4296,75.190616484692,75.173495800
4297,75.208118955941,75.190615000
4298,75.225621427189,75.208917100
4299,75.243123898438,75.225749800
4300,75.260626369687,75.244300300
4301,75.278128840936,75.260807800
4302,75.295631312184,75.278070000
4303,75.313133783433,75.295692400
4304,75.330636254682,75.313086600
4305,75.348138725931,75.330957600
4306,75.365641197179,75.348370800
4307,75.383143668428,75.365784600
4308,75.400646139677,75.383171900
4309,75.418148610926,75.400508900
4310,75.435651082174,75.418304400
4311,75.453153553423,75.436058800
4312,75.470656024672,75.453144500
4313,75.488158495921,75.470866000
4314,75.505660967170,75.488149600
4315,75.523163438418,75.506119700
4316,75.540665909667,75.523239400
4317,75.558168380916,75.540803000
4318,75.575670852165,75.558549100
4319,75.593173323413,75.575710400
4320,75.610675794662,75.593192900
4321,75.628178265911,75.611465400
4322,75.645680737160,75.628295000
4323,75.663183208408,75.645784400
4324,75.680685679657,75.663243100
4325,75.698188150906,75.681024400
4326,75.715690622155,75.698285400
4327,75.733193093403,75.716153400
4328,75.750695564652,75.733461000
4329,75.768198035901,75.751068800
4330,75.785700507150,75.768305400
4331,75.803202978399,75.786084800
4332,75.820705449647,75.803849300
4333,75.838207920896,75.820794300
4334,75.855710392145,75.838140700
4335,75.873212863394,75.856070400
4336,75.890715334642,75.873456700
4337,75.908217805891,75.891282900
4338,75.925720277140,75.909175200
4339,75.943222748389,75.926718100
4340,75.960725219637,75.943836800
4341,75.978227690886,75.961075800
4342,75.995730162135,75.978527900
4343,76.013232633384,75.996130100
4344,76.030735104632,76.013368200
4345,76.048237575881,76.031371300
4346,76.065740047130,76.048946000
4347,76.083242518379,76.066270400
4348,76.100744989628,76.083541600
4349,76.118247460876,76.101225400
4350,76.135749932125,76.118775700
4351,76.153252403374,76.135951700
4352,76.170754874623,76.154006900
4353,76.188257345871,76.171295600
4354,76.205759817120,76.188943400
4355,76.223262288369,76.206171000
4356,76.240764759618,76.224093200
4357,76.258267230866,76.241777300
4358,76.275769702115,76.259289300
4359,76.293272173364,76.276604000
4360,76.310774644613,76.294373600
4361,76.328277115861,76.311931200
4362,76.345779587110,76.329127500
4363,76.363282058359,76.346333400
4364,76.380784529608,76.364181100
4365,76.398287000856,76.381827200
4366,76.415789472105,76.399044600
4367,76.433291943354,76.417070200
4368,76.450794414603,76.434606100
4369,76.468296885852,76.451511900
4370,76.485799357100,76.469058700
4371,76.503301828349,76.487065700
4372,76.520804299598,76.504997100
4373,76.538306770847,76.521948200
4374,76.555809242095,76.539351600
4375,76.573311713344,76.557130400
4376,76.590814184593,76.574115400
4377,76.608316655842,76.591966400
4378,76.625819127090,76.609574100
4379,76.643321598339,76.627109600
4380,76.660824069588,76.644773500
4381,76.678326540837,76.662059000
4382,76.695829012085,76.679394400
4383,76.713331483334,76.696892900
4384,76.730833954583,76.715008600
4385,76.748336425832,76.732192200
4386,76.765838897081,76.749754500
4387,76.783341368329,76.766976600
4388,76.800843839578,76.784233100
4389,76.818346310827,76.801923700
4390,76.835848782076,76.819133200
4391,76.853351253324,76.837197400
4392,76.870853724573,76.854383200
4393,76.888356195822,76.871965500
4394,76.905858667071,76.889091300
4395,76.923361138319,76.906557300
4396,76.940863609568,76.924330000
4397,76.958366080817,76.942095800
4398,76.975868552066,76.959046400
4399,76.993371023314,76.976698200
4400,77.010873494563,76.994486900
4401,77.028375965812,77.012414700
4402,77.045878437061,77.029265600
4403,77.063380908310,77.047575100
4404,77.080883379558,77.064772300
4405,77.098385850807,77.082051700
4406,77.115888322056,77.099341700
4407,77.133390793305,77.117352300
4408,77.150893264553,77.134118900
4409,77.168395735802,77.151955500
4410,77.185898207051,77.169148900
4411,77.203400678300,77.186770800
4412,77.220903149548,77.204186400
4413,77.238405620797,77.221535200
4414,77.255908092046,77.239050100
4415,77.273410563295,77.256470200
4416,77.290913034543,77.273837500
4417,77.308415505792,77.291216400
4418,77.325917977041,77.308962100
4419,77.343420448290,77.326234700
4420,77.360922919539,77.343838200
4421,77.378425390787,77.361340300
4422,77.395927862036,77.378994000
4423,77.413430333285,77.396295500
4424,77.430932804534,77.413771400
4425,77.448435275782,77.431265900
4426,77.465937747031,77.448891400
4427,77.483440218280,77.465998900
4428,77.500942689529,77.483376700
4429,77.518445160777,77.500916500
4430,77.535947632026,77.518327500
4431,77.553450103275,77.536004000
4432,77.570952574524,77.553368200
4433,77.588455045772,77.571086300
4434,77.605957517021,77.588554900
4435,77.623459988270,77.606065700
4436,77.640962459519,77.623617200
4437,77.658464930768,77.641009100
4438,77.675967402016,77.658654300
4439,77.693469873265,77.675651100
4440,77.710972344514,77.693379000
4441,77.728474815763,77.710782900
4442,77.745977287011,77.729234800
4443,77.763479758260,77.746203500
4444,77.780982229509,77.763441600
4445,77.798484700758,77.780877700
4446,77.815987172006,77.798511700
4447,77.833489643255,77.815806500
4448,77.850992114504,77.833114500
4449,77.868494585753,77.850600200
4450,77.885997057001,77.868186100
4451,77.903499528250,77.886071000
4452,77.921001999499,77.903433000
4453,77.938504470748,77.920560600
4454,77.956006941997,77.938259700
4455,77.973509413245,77.956163000
4456,77.991011884494,77.973612800
4457,78.008514355743,77.991165500
4458,78.026016826992,78.009224600
4459,78.043519298240,78.025794800
4460,78.061021769489,78.043662700
4461,78.078524240738,78.061226500
4462,78.096026711987,78.078497700
4463,78.113529183235,78.095853300
4464,78.131031654484,78.113275500
4465,78.148534125733,78.130865300
4466,78.166036596982,78.148323600
4467,78.183539068230,78.165628600
4468,78.201041539479,78.183388900
4469,78.218544010728,78.200450300
4470,78.236046481977,78.218245100
4471,78.253548953226,78.236009900
4472,78.271051424474,78.253679100
4473,78.288553895723,78.270916600
4474,78.306056366972,78.288495300
4475,78.323558838221,78.306312200
4476,78.341061309469,78.323060500
4477,78.358563780718,78.340638400
4478,78.376066251967,78.358227600
4479,78.393568723216,78.375716700
4480,78.411071194464,78.393067600
4481,78.428573665713,78.410461500
4482,78.446076136962,78.428198300
4483,78.463578608211,78.445567400
4484,78.481081079459,78.463436200
4485,78.498583550708,78.480582700
4486,78.516086021957,78.498457800
4487,78.533588493206,78.515488100
4488,78.551090964455,78.533128400
4489,78.568593435703,78.550508700
4490,78.586095906952,78.569040600
4491,78.603598378201,78.585627300
4492,78.621100849450,78.603168200
4493,78.638603320698,78.620623900
4494,78.656105791947,78.638314500
4495,78.673608263196,78.655588900
4496,78.691110734445,78.673209700
4497,78.708613205693,78.690986200
4498,78.726115676942,78.708394100
4499,78.743618148191,78.725740000
4500,78.761120619440,78.743434800
4501,78.778623090688,78.760899300
4502,78.796125561937,78.778477200
4503,78.813628033186,78.795816800
4504,78.831130504435,78.813436800
4505,78.848632975684,78.830476400
4506,78.866135446932,78.848321200
4507,78.883637918181,78.865728400
4508,78.901140389430,78.883210500
4509,78.918642860679,78.900757000
4510,78.936145331927,78.918049700
4511,78.953647803176,78.935992300
4512,78.971150274425,78.954016600
4513,78.988652745674,78.970592900
4514,79.006155216922,78.979433100
4515,79.023657688171,79.005976600
4516,79.041160159420,79.023065300
4517,79.058662630669,79.040704800
4518,79.076165101917,79.058991800
4519,79.093667573166,79.075756700
4520,79.111170044415,79.092986800
4521,79.128672515664,79.111065100
4522,79.146174986912,79.128198900
4523,79.163677458161,79.145680500
4524,79.181179929410,79.163196200
4525,79.198682400659,79.180786000
4526,79.216184871908,79.198506300
4527,79.233687343156,79.215634000
4528,79.251189814405,79.233320100
4529,79.268692285654,79.250754600
4530,79.286194756903,79.268376500
4531,79.303697228151,79.285817800
4532,79.321199699400,79.303340100
4533,79.338702170649,79.320891900
4534,79.356204641898,79.338062700
4535,79.373707113146,79.355448400
4536,79.391209584395,79.374157200
4537,79.408712055644,79.390946200
4538,79.426214526893,79.408384600
4539,79.443716998141,79.425828700
4540,79.461219469390,79.443697200
4541,79.478721940639,79.460597800
4542,79.496224411888,79.478503200
4543,79.513726883137,79.495868300
4544,79.531229354385,79.513157000
4545,79.548731825634,79.530369000
4546,79.566234296883,79.547766100
4547,79.583736768132,79.565422300
4548,79.601239239380,79.582955300
4549,79.618741710629,79.600563300
4550,79.636244181878,79.618095800
4551,79.653746653127,79.635524500
4552,79.671249124375,79.652678900
4553,79.688751595624,79.670630000
4554,79.706254066873,79.688222100
4555,79.723756538122,79.705823100
4556,79.741259009370,79.723634200
4557,79.758761480619,79.740691600
4558,79.776263951868,79.758363300
4559,79.793766423117,79.775526900
4560,79.811268894366,79.793778900
4561,79.828771365614,79.810603000
4562,79.846273836863,79.827874800
4563,79.863776308112,79.845525000
4564,79.881278779361,79.862904500
4565,79.898781250609,79.880605500
4566,79.916283721858,79.897899000
4567,79.933786193107,79.915895700
4568,79.951288664356,79.933542000
4569,79.968791135604,79.950791000
4570,79.986293606853,79.967803800
4571,80.003796078102,79.986366200
4572,80.021298549351,80.003391500
4573,80.038801020599,80.020515700
4574,80.056303491848,80.037810400
4575,80.073805963097,80.056055700
4576,80.091308434346,80.072845000
4577,80.108810905595,80.090876100
4578,80.126313376843,80.108106700
4579,80.143815848092,80.125520100
4580,80.161318319341,80.142658200
4581,80.178820790590,80.160502200
4582,80.196323261838,80.177643000
4583,80.213825733087,80.195392000
4584,80.231328204336,80.212757400
4585,80.248830675585,80.229754600
4586,80.266333146833,80.247281400
4587,80.283835618082,80.265033600
4588,80.301338089331,80.282273000
4589,80.318840560580,80.299852300
4590,80.336343031828,80.317538400
4591,80.353845503077,80.334659300
4592,80.371347974326,80.351963000
4593,80.388850445575,80.369899000
4594,80.406352916824,80.387452500
4595,80.423855388072,80.404467500
4596,80.441357859321,80.422494600
4597,80.458860330570,80.439826900
4598,80.476362801819,80.457405600
4599,80.493865273067,80.474618100
4600,80.511367744316,80.492798000
4601,80.528870215565,80.509931000
4602,80.546372686814,80.527161300
4603,80.563875158062,80.544745000
4604,80.581377629311,80.563366500
4605,80.598880100560,80.580107100
4606,80.616382571809,80.597444800
4607,80.633885043057,80.615195300
4608,80.651387514306,80.632488200
4609,80.668889985555,80.649505300
4610,80.686392456804,80.667313900
4611,80.703894928053,80.684676600
4612,80.721397399301,80.702426500
4613,80.738899870550,80.719591800
4614,80.756402341799,80.738292600
4615,80.773904813048,80.755110500
4616,80.791407284296,80.772686300
4617,80.808909755545,80.790091900
4618,80.826412226794,80.807904600
4619,80.843914698043,80.824730500
4620,80.861417169291,80.842079400
4621,80.878919640540,80.860100300
4622,80.896422111789,80.877656700
4623,80.913924583038,80.894862500
4624,80.931427054286,80.912275900
4625,80.948929525535,80.921931400
4626,80.966431996784,80.947462500
4627,80.983934468033,80.964727600
4628,81.001436939282,80.982012600
4629,81.018939410530,81.000423000
4630,81.036441881779,81.017673800
4631,81.053944353028,81.034413000
4632,81.071446824277,81.052343700
4633,81.088949295525,81.069740500
4634,81.106451766774,81.087201600
4635,81.123954238023,81.104768600
4636,81.141456709272,81.122467000
4637,81.158959180520,81.140426100
4638,81.176461651769,81.157624400
4639,81.193964123018,81.175153900
4640,81.211466594267,81.192478000
4641,81.228969065515,81.210074900
4642,81.246471536764,81.227209300
4643,81.263974008013,81.244658000
4644,81.281476479262,81.262466400
4645,81.298978950511,81.279534800
4646,81.316481421759,81.297509200
4647,81.333983893008,81.314609100
4648,81.351486364257,81.332636700
4649,81.368988835506,81.349478500
4650,81.386491306754,81.367728300
4651,81.403993778003,81.384899000
4652,81.421496249252,81.402390000
4653,81.438998720501,81.419595100
4654,81.456501191749,81.437866700
4655,81.474003662998,81.455040900
4656,81.491506134247,81.472238000
4657,81.509008605496,81.489878700
4658,81.526511076744,81.507400900
4659,81.544013547993,81.525040800
4660,81.561516019242,81.543051900
4661,81.579018490491,81.560234000
4662,81.596520961740,81.577677300
4663,81.614023432988,81.594943500
4664,81.631525904237,81.612539600
4665,81.649028375486,81.630719900
4666,81.666530846735,81.647771500
4667,81.684033317983,81.665326600
4668,81.701535789232,81.682635300
4669,81.719038260481,81.700434800
4670,81.736540731730,81.718193500
4671,81.754043202978,81.736477900
4672,81.771545674227,81.753019700
4673,81.789048145476,81.770919500
4674,81.806550616725,81.788374600
4675,81.824053087973,81.804946000
4676,81.841555559222,81.822660400
4677,81.859058030471,81.840224900
4678,81.876560501720,81.857987500
4679,81.894062972969,81.875084200
4680,81.911565444217,81.892721700
4681,81.929067915466,81.910066300
4682,81.946570386715,81.927803000
4683,81.964072857964,81.945600700
4684,81.981575329212,81.962857300
4685,81.999077800461,81.980155200
4686,82.016580271710,81.997614200
4687,82.034082742959,82.015725400
4688,82.051585214207,82.032836700
4689,82.069087685456,82.050276300
4690,82.086590156705,82.067684000
4691,82.104092627954,82.085500300
4692,82.121595099202,82.102688800
4693,82.139097570451,82.120023200
4694,82.156600041700,82.137908500
4695,82.174102512949,82.155696900
4696,82.191604984198,82.172678200
4697,82.209107455446,82.190201600
4698,82.226609926695,82.207755000
4699,82.244112397944,82.225807900
4700,82.261614869193,82.242807900
4701,82.279117340441,82.260443100
4702,82.296619811690,82.277843400
4703,82.314122282939,82.296151100
4704,82.331624754188,82.312840800
4705,82.349127225436,82.330355600
4706,82.366629696685,82.347652100
4707,82.384132167934,82.364960600
4708,82.401634639183,82.382620100
4709,82.419137110431,82.400306100
4710,82.436639581680,82.418267500
4711,82.454142052929,82.435732900
4712,82.471644524178,82.452854200
4713,82.489146995426,82.469982800
4714,82.506649466675,82.487504600
4715,82.524151937924,82.505301100
4716,82.541654409173,82.522848300
4717,82.559156880422,82.540235100
4718,82.576659351670,82.557674300
4719,82.594161822919,82.575671400
4720,82.611664294168,82.592623400
4721,82.629166765417,82.610269600
4722,82.646669236665,82.627622300
4723,82.664171707914,82.645358000
4724,82.681674179163,82.663137100
4725,82.699176650412,82.680762700
4726,82.716679121660,82.698563200
4727,82.734181592909,82.715655700
4728,82.751684064158,82.733195900
4729,82.769186535407,82.750463300
4730,82.786689006655,82.768550800
4731,82.804191477904,82.785509300
4732,82.821693949153,82.803112500
4733,82.839196420402,82.820751400
4734,82.856698891651,82.838103700
4735,82.874201362899,82.855571800
4736,82.891703834148,82.873157100
4737,82.909206305397,82.891597000
4738,82.926708776646,82.908743000
4739,82.944211247894,82.925951700
4740,82.961713719143,82.943976100
4741,82.979216190392,82.961668000
4742,82.996718661641,82.978346000
4743,83.014221132889,82.995782100
4744,83.031723604138,83.013208200
4745,83.049226075387,83.030776500
4746,83.066728546636,83.048644500
4747,83.084231017884,83.065580700
4748,83.101733489133,83.083397500
4749,83.119235960382,83.101253800
4750,83.136738431631,83.118135700
4751,83.154240902880,83.135945800
4752,83.171743374128,83.153444500
4753,83.189245845377,83.171451100
4754,83.206748316626,83.188401800
4755,83.224250787875,83.205747300
4756,83.241753259123,83.222949700
4757,83.259255730372,83.240701400
4758,83.276758201621,83.258259800
4759,83.294260672870,83.276103800
4760,83.311763144118,83.293037500
4761,83.329265615367,83.310733600
4762,83.346768086616,83.328607600
4763,83.364270557865,83.345913400
4764,83.381773029113,83.363285800
4765,83.399275500362,83.380872200
4766,83.416777971611,83.398675100
4767,83.434280442860,83.415588800
4768,83.451782914109,83.433272300
4769,83.469285385357,83.451117800
4770,83.486787856606,83.468841200
4771,83.504290327855,83.485872800
4772,83.521792799104,83.503611400
4773,83.539295270352,83.521278300
4774,83.556797741601,83.538670600
4775,83.574300212850,83.556293100
4776,83.591802684099,83.574055800
4777,83.609305155347,83.591458000
4778,83.626807626596,83.608894000
4779,83.644310097845,83.626360200
4780,83.661812569094,83.643835500
4781,83.679315040342,83.661230700
4782,83.696817511591,83.678355400
4783,83.714319982840,83.696494000
4784,83.731822454089,83.714338100
4785,83.749324925338,83.731293800
4786,83.766827396586,83.748853500
4787,83.784329867835,83.766188900
4788,83.801832339084,83.784114900
4789,83.819334810333,83.801221500
4790,83.836837281581,83.818561700
4791,83.854339752830,83.836410700
4792,83.871842224079,83.853496300
4793,83.889344695328,83.871140700
4794,83.906847166576,83.888811300
4795,83.924349637825,83.906214500
4796,83.941852109074,83.923403700
4797,83.959354580323,83.941207800
4798,83.976857051571,83.958720500
4799,83.994359522820,83.967108600
4800,84.011861994069,83.993378500
4801,84.029364465318,84.002193200
4802,84.046866936567,84.028881400
4803,84.064369407815,84.046064700
4804,84.081871879064,84.064235100
4805,84.099374350313,84.072510500
4806,84.116876821562,84.100136300
4807,84.134379292810,84.116700500
4808,84.151881764059,84.134640900
4809,84.169384235308,84.152091500
4810,84.186886706557,84.169031500
4811,84.204389177805,84.186750100
4812,84.221891649054,84.205666900
4813,84.239394120303,84.221531200
4814,84.256896591552,84.238928900
4815,84.274399062800,84.256498100
4816,84.291901534049,84.274011100
4817,84.309404005298,84.291539600
4818,84.326906476547,84.309086200
4819,84.344408947796,84.327029400
4820,84.361911419044,84.344809000
4821,84.379413890293,84.361323200
4822,84.396916361542,84.379645900
4823,84.414418832791,84.396705900
4824,84.431921304039,84.414055000
4825,84.449423775288,84.431574300
4826,84.466926246537,84.449308200
4827,84.484428717786,84.466500900
4828,84.501931189034,84.483995600
4829,84.519433660283,84.501596400
4830,84.536936131532,84.519164800
4831,84.554438602781,84.536531400
4832,84.571941074029,84.553793600
4833,84.589443545278,84.572355900
4834,84.606946016527,84.589304400
4835,84.624448487776,84.606781600
4836,84.641950959025,84.624575900
4837,84.659453430273,84.641429700
4838,84.676955901522,84.658852500
4839,84.694458372771,84.676148700
4840,84.711960844020,84.694226100
4841,84.729463315268,84.711777700
4842,84.746965786517,84.729822400
4843,84.764468257766,84.746703200
4844,84.781970729015,84.764105200
4845,84.799473200263,84.781607900
4846,84.816975671512,84.798970600
4847,84.834478142761,84.816245200
4848,84.851980614010,84.834760500
4849,84.869483085258,84.851692100
4850,84.886985556507,84.869218200
4851,84.904488027756,84.886742400
4852,84.921990499005,84.904682000
4853,84.939492970254,84.922079500
4854,84.956995441502,84.940767000
4855,84.974497912751,84.957134700
4856,84.992000384000,84.974568600
4857,85.009502855249,84.992340300
4858,85.027005326497,85.010475000
4859,85.044507797746,85.028199500
4860,85.062010268995,85.046311100
4861,85.079512740244,85.062818500
4862,85.097015211492,85.079730900
4863,85.114517682741,85.097168500
4864,85.132020153990,85.114843500
4865,85.149522625239,85.132363900
4866,85.167025096487,85.149890400
4867,85.184527567736,85.166994000
4868,85.202030038985,85.184896100
4869,85.219532510234,85.202381300
4870,85.237034981483,85.219713800
4871,85.254537452731,85.237821600
4872,85.272039923980,85.255000600
4873,85.289542395229,85.272470400
4874,85.307044866478,85.290231700
4875,85.324547337726,85.307872100
4876,85.342049808975,85.324966800
4877,85.359552280224,85.342061600
4878,85.377054751473,85.359179200
4879,85.394557222721,85.376714100
4880,85.412059693970,85.394466300
4881,85.429562165219,85.411783000
4882,85.447064636468,85.429333100
4883,85.464567107716,85.446786300
4884,85.482069578965,85.464283000
4885,85.499572050214,85.482445400
4886,85.517074521463,85.499255500
4887,85.534576992712,85.517112100
4888,85.552079463960,85.534381500
4889,85.569581935209,85.551780200
4890,85.587084406458,85.569829300
4891,85.604586877707,85.586900000
4892,85.622089348955,85.604597600
4893,85.639591820204,85.621990300
4894,85.657094291453,85.639586600
4895,85.674596762702,85.656805000
4896,85.692099233950,85.674232900
4897,85.709601705199,85.691791800
4898,85.727104176448,85.709915800
4899,85.744606647697,85.728141400
4900,85.762109118945,85.744689300
4901,85.779611590194,85.762255300
4902,85.797114061443,85.780255100
4903,85.814616532692,85.797318600
4904,85.832119003940,85.814357600
4905,85.849621475189,85.832204500
4906,85.867123946438,85.849932300
4907,85.884626417687,85.867060000
4908,85.902128888936,85.884415500
4909,85.919631360184,85.902099000
4910,85.937133831433,85.919463100
4911,85.954636302682,85.936943400
4912,85.972138773931,85.954465800
4913,85.989641245179,85.972211200
4914,86.007143716428,85.989600400
4915,86.024646187677,86.006705500
4916,86.042148658926,86.024833600
4917,86.059651130174,86.042672300
4918,86.077153601423,86.059613600
4919,86.094656072672,86.077355600
4920,86.112158543921,86.095185800
4921,86.129661015169,86.111984400
4922,86.147163486418,86.129521400
4923,86.164665957667,86.147653000
4924,86.182168428916,86.164917600
4925,86.199670900165,86.182283300
4926,86.217173371413,86.200244700
4927,86.234675842662,86.217367100
4928,86.252178313911,86.235035200
4929,86.269680785160,86.252058400
4930,86.287183256408,86.270591100
4931,86.304685727657,86.287193200
4932,86.322188198906,86.304552600
4933,86.339690670155,86.322128700
4934,86.357193141403,86.340252600
4935,86.374695612652,86.357368300
4936,86.392198083901,86.375150100
4937,86.409700555150,86.392248500
4938,86.427203026398,86.410331500
4939,86.444705497647,86.427318400
4940,86.462207968896,86.444889900
4941,86.479710440145,86.463197000
4942,86.497212911394,86.480569000
4943,86.514715382642,86.497590400
4944,86.532217853891,86.515046100
4945,86.549720325140,86.532275400
4946,86.567222796389,86.549903800
4947,86.584725267637,86.567303000
4948,86.602227738886,86.585053900
4949,86.619730210135,86.602302700
4950,86.637232681384,86.619434300
4951,86.654735152632,86.637818700
4952,86.672237623881,86.655352400
4953,86.689740095130,86.672278200
4954,86.707242566379,86.690536100
4955,86.724745037627,86.707200100
4956,86.742247508876,86.725206400
4957,86.759749980125,86.742186300
4958,86.777252451374,86.759994300
4959,86.794754922623,86.777414800
4960,86.812257393871,86.794670600
4961,86.829759865120,86.812566200
4962,86.847262336369,86.829705400
4963,86.864764807618,86.847661000
4964,86.882267278866,86.864775900
4965,86.899769750115,86.882222700
4966,86.917272221364,86.900306200
4967,86.934774692613,86.917677300
4968,86.952277163861,86.935431700
4969,86.969779635110,86.952341300
4970,86.987282106359,86.970045900
4971,87.004784577608,86.987629700
4972,87.022287048856,87.004779200
4973,87.039789520105,87.022533400
4974,87.057291991354,87.040336900
4975,87.074794462603,87.057533300
4976,87.092296933852,87.075206300
4977,87.109799405100,87.093135800
4978,87.127301876349,87.110976500
4979,87.144804347598,87.127566600
4980,87.162306818847,87.145145800
4981,87.179809290095,87.163571400
4982,87.197311761344,87.180219900
4983,87.214814232593,87.197548800
4984,87.232316703842,87.216158300
4985,87.249819175090,87.233056000
4986,87.267321646339,87.250036700
4987,87.284824117588,87.267586900
4988,87.302326588837,87.285507900
4989,87.319829060085,87.302472700
4990,87.337331531334,87.320204300
4991,87.354834002583,87.337996700
4992,87.372336473832,87.355280700
4993,87.389838945081,87.372788800
4994,87.407341416329,87.390370600
4995,87.424843887578,87.407878100
4996,87.442346358827,87.425150000
4997,87.459848830076,87.442496400
4998,87.477351301324,87.460079400
4999,87.494853772573,87.477698800
5000,87.512356243822,87.495218700
5001,87.529858715071,87.512627700
5002,87.547361186319,87.530249800
5003,87.564863657568,87.547551800
5004,87.582366128817,87.565065400
5005,87.599868600066,87.582362400
5006,87.617371071314,87.600907500
5007,87.634873542563,87.618410500
5008,87.652376013812,87.635568500
5009,87.669878485061,87.652965400
5010,87.687380956310,87.670514600
5011,87.704883427558,87.687460900
5012,87.722385898807,87.705226200
5013,87.739888370056,87.723308500
5014,87.757390841305,87.740701600
5015,87.774893312553,87.757904000
5016,87.792395783802,87.776155800
5017,87.809898255051,87.793425000
5018,87.827400726300,87.810217200
5019,87.844903197548,87.827554800
5020,87.862405668797,87.845305900
5021,87.879908140046,87.862645700
5022,87.897410611295,87.879463500
5023,87.914913082543,87.897537300
5024,87.932415553792,87.914883500
5025,87.949918025041,87.932566900
5026,87.967420496290,87.950083600
5027,87.984922967539,87.967747900
5028,88.002425438787,87.984913800
5029,88.019927910036,88.002148900
5030,88.037430381285,88.019632200
5031,88.054932852534,88.037539200
5032,88.072435323782,88.055573200
5033,88.089937795031,88.072530300
5034,88.107440266280,88.090168200
5035,88.124942737529,88.108110400
5036,88.142445208777,88.124990900
5037,88.159947680026,88.142260500
5038,88.177450151275,88.160036800
5039,88.194952622524,88.177279300
5040,88.212455093772,88.194591400
5041,88.229957565021,88.212420600
5042,88.247460036270,88.230134700
5043,88.264962507519,88.247557000
5044,88.282464978768,88.264956200
5045,88.299967450016,88.282526200
5046,88.317469921265,88.300523700
5047,88.334972392514,88.317361000
5048,88.352474863763,88.334872100
5049,88.369977335011,88.352441200
5050,88.387479806260,88.369876800
5051,88.404982277509,88.387455000
5052,88.422484748758,88.405059200
5053,88.439987220006,88.423111600
5054,88.457489691255,88.439757900
5055,88.474992162504,88.457257700
5056,88.492494633753,88.474923600
5057,88.509997105001,88.492277200
5058,88.527499576250,88.509593800
5059,88.545002047499,88.527290300
5060,88.562504518748,88.544885900
5061,88.580006989997,88.562126500
5062,88.597509461245,88.579702200
5063,88.615011932494,88.597972300
5064,88.632514403743,88.615051700
5065,88.650016874992,88.632764300
5066,88.667519346240,88.649736600
5067,88.685021817489,88.668035300
5068,88.702524288738,88.675264000
5069,88.720026759987,88.702395600
5070,88.737529231235,88.710780000
5071,88.755031702484,88.737650500
5072,88.772534173733,88.754621600
5073,88.790036644982,88.772930800
5074,88.807539116230,88.790838900
5075,88.825041587479,88.807756500
5076,88.842544058728,88.825049200
5077,88.860046529977,88.842546300
5078,88.877549001226,88.859955000
5079,88.895051472474,88.877319200
5080,88.912553943723,88.894770300
5081,88.930056414972,88.912496700
5082,88.947558886221,88.929990800
5083,88.965061357469,88.947430500
5084,88.982563828718,88.964963000
5085,89.000066299967,88.982569200
5086,89.017568771216,89.000027800
5087,89.035071242464,89.017569000
5088,89.052573713713,89.034943200
5089,89.070076184962,89.052674800
5090,89.087578656211,89.069817600
5091,89.105081127459,89.087486300
5092,89.122583598708,89.105087500
5093,89.140086069957,89.122829500
5094,89.157588541206,89.140180100
5095,89.175091012454,89.157751600
5096,89.192593483703,89.175973200
5097,89.210095954952,89.192528500
5098,89.227598426201,89.210194300
5099,89.245100897450,89.227654100
5100,89.262603368698,89.244862600
5101,89.280105839947,89.262649800
5102,89.297608311196,89.280028300
5103,89.315110782445,89.297908200
5104,89.332613253693,89.314831100
5105,89.350115724942,89.332211200
5106,89.367618196191,89.350154500
5107,89.385120667440,89.367645700
5108,89.402623138688,89.384691400
5109,89.420125609937,89.402402900
5110,89.437628081186,89.419849300
5111,89.455130552435,89.438095700
5112,89.472633023683,89.454907400
5113,89.490135494932,89.472580600
5114,89.507637966181,89.489734600
5115,89.525140437430,89.507349700
5116,89.542642908679,89.525137400
5117,89.560145379927,89.543046600
5118,89.577647851176,89.559669900
5119,89.595150322425,89.577305600
5120,89.612652793674,89.595171400
5121,89.630155264922,89.612411700
5122,89.647657736171,89.631045500
5123,89.665160207420,89.647541200
5124,89.682662678669,89.664977400
5125,89.700165149917,89.682512100
5126,89.717667621166,89.699871500
5127,89.735170092415,89.717586700
5128,89.752672563664,89.734965100
5129,89.770175034912,89.752569600
5130,89.787677506161,89.769753300
5131,89.805179977410,89.787649000
5132,89.822682448659,89.804584000
5133,89.840184919908,89.822145700
5134,89.857687391156,89.840110300
5135,89.875189862405,89.857410700
5136,89.892692333654,89.874538100
5137,89.910194804903,89.892177000
5138,89.927697276151,89.909851800
5139,89.945199747400,89.927333900
5140,89.962702218649,89.944668700
5141,89.980204689898,89.962259400
5142,89.997707161146,89.980043300
5143,90.015209632395,89.988231500
5144,90.032712103644,90.015776400
5145,90.050214574893,90.023266300
5146,90.067717046141,90.050007800
5147,90.085219517390,90.058094900
5148,90.102721988639,90.084795700
5149,90.120224459888,90.093174300
5150,90.137726931137,90.120068200
5151,90.155229402385,90.138193300
5152,90.172731873634,90.155056300
5153,90.190234344883,90.172934900
5154,90.207736816132,90.190142100
5155,90.225239287380,90.207217000
5156,90.242741758629,90.224686800
5157,90.260244229878,90.242529800
5158,90.277746701127,90.261573100
5159,90.295249172375,90.277241800
5160,90.312751643624,90.295375100
5161,90.330254114873,90.312102400
5162,90.347756586122,90.329919400
5163,90.365259057370,90.347651700
5164,90.382761528619,90.364896900
5165,90.400263999868,90.382151500
5166,90.417766471117,90.399998500
5167,90.435268942366,90.417285100
5168,90.452771413614,90.434814700
5169,90.470273884863,90.452235000
5170,90.487776356112,90.469908600
5171,90.505278827361,90.487498300
5172,90.522781298609,90.504857000
5173,90.540283769858,90.522491300
5174,90.557786241107,90.540029100
5175,90.575288712356,90.557390600
5176,90.592791183604,90.574912300
5177,90.610293654853,90.592341500
5178,90.627796126102,90.609877600
5179,90.645298597351,90.627824200
5180,90.662801068599,90.644933800
5181,90.680303539848,90.662417300
5182,90.697806011097,90.680445900
5183,90.715308482346,90.697488300
5184,90.732810953595,90.714709300
5185,90.750313424843,90.732635900
5186,90.767815896092,90.750136400
5187,90.785318367341,90.767506800
5188,90.802820838590,90.785211200
5189,90.820323309838,90.802689700
5190,90.837825781087,90.811268800
5191,90.855328252336,90.837472400
5192,90.872830723585,90.854915300
5193,90.890333194833,90.872650100
5194,90.907835666082,90.890093300
5195,90.925338137331,90.907362100
5196,90.942840608580,90.925261300
5197,90.960343079828,90.942346300
5198,90.977845551077,90.959855400
5199,90.995348022326,90.977384900
5200,91.012850493575,90.995139900
5201,91.030352964824,91.012516900
5202,91.047855436072,91.029868600
5203,91.065357907321,91.047550700
5204,91.082860378570,91.064823600
5205,91.100362849819,91.082264100
5206,91.117865321067,91.100004500
5207,91.135367792316,91.117388900
5208,91.152870263565,91.135080800
5209,91.170372734814,91.153111500
5210,91.187875206062,91.171109900
5211,91.205377677311,91.188058000
5212,91.222880148560,91.205374100
5213,91.240382619809,91.222681500
5214,91.257885091057,91.240219200
5215,91.275387562306,91.257587700
5216,91.292890033555,91.275525200
5217,91.310392504804,91.293103900
5218,91.327894976053,91.310558400
5219,91.345397447301,91.327780600
5220,91.362899918550,91.345067200
5221,91.380402389799,91.363246200
5222,91.397904861048,91.380359000
5223,91.415407332296,91.397758500
5224,91.432909803545,91.415150400
5225,91.450412274794,91.432759100
5226,91.467914746043,91.450033500
5227,91.485417217291,91.468549300
5228,91.502919688540,91.485121500
5229,91.520422159789,91.502526500
5230,91.537924631038,91.519884400
5231,91.555427102286,91.537743100
5232,91.572929573535,91.555101300
5233,91.590432044784,91.572860200
5234,91.607934516033,91.590012500
5235,91.625436987282,91.607798100
5236,91.642939458530,91.625173700
5237,91.660441929779,91.642645300
5238,91.677944401028,91.661199400
5239,91.695446872277,91.678014600
5240,91.712949343525,91.695619700
5241,91.730451814774,91.712873400
5242,91.747954286023,91.730730300
5243,91.765456757272,91.747634100
5244,91.782959228520,91.764679500
5245,91.800461699769,91.782302900
5246,91.817964171018,91.799169000
5247,91.835466642267,91.816414400
5248,91.852969113515,91.834156000
5249,91.870471584764,91.851300600
5250,91.887974056013,91.868639900
5251,91.905476527262,91.886047600
5252,91.922978998511,91.904092200
5253,91.940481469759,91.921353700
5254,91.957983941008,91.938607100
5255,91.975486412257,91.956181800
5256,91.992988883506,91.973907200
5257,92.010491354754,91.991472800
5258,92.027993826003,92.008881700
5259,92.045496297252,92.026371100
5260,92.062998768501,92.043662700
5261,92.080501239749,92.061475200
5262,92.098003710998,92.078542900
5263,92.115506182247,92.096353500
5264,92.133008653496,92.113808100
5265,92.150511124744,92.131297800
5266,92.168013595993,92.148675000
5267,92.185516067242,92.167858300
5268,92.203018538491,92.183934800
5269,92.220521009739,92.201088000
5270,92.238023480988,92.218638300
5271,92.255525952237,92.236863100
5272,92.273028423486,92.253638900
5273,92.290530894735,92.271133000
5274,92.308033365983,92.289132600
5275,92.325535837232,92.306606100
5276,92.343038308481,92.324169400
5277,92.360540779730,92.341446200
5278,92.378043250978,92.359095200
5279,92.395545722227,92.377313200
5280,92.413048193476,92.393799200
5281,92.430550664725,92.411566000
5282,92.448053135973,92.428816000
5283,92.465555607222,92.446122500
5284,92.483058078471,92.464193900
5285,92.500560549720,92.481546500
5286,92.518063020968,92.498888100
5287,92.535565492217,92.516143000
5288,92.553067963466,92.533815000
5289,92.570570434715,92.551629400
5290,92.588072905964,92.568986300
5291,92.605575377212,92.587112200
5292,92.623077848461,92.604173800
5293,92.640580319710,92.621400000
5294,92.658082790959,92.638669200
5295,92.675585262207,92.656189100
5296,92.693087733456,92.673862800
5297,92.710590204705,92.691849600
5298,92.728092675954,92.710646300
5299,92.745595147202,92.726645400
5300,92.763097618451,92.743847100
5301,92.780600089700,92.761075700
5302,92.798102560949,92.779006800
5303,92.815605032197,92.796360600
5304,92.833107503446,92.813763300
5305,92.850609974695,92.830909700
5306,92.868112445944,92.848723900
5307,92.885614917193,92.866979700
5308,92.903117388441,92.884246800
5309,92.920619859690,92.901605700
5310,92.938122330939,92.919666100
5311,92.955624802188,92.936968400
5312,92.973127273436,92.953496300
5313,92.990629744685,92.971173100
5314,93.008132215934,92.988980200
5315,93.025634687183,93.006427600
5316,93.043137158431,93.023722700
5317,93.060639629680,93.041803900
5318,93.078142100929,93.058970300
5319,93.095644572178,93.076225600
5320,93.113147043426,93.093805700
5321,93.130649514675,93.111344100
5322,93.148151985924,93.128725100
5323,93.165654457173,93.146046600
5324,93.183156928422,93.163055300
5325,93.200659399670,93.174798800
5326,93.218161870919,93.199144000
5327,93.235664342168,93.216226300
5328,93.253166813417,93.234033700
5329,93.270669284665,93.251262300
5330,93.288171755914,93.268853400
5331,93.305674227163,93.286033400
5332,93.323176698412,93.303911200
5333,93.340679169660,93.321270500
5334,93.358181640909,93.338569800
5335,93.375684112158,93.355985400
5336,93.393186583407,93.374109800
5337,93.410689054655,93.391064500
5338,93.428191525904,93.408915700
5339,93.445693997153,93.426264200
5340,93.463196468402,93.443654300
5341,93.480698939651,93.461126900
5342,93.498201410899,93.478346100
5343,93.515703882148,93.497016400
5344,93.533206353397,93.513562900
5345,93.550708824646,93.531519800
5346,93.568211295894,93.548860400
5347,93.585713767143,93.566517800
5348,93.603216238392,93.583479900
5349,93.620718709641,93.600729000
5350,93.638221180889,93.618523800
5351,93.655723652138,93.635913500
5352,93.673226123387,93.653633500
5353,93.690728594636,93.670758100
5354,93.708231065884,93.689231800
5355,93.725733537133,93.706446800
5356,93.743236008382,93.725971100
5357,93.760738479631,93.741585900
5358,93.778240950880,93.758612900
5359,93.795743422128,93.775811600
5360,93.813245893377,93.793546600
5361,93.830748364626,93.810799500
5362,93.848250835875,93.828530000
5363,93.865753307123,93.845723400
5364,93.883255778372,93.863811800
5365,93.900758249621,93.881373800
5366,93.918260720870,93.898782700
5367,93.935763192118,93.915790600
5368,93.953265663367,93.933773800
5369,93.970768134616,93.950971300
5370,93.988270605865,93.968176200
5371,94.005773077113,93.985878700
5372,94.023275548362,94.003484200
5373,94.040778019611,94.021081000
5374,94.058280490860,94.038383400
5375,94.075782962109,94.055905700
5376,94.093285433357,94.073453900
5377,94.110787904606,94.090768000
5378,94.128290375855,94.108523400
5379,94.145792847104,94.126198700
5380,94.163295318352,94.143433900
5381,94.180797789601,94.160681600
5382,94.198300260850,94.178548300
5383,94.215802732099,94.196085700
5384,94.233305203347,94.213242900
5385,94.250807674596,94.231276700
5386,94.268310145845,94.248535700
5387,94.285812617094,94.266313800
5388,94.303315088342,94.283382800
5389,94.320817559591,94.300924000
5390,94.338320030840,94.318536200
5391,94.355822502089,94.335834800
5392,94.373324973338,94.353739500
5393,94.390827444586,94.370906100
5394,94.408329915835,94.388588900
5395,94.425832387084,94.405494800
5396,94.443334858333,94.424217000
5397,94.460837329581,94.441355500
5398,94.478339800830,94.458717800
5399,94.495842272079,94.475617700
5400,94.513344743328,94.493633000
5401,94.530847214576,94.511791500
5402,94.548349685825,94.528121300
5403,94.565852157074,94.545691900
5404,94.583354628323,94.563345400
5405,94.600857099571,94.580612900
5406,94.618359570820,94.598027500
5407,94.635862042069,94.615912400
5408,94.653364513318,94.633048200
5409,94.670866984567,94.651181000
5410,94.688369455815,94.669020100
5411,94.705871927064,94.686526600
5412,94.723374398313,94.703789300
5413,94.740876869562,94.722411400
5414,94.758379340810,94.738852400
5415,94.775881812059,94.756254200
5416,94.793384283308,94.773957400
5417,94.810886754557,94.790810700
5418,94.828389225805,94.808148400
5419,94.845891697054,94.825620100
5420,94.863394168303,94.843055300
5421,94.880896639552,94.861407800
5422,94.898399110800,94.878197500
5423,94.915901582049,94.895540200
5424,94.933404053298,94.913725200
5425,94.950906524547,94.931434400
5426,94.968408995795,94.948427000
5427,94.985911467044,94.965495800
5428,95.003413938293,94.983311900
5429,95.020916409542,95.000978000
5430,95.038418880791,95.018857100
5431,95.055921352039,95.035773800
5432,95.073423823288,95.053154700
5433,95.090926294537,95.071106200
5434,95.108428765786,95.087969300
5435,95.125931237034,95.105750600
5436,95.143433708283,95.123338400
5437,95.160936179532,95.140961800
5438,95.178438650781,95.158308500
5439,95.195941122029,95.175889000
5440,95.213443593278,95.193246700
5441,95.230946064527,95.210772000
5442,95.248448535776,95.228204100
5443,95.265951007024,95.246095900
5444,95.283453478273,95.263285600
5445,95.300955949522,95.280322500
5446,95.318458420771,95.298372700
5447,95.335960892020,95.315789700
5448,95.353463363268,95.333446200
5449,95.370965834517,95.350804300
5450,95.388468305766,95.368326800
5451,95.405970777015,95.385698100
5452,95.423473248263,95.403257400
5453,95.440975719512,95.420750500
5454,95.458478190761,95.439106300
5455,95.475980662010,95.456346800
5456,95.493483133258,95.473190200
5457,95.510985604507,95.490661700
5458,95.528488075756,95.508258600
5459,95.545990547005,95.525885900
5460,95.563493018253,95.543216100
5461,95.580995489502,95.561445800
5462,95.598497960751,95.578562400
5463,95.616000432000,95.595429100
5464,95.633502903249,95.613144400
5465,95.651005374497,95.630965900
5466,95.668507845746,95.648140200
5467,95.686010316995,95.665893500
5468,95.703512788244,95.683287400
5469,95.721015259492,95.700789200
5470,95.738517730741,95.718461300
5471,95.756020201990,95.735625700
5472,95.773522673239,95.753881600
5473,95.791025144487,95.771097600
5474,95.808527615736,95.787995200
5475,95.826030086985,95.798995300
5476,95.843532558234,95.823279600
5477,95.861035029482,95.834120700
5478,95.878537500731,95.858509400
5479,95.896039971980,95.869900000
5480,95.913542443229,95.893711700
5481,95.931044914478,95.910814100
5482,95.948547385726,95.928272900
5483,95.966049856975,95.945708600
5484,95.983552328224,95.963528600
5485,96.001054799473,95.980709900
5486,96.018557270721,95.998378200
5487,96.036059741970,96.016040000
5488,96.053562213219,96.033234300
5489,96.071064684468,96.050819700
5490,96.088567155716,96.068092500
5491,96.106069626965,96.086037200
5492,96.123572098214,96.103410600
5493,96.141074569463,96.120680400
5494,96.158577040711,96.138485200
5495,96.176079511960,96.155715400
5496,96.193581983209,96.173575600
5497,96.211084454458,96.190655000
5498,96.228586925707,96.208318500
5499,96.246089396955,96.225969700
5500,96.263591868204,96.243481900
5501,96.281094339453,96.261479500
5502,96.298596810702,96.278771400
5503,96.316099281950,96.295640700
5504,96.333601753199,96.313282800
5505,96.351104224448,96.331211000
5506,96.368606695697,96.348187000
5507,96.386109166945,96.365950800
5508,96.403611638194,96.383382800
5509,96.421114109443,96.400674600
5510,96.438616580692,96.418215500
5511,96.456119051940,96.436101000
5512,96.473621523189,96.453229200
5513,96.491123994438,96.471378000
5514,96.508626465687,96.488118800
5515,96.526128936936,96.505779400
5516,96.543631408184,96.523065500
5517,96.561133879433,96.540930300
5518,96.578636350682,96.558457600
5519,96.596138821931,96.575687600
5520,96.613641293179,96.593021300
5521,96.631143764428,96.611312700
5522,96.648646235677,96.628111200
5523,96.666148706926,96.645964900
5524,96.683651178174,96.663187700
5525,96.701153649423,96.680931700
5526,96.718656120672,96.697921300
5527,96.736158591921,96.709476700
5528,96.753661063169,96.733052500
5529,96.771163534418,96.744825800
5530,96.788666005667,96.768254700
5531,96.806168476916,96.779882800
5532,96.823670948165,96.802796500
5533,96.841173419413,96.814747900
5534,96.858675890662,96.837669500
5535,96.876178361911,96.849595200
5536,96.893680833160,96.873015500
5537,96.911183304408,96.885194200
5538,96.928685775657,96.908360800
5539,96.946188246906,96.925633800
5540,96.963690718155,96.943399700
5541,96.981193189403,96.962093700
5542,96.998695660652,96.978152900
5543,97.016198131901,96.996089700
5544,97.033700603150,97.013806500
5545,97.051203074398,97.030602400
5546,97.068705545647,97.048826100
5547,97.086208016896,97.066383500
5548,97.103710488145,97.083234100
5549,97.121212959394,97.101131900
5550,97.138715430642,97.118319300
5551,97.156217901891,97.135634800
5552,97.173720373140,97.153090100
5553,97.191222844389,97.170388400
5554,97.208725315637,97.188094800
5555,97.226227786886,97.205835100
5556,97.243730258135,97.223364700
5557,97.261232729384,97.240540200
5558,97.278735200632,97.258466700
5559,97.296237671881,97.275879100
5560,97.313740143130,97.293527300
5561,97.331242614379,97.310744100
5562,97.348745085627,97.328610300
5563,97.366247556876,97.345383200
5564,97.383750028125,97.362948200
5565,97.401252499374,97.380547100
5566,97.418754970623,97.397807600
5567,97.436257441871,97.415314600
5568,97.453759913120,97.433115800
5569,97.471262384369,97.450840300
5570,97.488764855618,97.467984300
5571,97.506267326866,97.485668900
5572,97.523769798115,97.503235400
5573,97.541272269364,97.520840800
5574,97.558774740613,97.538523400
5575,97.576277211861,97.555518300
5576,97.593779683110,97.573113100
5577,97.611282154359,97.590468600
5578,97.628784625608,97.607989900
5579,97.646287096856,97.625528400
5580,97.663789568105,97.643119600
5581,97.681292039354,97.660805000
5582,97.698794510603,97.677948100
5583,97.716296981852,97.695853900
5584,97.733799453100,97.713070700
5585,97.751301924349,97.730786500
5586,97.768804395598,97.748222900
5587,97.786306866847,97.765859800
5588,97.803809338095,97.783445800
5589,97.821311809344,97.800828100
5590,97.838814280593,97.818357900
5591,97.856316751842,97.835818500
5592,97.873819223090,97.852845900
5593,97.891321694339,97.870428600
5594,97.908824165588,97.887603600
5595,97.926326636837,97.899481200
5596,97.943829108085,97.923064500
5597,97.961331579334,97.940684600
5598,97.978834050583,97.958032900
5599,97.996336521832,97.976053000
5600,98.013838993080,97.993308200
5601,98.031341464329,98.010933200
5602,98.048843935578,98.028349200
5603,98.066346406827,98.045575000
5604,98.083848878076,98.063226100
5605,98.101351349324,98.080524100
5606,98.118853820573,98.097865100
5607,98.136356291822,98.115531900
5608,98.153858763071,98.133198700
5609,98.171361234319,98.150801800
5610,98.188863705568,98.168442000
5611,98.206366176817,98.185909500
5612,98.223868648066,98.203384300
5613,98.241371119314,98.220724500
5614,98.258873590563,98.238285100
5615,98.276376061812,98.255736000
5616,98.293878533061,98.273281100
5617,98.311381004309,98.290877200
5618,98.328883475558,98.308423600
5619,98.346385946807,98.325477000
5620,98.363888418056,98.342829000
5621,98.381390889305,98.360450300
5622,98.398893360553,98.378355500
5623,98.416395831802,98.395562600
5624,98.433898303051,98.412762200
5625,98.451400774300,98.430303900
5626,98.468903245548,98.448085600
5627,98.486405716797,98.459555700
5628,98.503908188046,98.483113800
5629,98.521410659295,98.500544000
5630,98.538913130543,98.518155600
5631,98.556415601792,98.535371000
5632,98.573918073041,98.553509200
5633,98.591420544290,98.570776200
5634,98.608923015538,98.588125400
5635,98.626425486787,98.605227900
5636,98.643927958036,98.623159700
5637,98.661430429285,98.640624000
5638,98.678932900534,98.658101000
5639,98.696435371782,98.675277500
5640,98.713937843031,98.693313400
5641,98.731440314280,98.710573300
5642,98.748942785529,98.728121400
5643,98.766445256777,98.745635700
5644,98.783947728026,98.763169800
5645,98.801450199275,98.780923200
5646,98.818952670524,98.797778900
5647,98.836455141772,98.815347300
5648,98.853957613021,98.833049000
5649,98.871460084270,98.850349500
5650,98.888962555519,98.867962500
5651,98.906465026767,98.885770400
5652,98.923967498016,98.903163400
5653,98.941469969265,98.920329500
5654,98.958972440514,98.938082300
5655,98.976474911763,98.955656600
5656,98.993977383011,98.973043000
5657,99.011479854260,98.990273500
5658,99.028982325509,99.007885700
5659,99.046484796758,99.025934300
5660,99.063987268006,99.043293800
5661,99.081489739255,99.060494300
5662,99.098992210504,99.077949700
5663,99.116494681753,99.095321300
5664,99.133997153001,99.112834600
5665,99.151499624250,99.130563200
5666,99.169002095499,99.148344500
5667,99.186504566748,99.165436200
5668,99.204007037996,99.182721800
5669,99.221509509245,99.201418800
5670,99.239011980494,99.218137500
5671,99.256514451743,99.235707600
5672,99.274016922992,99.252982800
5673,99.291519394240,99.270681500
5674,99.309021865489,99.288131200
5675,99.326524336738,99.305198500
5676,99.344026807987,99.323633000
5677,99.361529279235,99.340878200
5678,99.379031750484,99.358193500
5679,99.396534221733,99.375847700
5680,99.414036692982,99.393834900
5681,99.431539164230,99.410760700
5682,99.449041635479,99.428239200
5683,99.466544106728,99.445672600
5684,99.484046577977,99.462923500
5685,99.501549049225,99.480336200
5686,99.519051520474,99.497897300
5687,99.536553991723,99.516184000
5688,99.554056462972,99.533163900
5689,99.571558934221,99.550469900
5690,99.589061405469,99.568300500
5691,99.606563876718,99.585439500
5692,99.624066347967,99.602781500
5693,99.641568819216,99.620293100
5694,99.659071290464,99.638160200
5695,99.676573761713,99.655491200
5696,99.694076232962,99.673378700
5697,99.711578704211,99.690895400
5698,99.729081175459,99.708357700
5699,99.746583646708,99.725519700
5700,99.764086117957,99.743103500
5701,99.781588589206,99.760958400
5702,99.799091060454,99.778190800
5703,99.816593531703,99.795357000
5704,99.834096002952,99.813459600
5705,99.851598474201,99.830488700
5706,99.869100945450,99.848186000
5707,99.886603416698,99.865928100
5708,99.904105887947,99.883216800
5709,99.921608359196,99.900813200
5710,99.939110830445,99.918130200
5711,99.956613301693,99.935369700
5712,99.974115772942,99.953081600
5713,99.991618244191,99.970931300
5714,100.009120715440,99.987855800
5715,100.026623186688,100.005410000
5716,100.044125657937,100.024291600
5717,100.061628129186,100.041147100
5718,100.079130600435,100.057838800
5719,100.096633071683,100.075507900
5720,100.114135542932,100.093253900
5721,100.131638014181,100.110500200
5722,100.149140485430,100.128020900
5723,100.166642956679,100.145583800
5724,100.184145427927,100.162866400
5725,100.201647899176,100.180321900
5726,100.219150370425,100.198080600
5727,100.236652841674,100.215603400
5728,100.254155312922,100.233134200
5729,100.271657784171,100.250328600
5730,100.289160255420,100.268869800
5731,100.306662726669,100.285803700
5732,100.324165197917,100.303163300
5733,100.341667669166,100.321153700
5734,100.359170140415,100.338493700
5735,100.376672611664,100.355565700
5736,100.394175082912,100.373201800
5737,100.411677554161,100.390932200
5738,100.429180025410,100.408523400
5739,100.446682496659,100.425836200
5740,100.464184967908,100.443304400
5741,100.481687439156,100.461769900
5742,100.499189910405,100.478152900
5743,100.516692381654,100.495637500
5744,100.534194852903,100.513499200
5745,100.551697324151,100.531424700
5746,100.569199795400,100.548703500
5747,100.586702266649,100.566094300
5748,100.604204737898,100.583753200
5749,100.621707209146,100.600979900
5750,100.639209680395,100.618249000
5751,100.656712151644,100.636035000
5752,100.674214622893,100.653829300
5753,100.691717094141,100.670871600
5754,100.709219565390,100.688247400
5755,100.726722036639,100.706020500
5756,100.744224507888,100.724412800
5757,100.761726979137,100.741561800
5758,100.779229450385,100.758839500
5759,100.796731921634,100.776458400
5760,100.814234392883,100.793561300
5761,100.831736864132,100.811024000
5762,100.849239335380,100.828742400
5763,100.866741806629,100.846668600
5764,100.884244277878,100.864076600
5765,100.901746749127,100.881386500
5766,100.919249220375,100.898829900
5767,100.936751691624,100.916348900
5768,100.954254162873,100.934086100
5769,100.971756634122,100.951292300
5770,100.989259105370,100.968948600
5771,101.006761576619,100.986234800
5772,101.024264047868,101.003832100
5773,101.041766519117,101.021348900
5774,101.059268990365,101.038669900
5775,101.076771461614,101.056762000
5776,101.094273932863,101.074070000
5777,101.111776404112,101.092228300
5778,101.129278875361,101.109108800
5779,101.146781346609,101.126974300
5780,101.164283817858,101.144030900
5781,101.181786289107,101.161321800
5782,101.199288760356,101.178612200
5783,101.216791231604,101.196456900
5784,101.234293702853,101.214314400
5785,101.251796174102,101.231516100
5786,101.269298645351,101.248646900
5787,101.286801116599,101.266576300
5788,101.304303587848,101.283683800
5789,101.321806059097,101.301255000
5790,101.339308530346,101.318720500
5791,101.356811001594,101.336447800
5792,101.374313472843,101.354180700
5793,101.391815944092,101.371480400
5794,101.409318415341,101.389276200
5795,101.426820886590,101.406641800
5796,101.444323357838,101.423893100
5797,101.461825829087,101.441680300
5798,101.479328300336,101.458658300
5799,101.496830771585,101.476306100
5800,101.514333242833,101.493979700
5801,101.531835714082,101.511235500
5802,101.549338185331,101.529455300
5803,101.566840656580,101.546318500
5804,101.584343127828,101.563626400
5805,101.601845599077,101.581307300
5806,101.619348070326,101.599062000
5807,101.636850541575,101.615994400
5808,101.654353012823,101.633726200
5809,101.671855484072,101.651592300
5810,101.689357955321,101.668938200
5811,101.706860426570,101.686757100
5812,101.724362897819,101.704140700
5813,101.741865369067,101.721621200
5814,101.759367840316,101.739079300
5815,101.776870311565,101.756715400
5816,101.794372782814,101.774549400
5817,101.811875254062,101.791343900
5818,101.829377725311,101.809430400
5819,101.846880196560,101.826079200
5820,101.864382667809,101.843897900
5821,101.881885139057,101.861370600
5822,101.899387610306,101.879078200
5823,101.916890081555,101.896615200
5824,101.934392552804,101.913790700
5825,101.951895024052,101.931364500
5826,101.969397495301,101.949042500
5827,101.986899966550,101.966778700
5828,102.004402437799,101.990767000
5829,102.021904909048,102.001315100
5830,102.039407380296,102.019183900
5831,102.056909851545,102.036513800
5832,102.074412322794,102.053903700
5833,102.091914794043,102.071310100
5834,102.109417265291,102.089820500
5835,102.126919736540,102.107231600
5836,102.144422207789,102.124114700
5837,102.161924679038,102.142223000
5838,102.179427150286,102.159219400
5839,102.196929621535,102.176604900
5840,102.214432092784,102.194394500
5841,102.231934564033,102.211546300
5842,102.249437035281,102.229235800
5843,102.266939506530,102.246914300
5844,102.284441977779,102.263905800
5845,102.301944449028,102.281817100
5846,102.319446920277,102.299045100
5847,102.336949391525,102.316724300
5848,102.354451862774,102.334269100
5849,102.371954334023,102.351734500
5850,102.389456805272,102.369458000
5851,102.406959276520,102.386839400
5852,102.424461747769,102.404060600
5853,102.441964219018,102.422108200
5854,102.459466690267,102.439013500
5855,102.476969161515,102.456772000
5856,102.494471632764,102.474129000
5857,102.511974104013,102.491442700
5858,102.529476575262,102.509142300
5859,102.546979046510,102.527054200
5860,102.564481517759,102.544241000
5861,102.581983989008,102.561486600
5862,102.599486460257,102.579340800
5863,102.616988931506,102.596744900
5864,102.634491402754,102.614166200
5865,102.651993874003,102.631715800
5866,102.669496345252,102.649968700
5867,102.686998816501,102.666737100
5868,102.704501287749,102.684189100
5869,102.722003758998,102.701402400
5870,102.739506230247,102.718892700
5871,102.757008701496,102.736750200
5872,102.774511172744,102.754152200
5873,102.792013643993,102.772212400
5874,102.809516115242,102.789074500
5875,102.827018586491,102.806439300
5876,102.844521057739,102.824579300
5877,102.862023528988,102.841764500
5878,102.879526000237,102.859149200
5879,102.897028471486,102.878332000
5880,102.914530942735,102.894408000
5881,102.932033413983,102.912115400
5882,102.949535885232,102.929184400
5883,102.967038356481,102.946606700
5884,102.984540827730,102.964117900
5885,103.002043298978,102.981586000
5886,103.019545770227,102.998873600
5887,103.037048241476,103.016371500
5888,103.054550712725,103.027612900
5889,103.072053183973,103.051389300
5890,103.089555655222,103.062596300
5891,103.107058126471,103.086475900
5892,103.124560597720,103.097866400
5893,103.142063068968,103.121773200
5894,103.159565540217,103.132526400
5895,103.177068011466,103.156626400
5896,103.194570482715,103.168042800
5897,103.212072953964,103.193115700
5898,103.229575425212,103.209336300
5899,103.247077896461,103.226692900
5900,103.264580367710,103.244163800
5901,103.282082838959,103.261682400
5902,103.299585310207,103.279265400
5903,103.317087781456,103.296689900
5904,103.334590252705,103.314175800
5905,103.352092723954,103.331892300
5906,103.369595195202,103.349412700
5907,103.387097666451,103.366810500
5908,103.404600137700,103.384778600
5909,103.422102608949,103.402109400
5910,103.439605080197,103.419813700
5911,103.457107551446,103.437070200
5912,103.474610022695,103.454457000
5913,103.492112493944,103.472192400
5914,103.509614965193,103.489541700
5915,103.527117436441,103.506903100
5916,103.544619907690,103.524850100
5917,103.562122378939,103.542014800
5918,103.579624850188,103.559377300
5919,103.597127321436,103.577351900
5920,103.614629792685,103.594727300
5921,103.632132263934,103.613009100
5922,103.649634735183,103.629607900
5923,103.667137206431,103.647227100
5924,103.684639677680,103.664697100
5925,103.702142148929,103.682381300
5926,103.719644620178,103.699701800
5927,103.737147091426,103.717369700
5928,103.754649562675,103.734677800
5929,103.772152033924,103.752162500
5930,103.789654505173,103.769723800
5931,103.807156976422,103.787297100
5932,103.824659447670,103.804279700
5933,103.842161918919,103.822030700
5934,103.859664390168,103.839592100
5935,103.877166861417,103.857023700
5936,103.894669332665,103.874292000
5937,103.912171803914,103.891949800
5938,103.929674275163,103.910988100
5939,103.947176746412,103.927227400
5940,103.964679217660,103.944464600
5941,103.982181688909,103.962462500
5942,103.999684160158,103.979633000
5943,104.017186631407,103.997078900
5944,104.034689102655,104.014232500
5945,104.052191573904,104.032587900
5946,104.069694045153,104.049788100
5947,104.087196516402,104.067542400
5948,104.104698987651,104.085290800
5949,104.122201458899,104.102311000
5950,104.139703930148,104.119589500
5951,104.157206401397,104.137175500
5952,104.174708872646,104.154955800
5953,104.192211343894,104.172737500
5954,104.209713815143,104.189593200
5955,104.227216286392,104.206984000
5956,104.244718757641,104.224489700
5957,104.262221228889,104.241930100
5958,104.279723700138,104.259110700
5959,104.297226171387,104.276900800
5960,104.314728642636,104.294347100
5961,104.332231113884,104.312097300
5962,104.349733585133,104.329474300
5963,104.367236056382,104.346875200
5964,104.384738527631,104.364424600
5965,104.402240998879,104.381734800
5966,104.419743470128,104.399801900
5967,104.437245941377,104.417209600
5968,104.454748412626,104.434378800
5969,104.472250883875,104.452142100
5970,104.489753355123,104.469653400
5971,104.507255826372,104.487240100
5972,104.524758297621,104.504144200
5973,104.542260768870,104.521913700
5974,104.559763240118,104.539761500
5975,104.577265711367,104.556928100
5976,104.594768182616,104.574417300
5977,104.612270653865,104.585836600
5978,104.629773125113,104.609756100
5979,104.647275596362,104.620402200
5980,104.664778067611,104.644837500
5981,104.682280538860,104.662774600
5982,104.699783010108,104.679496200
5983,104.717285481357,104.697177000
5984,104.734787952606,104.715891600
5985,104.752290423855,104.734690600
5986,104.769792895104,104.752253100
5987,104.787295366352,104.770141100
5988,104.804797837601,104.792205400
5989,104.822300308850,104.807631900
5990,104.839802780099,104.821445300
5991,104.857305251347,104.845360000
5992,104.874807722596,105.437375200
5993,104.892310193845,105.446640000
5994,104.909812665094,105.463196400
5995,104.927315136342,105.477873500
5996,104.944817607591,105.495423300
5997,104.962320078840,105.512913600
5998,104.979822550089,105.530714900
5999,104.997325021337,105.548155000
6000,105.014827492586,105.565319900
