frame,cpu_frame,cpu_time,device_time,multiplier,sources,instances,quads,viewport,hash,source_us,assembly_us,hash_us,snapshot_us,guest_cycles,scene,scene_frame,scene_time,bounds,culled_bounds,materials_us
3500,3500,61.276243366054,61.276255932721,3,7147,19,173,0,5da1d15448177cbc,1573.200,4312.700,38.400,1.000,0,2117,3500,61.276213399387,1,2700,54702.200
3501,3501,61.293745799387,61.293758366054,3,7147,19,173,0,65de35752bdba52d,1847.100,4347.200,38.300,0.500,0,2118,3501,61.293715832720,1,2700,1296.800
3502,3502,61.311248399387,61.311260966054,3,7147,19,173,0,ef15e3feea5361d3,1356.500,4137.000,38.300,0.300,0,2119,3502,61.311218432720,1,2700,1373.500
3503,3503,61.328751066053,61.328763632720,3,7147,19,173,0,c3c2363c03f252b6,1391.400,4091.100,48.300,0.300,0,2120,3503,61.328721099387,1,2700,1351.400
3504,3504,61.346253299387,61.346265866053,3,7147,19,173,0,0e4ee00e2fccf4eb,1402.400,4064.100,38.300,0.300,0,2121,3504,61.346223332720,1,2700,1222.300
3505,3505,61.363755766053,61.363768332720,3,7147,19,173,0,e7c4153e10706596,1352.900,4046.600,38.300,0.300,0,2122,3505,61.363725799386,1,2700,1247.400
3506,3506,61.381258199386,61.381270766053,3,7147,19,173,0,d848a7e7f2786eab,1397.500,4156.900,38.300,0.500,0,2123,3506,61.381228232720,1,2700,1252.400
3507,3507,61.398760632719,61.398773199386,3,7147,19,173,0,fb9f1181847c1335,1364.600,4119.100,38.300,0.600,0,2124,3507,61.398730666053,1,2700,1408.100
3508,3508,61.416263232719,61.416275799386,3,7147,19,173,0,4d2690e754fe5d3b,1387.700,4206.700,38.400,0.500,0,2125,3508,61.416233266053,1,2700,1363.600
3509,3509,61.433765566052,61.433778132719,3,7147,19,173,0,8ecad26ba6124edc,1372.000,4093.200,38.300,0.400,0,2126,3509,61.433735599386,1,2700,1307.800
3510,3510,61.451268099385,61.451280666052,3,7147,19,173,0,4a364318d9ff4322,1371.500,4236.900,38.700,0.600,0,2127,3510,61.451238132719,1,2700,1227.200
3511,3511,61.468770932719,61.468783499385,3,7147,19,173,0,7683aaeba9638ad5,1380.800,4198.300,38.900,0.600,0,2128,3511,61.468740966052,1,2700,1274.000
3512,3512,61.486273699385,61.486286266052,3,7147,19,173,0,55e76d4b01001387,1352.700,4041.000,38.300,0.300,0,2129,3512,61.486243732718,1,2700,1318.800
3513,3513,61.503775532718,61.503788099385,3,7147,19,173,0,ee1c09fc1772c04e,1354.100,4293.100,38.300,0.300,0,2130,3513,61.503745566052,1,2700,1302.700
3514,3514,61.521277999385,61.521290566051,3,7147,19,173,0,5d8d6ed2318b22fe,1345.400,4085.700,38.300,0.200,0,2131,3514,61.521248032718,1,2700,1319.300
3515,3515,61.538780466051,61.538793032718,3,7147,19,173,0,92f253fff2ca1d7e,1411.400,4162.500,38.400,0.400,0,2132,3515,61.538750499385,1,2700,1283.000
3516,3516,61.556282999384,61.556295566051,3,7147,19,173,0,c6350a476e9f983a,1354.000,4163.100,38.400,0.400,0,2133,3516,61.556253032718,1,2700,1374.700
3517,3517,61.573785332718,61.573797899384,3,7147,19,173,0,7b1a9b68f25a3f8b,1363.500,4125.800,38.300,0.400,0,2134,3517,61.573755366051,1,2700,1321.700
3518,3518,61.591287832717,61.591300399384,3,7147,19,173,0,791b7f35fec9cd82,1363.300,4336.300,47.700,0.400,0,2135,3518,61.591257866051,1,2700,1248.200
3519,3519,61.608790666051,61.608803232717,3,7147,19,173,0,e861e4721f096ce1,1346.600,4295.000,38.300,0.500,0,2136,3519,61.608760699384,1,2700,1386.400
3520,3520,61.626292866050,61.626305432717,3,7147,19,173,0,b014a22cd4d81999,1350.600,4206.300,38.300,0.600,0,2137,3520,61.626262899384,1,2700,1391.600
3521,3521,61.643795366050,61.643807932717,3,7147,19,173,0,68b31dccda9fadbc,1351.100,4152.200,38.400,0.400,0,2138,3521,61.643765399384,1,2700,1267.300
3522,3522,61.661297799383,61.661310366050,3,7147,19,173,0,784f4791463f7064,1403.500,4285.600,38.300,0.500,0,2139,3522,61.661267832717,1,2700,1333.800
3523,3523,61.678800266050,61.678812832717,3,7147,19,173,0,6eec98fd56b37e82,1391.100,4156.800,38.300,0.400,0,2140,3523,61.678770299383,1,2700,1265.200
3524,3524,61.696302699383,61.696315266050,3,7147,19,173,0,51a0c20038811827,1421.700,4344.500,38.300,0.500,0,2141,3524,61.696272732716,1,2700,1227.300
3525,3525,61.713805166050,61.713817732716,3,7147,19,173,0,6724c5b5cd3cef35,1385.800,4355.900,38.300,0.500,0,2142,3525,61.713775199383,1,2700,1290.200
3526,3526,61.731307699383,61.731320266049,3,7147,19,173,0,bd38ac1641e8564d,1456.300,4216.400,42.900,0.500,0,2143,3526,61.731277732716,1,2700,1274.000
3527,3527,61.748810532716,61.748823099383,3,7147,19,173,0,3bb708005e51906b,1387.000,4068.200,75.100,0.700,0,2144,3527,61.748780566049,1,2700,1528.600
3528,3528,61.766312632716,61.766325199382,3,7147,19,173,0,04eb118edadea7eb,1387.900,4148.900,38.400,0.500,0,2145,3528,61.766282666049,1,2700,1471.700
3529,3529,61.783815099382,61.783827666049,3,7147,19,173,0,a7f232ad304f8521,1372.000,4084.000,38.300,0.400,0,2146,3529,61.783785132715,1,2700,1234.700
3530,3530,61.801317499382,61.801330066049,3,7147,19,173,0,f605a7cf4092b3d1,1390.000,4154.500,38.300,0.500,0,2147,3530,61.801287532715,1,2700,1304.500
3531,3531,61.818820066048,61.818832632715,3,7147,19,173,0,c7033f26d578f777,1366.100,4128.400,38.300,0.500,0,2148,3531,61.818790099382,1,2700,1322.300
3532,3532,61.836322466048,61.836335032715,3,7147,19,173,0,5a672defe9762caf,1373.600,4128.600,38.400,0.400,0,2149,3532,61.836292499382,1,2700,1331.700
3533,3533,61.853824866048,61.853837432715,3,7147,19,173,0,0535fdd8b6499dbd,1453.600,4148.600,38.800,0.500,0,2150,3533,61.853794899381,1,2700,1313.200
3534,3534,61.871327332715,61.871339899381,3,7147,19,173,0,0ef82be9bdf6df65,1445.500,4121.000,38.400,0.500,0,2151,3534,61.871297366048,1,2700,1326.200
3535,3535,61.888830232714,61.888842799381,3,7147,19,173,0,d455d9931ed7e7c3,1361.300,4041.400,38.300,0.400,0,2152,3535,61.888800266048,1,2700,1281.600
3536,3536,61.906332332714,61.906344899381,3,7147,19,173,0,732dce47ae5f2ab3,1341.300,4134.100,38.400,0.400,0,2153,3536,61.906302366048,1,2700,1307.500
3537,3537,61.923834766047,61.923847332714,3,7147,19,173,0,627ab47732724fc9,1446.400,4263.100,38.300,0.600,0,2154,3537,61.923804799381,1,2700,1259.500
3538,3538,61.941337366047,61.941349932714,3,7147,19,173,0,6cceaaf7b5c83f69,1334.500,4106.000,38.300,0.500,0,2155,3538,61.941307399381,1,2700,1283.400
3539,3539,61.958839699380,61.958852266047,3,7147,19,173,0,3426825bb1b55d4f,1697.400,4188.500,38.300,0.600,0,2156,3539,61.958809732714,1,2700,1396.200
3540,3540,61.976342299380,61.976354866047,3,7147,19,173,0,e2afeca480c694b7,1354.800,4054.100,38.300,0.300,0,2157,3540,61.976312332714,1,2700,1364.200
3541,3541,61.993844732713,61.993857299380,3,7147,19,173,0,19bd8c2e3f359885,1379.600,4039.700,38.300,0.300,0,2158,3541,61.993814766047,1,2700,1269.300
3542,3542,62.011347132713,62.011359699380,3,7147,19,173,0,9faf383bf7d5ad1d,1322.900,4106.800,43.400,1.300,0,2159,3542,62.011317166047,1,2700,1226.100
3543,3543,62.028850166046,62.028862732713,3,7147,19,173,0,3462dd90dc33d69b,1436.900,4109.100,38.300,0.300,0,2160,3543,62.028820199380,1,2700,1296.300
3544,3544,62.046352132713,62.046364699380,3,7147,19,173,0,feef805a16b37fdb,1374.300,4107.500,38.300,0.400,0,2161,3544,62.046322166046,1,2700,1313.200
3545,3545,62.063854532713,62.063867099379,3,7147,19,173,0,367e5df87b5a6a91,1338.300,4219.700,38.300,0.400,0,2162,3545,62.063824566046,1,2700,1259.000
3546,3546,62.081357066046,62.081369632713,3,7147,19,173,0,78d4093eca504141,1413.200,4260.200,38.300,0.500,0,2163,3546,62.081327099379,1,2700,1238.900
3547,3547,62.098859599379,62.098872166046,3,7147,19,173,0,756762f9fce0c387,1347.700,4196.000,38.300,0.300,0,2164,3547,62.098829632712,1,2700,1234.600
3548,3548,62.116361966046,62.116374532712,3,7147,19,173,0,f433da2446bd5aff,1406.300,4190.100,38.300,0.300,0,2165,3548,62.116331999379,1,2700,1228.800
3549,3549,62.133872132712,62.133884699379,3,7147,19,173,0,411774bff3c343cd,1429.200,4142.900,38.300,0.400,0,2166,3549,62.133842166045,1,2700,1239.000
3550,3550,62.151367032712,62.151379599378,3,7147,19,173,0,be1170297a4aa8b5,1407.000,4222.400,38.300,0.300,0,2167,3550,62.151337066045,1,2700,1256.500
3551,3551,62.168869699378,62.168882266045,3,7147,19,173,0,507710c52be5c473,1343.500,4130.600,38.300,0.500,0,2168,3551,62.168839732712,1,2700,1378.000
3552,3552,62.186371899378,62.186384466045,3,7147,19,173,0,42ff50db3cd35b63,1412.500,4149.200,38.400,0.500,0,2169,3552,62.186341932711,1,2700,1258.900
3553,3553,62.203874432711,62.203886999378,3,7147,19,173,0,adf1a4a28a344f79,1354.900,4092.900,38.300,0.400,0,2170,3553,62.203844466045,1,2700,1270.000
3554,3554,62.221376832711,62.221389399378,3,7147,19,173,0,4dab5241d786dd99,1359.600,4067.600,38.300,0.400,0,2171,3554,62.221346866044,1,2700,1282.500
3555,3555,62.238879232711,62.238891799378,3,7147,19,173,0,ade3213be361ef9f,1360.300,4230.100,38.300,0.600,0,2172,3555,62.238849266044,1,2700,1883.100
3556,3556,62.256381766044,62.256394332711,3,7147,19,173,0,ecc922e77399af07,1366.000,4073.800,38.300,0.300,0,2173,3556,62.256351799377,1,2700,1266.000
3557,3557,62.273884299377,62.273896866044,3,7147,19,173,0,5ae12e5a5eceb115,1359.200,4086.300,38.300,0.400,0,2174,3557,62.273854332711,1,2700,1312.200
3558,3558,62.291386666044,62.291399232710,3,7147,19,173,0,17b1682137901bad,1352.200,4053.200,38.300,0.400,0,2175,3558,62.291356699377,1,2700,1416.400
3559,3559,62.308889699377,62.308902266044,3,7147,19,173,0,0a833753dfa2224b,1361.000,4152.300,38.300,0.200,0,2176,3559,62.308859732710,1,2700,1379.600
3560,3560,62.326391599377,62.326404166043,3,7147,19,173,0,b4564a508ba6ec4b,1347.500,4083.600,38.300,0.600,0,2177,3560,62.326361632710,1,2700,1405.400
3561,3561,62.343894132710,62.343906699377,3,7147,19,173,0,5d7d303e33172c81,1345.500,4339.300,38.400,0.400,0,2178,3561,62.343864166043,1,2700,1309.900
3562,3562,62.361396666043,62.361409232710,3,7147,19,173,0,9565e425a9d67ff1,1353.400,4329.400,38.300,0.400,0,2179,3562,62.361366699376,1,2700,1277.200
3563,3563,62.378899032710,62.378911599376,3,7147,19,173,0,6fa3188640205a17,1342.700,4128.400,38.300,0.300,0,2180,3563,62.378869066043,1,2700,1256.600
3564,3564,62.396401532709,62.396414099376,3,7147,19,173,0,30d2f5559c6a8ccf,1393.800,4136.100,38.300,0.400,0,2181,3564,62.396371566043,1,2700,1242.000
3565,3565,62.413903999376,62.413916566043,3,7147,19,173,0,0763640c59b8af1d,1346.000,4200.100,38.500,0.300,0,2182,3565,62.413874032709,1,2700,1285.300
3566,3566,62.431406432709,62.431418999376,3,7147,19,173,0,aec8963829223c05,1414.500,4343.300,38.300,0.300,0,2183,3566,62.431376466042,1,2700,1216.800
3567,3567,62.448909332709,62.448921899376,3,7147,19,173,0,6cff39d7639c06e3,1440.300,4198.000,38.400,0.400,0,2184,3567,62.448879366042,1,2700,1237.600
3568,3568,62.466411499375,62.466424066042,3,7147,19,173,0,716e59f743d13f53,1347.500,4301.000,38.400,0.500,0,2185,3568,62.466381532709,1,2700,1427.300
3569,3569,62.483913832708,62.483926399375,3,7147,19,173,0,8ac9c96c196b30e9,1472.500,4277.100,38.400,1.000,0,2186,3569,62.483883866042,1,2700,1284.000
3570,3570,62.501416432708,62.501428999375,3,7147,19,173,0,44b92e8a3d7cea09,1382.200,4150.200,38.300,0.400,0,2187,3570,62.501386466042,1,2700,1224.200
3571,3571,62.518918866041,62.518931432708,3,7147,19,173,0,3eddf7eaa181baef,1374.600,4130.400,38.600,0.500,0,2188,3571,62.518888899375,1,2700,1248.200
3572,3572,62.536421266041,62.536433832708,3,7147,19,173,0,f6350d35f5200297,1370.500,4129.800,38.300,0.900,0,2189,3572,62.536391299375,1,2700,1250.200
3573,3573,62.553923866041,62.553936432708,3,7147,19,173,0,f552dcfa76bd72e5,1366.700,4179.600,38.400,0.200,0,2190,3573,62.553893899374,1,2700,1220.000
3574,3574,62.571426266041,62.571438832708,3,7147,19,173,0,7e79b1e1345748fd,1340.000,4079.500,38.300,0.400,0,2191,3574,62.571396299374,1,2700,1304.300
3575,3575,62.588929166041,62.588941732707,3,7147,19,173,0,73b404704386d97b,1357.400,4237.500,38.300,0.300,0,2192,3575,62.588899199374,1,2700,1229.700
3576,3576,62.606431132707,62.606443699374,3,7147,19,173,0,a9e493f9087af8bb,1482.700,4178.400,38.300,0.700,0,2193,3576,62.606401166041,1,2700,1457.200
3577,3577,62.623933732707,62.623946299374,3,7147,19,173,0,16a418b5528d9671,1345.200,4161.800,38.300,0.300,0,2194,3577,62.623903766040,1,2700,1263.100
3578,3578,62.641436166040,62.641448732707,3,7147,19,173,0,608a54d58df806e1,1328.100,4144.800,38.400,1.100,0,2195,3578,62.641406199374,1,2700,1549.500
3579,3579,62.658938666040,62.658951232707,3,7147,19,173,0,0c11b3a4256a3a27,1351.100,4091.300,38.300,0.400,0,2196,3579,62.658908699373,1,2700,1375.100
3580,3580,62.676441099373,62.676453666040,3,7147,19,173,0,76041cc8935f479f,1447.100,4132.200,38.300,0.400,0,2197,3580,62.676411132707,1,2700,1332.800
3581,3581,62.693943532706,62.693956099373,3,7147,19,173,0,cab6694b2fca8c2d,1331.600,4239.600,38.300,0.400,0,2198,3581,62.693913566040,1,2700,1266.400
3582,3582,62.711446099373,62.711458666040,3,7147,19,173,0,1b5bee8b15e8a555,1340.400,4458.400,38.300,0.500,0,2199,3582,62.711416132706,1,2700,1256.200
3583,3583,62.728948832706,62.728961399373,3,7147,19,173,0,666b3efcd8e73793,1363.900,4078.200,38.300,0.500,0,2200,3583,62.728918866039,1,2700,1279.500
3584,3584,62.746450966039,62.746463532706,3,7147,19,173,0,49033a8ba59739ea,1371.400,4085.800,38.300,0.600,0,2201,3584,62.746420999373,1,2700,1496.700
3585,3585,62.763953366039,62.763965932706,3,7147,19,173,0,eb4aec8deac150bc,1381.800,4280.800,38.700,0.500,0,2202,3585,62.763923399372,1,2700,1362.600
3586,3586,62.781455932706,62.781468499372,3,7147,19,173,0,5dc80df508edb1e4,1360.600,4129.700,38.400,0.500,0,2203,3586,62.781425966039,1,2700,1279.200
3587,3587,62.798958432705,62.798970999372,3,7147,19,173,0,9f9a13bfe644f25e,1361.700,4064.400,38.300,0.300,0,2204,3587,62.798928466039,1,2700,1254.300
3588,3588,62.816460899372,62.816473466039,3,7147,19,173,0,c0cd84c183f78106,1392.100,4079.500,38.300,0.300,0,2205,3588,62.816430932705,1,2700,1222.900
3589,3589,62.833963366038,62.833975932705,3,7147,19,173,0,6a4799eae1bc6ea0,1377.300,4086.400,38.300,0.400,0,2206,3589,62.833933399372,1,2700,1255.200
3590,3590,62.851465799371,62.851478366038,3,7147,19,173,0,e39b45d806a5c930,1353.200,4060.400,38.300,0.300,0,2207,3590,62.851435832705,1,2700,1235.000
3591,3591,62.868968666038,62.868981232705,3,7147,19,173,0,49ef2b9edd17aa92,1355.400,4152.100,38.700,0.400,0,2208,3591,62.868938699371,1,2700,1237.800
3592,3592,62.886470766038,62.886483332704,3,7147,19,173,0,19855c91f740d5c2,1348.100,4234.700,38.300,0.900,0,2209,3592,62.886440799371,1,2700,1233.000
3593,3593,62.903973199371,62.903985766038,3,7147,19,173,0,d51630263bb3fc94,1360.000,4377.800,38.400,0.400,0,2210,3593,62.903943232704,1,2700,1486.500
3594,3594,62.921475666037,62.921488232704,3,7147,19,173,0,6bf70b3c748c9b6c,1341.900,4268.600,38.300,0.300,0,2211,3594,62.921445699371,1,2700,1267.200
3595,3595,62.938978132704,62.938990699371,3,7147,19,173,0,395b6b355e1e7ec6,1346.900,4110.400,38.300,1.700,0,2212,3595,62.938948166037,1,2700,1314.600
3596,3596,62.956480599370,62.956493166037,3,7147,19,173,0,a502b86c65a950be,1364.500,4202.700,38.300,0.500,0,2213,3596,62.956450632704,1,2700,1341.500
3597,3597,62.973983032704,62.973995599370,3,7147,19,173,0,094cc0b6e89d0d58,1373.300,4207.000,38.300,0.300,0,2214,3597,62.973953066037,1,2700,1312.700
3598,3598,62.991485632703,62.991498199370,3,7147,19,173,0,1f93fdd0240231b8,1350.600,4288.000,38.400,1.000,0,2215,3598,62.991455666037,1,2700,1360.400
3599,3599,63.008988299370,63.009000866037,3,7147,19,173,0,b922810b98cb439a,1488.900,4497.500,38.300,0.400,0,2216,3599,63.008958332703,1,2700,1315.200
3600,3600,63.026490566036,63.026503132703,3,7147,19,173,0,e1433dee9842775a,1404.300,4174.300,38.500,0.400,0,2217,3600,63.026460599370,1,2700,1359.500
3601,3601,63.043993066036,63.044005632703,3,7147,19,173,0,40186287602005cc,1373.800,4150.900,38.400,0.500,0,2218,3601,63.043963099370,1,2700,1548.800
3602,3602,63.061495532703,63.061508099369,3,7147,19,173,0,a2489c385657e4b4,1376.200,4165.800,38.300,0.800,0,2219,3602,63.061465566036,1,2700,1461.800
3603,3603,63.078997866036,63.079010432703,3,7147,19,173,0,24b4ac4d37b906ee,1384.300,4139.000,38.300,0.400,0,2220,3603,63.078967899369,1,2700,1314.900
3604,3604,63.096500432702,63.096512999369,3,7147,19,173,0,8d187de511365576,1502.100,4146.400,38.400,0.500,0,2221,3604,63.096470466036,1,2700,1319.400
3605,3605,63.114002899369,63.114015466036,3,7147,19,173,0,1b07556c21449f10,1352.800,4141.500,38.300,0.300,0,2222,3605,63.113972932702,1,2700,1248.800
3606,3606,63.131512932702,63.131525499369,3,7147,19,173,0,31e7a66b6c63c4c0,1347.100,4116.100,38.300,0.400,0,2223,3606,63.131482966035,1,2700,1247.500
3607,3607,63.149008299369,63.149020866035,3,7147,19,173,0,49b6bd8f2f70e9c2,1348.400,4087.400,38.300,0.300,0,2224,3607,63.148978332702,1,2700,1235.000
3608,3608,63.166510266035,63.166522832702,3,7147,19,173,0,524dcb0917040bb2,1352.800,4116.500,51.000,0.300,0,2225,3608,63.166480299368,1,2700,1225.600
3609,3609,63.184012766035,63.184025332701,3,7147,19,173,0,46f503e0fd0242e4,1399.300,4069.600,38.400,0.400,0,2226,3609,63.183982799368,1,2700,1401.000
3610,3610,63.201515166035,63.201527732701,3,7147,19,173,0,fd20dd85e1fcbd7c,1354.300,4136.500,38.300,0.400,0,2227,3610,63.201485199368,1,2700,1355.900
3611,3611,63.219017666034,63.219030232701,3,7147,19,173,0,4285c35f4f835816,1355.900,4222.900,38.300,0.300,0,2228,3611,63.218987699368,1,2700,1255.700
3612,3612,63.236520232701,63.236532799368,3,7147,19,173,0,98c80f6623d9d4ae,1359.400,4059.100,38.300,0.300,0,2229,3612,63.236490266034,1,2700,1237.100
3613,3613,63.254022699367,63.254035266034,3,7147,19,173,0,9146e56a9b52a4c8,1381.200,4237.600,38.400,1.200,0,2230,3613,63.253992732701,1,2700,1290.100
3614,3614,63.271525132701,63.271537699367,3,7147,19,173,0,9cebc3293538c248,1338.600,4151.500,38.300,0.400,0,2231,3614,63.271495166034,1,2700,1255.100
3615,3615,63.289027832700,63.289040399367,3,7147,19,173,0,9ca39e274259d78a,1341.500,4170.200,38.600,0.400,0,2232,3615,63.288997866034,1,2700,1272.000
3616,3616,63.306530032700,63.306542599367,3,7147,19,173,0,2137cadff3f8b74a,1345.800,4089.700,38.400,0.300,0,2233,3616,63.306500066034,1,2700,1246.300
3617,3617,63.324032532700,63.324045099367,3,7147,19,173,0,92d7ac43e8b9a45c,1351.100,4027.000,38.300,0.300,0,2234,3617,63.324002566033,1,2700,1441.500
3618,3618,63.341535032700,63.341547599367,3,7147,19,173,0,c6cb86d38b67b5c4,1334.900,4070.800,38.300,0.500,0,2235,3618,63.341505066033,1,2700,1397.000
3619,3619,63.359037432700,63.359049999366,3,7147,19,173,0,c599d0da585bdefe,1366.000,4176.000,38.300,0.500,0,2236,3619,63.359007466033,1,2700,1390.100
3620,3620,63.376539932700,63.376552499366,3,7147,19,173,0,706925dfc15fe0a6,1333.300,4071.200,40.200,0.700,0,2237,3620,63.376509966033,1,2700,1279.000
3621,3621,63.394042432699,63.394054999366,3,7147,19,173,0,3a5b11e35f384240,1360.100,4105.000,38.300,0.400,0,2238,3621,63.394012466033,1,2700,1255.300
3622,3622,63.411544932699,63.411557499366,3,7147,19,173,0,1dcb9a6b9c81bfd0,1367.400,4172.800,38.300,0.300,0,2239,3622,63.411514966033,1,2700,1290.600
3623,3623,63.429047866032,63.429060432699,3,7147,19,173,0,8eb5554eafc80432,1340.300,4285.200,38.300,0.400,0,2240,3623,63.429017899366,1,2700,1280.700
3624,3624,63.446549899366,63.446562466032,3,7147,19,173,0,52897c14a1ecc562,1390.600,4236.500,38.300,0.300,0,2241,3624,63.446519932699,1,2700,1280.400
3625,3625,63.464052366032,63.464064932699,3,7147,19,173,0,b089fb97efcdb234,1352.300,4126.600,38.300,0.300,0,2242,3625,63.464022399365,1,2700,1231.000
3626,3626,63.481554799365,63.481567366032,3,7147,19,173,0,f50babc5bdc20d8c,1348.200,4196.800,47.500,0.400,0,2243,3626,63.481524832699,1,2700,1263.800
3627,3627,63.499057232698,63.499069799365,3,7147,19,173,0,153934161098a926,1327.800,4165.800,38.300,0.300,0,2244,3627,63.499027266032,1,2700,1224.400
3628,3628,63.516559766031,63.516572332698,3,7147,19,173,0,9a84d19c4f2eb41e,1391.000,4321.800,38.300,0.300,0,2245,3628,63.516529799365,1,2700,1336.900
3629,3629,63.534062266031,63.534074832698,3,7147,19,173,0,7975f77b5893ba38,1425.100,4355.100,38.300,0.400,0,2246,3629,63.534032299365,1,2700,1258.800
3630,3630,63.551564699364,63.551577266031,3,7147,19,173,0,0c52b686c3c25858,1435.500,4111.100,38.300,0.400,0,2247,3630,63.551534732698,1,2700,1233.600
3631,3631,63.569067432698,63.569079999364,3,7147,19,173,0,50f403d95c82a7ba,1339.700,4290.600,38.400,0.200,0,2248,3631,63.569037466031,1,2700,1288.300
3632,3632,63.586569566031,63.586582132697,3,7147,19,173,0,0bd78111e7efefba,1336.600,4030.000,38.300,0.200,0,2249,3632,63.586539599364,1,2700,1223.800
3633,3633,63.604071999364,63.604084566031,3,7147,19,173,0,72c48e40672327ec,1407.100,4272.700,38.300,0.500,0,2250,3633,63.604042032697,1,2700,1225.100
3634,3634,63.621577366030,63.621589932697,3,7147,19,173,0,a17570eaf1b42e94,1373.100,4038.200,38.300,0.300,0,2251,3634,63.621547399364,1,2700,1266.300
3635,3635,63.639079766030,63.639092332697,3,7147,19,173,0,ce7efc8cb284608e,1338.200,4063.700,38.300,0.300,0,2252,3635,63.639049799364,1,2700,1269.100
3636,3636,63.656582299363,63.656594866030,3,7147,19,173,0,290b7ef7bfb01b96,1411.600,4073.500,38.300,0.400,0,2253,3636,63.656552332697,1,2700,1301.500
3637,3637,63.674084699363,63.674097266030,3,7147,19,173,0,ef3c431c4dbaf730,1365.600,4131.200,46.100,0.400,0,2254,3637,63.674054732697,1,2700,1318.300
3638,3638,63.691587266030,63.691599832696,3,7147,19,173,0,30eb88e3245214e0,1380.400,4098.800,38.300,0.500,0,2255,3638,63.691557299363,1,2700,1367.900
3639,3639,63.709090166030,63.709102732696,3,7147,19,173,0,1accbab7df993662,1352.200,4216.200,38.300,0.300,0,2256,3639,63.709060199363,1,2700,1297.500
3640,3640,63.726592132696,63.726604699363,3,7147,19,173,0,e3db1d1c5c537a52,1338.100,4172.100,38.400,0.700,0,2257,3640,63.726562166029,1,2700,1261.000
3641,3641,63.744094566029,63.744107132696,3,7147,19,173,0,e2ec5333c0a29884,1333.300,4234.700,38.300,0.700,0,2258,3641,63.744064599363,1,2700,1330.600
3642,3642,63.761597099362,63.761609666029,3,7147,19,173,0,d8db04040665879c,1353.000,4415.700,46.200,1.200,0,2259,3642,63.761567132696,1,2700,1533.800
3643,3643,63.779099532696,63.779112099362,3,7147,19,173,0,c7d738ec26574176,1415.900,4272.100,38.300,0.500,0,2260,3643,63.779069566029,1,2700,1320.000
3644,3644,63.796602032695,63.796614599362,3,7147,19,173,0,b9daf68d6f511f8e,1344.300,4128.600,38.300,0.500,0,2261,3644,63.796572066029,1,2700,1213.200
3645,3645,63.814104466029,63.814117032695,3,7147,19,173,0,77a9af3e0ee29fa8,1344.200,4162.900,38.300,0.400,0,2262,3645,63.814074499362,1,2700,1274.300
3646,3646,63.831606932695,63.831619499362,3,7147,19,173,0,b88b83abd396a5e8,1334.800,4166.200,38.300,0.900,0,2263,3646,63.831576966028,1,2700,1293.400
3647,3647,63.849109699362,63.849122266028,3,7147,19,173,0,9ede3c8aa36b52aa,1402.100,4098.800,38.300,0.500,0,2264,3647,63.849079732695,1,2700,1231.800
3648,3648,63.866611866028,63.866624432695,3,7147,19,173,0,4de3d8a9de66802a,1378.900,4241.200,38.300,0.500,0,2265,3648,63.866581899361,1,2700,1305.000
3649,3649,63.884114399361,63.884126966028,3,7147,19,173,0,b7a6033a8dfa61fc,1372.500,4175.800,38.300,0.300,0,2266,3649,63.884084432694,1,2700,1244.200
3650,3650,63.901616832694,63.901629399361,3,7147,19,173,0,77adeef3fa8c53a4,1362.700,4220.800,38.600,0.400,0,2267,3650,63.901586866028,1,2700,1320.000
3651,3651,63.919119266027,63.919131832694,3,7147,19,173,0,2aceb30c1d7ea19e,1337.200,4080.900,38.300,0.600,0,2268,3651,63.919089299361,1,2700,1572.400
3652,3652,63.936621799361,63.936634366027,3,7147,19,173,0,4d1eb89b735f8bc6,1379.600,4055.300,38.300,0.400,0,2269,3652,63.936591832694,1,2700,1228.000
3653,3653,63.954124266027,63.954136832694,3,7147,19,173,0,c56d88f2f2fe4c60,1355.000,4076.700,38.300,0.200,0,2270,3653,63.954094299360,1,2700,1211.800
3654,3654,63.971626766027,63.971639332694,3,7147,19,173,0,cd291f3db5862470,1372.000,4087.600,38.400,0.300,0,2271,3654,63.971596799360,1,2700,1246.700
3655,3655,63.989129666027,63.989142232693,3,7147,19,173,0,971e8f8b024f2452,1382.800,4276.800,38.400,0.600,0,2272,3655,63.989099699360,1,2700,1268.900
3656,3656,64.006631699360,64.006644266027,3,7147,19,173,0,158ade25be1e4e02,1344.900,4179.400,89.000,1.200,0,2273,3656,64.006601732693,1,2700,1354.600
3657,3657,64.024134499360,64.024147066026,3,7147,19,173,0,9f4cd0b2b16d06a8,1345.000,4192.500,38.300,0.300,0,2274,3657,64.024104132693,1,2700,1255.400
3658,3658,64.041636999360,64.041649566026,3,7147,19,173,0,07341dbb4e509f74,1343.700,4173.700,38.200,0.500,0,2275,3658,64.041606632693,1,2700,1433.900
3659,3659,64.059139532693,64.059152099359,3,7147,19,173,0,c57f994ec14d052e,1535.600,4146.600,38.300,0.500,0,2276,3659,64.059109166026,1,2700,1243.200
3660,3660,64.076641566026,64.076654132693,3,7147,19,173,0,3c51a2cf40bd5f7e,1403.500,4235.700,38.300,0.400,0,2277,3660,64.076611599359,1,2700,1234.500
3661,3661,64.094144066026,64.094156632692,3,7147,19,173,0,65f89dd957fa0798,1354.500,4040.500,42.700,0.300,0,2278,3661,64.094114099359,1,2700,1223.000
3662,3662,64.111646499359,64.111659066026,3,7147,19,173,0,f4fe5242ceb8e678,1466.600,4260.100,38.400,0.500,0,2279,3662,64.111616532692,1,2700,1245.800
3663,3663,64.129160999359,64.129173599359,3,7147,19,173,0,2168af39ee1fa3da,1351.500,4182.000,38.300,0.700,0,2280,3663,64.129130666025,1,2700,1221.300
3664,3664,64.146651832692,64.146664432692,3,7147,19,173,0,5014b2a2ba9d051a,1440.300,4094.000,38.300,0.400,0,2281,3664,64.146621499359,1,2700,1227.100
3665,3665,64.164154266025,64.164166832692,3,7147,19,173,0,7729a5f13e223a30,1410.200,4240.400,38.300,0.900,0,2282,3665,64.164123899358,1,2700,1348.600
3666,3666,64.181656832692,64.181669399358,3,7147,19,173,0,4a14fc813eba12b4,1364.600,4319.000,38.600,0.700,0,2283,3666,64.181626466025,1,2700,1527.500
3667,3667,64.199159232691,64.199171799358,3,7147,19,173,0,52537106cc38bfbe,1379.800,4154.200,38.300,1.600,0,2284,3667,64.199128866025,1,2700,1571.400
3668,3668,64.216661799358,64.216674366025,3,7147,19,173,0,e5077957e613060a,1419.000,4145.800,38.300,1.500,0,2285,3668,64.216631432691,1,2700,1374.900
3669,3669,64.234163866024,64.234176432691,3,7147,19,173,0,5fcf65876ac50050,1460.400,4334.600,38.400,0.500,0,2286,3669,64.234133899358,1,2700,1391.300
3670,3670,64.251666332691,64.251678899357,3,7147,19,173,0,5aea0f4d6fea1a80,1364.600,4053.800,38.300,1.400,0,2287,3670,64.251636366024,1,2700,1330.400
3671,3671,64.269169166024,64.269181732691,3,7147,19,173,0,e4bca9ad4ffcce82,1399.400,4335.200,38.300,0.800,0,2288,3671,64.269139199357,1,2700,1445.000
3672,3672,64.286671232690,64.286683799357,3,7147,19,173,0,4290d0b7da72f4f2,1438.100,4369.100,38.400,0.500,0,2289,3672,64.286641266024,1,2700,1277.600
3673,3673,64.304173699357,64.304186266024,3,7147,19,173,0,c632b61c68647724,1392.800,4220.500,38.300,0.400,0,2290,3673,64.304143732690,1,2700,1266.700
3674,3674,64.321676499357,64.321689066023,3,7147,19,173,0,0abee86f6a9162fc,1341.100,4077.100,38.300,0.300,0,2291,3674,64.321646132690,1,2700,1257.900
3675,3675,64.339179066023,64.339191632690,3,7147,19,173,0,803969959c7388e6,1342.300,4079.600,38.300,0.400,0,2292,3675,64.339148699357,1,2700,1362.000
3676,3676,64.356681099356,64.356693666023,3,7147,19,173,0,19b4107b8ef94c6e,1357.800,4162.000,38.500,0.500,0,2293,3676,64.356651132690,1,2700,1489.700
3677,3677,64.374183966023,64.374196566023,3,7147,19,173,0,083756ed9838e388,1397.300,4183.500,38.300,0.500,0,2294,3677,64.374153632690,1,2700,1412.900
3678,3678,64.391686432689,64.391699032689,3,7147,19,173,0,ee3571ea67d2cd88,1353.400,4067.200,38.300,0.500,0,2295,3678,64.391656099356,1,2700,1329.000
3679,3679,64.409189232689,64.409201832689,3,7147,19,173,0,6d180924600330ca,1386.100,4153.800,38.400,0.400,0,2296,3679,64.409158899356,1,2700,1245.100
3680,3680,64.426691399356,64.426703999356,3,7147,19,173,0,198ce7ac4b117f8a,1347.200,4132.800,38.300,0.400,0,2297,3680,64.426661066022,1,2700,1249.400
3681,3681,64.444193866022,64.444206466022,3,7147,19,173,0,87fa9eee226f0c9c,1335.600,4112.000,38.300,0.300,0,2298,3681,64.444163532689,1,2700,1263.700
3682,3682,64.461696299355,64.461708899355,3,7147,19,173,0,7076411c9eb09a84,1390.200,4224.900,38.400,0.800,0,2299,3682,64.461665966022,1,2700,1280.000
3683,3683,64.479198732689,64.479211332689,3,7147,19,173,0,e9a8f40e0d63f23e,1359.800,4105.100,38.300,0.400,0,2300,3683,64.479168399355,1,2700,1359.000
3684,3684,64.496701266022,64.496713866022,3,7147,19,173,0,f17c9adc6983e166,1467.000,4063.200,38.200,0.400,0,2301,3684,64.496670932688,1,2700,1271.500
3685,3685,64.514203699355,64.514216366022,3,7147,19,173,0,13549b02d8308600,1415.200,4134.100,38.300,0.500,0,2302,3685,64.514173366022,1,2700,1246.300
3686,3686,64.531706166021,64.531718766021,3,7147,19,173,0,5efb165c3d0f6b10,1341.400,4251.900,38.400,0.400,0,2303,3686,64.531675832688,1,2700,1327.700
3687,3687,64.549209032688,64.549221632688,3,7147,19,173,0,ffaf10ca4184e9f2,1367.900,4179.600,38.300,0.700,0,2304,3687,64.549178699355,1,2700,1241.000
3688,3688,64.566711132688,64.566723699354,3,7147,19,173,0,3cb55c24112975ce,1345.000,4135.900,38.400,0.500,0,2305,3688,64.566680766021,1,2700,1269.400
3689,3689,64.584213699354,64.584226266021,3,7147,19,173,0,a2488a272b34f800,1416.100,4128.400,38.400,0.600,0,2306,3689,64.584183332687,1,2700,1234.200
3690,3690,64.601716032687,64.601728599354,3,7147,19,173,0,f1c08fe9b092091c,1386.300,4189.500,38.300,0.400,0,2307,3690,64.601685666021,1,2700,1242.100
3691,3691,64.619218566020,64.619231132687,3,7147,19,173,0,9b8c4ce4f1d48b46,1361.600,4060.100,38.800,0.400,0,2308,3691,64.619188199354,1,2700,1254.400
3692,3692,64.636720599354,64.636733166020,3,7147,19,173,0,405ed25e434084de,1343.400,4131.700,38.400,0.500,0,2309,3692,64.636690632687,1,2700,1279.900
3693,3693,64.654223032687,64.654235599353,3,7147,19,173,0,e99f7cbcdd4cce78,1339.100,4203.300,48.700,0.200,0,2310,3693,64.654193066020,1,2700,1238.000
3694,3694,64.671725999353,64.671738599353,3,7147,19,173,0,eee5076389e70a18,1368.700,4128.200,38.300,0.500,0,2311,3694,64.671695666020,1,2700,1328.600
3695,3695,64.689228799353,64.689241399353,3,7147,19,173,0,da3e0d89747a14fa,1371.000,4042.000,38.300,0.400,0,2312,3695,64.689198466020,1,2700,1256.900
3696,3696,64.706729299353,64.706743499353,3,7147,19,173,0,7be6d95c98322bd6,1385.400,4192.000,38.300,0.400,0,2313,3696,64.706700532686,1,2700,1337.100
3698,3698,64.741734199353,64.741748399353,3,7147,19,173,0,9bc2e86420e4d017,1360.300,4160.000,38.400,0.500,0,2314,3698,64.741705432686,1,2700,1236.900
3700,3700,64.776739299352,64.776753499352,3,7147,19,173,0,fe5f5fb67625a5d2,1358.200,4298.400,38.400,0.700,0,2315,3700,64.776710499352,1,2700,1365.800
3701,3701,64.794241732685,64.794255932685,3,7147,19,173,0,7b004309a3fe178a,1400.100,4335.800,38.400,0.600,0,2316,3701,64.794212932685,1,2700,1395.100
3702,3702,64.811744199352,64.811758399352,3,7147,19,172,0,9b86370061d84fec,1363.500,4302.100,38.200,0.400,0,2317,3702,64.811715399352,1,2700,1236.900
3703,3703,64.829247066018,64.829261266018,3,7147,19,172,0,3da9c41b7ec7daa9,1360.000,4265.500,38.100,0.400,0,2318,3703,64.829218266018,1,2700,1263.700
3704,3704,64.846749166018,64.846763366018,3,7147,20,172,0,27f606562494915d,1429.100,4346.700,38.100,0.200,0,2319,3704,64.846720366018,1,2699,1254.400
3705,3705,64.864251632685,64.864265832685,3,7147,20,172,0,acfe9a0c727d5129,1357.000,4391.100,38.300,0.300,0,2320,3705,64.864222832685,1,2699,1248.300
3706,3706,64.881754032685,64.881768232685,3,7147,20,172,0,d8cd70c580074e1a,1327.800,4385.700,38.100,0.800,0,2321,3706,64.881725232685,1,2699,1231.700
3707,3707,64.899256466018,64.899270666018,3,7147,20,172,0,2a736ebbaa89dea3,1370.400,4372.800,38.100,0.400,0,2322,3707,64.899227666018,1,2699,1337.400
3708,3708,64.916759032684,64.916773232684,3,7147,20,172,0,eb124cb576bb4235,1377.500,4200.500,38.100,0.600,0,2323,3708,64.916730232684,1,2699,1243.400
3709,3709,64.934261466017,64.934275666017,3,7147,20,172,0,b799155789eba2c5,1336.000,4243.600,38.100,1.000,0,2324,3709,64.934232666017,1,2699,1564.700
3710,3710,64.951763999350,64.951778199350,3,7147,19,172,0,e1a590ba1b8b7130,1392.200,4342.400,38.000,0.500,0,2325,3710,64.951735199350,1,2699,1397.900
3711,3711,64.969266799350,64.969280999350,3,7147,19,172,0,8b083c7add217267,1339.500,4322.300,38.100,0.600,0,2326,3711,64.969237999350,1,2699,1404.600
3712,3712,64.986768866017,64.986783066017,3,7147,19,172,0,ffebdfb5725e30c5,1405.000,4279.400,38.100,0.500,0,2327,3712,64.986740066017,1,2699,1247.600
3713,3713,65.004271299350,65.004285499350,3,7147,19,172,0,ee1d1d92335ca600,1359.200,4205.200,38.100,0.300,0,2328,3713,65.004242499350,1,2699,1223.100
3714,3714,65.021773766016,65.021787966016,3,7147,19,172,0,d860cb265e00c407,1399.200,4375.400,38.200,0.400,0,2329,3714,65.021744966016,1,2699,1315.200
3715,3715,65.039277832683,65.039290432683,3,7147,19,172,0,c4f8b57fbdd4f554,1361.900,4248.200,38.100,0.200,0,2330,3715,65.039247432683,1,2699,1282.300
3716,3716,65.056780399349,65.056792999349,3,7147,20,172,0,05cb53dbfc14873c,1481.500,4295.200,38.500,0.400,0,2331,3716,65.056749999349,1,2698,1315.000
3717,3717,65.074282799349,65.074295399349,3,7147,21,181,0,c066172e20c114eb,1361.700,4327.800,40.100,0.400,0,2332,3717,65.074252432683,1,2697,1288.200
3718,3718,65.091785266016,65.091797899349,3,7147,21,181,0,5e81200fe5a644d7,1397.100,4291.100,82.700,0.400,0,2333,3718,65.091754899349,1,2697,1294.000
3719,3719,65.109288232682,65.109300866016,3,7147,21,181,0,6c639fdeea733b84,1368.700,4299.700,40.100,0.600,0,2334,3719,65.109257866016,1,2698,1272.100
3720,3720,65.126801499349,65.126814099349,3,7147,21,181,0,d74d6a04b856b8f5,1396.100,4278.200,40.100,0.400,0,2335,3720,65.126771132682,1,2698,1301.900
3721,3721,65.144292666015,65.144305266015,3,7147,20,177,0,e106b63ef0dda42d,1436.800,4312.700,39.200,0.600,0,2336,3721,65.144262299349,1,2698,1246.700
3722,3722,65.161795232682,65.161807832682,3,7147,20,176,0,ee2018d88b134ec0,1362.400,4195.100,39.000,0.300,0,2337,3722,65.161764866015,1,2699,1338.500
3723,3723,65.179297666015,65.179310266015,3,7147,20,171,0,3238c3cb7c84c0fe,1396.300,4233.200,37.900,0.600,0,2338,3723,65.179267299348,1,2700,1456.000
3724,3724,65.196800066015,65.196812699348,3,7147,19,163,0,39f022cd70e6a694,1542.000,4234.500,36.100,0.500,0,2339,3724,65.196769699348,1,2700,1286.600
3725,3725,65.214302566015,65.214315199348,3,7147,19,163,0,cecb19bfc785e3fd,1399.500,4264.200,36.100,0.300,0,2340,3725,65.214272199348,1,2700,1241.000
3726,3726,65.231805099348,65.231817799348,3,7147,19,163,0,f1a95885410ce177,1404.900,4356.900,36.200,0.600,0,2341,3726,65.231774732681,1,2700,1568.200
3727,3727,65.249307866014,65.249320566014,3,7147,19,163,0,6ee20738964ada42,1471.000,4313.800,36.100,0.300,0,2342,3727,65.249277499348,1,2700,1251.800
3728,3728,65.266809966014,65.266822666014,3,7147,19,163,0,36727bf539c8ab8d,1387.300,4195.700,36.100,0.500,0,2343,3728,65.266779599347,1,2700,1286.700
3729,3729,65.284312432680,65.284325132680,3,7147,19,163,0,bcfc3c711d4f0c4c,1415.900,4271.300,36.100,0.300,0,2344,3729,65.284282066014,1,2700,1227.400
3730,3730,65.301814866014,65.301827466014,3,7147,19,163,0,3f6600cbe0e66fa9,1374.100,4379.400,36.100,0.400,0,2345,3730,65.301784499347,1,2701,1296.500
3731,3731,65.319317466013,65.319330099347,3,7147,19,163,0,7d32dbc40c45b00c,1434.000,4193.300,36.100,0.300,0,2346,3731,65.319287099347,1,2701,1254.900
3732,3732,65.336819932680,65.336832566013,3,7147,20,173,0,36363310539f8bb2,1420.300,4288.800,38.300,0.900,0,2347,3732,65.336789566013,1,2700,1420.900
3733,3733,65.354322399346,65.354335099346,3,7147,21,172,0,04a6ae82b677c582,1401.200,4518.500,38.200,0.600,0,2348,3733,65.354292032680,1,2699,1421.400
3734,3734,65.371824832680,65.371837532680,3,7147,21,172,0,1804dd1fa2b90a93,1435.400,4571.300,38.200,0.600,0,2349,3734,65.371794466013,1,2699,1650.900
3735,3735,65.389327732679,65.389340332679,3,7147,20,172,0,64e7f1c2408a09fb,1506.900,4300.300,38.100,0.600,0,2350,3735,65.389297366013,1,2699,1470.100
3736,3736,65.406828266013,65.406842466013,3,7147,20,170,0,2061399873217435,1428.200,4232.200,37.700,0.400,0,2351,3736,65.406799466013,1,2699,1357.900
3737,3737,65.424330632679,65.424344832679,3,7147,21,170,0,679e133884ce490c,1420.000,4240.000,37.700,0.500,0,2352,3737,65.424301832679,1,2698,1301.800
3738,3738,65.441833066012,65.441847266012,3,7147,20,167,0,31b310b31e2573a6,1363.000,4225.800,37.000,0.400,0,2353,3738,65.441804266012,1,2698,1265.100
3739,3739,65.459335566012,65.459349732679,3,7147,19,167,0,ac7312128319d7ba,1368.500,4210.100,37.000,0.300,0,2354,3739,65.459306766012,1,2698,1272.200
3740,3740,65.476839732679,65.476852366012,3,7147,20,170,0,a0ffa485c41ecd49,1365.600,4214.300,37.600,0.400,0,2355,3740,65.476809366012,1,2697,1267.700
3741,3741,65.494342199345,65.494354799345,3,7147,19,170,0,5bb2d97c5e4a6aa0,1402.700,4434.300,37.600,0.500,0,2356,3741,65.494311832678,1,2697,1270.400
3742,3742,65.511843699345,65.511857899345,3,7147,20,186,0,cca138d6bb45704c,1475.000,4334.700,93.900,0.500,0,2357,3742,65.511814899345,1,2696,1248.400
3743,3743,65.529347432678,65.529360066011,3,7147,20,186,0,fdc25a4c34c9348f,1384.500,4231.100,41.200,0.400,0,2358,3743,65.529317066011,1,2696,1229.300
3744,3744,65.546847966011,65.546862166011,3,7147,20,184,0,5479d26439f55fd8,1425.000,4378.000,40.800,0.400,0,2359,3744,65.546819166011,1,2696,1276.400
3745,3745,65.564351966011,65.564364599344,3,7147,20,181,0,e58c93a397d9b952,1452.800,4296.600,40.100,0.500,0,2360,3745,65.564321599344,1,2696,1225.600
3746,3746,65.581854466011,65.581867066011,3,7147,19,172,0,6cfde73f4ed041f0,1387.600,4185.400,38.100,0.200,0,2361,3746,65.581824099344,1,2696,1227.900
3747,3747,65.599357032677,65.599369632677,3,7147,18,163,0,72dc0e3c16566ba1,1405.500,4283.100,36.200,1.000,0,2362,3747,65.599326666011,1,2696,1312.200
3748,3748,65.616859399344,65.616871999344,3,7147,18,161,0,d2f0645a5e9774d5,1395.600,4335.400,35.600,0.600,0,2363,3748,65.616829032677,1,2696,1379.200
3749,3749,65.634361832677,65.634374532677,3,7147,20,186,0,43462365a0b6abc5,1415.100,4331.100,41.200,0.400,0,2364,3749,65.634331466010,1,2694,1241.700
3750,3750,65.651864399343,65.651877099343,3,7147,19,182,0,8a2c6ee9b916a125,1462.800,4195.900,40.300,0.200,0,2365,3750,65.651834032677,1,2695,1267.800
3751,3751,65.669367232677,65.669379832677,3,7147,18,181,0,7ee56488bd8b22b5,1386.300,4187.500,40.100,0.400,0,2366,3751,65.669336866010,1,2695,1216.700
3752,3752,65.686875199343,65.686881966010,3,7147,17,169,0,95136ff3de1a7882,1450.500,4185.200,37.400,0.300,0,2367,3752,65.686838999343,1,2695,1234.800
3753,3753,65.704379599343,65.704384366010,3,7147,17,167,0,3c706e8e8fb5b25d,1384.800,4231.900,43.200,0.300,0,2368,3753,65.704341399343,1,2695,1262.900
3754,3754,65.721874332676,65.721886932676,3,7147,16,159,0,a16c8b69182013c9,1385.800,4168.500,35.200,0.500,0,2369,3754,65.721843966009,1,2695,1301.400
3755,3755,65.739384532676,65.739389299343,3,7147,16,159,0,428b8b81dd9dc955,1397.000,4337.900,35.200,0.400,0,2370,3755,65.739346332676,1,2697,1542.000
3756,3756,65.756886999342,65.756891766009,3,7147,16,158,0,9e64815af6577833,1422.100,4235.900,35.000,0.400,0,2371,3756,65.756848799342,1,2697,1408.900
3757,3757,65.774389466009,65.774394232676,3,7147,15,146,0,2e8213edf5f038fe,1355.600,4320.700,32.400,0.500,0,2372,3757,65.774351266009,1,2697,1301.400
3758,3758,65.791884132675,65.791896732675,3,7147,16,155,0,be617d9fe6114939,1399.600,4221.700,34.400,0.500,0,2373,3758,65.791853766009,1,2697,1280.100
3759,3759,65.809392699342,65.809399466009,3,7147,16,155,0,f1d79953d5561c7b,1394.400,4170.000,34.400,0.400,0,2374,3759,65.809356499342,1,2697,1222.000
3760,3760,65.826896966008,65.826901732675,3,7147,15,151,0,dc2a3586b96957f5,1392.300,4201.200,33.400,0.500,0,2375,3760,65.826858766008,1,2696,1330.000
3761,3761,65.844391632675,65.844404232675,3,7147,15,151,0,e58e80461e9bd99a,1408.100,4511.300,42.400,0.500,0,2376,3761,65.844361266008,1,2696,1311.500
3762,3762,65.861895999341,65.861906599341,3,7147,15,147,0,23f63cfe3de017d1,1404.900,4299.400,32.600,0.400,0,2377,3762,65.861863632675,1,2696,1234.400
3763,3763,65.879398432675,65.879409032675,3,7147,15,146,0,341d5199328af701,1397.500,4344.300,32.400,0.800,0,2378,3763,65.879366066008,1,2696,1268.100
3764,3764,65.896899332674,65.896911499341,3,7147,15,143,0,54bf3e3fb39fc805,1387.200,4176.900,31.600,0.400,0,2379,3764,65.896868532674,1,2696,1401.000
3765,3765,65.914401466008,65.914414066008,3,7147,15,142,0,c448bb0ca354c842,1377.300,4188.500,31.500,0.300,0,2380,3765,65.914371099341,1,2696,1256.100
3766,3766,65.931909732674,65.931916499341,3,7147,15,141,0,ed67cb01715e0d5b,1472.000,4205.300,31.300,0.300,0,2381,3766,65.931873532674,1,2696,1270.600
3767,3767,65.949411199341,65.949419366007,3,7147,14,126,0,a095f0aa5f1633ab,1436.100,4242.900,27.900,0.800,0,2382,3767,65.949376399341,1,2695,1294.500
3768,3768,65.966908832674,65.966921432674,3,7147,13,123,0,858c56b967192003,1414.000,4165.100,27.300,0.300,0,2383,3768,65.966878466007,1,2695,1242.200
3769,3769,65.984411366007,65.984423932673,3,7147,13,131,0,fed5e9140076e237,1393.200,4223.500,29.000,0.700,0,2384,3769,65.984380966007,1,2694,1255.700
3770,3770,66.001917766007,66.001926332673,3,7147,14,126,0,dc16b8a9ca2e8538,1383.900,4252.400,27.900,0.300,0,2385,3770,66.001883366007,1,2692,1231.400
3771,3771,66.019420332673,66.019428899340,3,7147,14,125,0,5c079b969b357408,1388.100,4265.100,27.700,0.600,0,2386,3771,66.019385932673,1,2692,1317.300
3772,3772,66.036936866006,66.036940966006,3,7147,13,117,0,0bc77fd2787d297e,1397.900,4280.600,25.900,0.400,0,2387,3772,66.036888299340,1,2692,1301.800
3773,3773,66.054423132673,66.054433732673,3,7147,13,116,0,fc6719df9cc4fbe4,1392.600,4224.400,25.700,0.300,0,2388,3773,66.054390766006,1,2692,1245.600
3774,3774,66.071933799339,66.071937899339,3,7147,14,122,0,4cbdc9c27e9a844c,1474.200,4302.500,27.000,0.400,0,2389,3774,66.071893266006,1,2691,1223.500
3775,3775,66.089450599339,66.089454699339,3,7147,15,123,0,484bde11b8259e80,1410.500,4265.300,27.300,0.300,0,2390,3775,66.089396066006,1,2690,1322.900
3776,3776,66.106930566006,66.106941166006,3,7147,16,145,0,2bb10cd9f59efcdf,1377.900,4409.800,32.100,0.300,0,2391,3776,66.106898199339,1,2689,1326.300
3777,3777,66.124460532672,66.124464632672,3,7147,14,126,0,0b4b0cadd3378fb6,1423.200,4253.800,28.000,0.500,0,2392,3777,66.124411999339,1,2690,1358.100
3778,3778,66.141957766005,66.141961866005,3,7147,14,126,0,911d3e80e018d4a3,1460.800,4414.000,28.000,0.500,0,2393,3778,66.141903232672,1,2690,1310.700
3779,3779,66.159462199338,66.159466299338,3,7147,17,134,0,77a5fdd490bfc2d8,1504.400,4230.300,29.700,0.400,0,2394,3779,66.159405666005,1,2686,1282.100
3780,3780,66.176968632672,66.176972732672,3,7147,19,134,0,706856635ff707f1,1465.800,4441.400,29.600,0.300,0,2395,3780,66.176908099338,1,2684,1244.400
3781,3781,66.194440966005,66.194453632671,3,7147,18,129,0,8c1eb4e6e7c87a6e,1404.800,4455.300,34.200,0.500,0,2396,3781,66.194410566005,1,2685,1261.500
3782,3782,66.211947532671,66.211956099338,3,7147,19,140,0,98a3b8d1f8a0ec57,1396.700,4366.200,31.000,0.500,0,2397,3782,66.211913132671,1,2684,1267.200
3783,3783,66.229462499338,66.229466599338,3,7147,20,150,0,338efe68381762a8,1421.700,4313.000,33.300,0.500,0,2398,3783,66.229415932671,1,2683,1339.000
3784,3784,66.246968566004,66.246972666004,3,7147,17,139,0,5db2ebec3d528224,1417.400,4244.900,30.800,0.500,0,2399,3784,66.246917999338,1,2684,1295.000
3785,3785,66.264473032671,66.264477132671,3,7147,18,147,0,60821784884726d5,1477.100,4244.100,37.300,0.300,0,2400,3785,66.264420466004,1,2683,1226.400
3786,3786,66.281981532671,66.281985632671,3,7147,17,139,0,4de12431b87a6205,1390.500,4351.600,30.800,0.400,0,2401,3786,66.281922966004,1,2683,1228.400
3787,3787,66.299457732670,66.299468332670,3,7147,18,140,0,13a84f8c8f59ecff,1397.100,4169.000,31.000,0.200,0,2402,3787,66.299425366004,1,2683,1236.600
3788,3788,66.316976366004,66.316980466003,3,7147,19,144,0,af42da2ab626cde8,1389.100,4258.700,31.900,0.600,0,2403,3788,66.316927832670,1,2681,1575.900
3789,3789,66.334486032670,66.334490132670,3,7147,19,144,0,c4f208398c4410f3,1403.100,4342.900,31.900,0.300,0,2404,3789,66.334430332670,1,2681,1354.500
3790,3790,66.351998566003,66.352002666003,3,7147,20,156,0,cfaef469d20ca666,1441.300,4306.500,34.500,0.400,0,2405,3790,66.351932866003,1,2681,1278.900
3791,3791,66.369505266003,66.369509366003,3,7147,20,158,0,1fef9077e61ecc76,1449.300,4217.200,35.000,0.300,0,2406,3791,66.369435566003,1,2680,1267.300
3792,3792,66.387009532669,66.387013632669,3,7147,21,177,0,a240bb1b700f86c7,1367.200,4319.900,39.200,0.900,0,2407,3792,66.386937832669,1,2680,1298.000
3793,3793,66.404515899336,66.404519999336,3,7147,20,172,0,a99641b7863a3859,1412.300,4265.300,38.200,0.500,0,2408,3793,66.404440199336,1,2680,1245.300
3794,3794,66.422026366002,66.422030466002,3,7147,20,173,0,bccec1cf3829f88b,1419.100,4243.800,38.300,0.300,0,2409,3794,66.421942666002,1,2679,1284.300
3795,3795,66.439530832669,66.439534932669,3,7147,20,172,0,ff806ff911a2117d,1382.800,4344.900,38.100,0.300,0,2410,3795,66.439445132669,1,2679,1246.800
3796,3796,66.457035399335,66.457039499335,3,7147,20,168,0,ade63049ed0fe6b7,1411.200,4356.800,37.200,0.500,0,2411,3796,66.456947699335,1,2678,1468.100
3797,3797,66.474539799335,66.474543899335,3,7147,20,158,0,090a11ffa221e13e,1427.500,4225.300,35.100,0.500,0,2412,3797,66.474450099335,1,2678,1311.300
3798,3798,66.492052266002,66.492056366002,3,7147,21,173,0,3c6e165902afece0,1425.900,4305.900,38.300,0.500,0,2413,3798,66.491952566002,1,2676,1267.800
3799,3799,66.509561199335,66.509565299335,3,7147,21,175,0,e627e1d81a4fdf17,2030.300,4449.000,39.500,0.600,0,2414,3799,66.509455499335,1,2674,1500.800
3801,3801,66.544573732668,66.544577832668,3,7147,23,203,0,329926355591810b,1430.900,4318.300,44.900,0.600,0,2415,3801,66.544460032668,1,2672,1473.500
3802,3802,66.562076232668,66.562080332668,3,7147,23,203,0,deda80c9f46b3084,1421.800,4288.600,44.900,0.500,0,2416,3802,66.561962532668,1,2672,1382.600
3803,3803,66.579578666001,66.579582766001,3,7147,23,201,0,b7cf3327a349a94b,1414.800,4222.800,44.500,0.300,0,2417,3803,66.579464966001,1,2673,1230.300
3804,3804,66.597085866001,66.597089966001,3,7147,22,199,0,35df9cb1bdee7108,1467.200,4240.400,44.100,0.500,0,2418,3804,66.596967499334,1,2672,1376.100
3805,3805,66.614588266001,66.614592366001,3,7147,21,192,0,160b52278899b19e,1402.000,4293.500,42.500,0.400,0,2419,3805,66.614469899334,1,2672,1304.100
3806,3806,66.632092732667,66.632096832667,3,7147,21,185,0,805f8077b8b7b606,1397.200,4263.600,44.500,1.200,0,2420,3806,66.631972366000,1,2672,1363.700
3807,3807,66.649597499333,66.649601599334,3,7147,21,184,0,966209831214681a,1406.200,4211.800,40.800,0.500,0,2421,3807,66.649475132667,1,2672,1317.300
3808,3808,66.667105766000,66.667109866000,3,7147,20,181,0,bf13b9f1e443f598,1420.500,4387.800,40.100,0.700,0,2422,3808,66.666977399333,1,2672,1283.100
3809,3809,66.684608132666,66.684612232666,3,7147,20,176,0,021b35e3a458e62a,1406.900,4233.600,39.000,0.200,0,2423,3809,66.684479766000,1,2672,1354.600
3810,3810,66.702114632666,66.702118732666,3,7147,20,160,0,2aef04a7b05f8a4c,1403.500,4276.700,35.400,0.300,0,2424,3810,66.701982266000,1,2670,1253.400
3811,3811,66.719619199333,66.719623299333,3,7147,20,152,0,27c4a04d71022ff7,1379.100,4323.100,33.700,0.400,0,2425,3811,66.719484832666,1,2669,1339.800
3812,3812,66.737121532666,66.737125632666,3,7147,20,162,0,436cb858118e79fa,1399.300,4249.900,35.900,1.100,0,2426,3812,66.736987165999,1,2667,1447.900
3813,3813,66.754632099332,66.754636199332,3,7147,23,170,0,87aea725bb072137,1466.000,4476.700,39.200,1.000,0,2427,3813,66.754489732666,1,2664,1463.400
3814,3814,66.772136465999,66.772140565999,3,7147,24,175,0,77afa4256ed74cc4,1446.400,4288.000,38.800,0.400,0,2428,3814,66.771992099332,1,2663,1290.200
3815,3815,66.789525532665,66.789538099332,3,7147,23,195,0,fe33ee6e831fd0a5,1449.300,4274.400,43.200,0.500,0,2429,3815,66.789495132665,1,2663,1390.400
3816,3816,66.807045499332,66.807049599332,3,7147,22,186,0,62c17a48d8b35890,1438.400,4233.000,41.200,0.400,0,2430,3816,66.806997099332,1,2664,1364.300
3817,3817,66.824552032665,66.824556132665,3,7147,22,186,0,a20590e7f0b80d09,1405.900,4257.000,41.100,0.600,0,2431,3817,66.824499632665,1,2665,1372.100
3818,3818,66.842058799332,66.842062899332,3,7147,21,183,0,7ba57e0739df57ba,1421.800,4465.000,40.600,0.700,0,2432,3818,66.842002065998,1,2665,1464.700
3819,3819,66.859565199331,66.859569299331,3,7147,21,179,0,98d4964a60e72c14,1390.900,4232.400,39.600,0.400,0,2433,3819,66.859504465998,1,2666,1342.000
3820,3820,66.877067699331,66.877071799331,3,7147,20,176,0,292e19242e138751,1406.600,4230.800,39.000,0.500,0,2434,3820,66.877006965998,1,2667,1298.300
3821,3821,66.894539865998,66.894552465998,3,7147,21,169,0,903f945f76ef75a6,1398.700,4287.300,37.400,0.600,0,2435,3821,66.894509465998,1,2665,1253.500
3822,3822,66.912058632664,66.912062732664,3,7147,19,155,0,0231097eff518657,1392.300,4235.400,34.300,0.500,0,2436,3822,66.912011899331,1,2665,1285.300
3823,3823,66.929561365997,66.929565465997,3,7147,19,155,0,4ee5dcdc7bd0b52f,1398.700,4247.100,34.300,0.400,0,2437,3823,66.929514632664,1,2665,1227.200
3824,3824,66.947069599331,66.947073699331,3,7147,19,162,0,1017d50c5e4c4a2a,1417.400,4217.000,35.900,0.300,0,2438,3824,66.947016865997,1,2664,1312.000
3825,3825,66.964574099330,66.964578199330,3,7147,20,181,0,976a7a556e5aea9d,1443.500,4238.100,40.100,0.600,0,2439,3825,66.964519365997,1,2662,1278.700
3826,3826,66.982078499330,66.982082599330,3,7147,18,176,0,f30698b8f1bb00cf,1421.300,4279.800,39.000,0.300,0,2440,3826,66.982021765997,1,2663,1230.300
3827,3827,66.999585099330,66.999589199330,3,7147,17,165,0,fc04c94348d0af5c,1388.600,4306.700,36.600,1.900,0,2441,3827,66.999524365997,1,2662,1338.100
3828,3828,67.017087565996,67.017091665996,3,7147,17,163,0,8b62a3b00f2711b4,1417.300,4171.000,36.100,0.300,0,2442,3828,67.017026832663,1,2662,1251.700
3829,3829,67.034590032663,67.034594132663,3,7147,17,162,0,dddddf62973ad4ac,1447.100,4198.600,35.900,0.900,0,2443,3829,67.034529299330,1,2662,1257.000
3830,3830,67.052092432663,67.052096532663,3,7147,17,161,0,97cd59ef4cba93fe,1403.300,4280.400,35.600,0.400,0,2444,3830,67.052031699329,1,2661,1247.000
3831,3831,67.069599332663,67.069603432663,3,7147,16,157,0,afee74a4290d4249,1466.500,4137.500,40.000,0.200,0,2445,3831,67.069534599329,1,2660,1274.100
3832,3832,67.087107732662,67.087111832662,3,7147,17,159,0,27225de9f9f32cb4,1385.600,4163.600,35.300,0.800,0,2446,3832,67.087036665996,1,2658,1251.800
3833,3833,67.104610165996,67.104614265996,3,7147,16,161,0,ff5d8f5ba1ec8f13,1418.600,4307.500,35.700,0.300,0,2447,3833,67.104539099329,1,2658,1265.500
3834,3834,67.122125932662,67.122130032662,3,7147,16,152,0,4d71b6a8c06f8370,1400.100,4362.500,33.700,0.400,0,2448,3834,67.122052865995,1,2658,1219.400
3835,3835,67.139619065995,67.139623165995,3,7147,16,148,0,2670cfaf721f5f07,1401.400,4311.600,32.800,0.600,0,2449,3835,67.139543999329,1,2657,1463.900
3836,3836,67.157121565995,67.157125665995,3,7147,15,140,0,01d58943365c4655,1410.900,4288.500,31.100,0.500,0,2450,3836,67.157046499328,1,2657,1428.600
3837,3837,67.174626065995,67.174630165995,3,7147,14,127,0,c7b753778a1e60e9,1725.100,4221.300,28.100,0.400,0,2451,3837,67.174548999328,1,2658,1323.400
3838,3838,67.192130599328,67.192134699328,3,7147,15,136,0,afe241e51313cff5,1414.200,4156.400,30.100,0.500,0,2452,3838,67.192051532661,1,2656,1264.400
3839,3839,67.209633232661,67.209637332661,3,7147,16,156,0,a96a4b15466db643,1617.700,4264.600,34.600,0.500,0,2453,3839,67.209554165995,1,2654,1312.200
3840,3840,67.227137565994,67.227141665994,3,7147,17,156,0,df87d16db0cad520,1408.900,4227.400,34.600,0.400,0,2454,3840,67.227056499328,1,2653,1342.800
3841,3841,67.244642032661,67.244646132661,3,7147,16,158,0,ba77adfc43b12442,1421.000,4263.200,35.000,0.500,0,2455,3841,67.244558965994,1,2652,1298.900
3842,3842,67.262146432661,67.262150532661,3,7147,16,155,0,085f35acefd7d351,1408.900,4311.000,34.300,0.500,0,2456,3842,67.262061365994,1,2653,1256.900
3843,3843,67.279648965994,67.279653065994,3,7147,18,159,0,222353caee6a21b4,1480.300,4329.600,35.200,0.400,0,2457,3843,67.279563899327,1,2652,1285.700
3844,3844,67.297153399327,67.297157499327,3,7147,17,145,0,b87c332d38539b97,1405.900,4175.300,32.100,0.400,0,2458,3844,67.297066332660,1,2651,1394.300
3845,3845,67.314661765994,67.314665865994,3,7147,17,143,0,c037bed8e3b1d4ee,1424.000,4200.500,31.700,0.400,0,2459,3845,67.314568699327,1,2651,1359.100
3846,3846,67.332164365993,67.332168465993,3,7147,17,141,0,f52ad6ff0b549d7b,1398.500,4310.100,31.300,0.400,0,2460,3846,67.332071299327,1,2652,1727.600
3847,3847,67.349666065993,67.349670165993,3,7147,18,149,0,d4656bd4677eabc2,1441.500,4269.100,33.000,1.600,0,2461,3847,67.349574165993,1,2651,1351.600
3848,3848,67.367168032660,67.367172132660,3,7147,17,143,0,a985abcdac073006,1705.200,4270.700,31.900,0.400,0,2462,3848,67.367076132660,1,2651,1247.900
3849,3849,67.384672499326,67.384676599326,3,7147,17,143,0,8c6d6c021684320c,1382.300,4207.700,31.700,0.300,0,2463,3849,67.384578599326,1,2651,1289.500
3850,3850,67.402177099326,67.402181199326,3,7147,18,162,0,9bee8b423f70813c,1423.700,4325.300,35.900,0.600,0,2464,3850,67.402081199326,1,2650,1487.100
3851,3851,67.419679599326,67.419683432659,3,7147,18,164,0,c5ca2406e3a5a7b8,1429.000,4255.000,36.400,0.500,0,2465,3851,67.419583599326,1,2649,1341.500
3852,3852,67.437181999326,67.437185832659,3,7147,19,176,0,c7dc73de80c05ae2,1452.400,4238.600,38.900,0.400,0,2466,3852,67.437085999326,1,2649,1277.600
3853,3853,67.454690465992,67.454694299325,3,7147,19,175,0,1c97107652d2708d,1399.900,4209.600,38.800,0.400,0,2467,3853,67.454588465992,1,2649,1270.400
3854,3854,67.472194965992,67.472198799325,3,7147,18,166,0,103f4b36cdba858c,1419.000,4229.900,78.000,0.300,0,2468,3854,67.472090965992,1,2649,1253.900
3855,3855,67.489697832658,67.489701665992,3,7147,19,167,0,e14d454ecd9241db,1405.300,4119.200,37.000,0.400,0,2469,3855,67.489593832658,1,2648,1260.500
3856,3856,67.507201999325,67.507205832658,3,7147,19,171,0,d7605542bbad3598,1414.500,4391.400,37.900,0.400,0,2470,3856,67.507095999325,1,2647,1248.500
3857,3857,67.524704465991,67.524708299325,3,7147,19,169,0,031c748bfd85d023,1390.300,4128.300,38.300,0.400,0,2471,3857,67.524598465991,1,2647,1320.100
3858,3858,67.542208932658,67.542212765991,3,7147,20,188,0,0bdc77cd2b186bab,1444.100,4179.200,41.700,0.400,0,2472,3858,67.542100932658,1,2647,1337.700
3859,3859,67.559715299324,67.559719132658,3,7147,17,171,0,9f06f0cb673adebb,1383.400,4233.000,37.900,0.700,0,2473,3859,67.559603299324,1,2647,1329.800
3860,3860,67.577217765991,67.577221599324,3,7147,17,168,0,d2d7f1de5be58954,1512.100,4256.100,37.200,0.400,0,2474,3860,67.577105765991,1,2648,1269.600
3861,3861,67.594719065991,67.594722899324,3,7147,17,168,0,384b74e5b4749cf5,1399.000,4278.300,37.200,0.500,0,2475,3861,67.594608232657,1,2646,1318.400
3862,3862,67.612221599324,67.612225432657,3,7147,15,151,0,253d0e9ff3afdbbb,1449.500,4274.000,33.400,0.400,0,2476,3862,67.612110765991,1,2646,1535.900
3863,3863,67.629724599324,67.629728432657,3,7147,15,150,0,e6da53ef244979f1,1391.000,4247.100,33.200,0.400,0,2477,3863,67.629613765990,1,2646,1355.000
3864,3864,67.647226565990,67.647230399324,3,7147,15,148,0,1c5ad67f7b4b3ba1,1441.500,4145.400,33.100,0.900,0,2478,3864,67.647115732657,1,2646,1275.700
3865,3865,67.664728999323,67.664732832657,3,7147,15,145,0,0743fc3a7ac4fbfd,1456.000,4264.500,32.100,0.400,0,2479,3865,67.664618165990,1,2645,1232.500
3866,3866,67.682231465990,67.682235299323,3,7147,14,137,0,592739da5e0a2a04,1411.700,4327.200,30.400,0.900,0,2480,3866,67.682120632657,1,2645,1314.600
3867,3867,67.699735999323,67.699739832656,3,7147,15,139,0,9fc2e460631ce423,1578.500,4433.600,30.800,0.700,0,2481,3867,67.699623165990,1,2644,1547.300
3868,3868,67.717242432656,67.717246265989,3,7147,15,132,0,c367b26c19e69304,1445.300,4295.700,29.800,0.700,0,2482,3868,67.717125599323,1,2644,1680.700
3869,3869,67.734744932656,67.734748765989,3,7147,14,119,0,555f3b4d87792eb6,1458.000,4377.700,26.400,0.700,0,2483,3869,67.734628099323,1,2645,1453.000
3870,3870,67.752247399322,67.752251232656,3,7147,13,114,0,607dc441f5518cba,1437.900,4268.800,25.300,0.500,0,2484,3870,67.752130565989,1,2645,1441.500
3871,3871,67.769752132656,67.769755965989,3,7147,15,120,0,58fa34c10edfa79b,1439.800,4272.800,26.600,0.400,0,2485,3871,67.769633299322,1,2643,1305.100
3872,3872,67.787254365989,67.787258199322,3,7147,14,114,0,8916c957141baeed,1515.900,4277.500,25.200,0.600,0,2486,3872,67.787135532655,1,2644,1322.700
3873,3873,67.804756799322,67.804760632655,3,7147,15,111,0,b1b621efc1a8412d,1414.100,4142.100,24.600,0.400,0,2487,3873,67.804637965989,1,2643,1264.900
3874,3874,67.822259332655,67.822263165988,3,7147,16,119,0,62d08b29a967d1c7,1420.300,4170.800,26.300,0.300,0,2488,3874,67.822140499322,1,2643,1273.100
3875,3875,67.839763299322,67.839767132655,3,7147,16,117,0,f66c70889c11045f,1394.600,4202.600,26.000,0.500,0,2489,3875,67.839642965988,1,2642,1319.000
3876,3876,67.857265699321,67.857269532655,3,7147,16,112,0,025a1ecdd1478169,1443.300,4151.100,25.300,0.500,0,2490,3876,67.857145365988,1,2641,1471.200
3877,3877,67.874768232655,67.874772065988,3,7147,16,111,0,377878bfbe26aed3,1459.400,4359.200,25.000,0.800,0,2491,3877,67.874647899321,1,2640,1354.900
3878,3878,67.892180699321,67.892193365988,3,7147,16,111,0,84c13b1742603a89,1401.000,4254.100,24.600,0.400,0,2492,3878,67.892150299321,1,2640,1417.000
3879,3879,67.909703532654,67.909707632654,3,7147,17,127,0,78fb9d1ec6064c89,1443.300,4291.900,28.200,0.500,0,2493,3879,67.909653299321,1,2638,1221.000
3880,3880,67.927207499321,67.927211599321,3,7147,16,116,0,8653de24a9d13594,1423.700,4185.400,25.700,0.500,0,2494,3880,67.927155265987,1,2639,1323.100
3881,3881,67.944709965987,67.944714065987,3,7147,17,133,0,bb046318480d143f,1406.600,4350.300,29.400,0.400,0,2495,3881,67.944657732654,1,2637,1262.500
3882,3882,67.962212432654,67.962216532654,3,7147,17,133,0,dfd0f5c872366386,1377.100,4263.700,29.600,0.300,0,2496,3882,67.962160199320,1,2637,1341.500
3883,3883,67.979714865987,67.979718965987,3,7147,17,158,0,2c0efa01a305ff74,1396.700,4146.400,35.000,0.400,0,2497,3883,67.979662632654,1,2635,1430.000
3884,3884,67.997217399320,67.997221499320,3,7147,17,154,0,bf0e0ff8c5f56113,1413.900,4291.300,34.100,0.400,0,2498,3884,67.997165165987,1,2635,1334.600
3885,3885,68.014719865987,68.014723965987,3,7147,16,146,0,a544962fdf3865ff,1393.400,4274.900,32.300,0.500,0,2499,3885,68.014667632653,1,2635,1347.600
3886,3886,68.032222399320,68.032226499320,3,7147,17,146,0,3ec6f3d9751d8f19,1427.000,4323.300,32.300,0.400,0,2500,3886,68.032170165986,1,2635,1295.500
3887,3887,68.049725099320,68.049729199320,3,7147,20,169,0,15cc59cdd6d00a7f,1387.400,4233.000,37.500,0.400,0,2501,3887,68.049672865986,1,2633,1222.000
3888,3888,68.067227199319,68.067231299319,3,7147,18,154,0,732504d8a0c0a26f,1412.100,4275.500,34.200,0.900,0,2502,3888,68.067174965986,1,2633,1339.900
3889,3889,68.084729699319,68.084733799319,3,7147,17,146,0,58f8eab3fd5c8ae1,1504.000,4352.700,32.300,0.400,0,2503,3889,68.084677465986,1,2633,1257.000
3890,3890,68.102233365986,68.102237465986,3,7147,17,145,0,6d0e6d87a1aedad0,1392.700,4130.800,32.100,0.200,0,2504,3890,68.102179965986,1,2633,1263.400
3891,3891,68.119747232652,68.119751332652,3,7147,18,162,0,bac6f50fa3ba7074,1443.900,4363.400,36.200,0.900,0,2505,3891,68.119693832652,1,2633,1326.000
3892,3892,68.137215265985,68.137227932652,3,7147,16,147,0,78f5f98a920458f0,1496.200,4269.000,32.500,0.400,0,2506,3892,68.137184865985,1,2633,1338.700
3893,3893,68.154738799318,68.154742899318,3,7147,16,147,0,c03a78537b161d68,1422.300,4364.600,32.600,0.600,0,2507,3893,68.154687399318,1,2634,1354.300
3894,3894,68.172241299318,68.172245399318,3,7147,16,143,0,192b1d48864c520e,1392.500,4450.700,31.600,0.400,0,2508,3894,68.172189899318,1,2634,1333.300
3895,3895,68.189744199318,68.189748299318,3,7147,14,126,0,e72a4d66056fcfd7,1394.100,4144.500,27.900,0.400,0,2509,3895,68.189692799318,1,2634,1263.500
3896,3896,68.207246199318,68.207250299318,3,7147,13,133,0,425e8e999094863d,1382.400,4168.400,29.400,0.500,0,2510,3896,68.207194799318,1,2634,1268.800
3897,3897,68.224748665984,68.224752765984,3,7147,13,135,0,e4b515508c18a537,1393.600,4434.500,29.900,0.500,0,2511,3897,68.224697265984,1,2633,1294.600
3898,3898,68.242251132651,68.242255232651,3,7147,13,130,0,8871e3c947d35ed5,1393.000,4246.900,28.800,0.300,0,2512,3898,68.242199732651,1,2633,1241.000
3899,3899,68.259753632651,68.259757732651,3,7147,15,138,0,62e173706a1a1aca,1695.400,4461.800,30.600,0.400,0,2513,3899,68.259702232651,1,2632,1268.300
3900,3900,68.277256099317,68.277260199317,3,7147,13,117,0,c97f219106106727,1552.600,4362.000,25.900,0.800,0,2514,3900,68.277204699317,1,2632,1671.000
3901,3901,68.294758599317,68.294762699317,3,7147,12,104,0,99609f5e14faa57a,1427.000,4281.500,23.000,0.400,0,2515,3901,68.294707199317,1,2633,1244.700
3902,3902,68.312261032650,68.312265132650,3,7147,12,103,0,21d1d49c600af5c6,1423.000,4282.700,22.800,0.300,0,2516,3902,68.312209632650,1,2633,1376.900
3903,3903,68.329763865983,68.329767965983,3,7147,13,109,0,fbd4b4dff31465d3,1412.100,4224.700,24.200,1.600,0,2517,3903,68.329712465983,1,2631,1420.800
3904,3904,68.347244965983,68.347257632650,3,7147,17,144,0,1242652b506f5a8e,1431.600,4166.500,31.800,0.400,0,2518,3904,68.347214565983,1,2627,1227.400
3905,3905,68.364767299316,68.364771399316,3,7147,16,136,0,aeb95cda85ea07e8,1405.000,4454.700,30.200,0.400,0,2519,3905,68.364717065983,1,2627,1241.000
3906,3906,68.382269732650,68.382273832650,3,7147,14,122,0,b0321a164e0b3af1,1411.000,4305.300,27.700,0.400,0,2520,3906,68.382219499316,1,2628,1791.100
3907,3907,68.399772165983,68.399776265983,3,7147,15,130,0,a5008636520c8e79,1445.600,4198.700,28.800,0.500,0,2521,3907,68.399721932649,1,2627,1272.700
3908,3908,68.417274732649,68.417278832649,3,7147,15,126,0,48eef0091a194476,1439.100,4238.900,28.100,0.500,0,2522,3908,68.417224499316,1,2627,1495.600
3909,3909,68.434777199316,68.434781299316,3,7147,15,123,0,1afdde8cb6eda934,1404.800,4346.900,27.200,0.400,0,2523,3909,68.434726965982,1,2627,1302.900
3910,3910,68.452279565982,68.452283665982,3,7147,15,117,0,49b37d85dd15ac96,1547.100,4304.100,26.000,0.500,0,2524,3910,68.452229332649,1,2626,1237.800
3911,3911,68.469782565982,68.469786665982,3,7147,16,126,0,cfca51b8e5bbf461,1423.400,4216.800,27.900,0.500,0,2525,3911,68.469732332649,1,2625,1276.600
3912,3912,68.487284565982,68.487288665982,3,7147,15,117,0,bba4ebca77a7b7f1,1436.500,4267.500,26.000,0.500,0,2526,3912,68.487234332648,1,2626,1241.900
3913,3913,68.504786999315,68.504791099315,3,7147,15,116,0,9a89ffe6f4012cd6,1405.400,4239.600,25.700,0.400,0,2527,3913,68.504736765982,1,2626,1265.800
3914,3914,68.522289499315,68.522293599315,3,7147,16,143,0,ece4b21c167bb171,1391.100,4120.900,31.700,0.300,0,2528,3914,68.522239265981,1,2625,1317.500
3915,3915,68.539791999315,68.539796099315,3,7147,17,141,0,88a797bb4b1e78b3,1546.800,4359.100,31.200,0.500,0,2529,3915,68.539741765981,1,2624,1327.300
3916,3916,68.557294465981,68.557298565981,3,7147,16,132,0,4d3a347013136255,1487.000,4270.500,29.300,0.300,0,2530,3916,68.557244232648,1,2624,1370.100
3917,3917,68.574796865981,68.574800965981,3,7147,17,145,0,27658e4f0a9416c6,1406.900,4229.700,32.100,0.400,0,2531,3917,68.574746632648,1,2621,1348.500
3918,3918,68.592298299314,68.592302399314,3,7147,17,141,0,7c6cfa80907288e1,1411.600,4400.500,31.200,0.800,0,2532,3918,68.592249232647,1,2622,1486.200
3919,3919,68.609801032647,68.609805132647,3,7147,17,137,0,e1bfb3609336e5ce,1474.500,4246.600,30.300,0.400,0,2533,3919,68.609751965981,1,2622,1263.900
3920,3920,68.627303165980,68.627307265980,3,7147,14,130,0,f19c8ca72b50b605,1433.200,4290.000,28.800,0.400,0,2534,3920,68.627254099314,1,2622,1335.800
3921,3921,68.644805632647,68.644809732647,3,7147,15,134,0,88514f6604f38b92,1447.400,4205.800,29.700,0.400,0,2535,3921,68.644756565980,1,2622,1246.700
3922,3922,68.662308165980,68.662312265980,3,7147,16,141,0,ee4e19699a29bef1,1440.600,4257.900,31.300,0.500,0,2536,3922,68.662259099313,1,2621,1267.300
3923,3923,68.679810665980,68.679814765980,3,7147,16,137,0,42a9ac2685b23c8c,1451.800,4282.900,30.300,0.200,0,2537,3923,68.679761599313,1,2622,1269.400
3924,3924,68.697313099313,68.697317199313,3,7147,16,148,0,6cda1d007b65ea9c,1478.000,4275.400,33.200,0.300,0,2538,3924,68.697264032646,1,2621,1358.300
3925,3925,68.714815465980,68.714819565980,3,7147,13,134,0,3cfad7bbfddbd7b2,1403.200,4266.000,29.700,0.300,0,2539,3925,68.714766399313,1,2621,1312.900
3926,3926,68.732318065979,68.732322165979,3,7147,13,135,0,8411bb4d93a89b9d,1438.600,4586.100,30.000,0.600,0,2540,3926,68.732268999313,1,2621,1737.100
3927,3927,68.749820832646,68.749824932646,3,7147,12,128,0,a136fcdf6d4c8987,1565.300,4243.600,28.300,0.500,0,2541,3927,68.749771765979,1,2621,1279.200
3928,3928,68.767322965979,68.767327065979,3,7147,13,138,0,908144b066e76f0f,1422.300,4181.800,30.500,0.400,0,2542,3928,68.767273899312,1,2621,1319.300
3929,3929,68.784825399312,68.784829499312,3,7147,13,130,0,44838ad33c7cda68,1533.500,4276.600,28.800,0.600,0,2543,3929,68.784776332645,1,2621,1458.400
3930,3930,68.802327932645,68.802332032645,3,7147,12,116,0,c4891558aa7ea8e1,1407.800,4134.400,25.700,0.300,0,2544,3930,68.802278865979,1,2621,1326.800
3931,3931,68.819830365978,68.819834465978,3,7147,11,103,0,d29a8c6af6e58a8b,1434.000,4206.900,22.800,0.400,0,2545,3931,68.819781299312,1,2621,1250.200
3932,3932,68.837332799312,68.837336899312,3,7147,11,107,0,8a95f53269049883,1433.100,4221.700,23.800,0.300,0,2546,3932,68.837283732645,1,2620,1374.900
3933,3933,68.854836465978,68.854840565978,3,7147,12,113,0,db491089039c5777,1410.900,4314.600,25.100,0.400,0,2547,3933,68.854786232645,1,2620,1314.200
3934,3934,68.872339032645,68.872342865978,3,7147,13,111,0,fe9ee59da6b3709c,1437.700,4253.200,24.600,0.700,0,2548,3934,68.872288699311,1,2619,1438.300
3935,3935,68.889841832644,68.889845665978,3,7147,13,108,0,eb07f3c3f9cae2af,1476.900,4593.000,23.900,0.900,0,2549,3935,68.889791499311,1,2619,1476.000
3936,3936,68.907343932644,68.907347765978,3,7147,13,109,0,aeb84b3ad084f5f7,1413.000,4279.100,24.200,0.400,0,2550,3936,68.907293599311,1,2616,1562.100
3937,3937,68.924846532644,68.924850365977,3,7147,13,101,0,406cc6d6d7b8a2af,1434.400,4216.400,22.500,0.500,0,2551,3937,68.924796199311,1,2615,1368.400
3938,3938,68.942348865977,68.942352699311,3,7147,15,110,0,5687faa870814793,1449.100,4351.000,24.400,0.500,0,2552,3938,68.942298532644,1,2613,1427.700
3939,3939,68.959851432644,68.959855265977,3,7147,13,103,0,05c3f99c2c0d93e6,1450.000,4228.300,22.800,0.500,0,2553,3939,68.959801099310,1,2613,1326.500
3940,3940,68.977353899310,68.977357732644,3,7147,14,99,0,730d8713276f2603,1388.800,4181.000,22.100,0.400,0,2554,3940,68.977303565977,1,2612,1245.800
3941,3941,68.994856399310,68.994860232643,3,7147,14,98,0,2ec59ab8666af28b,1424.800,4203.300,21.800,0.400,0,2555,3941,68.994806065977,1,2611,1328.000
3942,3942,69.012358865977,69.012362699310,3,7147,13,93,0,23cf6a21b7695206,1375.400,4139.700,20.600,0.600,0,2556,3942,69.012308532643,1,2612,1310.100
3943,3943,69.029861732643,69.029865565976,3,7147,14,96,0,447fd72472c6834e,1421.700,4216.800,21.300,0.600,0,2557,3943,69.029811399310,1,2611,1378.400
3944,3944,69.047363732643,69.047367565976,3,7147,16,124,0,490cbf02d51479e9,1405.200,4183.000,27.500,0.500,0,2558,3944,69.047313399310,1,2607,1337.700
3945,3945,69.064866165976,69.064869999309,3,7147,15,120,0,d52e456b99fc9a8c,1375.400,4102.600,26.600,0.400,0,2559,3945,69.064815832643,1,2608,1321.900
3946,3946,69.082368732643,69.082372565976,3,7147,13,103,0,7b8c00ef4b32eebc,1399.900,4150.500,22.800,0.400,0,2560,3946,69.082318399309,1,2608,1360.400
3947,3947,69.099870632642,69.099874332642,3,7147,14,111,0,b3a4febbf2f271d2,1401.100,4233.000,24.600,0.400,0,2561,3947,69.099820799309,1,2606,1262.500
3948,3948,69.117384399309,69.117388099309,3,7147,16,130,0,33807614343d65fa,1445.300,4118.400,28.800,0.300,0,2562,3948,69.117334565975,1,2604,1272.200
3949,3949,69.134875599309,69.134879299309,3,7147,15,120,0,c376b257f3256f97,1384.100,4210.300,53.400,0.500,0,2563,3949,69.134825765975,1,2604,1445.000
3950,3950,69.152378032642,69.152381732642,3,7147,14,118,0,f9f623ee338a4384,1406.200,4149.500,26.200,0.600,0,2564,3950,69.152328199308,1,2605,1455.500
3951,3951,69.169880799308,69.169884499308,3,7147,15,122,0,dabf872171df0ba4,1378.200,4209.200,27.100,1.200,0,2565,3951,69.169830965975,1,2604,1571.000
3952,3952,69.187382999308,69.187386699308,3,7147,16,135,0,fb680d89a0344f4a,1407.600,4229.800,30.500,0.900,0,2566,3952,69.187333165975,1,2604,1388.700
3953,3953,69.204885432641,69.204889132641,3,7147,16,143,0,e101f65845ef72a0,1413.400,4141.400,31.700,0.400,0,2567,3953,69.204835599308,1,2604,1296.400
3954,3954,69.222387999308,69.222391699308,3,7147,16,143,0,dc059f3cfd372b75,1400.100,4146.400,31.700,0.400,0,2568,3954,69.222338165974,1,2604,1260.500
3955,3955,69.239890432641,69.239894132641,3,7147,18,156,0,c68a35699474b83f,1385.900,4102.800,34.500,0.500,0,2569,3955,69.239840599308,1,2603,1283.600
3956,3956,69.257392865974,69.257396565974,3,7147,18,145,0,e6cbcb3f8bfc99ee,1405.000,4132.200,32.100,0.300,0,2570,3956,69.257343032641,1,2602,1298.100
3957,3957,69.274895465974,69.274899165974,3,7147,16,135,0,08a5d915ee8c53bc,1414.500,4236.300,29.900,0.500,0,2571,3957,69.274845632641,1,2601,1250.900
3958,3958,69.292397865974,69.292401565974,3,7147,15,150,0,7cbcb8a678bb3a92,1405.600,4250.800,33.300,0.600,0,2572,3958,69.292348032640,1,2599,1653.600
3959,3959,69.309900732640,69.309904432640,3,7147,15,148,0,5079a8a50651d890,1521.600,4308.100,32.700,0.400,0,2573,3959,69.309850899307,1,2599,1372.400
3960,3960,69.327402865973,69.327406565973,3,7147,15,140,0,8375678c83fcb069,1477.800,4182.200,31.000,0.400,0,2574,3960,69.327353032640,1,2599,1230.000
3961,3961,69.344900665973,69.344904365973,3,7147,15,140,0,4cbe4e8d4bcce4a7,1394.100,4190.900,31.100,0.400,0,2575,3961,69.344855499307,1,2600,1258.600
3962,3962,69.362403132640,69.362406832640,3,7147,13,123,0,66147eeabf26c089,1394.800,4088.600,27.200,0.500,0,2576,3962,69.362357965973,1,2600,1264.300
3963,3963,69.379905565973,69.379909265973,3,7147,13,122,0,d752cee30f4a1c4a,1414.300,4123.800,27.000,0.300,0,2577,3963,69.379860399306,1,2600,1221.200
3964,3964,69.397407999306,69.397411699306,3,7147,13,121,0,5c254cc0c42458c6,1400.400,4220.700,26.800,0.400,0,2578,3964,69.397362832639,1,2600,1298.200
3965,3965,69.414910465973,69.414914165973,3,7147,15,127,0,2cee78f4e1fd72cc,1459.900,4143.600,28.200,0.400,0,2579,3965,69.414865299306,1,2598,1252.900
3966,3966,69.432412965972,69.432416665972,3,7147,16,129,0,714ffc9ddca1d627,1411.600,4271.400,28.700,0.900,0,2580,3966,69.432367799306,1,2596,1419.400
3967,3967,69.449915699306,69.449919399306,3,7147,16,129,0,fccad08087ef5bba,1470.900,4434.200,28.600,0.400,0,2581,3967,69.449870532639,1,2596,1272.400
3968,3968,69.467417832639,69.467421532639,3,7147,16,131,0,d30aaf316ce26dc8,1391.500,4189.800,29.000,0.600,0,2582,3968,69.467372665972,1,2595,1326.400
3969,3969,69.484920399305,69.484924099305,3,7147,17,140,0,cc997cef1fba3fe9,1493.400,4262.500,31.000,0.400,0,2583,3969,69.484875232638,1,2595,1272.200
3970,3970,69.502422799305,69.502426499305,3,7147,17,137,0,a75f1c66f0f23217,1385.700,4404.600,30.700,0.300,0,2584,3970,69.502377632638,1,2594,1295.200
3971,3971,69.519925999305,69.519929699305,3,7147,18,137,0,9489de71d4e0cf4c,1417.600,4390.100,30.400,0.400,0,2585,3971,69.519880832638,1,2594,1236.200
3972,3972,69.537427799305,69.537431499305,3,7147,17,128,0,b28978190a077dac,1384.200,4097.100,28.400,0.300,0,2586,3972,69.537382632638,1,2594,1286.700
3973,3973,69.554930332638,69.554934032638,3,7147,17,128,0,086766bdab8761d7,1396.100,4220.000,28.800,0.600,0,2587,3973,69.554885165971,1,2594,1282.800
3974,3974,69.572432732638,69.572436432638,3,7147,16,122,0,0cf7ecf7e0706b97,1414.200,4214.500,27.300,0.400,0,2588,3974,69.572387565971,1,2594,1457.000
3975,3975,69.589929832637,69.589933532637,3,7147,17,140,0,d2650f3ea1f4b743,1399.400,4313.900,31.100,0.400,0,2589,3975,69.589890499304,1,2593,1309.400
3976,3976,69.607431799304,69.607435499304,3,7147,18,135,0,b4757287264a15ac,1394.900,4192.900,29.900,0.500,0,2590,3976,69.607392465971,1,2590,1439.200
3977,3977,69.624934332637,69.624938032637,3,7147,17,131,0,2133f54600d94ca4,1391.800,4110.000,29.000,0.300,0,2591,3977,69.624894999304,1,2589,1239.700
3978,3978,69.642436765970,69.642440465970,3,7147,16,122,0,a83d9dc82acc1086,1392.800,4146.600,27.000,0.500,0,2592,3978,69.642397432637,1,2589,1326.800
3979,3979,69.659939199303,69.659942899303,3,7147,16,121,0,895ebb95d3ed8cf2,1405.000,4219.300,26.800,0.600,0,2593,3979,69.659899865970,1,2589,1246.700
3980,3980,69.677441665970,69.677445365970,3,7147,15,119,0,9b58bafbc127f4ee,1424.100,4247.000,26.400,0.400,0,2594,3980,69.677402332637,1,2590,1253.700
3981,3981,69.694944265970,69.694947965970,3,7147,13,115,0,b11971521ff14e12,1389.900,4190.800,25.500,0.400,0,2595,3981,69.694904932636,1,2591,1405.000
3982,3982,69.712446665970,69.712450365970,3,7147,13,110,0,165876942517a48e,1393.000,4201.400,24.400,0.400,0,2596,3982,69.712407332636,1,2590,1225.200
3983,3983,69.729949432636,69.729953132636,3,7147,14,117,0,59b8aaf15a021dd4,1382.100,4309.200,25.900,0.500,0,2597,3983,69.729910099303,1,2589,1436.300
3984,3984,69.747451632636,69.747455332636,3,7147,14,114,0,2f11c427269b2c78,1511.000,4876.400,25.300,0.600,0,2598,3984,69.747412299303,1,2589,1344.700
3985,3985,69.764954065969,69.764957765969,3,7147,15,125,0,4bef49c30b78bbd6,1472.000,4229.600,27.700,0.600,0,2599,3985,69.764914732636,1,2589,1522.300
3986,3986,69.782456599302,69.782460299302,3,7147,17,149,0,bdc138c7d3723b0d,1423.900,4241.600,33.100,0.900,0,2600,3986,69.782417265969,1,2587,1444.300
3987,3987,69.799958965969,69.799962665969,3,7147,15,135,0,109758bcc677051b,1429.600,4417.100,30.000,0.400,0,2601,3987,69.799919632635,1,2587,1412.900
3988,3988,69.817461432635,69.817465132635,3,7147,13,117,0,bf1ccb161f1408cf,1407.400,4113.500,25.900,0.300,0,2602,3988,69.817422099302,1,2587,1240.500
3989,3989,69.834964032635,69.834967732635,3,7147,14,123,0,7fabe956ed8abffd,1386.700,4250.300,27.200,0.400,0,2603,3989,69.834924699302,1,2586,1324.700
3990,3990,69.852465199301,69.852469599301,3,7147,14,119,0,7edd8ff4074b48e0,1422.600,4113.900,26.400,0.400,0,2604,3990,69.852427032635,1,2586,1276.100
3991,3991,69.869968132635,69.869972532635,3,7147,15,113,0,c1d607d3122e875b,1389.300,4085.700,25.100,0.500,0,2605,3991,69.869929965968,1,2585,1225.700
3992,3992,69.887470165968,69.887474565968,3,7147,11,91,0,c70846fdad55ca1f,1387.900,4062.300,20.200,0.700,0,2606,3992,69.887431999301,1,2584,1259.700
3993,3993,69.904972632634,69.904977032634,3,7147,11,103,0,12fb2d279986764f,1504.800,4371.400,22.900,1.100,0,2607,3993,69.904934465968,1,2583,1310.600
3994,3994,69.922475199301,69.922479599301,3,7147,13,116,0,9d4538e2a6299ab4,1400.100,4096.100,29.700,0.300,0,2608,3994,69.922437032634,1,2581,1305.800
3995,3995,69.939977632634,69.939982032634,3,7147,14,113,0,dbc891c05e152496,1398.900,4212.000,25.100,0.200,0,2609,3995,69.939939465967,1,2580,1277.000
3996,3996,69.957480065967,69.957484465967,3,7147,16,130,0,a11566ebb11756ea,1419.400,4143.600,28.800,0.300,0,2610,3996,69.957441899300,1,2579,1287.700
3997,3997,69.974982599300,69.974986999300,3,7147,16,135,0,da72ff06483aaba9,1391.700,4518.500,29.900,0.500,0,2611,3997,69.974944432634,1,2578,1423.000
3998,3998,69.992485065967,69.992489465967,3,7147,15,126,0,ede920bdd69d9ca9,1504.900,4222.300,28.000,0.700,0,2612,3998,69.992446899300,1,2577,1517.700
3999,3999,70.009987832633,70.009992232633,3,7147,16,135,0,73efb52a413f7318,1390.000,4112.500,29.900,0.300,0,2613,3999,70.009949665967,1,2576,1224.900
4000,4000,70.027489932633,70.027494332633,3,7147,16,134,0,d7341ef08a36ea9f,1393.100,4079.500,29.700,0.300,0,2614,4000,70.027451765966,1,2577,1257.100
4001,4001,70.044992499300,70.044996899300,3,7147,17,135,0,71b3936fd0e1751c,1396.800,4182.500,29.900,0.500,0,2615,4001,70.044954332633,1,2576,1351.600
4002,4002,70.062494965966,70.062499365966,3,7147,17,130,0,4016bdeebd0b9afe,1425.800,4138.700,29.000,0.400,0,2616,4002,70.062456799299,1,2576,1285.300
4003,4003,70.079997399299,70.080001799299,3,7147,17,135,0,c6b3fbefb6d11582,1413.700,4200.400,29.900,0.400,0,2617,4003,70.079959232633,1,2575,1391.000
4004,4004,70.097498665966,70.097504232632,3,7147,16,134,0,1c8227bd3e0bacf8,1441.900,4158.000,29.700,0.500,0,2618,4004,70.097461665966,1,2574,1391.200
4005,4005,70.115012399299,70.115017965966,3,7147,19,172,0,13318b25bbac5204,1438.900,4163.400,38.200,0.600,0,2619,4005,70.114975399299,1,2572,1625.000
4006,4006,70.132503632632,70.132509199299,3,7147,19,162,0,35d01a572a1457d9,1439.300,4146.200,35.900,0.600,0,2620,4006,70.132466632632,1,2571,1351.000
4007,4007,70.150006565965,70.150012132632,3,7147,17,154,0,4fe926de23eec4d9,1392.300,4096.900,34.100,0.400,0,2621,4007,70.149969565965,1,2572,1247.300
4008,4008,70.167508599298,70.167514165965,3,7147,15,140,0,11640a08595b46a1,1403.000,4153.200,31.100,1.000,0,2622,4008,70.167471599298,1,2573,1283.400
4009,4009,70.185011065965,70.185016632631,3,7147,16,146,0,342a4be7ea31f878,1400.500,4159.800,32.300,0.400,0,2623,4009,70.184974065965,1,2573,1288.100
4010,4010,70.202513532631,70.202519099298,3,7147,16,139,0,e36dc523ebe40a5e,1392.900,4104.200,30.800,0.300,0,2624,4010,70.202476532631,1,2573,1242.500
4011,4011,70.220016032631,70.220021599298,3,7147,15,138,0,5d73fe6a6a1b4397,1377.000,4155.400,30.600,0.400,0,2625,4011,70.219979032631,1,2573,1313.600
4012,4012,70.237518499298,70.237524065964,3,7147,16,141,0,d544f66605faf240,1386.500,4220.400,31.300,0.200,0,2626,4012,70.237481499298,1,2572,1317.000
4013,4013,70.255020965964,70.255026532631,3,7147,15,127,0,f3d85cddbeaf6327,1387.600,4282.600,28.200,0.300,0,2627,4013,70.254983965964,1,2572,1218.300
4014,4014,70.272523465964,70.272529032631,3,7147,16,133,0,b9a550c97d6082d8,1420.800,4213.700,29.800,0.600,0,2628,4014,70.272486465964,1,2571,1402.300
4015,4015,70.290026132630,70.290031699297,3,7147,17,132,0,dcec0752b0537235,1416.900,4211.100,29.300,1.100,0,2629,4015,70.289989132630,1,2571,1391.400
4016,4016,70.307528399297,70.307533965964,3,7147,15,126,0,18de51e722ce88b0,1411.600,4282.200,27.900,0.500,0,2630,4016,70.307491399297,1,2571,1373.300
4017,4017,70.325030832630,70.325036399297,3,7147,14,123,0,bca3069c566fee44,1398.600,4090.100,27.300,0.200,0,2631,4017,70.324993832630,1,2569,1261.500
4018,4018,70.342527465963,70.342538899297,3,7147,13,112,0,0e8d6b79af73f0b6,1399.300,4066.400,24.900,0.400,0,2632,4018,70.342496299297,1,2569,1322.500
4019,4019,70.360029932630,70.360041365963,3,7147,13,113,0,15001ea6f89cdaae,1521.900,4240.600,25.100,0.500,0,2633,4019,70.359998765963,1,2568,1229.700
4020,4020,70.377532432630,70.377543865963,3,7147,13,112,0,a2c91d29ca5897a7,1446.000,4275.000,24.900,0.700,0,2634,4020,70.377501265963,1,2568,1507.800
4021,4021,70.395034832629,70.395046265963,3,7147,13,103,0,c31ec45913de8268,1462.200,4220.300,22.800,0.600,0,2635,4021,70.395003665963,1,2569,1453.700
4022,4022,70.412537399296,70.412548832629,3,7147,12,98,0,55d0adbfb1cf7f1a,1417.700,4224.600,21.700,0.900,0,2636,4022,70.412506232629,1,2570,1291.700
4023,4023,70.430040265962,70.430051699296,3,7147,13,107,0,afb39ba3b21dc337,1400.100,4165.500,23.700,0.400,0,2637,4023,70.430009099296,1,2568,1258.500
4024,4024,70.447542332629,70.447553765962,3,7147,13,106,0,64b982f570f92acb,1397.800,4147.000,23.500,0.400,0,2638,4024,70.447511165962,1,2568,1265.200
4025,4025,70.465044799295,70.465056232629,3,7147,13,103,0,5b321e8195c0fa1b,1540.100,4177.700,22.800,0.400,0,2639,4025,70.465013632629,1,2568,1245.800
4026,4026,70.482547299295,70.482558732629,3,7147,16,118,0,eb30ebb2ab4228f6,1437.100,4059.400,26.200,0.400,0,2640,4026,70.482516132629,1,2564,1269.000
4027,4027,70.500049665962,70.500061099295,3,7147,13,105,0,6935d04a0d5618d2,1406.400,4106.300,23.300,0.400,0,2641,4027,70.500018499295,1,2564,1214.800
4028,4028,70.517552165961,70.517563599295,3,7147,13,97,0,c65f1625bc0a66c9,1383.300,4076.700,21.500,0.400,0,2642,4028,70.517520999295,1,2563,1251.100
4029,4029,70.535054632628,70.535066065961,3,7147,15,118,0,786ebc46cd833023,1448.500,4125.400,26.200,0.600,0,2643,4029,70.535023465961,1,2562,1268.500
4030,4030,70.552557132628,70.552568565961,3,7147,18,147,0,380faab384c611c5,1405.500,4232.900,32.500,1.200,0,2644,4030,70.552525965961,1,2559,1232.700
4031,4031,70.570059832628,70.570071265961,3,7147,17,140,0,838a2d6c9d484744,1424.900,4140.800,31.100,0.400,0,2645,4031,70.570028665961,1,2559,1271.000
4032,4032,70.587562132627,70.587573565961,3,7147,18,143,0,045d7762215a828f,1399.100,4106.900,31.700,0.800,0,2646,4032,70.587530965961,1,2559,1248.200
4033,4033,70.605081299294,70.605085132627,3,7147,18,143,0,5aab855310e68cd2,1426.800,4124.000,31.700,0.400,0,2647,4033,70.605033299294,1,2559,1238.300
4034,4034,70.622583799294,70.622587632627,3,7147,17,131,0,941ff9dfd8ea8ffc,1407.500,4307.300,29.000,0.500,0,2648,4034,70.622535799294,1,2559,1306.300
4035,4035,70.640086265960,70.640090099294,3,7147,15,122,0,1ec4c167beb1de6a,1420.900,4168.600,27.500,0.400,0,2649,4035,70.640038265960,1,2560,1315.200
4036,4036,70.657588765960,70.657592599293,3,7147,16,158,0,12df5cffdd5050e8,1423.300,4100.600,35.000,0.500,0,2650,4036,70.657540765960,1,2559,1475.500
4037,4037,70.675091332627,70.675095165960,3,7147,17,175,0,e65877933a654027,1394.100,4188.500,38.800,0.300,0,2651,4037,70.675043332627,1,2558,1319.000
4038,4038,70.692593765960,70.692597599293,3,7147,16,166,0,4b7da799f6f8b188,1429.000,4220.100,36.700,0.400,0,2652,4038,70.692545765960,1,2558,1258.500
4039,4039,70.710096699293,70.710100532626,3,7147,16,166,0,b41863e8486fa829,1381.800,4396.900,36.800,0.400,0,2653,4039,70.710048699293,1,2558,1340.800
4040,4040,70.727598632626,70.727602465959,3,7147,19,185,0,98ab1156c15eab5d,1443.000,4945.000,45.200,0.700,0,2654,4040,70.727550632626,1,2555,1370.100
4041,4041,70.745101132626,70.745104965959,3,7147,18,183,0,e44911eeb8e6b054,1429.200,4244.700,40.800,0.400,0,2655,4041,70.745053132626,1,2555,1248.900
4042,4042,70.762603599292,70.762607432626,3,7147,17,182,0,da1db41bee0b92da,1438.800,4194.600,40.300,0.500,0,2656,4042,70.762555599292,1,2555,1346.700
4043,4043,70.780106032626,70.780109865959,3,7147,17,178,0,73b921ad060f9d10,1404.700,4171.700,39.500,0.500,0,2657,4043,70.780058032626,1,2556,1252.400
4044,4044,70.797608599292,70.797612432625,3,7147,15,150,0,9202e0ba9a91b8b0,1442.500,4183.100,33.300,0.400,0,2658,4044,70.797560599292,1,2556,1283.700
4045,4045,70.815111065959,70.815114899292,3,7147,16,160,0,4779fceb8cd77d01,1436.500,4152.000,35.500,0.400,0,2659,4045,70.815063065959,1,2555,1284.200
4046,4046,70.832613532625,70.832617365958,3,7147,17,175,0,0a4dc5aedd75749a,1412.000,4157.200,38.800,0.600,0,2660,4046,70.832565532625,1,2554,1311.200
4047,4047,70.850118632625,70.850122465958,3,7147,17,165,0,7d392e7d8845d7de,1465.800,4172.500,36.600,0.400,0,2661,4047,70.850068299291,1,2553,1372.500
4048,4048,70.867620699291,70.867624532625,3,7147,17,164,0,4cfac77df97843d3,1395.500,4112.700,36.400,0.500,0,2662,4048,70.867570365958,1,2552,1308.700
4049,4049,70.885123299291,70.885127132624,3,7147,16,156,0,e4dc5ee7aebeea40,1395.200,4167.300,34.500,0.400,0,2663,4049,70.885072965958,1,2552,1233.500
4050,4050,70.902625665958,70.902629499291,3,7147,16,158,0,86d0db8442b2cefe,1427.100,4289.200,35.000,0.500,0,2664,4050,70.902575332624,1,2552,1477.100
4051,4051,70.920128132624,70.920131965957,3,7147,16,155,0,f53037a26349e033,1419.700,4256.100,34.400,0.400,0,2665,4051,70.920077799291,1,2552,1355.000
4052,4052,70.937630699291,70.937634532624,3,7147,15,141,0,dc09abbf488cad26,1434.700,4182.400,31.300,0.400,0,2666,4052,70.937580365957,1,2551,1440.300
4053,4053,70.955133199290,70.955137032624,3,7147,13,123,0,9cd8f8617fded938,1398.400,4191.300,27.200,0.400,0,2667,4053,70.955082865957,1,2551,1295.200
4054,4054,70.972635632624,70.972639465957,3,7147,13,121,0,e3d968c8cb0b4438,1396.600,4230.700,26.800,0.400,0,2668,4054,70.972585299290,1,2552,1362.300
4055,4055,70.990138532623,70.990142365957,3,7147,13,121,0,7c6d638b868212df,1391.200,4354.700,26.800,0.500,0,2669,4055,70.990088199290,1,2552,1333.900
4056,4056,71.007640599290,71.007644432623,3,7147,13,119,0,d8c984124007474d,1439.900,4216.700,26.400,0.600,0,2670,4056,71.007590265957,1,2552,1867.300
4057,4057,71.025142932623,71.025146765956,3,7147,15,126,0,8b6827f8922de893,1499.900,4172.000,27.900,0.400,0,2671,4057,71.025092599290,1,2552,1259.400
4058,4058,71.042645499290,71.042649332623,3,7147,14,118,0,618e116e2a6e9a1f,1407.100,4116.900,26.100,0.400,0,2672,4058,71.042595165956,1,2552,1241.300
4059,4059,71.060147999289,71.060151832623,3,7147,14,116,0,d88aeff6160a2c11,1457.800,4207.500,25.800,0.400,0,2673,4059,71.060097665956,1,2553,1260.700
4060,4060,71.077650365956,71.077654199289,3,7147,13,116,0,2ad134bd45d1bcf3,1443.300,4071.900,25.700,0.400,0,2674,4060,71.077600032623,1,2551,1240.400
4061,4061,71.095154132622,71.095157965956,3,7147,13,128,0,78ed367d18fc4d8f,1400.800,4210.400,28.400,0.300,0,2675,4061,71.095102632622,1,2550,1276.000
4062,4062,71.112667899289,71.112671732622,3,7147,13,126,0,cc5d1b566ffbcb85,1417.200,4122.500,27.900,0.400,0,2676,4062,71.112616399289,1,2551,1287.400
4063,4063,71.130159232622,71.130163065955,3,7147,14,135,0,f384cf96545c022a,1422.700,4141.500,29.800,1.100,0,2677,4063,71.130107732622,1,2550,1344.000
4064,4064,71.147661399289,71.147665232622,3,7147,14,134,0,04305de593d0db8a,1424.200,4264.700,29.700,0.500,0,2678,4064,71.147609899289,1,2551,1262.200
4065,4065,71.165163865955,71.165167699288,3,7147,14,132,0,f05f2faaba9cece5,1403.700,4075.200,29.200,0.700,0,2679,4065,71.165112365955,1,2551,1258.400
4066,4066,71.182666365955,71.182670199288,3,7147,15,155,0,d4b8d32e76280b98,1400.300,4254.300,34.300,1.000,0,2680,4066,71.182614865955,1,2550,1241.700
4067,4067,71.200168832621,71.200172665955,3,7147,15,157,0,0f4b94af0122800f,1396.200,4228.900,35.200,0.400,0,2681,4067,71.200117332621,1,2549,1295.400
4068,4068,71.217671399288,71.217675232621,3,7147,12,135,0,e5ef5f5860a4ab84,1416.100,4218.600,29.900,0.500,0,2682,4068,71.217619899288,1,2549,1354.700
4069,4069,71.235173832621,71.235177665954,3,7147,12,135,0,683457c413072433,1408.200,4097.100,29.900,0.900,0,2683,4069,71.235122332621,1,2549,1331.900
4070,4070,71.252676265954,71.252680099287,3,7147,15,151,0,4b76ec5933b2606d,1415.600,4183.300,33.500,0.400,0,2684,4070,71.252624765954,1,2547,1490.600
4071,4071,71.270179165954,71.270182999287,3,7147,16,157,0,f56981f78da279d2,1439.400,4195.500,34.800,0.500,0,2685,4071,71.270127665954,1,2546,1440.600
4072,4072,71.287681232620,71.287685065954,3,7147,17,166,0,89127c37928c3da2,1440.500,4325.400,36.800,0.600,0,2686,4072,71.287629732620,1,2544,1372.300
4073,4073,71.305183765954,71.305187599287,3,7147,16,166,0,18999ebe8fc1f09a,1422.600,4328.300,36.800,0.400,0,2687,4073,71.305132265954,1,2544,1320.700
4074,4074,71.322686265953,71.322690099287,3,7147,16,163,0,8b8809cbd2cd8616,1426.600,4091.900,36.100,0.400,0,2688,4074,71.322634765953,1,2544,1347.900
4075,4075,71.340188665953,71.340192499287,3,7147,14,139,0,599ac3a3b54a5990,1411.700,4114.900,30.700,1.600,0,2689,4075,71.340137165953,1,2545,1391.100
4076,4076,71.357689899286,71.357693732620,3,7147,13,135,0,a0acde9a2b79c58a,1415.000,4078.000,29.900,1.100,0,2690,4076,71.357639565953,1,2544,1329.100
4077,4077,71.375192399286,71.375196232620,3,7147,12,133,0,b73059691cfa6ef7,1399.600,4112.100,29.500,0.800,0,2691,4077,71.375142065953,1,2545,1311.200
4078,4078,71.392694899286,71.392698732619,3,7147,11,119,0,ef1d030865706f0f,1388.000,4081.200,26.400,0.400,0,2692,4078,71.392644565953,1,2545,1354.200
4079,4079,71.410197665953,71.410201499286,3,7147,12,128,0,b7fac38b912cdd51,1486.200,4100.800,28.300,0.700,0,2693,4079,71.410147332619,1,2544,1261.700
4080,4080,71.427699932619,71.427703765952,3,7147,12,131,0,e9472784459d3dc4,1518.000,4238.800,29.100,0.500,0,2694,4080,71.427649599286,1,2543,1261.700
4081,4081,71.445202299286,71.445206132619,3,7147,13,130,0,56d3c6299fe5da3a,1394.000,4261.800,28.800,0.500,0,2695,4081,71.445151965952,1,2542,1286.200
4082,4082,71.462704865952,71.462708699285,3,7147,14,125,0,705f74623d9fbd3a,1453.800,4322.900,27.700,0.500,0,2696,4082,71.462654532619,1,2541,1268.000
4083,4083,71.480207199285,71.480211032619,3,7147,12,108,0,03c61f0ec35664fb,1444.100,4161.600,23.900,0.300,0,2697,4083,71.480156865952,1,2541,1222.400
4084,4084,71.497709665952,71.497713499285,3,7147,10,84,0,084ae020632d749f,1415.400,4195.400,18.700,0.400,0,2698,4084,71.497659332618,1,2541,1311.600
4085,4085,71.515212132618,71.515215965952,3,7147,11,83,0,5cfb7edfe92158af,1419.100,4253.000,18.600,0.400,0,2699,4085,71.515161799285,1,2540,1239.300
4086,4086,71.532714632618,71.532718465951,3,7147,9,82,0,e2db1a1acbb40cf9,1443.200,4134.200,18.200,0.500,0,2700,4086,71.532664299285,1,2541,1458.200
4087,4087,71.550217532618,71.550221365951,3,7147,13,103,0,61f7bd871903c045,1425.900,4215.000,22.800,0.800,0,2701,4087,71.550167199285,1,2537,1435.300
4088,4088,71.567719632618,71.567723465951,3,7147,13,100,0,e12940fc9060adee,1454.200,4352.900,22.200,0.500,0,2702,4088,71.567669299284,1,2537,1270.600
4089,4089,71.585222099284,71.585225932617,3,7147,12,97,0,c93571cbfa81a9d1,1415.000,4652.000,21.500,0.400,0,2703,4089,71.585171765951,1,2536,1252.100
4090,4090,71.602723399284,71.602727232617,3,7147,13,107,0,8b89c31ee71f1a90,1406.400,4314.100,23.700,0.400,0,2704,4090,71.602674232617,1,2535,1339.500
4091,4091,71.620225832617,71.620229665950,3,7147,12,98,0,cf44a5b8240bf000,1554.600,4195.000,21.800,0.800,0,2705,4091,71.620176665950,1,2536,1281.600
4092,4092,71.637728265950,71.637732099284,3,7147,14,129,0,ab327b792d5d1b3f,1408.300,4085.000,28.600,0.400,0,2706,4092,71.637679099284,1,2534,1281.200
4093,4093,71.655230865950,71.655234699283,3,7147,14,129,0,d32079a08410a759,1394.700,4038.000,28.600,1.200,0,2707,4093,71.655181699283,1,2534,1303.400
4094,4094,71.672733232617,71.672737065950,3,7147,14,127,0,9c439b473e078bea,1415.400,4041.100,28.200,0.400,0,2708,4094,71.672684065950,1,2534,1298.800
4095,4095,71.690236099283,71.690239932616,3,7147,15,136,0,eac0e696e827d446,1408.100,4303.800,30.100,0.900,0,2709,4095,71.690186932616,1,2533,1354.400
4096,4096,71.707738165950,71.707741999283,3,7147,15,136,0,5e4b8bfdae664201,1458.700,4101.200,30.100,0.400,0,2710,4096,71.707688999283,1,2533,1303.600
4097,4097,71.725240765949,71.725244599283,3,7147,16,156,0,eba6bcf75a83e3bc,1392.700,4505.200,52.500,0.500,0,2711,4097,71.725191599283,1,2531,1437.800
4098,4098,71.742743232616,71.742747065949,3,7147,17,161,0,c9b3c8a8c2c5453b,1415.200,4503.900,35.700,0.500,0,2712,4098,71.742694065949,1,2531,1299.900
4099,4099,71.760245699282,71.760249532616,3,7147,14,137,0,7db8400efca0c1b3,1402.400,4207.200,30.400,0.600,0,2713,4099,71.760196532616,1,2531,1364.700
4100,4100,71.777748165949,71.777751999282,3,7147,14,135,0,fe50fc63a74eb001,1399.800,4168.200,29.900,0.600,0,2714,4100,71.777698999282,1,2531,1259.800
4101,4101,71.795250565949,71.795254399282,3,7147,15,144,0,1a74e1327998bf38,1394.200,4072.900,31.900,0.500,0,2715,4101,71.795201399282,1,2530,1294.700
4102,4102,71.812752999282,71.812756832615,3,7147,16,145,0,5dfce044c2e3efe7,1452.500,4373.100,32.100,0.500,0,2716,4102,71.812703832615,1,2529,1435.000
4103,4103,71.830256032615,71.830259865948,3,7147,17,166,0,59103e4e6ec3d3f9,1437.600,4158.600,36.700,0.500,0,2717,4103,71.830206865948,1,2527,1302.600
4104,4104,71.847759099282,71.847762932615,3,7147,17,168,0,e0b27b3a044dcdeb,1461.900,4111.100,37.200,0.400,0,2718,4104,71.847708765948,1,2526,1270.500
4105,4105,71.865261599281,71.865265432615,3,7147,18,179,0,bb8b3413d10814f4,1447.900,4221.100,39.600,0.300,0,2719,4105,71.865211265948,1,2526,1231.700
4106,4106,71.882764032615,71.882767865948,3,7147,18,174,0,2b5bed5b82a23c5a,1402.800,4112.200,38.600,0.300,0,2720,4106,71.882713699281,1,2526,1284.400
4107,4107,71.900266499281,71.900270332614,3,7147,18,171,0,2a9d99cb631dcec3,1427.200,4331.400,38.000,0.500,0,2721,4107,71.900216165948,1,2524,1321.400
4108,4108,71.917769065947,71.917772899281,3,7147,18,169,0,0d2d5ca35aacb8e3,1428.900,4109.500,37.500,0.500,0,2722,4108,71.917718732614,1,2524,1401.100
4109,4109,71.935271432614,71.935275265947,3,7147,16,158,0,ff14b0a9bb75c249,1412.500,4116.300,34.900,0.400,0,2723,4109,71.935221099281,1,2524,1270.000
4110,4110,71.952774065947,71.952777899280,3,7147,19,177,0,bf8f0a236856dc07,1395.700,4040.700,39.300,0.400,0,2724,4110,71.952723732614,1,2521,1370.500
4111,4111,71.970276832614,71.970280665947,3,7147,19,177,0,762946d1081d52e0,1397.300,4051.500,39.200,0.500,0,2725,4111,71.970226499280,1,2520,1248.000
4112,4112,71.987778999280,71.987782832613,3,7147,19,170,0,5286a10189acaf19,1376.200,4082.000,37.600,0.400,0,2726,4112,71.987728665947,1,2520,1296.200
4113,4113,72.005281365947,72.005285199280,3,7147,20,170,0,ff2b443963761e5a,1384.400,4089.200,37.600,0.300,0,2727,4113,72.005231032613,1,2520,1256.900
4114,4114,72.022783865946,72.022787699280,3,7147,19,149,0,221cddcf86889c38,1413.300,4112.700,33.000,0.400,0,2728,4114,72.022733532613,1,2519,1290.600
4115,4115,72.040286365946,72.040290199280,3,7147,17,129,0,d2eedaefde2ea748,1401.200,4136.300,28.600,0.300,0,2729,4115,72.040236032613,1,2519,1390.100
4116,4116,72.057788832613,72.057792665946,3,7147,18,128,0,4ac55c74fa09ecd9,1395.800,4047.300,28.400,0.700,0,2730,4116,72.057738499279,1,2519,1248.100
4117,4117,72.075291299279,72.075295132613,3,7147,16,123,0,feeae94944541695,1384.900,4167.200,27.200,0.400,0,2731,4117,72.075240965946,1,2519,1298.400
4118,4118,72.092793732612,72.092797565946,3,7147,17,131,0,5a6a337e1881e972,1399.000,4038.000,29.000,0.400,0,2732,4118,72.092743399279,1,2519,1255.600
4119,4119,72.110309099279,72.110312932612,3,7147,15,119,0,a9a1c6b3dd5df009,1387.300,4158.900,26.400,0.400,0,2733,4119,72.110257599279,1,2519,1275.500
4120,4120,72.127799865945,72.127803699279,3,7147,14,115,0,26fe726e00c3b22b,1415.300,4170.100,25.500,0.400,0,2734,4120,72.127748365945,1,2519,1248.900
4121,4121,72.145302332612,72.145306165945,3,7147,15,124,0,43252a9cdd0b565b,1461.500,4178.400,27.500,0.500,0,2735,4121,72.145250832612,1,2518,1247.300
4122,4122,72.162804832612,72.162808665945,3,7147,15,123,0,cab5e76621325ecb,1421.900,4124.800,27.800,0.500,0,2736,4122,72.162753332612,1,2518,1266.000
4123,4123,72.180307232612,72.180311065945,3,7147,15,125,0,24d036167b529ab6,1567.200,4039.500,27.700,1.400,0,2737,4123,72.180255732612,1,2517,1254.200
4124,4124,72.197809699278,72.197813532611,3,7147,16,145,0,842f3859001df136,1378.200,4117.200,32.100,0.300,0,2738,4124,72.197758199278,1,2517,1281.800
4125,4125,72.215312199278,72.215316032611,3,7147,16,143,0,863cddd10619ef9c,1406.200,4236.200,31.700,0.600,0,2739,4125,72.215260699278,1,2517,1233.900
4126,4126,72.232814765944,72.232818599278,3,7147,17,153,0,dd8355c2077d77e0,1410.300,4299.600,33.900,0.500,0,2740,4126,72.232763265944,1,2516,1305.700
4127,4127,72.250317465944,72.250321299278,3,7147,17,169,0,f8edbd14874dd62d,1402.000,4177.900,37.500,0.800,0,2741,4127,72.250265965944,1,2515,1241.900
4128,4128,72.267819699277,72.267823532611,3,7147,17,166,0,ee5bd7b900a7a585,1529.200,4029.000,36.800,0.800,0,2742,4128,72.267768199277,1,2515,1252.000
4129,4129,72.285322032610,72.285325865944,3,7147,16,155,0,d89a1e895b7b05b9,1432.500,4237.600,34.400,0.400,0,2743,4129,72.285270532610,1,2514,1259.000
4130,4130,72.302824532610,72.302828365944,3,7147,15,139,0,1c7e5b5bb4faacea,1415.800,4036.200,30.800,0.500,0,2744,4130,72.302773032610,1,2514,1288.400
4131,4131,72.320327032610,72.320330865943,3,7147,16,147,0,775ded3caf278b1b,1428.300,4131.900,32.600,0.400,0,2745,4131,72.320275532610,1,2513,1257.100
4132,4132,72.337829599277,72.337833432610,3,7147,16,145,0,49035e2f283c723e,1422.900,4171.800,32.200,0.300,0,2746,4132,72.337778099277,1,2514,1285.100
4133,4133,72.355330832610,72.355334665943,3,7147,15,138,0,cffed721efb3a24f,1409.100,4214.400,30.600,0.400,0,2747,4133,72.355280499276,1,2514,1314.300
4134,4134,72.372833299276,72.372837132610,3,7147,16,145,0,e03ede56ff4e8479,1438.400,4114.400,47.400,0.600,0,2748,4134,72.372782965943,1,2513,1506.500
4135,4135,72.390336199276,72.390340032609,3,7147,17,155,0,414f75ec97b4ff84,1410.800,4115.200,34.300,1.000,0,2749,4135,72.390285865943,1,2512,1541.800
4136,4136,72.407838199276,72.407842032609,3,7147,15,147,0,4502716c708900e1,1432.500,4262.700,33.000,0.700,0,2750,4136,72.407787865943,1,2512,1431.800
4137,4137,72.425340665942,72.425344499276,3,7147,15,147,0,06d4bcff01f2209e,1429.200,4268.100,32.600,0.600,0,2751,4137,72.425290332609,1,2512,1390.100
4138,4138,72.442843199276,72.442847032609,3,7147,13,117,0,50819451ec1bfdb4,1449.200,4237.400,25.900,0.800,0,2752,4138,72.442792865942,1,2512,1656.000
4139,4139,72.460345665942,72.460349499275,3,7147,14,127,0,48a1337f8abb4edc,1577.200,4196.200,28.200,0.400,0,2753,4139,72.460295332609,1,2511,1309.000
4140,4140,72.477848099275,72.477851932609,3,7147,15,141,0,e5ee8167ebed97dc,1411.000,4177.100,31.200,1.100,0,2754,4140,72.477797765942,1,2509,1305.600
4141,4141,72.495350665942,72.495354499275,3,7147,14,122,0,00d180c9dbad36af,1405.300,4084.800,27.100,0.500,0,2755,4141,72.495300332608,1,2509,1296.800
4142,4142,72.512853065942,72.512856899275,3,7147,15,131,0,20df915553762c52,1411.500,4226.500,29.100,0.500,0,2756,4142,72.512802732608,1,2508,1257.200
4143,4143,72.530355832608,72.530359665941,3,7147,17,161,0,f08c4b976ec666a7,1409.700,4047.600,35.700,0.500,0,2757,4143,72.530305499275,1,2507,1254.800
4144,4144,72.547857965941,72.547861799275,3,7147,17,157,0,b728451999dea0bb,1452.100,4138.700,34.800,0.500,0,2758,4144,72.547807632608,1,2507,1394.600
4145,4145,72.565360432608,72.565364265941,3,7147,18,149,0,fb8303e939fcc686,1396.900,4286.700,33.000,0.400,0,2759,4145,72.565310099274,1,2506,1281.100
4146,4146,72.582862999274,72.582866832608,3,7147,15,130,0,bb18b643284319f4,1473.600,4108.800,29.200,0.500,0,2760,4146,72.582812665941,1,2506,1264.300
4147,4147,72.600365432607,72.600369265941,3,7147,16,133,0,83818e5719af532f,1936.500,4344.300,29.500,1.000,0,2761,4147,72.600315099274,1,2504,1477.200
4148,4148,72.617867865940,72.617871699274,3,7147,18,148,0,8dcaa3ef58837ec9,1432.500,4181.000,32.800,0.500,0,2762,4148,72.617817532607,1,2501,1360.800
4149,4149,72.635370399274,72.635374232607,3,7147,18,145,0,135d3fb1e05c52b4,1464.300,4074.500,32.100,0.600,0,2763,4149,72.635320065940,1,2501,1449.700
4150,4150,72.652872765940,72.652876599273,3,7147,18,145,0,f14bc1df6d8ba4bc,1427.000,4177.400,32.100,1.200,0,2764,4150,72.652822432607,1,2500,1444.000
4151,4151,72.670375665940,72.670379499273,3,7147,18,154,0,3368c978750fab8f,1446.400,4165.300,34.100,0.600,0,2765,4151,72.670325332607,1,2499,1591.900
4152,4152,72.687877832606,72.687881665940,3,7147,17,146,0,40911d39f7f7ceb5,1398.600,4050.000,32.400,0.500,0,2766,4152,72.687827499273,1,2500,1396.200
4153,4153,72.705380265940,72.705384099273,3,7147,17,141,0,c390caaebfe48c5e,1411.400,4207.900,31.300,0.300,0,2767,4153,72.705329932606,1,2500,1246.700
4154,4154,72.722882699273,72.722886532606,3,7147,15,133,0,90edaa4366299993,1412.700,4184.700,29.400,0.600,0,2768,4154,72.722832365939,1,2500,1545.000
4155,4155,72.740385165939,72.740388999273,3,7147,18,175,0,ab6bb34c1c9c50e0,1468.500,4081.700,38.800,1.000,0,2769,4155,72.740334832606,1,2497,1369.200
4156,4156,72.757887632606,72.757891465939,3,7147,18,172,0,e41b3192e06e9910,1407.600,4093.500,38.000,0.600,0,2770,4156,72.757837299272,1,2497,1417.100
4157,4157,72.775390099272,72.775393932606,3,7147,18,171,0,b17d566d70a76476,1390.800,4300.100,37.900,1.400,0,2771,4157,72.775339765939,1,2497,1354.200
4158,4158,72.792892532605,72.792896365939,3,7147,20,202,0,daa282a00c0291d2,1406.600,4236.800,44.700,1.000,0,2772,4158,72.792842199272,1,2495,1230.400
4159,4159,72.810395332605,72.810399165939,3,7147,20,197,0,506c9fcaff9bed0d,1445.400,4384.500,43.600,0.600,0,2773,4159,72.810344999272,1,2497,1265.700
4160,4160,72.827897632605,72.827901465938,3,7147,20,196,0,2d3fcf9d29fac763,1458.100,4123.700,43.400,0.500,0,2774,4160,72.827847299272,1,2496,1360.300
4161,4161,72.845400065938,72.845403899272,3,7147,20,195,0,54976553aca25c0f,1510.500,4468.500,43.300,0.500,0,2775,4161,72.845349732605,1,2496,1419.900
4162,4162,72.862903632605,72.862907465938,3,7147,19,185,0,ed17a83987085e28,1471.800,4162.100,41.000,0.500,0,2776,4162,72.862852132605,1,2495,1297.900
4163,4163,72.880406065938,72.880409899271,3,7147,19,181,0,1485e52eec3b1fbe,1482.800,4035.400,40.100,0.400,0,2777,4163,72.880354565938,1,2496,1255.700
4164,4164,72.897908665938,72.897912499271,3,7147,19,181,0,1bbb2492f4c7cc69,1438.300,4057.100,40.100,0.700,0,2778,4164,72.897857165938,1,2496,1242.100
4165,4165,72.915411065938,72.915414899271,3,7147,20,191,0,3cb07c2af6f9e6ea,1443.200,4082.600,42.500,0.400,0,2779,4165,72.915359565938,1,2495,1248.800
4166,4166,72.932913532604,72.932917365937,3,7147,21,198,0,991f03537aa7badb,1407.400,4246.100,43.800,0.400,0,2780,4166,72.932862032604,1,2494,1313.900
4167,4167,72.950416432604,72.950420265937,3,7147,20,193,0,c5f416dad667fb18,1473.500,4149.300,42.700,0.600,0,2781,4167,72.950364932604,1,2494,1499.300
4168,4168,72.967918465937,72.967922299270,3,7147,19,187,0,a5232c89d3d89a24,1394.000,4035.600,41.800,0.400,0,2782,4168,72.967866965937,1,2495,1296.600
4169,4169,72.985421032603,72.985424865937,3,7147,17,162,0,2ecf6613f412172f,1391.400,4074.800,35.900,0.400,0,2783,4169,72.985369532603,1,2494,1249.200
4170,4170,73.002923465937,73.002927299270,3,7147,17,160,0,cfd8fd30883bb581,1454.900,4037.500,35.400,0.800,0,2784,4170,73.002871965937,1,2492,1275.600
4171,4171,73.020425832603,73.020429665936,3,7147,17,157,0,5f85bcc08f26b4d6,1402.000,4150.600,34.800,0.300,0,2785,4171,73.020374332603,1,2493,1266.900
4172,4172,73.037928399270,73.037932232603,3,7147,17,154,0,93d41ec81b1ed0bf,1421.200,4218.800,34.100,0.500,0,2786,4172,73.037876899270,1,2493,1302.300
4173,4173,73.055430799269,73.055434632603,3,7147,18,161,0,c88330c35dd0689d,1416.600,4133.400,40.200,0.300,0,2787,4173,73.055379299269,1,2492,1265.800
4174,4174,73.072933232603,73.072937065936,3,7147,17,145,0,253a18e9dc6fb670,1402.800,4017.200,32.100,0.400,0,2788,4174,73.072881732603,1,2492,1260.200
4175,4175,73.090436132602,73.090439965936,3,7147,17,135,0,913009f5fba0b4a5,1389.800,4110.400,30.000,0.400,0,2789,4175,73.090384632602,1,2490,1826.400
4176,4176,73.107949499269,73.107953332602,3,7147,17,136,0,18d298801ff085a3,1402.000,4019.100,30.100,0.500,0,2790,4176,73.107897999269,1,2489,1270.700
4177,4177,73.125440665935,73.125444499269,3,7147,14,103,0,af3225986e334a01,1377.400,4062.400,22.800,0.400,0,2791,4177,73.125389165935,1,2489,1274.200
4178,4178,73.142943232602,73.142947065935,3,7147,11,71,0,56dfb18a8d7a8d58,1385.800,4060.400,15.700,0.500,0,2792,4178,73.142891732602,1,2490,1349.300
4179,4179,73.160445732602,73.160449565935,3,7147,11,69,0,af9e1d680c123c95,1409.200,4626.600,16.700,0.900,0,2793,4179,73.160394232602,1,2490,1353.600
4180,4180,73.177948199268,73.177952032602,3,7147,10,69,0,270f2de302d0abe3,1429.000,5550.800,15.300,0.500,0,2794,4180,73.177896699268,1,2489,1292.400
4181,4181,73.195450532601,73.195454365935,3,7147,12,88,0,58f847df8900dece,1436.800,4164.800,19.600,0.700,0,2795,4181,73.195399032601,1,2487,1364.500
4182,4182,73.212953165935,73.212956999268,3,7147,13,97,0,a986ceb543548562,1398.800,4014.600,21.500,0.700,0,2796,4182,73.212901665935,1,2486,1264.600
4183,4183,73.230455999268,73.230459832601,3,7147,12,86,0,76be6a9abc3f85ba,1413.000,4016.000,19.100,0.600,0,2797,4183,73.230404499268,1,2485,1262.600
4184,4184,73.247957965934,73.247961799268,3,7147,13,100,0,466654a451697ccb,1385.900,4002.900,22.100,0.500,0,2798,4184,73.247906465934,1,2485,1291.800
4185,4185,73.265460565934,73.265464399267,3,7147,12,91,0,9c65e310d3fd1fd1,1432.900,4039.200,20.200,0.900,0,2799,4185,73.265409065934,1,2485,1408.900
4186,4186,73.282962932600,73.282966765934,3,7147,15,111,0,4e33d4da5ca9cecf,1436.700,4111.600,24.700,0.500,0,2800,4186,73.282911432600,1,2482,1265.400
4187,4187,73.300465365934,73.300469199267,3,7147,15,130,0,b858a34d5bfbe0a7,1405.500,4079.500,28.800,1.000,0,2801,4187,73.300413865934,1,2480,1288.200
4188,4188,73.317967832600,73.317971665933,3,7147,17,141,0,9fe04a18eed12562,1425.700,4020.800,31.300,0.400,0,2802,4188,73.317916332600,1,2478,1268.300
4189,4189,73.335470399267,73.335474232600,3,7147,19,152,0,abb9c7b5fecbdf5b,1409.000,3999.400,33.600,0.300,0,2803,4189,73.335418899267,1,2476,1231.800
4190,4190,73.352972865933,73.352976699266,3,7147,20,162,0,11b5e68dc78a90fb,1397.500,4007.700,35.800,0.400,0,2804,4190,73.352921365933,1,2475,1738.200
4191,4191,73.370475599266,73.370479432600,3,7147,21,160,0,e2386267831d8893,1393.000,4093.000,35.400,0.300,0,2805,4191,73.370424099266,1,2474,1318.900
4192,4192,73.387977765933,73.387981599266,3,7147,22,164,0,ae26b9b7e7064834,1440.500,4097.800,36.300,0.800,0,2806,4192,73.387926265933,1,2472,1245.400
4193,4193,73.405480232599,73.405484065933,3,7147,18,141,0,590052b230c70237,1382.200,4039.200,31.300,0.400,0,2807,4193,73.405428732599,1,2473,1339.800
4194,4194,73.422982732599,73.422986565932,3,7147,20,179,0,143c0b8ea6814edd,1410.800,4013.600,39.600,0.400,0,2808,4194,73.422931232599,1,2471,1259.700
4195,4195,73.440485132599,73.440488965932,3,7147,21,185,0,e2490df27993951b,1411.500,4178.200,41.000,0.500,0,2809,4195,73.440433632599,1,2471,1225.400
4196,4196,73.457987599265,73.457991432599,3,7147,21,192,0,bba7a2fed68dc6f2,1483.900,4081.900,42.500,0.500,0,2810,4196,73.457936099265,1,2470,1370.800
4197,4197,73.475490099265,73.475493932599,3,7147,22,210,0,7bf6c232bd65e291,1411.400,4111.500,47.400,0.500,0,2811,4197,73.475438599265,1,2468,1233.700
4198,4198,73.492992632598,73.492996465932,3,7147,24,228,0,fe878b1023784e0d,1539.800,4384.200,50.500,0.400,0,2812,4198,73.492941132598,1,2467,1279.000
4199,4199,73.510496299265,73.510500132598,3,7147,23,226,0,80718e4bd4aa528b,1403.300,4156.900,50.100,0.800,0,2813,4199,73.510444799265,1,2466,1284.700
4200,4200,73.527997532598,73.528001365931,3,7147,25,230,0,1af43c725cff2ef8,1454.800,4025.900,65.600,0.400,0,2814,4200,73.527946032598,1,2465,1280.700
4201,4201,73.545500032598,73.545503865931,3,7147,19,179,0,cce09dffce678ed3,1399.400,4132.900,39.600,0.300,0,2815,4201,73.545448532598,1,2465,1379.900
4202,4202,73.563002565931,73.563006399264,3,7147,21,201,0,22a08aa2954f92e6,1428.100,4084.000,44.600,0.800,0,2816,4202,73.562951065931,1,2463,1587.300
4203,4203,73.580504899264,73.580508732598,3,7147,21,197,0,94a8c0d4536b2ad2,1486.300,4294.000,43.700,0.700,0,2817,4203,73.580453399264,1,2463,1436.000
4204,4204,73.598007532597,73.598011365931,3,7147,19,187,0,3443450c52dedbbf,1453.600,4137.100,41.500,0.500,0,2818,4204,73.597956032597,1,2463,1397.000
4205,4205,73.615509865931,73.615513699264,3,7147,21,201,0,46202c25acc57af0,1440.700,4146.100,44.500,0.500,0,2819,4205,73.615458365931,1,2460,1372.100
4206,4206,73.633010032597,73.633013865930,3,7147,23,212,0,1a1a1b144cb4b348,1441.200,4282.000,47.000,0.500,0,2820,4206,73.632960865930,1,2458,1263.700
4207,4207,73.650512765930,73.650516599263,3,7147,24,217,0,8713fc1e7ec3688d,1421.200,4034.300,48.000,0.300,0,2821,4207,73.650463599263,1,2458,1292.100
4208,4208,73.668015065930,73.668018899263,3,7147,26,225,0,2364299cd332a242,1418.400,4078.500,49.800,0.400,0,2822,4208,73.667965899263,1,2456,1285.300
4209,4209,73.685517532596,73.685521365930,3,7147,24,222,0,052ed2e6400980b0,1416.800,3991.200,49.100,0.300,0,2823,4209,73.685468365930,1,2455,1399.400
4210,4210,73.703019999263,73.703023832596,3,7147,23,214,0,8c0799660053760f,1409.000,4054.000,47.400,0.500,0,2824,4210,73.702970832596,1,2455,1368.900
4211,4211,73.720522399263,73.720526232596,3,7147,23,215,0,486121ecedfcbef2,1443.500,4384.600,47.900,0.500,0,2825,4211,73.720473232596,1,2454,1333.000
4212,4212,73.738024832596,73.738028665929,3,7147,24,224,0,aeddad968b6a351d,1423.000,4380.800,54.800,0.500,0,2826,4212,73.737975665929,1,2453,1302.800
4213,4213,73.755527299262,73.755531132596,3,7147,24,222,0,1a8c073c62e1672a,1424.500,4123.800,49.200,0.600,0,2827,4213,73.755478132596,1,2454,1475.300
4214,4214,73.773029832596,73.773033665929,3,7147,23,215,0,39308d7750096d1d,1423.700,4128.100,47.600,0.500,0,2828,4214,73.772980665929,1,2454,1284.100
4215,4215,73.790532765929,73.790536599262,3,7147,22,209,0,b034907cc3f4feff,1415.600,4049.100,46.300,0.500,0,2829,4215,73.790483599262,1,2454,1374.700
4216,4216,73.808034732595,73.808038565929,3,7147,21,198,0,b2118ca7fe811573,1387.000,4027.600,43.900,0.300,0,2830,4216,73.807985565929,1,2454,1245.400
4217,4217,73.825537165928,73.825540999262,3,7147,22,210,0,7b813435e25e82af,1391.300,4102.100,46.500,0.400,0,2831,4217,73.825487999262,1,2453,1234.800
4218,4218,73.843039732595,73.843043565928,3,7147,23,228,0,94c4a626d27791c8,1381.900,4000.500,50.500,0.900,0,2832,4218,73.842990565928,1,2452,1878.100
4219,4219,73.860542265928,73.860546099261,3,7147,25,245,0,7a8b5211a2940b87,1418.000,4086.600,54.200,0.500,0,2833,4219,73.860493099261,1,2450,1300.200
4220,4220,73.878044632595,73.878048465928,3,7147,25,248,0,61e7062a76bf59bb,1437.700,4049.300,54.900,0.500,0,2834,4220,73.877995465928,1,2448,1234.200
4221,4221,73.895543632594,73.895547465928,3,7147,25,245,0,f2de24651591d14f,1448.200,4014.300,54.300,0.300,0,2835,4221,73.895497965928,1,2448,1275.200
4222,4222,73.913046165928,73.913049999261,3,7147,25,243,0,8a23d2cf67f68082,1436.300,4118.400,53.900,0.600,0,2836,4222,73.913000499261,1,2449,1259.700
4223,4223,73.930548899261,73.930552732594,3,7147,25,239,0,bce869359d8f8d33,1484.500,4017.600,53.000,0.400,0,2837,4223,73.930503232594,1,2448,1236.800
4224,4224,73.948051099261,73.948054932594,3,7147,25,237,0,d7cc740ec38763f6,1448.300,4091.400,52.500,0.400,0,2838,4224,73.948005432594,1,2448,1249.600
4225,4225,73.965553565927,73.965557399260,3,7147,23,217,0,f53ced0b724dcf9e,1395.400,4103.100,48.100,0.700,0,2839,4225,73.965507899260,1,2449,1487.200
4226,4226,73.983055965927,73.983059799260,3,7147,21,204,0,2056ff34d8bdaf30,1415.300,4135.700,45.200,0.500,0,2840,4226,73.983010299260,1,2449,1320.300
4227,4227,74.000558465927,74.000562299260,3,7147,20,194,0,b1a8db63c05cc69a,1474.300,4220.200,43.000,0.300,0,2841,4227,74.000512799260,1,2450,1284.900
4228,4228,74.018060932593,74.018064765926,3,7147,20,185,0,8b9f32b41236865b,1428.400,4028.800,40.900,0.400,0,2842,4228,74.018015265926,1,2449,1236.300
4229,4229,74.035563465926,74.035567299260,3,7147,22,195,0,f932819f56b872d5,1399.500,4030.200,43.200,0.700,0,2843,4229,74.035517799260,1,2446,1254.500
4230,4230,74.053065932593,74.053069765926,3,7147,19,180,0,df7ef28e760741c5,1412.400,4007.400,39.900,0.300,0,2844,4230,74.053020265926,1,2446,1259.100
4231,4231,74.070568699259,74.070572532593,3,7147,19,179,0,944ce099ec25aedc,1434.100,4024.400,39.700,1.300,0,2845,4231,74.070523032593,1,2446,1345.600
4232,4232,74.088070832592,74.088074665926,3,7147,18,159,0,dae534a467a940ab,1396.800,4084.300,35.200,0.300,0,2846,4232,74.088025165926,1,2445,1325.800
4233,4233,74.105584532592,74.105588365926,3,7147,16,154,0,320093b22ad6ae92,1394.000,4047.900,34.200,0.400,0,2847,4233,74.105538865926,1,2444,1306.400
4234,4234,74.123075799259,74.123079632592,3,7147,15,152,0,47c4bc904de5ea78,1414.500,4110.900,34.200,0.400,0,2848,4234,74.123030132592,1,2444,1469.800
4235,4235,74.140578265925,74.140582099259,3,7147,15,150,0,4f8fcedc73156320,1409.200,4034.300,33.300,0.400,0,2849,4235,74.140532599259,1,2444,1331.700
4236,4236,74.158074865925,74.158078699258,3,7147,17,172,0,ffb2562b8a255142,1434.400,4008.700,38.100,0.400,0,2850,4236,74.158035032592,1,2442,1317.200
4237,4237,74.175577299258,74.175581132592,3,7147,17,170,0,bdbc0241b808bc24,1395.800,4030.600,37.600,0.500,0,2851,4237,74.175537465925,1,2442,1240.500
4238,4238,74.193079865925,74.193083699258,3,7147,17,163,0,19c6ace929473447,1394.200,4062.900,36.100,0.500,0,2852,4238,74.193040032591,1,2442,1250.100
4239,4239,74.210582565925,74.210586399258,3,7147,17,166,0,50d4cc83fa784ded,1397.500,4048.200,36.900,0.500,0,2853,4239,74.210542732591,1,2440,1251.200
4240,4240,74.228084832591,74.228088665924,3,7147,15,148,0,6ad9f41ff1dbdf67,1998.400,4066.300,32.800,0.500,0,2854,4240,74.228044999258,1,2441,1281.900
4241,4241,74.245587232591,74.245591065924,3,7147,16,160,0,c2735d6160f14fea,1465.900,4171.000,35.400,0.500,0,2855,4241,74.245547399258,1,2439,1247.400
4242,4242,74.263089732591,74.263093565924,3,7147,16,155,0,ea8cbe4f1d0244d8,1402.300,4027.700,34.400,0.500,0,2856,4242,74.263049899257,1,2439,1367.900
4243,4243,74.280592099257,74.280595932591,3,7147,15,147,0,faf8af1b5b1bd651,1413.200,4058.500,32.600,0.400,0,2857,4243,74.280552265924,1,2438,1252.100
4244,4244,74.298094565924,74.298098399257,3,7147,16,156,0,624b62a1fe380a8d,1382.100,3961.700,34.600,1.200,0,2858,4244,74.298054732590,1,2437,1263.500
4245,4245,74.315597032590,74.315600865924,3,7147,15,137,0,369060008b29f255,1416.100,4182.700,30.300,0.400,0,2859,4245,74.315557199257,1,2563,1325.600
4246,4246,74.333099532590,74.333103365923,3,7147,12,84,0,9c5e86b8334e2e33,1390.800,4282.800,18.600,0.500,0,2860,4246,74.333059699257,1,2662,1302.700
4247,4247,74.350602532590,74.350606365923,3,7147,14,95,0,a9dafe996141398d,1396.800,4411.900,21.100,0.900,0,2861,4247,74.350562699256,1,2745,1268.100
4248,4248,74.368104499256,74.368108332590,3,7147,9,125,0,b7f9d7db247c0fd2,1380.200,4436.100,27.700,0.500,0,2862,4248,74.368064665923,1,2808,1322.700
4249,4249,74.385607065923,74.385610899256,3,7147,10,121,0,09e9a2de3174113f,1391.200,4417.000,26.800,0.500,0,2863,4249,74.385567232589,1,2848,1596.600
4250,4250,74.403109499256,74.403113332589,3,7147,9,78,0,60d0391cb688c822,1427.800,4541.300,17.300,0.300,0,2864,4250,74.403069665923,1,2890,1246.600
4251,4251,74.420609565922,74.420614765922,3,7147,8,60,0,ea973273b7044cbf,1416.700,4535.400,13.300,0.500,0,2865,4251,74.420572065922,1,2931,1338.600
4252,4252,74.438112132589,74.438117332589,3,7147,12,149,0,0a695d00e6fd2703,1384.300,4597.400,33.000,0.300,0,2866,4252,74.438074632589,1,2967,1225.500
4253,4253,74.455614599255,74.455619799255,3,7147,10,64,0,bae54229683c4604,1419.700,4688.300,14.200,0.500,0,2867,4253,74.455577099255,1,3008,1258.900
4254,4254,74.473116932589,74.473122132589,3,7147,6,75,0,986bcb32d727a58a,1414.900,4690.100,17.000,0.400,0,2868,4254,74.473079432589,1,3067,1308.700
4255,4255,74.490619765922,74.490624965922,3,7147,12,140,0,ab6ecc1463dfecc6,1399.600,4699.300,47.200,0.500,0,2869,4255,74.490582265922,1,3123,1425.500
4256,4256,74.508121965922,74.508127165922,3,7147,12,149,0,d6dc63494784edc5,1443.600,4952.800,33.100,0.600,0,2870,4256,74.508084465922,1,3168,1278.700
4257,4257,74.525624365921,74.525629565921,3,7147,8,97,0,c2862725c62d97d8,1388.600,4780.200,21.500,0.300,0,2871,4257,74.525586865921,1,3203,1235.700
4258,4258,74.543126899255,74.543132099255,3,7147,6,73,0,a8b98c335cb0ce38,1415.900,5052.300,16.200,0.500,0,2872,4258,74.543089399255,1,3235,1346.400
4259,4259,74.560629365921,74.560634565921,3,7147,11,113,0,b82053a9e685c2c4,1645.900,4873.900,25.000,0.500,0,2873,4259,74.560591865921,1,3259,1242.800
4260,4260,74.578131865921,74.578137065921,3,7147,12,140,0,2f8c898fca602789,1436.300,5032.200,31.000,0.400,0,2874,4260,74.578094365921,1,3283,1262.800
4261,4261,74.595634332587,74.595639532587,3,7147,14,162,0,6aabeccf40f8eeb8,1405.900,5088.300,35.900,0.800,0,2875,4261,74.595596832587,1,3295,1338.700
4262,4262,74.613136765921,74.613141965921,3,7147,13,153,0,18b4ce88c6058580,1438.900,4846.200,33.900,0.200,0,2876,4262,74.613099265921,1,3310,1274.200
4263,4263,74.630639632587,74.630644832587,3,7147,12,124,0,c56db402fb062183,1456.100,5040.100,27.500,0.400,0,2877,4263,74.630602132587,1,3321,1315.000
4264,4264,74.648141699254,74.648146899254,3,7147,11,108,0,d67f03e6f2e016cb,1403.600,5008.500,23.900,0.300,0,2878,4264,74.648104199254,1,3326,1223.500
4265,4265,74.665644199253,74.665649399253,3,7147,11,108,0,2d66fe6fee594873,1399.500,5078.500,23.900,0.500,0,2879,4265,74.665606699253,1,3334,1359.600
4266,4266,74.683145532587,74.683151899253,3,7147,11,107,0,61a80e5993d9bb9e,1387.400,4956.400,23.700,0.500,0,2880,4266,74.683109199253,1,3340,1476.300
4267,4267,74.700648032586,74.700654399253,3,7147,11,106,0,b859c23803370ba5,1403.800,5076.200,23.500,0.400,0,2881,4267,74.700611699253,1,3345,1395.300
4268,4268,74.718150399253,74.718156765919,3,7147,11,106,0,42cfa1190f35058f,1487.200,5096.300,23.500,0.700,0,2882,4268,74.718114065919,1,3348,1448.000
4269,4269,74.735652932586,74.735659299253,3,7147,11,104,0,592deb1f2cd1ef67,1466.300,5047.400,23.100,0.600,0,2883,4269,74.735616599253,1,3352,1453.800
4270,4270,74.753155432586,74.753161799252,3,7147,9,82,0,4bd14f3e1e07cbe4,1499.600,5001.400,18.200,0.600,0,2884,4270,74.753119099252,1,3354,1443.600
4271,4271,74.770658132586,74.770664499252,3,7147,10,92,0,d8731b55cda2ccf9,1458.600,5012.000,20.400,0.600,0,2885,4271,74.770621799252,1,3355,1467.100
4272,4272,74.788160299252,74.788166665919,3,7147,10,92,0,aa3ee9bc7eded578,1474.900,4928.900,20.300,1.200,0,2886,4272,74.788123965919,1,3357,1284.900
4273,4273,74.805662732585,74.805669099252,3,7147,9,91,0,2e55e320be9c9f17,1394.800,4866.000,20.200,0.400,0,2887,4273,74.805626399252,1,3357,1336.000
4274,4274,74.823165265918,74.823171632585,3,7147,10,106,0,3c5d30632dbfe7d5,1393.300,4870.900,23.500,0.400,0,2888,4274,74.823128932585,1,3359,1371.200
4275,4275,74.840667732585,74.840674099252,3,7147,10,106,0,826f5c2b172a2d26,1390.700,4907.000,23.500,0.600,0,2889,4275,74.840631399252,1,3359,1281.100
4276,4276,74.858170232585,74.858176599251,3,7147,11,108,0,5b5f69c4fcf6f8ea,1414.900,4929.500,24.000,0.400,0,2890,4276,74.858133899251,1,3360,1341.300
4277,4277,74.875672699251,74.875679065918,3,7147,11,108,0,d4c96b5c96604eb7,1400.200,5041.000,24.000,0.600,0,2891,4277,74.875636365918,1,3362,1593.900
4278,4278,74.893175199251,74.893181565918,3,7147,12,130,0,e441b37cb495b66b,1502.000,4906.800,28.800,0.500,0,2892,4278,74.893138865918,1,3362,1308.500
4279,4279,74.910677999251,74.910684365918,3,7147,12,127,0,e961140661f2e2be,1432.100,5026.100,28.100,0.300,0,2893,4279,74.910641665918,1,3363,1252.300
4280,4280,74.928180099251,74.928186465917,3,7147,14,146,0,c06cb4e0f7a5bdb1,1428.700,4980.700,32.300,0.400,0,2894,4280,74.928143765917,1,3362,1226.500
4281,4281,74.945692999251,74.945696832584,3,7147,14,142,0,42eb698dc8efc4d4,1422.400,4907.000,31.500,0.500,0,2895,4281,74.945646165917,1,3362,1250.100
4282,4282,74.963195499250,74.963199332584,3,7147,15,142,0,5ddccc501fd0158e,1393.500,5090.900,31.500,0.500,0,2896,4282,74.963148665917,1,3360,1611.900
4283,4283,74.980697932584,74.980701765917,3,7147,15,150,0,51642599284c236a,1598.200,5043.200,33.300,0.500,0,2897,4283,74.980651099250,1,3361,1628.300
4284,4284,74.998200465917,74.998204299250,3,7147,15,150,0,54f5a6b26d747ed5,1465.900,4883.700,33.200,0.700,0,2898,4284,74.998153632583,1,3362,1342.900
4285,4285,75.015702899250,75.015706732583,3,7147,15,137,0,ceeb9e94a823f5b3,1411.000,4874.000,30.300,0.500,0,2899,4285,75.015656065917,1,3362,1232.100
4286,4286,75.033205499250,75.033209332583,3,7147,15,135,0,e890caf34edbda09,1408.500,4896.200,29.900,0.500,0,2900,4286,75.033158665916,1,3361,1254.700
4287,4287,75.050708132583,75.050711965916,3,7147,13,125,0,dbe80e6328bd23c7,1461.500,4978.000,27.700,0.500,0,2901,4287,75.050661299249,1,3361,1343.900
4288,4288,75.068210332583,75.068214165916,3,7147,13,124,0,9579d1e8419fb1a6,1431.900,4882.600,27.500,0.400,0,2902,4288,75.068163499249,1,3361,1245.500
4289,4289,75.085712899249,75.085716732582,3,7147,13,125,0,8486bc9fa6f8e0bf,1410.000,4944.400,27.700,0.500,0,2903,4289,75.085666065916,1,3361,1271.300
4290,4290,75.103226565916,75.103230399249,3,7147,12,111,0,7fceb45c1fa73266,1412.200,4870.600,24.600,0.300,0,2904,4290,75.103179732582,1,3362,1239.400
4291,4291,75.120717832582,75.120721665915,3,7147,12,100,0,1902e297a8b76b4c,1400.500,4971.000,22.100,0.500,0,2905,4291,75.120670999249,1,3362,1402.200
4292,4292,75.138220265915,75.138224099249,3,7147,10,96,0,ef80753838db1027,1398.700,4947.100,21.300,0.400,0,2906,4292,75.138173432582,1,3363,1273.600
4293,4293,75.155722799248,75.155726632582,3,7147,11,115,0,4c0fc8439882a341,1412.000,4902.200,25.500,0.500,0,2907,4293,75.155675965915,1,3361,1312.000
4294,4294,75.173225265915,75.173229099248,3,7147,11,108,0,322f3ce52370d68d,1436.000,5031.900,23.900,0.500,0,2908,4294,75.173178432582,1,3360,1313.500
4295,4295,75.190726899248,75.190730732581,3,7147,11,102,0,e9acf2f185e39880,1385.100,4957.800,22.600,0.400,0,2909,4295,75.190681232581,1,3357,1285.900
4296,4296,75.208229032581,75.208232865915,3,7147,11,110,0,f4ae2aeb095a6693,1492.300,5133.200,24.300,1.600,0,2910,4296,75.208183365915,1,3357,1349.900
4297,4297,75.225731399248,75.225735232581,3,7147,11,120,0,b335292aaea9af33,1414.200,5069.500,26.600,0.300,0,2911,4297,75.225685732581,1,3356,1267.100
4298,4298,75.243233865914,75.243237699248,3,7147,12,122,0,692e09ca36d0a17c,1412.100,5277.900,48.000,0.700,0,2912,4298,75.243188199248,1,3356,1379.200
4299,4299,75.260736432581,75.260740265914,3,7147,12,122,0,cde465f94d8d8d62,1427.200,5067.100,27.000,0.400,0,2913,4299,75.260690765914,1,3357,1341.000
4300,4300,75.278238899247,75.278242732581,3,7147,13,121,0,666b3ee07875e527,1395.800,5061.100,27.000,0.400,0,2914,4300,75.278193232581,1,3357,1306.600
4301,4301,75.295741432580,75.295745265914,3,7147,12,116,0,473242eadd155aab,1386.100,4964.400,25.700,0.400,0,2915,4301,75.295695765914,1,3357,1264.100
4302,4302,75.313243832580,75.313247665914,3,7147,11,83,0,1e76b20b32b5f1fa,1416.600,4962.500,18.400,0.400,0,2916,4302,75.313198165914,1,3360,1281.800
4303,4303,75.330746532580,75.330750365913,3,7147,10,78,0,fe81b5ecd324d46d,1404.600,4954.900,17.300,0.400,0,2917,4303,75.330700865913,1,3365,1274.100
4304,4304,75.348248832580,75.348252665913,3,7147,10,78,0,f4bed994c2b43eeb,1403.900,4983.800,17.300,0.300,0,2918,4304,75.348203165913,1,3370,1280.600
4305,4305,75.365751232580,75.365755065913,3,7147,11,79,0,d7ef99a387eb1809,1401.500,5002.900,17.500,0.500,0,2919,4305,75.365705565913,1,3373,1276.300
4306,4306,75.383253699246,75.383257532580,3,7147,9,78,0,a76b22f5531f9abb,1453.600,5135.300,17.300,0.300,0,2920,4306,75.383208032580,1,3378,1310.300
4307,4307,75.400756132579,75.400759965913,3,7147,11,98,0,9d55d8016e9ea10c,1377.100,4929.800,21.800,0.300,0,2921,4307,75.400710465913,1,3381,1264.400
4308,4308,75.418258732579,75.418262565912,3,7147,10,113,0,1cb1bc61b5f94310,1469.300,5055.700,25.100,0.600,0,2922,4308,75.418213065912,1,3388,1322.600
4309,4309,75.435761065912,75.435764899246,3,7147,12,121,0,f354c1c877877b9a,1413.200,4951.300,26.800,0.400,0,2923,4309,75.435715399246,1,3393,1288.400
4310,4310,75.453264732579,75.453268565912,3,7147,13,132,0,f5b834c5cc45646c,1429.500,5112.000,29.200,0.400,0,2924,4310,75.453217899245,1,3401,1264.900
4311,4311,75.470767699245,75.470771532579,3,7147,13,127,0,a3fa79c49f08a771,1450.500,5061.400,28.200,0.400,0,2925,4311,75.470720865912,1,3405,1340.000
4312,4312,75.488269632578,75.488273465912,3,7147,12,133,0,7ccb3c38dda351da,1409.600,5031.900,29.500,0.300,0,2926,4312,75.488222799245,1,3414,1302.700
4313,4313,75.505772199245,75.505776032578,3,7147,12,131,0,41cf3c0005bc632b,1432.500,5003.200,29.000,0.700,0,2927,4313,75.505725365912,1,3422,1590.400
4314,4314,75.523274732578,75.523278565911,3,7147,13,141,0,df9ccdcfa782ad20,1412.600,4982.000,31.200,0.200,0,2928,4314,75.523227899245,1,3430,1436.400
4315,4315,75.540777099245,75.540780932578,3,7147,13,141,0,15a7c9b0626fa0ac,1397.600,4963.000,31.200,0.400,0,2929,4315,75.540730265911,1,3441,1386.100
4316,4316,75.558279665911,75.558283499244,3,7147,8,89,0,cd67993d338278c8,1437.700,5298.400,27.300,0.500,0,2930,4316,75.558232832578,1,3451,1360.800
4317,4317,75.575782132578,75.575785965911,3,7147,7,67,0,abec58f51e892651,1416.800,5249.900,14.800,0.400,0,2931,4317,75.575735299244,1,3462,1255.900
4318,4318,75.593284532577,75.593288365911,3,7147,7,67,0,b0d0be467a259e3b,1419.100,5084.300,14.800,0.400,0,2932,4318,75.593237699244,1,3472,1292.200
4319,4319,75.610787265911,75.610791099244,3,7147,9,88,0,3fed6d4766f776b5,1459.800,5233.600,57.300,0.400,0,2933,4319,75.610740432577,1,3481,1576.800
4320,4320,75.628289532577,75.628293365910,3,7147,9,86,0,3d840b43e50d991e,1423.300,5052.100,19.100,0.400,0,2934,4320,75.628242699244,1,3491,1260.900
4321,4321,75.645792032577,75.645795865910,3,7147,8,161,0,d3d6c0afbc5934de,1461.400,5108.000,35.700,0.700,0,2935,4321,75.645745199244,1,3502,1251.800
4322,4322,75.663294399243,75.663298232577,3,7147,8,152,0,cfa0e6fe65201bc9,1431.400,5123.500,33.700,0.400,0,2936,4322,75.663247565910,1,3513,1243.900
4323,4323,75.680796832577,75.680800665910,3,7147,10,169,0,27ac375b67835804,1470.000,5092.200,37.500,0.400,0,2937,4323,75.680749999243,1,3523,1320.400
4324,4324,75.698299365910,75.698303199243,3,7147,10,175,0,12d792bc04951ee0,1408.300,5296.300,38.800,0.400,0,2938,4324,75.698252532576,1,3535,1260.100
4325,4325,75.715801865910,75.715805699243,3,7147,8,159,0,63fa78fbf3fd854e,1436.200,5139.300,35.200,0.500,0,2939,4325,75.715755032576,1,3547,1270.300
4326,4326,75.733304232576,75.733308065909,3,7147,8,165,0,f02cb18e9d2c0d22,1434.400,5182.000,36.500,0.600,0,2940,4326,75.733257399243,1,3560,1323.300
4327,4327,75.750807165909,75.750810999242,3,7147,7,165,0,d427b0530787c8dc,1461.100,5101.900,36.500,0.400,0,2941,4327,75.750760332576,1,3572,1290.000
4328,4328,75.768309265909,75.768313099242,3,7147,11,193,0,9925436220355606,1391.900,5146.200,42.700,0.400,0,2942,4328,75.768262432576,1,3586,1312.300
4329,4329,75.785811665909,75.785815499242,3,7147,11,198,0,d27e67408b31e9fc,1449.600,5214.200,43.900,0.400,0,2943,4329,75.785764832575,1,3599,1262.500
4330,4330,75.803314265909,75.803318099242,3,7147,10,168,0,7f9771545773c176,1401.500,5164.900,37.200,0.500,0,2944,4330,75.803267432575,1,3614,1473.100
4331,4331,75.820816599242,75.820820432575,3,7147,11,152,0,64c3f9d6ae220173,1407.000,5169.300,33.700,0.300,0,2945,4331,75.820769765908,1,3627,1251.800
4332,4332,75.838319065908,75.838322899242,3,7147,11,143,0,39d30830cc96456b,1389.700,5161.500,31.700,0.300,0,2946,4332,75.838272232575,1,3638,1268.300
4333,4333,75.855821665908,75.855825499241,3,7147,11,141,0,deaad513f60f49be,1432.300,5182.000,35.300,0.500,0,2947,4333,75.855774832575,1,3652,1268.100
4334,4334,75.873323999241,75.873327832575,3,7147,11,136,0,c18f54359a1ab9e2,1434.400,5242.000,31.300,0.600,0,2948,4334,75.873277165908,1,3667,1344.100
4335,4335,75.890826832574,75.890830665908,3,7147,10,128,0,7966f6588f0a00d4,1421.400,5470.700,28.400,1.100,0,2949,4335,75.890779999241,1,3679,1327.900
4336,4336,75.908328965908,75.908332799241,3,7147,11,112,0,f8a16927a2af0ae7,1422.700,5331.900,24.900,0.500,0,2950,4336,75.908282132574,1,3692,1695.200
4337,4337,75.925831432574,75.925835265907,3,7147,10,110,0,436f5eeea83cf2fc,1429.100,5673.700,24.300,0.500,0,2951,4337,75.925784599241,1,3708,1478.000
4338,4338,75.943333999241,75.943337832574,3,7147,9,114,0,55700c662e7f770a,1414.700,5418.400,25.700,0.600,0,2952,4338,75.943287165907,1,3722,1401.100
4339,4339,75.960836465907,75.960840299240,3,7147,9,112,0,6140691941a9cc71,1424.800,5290.700,24.800,0.700,0,2953,4339,75.960789632574,1,3739,1376.400
4340,4340,75.978337699240,75.978341532574,3,7147,10,124,0,84ca7403aedafd55,1415.900,5321.500,27.500,1.500,0,2954,4340,75.978292032574,1,3752,1302.600
4341,4341,75.995840265907,75.995844099240,3,7147,9,107,0,5927a16dd5b689bd,1518.400,5256.900,23.700,0.500,0,2955,4341,75.995794599240,1,3768,1286.400
4342,4342,76.013342699240,76.013346532573,3,7147,8,96,0,009a34a5ee0c907f,1467.600,5257.700,21.300,0.400,0,2956,4342,76.013297032573,1,3785,1264.600
4343,4343,76.030845532573,76.030849365906,3,7147,9,73,0,57c4509221dac54c,1587.600,5336.000,16.100,0.400,0,2957,4343,76.030799865906,1,3798,1321.900
4344,4344,76.048347665906,76.048351499240,3,7147,13,92,0,6b6291ec0d071867,1399.100,5449.400,20.400,0.500,0,2958,4344,76.048301999240,1,3808,1338.300
4345,4345,76.065850132573,76.065853965906,3,7147,12,84,0,a90fbf91ca52eb4b,1491.200,5310.200,18.600,0.300,0,2959,4345,76.065804465906,1,3824,1263.600
4346,4346,76.083352599239,76.083356432573,3,7147,14,115,0,cac61a7409bf9d52,1453.700,5462.400,28.500,0.500,0,2960,4346,76.083306932572,1,3838,1263.000
4347,4347,76.100866265906,76.100870099239,3,7147,15,125,0,b665dec14bcafe31,1415.000,5630.700,27.700,0.500,0,2961,4347,76.100820599239,1,3852,1263.700
4348,4348,76.118357432572,76.118361265905,3,7147,17,139,0,902dec59769722e5,1396.300,5502.500,31.000,0.500,0,2962,4348,76.118311765905,1,3864,1333.600
4349,4349,76.135860032572,76.135863865905,3,7147,17,147,0,c93034bd0a2c249c,1401.900,5417.600,32.700,0.500,0,2963,4349,76.135814365905,1,3869,1238.500
4350,4350,76.153362432572,76.153366265905,3,7147,17,160,0,0d9934f6aa01c0af,1449.200,5535.000,35.500,0.400,0,2964,4350,76.153316765905,1,3871,1258.500
4351,4351,76.170865265905,76.170869099238,3,7147,17,161,0,9c29e93dc59b731a,1399.300,5496.200,35.700,0.300,0,2965,4351,76.170819599238,1,3872,1257.700
4352,4352,76.188367432571,76.188371265905,3,7147,14,129,8,6385f9a637bb1fcb,1402.800,5479.400,28.600,0.400,0,2966,4352,76.188321765905,1,3869,1331.500
4353,4353,76.205869899238,76.205873732571,3,7147,33,267,21,e8378a0da33c7a06,1396.800,5344.500,59.100,0.400,0,2967,4353,76.205824232571,1,3858,1330.300
4354,4354,76.223372365904,76.223376199238,3,7147,46,445,32,44b87630c699c2f4,1429.100,5628.600,98.600,0.400,0,2968,4354,76.223326699238,1,3842,1348.700
4355,4355,76.240874799238,76.240878632571,3,7147,56,532,159,a462a28636398446,1420.300,5440.600,122.700,0.400,0,2969,4355,76.240829132571,1,3834,1257.300
4356,4356,76.258377232571,76.258381065904,3,7147,63,592,238,c1e8271975d6d798,1393.100,5541.700,131.400,0.500,0,2970,4356,76.258331565904,1,3826,1514.300
4357,4357,76.275879732571,76.275883565904,3,7147,72,663,313,72f9fd1a42982f67,1413.700,5678.000,146.800,0.400,0,2971,4357,76.275834065904,1,3820,1290.400
4358,4358,76.293382199237,76.293386032570,3,7147,75,686,363,6d4024ec6c48bc67,1453.500,5637.400,152.200,0.500,0,2972,4358,76.293336532570,1,3818,1287.000
4359,4359,76.310885165904,76.310888999237,3,7147,78,730,417,81a99a2dffc7f99d,1418.300,5566.300,161.500,0.400,0,2973,4359,76.310839499237,1,3815,1284.900
4360,4360,76.328387165903,76.328390999237,3,7147,84,723,447,7309b519f92a72b1,1439.100,5568.900,160.000,0.500,0,2974,4360,76.328341499237,1,3810,1285.800
4361,4361,76.345889699237,76.345893532570,3,7147,90,784,492,6181910b0c3b6620,1422.100,5488.800,173.800,0.300,0,2975,4361,76.345844032570,1,3804,1248.700
4362,4362,76.363392065903,76.363395899236,3,7147,94,819,524,c5235cd0eaa51143,1388.500,5473.700,181.200,0.400,0,2976,4362,76.363346399236,1,3799,1312.100
4363,4363,76.380894565903,76.380898399236,3,7147,97,822,549,6f40f0eae5ed2c6d,1434.000,5701.600,181.800,0.500,0,2977,4363,76.380848899236,1,3796,1377.500
4364,4364,76.398396999236,76.398400832569,3,7147,100,832,569,f75186ce9e452644,1396.200,5557.200,234.300,0.300,0,2978,4364,76.398351332569,1,3794,1269.900
4365,4365,76.415899599236,76.415903432569,3,7147,104,946,583,e3171146471e0f05,1412.000,5805.700,210.100,0.500,0,2979,4365,76.415853932569,1,3789,1338.300
4366,4366,76.433401932569,76.433405765902,3,7147,111,969,600,0d088336d7985606,1452.600,5770.300,214.600,0.400,0,2980,4366,76.433356265902,1,3783,1306.500
4367,4367,76.450904699235,76.450908532569,3,7147,112,958,611,a4ff2e0c0f5a20a2,1402.700,5556.400,212.000,0.400,0,2981,4367,76.450859032569,1,3785,1272.200
4368,4368,76.468406965902,76.468410799235,3,7147,113,939,629,e51fa0bdf9811653,1393.800,5658.000,208.000,0.400,0,2982,4368,76.468361299235,1,3782,1323.600
4369,4369,76.485910565902,76.485914399235,3,7147,114,924,643,af23474c52e141b9,1417.700,5722.600,210.500,0.300,0,2983,4369,76.485863732568,1,3781,1252.900
4370,4370,76.503413065902,76.503416899235,3,7147,120,1099,657,69977ef70b71f8cf,1390.900,6152.500,243.500,0.300,0,2984,4370,76.503366232568,1,3773,1344.700
4371,4371,76.520915532568,76.520919365901,3,7147,121,1079,665,aba23d9c1d2a9171,1410.000,5760.800,239.000,0.400,0,2985,4371,76.520868699235,1,3769,1541.900
4372,4372,76.538417965901,76.538421799235,3,7147,123,1021,674,3b2af77e88c7a867,1390.000,5726.800,225.900,0.500,0,2986,4372,76.538371132568,1,3767,1363.400
4373,4373,76.555920399234,76.555924232568,3,7147,119,969,685,e1828e352e5aafe8,1397.200,5737.700,215.700,0.400,0,2987,4373,76.555873565901,1,3768,1265.900
4374,4374,76.573422899234,76.573426732568,3,7147,121,983,689,bc95c83b329996ff,1411.600,5504.100,224.500,0.500,0,2988,4374,76.573376065901,1,3766,1328.100
4375,4375,76.590925899234,76.590929732567,3,7147,121,989,696,d677d793c7bbcc50,1453.000,5761.000,219.800,0.600,0,2989,4375,76.590879065901,1,3763,1331.900
4376,4376,76.608427799234,76.608431632567,3,7147,124,1020,708,072a6a4f91d55d4f,1405.400,5622.200,225.900,0.500,0,2990,4376,76.608380965901,1,3759,1272.600
4377,4377,76.625930365900,76.625934199234,3,7147,134,1038,714,88ea9ac49d9bfb5f,1410.000,5768.600,239.400,0.600,0,2991,4377,76.625883532567,1,3748,1351.100
4378,4378,76.643432865900,76.643436699234,3,7147,132,1018,719,9b4ebe2256fe74ec,1410.700,5894.700,225.300,0.500,0,2992,4378,76.643386032567,1,3747,1539.100
4379,4379,76.660935365900,76.660939199233,3,7147,135,1026,723,30942ab78c92eb94,1540.500,5797.300,249.900,0.400,0,2993,4379,76.660888532567,1,3742,1277.300
4380,4380,76.678437699233,76.678441532567,3,7147,142,1094,726,e4d55bc0025d95f6,1417.900,5682.300,242.300,0.400,0,2994,4380,76.678390865900,1,3734,1293.300
4381,4381,76.695940265900,76.695944099233,3,7147,151,1100,731,dbeb6d84caa324ce,1474.000,5657.900,243.700,0.300,0,2995,4381,76.695893432566,1,3715,1255.800
4382,4382,76.713442765900,76.713446599233,3,7147,167,1323,735,c4b834cc66406e88,1437.700,5696.000,292.700,0.400,0,2996,4382,76.713395932566,1,3683,1320.400
4383,4383,76.730945465899,76.730949299233,3,7147,163,1220,741,32db7716ba00f0f4,1472.200,5676.000,270.300,0.600,0,2997,4383,76.730898632566,1,3666,1320.400
4384,4384,76.748448265899,76.748451965899,3,7147,169,1365,743,af7c426d9e97f169,1414.500,5741.800,302.300,0.300,0,2998,4384,76.748400765899,1,3640,1315.300
4385,4385,76.765950832566,76.765954532566,3,7147,169,1265,748,ccdc1c3ac34cc663,1415.400,5627.200,280.400,1.000,0,2999,4385,76.765903332566,1,3621,1343.600
4386,4386,76.783453332566,76.783457032565,3,7147,172,1315,750,1faddff8d9fcfded,1395.400,5553.500,291.000,0.500,0,3000,4386,76.783405832566,1,3597,1466.800
4387,4387,76.800955799232,76.800959499232,3,7147,177,1500,750,187339df39e27267,1401.400,5596.500,332.300,0.500,0,3001,4387,76.800908299232,1,3569,1450.600
4388,4388,76.818458199232,76.818461899232,3,7147,172,1315,752,63d467f6daa09ad6,1393.400,5453.800,291.300,0.500,0,3002,4388,76.818410699232,1,3558,1305.400
4389,4389,76.835960699232,76.835964399232,3,7147,176,1418,760,77a8596fec4b88d1,1409.200,5543.100,313.800,0.600,0,3003,4389,76.835913199232,1,3530,1339.700
4390,4390,76.853463132565,76.853466832565,3,7147,185,1603,762,d85c5cab4ba09fad,1427.000,5603.600,354.700,0.500,0,3004,4390,76.853415632565,1,3502,1278.900
4391,4391,76.870965965898,76.870969665898,3,7147,178,1552,765,2e720f62763830ba,1400.300,5633.500,343.400,0.400,0,3005,4391,76.870918465898,1,3490,1344.600
4392,4392,76.888468099231,76.888471799231,3,7147,170,1365,768,d66f7a16ba507ec3,1417.300,5446.000,302.000,0.400,0,3006,4392,76.888420599231,1,3474,1290.700
4393,4393,76.905970599231,76.905974299231,3,7147,172,1406,770,ddc78216bf444750,1426.100,5423.300,311.100,0.500,0,3007,4393,76.905923099231,1,3461,1356.000
4394,4394,76.923473032564,76.923476732564,3,7147,181,1565,771,e31a4c0e8ecdf97b,1395.300,5471.900,347.400,0.400,0,3008,4394,76.923425532564,1,3437,1299.500
4395,4395,76.940975465897,76.940979165897,3,7147,185,1408,773,186cf40f24203274,1419.200,5550.500,317.400,0.600,0,3009,4395,76.940927965897,1,3418,1398.100
4396,4396,76.958477965897,76.958481665897,3,7147,185,1310,784,e1c1722f968e40b4,1401.400,5427.900,290.200,0.700,0,3010,4396,76.958430465897,1,3400,1308.800
4397,4397,76.975980499230,76.975984199230,3,7147,194,1453,786,8736a07dd7f432d2,1383.200,5540.500,326.200,0.300,0,3011,4397,76.975932999230,1,3370,1352.000
4398,4398,76.993482832563,76.993486532563,3,7147,203,1579,788,f4a04551e16639d1,1426.000,5474.700,356.700,0.400,0,3012,4398,76.993435332563,1,3348,1300.800
4399,4399,77.010983265897,77.010986965897,3,7147,207,1545,792,03f5f7a33dd67ca0,1387.900,5577.300,352.900,0.400,0,3013,4399,77.010938099230,1,3320,1361.300
4400,4400,77.028485432563,77.028489132563,3,7147,208,1607,794,8418fe5fd4125952,1454.200,5371.200,355.700,0.300,0,3014,4400,77.028440265896,1,3296,1291.700
4401,4401,77.045987965896,77.045991665896,3,7147,206,1554,798,c86e75c5f093f665,1429.800,5518.400,345.300,1.000,0,3015,4401,77.045942799230,1,3269,1442.400
4402,4402,77.063490465896,77.063494165896,3,7147,204,1545,801,70180c4a55b647a4,1468.200,5597.000,342.500,0.500,0,3016,4402,77.063445299229,1,3244,1417.300
4403,4403,77.080992899229,77.080996599229,3,7147,199,1587,806,e35c1c1df31c9d8f,1439.100,5376.300,351.700,0.600,0,3017,4403,77.080947732563,1,3228,1700.600
4404,4404,77.098506699229,77.098510399229,3,7147,190,1473,813,f8ae53d791ecac91,1415.900,5409.900,326.700,0.500,0,3018,4404,77.098461532562,1,3212,1435.200
4405,4405,77.115997865896,77.116001565896,3,7147,199,1549,817,b086c7951a22bd55,1452.300,5314.400,375.900,0.600,0,3019,4405,77.115952699229,1,3189,1412.200
4406,4406,77.133500332562,77.133504032562,3,7147,199,1535,817,3a0219a7c988aa77,1429.500,5195.300,345.700,0.500,0,3020,4406,77.133455165895,1,3174,1297.700
4407,4407,77.151003265895,77.151006965895,3,7147,197,1511,819,84e950505213f807,1476.400,5337.500,345.200,0.500,0,3021,4407,77.150958099228,1,3161,1486.300
4408,4408,77.168505232562,77.168508932562,3,7147,195,1579,822,91e738d7a969f3fa,1405.300,5233.900,350.200,0.400,0,3022,4408,77.168460065895,1,3144,1480.500
4409,4409,77.186007699228,77.186011399228,3,7147,204,1562,826,2fe3e5d899e272f7,1408.200,5109.900,346.000,0.500,0,3023,4409,77.185962532561,1,3122,1309.700
4410,4410,77.203510265895,77.203513965895,3,7147,211,1538,829,cf4a717b53bbe686,1406.500,5108.500,340.700,0.400,0,3024,4410,77.203465099228,1,3105,1320.700
4411,4411,77.221012732561,77.221016432561,3,7147,221,1575,840,776c3b7190c0f03e,1404.000,5226.100,355.000,0.700,0,3025,4411,77.220967565894,1,3087,1493.700
4412,4412,77.238515165894,77.238518865894,3,7147,216,1571,841,19e70a370878fbf7,1409.400,5102.800,347.700,0.700,0,3026,4412,77.238469999228,1,3072,1343.100
4413,4413,77.256017599227,77.256021299227,3,7147,222,1625,844,08f8830d6e7172cc,1431.700,5140.700,360.500,0.500,0,3027,4413,77.255972432561,1,3053,1400.700
4414,4414,77.273515399227,77.273519099227,3,7147,218,1609,845,265f26e387264f98,1421.800,5151.400,357.600,0.300,0,3028,4414,77.273474899227,1,3035,1347.500
4415,4415,77.291018232560,77.291021932560,3,7147,225,1684,849,d34b37ba34f9d15c,1412.600,5074.600,377.900,0.600,0,3029,4415,77.290977732560,1,3015,1318.400
4416,4416,77.308520332560,77.308524032560,3,7147,236,1744,850,681f08f82a6fa905,1426.700,5137.200,387.400,0.600,0,3030,4416,77.308479832560,1,2974,1294.700
4417,4417,77.326022832560,77.326026532560,3,7147,244,1861,856,d03668ff7bc46fc8,1398.900,5057.300,413.200,0.500,0,3031,4417,77.325982332560,1,2923,1284.000
4418,4418,77.343525332560,77.343529032560,3,7147,241,1823,860,2e30963af2685fa9,1407.300,5077.600,404.400,0.500,0,3032,4418,77.343484832560,1,2893,1278.800
4419,4419,77.361027799226,77.361031499226,3,7147,256,1917,866,55ca7f7d80606e89,1407.300,4960.200,435.800,0.500,0,3033,4419,77.360987299226,1,2844,1388.200
4420,4420,77.378530232560,77.378533932560,3,7147,284,2165,866,18283e14b4ae3161,1447.300,5065.700,502.200,0.600,0,3034,4420,77.378489732560,1,2805,1271.900
4421,4421,77.396032665893,77.396036365893,3,7147,280,2007,871,9ac5a34a3d97ac62,1414.300,5027.500,451.700,0.500,0,3035,4421,77.395992165893,1,2791,1289.100
4422,4422,77.413535265893,77.413538965893,3,7147,252,1831,873,814caae2fa94c68c,1457.800,4918.300,406.000,0.300,0,3036,4422,77.413494765893,1,2777,1287.900
4423,4423,77.431038099226,77.431041799226,3,7147,222,1589,876,ad7e07cdd19fb4e1,1442.800,4831.400,352.100,0.400,0,3037,4423,77.430997599226,1,2768,1259.900
4424,4424,77.448540132559,77.448543832559,3,7147,204,1457,878,3bdca319ae84f5e9,1389.100,4945.000,323.100,0.500,0,3038,4424,77.448499632559,1,2747,1443.400
4425,4425,77.466042565892,77.466046265892,3,7147,209,1438,880,ca9cde1072b4fbeb,1398.600,4783.300,318.400,0.300,0,3039,4425,77.466002065892,1,2726,1300.300
4426,4426,77.483545165892,77.483548865892,3,7147,203,1364,884,adab368a6c111236,1387.600,4687.800,302.600,0.300,0,3040,4426,77.483504665892,1,2709,1261.800
4427,4427,77.501048365892,77.501052065892,3,7147,206,1391,889,bc7ae4b3d6086460,1397.100,4585.400,356.000,0.900,0,3041,4427,77.501007865892,1,2686,1309.100
4428,4428,77.518550032558,77.518553732558,3,7147,202,1315,889,129b65ad1ee1b15d,1409.400,4658.500,291.900,0.300,0,3042,4428,77.518509532558,1,2663,1270.000
4429,4429,77.536051299225,77.536054999225,3,7147,197,1274,892,ca1559708f32a252,1451.200,4636.200,304.500,0.500,0,3043,4429,77.536011965891,1,2644,1318.500
4430,4430,77.553553899224,77.553557599224,3,7147,203,1291,895,f3aba5c7dc740ad2,1429.900,4561.000,285.900,0.400,0,3044,4430,77.553514565891,1,2618,1338.300
4431,4431,77.571056532558,77.571060232558,3,7147,200,1271,898,b1208b05b1d594c2,1455.900,4622.400,362.000,0.300,0,3045,4431,77.571017199224,1,2610,1304.100
4432,4432,77.588558699224,77.588562399224,3,7147,199,1264,899,3960194c1dffe7b2,1425.700,4701.400,279.600,0.300,0,3046,4432,77.588519365891,1,2607,1324.100
4433,4433,77.606061199224,77.606064899224,3,7147,202,1334,899,1753be06efcb45f2,1399.100,4597.200,295.400,0.400,0,3047,4433,77.606021865891,1,2596,1401.400
4434,4434,77.623563632557,77.623567332557,3,7147,195,1273,903,919475bae257b8ed,1392.500,4478.100,281.600,0.400,0,3048,4434,77.623524299224,1,2589,1380.400
4435,4435,77.641066099224,77.641069799224,3,7147,203,1334,913,f47df379464caa95,1539.300,4621.900,296.100,0.400,0,3049,4435,77.641026765890,1,2575,1425.800
4436,4436,77.658568632557,77.658572332557,3,7147,209,1391,914,e51ce80f298b692d,1381.700,4627.900,499.400,0.600,0,3050,4436,77.658529299223,1,2567,1471.100
4437,4437,77.676071099223,77.676074799223,3,7147,213,1414,914,55791022df4ed39f,1427.500,4506.900,312.900,0.300,0,3051,4437,77.676031765890,1,2553,1275.800
4438,4438,77.693573665890,77.693577365890,3,7147,209,1379,914,5dfc0f07ea90d551,1391.900,4646.600,306.000,0.400,0,3052,4438,77.693534332556,1,2547,1267.800
4439,4439,77.711076565890,77.711080265890,3,7147,206,1340,918,994d0e1fce7ba76b,1406.200,4614.200,296.700,0.300,0,3053,4439,77.711037232556,1,2543,1271.600
4440,4440,77.728578499223,77.728582199223,3,7147,206,1340,919,8c258a45a821fbca,1846.200,4528.400,297.600,0.600,0,3054,4440,77.728539165889,1,2533,1419.500
4441,4441,77.746080999223,77.746084699223,3,7147,204,1328,927,d92d52318e69f064,1460.400,4534.700,294.200,0.500,0,3055,4441,77.746041665889,1,2527,1349.100
4442,4442,77.763583532556,77.763587232556,3,7147,199,1305,928,c0ada9b082b10592,1449.700,4513.400,289.400,0.600,0,3056,4442,77.763544199222,1,2521,1330.300
4443,4443,77.781084732556,77.781089132556,3,7147,203,1322,935,e9563ee8a9061d05,1409.500,4494.600,293.200,0.600,0,3057,4443,77.781046565889,1,2514,1532.900
4444,4444,77.798587265889,77.798591665889,3,7147,205,1417,937,a92efe3699a1daf6,1410.700,4445.600,313.500,0.400,0,3058,4444,77.798549099222,1,2509,1272.500
4445,4445,77.816089799222,77.816094199222,3,7147,204,1411,936,8bd353ded1f6cb71,1400.800,4542.800,312.200,0.300,0,3059,4445,77.816051632555,1,2502,1264.500
4446,4446,77.833592199222,77.833596599222,3,7147,205,1428,939,d1e75f05ebab3d47,1407.900,4393.200,315.900,0.900,0,3060,4446,77.833554032555,1,2498,1300.200
4447,4447,77.851094999221,77.851099399221,3,7147,205,1448,939,8e4f996dd9854617,1417.800,4341.700,320.400,0.400,0,3061,4447,77.851056832555,1,2494,1231.800
4448,4448,77.868597132555,77.868601532555,3,7147,205,1425,940,3f59c05a86d436ce,1383.400,4404.400,315.300,0.300,0,3062,4448,77.868558965888,1,2489,1268.700
4449,4449,77.886099532554,77.886103932554,3,7147,208,1460,941,f34666e3eedfc952,1439.300,4592.400,323.000,0.600,0,3063,4449,77.886061365888,1,2482,1339.600
4450,4450,77.903602132554,77.903606532554,3,7147,207,1462,942,bfad207700e7860d,1408.800,4557.200,324.200,0.400,0,3064,4450,77.903563965888,1,2480,1328.100
4451,4451,77.921104599221,77.921108999221,3,7147,209,1462,943,369ae6c2c28b2d54,1413.600,4321.400,327.800,0.300,0,3065,4451,77.921066432554,1,2475,1284.800
4452,4452,77.938607065887,77.938611465887,3,7147,209,1460,943,56fa8c4530beca8a,1380.900,4330.100,323.000,0.900,0,3066,4452,77.938568899221,1,2468,1331.100
4453,4453,77.956109532554,77.956113932554,3,7147,208,1448,945,52e19ee058300d99,1416.300,4361.600,372.100,1.000,0,3067,4453,77.956071365887,1,2466,1362.800
4454,4454,77.973611965887,77.973616365887,3,7147,213,1470,945,926306f27cd5ec64,1403.200,4533.900,326.000,0.400,0,3068,4454,77.973573799220,1,2458,1450.700
4455,4455,77.991114932553,77.991119332553,3,7147,210,1428,945,4c5402f7878a5423,1412.400,4376.100,315.900,0.500,0,3069,4455,77.991076765887,1,2459,1443.600
4456,4456,78.008616865887,78.008621265887,3,7147,209,1386,946,aaa849d9cdbff039,1406.300,4570.300,307.600,0.700,0,3070,4456,78.008578699220,1,2458,1263.300
4457,4457,78.026119365886,78.026123765886,3,7147,210,1376,946,963b19b04f3d2d03,1498.300,4335.200,309.900,0.300,0,3071,4457,78.026081199220,1,2455,1316.700
4458,4458,78.043615965886,78.043626199220,3,7147,211,1377,946,4bbc070c93931c2f,1447.300,4392.200,345.400,0.400,0,3072,4458,78.043583632553,1,2452,1256.900
4459,4459,78.061118565886,78.061128799219,3,7147,210,1368,945,204bec9c7271cbf1,1443.800,4430.700,302.800,0.700,0,3073,4459,78.061086232553,1,2449,1598.400
4460,4460,78.078621032553,78.078631265886,3,7147,209,1322,944,d9ebb68e6859ba6e,1435.800,4449.700,292.800,0.300,0,3074,4460,78.078588699219,1,2448,1311.500
4461,4461,78.096134799219,78.096145032552,3,7147,211,1340,942,f3be6b9f964e8e8d,1440.300,4417.400,296.700,1.900,0,3075,4461,78.096102465886,1,2444,1555.400
4462,4462,78.113625965886,78.113636199219,3,7147,210,1325,941,8b46ce9885875267,1418.300,4374.300,293.200,0.500,0,3076,4462,78.113593632552,1,2444,1270.000
4463,4463,78.131128699219,78.131138932552,3,7147,208,1300,941,f92c87daa9b552b7,1433.600,4420.300,288.200,0.400,0,3077,4463,78.131096365885,1,2443,1348.700
4464,4464,78.148630865885,78.148641099219,3,7147,206,1288,941,2dc09567c6d3dc15,1401.500,4380.100,285.000,0.500,0,3078,4464,78.148598532552,1,2442,1282.600
4465,4465,78.166133365885,78.166143599218,3,7147,207,1290,940,01068cf788a6925e,1405.900,4400.300,285.900,0.300,0,3079,4465,78.166101032552,1,2439,1267.400
4466,4466,78.183635832552,78.183646065885,3,7147,208,1308,940,0b4ab6d32c66525d,1417.000,4457.600,289.400,0.300,0,3080,4466,78.183603499218,1,2436,1268.800
4467,4467,78.201138232551,78.201148465885,3,7147,207,1324,940,462e6f010f529e71,1408.800,4254.600,292.900,0.500,0,3081,4467,78.201105899218,1,2435,1277.900
4468,4468,78.218640665884,78.218650899218,3,7147,207,1321,938,8864fb15102c7432,1434.300,4331.300,293.600,0.500,0,3082,4468,78.218608332551,1,2433,1404.700
4469,4469,78.236143165884,78.236153399218,3,7147,212,1384,938,f38b24ecf4fd4420,1461.800,4442.900,307.200,0.500,0,3083,4469,78.236110832551,1,2427,1395.900
4470,4470,78.253645599217,78.253655832551,3,7147,215,1394,938,c36737e174715848,1427.100,4347.900,311.700,0.500,0,3084,4470,78.253613265884,1,2423,1374.500
4471,4471,78.271148599217,78.271158832551,3,7147,215,1405,938,489dc7e8349889ff,1410.800,4333.100,310.900,0.500,0,3085,4471,78.271116265884,1,2420,1413.500
4472,4472,78.288650532550,78.288660765884,3,7147,219,1416,939,7b4ed239c3609403,1428.200,4331.500,313.900,0.800,0,3086,4472,78.288618199217,1,2416,1334.500
4473,4473,78.306167532550,78.306171365884,3,7147,222,1416,938,44f0b2269e54523e,1414.200,4266.700,321.300,0.400,0,3087,4473,78.306120699217,1,2412,1384.000
4474,4474,78.323669999217,78.323673832550,3,7147,220,1380,939,69d8ff04e13014cf,1388.200,4282.000,316.800,0.500,0,3088,4474,78.323623165883,1,2412,1333.200
4475,4475,78.341172565883,78.341176399217,3,7147,221,1405,937,68cab46042a4f789,1402.100,4290.100,311.300,0.400,0,3089,4475,78.341125732550,1,2408,1482.700
4476,4476,78.358674965883,78.358678799216,3,7147,221,1393,938,65d1e745eed903cc,1388.900,4356.200,308.500,0.400,0,3090,4476,78.358628132550,1,2406,1316.200
4477,4477,78.376177465883,78.376181299216,3,7147,219,1362,938,7edfc75e12a65f5c,1404.000,4426.300,318.700,0.400,0,3091,4477,78.376130632550,1,2404,1303.800
4478,4478,78.393679965883,78.393683799216,3,7147,219,1369,938,e5a66ab39ef2be7c,1430.100,4311.000,302.900,0.400,0,3092,4478,78.393633132549,1,2402,1312.100
4479,4479,78.411182699216,78.411186532549,3,7147,213,1338,937,3d70db0e6c70b868,1395.800,4232.900,296.700,0.600,0,3093,4479,78.411135865883,1,2401,1318.500
4480,4480,78.428684832549,78.428688665882,3,7147,215,1348,936,46c7582d586d7947,1403.400,4276.900,298.300,0.400,0,3094,4480,78.428637999216,1,2395,1278.400
4481,4481,78.446187299216,78.446191132549,3,7147,215,1351,934,95db02631c00796c,1398.200,4329.600,299.200,0.300,0,3095,4481,78.446140465882,1,2393,1278.500
4482,4482,78.463689865882,78.463693699215,3,7147,214,1330,934,87b416097322ad3b,1453.200,4464.700,295.100,0.400,0,3096,4482,78.463643032549,1,2391,1354.300
4483,4483,78.481192265882,78.481196099215,3,7147,214,1328,934,e1eded4fef7d2e73,1476.000,4361.900,294.300,0.400,0,3097,4483,78.481145432549,1,2391,1285.000
4484,4484,78.498694832548,78.498698665882,3,7147,215,1328,934,af2afe2d6bed6bbc,1427.100,4418.300,299.400,0.400,0,3098,4484,78.498647999215,1,2390,1321.800
4485,4485,78.516197265882,78.516201099215,3,7147,217,1387,934,701966443f73c77f,1434.700,4314.300,306.900,0.300,0,3099,4485,78.516150432548,1,2387,1323.500
4486,4486,78.533699699215,78.533703532548,3,7147,218,1392,934,715ae1298494cc99,1384.400,4433.600,309.100,0.400,0,3100,4486,78.533652865881,1,2386,1352.000
4487,4487,78.551202532548,78.551206365881,3,7147,217,1375,935,f9e9abad0afd9aba,1397.600,4331.900,304.200,0.300,0,3101,4487,78.551155699214,1,2385,1276.200
4488,4488,78.568705899214,78.568709732548,3,7147,214,1346,933,42eba21ac2e63aaf,1387.800,4383.600,298.200,0.500,0,3102,4488,78.568657899214,1,2383,1608.400
4489,4489,78.586208232547,78.586212065881,3,7147,215,1349,933,480792757ad38426,1422.600,4318.600,308.500,0.400,0,3103,4489,78.586160232547,1,2382,1329.300
4490,4490,78.603710699214,78.603714532547,3,7147,215,1335,934,0882ff0806c7e9f1,1422.400,4330.300,295.500,0.300,0,3104,4490,78.603662699214,1,2380,1330.900
4491,4491,78.621213199214,78.621217032547,3,7147,216,1342,934,6c59e330c0a7fb95,1455.600,4248.200,301.700,0.300,0,3105,4491,78.621165199214,1,2378,1295.800
4492,4492,78.638715699214,78.638719532547,3,7147,216,1337,933,8276905f407467ac,1390.900,4373.500,296.100,0.200,0,3106,4492,78.638667699214,1,2376,1403.400
4493,4493,78.656218099213,78.656221932547,3,7147,213,1304,933,a5e65f7756cee150,1377.700,4372.100,288.600,0.400,0,3107,4493,78.656170099213,1,2375,1469.900
4494,4494,78.673720632547,78.673724465880,3,7147,208,1280,932,ba0c66fcb0cecd2e,1432.000,4391.200,283.200,0.300,0,3108,4494,78.673672632547,1,2375,1304.300
4495,4495,78.691223432546,78.691227265880,3,7147,205,1250,932,2ad34a94993dc066,1457.200,4297.900,276.800,0.500,0,3109,4495,78.691175432546,1,2372,1399.400
4496,4496,78.708725599213,78.708729432546,3,7147,207,1290,932,b6380c7cc7dc5217,1443.200,4602.000,285.600,0.500,0,3110,4496,78.708677599213,1,2369,1358.700
4497,4497,78.726228032546,78.726231865879,3,7147,204,1273,930,ea23125ed11a4c8c,1429.900,4419.100,282.200,0.500,0,3111,4497,78.726180032546,1,2369,1314.600
4498,4498,78.743730565879,78.743734399213,3,7147,198,1248,928,002596d35822f9df,1420.900,4361.400,276.300,0.400,0,3112,4498,78.743682565879,1,2369,1315.400
4499,4499,78.761232965879,78.761236799212,3,7147,197,1218,927,4f9ebdf20095302a,1697.400,4323.700,270.400,0.500,0,3113,4499,78.761184965879,1,2368,1344.000
4500,4500,78.778735465879,78.778739299212,3,7147,201,1245,927,6adf9a5acf40e470,1537.700,4366.800,275.600,0.500,0,3114,4500,78.778687465879,1,2363,1286.000
4501,4501,78.796237899212,78.796241732545,3,7147,207,1356,925,aa53b550f5c812c4,1458.500,4383.000,300.800,0.400,0,3115,4501,78.796189899212,1,2355,1348.800
4502,4502,78.813741665879,78.813745499212,3,7147,205,1343,922,008dafb8091b7cce,1442.600,4332.100,297.200,0.800,0,3116,4502,78.813692499212,1,2356,1390.800
4503,4503,78.831244532545,78.831248365878,3,7147,204,1331,922,28ca277ddaef3818,1392.300,4321.800,294.400,0.300,0,3117,4503,78.831195365878,1,2356,1294.700
4504,4504,78.848746499212,78.848750332545,3,7147,206,1343,921,dfa9e7d6d351f254,1452.700,4478.400,297.900,0.400,0,3118,4504,78.848697332545,1,2354,1290.500
4505,4505,78.866249065878,78.866252899211,3,7147,207,1341,921,7c681a6d86b63c52,1450.000,4233.100,296.700,0.500,0,3119,4505,78.866199899211,1,2353,1305.100
4506,4506,78.883751399211,78.883755232545,3,7147,206,1337,921,c6771ef4b85d9731,1406.800,4181.500,301.800,0.400,0,3120,4506,78.883702232544,1,2353,1268.300
4507,4507,78.901253865878,78.901257699211,3,7147,205,1309,921,72e8134623642ee2,1419.300,4345.500,343.400,0.400,0,3121,4507,78.901204699211,1,2350,1287.200
4508,4508,78.918756432544,78.918760265877,3,7147,219,1269,1008,92b299b4304c30b9,1442.800,4108.400,280.700,0.200,0,3122,4508,78.918707265877,1,2241,1380.500
4509,4509,78.936258899211,78.936262732544,3,7147,237,1367,1069,129ec285805ca394,1430.500,4250.500,302.600,0.500,0,3123,4509,78.936209732544,1,2187,1550.700
4510,4510,78.953761432544,78.953765265877,3,7147,254,1314,1133,f930bc6b3dbb48a0,1457.000,4203.700,290.800,0.300,0,3124,4510,78.953712265877,1,2150,1256.900
4511,4511,78.971264065877,78.971267899210,3,7147,264,1349,1189,ac82a99815fa6f1a,1418.600,4228.600,310.100,0.600,0,3125,4511,78.971214899210,1,2120,1326.900
4513,4513,79.006268799210,79.006272632543,3,7147,287,1488,1298,8a3063321cc6b6d0,1484.200,4148.800,339.800,0.400,0,3126,4513,79.006219632543,1,2069,1332.300
4514,4514,79.023771165876,79.023774999210,3,7147,306,1630,1331,913f1e9f701106e3,1412.600,4029.100,362.800,0.400,0,3127,4514,79.023721999210,1,2025,1330.900
4515,4515,79.041273699210,79.041277532543,3,7147,313,1708,1371,ffc50093fa7d65f5,1388.600,4045.200,378.000,0.300,0,3128,4515,79.041224532543,1,1956,1302.100
4516,4516,79.058776232543,79.058780065876,3,7147,321,1777,1395,6ebb298ef1827876,1404.700,4113.800,393.600,0.900,0,3129,4516,79.058727065876,1,1894,1721.900
4517,4517,79.076278599209,79.076282432543,3,7147,319,1744,1420,40e71232a708a27b,1465.000,3896.600,386.100,0.400,0,3130,4517,79.076229432543,1,1850,1389.400
4518,4518,79.093791232542,79.093795065876,3,7147,317,1750,1436,0074ead29dba9dc8,1407.800,3867.100,387.400,0.600,0,3131,4518,79.093743232542,1,1815,1284.500
4519,4519,79.111282932542,79.111286765876,3,7147,319,1761,1450,7da10798e1acee39,1389.900,4034.100,437.600,0.500,0,3132,4519,79.111234932542,1,1786,1481.500
4520,4520,79.128784865875,79.128788699209,3,7147,321,1761,1461,24e003614f46b73d,1418.900,3843.800,396.900,0.400,0,3133,4520,79.128736865875,1,1760,1275.200
4521,4521,79.146287365875,79.146291199209,3,7147,323,1776,1467,2511c1d395820b51,1406.300,3976.200,393.000,1.100,0,3134,4521,79.146239365875,1,1740,1270.100
4522,4522,79.163789865875,79.163793699208,3,7147,322,1764,1473,2534c785ab8b72b0,1442.800,3866.200,391.700,0.300,0,3135,4522,79.163741865875,1,1722,1289.400
4523,4523,79.181292365875,79.181296199208,3,7147,325,1795,1485,417c75024965ac6e,1421.200,3821.000,402.300,0.500,0,3136,4523,79.181244365875,1,1708,1501.300
4524,4524,79.198794865875,79.198798699208,3,7147,324,1796,1489,4c38eb25a550872f,1415.200,3767.200,402.500,0.500,0,3137,4524,79.198746865875,1,1696,1636.400
4525,4525,79.216297332541,79.216301165874,3,7147,324,1789,1490,d8a9086b6e5230ed,1413.000,3767.300,396.300,0.400,0,3138,4525,79.216249332541,1,1687,1461.200
4526,4526,79.233799699208,79.233803532541,3,7147,324,1782,1491,35fc4b41dfa9c033,1415.000,4119.000,395.900,0.700,0,3139,4526,79.233751699208,1,1679,1313.700
4527,4527,79.251302499207,79.251306332541,3,7147,323,1768,1491,93885715f0fae0e4,1476.400,3765.800,391.200,0.400,0,3140,4527,79.251254499207,1,1672,1369.800
4528,4528,79.268804632541,79.268808465874,3,7147,324,1769,1491,a2fe23330a40b7ba,1480.700,3911.300,392.200,0.500,0,3141,4528,79.268756632541,1,1666,1370.100
4529,4529,79.286307199207,79.286311032540,3,7147,324,1771,1491,8622fd0e5a434978,1496.000,3886.000,397.800,0.600,0,3142,4529,79.286259199207,1,1660,1321.100
4530,4530,79.303809565874,79.303813399207,3,7147,321,1748,1492,032dde8b9f53e898,1539.500,3737.300,392.400,0.600,0,3143,4530,79.303761565874,1,1655,1369.800
4531,4531,79.321312165873,79.321315999207,3,7147,321,1758,1492,75aa2c67f081f85d,1476.000,3736.400,388.900,0.400,0,3144,4531,79.321264165873,1,1650,1446.900
4532,4532,79.338813365873,79.338817199207,3,7147,322,1756,1492,4cf376a1740d5bdf,1445.100,3728.600,398.400,0.500,0,3145,4532,79.338766532540,1,1645,1418.600
4533,4533,79.356315899206,79.356319732540,3,7147,323,1759,1491,0bb4dd22b26df83f,1433.600,3730.400,390.300,1.300,0,3146,4533,79.356269065873,1,1640,1321.400
4534,4534,79.373818265873,79.373822099206,3,7147,322,1748,1489,52388ea698819245,1481.100,3791.400,392.500,1.300,0,3147,4534,79.373771432540,1,1637,1630.700
4535,4535,79.391321165873,79.391324999206,3,7147,323,1760,1489,0bd090b5b3428fdf,1415.300,3819.900,397.400,0.500,0,3148,4535,79.391274332539,1,1632,1442.400
4536,4536,79.408823265873,79.408827099206,3,7147,323,1757,1489,1ef06c9118e23225,1435.800,3908.700,395.800,0.600,0,3149,4536,79.408776432539,1,1630,1407.200
4537,4537,79.426325765872,79.426329599206,3,7147,324,1767,1490,65b9e514c377b511,1414.000,3884.600,392.400,0.500,0,3150,4537,79.426278932539,1,1625,1426.300
4538,4538,79.443828232539,79.443832065872,3,7147,323,1787,1490,eb6cf1bc5376ca5e,1436.000,3922.500,404.500,0.500,0,3151,4538,79.443781399206,1,1620,1502.900
4539,4539,79.461330665872,79.461334499205,3,7147,325,1797,1490,2f102bafe0252426,1409.100,3778.900,398.000,0.400,0,3152,4539,79.461283832539,1,1616,1336.300
4540,4540,79.478833232539,79.478837065872,3,7147,325,1792,1489,2d2ca8079ea9f9a7,1448.600,3933.600,412.500,0.500,0,3153,4540,79.478786399205,1,1613,1640.400
4541,4541,79.496335565872,79.496339399205,3,7147,327,1805,1489,5c252d74d14b47ae,1458.200,3852.000,400.800,0.600,0,3154,4541,79.496288732538,1,1609,1377.700
4542,4542,79.513838099205,79.513841932538,3,7147,326,1790,1489,a9b3332aeffef4ea,1438.000,3716.700,396.000,0.500,0,3155,4542,79.513791265872,1,1605,1406.900
4543,4543,79.531340832538,79.531344665871,3,7147,324,1771,1488,eea2b134f8af4492,1419.600,3757.800,392.300,0.600,0,3156,4543,79.531293999205,1,1603,1286.600
4544,4544,79.548843065871,79.548846899205,3,7147,326,1790,1488,069b95c52b35fb2c,1410.500,3682.100,396.500,0.400,0,3157,4544,79.548796232538,1,1597,1279.700
4545,4545,79.566345432538,79.566349265871,3,7147,328,1809,1487,3c2094e16952ab4e,1417.200,3695.200,400.900,0.900,0,3158,4545,79.566298599204,1,1592,1298.500
4546,4546,79.583847932537,79.583851765871,3,7147,326,1788,1487,60eab5b6286f54fc,1409.800,3684.400,396.200,0.300,0,3159,4546,79.583801099204,1,1590,1272.100
4547,4547,79.601351632537,79.601355465871,3,7147,326,1796,1483,fcd94772d0e96eae,1481.700,3770.300,397.600,1.700,0,3160,4547,79.601303632537,1,1587,1359.700
4548,4548,79.618854099204,79.618857932537,3,7147,324,1788,1483,46351e1fe1a5ea32,1422.700,3680.300,395.900,1.600,0,3161,4548,79.618806099204,1,1585,1356.700
4549,4549,79.636356532537,79.636360365870,3,7147,328,1810,1483,40a3525621195eca,1436.800,3720.300,400.500,0.400,0,3162,4549,79.636308532537,1,1579,1257.000
4550,4550,79.653858965870,79.653862799203,3,7147,328,1799,1483,6f1f0218bf414432,1400.600,3667.000,398.100,0.300,0,3163,4550,79.653810965870,1,1576,1312.600
4551,4551,79.671361865870,79.671365699203,3,7147,329,1812,1482,0ab8f99e56322eaf,1428.400,3891.900,401.000,0.500,0,3164,4551,79.671313865870,1,1573,1320.700
4552,4552,79.688863999203,79.688867832536,3,7147,326,1785,1483,26a27318f429919b,1428.500,3863.800,450.300,0.500,0,3165,4552,79.688815999203,1,1571,1303.900
4553,4553,79.706366465870,79.706370299203,3,7147,327,1802,1483,7edaf7daf7393891,1548.700,3740.100,399.200,0.400,0,3166,4553,79.706318465870,1,1568,1418.100
4554,4554,79.723870765869,79.723874599203,3,7147,326,1802,1483,9169891ac50714bf,1976.300,3774.300,404.300,0.400,0,3167,4554,79.723820899203,1,1565,1300.500
4555,4555,79.741373232536,79.741377065869,3,7147,325,1800,1480,b5bbbf0e7d3f5d89,1452.400,3783.800,399.100,0.500,0,3168,4555,79.741323365869,1,1563,1297.000
4556,4556,79.758875665869,79.758879499202,3,7147,323,1788,1478,620e50eea6e47f53,1395.000,3877.100,402.200,0.500,0,3169,4556,79.758825799202,1,1560,1354.700
4557,4557,79.776378165869,79.776381999202,3,7147,322,1795,1476,7c124bf6749acda4,1439.200,3694.100,402.000,0.400,0,3170,4557,79.776328299202,1,1557,1350.400
4558,4558,79.793880599202,79.793884432535,3,7147,321,1786,1473,655cf25a95cdade3,1413.900,4430.200,396.300,0.400,0,3171,4558,79.793830732535,1,1555,1332.900
4559,4559,79.811383432535,79.811387265869,3,7147,324,1790,1471,438a5ee17f594f4d,1444.200,3832.600,396.400,0.500,0,3172,4559,79.811333565869,1,1550,1304.600
4560,4560,79.828885632535,79.828889465868,3,7147,326,1814,1472,6657819d6d9e81a6,1398.200,3825.700,402.400,0.400,0,3173,4560,79.828835765868,1,1545,1268.200
4561,4561,79.846388032535,79.846391865868,3,7147,322,1859,1472,1bd88c1fe3ddff91,1392.800,3653.000,411.300,0.500,0,3174,4561,79.846338165868,1,1544,1271.000
4562,4562,79.863891665868,79.863895499201,3,7147,325,1892,1468,47f5e940c642fd49,1450.500,3776.600,436.600,0.800,0,3175,4562,79.863840632535,1,1540,1267.800
4563,4563,79.881394232535,79.881398065868,3,7147,323,1868,1467,c66d4ed5d7ff0d60,1421.700,3690.500,413.300,0.300,0,3176,4563,79.881343199201,1,1538,1283.800
4564,4564,79.898896732534,79.898900565868,3,7147,326,1939,1467,ca681d6bcda3e1bf,1429.600,3781.500,429.800,0.400,0,3177,4564,79.898845699201,1,1531,1259.900
4565,4565,79.916399065868,79.916402899201,3,7147,321,1888,1467,a37c4527e9dd3151,1474.500,4257.600,458.800,0.400,0,3178,4565,79.916348032534,1,1530,1270.100
4566,4566,79.933901632534,79.933905465867,3,7147,322,1915,1467,0c76802e27004f0c,1404.500,3783.800,424.300,1.200,0,3179,4566,79.933850599201,1,1526,1483.500
4567,4567,79.951404565867,79.951408399200,3,7147,320,1895,1467,2886e8e2df6f9e17,1400.000,3685.600,419.300,0.400,0,3180,4567,79.951353532534,1,1525,1277.900
4568,4568,79.968906532534,79.968910365867,3,7147,323,1915,1465,4a057c8d50893359,1400.400,3711.700,428.900,1.800,0,3181,4568,79.968855499200,1,1520,1290.500
4569,4569,79.986409032533,79.986412865867,3,7147,324,1920,1464,aa5e8a3b06b844fd,1495.000,4002.600,431.100,0.500,0,3182,4569,79.986357999200,1,1516,1385.600
4570,4570,80.003911465867,80.003915299200,3,7147,325,2037,1463,97b5d89c774622b0,1428.700,3909.400,457.800,0.600,0,3183,4570,80.003860432533,1,1512,1392.700
4571,4571,80.021413999200,80.021417832533,3,7147,322,2001,1463,5aad5efbdc94c0b1,1404.500,3702.100,443.700,0.700,0,3184,4571,80.021362965866,1,1511,1484.400
4572,4572,80.038916399200,80.038920232533,3,7147,325,2028,1460,7291bb3518f58720,1401.100,3656.500,453.600,0.300,0,3185,4572,80.038865365866,1,1505,1282.000
4573,4573,80.056418832533,80.056422665866,3,7147,321,1962,1460,c28e996dc0e2a491,1427.900,3623.000,434.700,0.700,0,3186,4573,80.056367799199,1,1504,1314.400
4574,4574,80.073921299199,80.073925132533,3,7147,322,1979,1460,e3bc6a4e09bbe252,1391.900,3610.500,437.800,0.300,0,3187,4574,80.073870265866,1,1499,1366.500
4575,4575,80.091435399199,80.091439232532,3,7147,318,1975,1460,3135be9b4e3dba12,1396.100,3597.600,436.900,0.400,0,3188,4575,80.091384365866,1,1495,1782.600
4576,4576,80.108926265866,80.108930099199,3,7147,317,1964,1457,fafc0b5a6fbe7243,1400.400,3748.900,434.600,0.400,0,3189,4576,80.108875232532,1,1492,1439.900
4577,4577,80.126407732532,80.126420299199,3,7147,221,1269,735,b97059d374a5a099,1424.800,3441.700,433.400,0.400,0,3190,4577,80.126377732532,1,1488,1521.600
4578,4578,80.143910599199,80.143923232532,3,7147,220,1251,734,0ae5f11a9d675367,1413.900,3497.800,276.900,0.300,0,3191,4578,80.143880232532,1,1486,1283.900
4579,4579,80.161430599198,80.161434699198,3,7147,222,1260,734,f6d8998aa8afec8b,1452.900,3598.800,279.000,1.100,0,3192,4579,80.161382732532,1,1482,1305.000
4580,4580,80.178933099198,80.178937199198,3,7147,219,1221,733,ba9389ba7bfeb8ea,1434.700,3394.000,270.100,0.300,0,3193,4580,80.178885232532,1,1480,1290.500
4581,4581,80.196435532531,80.196439632531,3,7147,222,1254,733,a4db1a99560cb5a4,1407.600,3491.000,278.000,0.400,0,3194,4581,80.196387665865,1,1476,1262.600
4582,4582,80.213937965865,80.213942065865,3,7147,219,1217,733,cd4a29880c6dedd8,1515.400,3435.300,269.800,0.300,0,3195,4582,80.213890099198,1,1473,1271.600
4583,4583,80.231440932531,80.231445032531,3,7147,232,1145,835,1e64580744a4066e,1421.900,3126.300,253.400,0.600,0,3196,4583,80.231393065864,1,1210,1351.600
4584,4584,80.248942999198,80.248947099198,3,7147,241,1185,904,6802bed528c48219,1402.000,2898.300,268.400,0.400,0,3197,4584,80.248895132531,1,1012,1312.600
4585,4585,80.266445332531,80.266449432531,3,7147,232,1088,952,f6690c7fc96d7f92,1431.100,2904.500,240.800,0.400,0,3198,4585,80.266397465864,1,887,1307.800
4586,4586,80.283947899197,80.283951999197,3,7147,237,1106,997,4d7dff96e878ff44,1480.100,2768.000,245.400,0.500,0,3199,4586,80.283900032530,1,856,1286.600
4587,4587,80.301450365864,80.301454465864,3,7147,237,1120,1026,1930ed1807fcfa4f,1411.600,2792.900,248.200,0.400,0,3200,4587,80.301402499197,1,854,1271.900
4588,4588,80.318952865863,80.318956965863,3,7147,240,1151,1054,462e1d8f13bd4020,1423.600,2846.400,261.800,0.400,0,3201,4588,80.318904999197,1,849,1353.900
4589,4589,80.336455332530,80.336459432530,3,7147,242,1178,1079,9eabd6a9d24203ba,1402.900,2713.200,260.600,0.400,0,3202,4589,80.336407465863,1,846,1258.500
4590,4590,80.353957699196,80.353961799196,3,7147,247,1190,1098,c1ca4d7471b9ab32,1382.700,2689.800,263.400,0.400,0,3203,4590,80.353909832530,1,844,1272.800
4591,4591,80.371460565863,80.371464665863,3,7147,248,1189,1114,98162b3cd8c098b6,1392.800,2744.000,263.700,0.400,0,3204,4591,80.371412699196,1,846,1334.000
4592,4592,80.388962699196,80.388966799196,3,7147,253,1237,1125,0bfb6d75f3785fa2,1387.100,2801.100,281.800,0.300,0,3205,4592,80.388914832529,1,843,1329.700
4593,4593,80.406465199196,80.406469299196,3,7147,255,1240,1133,55b9040a671cb1a6,1396.300,2781.500,274.500,0.400,0,3206,4593,80.406417332529,1,843,1301.300
4594,4594,80.423967599196,80.423971699196,3,7147,254,1252,1138,d0cf085d014946d7,1391.400,2886.300,277.400,0.300,0,3207,4594,80.423919732529,1,845,1337.400
4595,4595,80.441470032529,80.441474132529,3,7147,254,1265,1151,b600d8e03d937db7,1393.900,2704.900,279.900,0.200,0,3208,4595,80.441422165862,1,846,1300.600
4596,4596,80.458972532529,80.458976632529,3,7147,254,1257,1154,a94434bc56f8938f,1461.600,2808.800,290.300,0.300,0,3209,4596,80.458924665862,1,847,1325.000
4597,4597,80.476475032529,80.476479132529,3,7147,255,1258,1158,510d6827af02759b,1436.100,2767.800,278.500,0.400,0,3210,4597,80.476427165862,1,846,1308.200
4598,4598,80.493977532528,80.493981632528,3,7147,256,1257,1160,ec39cda632c183c0,1414.800,2792.900,279.100,0.400,0,3211,4598,80.493929665862,1,845,1521.900
4599,4599,80.511480465862,80.511484565862,3,7147,256,1257,1162,0a5dc89dd7f5b66f,1421.300,2764.300,278.200,0.400,0,3212,4599,80.511432599195,1,845,1363.800
4600,4600,80.528982465861,80.528986565861,3,7147,254,1228,1162,b747f03f01a37270,1399.200,2734.500,279.800,0.300,0,3213,4600,80.528934599195,1,847,1363.100
4601,4601,80.546484932528,80.546489032528,3,7147,254,1228,1163,c8b7940f1d6cf804,1429.700,2790.800,276.400,0.500,0,3214,4601,80.546437065861,1,847,1306.600
4602,4602,80.563987399194,80.563991499194,3,7147,254,1228,1164,5ea00b8504acfc38,2252.000,2792.800,272.800,0.500,0,3215,4602,80.563939532528,1,847,1384.000
4603,4603,80.581489865861,80.581493965861,3,7147,255,1228,1164,b56fe3ebe36c65f8,1469.700,2871.600,272.100,0.600,0,3216,4603,80.581441999194,1,847,1408.500
4604,4604,80.598992432527,80.598996532527,3,7147,255,1228,1164,9949848ad294a207,1427.000,2783.700,272.100,0.400,0,3217,4604,80.598944565861,1,847,1382.300
4605,4605,80.616494865861,80.616498965861,3,7147,255,1228,1166,f4881c4b7e587a2f,1452.900,2791.600,272.300,1.100,0,3218,4605,80.616446999194,1,847,1520.800
4606,4606,80.633997332527,80.634001432527,3,7147,254,1229,1167,784fe73f5a31167d,1425.100,2788.000,275.900,0.400,0,3219,4606,80.633949465860,1,847,1353.700
4607,4607,80.651501232527,80.651505332527,3,7147,254,1229,1167,e5bcef39ddc30c97,1385.300,2728.500,272.100,0.400,0,3220,4607,80.651452199193,1,847,1281.700
4608,4608,80.669002999193,80.669006699193,3,7147,254,1229,1167,53c1ae27d8b356ea,1419.300,2706.600,271.900,0.300,0,3221,4608,80.668954332527,1,847,1345.600
4609,4609,80.686505432526,80.686509132526,3,7147,254,1229,1166,c560397ae7352aa4,1393.200,2740.900,272.100,0.500,0,3222,4609,80.686456765860,1,847,1321.400
4610,4610,80.704007899193,80.704011599193,3,7147,255,1248,1165,00a99091108e15c1,1405.600,2747.100,276.100,0.500,0,3223,4610,80.703959232526,1,846,1417.900
4611,4611,80.721510399193,80.721514099193,3,7147,256,1258,1165,aeb450fd1694d274,1419.400,2762.700,278.500,0.400,0,3224,4611,80.721461732526,1,845,1338.100
4612,4612,80.739012865859,80.739016565859,3,7147,256,1258,1165,67df494d26b13902,1433.900,2794.900,278.800,0.500,0,3225,4612,80.738964199193,1,845,1270.400
4613,4613,80.756515465859,80.756519165859,3,7147,256,1258,1165,37b9a9ffc8f80e89,1418.700,2752.800,283.000,0.400,0,3226,4613,80.756466799192,1,845,1312.600
4614,4614,80.774017899192,80.774021599192,3,7147,256,1258,1164,fd05b20a1c46e556,1428.900,2773.100,279.000,0.500,0,3227,4614,80.773969232526,1,845,1553.400
4615,4615,80.791520699192,80.791524399192,3,7147,256,1258,1163,37ef82c66aa4be77,1420.800,2759.600,279.300,0.600,0,3228,4615,80.791472032525,1,845,1474.600
4616,4616,80.809022799192,80.809026499192,3,7147,256,1258,1163,bdec01e3d3e45b94,1404.900,2783.400,279.200,0.600,0,3229,4616,80.808974132525,1,845,1511.700
4617,4617,80.826525232525,80.826528932525,3,7147,256,1258,1162,2f1a2eb489527b81,1401.700,2826.900,279.300,0.300,0,3230,4617,80.826476565858,1,845,1336.100
4618,4618,80.844009432525,80.844022099192,3,7147,256,1258,1162,1e794f1c87616a9b,1392.900,2749.200,282.200,0.500,0,3231,4618,80.843979065858,1,845,1355.100
4619,4619,80.861530665858,80.861534765858,3,7147,256,1258,1162,637f6d95f9f8bb68,1735.900,2825.900,283.600,0.500,0,3232,4619,80.861481632525,1,845,1272.300
4620,4620,80.879033065858,80.879037165858,3,7147,256,1258,1162,5285cf1eee2b48a2,1567.000,2887.900,278.700,0.400,0,3233,4620,80.878984032525,1,845,1282.300
4621,4621,80.896535532524,80.896539632524,3,7147,256,1258,1162,f6b84bff874fbadc,1438.400,2766.700,278.400,0.400,0,3234,4621,80.896486499191,1,845,1339.300
4622,4622,80.914038032524,80.914042132524,3,7147,256,1258,1162,921d2380c37f2e6a,1449.600,2849.700,296.600,0.300,0,3235,4622,80.913988999191,1,845,1263.400
4624,4624,80.949024232524,80.949036899191,3,7147,257,1258,1162,1ebc3ce3b486667e,1401.900,2859.800,279.400,0.400,0,3236,4624,80.948993865857,1,844,1269.900
4625,4625,80.966545432524,80.966549532524,3,7147,256,1257,1159,5ffc586f1f744f3c,1419.800,2876.400,278.600,0.500,0,3237,4625,80.966496399190,1,844,1389.200
4626,4626,80.984047865857,80.984051965857,3,7147,257,1266,1159,d80d85f510fef331,1411.200,2759.700,280.300,0.300,0,3238,4626,80.983998832523,1,843,1274.600
4627,4627,81.001550432523,81.001554532523,3,7147,257,1266,1159,86d87e2dec9bc6a2,1602.800,2817.800,281.300,0.400,0,3239,4627,81.001501399190,1,843,1387.600
4628,4628,81.019052799190,81.019056899190,3,7147,258,1267,1158,4fa50897ddf2f332,1408.700,2784.500,280.800,0.300,0,3240,4628,81.019003765856,1,842,1396.400
4629,4629,81.036555332523,81.036559432523,3,7147,258,1267,1158,052686e2666c89fe,1412.000,2732.000,280.300,0.300,0,3241,4629,81.036506299190,1,842,1278.500
4630,4630,81.054057765856,81.054061865856,3,7147,257,1265,1158,0c96a2d246fccb33,1426.200,2770.600,280.700,0.400,0,3242,4630,81.054008732523,1,842,1309.200
4631,4631,81.071542032523,81.071554699189,3,7147,258,1265,1158,3e8c888e0c2024ab,1413.900,2724.500,280.400,0.200,0,3243,4631,81.071511665856,1,841,1302.500
4632,4632,81.089074032522,81.089078132522,3,7147,258,1265,1158,c70b29e628366e27,1406.700,2865.400,284.800,0.300,0,3244,4632,81.089024999189,1,841,1254.500
4633,4633,81.106565232522,81.106569332522,3,7147,257,1264,1157,47596fe0ea91f040,1395.600,2799.000,280.300,0.300,0,3245,4633,81.106516199189,1,842,1442.900
4634,4634,81.124067732522,81.124071832522,3,7147,257,1253,1157,47ed895ba6c24575,1416.800,2753.800,295.500,0.500,0,3246,4634,81.124018699189,1,841,1468.700
4635,4635,81.141570099189,81.141574199189,3,7147,257,1253,1156,2d852aa51e52e21b,1413.600,2946.100,277.500,0.500,0,3247,4635,81.141521065855,1,841,1639.400
4636,4636,81.159072632522,81.159076732522,3,7147,257,1253,1156,d018710c9c00ff1f,1459.900,2789.900,277.800,0.600,0,3248,4636,81.159023599188,1,841,1286.200
4637,4637,81.176574999188,81.176579099188,3,7147,257,1253,1155,c1b93a055fbeff74,1501.200,3160.300,408.800,0.400,0,3249,4637,81.176525965855,1,841,1268.200
4638,4638,81.194058865855,81.194071532521,3,7147,258,1254,1155,26db88dd8b1ee558,1415.600,2741.000,277.600,0.500,0,3250,4638,81.194028499188,1,840,1295.700
4639,4639,81.211580332521,81.211584432521,3,7147,257,1253,1155,82c939bd87841965,1440.000,2868.300,278.400,0.500,0,3251,4639,81.211531299188,1,840,1377.900
4640,4640,81.229082465854,81.229086565854,3,7147,258,1264,1155,a19bb0508817246c,1421.100,2742.200,293.300,0.600,0,3252,4640,81.229033432521,1,839,1279.700
4641,4641,81.246566299188,81.246578965854,3,7147,259,1274,1155,89a8dcb0cf85c858,1411.300,2718.700,286.300,0.400,0,3253,4641,81.246535899188,1,838,1261.300
4642,4642,81.264087465854,81.264091565854,3,7147,259,1274,1154,af01aee6b228a635,1429.400,2846.800,287.800,0.500,0,3254,4642,81.264038399187,1,838,1336.000
4643,4643,81.281589999187,81.281594099187,3,7147,259,1274,1154,6a541419c9de421a,1413.400,2749.800,287.100,0.400,0,3255,4643,81.281540932521,1,838,1273.800
4644,4644,81.299092465854,81.299096565854,3,7147,259,1274,1154,7c158355431a238e,1630.400,2734.800,281.900,0.400,0,3256,4644,81.299043399187,1,838,1272.500
4645,4645,81.316594932520,81.316599032520,3,7147,259,1273,1153,aefd3c788dbd4a47,1398.100,2770.800,281.700,0.300,0,3257,4645,81.316545865853,1,838,1277.000
4646,4646,81.334097365853,81.334101465853,3,7147,258,1273,1153,971aea3de48491ba,1417.100,2721.800,288.600,0.500,0,3258,4646,81.334048299187,1,839,1254.900
4647,4647,81.351600232520,81.351604332520,3,7147,258,1273,1153,a8d9d3d7357db955,1413.900,2719.000,281.600,0.700,0,3259,4647,81.351551165853,1,839,1255.400
4648,4648,81.369102365853,81.369106465853,3,7147,258,1273,1153,65403df270415c0d,1406.000,2728.600,282.000,0.300,0,3260,4648,81.369053299186,1,839,1272.500
4649,4649,81.386586099186,81.386598765853,3,7147,259,1274,1153,3dcec22acc597e57,1410.000,2898.500,281.900,0.500,0,3261,4649,81.386555732519,1,838,1270.700
4650,4650,81.404107265853,81.404111365853,3,7147,258,1274,1153,c8c38760eec963bb,1408.800,2724.000,288.500,0.300,0,3262,4650,81.404058232519,1,838,1481.100
4651,4651,81.421606932519,81.421610632519,3,7147,258,1274,1152,16443ff42f9276b1,1418.600,2724.300,282.100,0.300,0,3263,4651,81.421560599186,1,838,1295.600
4652,4652,81.439093399186,81.439106065852,3,7147,258,1275,1155,cf0e50da7a60daf9,1424.200,2831.400,282.100,0.400,0,3264,4652,81.439063032519,1,838,1262.900
4653,4653,81.456611965852,81.456615665852,3,7147,274,1359,1244,b8966573a04125af,1438.700,2799.700,301.200,0.300,0,3265,4653,81.456565632519,1,839,1278.400
4654,4654,81.474114332519,81.474118032519,3,7147,287,1416,1307,4f82191a2efaa855,1408.900,2779.000,314.200,0.400,0,3266,4654,81.474067999185,1,839,1384.800
4655,4655,81.491617132518,81.491620832518,3,7147,291,1434,1360,c50184e6991def29,1491.700,2822.600,318.000,0.200,0,3267,4655,81.491570799185,1,843,1365.300
4656,4656,81.509119265852,81.509122965852,3,7147,299,1483,1408,ed900deba9b48e13,1443.400,2812.700,328.900,0.400,0,3268,4656,81.509072932518,1,844,1273.800
4657,4657,81.526622465851,81.526626165851,3,7147,304,1558,1442,f686c6e04181261e,1433.200,2820.200,348.800,0.300,0,3269,4657,81.526576132518,1,844,1277.600
4658,4658,81.544124232518,81.544127932518,3,7147,311,1596,1473,78fdc441e492f6df,1462.100,2873.800,353.500,0.600,0,3270,4658,81.544077899185,1,838,1552.500
4659,4659,81.561626699184,81.561630399184,3,7147,319,1649,1508,a16f84fff56e710d,1478.100,2864.700,365.200,0.300,0,3271,4659,81.561580365851,1,839,1422.500
4660,4660,81.579129199184,81.579132899184,3,7147,324,1685,1538,46e95b8047d4b420,1400.600,3066.200,373.200,0.400,0,3272,4660,81.579082865851,1,837,1276.700
4661,4661,81.596631665851,81.596635365851,3,7147,323,1657,1558,08af568f71395e36,1428.400,2958.000,367.500,0.600,0,3273,4661,81.596585332517,1,838,1262.900
4662,4662,81.614134099184,81.614137799184,3,7147,329,1690,1581,7c9368614cf233c7,1461.900,2897.700,374.500,0.300,0,3274,4662,81.614087765851,1,833,1251.200
4663,4663,81.631637099184,81.631640799184,3,7147,329,1681,1597,a7a8f366e5b182ca,1647.100,2928.000,372.100,0.900,0,3275,4663,81.631590765850,1,833,1393.100
4664,4664,81.649139132517,81.649142832517,3,7147,336,1723,1604,73e3898259bfe60f,1491.700,2928.100,386.400,0.300,0,3276,4664,81.649092799184,1,830,1285.100
4665,4665,81.666641532517,81.666645232517,3,7147,338,1734,1613,89ddf0922cc123bb,1412.200,3030.000,390.800,0.500,0,3277,4665,81.666595199183,1,828,1431.200
4666,4666,81.684142832516,81.684146532516,3,7147,338,1737,1617,d9ea0f2b03f28445,1423.200,2998.000,393.800,0.500,0,3278,4666,81.684097665850,1,828,1279.000
4667,4667,81.701645265850,81.701648965850,3,7147,340,1751,1623,c4dfb01b96396f2f,1467.100,2922.900,388.400,0.400,0,3279,4667,81.701600099183,1,829,1260.100
4668,4668,81.719147732516,81.719151432516,3,7147,340,1750,1628,3b8ec4eb068fb8eb,1483.000,3004.000,391.200,0.600,0,3280,4668,81.719102565849,1,830,1566.000
4669,4669,81.736650299183,81.736653999183,3,7147,341,1751,1629,c7859ddbbb6f1f19,1785.500,3187.700,389.300,0.600,0,3281,4669,81.736605132516,1,830,1472.400
4670,4670,81.754152799182,81.754156499182,3,7147,341,1767,1631,bde1e46b7c45bf7e,1449.200,2982.900,392.000,0.500,0,3282,4670,81.754107632516,1,830,1415.600
4671,4671,81.771655465849,81.771659165849,3,7147,342,1771,1632,72544629c305f004,1475.100,2979.200,393.700,0.600,0,3283,4671,81.771610299182,1,829,1476.700
4672,4672,81.789161599182,81.789165699182,3,7147,342,1771,1634,6189b46c069c45ff,1485.400,2973.400,401.600,1.600,0,3284,4672,81.789112565849,1,829,1499.400
4673,4673,81.806663965849,81.806668065849,3,7147,343,1781,1636,4483f6e4dc1f8896,1418.900,2883.200,398.900,0.300,0,3285,4673,81.806614932515,1,828,1304.800
4674,4674,81.824166465848,81.824170565848,3,7147,343,1780,1636,ef958b99bb5e1b5d,1433.100,2911.200,394.000,0.300,0,3286,4674,81.824117432515,1,828,1358.700
4675,4675,81.841668899182,81.841672999182,3,7147,343,1780,1636,faaeb69fb7a5bf7d,1396.100,2944.800,403.500,0.600,0,3287,4675,81.841619865848,1,828,1377.500
4676,4676,81.859171499181,81.859175599181,3,7147,343,1780,1636,88208d6a4feb618d,1548.100,3225.200,394.600,0.300,0,3288,4676,81.859122465848,1,828,1443.800
4677,4677,81.876673965848,81.876678065848,3,7147,343,1780,1636,79ea966d94e507ed,1401.400,2889.800,399.000,0.400,0,3289,4677,81.876624932515,1,828,1279.100
4678,4678,81.894176465848,81.894180565848,3,7147,343,1780,1636,9ea717185bae4f05,1419.900,3008.900,394.400,0.400,0,3290,4678,81.894127432514,1,828,1279.400
4679,4679,81.911679332514,81.911683432514,3,7147,344,1781,1636,38487ebbefc0feef,1435.300,3048.300,394.600,0.400,0,3291,4679,81.911630299181,1,827,1270.500
4680,4680,81.929181399181,81.929185499181,3,7147,344,1781,1636,808f8f5ba6251136,1462.000,2998.800,395.400,0.300,0,3292,4680,81.929132365847,1,827,1272.300
4681,4681,81.946682632514,81.946686732514,3,7147,344,1778,1636,caae77c7fc6db27b,1489.300,2925.600,394.300,0.300,0,3293,4681,81.946634765847,1,827,1343.300
4682,4682,81.964167665847,81.964180332514,3,7147,344,1778,1635,e77da7dcc3c8d5ae,1411.200,2882.300,394.900,0.400,0,3294,4682,81.964137299180,1,827,1318.400
4683,4683,81.981687499180,81.981691599180,3,7147,343,1777,1634,a81dd2a49a7182a0,1456.700,2908.700,393.900,0.400,0,3295,4683,81.981639632514,1,827,1284.600
4684,4684,81.999189999180,81.999194099180,3,7147,343,1777,1634,b03e9a2568cd9c84,1409.900,2998.900,398.200,0.800,0,3296,4684,81.999142132513,1,827,1258.700
4685,4685,82.016692599180,82.016696699180,3,7147,342,1767,1634,1d7f6ee00b003020,1579.200,2905.900,396.900,0.500,0,3297,4685,82.016644732513,1,828,1461.700
4686,4686,82.034195032513,82.034199132513,3,7147,342,1768,1634,07c072dd45a3fa62,1484.000,2965.200,392.000,0.300,0,3298,4686,82.034147165846,1,827,1308.400
4687,4687,82.051697765846,82.051701865846,3,7147,341,1767,1634,721fc2678562e09d,1412.400,2887.200,396.400,0.200,0,3299,4687,82.051649899179,1,827,1268.900
4688,4688,82.069199865846,82.069203965846,3,7147,342,1768,1634,d474705d4d05362b,1411.100,2867.200,391.200,0.200,0,3300,4688,82.069151999179,1,826,1264.300
4689,4689,82.086713699179,82.086717799179,3,7147,341,1768,1632,d8fb77e05db62c23,1408.600,2870.900,395.700,0.200,0,3301,4689,82.086665832512,1,825,1263.000
4690,4690,82.104187432512,82.104200099179,3,7147,341,1768,1632,39a9c40b16003bd6,1500.800,2941.800,397.000,0.400,0,3302,4690,82.104157065846,1,825,1278.900
4691,4691,82.121689865845,82.121702532512,3,7147,341,1768,1630,d5b358b1da411ba1,1424.800,2898.300,391.300,0.400,0,3303,4691,82.121659499179,1,825,1287.100
4692,4692,82.139209765845,82.139213865845,3,7147,341,1768,1630,4b2cf430fe240dd8,1464.200,2965.200,391.800,0.400,0,3304,4692,82.139161899179,1,825,1303.600
4693,4693,82.156712299178,82.156716399178,3,7147,340,1763,1630,57aad65b8afd656d,1463.300,2985.400,391.800,0.700,0,3305,4693,82.156664432512,1,826,1340.400
4694,4694,82.174197365845,82.174210032512,3,7147,340,1761,1630,542506c71fb57b97,1403.200,2881.100,390.400,0.300,0,3306,4694,82.174166965845,1,826,1372.300
4695,4695,82.191700165845,82.191712832511,3,7147,339,1747,1629,3e21ac61430b6c41,1406.000,2920.300,387.100,0.300,0,3307,4695,82.191669799178,1,827,1366.500
4696,4696,82.209219765845,82.209223865845,3,7147,339,1747,1629,caba7e7d44b42868,1466.200,2934.800,388.200,0.400,0,3308,4696,82.209171899178,1,827,1308.800
4697,4697,82.226722099178,82.226726199178,3,7147,339,1747,1627,fdf89938aa09de90,1419.600,3022.300,388.200,0.400,0,3309,4697,82.226674232511,1,827,1261.400
4698,4698,82.244207065844,82.244219732511,3,7147,339,1747,1627,c612aeab4aec84de,1401.100,2891.200,387.300,1.000,0,3310,4698,82.244176699178,1,827,1421.200
4699,4699,82.261727065844,82.261731165844,3,7147,339,1747,1624,0cf1d4b5089a99df,1409.000,2924.000,406.700,0.500,0,3311,4699,82.261679199177,1,827,1424.800
4700,4700,82.279229665844,82.279233765844,3,7147,339,1747,1624,3cda68584a6547ae,1433.600,2973.600,387.100,0.400,0,3312,4700,82.279181799177,1,827,1293.600
4701,4701,82.296732099177,82.296736199177,3,7147,339,1747,1624,4314a17b7897f9ea,1535.300,3475.700,391.700,0.600,0,3313,4701,82.296684232510,1,827,1344.000
4702,4702,82.314234565844,82.314238665844,3,7147,339,1746,1623,34c274a75a2123bc,1484.400,3002.100,386.900,0.300,0,3314,4702,82.314186699177,1,827,1275.800
4703,4703,82.331737232510,82.331741332510,3,7147,339,1741,1621,12287f5df80c1ff8,1451.100,2897.400,385.100,0.400,0,3315,4703,82.331689365843,1,827,1275.000
4704,4704,82.349239465843,82.349243565843,3,7147,335,1711,1620,f97da59a6e9c6a11,1418.800,2851.200,378.500,0.300,0,3316,4704,82.349191599177,1,828,1302.000
4705,4705,82.366724332510,82.366736999176,3,7147,334,1702,1617,08c78e0819a0906f,1460.200,2861.100,377.600,0.300,0,3317,4705,82.366693965843,1,828,1283.500
4706,4706,82.384244465843,82.384248565843,3,7147,334,1702,1614,9f04dcf77663d921,1360.000,2848.600,377.200,0.300,0,3318,4706,82.384196599176,1,828,1307.500
4707,4707,82.401746932509,82.401751032509,3,7147,335,1712,1611,ac75e1fe387ba779,1470.300,2853.800,386.600,0.200,0,3319,4707,82.401699065843,1,827,1326.200
4708,4708,82.419249399176,82.419253499176,3,7147,335,1712,1608,74c047a7f4a81eb0,1407.800,3003.000,379.200,0.500,0,3320,4708,82.419201532509,1,827,1337.800
4709,4709,82.436751832509,82.436755932509,3,7147,333,1702,1603,121cf641b113c8e6,1502.500,2996.000,377.600,0.300,0,3321,4709,82.436703965842,1,829,1302.700
4710,4710,82.454254332509,82.454258432509,3,7147,329,1680,1598,4d1fc3285f48b94e,1409.100,2935.000,373.000,0.300,0,3322,4710,82.454206465842,1,832,1260.100
4711,4711,82.471759432509,82.471763532509,3,7147,329,1680,1588,31c2d87d8dd4c1e4,1448.500,2820.500,372.000,0.300,0,3323,4711,82.471709232509,1,832,1259.600
4712,4712,82.489261565842,82.489265665842,3,7147,331,1692,1582,cc329683106fcb8f,1424.100,2831.500,374.900,0.300,0,3324,4712,82.489211365842,1,830,1254.000
4713,4713,82.506763999175,82.506768099175,3,7147,333,1724,1577,65a4ec495a8742eb,1412.300,2831.800,429.800,0.300,0,3325,4713,82.506713799175,1,828,1322.900
4714,4714,82.524266499175,82.524270599175,3,7147,331,1721,1571,096a0df4c2c8cadb,1411.100,2871.600,381.700,0.500,0,3326,4714,82.524216299175,1,829,1365.400
4715,4715,82.541747599175,82.541761765841,3,7147,328,1694,1557,b2a3334a97e74092,1421.400,2865.700,375.500,0.500,0,3327,4715,82.541718799175,1,831,1376.100
4716,4716,82.559251632508,82.559264299174,3,7147,328,1691,1551,c1be3d2295567e5a,1445.800,2983.100,375.400,0.400,0,3328,4716,82.559221265841,1,831,1285.500
4717,4717,82.576754032508,82.576766699174,3,7147,326,1693,1544,38b60314762b8c0d,1405.600,2910.500,375.900,0.900,0,3329,4717,82.576723665841,1,832,1582.400
4718,4718,82.594276432507,82.594280532507,3,7147,324,1673,1536,9b2a0963374f46cb,1389.000,2919.100,370.700,0.400,0,3330,4718,82.594226232507,1,833,1334.800
4719,4719,82.611759365841,82.611772032507,3,7147,318,1625,1531,463e74874adc5bfe,1460.500,2915.900,412.600,0.500,0,3331,4719,82.611728999174,1,833,1307.300
4720,4720,82.629281265840,82.629285365840,3,7147,316,1624,1514,2da40086d3d294e3,1433.800,2803.700,368.300,0.300,0,3332,4720,82.629231065840,1,834,1300.800
4721,4721,82.646783799174,82.646787899174,3,7147,315,1617,1504,29a86e68db0659bc,1470.200,3009.400,358.100,0.400,0,3333,4721,82.646733599174,1,834,1271.600
4722,4722,82.664286265840,82.664290365840,3,7147,313,1606,1498,927c55ab2d4496df,1475.700,2948.800,356.400,0.400,0,3334,4722,82.664236065840,1,836,1447.800
4723,4723,82.681768865840,82.681781532507,3,7147,311,1587,1482,c6212a3892723160,1401.900,2867.000,352.100,0.300,0,3335,4723,82.681738465840,1,837,1297.100
4724,4724,82.699291299173,82.699295399173,3,7147,313,1616,1477,051452c7d37d3aaf,1397.900,2930.700,359.000,0.500,0,3336,4724,82.699241065840,1,835,1458.300
4725,4725,82.716793665840,82.716797765840,3,7147,312,1602,1465,80f9728555274cbf,1518.500,3022.600,359.500,0.600,0,3337,4725,82.716743432506,1,836,1346.700
4726,4726,82.734294999173,82.734299099173,3,7147,333,1701,1605,e566c0a061246e4b,1503.300,3039.000,377.500,0.500,0,3338,4726,82.734245932506,1,828,1304.200
4727,4727,82.751797832506,82.751801932506,3,7147,354,1783,1713,4bd342000a875d44,1413.400,2926.400,395.600,0.300,0,3339,4727,82.751748765839,1,818,1297.800
4728,4728,82.769299999172,82.769304099172,3,7147,368,1888,1771,32dc01830c8a491a,1436.100,2966.300,419.000,0.400,0,3340,4728,82.769250932506,1,815,1331.600
4729,4729,82.786802365839,82.786806465839,3,7147,384,1984,1831,81d367965ad89429,1425.600,3007.000,440.300,0.400,0,3341,4729,82.786753299172,1,810,1348.000
4730,4730,82.804304965839,82.804309065839,3,7147,393,2011,1873,39f19e56e98fcea2,1444.400,2961.100,450.700,0.400,0,3342,4730,82.804255899172,1,806,1394.700
4731,4731,82.821807399172,82.821811499172,3,7147,402,2073,1909,60d5d83ff2c206be,1404.800,3219.500,468.900,0.400,0,3343,4731,82.821758332505,1,805,1352.600
4732,4732,82.839309832505,82.839313932505,3,7147,407,2118,1938,0f5f7d4fba52c12b,1422.700,3150.900,468.500,0.300,0,3344,4732,82.839260765838,1,803,1296.800
4733,4733,82.856812232505,82.856816332505,3,7147,407,2114,1960,44e93d5ebfdd4017,1468.400,3146.200,487.300,0.300,0,3345,4733,82.856763165838,1,805,1276.600
4734,4734,82.874314699171,82.874318799171,3,7147,410,2132,1973,adeb17e065f7f903,1394.900,3133.300,472.500,0.500,0,3346,4734,82.874265632505,1,804,1364.100
4735,4735,82.891817565838,82.891821665838,3,7147,411,2121,1988,3a9287d4b52ebe0c,1429.900,3273.100,495.300,0.600,0,3347,4735,82.891768499171,1,804,1354.400
4736,4736,82.909319665838,82.909323765838,3,7147,413,2127,1997,23cbd587e010bf3f,1428.100,3422.200,474.000,0.600,0,3348,4736,82.909270599171,1,804,1421.200
4737,4737,82.926822265837,82.926826365837,3,7147,416,2147,1999,a828783b16c6704b,1444.000,3153.200,483.600,0.500,0,3349,4737,82.926773199171,1,803,1361.600
4738,4738,82.944324599171,82.944328699171,3,7147,416,2147,2001,5b3a6a56bc51afa0,1434.600,3305.100,476.600,0.500,0,3350,4738,82.944275532504,1,803,1558.000
4739,4739,82.961827199170,82.961831299170,3,7147,415,2146,1999,4514a4a9debe065c,1680.800,3473.200,476.600,0.500,0,3351,4739,82.961778132504,1,803,1411.600
4740,4740,82.979328365837,82.979332465837,3,7147,413,2127,1998,920f4cb5421761cf,1546.900,3196.200,471.200,0.400,0,3352,4740,82.979280465837,1,804,1386.900
4741,4741,82.996813432503,82.996826099170,3,7147,410,2111,1997,6f9fefad9e2733a6,1439.700,3102.800,473.500,0.500,0,3353,4741,82.996783065837,1,805,1303.000
4742,4742,83.014333399170,83.014337499170,3,7147,411,2133,1991,566ef969bd56a9d3,1417.300,3113.400,472.200,0.300,0,3354,4742,83.014285532503,1,803,1301.100
4743,4743,83.031836232503,83.031840332503,3,7147,411,2133,1983,10e5ef04ceac833c,1477.800,3155.600,473.400,0.400,0,3355,4743,83.031788365836,1,803,1308.000
4744,4744,83.049338332503,83.049342432503,3,7147,409,2132,1975,4d721555fae14b03,1403.700,3115.500,471.900,0.300,0,3356,4744,83.049290465836,1,803,1787.300
4745,4745,83.066823232503,83.066835899169,3,7147,410,2130,1968,2ca4cc51fb72d8f5,1465.200,3115.800,475.400,0.400,0,3357,4745,83.066792865836,1,802,1282.700
4746,4746,83.084354532502,83.084358632502,3,7147,406,2102,1961,8867083186c6ff6d,1411.400,3093.800,470.900,0.400,0,3358,4746,83.084306665836,1,805,1431.300
4747,4747,83.101845765836,83.101849865836,3,7147,409,2128,1958,2749ec772ec2f277,1444.200,3316.400,505.300,0.400,0,3359,4747,83.101797899169,1,802,1322.000
4748,4748,83.119348099169,83.119352199169,3,7147,407,2119,1945,bcfefd81fb371d71,1383.900,3211.900,469.700,0.300,0,3360,4748,83.119300232502,1,803,1262.900
4749,4749,83.136850565835,83.136854665835,3,7147,408,2112,1940,091a036b89152531,1481.500,3089.500,467.400,0.900,0,3361,4749,83.136802699169,1,802,1278.600
4750,4750,83.154353165835,83.154357265835,3,7147,405,2076,1933,138d9fd0522a94a2,1409.400,3117.700,466.800,0.500,0,3362,4750,83.154305299168,1,803,1521.000
4751,4751,83.171855932502,83.171860032502,3,7147,404,2078,1923,9e50f5a65c57f6ca,1470.000,3227.100,460.900,0.700,0,3363,4751,83.171808065835,1,803,1754.100
4752,4752,83.189358032501,83.189362132501,3,7147,404,2072,1913,7bd4b46946fe6f53,1409.600,2986.100,458.300,0.200,0,3364,4752,83.189310165835,1,800,1325.300
4753,4753,83.206860565835,83.206864665835,3,7147,400,2057,1907,3b5f0f4bb69d6c44,1420.200,3224.500,455.200,0.400,0,3365,4753,83.206812699168,1,801,1271.900
4754,4754,83.224345565834,83.224358165834,3,7147,398,2022,1900,576930252bfc736e,1426.000,2913.900,453.300,0.200,0,3366,4754,83.224315199168,1,802,1466.700
4755,4755,83.241866565834,83.241870665834,3,7147,398,2039,1893,7dc13e1355e93782,1405.300,3096.100,451.800,0.500,0,3367,4755,83.241817532501,1,801,1395.300
4756,4756,83.259369165834,83.259373265834,3,7147,399,2055,1881,64772271adb37908,1394.000,3131.200,455.800,0.300,0,3368,4756,83.259320132501,1,800,1298.600
4757,4757,83.276871599167,83.276875699167,3,7147,396,2028,1875,a81b9756571d0483,1424.100,3072.200,449.400,0.400,0,3369,4757,83.276822565834,1,802,1268.300
4758,4758,83.294373999167,83.294378099167,3,7147,393,2013,1869,257807b36cf03038,1410.100,2966.700,446.200,0.400,0,3370,4758,83.294324965834,1,805,1275.900
4759,4759,83.311876899167,83.311880999167,3,7147,387,1997,1854,62e72a4e8714140e,1716.100,2898.900,446.600,0.200,0,3371,4759,83.311827865834,1,807,1320.900
4760,4760,83.329379032500,83.329383132500,3,7147,410,2134,1973,d34afb42a8bae60a,1407.600,3197.500,473.000,0.300,0,3372,4760,83.329329999167,1,801,1325.100
4761,4761,83.346881432500,83.346885532500,3,7147,436,2310,2130,4bf5d2289252389b,1473.200,3247.500,512.500,0.300,0,3373,4761,83.346832399167,1,791,1284.500
4762,4762,83.364383999166,83.364388099166,3,7147,465,2538,2292,5c9a780b40b9e652,1408.400,3207.500,562.700,0.300,0,3374,4762,83.364334965833,1,777,1277.400
4763,4763,83.381867665833,83.381880332500,3,7147,478,2612,2406,3ee2d26c7adab023,1390.000,3208.700,580.100,0.400,0,3375,4763,83.381837299166,1,776,1371.300
4764,4764,83.399388965833,83.399393065833,3,7147,493,2746,2524,2eb2ab8e80c3bb76,1389.400,3369.200,609.600,0.500,0,3376,4764,83.399339932499,1,773,1270.200
4765,4765,83.416891432499,83.416895532499,3,7147,497,2791,2630,3d752a5bbdd312f7,1381.000,3235.700,619.900,0.300,0,3377,4765,83.416842399166,1,775,1263.100
4766,4766,83.434393865832,83.434397965832,3,7147,503,2837,2685,fbba4972e715be22,1386.100,3281.400,628.400,0.700,0,3378,4766,83.434344832499,1,776,1268.500
4767,4767,83.451896665832,83.451900765832,3,7147,507,2859,2706,2b3648ee776145eb,1411.200,3310.400,633.100,0.500,0,3379,4767,83.451847632499,1,774,1311.900
4768,4768,83.469398765832,83.469402865832,3,7147,511,2891,2737,0b2acf7a44734f12,1415.600,3447.700,645.700,0.300,0,3380,4768,83.469349732499,1,773,1274.500
4769,4769,83.486882599165,83.486895265832,3,7147,511,2897,2751,71a107051d127e1d,1417.800,3308.200,642.300,0.400,0,3381,4769,83.486852199165,1,774,1271.400
4770,4770,83.504407199165,83.504411299165,3,7147,509,2881,2765,69494c6df4c121a2,1420.400,3434.700,638.300,0.900,0,3382,4770,83.504354632498,1,776,1283.400
4771,4771,83.521909732498,83.521913832498,3,7147,511,2914,2768,024a8e844a138087,1392.100,3392.200,646.900,0.300,0,3383,4771,83.521857165831,1,774,1346.900
4772,4772,83.539390032498,83.539402699165,3,7147,511,2915,2770,17ad0d8d0272f96e,1378.100,3329.400,647.300,0.600,0,3384,4772,83.539359665831,1,774,1300.700
4773,4773,83.556914599164,83.556918699164,3,7147,511,2914,2768,d852626ca843b590,1417.800,3338.700,645.900,0.500,0,3385,4773,83.556862065831,1,774,1472.000
4774,4774,83.574417165831,83.574421265831,3,7147,512,2926,2768,8445387ebfdb785e,1425.300,3437.000,712.300,0.300,0,3386,4774,83.574364632498,1,773,1289.000
4775,4775,83.591897765831,83.591910432497,3,7147,511,2897,2759,d51b5a3d259aede7,1422.900,3487.600,642.500,0.400,0,3387,4775,83.591867399164,1,774,1344.100
4776,4776,83.609421999164,83.609426099164,3,7147,511,2891,2751,ea1052336ec08198,1443.000,3532.500,654.100,0.400,0,3388,4776,83.609369465831,1,773,1276.900
4777,4777,83.626924499164,83.626928599164,3,7147,511,2890,2747,1393c436bc469c5f,1418.400,3485.600,640.800,0.400,0,3389,4777,83.626871965830,1,771,1290.600
4778,4778,83.644404732497,83.644417399164,3,7147,512,2896,2737,7793a6a7c492bf4c,1465.800,3301.000,660.700,0.300,0,3390,4778,83.644374365830,1,769,1299.700
4779,4779,83.661929499163,83.661933599163,3,7147,510,2879,2723,1c27d1701bb6c058,1448.000,3462.800,639.100,0.400,0,3391,4779,83.661876965830,1,771,1322.400
4780,4780,83.679431899163,83.679435999163,3,7147,508,2869,2709,b7c7b6c630095d6b,1395.700,3287.300,635.300,0.400,0,3392,4780,83.679379365830,1,773,1373.700
4781,4781,83.696934399163,83.696938499163,3,7147,506,2847,2698,2ebf849baa94e069,1481.100,3378.200,631.700,0.500,0,3393,4781,83.696881865830,1,773,1350.600
4782,4782,83.714436799163,83.714440899163,3,7147,502,2833,2690,018744e51b447035,1432.300,3382.900,671.200,0.400,0,3394,4782,83.714384265830,1,772,1459.100
4783,4783,83.731939632496,83.731943732496,3,7147,501,2840,2683,ddea591272883f61,1451.200,3407.200,629.200,0.500,0,3395,4783,83.731887099163,1,771,1380.100
4784,4784,83.749441799163,83.749445899163,3,7147,497,2798,2666,8e60af11419e8437,1442.800,3320.000,620.000,0.400,0,3396,4784,83.749389265829,1,775,1301.800
4785,4785,83.766942065829,83.766945899162,3,7147,497,2805,2650,a85008a1f4f3f3bc,1419.700,3309.100,626.500,0.500,0,3397,4785,83.766891732496,1,773,1346.300
4786,4786,83.784424565829,83.784437232495,3,7147,498,2813,2633,b47c7aa114876b82,1429.600,3486.200,624.600,0.500,0,3398,4786,83.784394199162,1,769,1372.100
4787,4787,83.801947032495,83.801950865829,3,7147,497,2806,2626,a6aea45b0ce6603e,1454.700,3365.500,621.700,0.200,0,3399,4787,83.801896699162,1,769,1264.400
4788,4788,83.819429499162,83.819442165828,3,7147,498,2808,2608,329ee0d2af84309d,1394.000,3325.600,634.600,0.400,0,3400,4788,83.819399099162,1,768,1282.300
4789,4789,83.836931965828,83.836944632495,3,7147,493,2774,2586,98581061e9e760bb,1390.300,3458.000,623.300,0.600,0,3401,4789,83.836901599162,1,770,1511.300
4790,4790,83.854454499161,83.854458332495,3,7147,493,2756,2544,724648531acbd73a,1433.700,3411.700,618.800,0.500,0,3402,4790,83.854404165828,1,768,1308.000
4791,4791,83.871957399161,83.871961232495,3,7147,490,2707,2492,f8754bedcae1d82f,1418.000,3247.300,599.500,0.400,0,3403,4791,83.871907065828,1,770,1345.200
4792,4792,83.889459432494,83.889463265828,3,7147,488,2690,2470,95d70dc9156ec909,1399.000,3354.900,597.200,0.300,0,3404,4792,83.889409099161,1,769,1302.100
4793,4793,83.906961865828,83.906965699161,3,7147,488,2685,2457,d0dac07fd2fa9391,1407.500,3257.400,594.300,0.400,0,3405,4793,83.906911532494,1,766,1394.000
4794,4794,83.924464365827,83.924468199161,3,7147,488,2704,2438,9b5603177b03b6d9,1420.500,3343.500,599.300,0.300,0,3406,4794,83.924414032494,1,765,1344.400
4795,4795,83.941966799161,83.941970632494,3,7147,484,2674,2416,fb9ee88e1a28592d,1521.100,3286.600,593.200,0.500,0,3407,4795,83.941916465827,1,768,1273.900
4796,4796,83.959469265827,83.959473099160,3,7147,484,2673,2406,53bb5df8b8c1d653,1398.700,3242.600,645.500,0.400,0,3408,4796,83.959418932494,1,765,1280.200
4798,4798,83.994474132493,83.994477965827,3,7147,477,2598,2370,0bd785957d4df242,1400.300,3254.000,575.800,0.500,0,3409,4798,83.994423799160,1,769,1271.300
4800,4800,84.029475665826,84.029479499160,3,7147,470,2548,2337,8f4de966e69e6202,1463.400,3416.400,572.600,0.500,0,3410,4800,84.029428832493,1,771,1367.800
4801,4801,84.046978099160,84.046981932493,3,7147,465,2528,2312,91d5ee5bcca6185c,1432.100,3246.500,560.900,0.400,0,3411,4801,84.046931265826,1,773,1328.900
4802,4802,84.064480665826,84.064484499159,3,7147,499,2823,2649,65c3932d880c3dbb,1444.100,3401.200,626.200,0.600,0,3412,4802,84.064433832493,1,767,1282.700
4804,4804,84.099485465826,84.099489299159,3,7147,539,3100,2933,b22d51381628a8e9,1422.900,3661.800,691.600,0.600,0,3413,4804,84.099438632492,1,767,1380.800
4805,4805,84.116988032492,84.116991865825,3,7147,547,3158,3030,a3915e0a51669913,1489.700,3462.900,706.100,0.500,0,3414,4805,84.116941199159,1,772,1560.400
4806,4806,84.134490465825,84.134494299159,3,7147,556,3225,3113,54fc855ce7562224,1499.000,3547.700,720.000,0.700,0,3415,4806,84.134443632492,1,772,1535.100
4807,4807,84.151993365825,84.151997199158,3,7147,569,3295,3174,347235f8cb840964,1438.200,3554.000,733.200,1.500,0,3416,4807,84.151946532492,1,768,1486.500
4808,4808,84.169495499158,84.169499332492,3,7147,579,3392,3226,95e7836aa6850c32,1441.600,3479.100,757.800,0.500,0,3417,4808,84.169448665825,1,763,1438.500
4809,4809,84.186997932491,84.187001765825,3,7147,581,3391,3264,eecafa9d0beb5600,1414.700,3563.100,765.000,1.000,0,3418,4809,84.186951099158,1,765,1382.600
4810,4810,84.204500332491,84.204504165825,3,7147,582,3429,3289,4607bf609cdde522,1395.200,3599.700,761.200,1.100,0,3419,4810,84.204453499158,1,765,1722.100
4811,4811,84.222002799158,84.222006632491,3,7147,587,3452,3311,3e2f29026f0fea60,1409.200,3506.600,769.000,0.300,0,3420,4811,84.221955965824,1,762,1303.100
4812,4812,84.239505265824,84.239509099158,3,7147,591,3457,3324,9ca9f30cd6140df0,1411.300,3496.700,770.500,0.600,0,3421,4812,84.239458432491,1,761,1288.100
4813,4813,84.257007765824,84.257011599157,3,7147,593,3465,3331,beff551b13124dfa,1379.300,3498.500,774.000,0.400,0,3422,4813,84.256960932491,1,761,1506.600
4814,4814,84.274493799157,84.274506465824,3,7147,594,3468,3340,fb04d06491e2d194,1390.200,3528.700,775.700,0.400,0,3423,4814,84.274463432491,1,761,1375.200
4815,4815,84.291996565824,84.292009232490,3,7147,593,3464,3340,e3d4719a67076347,1436.500,3502.000,769.500,0.500,0,3424,4815,84.291966199157,1,761,1352.600
4816,4816,84.309510599157,84.309514432490,3,7147,592,3458,3335,5f3f1504fe3b1268,1443.300,3697.100,766.700,0.300,0,3425,4816,84.309468432490,1,761,1314.200
4817,4817,84.327001199157,84.327013865823,3,7147,591,3455,3329,b8c5334871528222,1441.500,3578.500,771.800,0.400,0,3426,4817,84.326970832490,1,761,1288.300
4818,4818,84.344515499157,84.344519332490,3,7147,589,3462,3322,3fb19a29d2ba7ea5,1439.200,3537.200,772.500,0.800,0,3427,4818,84.344473332490,1,760,1355.600
4819,4819,84.362017932490,84.362021765823,3,7147,586,3442,3313,782d91a3d683d7ad,1403.200,3532.600,797.300,0.400,0,3428,4819,84.361975765823,1,761,1267.600
4820,4820,84.379520365823,84.379524199156,3,7147,584,3439,3308,88c63932a0e8bff5,1430.700,3791.900,826.800,0.500,0,3429,4820,84.379478199156,1,763,1324.000
4821,4821,84.397022899156,84.397026732489,3,7147,585,3460,3292,5bf7545939dd49c9,1500.700,3540.900,769.100,0.300,0,3430,4821,84.396980732489,1,762,1284.100
4822,4822,84.414525365823,84.414529199156,3,7147,584,3421,3285,9f93b9ea58a0c2a7,1396.700,3600.300,763.500,0.400,0,3431,4822,84.414483199156,1,762,1334.500
4823,4823,84.432028232489,84.432032065822,3,7147,585,3429,3273,a64d0a6c4453adc5,1391.700,3723.800,861.900,0.300,0,3432,4823,84.431986065822,1,758,1286.900
4824,4824,84.449530232489,84.449534065822,3,7147,582,3404,3263,901e572c3c0f7b1b,1572.300,3490.800,802.600,0.300,0,3433,4824,84.449488065822,1,760,1301.700
4825,4825,84.467032832489,84.467036665822,3,7147,583,3397,3245,5345e0760a2a259c,1390.900,3489.400,752.600,0.300,0,3434,4825,84.466990665822,1,758,1270.200
4826,4826,84.484535232488,84.484539065822,3,7147,578,3376,3234,841698ed85f78aad,1411.500,3534.200,747.100,0.200,0,3435,4826,84.484493065822,1,762,1281.200
4827,4827,84.502037765822,84.502041599155,3,7147,577,3362,3225,288d30e0b0ccf82a,1411.100,3460.900,763.500,0.400,0,3436,4827,84.501995599155,1,762,1333.800
4828,4828,84.519540199155,84.519544032488,3,7147,573,3314,3209,5fd5e0e18e6eef00,1401.900,3623.200,748.000,0.200,0,3437,4828,84.519498032488,1,765,1291.700
4829,4829,84.537042699155,84.537046532488,3,7147,570,3309,3195,30e683493000a884,1418.600,3627.600,735.100,0.400,0,3438,4829,84.537000532488,1,763,1268.200
4830,4830,84.554543932488,84.554547765821,3,7147,568,3310,3186,03d354bb68e83c8c,1401.000,3518.400,756.300,0.200,0,3439,4830,84.554502932488,1,763,1291.700
4831,4831,84.572046765821,84.572050599154,3,7147,567,3301,3171,4a4f328b53d3acac,1447.800,3577.200,732.100,0.500,0,3440,4831,84.572005765821,1,763,1499.300
4832,4832,84.589548832487,84.589552665821,3,7147,563,3294,3158,c72cec9f02934b87,1428.900,3456.500,739.500,0.300,0,3441,4832,84.589507832487,1,765,1351.900
4833,4833,84.607051432487,84.607055265821,3,7147,566,3311,3149,f0eea46af5960aed,1396.800,3589.700,733.800,0.200,0,3442,4833,84.607010432487,1,762,1382.400
4834,4834,84.624553799154,84.624557632487,3,7147,563,3294,3132,1a2724e07f4b7b0c,1509.200,3492.800,732.000,0.400,0,3443,4834,84.624512799154,1,762,1345.200
4835,4835,84.642056299154,84.642060132487,3,7147,563,3289,3118,135405dd7aa97d96,1394.300,3470.200,733.000,0.400,0,3444,4835,84.642015299154,1,762,1296.900
4836,4836,84.659558765820,84.659562599153,3,7147,560,3252,3108,03d70576a560fc04,1397.000,3433.300,720.500,0.400,0,3445,4836,84.659517765820,1,762,1343.700
4837,4837,84.677061232487,84.677065065820,3,7147,555,3227,3089,a4c358c205de8c5c,1474.100,3388.400,715.300,0.300,0,3446,4837,84.677020232487,1,764,1272.300
4838,4838,84.694563799153,84.694567632486,3,7147,552,3203,3077,e31577be16fe8b26,1447.900,3667.100,719.100,0.500,0,3447,4838,84.694522799153,1,766,1418.800
4839,4839,84.712066665820,84.712070499153,3,7147,551,3205,3067,436332ae2631237d,1432.500,3601.400,768.300,0.400,0,3448,4839,84.712025665820,1,765,1280.100
4840,4840,84.729568665819,84.729572499153,3,7147,549,3183,3052,0c0f0962a2fc1a90,1430.000,3892.900,724.300,0.500,0,3449,4840,84.729527665819,1,765,1408.300
4841,4841,84.747071165819,84.747074999153,3,7147,547,3163,3041,1db779548dc29935,1457.800,3527.700,709.300,0.500,0,3450,4841,84.747030165819,1,765,1326.500
4842,4842,84.764573599152,84.764577432486,3,7147,544,3139,3032,e5f34b7212528079,1426.700,3481.300,696.200,0.400,0,3451,4842,84.764532599152,1,765,1347.100
4843,4843,84.782076099152,84.782079932486,3,7147,547,3166,3018,101da475c0cb07f1,1435.500,3473.300,702.200,0.400,0,3452,4843,84.782035099152,1,761,1314.300
4844,4844,84.799578565819,84.799582399152,3,7147,545,3158,3009,24ee3fe295d84665,1488.900,3404.600,699.500,0.300,0,3453,4844,84.799537565819,1,762,1321.100
4845,4845,84.817078665818,84.817082699152,3,7147,544,3159,3003,60bba4e70f5fbe42,1444.800,3405.400,700.200,0.400,0,3454,4845,84.817039999152,1,762,1297.500
4846,4846,84.834581265818,84.834585299152,3,7147,544,3161,2997,7e201f8210d37309,1480.500,3491.200,701.500,0.500,0,3455,4846,84.834542599152,1,761,1653.500
4847,4847,84.852083999151,84.852088032485,3,7147,544,3124,2981,a211e8fbfe7fa794,1428.800,3453.800,703.500,0.300,0,3456,4847,84.852045332485,1,759,1432.100
4848,4848,84.869586199151,84.869590232485,3,7147,569,3320,3195,61483fc30167eaba,1414.000,3511.500,745.100,0.400,0,3457,4848,84.869547532485,1,761,1435.900
4849,4849,84.887088532484,84.887092565818,3,7147,597,3527,3382,d919b1f52c22fb82,1451.000,3614.100,782.400,0.600,0,3458,4849,84.887049865818,1,753,1309.700
4850,4850,84.904590999151,84.904595032484,3,7147,611,3646,3511,cc7c4176bd6b7363,1441.400,3579.800,813.100,0.700,0,3459,4850,84.904552332484,1,758,1455.700
4851,4851,84.922093599151,84.922097632484,3,7147,631,3741,3612,ed656cd261f21dd7,1451.800,3627.400,829.800,0.400,0,3460,4851,84.922054932484,1,744,1554.500
4852,4852,84.939596099151,84.939600132484,3,7147,642,3811,3683,e292e7758c9ab247,1521.200,3958.100,855.200,1.100,0,3461,4852,84.939557432484,1,738,1616.800
4853,4853,84.957098465817,84.957102499150,3,7147,652,3881,3734,75828a31846fc630,1457.800,3679.800,865.800,0.500,0,3462,4853,84.957059799150,1,732,1430.400
4854,4854,84.974600899150,84.974604932484,3,7147,656,3879,3778,ffdeada20952d83a,1452.100,3636.500,868.300,0.700,0,3463,4854,84.974562232484,1,732,1436.700
4855,4855,84.992103899150,84.992107932483,3,7147,664,3953,3810,9b520b5ad85abb77,1459.900,3827.000,893.600,0.700,0,3464,4855,84.992065232483,1,728,1484.000
4856,4856,85.009605932483,85.009609965817,3,7147,666,3975,3835,85bd605a4a3225a5,1469.600,4041.000,890.800,0.600,0,3465,4856,85.009567265817,1,727,1617.200
4857,4857,85.027108299150,85.027112332483,3,7147,668,3985,3855,026febdf3e99a395,1464.200,3761.500,884.600,0.600,0,3466,4857,85.027069632483,1,726,1491.600
4858,4858,85.044610799150,85.044614832483,3,7147,669,3969,3870,dc60092633dc2b09,1484.000,4179.000,907.400,0.500,0,3467,4858,85.044572132483,1,728,2223.100
4859,4859,85.062113332483,85.062117365816,3,7147,672,3997,3880,657f23d07097bc59,1756.800,3989.900,890.500,1.300,0,3468,4859,85.062074665816,1,725,1524.800
4860,4860,85.079618865816,85.079631065816,3,7147,673,4000,3890,0c17bc583a0116a6,1498.900,3746.000,887.800,0.900,0,3469,4860,85.079588365816,1,726,1315.400
4861,4861,85.097110132482,85.097122332482,3,7147,674,3999,3893,688b4f11b7e692c3,1427.000,3662.300,886.600,0.500,0,3470,4861,85.097079632482,1,727,1451.500
4862,4862,85.114612565816,85.114624765816,3,7147,675,4011,3905,ca4d070a585c9c27,1473.000,3913.100,889.600,0.600,0,3471,4862,85.114582065816,1,727,1413.500
4863,4863,85.132115332482,85.132127532482,3,7147,677,4022,3909,794784b869fe8498,1531.600,3912.100,892.400,1.000,0,3472,4863,85.132084832482,1,726,1488.800
4864,4864,85.149617465815,85.149629665815,3,7147,677,4024,3909,504157b1711d77c7,1487.800,3804.400,898.500,0.500,0,3473,4864,85.149586965815,1,726,1340.500
4865,4865,85.167119999148,85.167132199148,3,7147,677,4024,3909,70a5403754292e6a,1451.900,3910.700,894.900,0.400,0,3474,4865,85.167089499148,1,726,1270.400
4866,4866,85.184622532481,85.184634732481,3,7147,677,4024,3910,6c22da5455ea5164,1468.600,3739.200,894.300,1.000,0,3475,4866,85.184592032481,1,726,1459.800
4867,4867,85.202124899148,85.202137099148,3,7147,677,4024,3910,766001b9c726e283,1511.100,3867.500,902.900,0.500,0,3476,4867,85.202094399148,1,726,1317.300
4868,4868,85.219627465814,85.219639665814,3,7147,678,4029,3911,0f40dda5584dd262,1501.600,3830.500,892.500,1.200,0,3477,4868,85.219596965814,1,725,1248.200
4869,4869,85.237129932481,85.237142132481,3,7147,678,4027,3911,1de7519e228d816f,1553.400,3753.400,899.100,1.400,0,3478,4869,85.237099432481,1,724,1423.700
4870,4870,85.254632299147,85.254644499147,3,7147,677,4017,3911,d933b8cf67b35086,1443.500,3830.800,900.100,0.600,0,3479,4870,85.254601799147,1,725,1443.800
4871,4871,85.272135265814,85.272147465814,3,7147,676,4011,3910,beb1a4ef0719a326,1431.300,3790.200,904.700,1.000,0,3480,4871,85.272104765814,1,726,1452.100
4872,4872,85.289637265814,85.289649465814,3,7147,675,4000,3910,19e3d62f4b5879e3,1424.300,3831.200,889.100,1.000,0,3481,4872,85.289606765814,1,726,1578.700
4873,4873,85.307139799147,85.307151999147,3,7147,675,3999,3910,195c300eeebea7df,1454.900,3880.600,900.700,0.700,0,3482,4873,85.307109299147,1,726,1830.000
4874,4874,85.324642165813,85.324654365813,3,7147,674,4002,3910,0084fee92cebf4b2,1428.400,3939.200,895.500,0.500,0,3483,4874,85.324611665813,1,725,1360.200
4875,4875,85.342145865813,85.342156899147,3,7147,674,3995,3910,f1e85ba0c49ed019,1406.500,3695.700,910.100,0.500,0,3484,4875,85.342114199147,1,724,1314.100
4876,4876,85.359648332480,85.359659365813,3,7147,674,4011,3910,cd6fb0e3e84b9285,1402.400,3672.300,894.900,0.300,0,3485,4876,85.359616665813,1,723,1264.000
4877,4877,85.377150799146,85.377161832480,3,7147,674,4011,3910,71950ffdf13a6cc1,1402.200,3776.900,908.700,0.400,0,3486,4877,85.377119132480,1,723,1300.400
4878,4878,85.394653232479,85.394664265813,3,7147,674,4010,3910,2d33633f7d77a37b,1413.800,3653.200,887.600,0.400,0,3487,4878,85.394621565813,1,723,1275.500
4879,4879,85.412156099146,85.412167132479,3,7147,674,4007,3910,3ea3d062e71b4dea,1447.500,3629.700,887.400,0.400,0,3488,4879,85.412124432479,1,723,1247.700
4880,4880,85.429658232479,85.429669265812,3,7147,674,4007,3910,a3df49fc7ad3f40c,1384.800,3658.600,891.800,0.400,0,3489,4880,85.429626565812,1,723,1412.900
4881,4881,85.447160699146,85.447171732479,3,7147,674,4007,3909,0644a5b93e91b07e,1476.100,3723.800,893.200,0.500,0,3490,4881,85.447129032479,1,723,1286.700
4882,4882,85.464663099145,85.464674132479,3,7147,673,4007,3909,e6c4abf302fe0910,1387.200,3721.800,888.800,0.800,0,3491,4882,85.464631432479,1,723,1268.600
4883,4883,85.482165665812,85.482176699145,3,7147,674,4038,3905,87597cb70015505f,1576.900,4110.200,894.500,1.000,0,3492,4883,85.482133999145,1,722,1317.700
4884,4884,85.499668132478,85.499679165812,3,7147,674,4037,3897,03890efcecf6c862,1413.000,3741.600,899.100,0.900,0,3493,4884,85.499636465812,1,722,1243.900
4885,4885,85.517170632478,85.517181665811,3,7147,671,4022,3897,88b73a63949c7cd9,1422.700,3673.400,898.600,0.300,0,3494,4885,85.517138965811,1,722,1310.100
4886,4886,85.534673065811,85.534684099145,3,7147,672,4032,3895,1d8fb189b0e5cb36,1417.800,3655.600,892.800,0.300,0,3495,4886,85.534641399145,1,721,1319.700
4887,4887,85.552175899144,85.552186932478,3,7147,672,4033,3896,c8961137c03af631,1409.900,3678.400,939.600,0.400,0,3496,4887,85.552144232478,1,721,1241.600
4888,4888,85.569678765811,85.569689799144,3,7147,672,4032,3896,fe9742cf6a37d4e5,1472.100,3698.900,894.700,1.000,0,3497,4888,85.569647099144,1,721,1572.300
4889,4889,85.587188065811,85.587191765811,3,7147,672,4031,3896,2725f03268090ea3,1429.500,3671.700,894.000,1.100,0,3498,4889,85.587148732477,1,721,1257.500
4890,4890,85.604690665811,85.604694365811,3,7147,672,4031,3896,cbbad27f9ce57514,1412.500,3688.000,920.600,0.400,0,3499,4890,85.604651332477,1,721,1303.400
4891,4891,85.622193132477,85.622196832477,3,7147,672,4030,3894,2df1db693b70d9f2,1494.500,3871.200,898.000,0.300,0,3500,4891,85.622153799144,1,721,1310.200
4892,4892,85.639695532477,85.639699232477,3,7147,673,4042,3893,6dfa7a7e48a335dd,1420.000,3708.300,906.000,0.300,0,3501,4892,85.639656199144,1,720,1363.100
4893,4893,85.657198065810,85.657201765810,3,7147,673,4042,3891,7017ac9d96840ac5,1401.500,3627.000,896.500,0.400,0,3502,4893,85.657158732477,1,720,1310.200
4894,4894,85.674700532477,85.674704232477,3,7147,673,4039,3887,3c5948a9cb57cfbd,1429.700,3650.400,902.000,0.400,0,3503,4894,85.674661199143,1,720,1279.300
4895,4895,85.692203199143,85.692206899143,3,7147,671,4022,3888,3092e31571a880ed,1388.100,3663.500,897.800,0.700,0,3504,4895,85.692163865810,1,721,1311.600
4896,4896,85.709705432476,85.709709132476,3,7147,671,4018,3887,f3945d2449a715f3,1384.900,3885.600,891.200,0.400,0,3505,4896,85.709666099143,1,721,1513.500
4897,4897,85.727207832476,85.727211532476,3,7147,672,4026,3887,1ca1106139cb5cfb,1449.700,3940.800,1082.600,0.900,0,3506,4897,85.727168499143,1,720,1895.200
4898,4898,85.744710432476,85.744714132476,3,7147,672,4025,3887,6b6935609acfd2e9,1480.800,3759.400,900.500,0.700,0,3507,4898,85.744671099143,1,720,1317.000
4899,4899,85.762212865809,85.762216565809,3,7147,672,4024,3886,62e9be5971806ce7,1483.100,3718.800,936.400,0.500,0,3508,4899,85.762173532476,1,720,1424.300
4900,4900,85.779715265809,85.779718965809,3,7147,672,4023,3882,3acbfd5d59802977,1480.300,3854.700,940.300,0.600,0,3509,4900,85.779675932476,1,720,1258.600
4901,4901,85.797217699142,85.797221399142,3,7147,671,4022,3882,491e2145b5ea32e0,1550.100,3937.100,911.000,0.500,0,3510,4901,85.797178365809,1,721,1285.600
4902,4902,85.814720232475,85.814723932475,3,7147,671,4022,3881,719140d6819f5843,1441.600,3760.400,891.500,0.400,0,3511,4902,85.814680899142,1,721,1274.700
4903,4903,85.832223099142,85.832226799142,3,7147,671,4021,3880,de366b6f9c50570d,1477.000,3850.300,897.500,0.500,0,3512,4903,85.832183765808,1,721,1230.200
4904,4904,85.849719365808,85.849728432475,3,7147,669,4005,3878,00809221fa4e3089,1449.100,3927.400,887.500,0.400,0,3513,4904,85.849685865808,1,722,1468.000
4905,4905,85.867221832475,85.867230899141,3,7147,669,4003,3877,3740110146c61f75,1428.600,3970.500,893.800,0.300,0,3514,4905,85.867188332475,1,722,1277.000
4906,4906,85.884724365808,85.884733432474,3,7147,665,3962,3877,9f86f01ba1734723,1431.900,3742.900,877.500,0.400,0,3515,4906,85.884690865808,1,723,1316.700
4907,4907,85.902226765808,85.902235832474,3,7147,665,3962,3875,ffca3a64ea099049,1458.500,3783.600,910.700,0.400,0,3516,4907,85.902193265808,1,723,1298.900
4908,4908,85.919729232474,85.919738299141,3,7147,665,3962,3874,e24becafbc9fc963,1411.300,3743.600,912.300,0.400,0,3517,4908,85.919695732474,1,723,1259.500
4909,4909,85.937231765807,85.937240832474,3,7147,666,3971,3874,6c708c23384bed42,1462.800,3707.000,887.800,0.300,0,3518,4909,85.937198265807,1,722,1273.500
4910,4910,85.954734232474,85.954743299140,3,7147,666,3970,3872,399c281244b38100,1390.800,3684.500,884.800,0.300,0,3519,4910,85.954700732474,1,722,1282.100
4911,4911,85.972236965807,85.972246032474,3,7147,666,3970,3873,f9906d41865d3c23,1449.100,3881.700,927.700,1.100,0,3520,4911,85.972203465807,1,722,1276.000
4912,4912,85.989739065807,85.989748132473,3,7147,666,3970,3871,89681573626d8523,1460.000,3717.800,887.600,0.400,0,3521,4912,85.989705565807,1,722,1406.900
4913,4913,86.007241599140,86.007250665807,3,7147,667,3970,3871,6610012ddcc2091f,1419.200,3757.200,880.200,0.300,0,3522,4913,86.007208099140,1,721,1316.700
4914,4914,86.024744065806,86.024753132473,3,7147,667,3970,3868,51c3aee1fec432a2,1480.200,3813.100,928.200,0.400,0,3523,4914,86.024710565806,1,721,1266.000
4915,4915,86.042246599140,86.042255665806,3,7147,667,3960,3864,316e14343e329079,1444.000,3665.400,877.500,0.400,0,3524,4915,86.042213099140,1,721,1289.000
4916,4916,86.059748999139,86.059758065806,3,7147,667,3955,3864,4aa5a9e2e7edc9e1,1416.500,3770.400,907.200,0.400,0,3525,4916,86.059715499139,1,721,1288.400
4917,4917,86.077262799139,86.077271865806,3,7147,688,4095,3982,bea2820a61135620,1444.100,3851.500,908.800,0.300,0,3526,4917,86.077229299139,1,714,1283.700
4918,4918,86.094753932472,86.094762999139,3,7147,701,4187,4069,20ee13ffc5bd4325,1424.600,3947.700,977.100,0.600,0,3527,4918,86.094720432472,1,712,1331.500
4919,4919,86.112271965806,86.112275665806,3,7147,711,4266,4132,3111251373c609d8,1396.100,3778.300,951.700,0.300,0,3528,4919,86.112223299139,1,713,1265.000
4920,4920,86.129774132472,86.129777832472,3,7147,718,4301,4178,618a64f3492e100e,1430.000,3800.000,962.500,0.300,0,3529,4920,86.129725465805,1,715,1270.200
4921,4921,86.147276532472,86.147280232472,3,7147,724,4357,4214,68f6a750eec1a49f,1420.000,3767.100,965.800,0.400,0,3530,4921,86.147227865805,1,716,1288.900
4922,4922,86.164778999138,86.164782699138,3,7147,728,4384,4244,4960b74ab2eca84b,1474.200,3887.200,972.500,0.400,0,3531,4922,86.164730332472,1,717,1244.400
4923,4923,86.182281465805,86.182285165805,3,7147,733,4422,4268,f7349b32671463fa,1448.700,3884.100,1000.600,0.400,0,3532,4923,86.182232799138,1,718,1343.100
4924,4924,86.199783999138,86.199787699138,3,7147,734,4417,4281,bb0760cd8977ad2f,1465.800,3995.900,979.000,0.700,0,3533,4924,86.199735332471,1,721,1437.500
4925,4925,86.217286465804,86.217290165804,3,7147,734,4401,4294,d1236f4c9acb3ab7,1422.000,3813.900,994.400,0.300,0,3534,4925,86.217237799138,1,724,1241.200
4926,4926,86.234788965804,86.234792665804,3,7147,735,4398,4306,48c36a7bb6f10dba,1384.700,3980.000,975.300,0.400,0,3535,4926,86.234740299138,1,726,1282.400
4927,4927,86.252291599137,86.252295299137,3,7147,735,4398,4314,a4d86c889cbca0e0,1393.400,3782.300,974.200,0.400,0,3536,4927,86.252242932471,1,727,1250.400
4928,4928,86.269793799137,86.269797499137,3,7147,734,4388,4320,96d3f985132f5c64,1407.600,3989.800,977.200,0.400,0,3537,4928,86.269745132471,1,728,1729.200
4929,4929,86.287296232470,86.287299932470,3,7147,737,4407,4324,c064d5a5ce4dda4a,1422.200,3812.800,980.700,0.300,0,3538,4929,86.287247565804,1,727,1296.900
4930,4930,86.304798699137,86.304802399137,3,7147,739,4435,4332,08df0c719e7d9315,1402.800,3851.000,982.800,0.300,0,3539,4930,86.304750032470,1,727,1249.500
4931,4931,86.322301299137,86.322304999137,3,7147,739,4437,4335,91ae5fc826c726c6,1383.300,3821.900,989.700,0.500,0,3540,4931,86.322252632470,1,727,1293.800
4932,4932,86.339803732470,86.339807432470,3,7147,740,4440,4337,b46a04b7f1af24d5,1400.400,3879.400,989.500,0.400,0,3541,4932,86.339755065803,1,726,1343.600
4933,4933,86.357306165803,86.357309865803,3,7147,740,4440,4337,0531918a87892448,1398.200,3879.400,990.900,0.300,0,3542,4933,86.357257499136,1,726,1266.900
4934,4934,86.374808632470,86.374812332470,3,7147,740,4440,4337,ebbd0d43c66a2dd5,1422.800,3860.800,999.200,0.300,0,3543,4934,86.374759965803,1,726,1400.100
4935,4935,86.392311565803,86.392315265803,3,7147,740,4437,4339,d9bc6be3f6bbf447,1393.900,3917.700,1009.400,0.400,0,3544,4935,86.392262899136,1,726,1311.300
4936,4936,86.409813665803,86.409817365803,3,7147,740,4437,4339,ce2336ec32cfc60a,1438.900,3989.700,1040.700,0.400,0,3545,4936,86.409764999136,1,726,1467.600
4937,4937,86.427316032469,86.427319732469,3,7147,740,4435,4339,924f1c94a1044292,1432.300,3958.300,993.300,0.600,0,3546,4937,86.427267365802,1,726,1360.900
4938,4938,86.444818599136,86.444822299136,3,7147,740,4436,4340,d2a0f06654d292fa,1418.200,3959.100,985.500,1.200,0,3547,4938,86.444769932469,1,726,1347.000
4939,4939,86.462321065802,86.462324765802,3,7147,739,4428,4340,4658f8b18f64234a,1488.800,3881.000,981.600,1.100,0,3548,4939,86.462272399135,1,725,1472.800
4940,4940,86.479823499135,86.479827199135,3,7147,739,4426,4339,d3af1b80b8ea2359,1445.900,3989.300,992.400,0.700,0,3549,4940,86.479774832469,1,725,1486.300
4941,4941,86.497325932468,86.497329632468,3,7147,738,4413,4338,b0e42c089d87639b,1436.900,3934.400,986.500,0.600,0,3550,4941,86.497277265802,1,724,1403.100
4942,4942,86.514828399135,86.514832099135,3,7147,738,4413,4337,559b69d8728b29c5,1463.800,3999.200,983.600,0.400,0,3551,4942,86.514779732468,1,724,1276.600
4943,4943,86.532331165801,86.532334865801,3,7147,739,4424,4336,2aa6a55a4025d8b3,1414.100,3814.600,985.700,0.400,0,3552,4943,86.532282499135,1,723,1311.700
4944,4944,86.549833365801,86.549837065801,3,7147,739,4422,4335,0c02680228401eb7,1396.500,3840.700,986.000,1.100,0,3553,4944,86.549784699135,1,723,1402.000
4945,4945,86.567335799134,86.567339499134,3,7147,739,4423,4336,d5dfe634d7297f9e,1431.200,3882.800,1002.300,0.600,0,3554,4945,86.567287132468,1,723,1345.300
4946,4946,86.584838332467,86.584842032467,3,7147,739,4424,4337,819d12f55dd4620a,1422.300,3955.800,988.000,0.400,0,3555,4946,86.584789665801,1,723,1311.800
4947,4947,86.602340832467,86.602344532467,3,7147,737,4416,4335,c06b1657b99276cb,1404.000,3936.000,990.400,0.700,0,3556,4947,86.602292165801,1,724,1247.300
4948,4948,86.619843299134,86.619846999134,3,7147,737,4416,4336,b1a5f4e1a696dc89,1398.300,3801.900,978.600,0.900,0,3557,4948,86.619794632467,1,723,1260.700
4949,4949,86.637340465800,86.637344299134,3,7147,739,4426,4336,f603a5bcb886b7ef,1538.000,4172.400,1013.000,0.300,0,3558,4949,86.637297132467,1,720,1409.500
4950,4950,86.654842899133,86.654846732467,3,7147,738,4426,4336,8bf20f2cec324c15,1478.700,4077.100,1009.800,0.400,0,3559,4950,86.654799565800,1,720,1242.900
4951,4951,86.672345699133,86.672349532467,3,7147,739,4442,4336,e7b3d873d7ac5c6f,1418.200,3903.500,990.300,0.500,0,3560,4951,86.672302365800,1,719,1363.900
4952,4952,86.689847865800,86.689851699133,3,7147,740,4453,4333,b51a1a2650002b9d,1412.400,4026.700,999.300,0.500,0,3561,4952,86.689804532466,1,718,1500.400
4953,4953,86.707350365800,86.707354199133,3,7147,739,4445,4328,97480272270af4bf,1431.300,3854.900,995.000,0.300,0,3562,4953,86.707307032466,1,718,1357.900
4954,4954,86.724852699133,86.724856532466,3,7147,739,4444,4326,ed8d92caff90d2c0,1415.400,3909.900,1025.100,0.500,0,3563,4954,86.724809365799,1,717,1424.300
4955,4955,86.742355232466,86.742359065799,3,7147,738,4432,4326,69937fb531eadb9e,1459.300,3836.900,989.200,0.500,0,3564,4955,86.742311899133,1,717,1263.800
4956,4956,86.759857665799,86.759861499132,3,7147,739,4442,4325,6a6a956627888ed1,1471.500,3908.200,984.900,0.500,0,3565,4956,86.759814332466,1,716,1587.600
4957,4957,86.777360199132,86.777364032466,3,7147,740,4462,4324,4b81f17e5d4a6da9,1431.100,3895.600,988.800,0.400,0,3566,4957,86.777316865799,1,715,1358.800
4958,4958,86.794862699132,86.794866532465,3,7147,742,4467,4324,10354f9baddabb52,1426.200,3947.900,993.700,0.400,0,3567,4958,86.794819365799,1,713,1238.900
4959,4959,86.812365365799,86.812369199132,3,7147,741,4456,4324,18bea3e0fbff3d46,1445.000,3881.100,987.200,0.400,0,3568,4959,86.812322032465,1,713,1260.500
4960,4960,86.829867565798,86.829871399132,3,7147,741,4463,4323,5ebeea717a30150a,1441.900,3874.200,988.700,0.400,0,3569,4960,86.829824232465,1,712,1290.200
4961,4961,86.847370065798,86.847373899132,3,7147,740,4459,4323,17c672032af72523,1421.300,4052.900,993.400,0.500,0,3570,4961,86.847326732465,1,713,1247.200
4962,4962,86.864872532465,86.864876365798,3,7147,739,4459,4323,1351808e372b5c49,1444.300,3938.600,993.900,0.400,0,3571,4962,86.864829199131,1,713,1266.600
4963,4963,86.882374932465,86.882378765798,3,7147,741,4470,4322,b7789d23982674ef,1396.100,3867.200,998.500,0.300,0,3572,4963,86.882331599131,1,711,1453.500
4964,4964,86.899875099131,86.899878932464,3,7147,742,4479,4321,4f746b4f933331fb,1453.100,3977.300,999.200,0.500,0,3573,4964,86.899834099131,1,710,1449.900
4965,4965,86.917377532464,86.917381365797,3,7147,743,4475,4321,d7e4ed54b2c9c4d4,1461.800,4105.800,1037.500,0.400,0,3574,4965,86.917336532464,1,709,1336.400
4966,4966,86.934880032464,86.934883865797,3,7147,741,4468,4320,61b3f43f89f93673,1480.800,4056.100,1000.300,0.500,0,3575,4966,86.934839032464,1,709,1588.600
4967,4967,86.952382932464,86.952386765797,3,7147,740,4465,4320,c7a164f7aeb01cf7,1469.500,4134.800,988.800,0.300,0,3576,4967,86.952341932464,1,709,1275.500
4968,4968,86.969885032464,86.969888865797,3,7147,740,4464,4319,da05b45c6b7704f8,1449.500,4003.100,988.800,0.700,0,3577,4968,86.969844032464,1,709,1268.500
4969,4969,86.987387499130,86.987391332463,3,7147,738,4457,4320,148cf00fcb7a4b03,1488.000,4022.600,1002.600,0.300,0,3578,4969,86.987346499130,1,709,1422.300
4970,4970,87.004889932463,87.004893765797,3,7147,749,4475,4388,815f48966b8ab3b9,1512.700,3945.100,995.800,0.300,0,3579,4970,87.004848932463,1,717,1266.600
4971,4971,87.022392399130,87.022396232463,3,7147,758,4548,4441,b17faec0d399e96f,1450.100,4107.600,1010.900,0.500,0,3580,4971,87.022351399130,1,720,1328.800
4972,4972,87.039894865796,87.039898699130,3,7147,765,4608,4499,8e8976b8806fe15d,1484.700,4182.200,1021.000,0.400,0,3581,4972,87.039853865796,1,724,1339.300
4973,4973,87.057397432463,87.057401265796,3,7147,770,4629,4555,cef500f191261a3a,1522.100,4188.200,1032.000,0.500,0,3582,4973,87.057356432463,1,727,1281.000
4974,4974,87.074911165796,87.074914999129,3,7147,776,4706,4596,39152fe286f9d96c,1504.900,4150.900,1061.100,0.300,0,3583,4974,87.074870165796,1,725,1304.500
4975,4975,87.092402632462,87.092406465796,3,7147,780,4734,4628,90d91a03387aa00c,1556.000,4053.900,1050.200,0.600,0,3584,4975,87.092361632462,1,728,1362.200
4976,4976,87.109904799129,87.109908632462,3,7147,780,4750,4656,bd70d9aaff1d0b5b,1563.000,4196.100,1063.900,0.700,0,3585,4976,87.109863799129,1,730,1867.900
4977,4977,87.127407332462,87.127411165795,3,7147,783,4808,4677,f8f7d13b5c5b3e64,1429.200,4013.900,1075.900,0.400,0,3586,4977,87.127366332462,1,730,1321.700
4978,4978,87.144907399129,87.144911432462,3,7147,786,4827,4691,fdfc6e0767d5b752,1453.600,4035.500,1091.200,0.400,0,3587,4978,87.144868732462,1,729,1299.400
4979,4979,87.162409899128,87.162413932462,3,7147,787,4805,4706,74d936aac674fe0a,1733.700,4438.900,1071.300,0.800,0,3588,4979,87.162371232462,1,731,1292.400
4980,4980,87.179912299128,87.179916332462,3,7147,786,4801,4722,81803ead7e3d434c,1501.400,4184.900,1068.500,0.500,0,3589,4980,87.179873632462,1,732,1265.300
4981,4981,87.197414765795,87.197418799128,3,7147,788,4811,4724,8c3a299f182d7a5e,1409.800,4118.300,1098.900,0.300,0,3590,4981,87.197376099128,1,730,1260.600
4982,4982,87.214917332461,87.214921365795,3,7147,788,4812,4726,74b325f7df29398e,1455.900,4221.100,1132.300,0.600,0,3591,4982,87.214878665795,1,730,1318.300
4983,4983,87.232420232461,87.232424265794,3,7147,786,4803,4735,50a768750a014a1b,1485.400,4227.800,1068.700,0.600,0,3592,4983,87.232381565794,1,732,1289.800
4984,4984,87.249922265794,87.249926299127,3,7147,786,4803,4735,21fcdde25ec6373f,1427.500,4018.500,1078.200,0.600,0,3593,4984,87.249883599128,1,732,1334.800
4985,4985,87.267424732461,87.267428765794,3,7147,786,4804,4742,713cee27acf1fdaf,1489.700,4074.900,1071.500,0.400,0,3594,4985,87.267386065794,1,732,1297.600
4986,4986,87.284927199127,87.284931232460,3,7147,786,4805,4743,c00bc2002509de86,1506.700,4143.400,1064.900,0.500,0,3595,4986,87.284888532460,1,732,1280.200
4987,4987,87.302429699127,87.302433732460,3,7147,786,4806,4744,6c45735f22c5f92a,1427.700,4039.300,1064.600,1.400,0,3596,4987,87.302391032460,1,732,1290.300
4988,4988,87.319932065793,87.319936099127,3,7147,788,4815,4744,d09e0f4e6e0ec108,1427.700,4008.000,1066.600,1.600,0,3597,4988,87.319893399127,1,730,1322.900
4989,4989,87.337434532460,87.337438565793,3,7147,788,4815,4744,d5401e4c35967b2b,1417.300,4099.900,1148.300,0.200,0,3598,4989,87.337395865793,1,730,1270.700
4990,4990,87.354937132460,87.354941165793,3,7147,788,4814,4744,3fa46120af678377,1414.000,4165.800,1066.400,0.400,0,3599,4990,87.354898465793,1,730,1286.400
4991,4991,87.372439765793,87.372443799126,3,7147,788,4814,4744,963d1547b8a4f530,1485.000,4004.300,1072.500,0.500,0,3600,4991,87.372401099126,1,730,1490.200
4992,4992,87.389937399126,87.389946099126,3,7147,788,4814,4744,adfff6dcc74147fa,1395.000,4228.700,1072.900,0.400,0,3601,4992,87.389903399126,1,730,1465.100
4993,4993,87.407439799126,87.407448499126,3,7147,788,4815,4745,fec29c5be06740f6,1417.100,4012.000,1069.200,0.900,0,3602,4993,87.407405799126,1,730,1447.200
4994,4994,87.424942232459,87.424950932459,3,7147,789,4824,4744,b4d79562dd0b932f,1415.300,4061.900,1135.200,0.300,0,3603,4994,87.424908232459,1,729,1259.000
4995,4995,87.442444765792,87.442453465792,3,7147,789,4824,4744,4a4ee4694c035b3d,1403.600,4046.300,1097.800,0.800,0,3604,4995,87.442410765792,1,729,1414.600
4996,4996,87.459947199125,87.459955899125,3,7147,789,4829,4744,4db72a6f92a8cd5e,1397.200,3973.500,1075.100,0.400,0,3605,4996,87.459913199125,1,728,1270.900
4997,4997,87.477449632459,87.477458332459,3,7147,789,4834,4742,d4e81cf0ff185a7d,1438.600,4059.600,1112.400,0.400,0,3606,4997,87.477415632459,1,727,1248.500
4998,4998,87.494952065792,87.494960765792,3,7147,790,4834,4739,bdaf5c8648a2c7c4,1456.300,4107.200,1169.100,0.600,0,3607,4998,87.494918065792,1,726,1297.100
4999,4999,87.512454999125,87.512463699125,3,7147,790,4855,4740,049d46f9879505a2,1498.100,4146.300,1087.200,0.400,0,3608,4999,87.512420999125,1,725,1314.800
5000,5000,87.529956999125,87.529965699125,3,7147,790,4854,4740,4749b60068a85e17,1407.300,4142.100,1076.000,1.100,0,3609,5000,87.529922999125,1,725,1372.700
5001,5001,87.547459532458,87.547468232458,3,7147,790,4856,4742,8651d29b01c73c16,1409.200,3993.900,1081.200,0.400,0,3610,5001,87.547425532458,1,725,1329.200
5002,5002,87.564961932458,87.564970632458,3,7147,790,4856,4743,4071a5a9cafe7516,1432.400,4038.000,1076.100,0.400,0,3611,5002,87.564927932458,1,725,1313.600
5003,5003,87.582464465791,87.582473165791,3,7147,790,4848,4742,b5b772e005f73d18,1405.700,4060.900,1073.800,0.600,0,3612,5003,87.582430465791,1,723,1252.400
5004,5004,87.599966899124,87.599975599124,3,7147,790,4858,4733,b8e1ac046eb72c9b,1472.700,4228.700,1079.100,0.500,0,3613,5004,87.599932899124,1,722,1466.500
5005,5005,87.617469365790,87.617478065790,3,7147,789,4857,4733,c99fd3372150bff9,1466.800,4092.700,1088.300,1.000,0,3614,5005,87.617435365790,1,722,1416.600
5006,5006,87.634970765790,87.634980632457,3,7147,789,4857,4733,bdb6b255b2dfc362,1441.200,4075.700,1084.900,0.600,0,3615,5006,87.634937932457,1,722,1424.400
5007,5007,87.652473465790,87.652483332457,3,7147,789,4853,4733,50481561dd8f7dbd,1417.500,4089.700,1082.700,0.500,0,3616,5007,87.652440632457,1,722,1426.000
5008,5008,87.669975599123,87.669985465790,3,7147,788,4843,4731,72a86172006810f1,1426.500,4101.000,1076.200,0.600,0,3617,5008,87.669942765790,1,722,1396.500
5009,5009,87.687478165790,87.687488032456,3,7147,788,4843,4731,15f2c7309893bc8a,1430.300,4013.400,1074.500,0.400,0,3618,5009,87.687445332456,1,722,1336.300
5010,5010,87.704980565790,87.704990432456,3,7147,788,4841,4731,ef7c8739d25287e1,1400.700,4055.700,1074.700,0.400,0,3619,5010,87.704947732456,1,722,1385.200
5011,5011,87.722483132456,87.722492999123,3,7147,787,4828,4731,f0d130d58f02d44a,1463.100,4290.500,1107.400,0.600,0,3620,5011,87.722450299123,1,723,1468.400
5012,5012,87.739985499123,87.739995365789,3,7147,787,4827,4731,b197c4c643fc76a9,1532.700,4331.500,1070.500,0.500,0,3621,5012,87.739952665789,1,723,1423.100
5013,5013,87.757487999122,87.757497865789,3,7147,787,4826,4731,b42cced585652395,1460.300,4096.000,1074.400,0.400,0,3622,5013,87.757455165789,1,723,1314.500
5014,5014,87.774990499122,87.775000365789,3,7147,789,4831,4731,826b175631a44820,1487.800,4127.100,1079.400,0.900,0,3623,5014,87.774957665789,1,721,1804.800
5015,5015,87.792493432455,87.792503299122,3,7147,789,4832,4732,2257a3f67619376b,1548.600,4155.400,1072.100,0.500,0,3624,5015,87.792460599122,1,721,1595.600
5016,5016,87.809995465789,87.810005332455,3,7147,787,4818,4731,913b01e7d50c2d62,1494.300,4314.300,1067.600,0.500,0,3625,5016,87.809962632455,1,721,1275.500
5017,5017,87.827497965788,87.827507832455,3,7147,787,4823,4723,d7f8cc2c02621267,1466.800,4068.100,1068.200,0.400,0,3626,5017,87.827465132455,1,721,1409.800
5018,5018,87.845000332455,87.845010199122,3,7147,785,4807,4715,e9744aec45b92dcb,1472.700,4153.800,1065.800,0.500,0,3627,5018,87.844967499122,1,721,1284.800
5019,5019,87.862502899121,87.862512765788,3,7147,784,4806,4714,2202cf4bea2fd240,1486.600,4100.000,1065.300,1.100,0,3628,5019,87.862470065788,1,721,1263.600
5020,5020,87.880002565788,87.880015132455,3,7147,599,4089,3997,d18ecde4a2178de8,1477.600,3650.600,906.400,0.300,0,3629,5020,87.879972565788,1,721,1291.600
5021,5021,87.897505299121,87.897517965788,3,7147,598,4088,3997,0cfbcdad9000204f,1556.900,3621.800,912.000,0.700,0,3630,5021,87.897474932454,1,721,1274.800
5022,5022,87.915026432454,87.915030565788,3,7147,597,4076,3997,fe48d27101e32f62,1508.200,3601.100,903.900,1.000,0,3631,5022,87.914977399121,1,722,1275.200
5023,5023,87.932529265787,87.932533399121,3,7147,595,4069,3997,a1645114f2ba68f5,1548.100,3696.200,903.500,0.500,0,3632,5023,87.932480232454,1,722,1330.400
5024,5024,87.950031399121,87.950035532454,3,7147,596,4087,3996,1f35c529b4d0c746,1506.500,3707.200,906.700,0.400,0,3633,5024,87.949982365787,1,721,1332.300
5025,5025,87.967515232454,87.967527899120,3,7147,596,4087,3996,b5201223adc7fadd,1472.700,3554.700,906.000,0.300,0,3634,5025,87.967484865787,1,720,1251.800
5026,5026,87.985036332453,87.985040432453,3,7147,597,4086,3995,217c2fc30fa6add8,1503.900,3596.000,916.800,0.400,0,3635,5026,87.984987299120,1,719,1303.900
5027,5027,88.002538765787,88.002542865787,3,7147,597,4086,3994,755c3fa31329bd7b,1455.300,3634.900,906.300,0.300,0,3636,5027,88.002489732453,1,719,1289.300
5028,5028,88.020041265786,88.020045365786,3,7147,596,4078,3990,694ede0d2b7d3574,1483.700,3595.800,904.200,0.300,0,3637,5028,88.019992232453,1,719,1251.500
5029,5029,88.037525032453,88.037537699120,3,7147,596,4078,3988,8bc7e2cedc6de39b,1555.300,3602.600,913.800,0.400,0,3638,5029,88.037494665786,1,719,1264.000
5030,5030,88.055046265786,88.055050365786,3,7147,597,4078,3984,0ac48aaceb02fd1b,1499.300,3621.000,909.600,0.400,0,3639,5030,88.054997232453,1,718,1252.900
5031,5031,88.072541799119,88.072554465786,3,7147,597,4077,3981,a58556bddfd65d94,1470.700,3577.500,921.200,0.400,0,3640,5031,88.072511432453,1,718,1386.400
5032,5032,88.090051199119,88.090055299119,3,7147,597,4077,3981,d598cad9eb326226,1467.700,3614.100,926.800,0.600,0,3641,5032,88.090002165786,1,718,1413.400
5033,5033,88.107553632452,88.107557732452,3,7147,599,4086,3981,84941b3a3fbfee27,1574.600,3747.000,909.100,0.500,0,3642,5033,88.107504599119,1,716,1567.500
5034,5034,88.125055032452,88.125059132452,3,7147,600,4099,3982,f1c3822c06e59763,1541.600,3622.200,908.900,0.500,0,3643,5034,88.125007165785,1,715,1461.300
5035,5035,88.142539932452,88.142552599119,3,7147,601,4102,3979,dd5fbf6fd449f05f,1480.800,3696.800,909.000,0.700,0,3644,5035,88.142509565785,1,714,1296.900
5036,5036,88.160059899118,88.160063999118,3,7147,601,4101,3978,5150b28faf7e884d,1486.500,3781.300,916.900,0.500,0,3645,5036,88.160012032452,1,714,1236.700
5037,5037,88.177544799118,88.177557465785,3,7147,601,4090,3978,8be7583aa4a88d7d,1466.900,3595.600,913.400,0.500,0,3646,5037,88.177514432452,1,714,1273.700
5038,5038,88.195047299118,88.195059965785,3,7147,600,4083,3975,4c51d98c7143d0de,1440.900,3590.300,911.000,0.500,0,3647,5038,88.195016932451,1,714,1258.400
5039,5039,88.212567599118,88.212571699118,3,7147,599,4083,3975,ad8faf6f3b17fd59,1533.700,3662.500,910.300,0.600,0,3648,5039,88.212519732451,1,714,1260.500
5040,5040,88.230069765784,88.230073865784,3,7147,600,4082,3975,bff534a9d3145d39,1495.700,3673.400,906.100,0.400,0,3649,5040,88.230021899118,1,713,1325.000
5041,5041,88.247572199118,88.247576299118,3,7147,598,4075,3975,ebe4592b5aae1def,1475.900,3608.800,908.500,0.400,0,3650,5041,88.247524332451,1,713,1289.700
5042,5042,88.265057265784,88.265069932451,3,7147,600,4085,3974,443740fa6205e77c,1452.900,3603.400,910.800,0.500,0,3651,5042,88.265026899117,1,711,1438.900
5043,5043,88.282559765784,88.282572365784,3,7147,600,4085,3972,20093d9bcc17640e,1460.400,3635.100,919.600,0.500,0,3652,5043,88.282529399117,1,711,1321.800
5044,5044,88.300079665784,88.300083765784,3,7147,601,4081,3969,03efabda5f57b515,1440.200,3970.200,904.300,0.900,0,3653,5044,88.300031799117,1,710,1420.900
5045,5045,88.317582165783,88.317586265783,3,7147,600,4079,3967,8f7f57a8e9c00c58,1492.200,3569.200,905.300,0.600,0,3654,5045,88.317534299117,1,710,1306.600
5046,5046,88.335067032450,88.335079699117,3,7147,600,4078,3967,0acbc529a85289d9,1448.400,3621.400,912.000,0.400,0,3655,5046,88.335036665783,1,710,1267.400
5047,5047,88.352587465783,88.352591565783,3,7147,598,4069,3966,445551ba26381b94,1397.300,3524.100,949.600,0.400,0,3656,5047,88.352539599116,1,710,1252.300
5048,5048,88.370090799116,88.370094899116,3,7147,597,4065,3966,b40dadf6b8af7638,1399.400,3525.500,902.100,0.300,0,3657,5048,88.370041765783,1,710,1263.900
5049,5049,88.387593199116,88.387597299116,3,7147,596,4064,3966,ae2ae79a86be8147,1416.100,3751.200,901.600,0.500,0,3658,5049,88.387544165783,1,710,1348.100
5050,5050,88.405095699116,88.405099799116,3,7147,596,4064,3967,c35794a90ae68a26,1404.700,3708.200,900.800,0.400,0,3659,5050,88.405046665783,1,710,1269.000
5051,5051,88.422598065782,88.422602165782,3,7147,597,4074,3967,f7827c4de6cf122a,1394.600,3600.200,911.800,0.600,0,3660,5051,88.422549032449,1,709,1410.500
5052,5052,88.440100565782,88.440104665782,3,7147,597,4074,3967,0654e7be2533fbf5,1418.800,3491.600,903.600,0.400,0,3661,5052,88.440051532449,1,709,1351.900
5053,5053,88.457603099115,88.457607199115,3,7147,597,4068,3966,542f09b00918b647,1490.000,3556.100,923.500,0.800,0,3662,5053,88.457554065782,1,708,1319.400
5054,5054,88.475086932449,88.475099599115,3,7147,597,4075,3960,dc886164e6d8be51,1476.800,3484.500,922.300,0.500,0,3663,5054,88.475056565782,1,707,1303.100
5055,5055,88.492589699115,88.492602365782,3,7147,597,4065,3959,e68107218d2e0b70,1396.100,3518.500,977.300,0.400,0,3664,5055,88.492559332448,1,707,1325.000
5056,5056,88.510110465782,88.510114565782,3,7147,596,4057,3956,4b29aa53d3ecdc2f,1397.500,3567.900,906.700,0.400,0,3665,5056,88.510061432448,1,707,1233.800
5057,5057,88.527612899115,88.527616999115,3,7147,596,4056,3952,d8f79d184ceabb92,1436.100,3589.900,904.800,0.200,0,3666,5057,88.527563865781,1,707,1287.800
5058,5058,88.545115432448,88.545119532448,3,7147,595,4051,3945,5eb5c1d571c26286,1392.300,3606.900,920.200,0.700,0,3667,5058,88.545066399115,1,707,1298.300
5059,5059,88.562617865781,88.562621965781,3,7147,594,4027,3945,324f9ef4563db055,1404.000,3468.600,893.700,0.300,0,3668,5059,88.562568832448,1,708,1352.000
5060,5060,88.580101765781,88.580114432448,3,7147,595,4037,3945,9d507e71ab895662,1431.000,3513.600,895.300,0.400,0,3669,5060,88.580071399114,1,707,1283.400
5061,5061,88.597622765781,88.597626865781,3,7147,595,4037,3945,d68d3d11c84a0c0e,1412.100,3816.300,939.500,0.500,0,3670,5061,88.597573732447,1,707,1511.400
5062,5062,88.615125399114,88.615129499114,3,7147,594,4026,3945,52f3c525c0ded8c7,1425.300,3527.800,901.500,0.400,0,3671,5062,88.615076365781,1,708,1299.700
5063,5063,88.632628165780,88.632632265780,3,7147,595,4026,3944,2c123a391324ebf2,1399.000,3556.400,899.400,0.300,0,3672,5063,88.632579132447,1,707,1267.300
5064,5064,88.650111565780,88.650124232447,3,7147,594,4022,3944,44b720ec696ac559,1417.000,3456.500,897.000,0.500,0,3673,5064,88.650081199114,1,707,1233.100
5065,5065,88.667614032447,88.667626699113,3,7147,593,4014,3944,51b5feaa8e574761,1876.700,3628.300,898.400,0.500,0,3674,5065,88.667583665780,1,707,1328.700
5067,5067,88.702637599113,88.702641699113,3,7147,594,4021,3944,a62bc2a3e02f5819,1413.500,3485.700,906.200,0.500,0,3675,5067,88.702588565780,1,706,1356.000
5069,5069,88.737642665779,88.737646765779,3,7147,597,4054,3940,d622587aadd0437f,1536.100,3723.500,899.500,0.500,0,3676,5069,88.737593632446,1,703,1280.800
5070,5070,88.755145099112,88.755149199112,3,7147,597,4054,3939,00d57464820a6fbf,1404.500,3566.900,899.500,0.500,0,3677,5070,88.755096065779,1,702,1275.700
5071,5071,88.772647832446,88.772651932446,3,7147,597,4054,3938,a91f3670bbf293b3,1481.100,3613.000,899.600,0.600,0,3678,5071,88.772598799112,1,702,1500.400
5072,5072,88.790149965779,88.790154065779,3,7147,597,4054,3938,aed7eaf2b3a7e04b,1483.400,3605.700,921.100,0.900,0,3679,5072,88.790100932445,1,702,1662.100
5073,5073,88.807652465779,88.807656565779,3,7147,597,4053,3934,9112e5ab23c0a35f,1499.400,3589.600,899.300,1.000,0,3680,5073,88.807603432445,1,702,1521.500
5074,5074,88.825154899112,88.825158999112,3,7147,596,4040,3934,634df47700f18643,1443.200,3551.300,896.400,0.700,0,3681,5074,88.825105865778,1,702,1455.900
5075,5075,88.842657399112,88.842661499112,3,7147,597,4046,3933,83c03e450c34ec76,1433.800,3563.800,898.900,0.500,0,3682,5075,88.842608365778,1,701,1391.200
5076,5076,88.860159932445,88.860164032445,3,7147,599,4054,3931,74d15028aa55539d,1425.400,3548.600,899.400,0.400,0,3683,5076,88.860110899111,1,699,1287.300
5077,5077,88.877662399111,88.877666499111,3,7147,596,4041,3929,785d49b705e9386a,1413.300,3527.100,895.400,0.800,0,3684,5077,88.877613365778,1,699,1410.100
5078,5078,88.895164899111,88.895168999111,3,7147,596,4041,3929,4e3b7345915071a4,1427.400,3534.200,900.000,0.600,0,3685,5078,88.895115865778,1,699,1419.600
5079,5079,88.912667732444,88.912671832444,3,7147,595,4038,3928,df3b568ff94d4617,1423.100,3510.600,905.200,0.500,0,3686,5079,88.912618699111,1,699,1500.500
5080,5080,88.930151199111,88.930163865777,3,7147,595,4038,3927,517704837db2ddd4,1446.300,3604.800,895.800,0.500,0,3687,5080,88.930120832444,1,699,1295.800
5081,5081,88.947653532444,88.947666199111,3,7147,593,4036,3927,7bcab69520023e19,1537.400,3612.000,895.900,0.500,0,3688,5081,88.947623165777,1,699,1292.100
5082,5082,88.965155999110,88.965168665777,3,7147,591,4024,3925,c35e09a0b7162ac2,1512.100,3635.400,893.200,0.400,0,3689,5082,88.965125632444,1,700,1269.900
5083,5083,88.982658599110,88.982671265777,3,7147,591,4021,3925,f5b767337091a2db,1459.200,3602.700,893.000,0.300,0,3690,5083,88.982628232444,1,699,1315.700
5084,5084,89.000161032443,89.000173699110,3,7147,592,4043,3922,8786de506e393996,1507.500,3643.500,909.900,0.300,0,3691,5084,89.000130665777,1,697,1253.700
5085,5085,89.017663532443,89.017676132443,3,7147,593,4044,3923,d506504d3124e122,1454.000,3629.900,1043.700,0.400,0,3692,5085,89.017633165776,1,696,1292.000
5086,5086,89.035165965776,89.035178632443,3,7147,593,4044,3924,cd94d548ff3ee329,1508.300,3592.700,897.800,0.500,0,3693,5086,89.035135599110,1,696,1276.300
5087,5087,89.052668699109,89.052681365776,3,7147,591,4021,3922,a244da1d98b2906a,1473.500,3773.900,902.500,0.400,0,3694,5087,89.052638332443,1,698,1277.500
5088,5088,89.070200832443,89.070204932443,3,7147,591,4021,3922,1713c2ac4a580f69,1485.800,3578.000,905.200,0.300,0,3695,5088,89.070151799109,1,698,1261.000
5089,5089,89.087673432442,89.087686099109,3,7147,591,4019,3922,d75b28fb10e932c1,1489.400,3715.500,907.500,0.400,0,3696,5089,89.087643065776,1,698,1233.300
5090,5090,89.105175832442,89.105188499109,3,7147,589,4012,3921,8016ebbb7bb29e37,1468.600,3538.700,895.400,0.200,0,3697,5090,89.105145465776,1,698,1336.300
5091,5091,89.122696899109,89.122700999109,3,7147,590,4022,3917,2eb0eb2595268dd5,1542.700,3687.100,892.800,0.500,0,3698,5091,89.122647865775,1,697,1566.900
5092,5092,89.140199465775,89.140203565775,3,7147,590,4022,3917,dba62c5b27cca9c9,1559.000,3777.400,892.500,0.300,0,3699,5092,89.140150432442,1,697,1357.700
5093,5093,89.157701965775,89.157706065775,3,7147,593,4020,3916,16dac78b7baf230b,1469.300,3607.800,938.000,0.400,0,3700,5093,89.157652932442,1,694,1326.400
5094,5094,89.175204365775,89.175208465775,3,7147,592,4020,3914,5fd9b1ed9b7c8c86,1546.300,3783.600,964.700,0.600,0,3701,5094,89.175155332442,1,694,1333.000
5095,5095,89.192707232441,89.192711332441,3,7147,593,4030,3914,52df0d854a8fb636,1482.800,3683.000,895.000,0.600,0,3702,5095,89.192658199108,1,693,1307.700
5096,5096,89.210209399108,89.210213499108,3,7147,593,4029,3912,69b8715e28342f87,1516.700,3634.900,893.400,0.500,0,3703,5096,89.210160365775,1,693,1318.500
5097,5097,89.227711732441,89.227715832441,3,7147,594,4021,3906,78a61a930515c335,1432.100,3563.700,906.400,0.400,0,3704,5097,89.227662699108,1,691,1279.300
5098,5098,89.245214232441,89.245218332441,3,7147,593,4020,3904,177abad5acdc7eab,1428.500,3462.100,897.400,0.500,0,3705,5098,89.245165199108,1,691,1470.200
5099,5099,89.262716799107,89.262720899107,3,7147,593,4020,3904,1915928a00c9c44d,1678.400,3674.800,892.000,0.500,0,3706,5099,89.262667765774,1,690,1357.500
5100,5100,89.280200565774,89.280213165774,3,7147,593,4019,3903,5b044a5b4f400e6a,1456.200,3589.400,899.000,0.600,0,3707,5100,89.280170199107,1,690,1342.400
5101,5101,89.297721632440,89.297725732440,3,7147,593,4014,3903,fc7495b7a675b463,1474.000,3583.400,895.900,0.500,0,3708,5101,89.297672599107,1,690,1378.000
5102,5102,89.315205465774,89.315218132440,3,7147,594,4023,3902,fa0ffa44f546b2fe,1423.200,3457.200,903.500,0.500,0,3709,5102,89.315175099107,1,689,1352.900
5103,5103,89.332726999107,89.332731099107,3,7147,594,4022,3900,378f4032af77d83a,1446.400,3436.100,936.100,0.400,0,3710,5103,89.332677965773,1,689,1246.100
5104,5104,89.350229099106,89.350233199106,3,7147,593,4013,3900,8edd0edf94169863,1397.000,3541.700,896.400,0.400,0,3711,5104,89.350180065773,1,688,1287.200
5105,5105,89.367712832440,89.367725499106,3,7147,592,4005,3899,37a8011105d69ce2,1498.200,3571.200,971.100,0.600,0,3712,5105,89.367682465773,1,688,1273.400
5106,5106,89.385233999106,89.385238099106,3,7147,591,4005,3899,628f85f8b8e2f2bc,1398.800,3406.100,895.000,0.300,0,3713,5106,89.385184965773,1,688,1365.500
5107,5107,89.402736499106,89.402740599106,3,7147,591,4003,3896,d90ed546576e3642,1421.200,3538.800,894.000,0.400,0,3714,5107,89.402687465773,1,688,1306.300
5108,5108,89.420220399106,89.420233065772,3,7147,591,4000,3895,37888559507b2b18,1412.200,3544.500,905.800,0.500,0,3715,5108,89.420190032439,1,688,1280.800
5109,5109,89.437722732439,89.437735399106,3,7147,593,4022,3894,a90fce8996c31751,1455.900,3569.600,938.000,0.600,0,3716,5109,89.437692365772,1,686,1253.700
5110,5110,89.455243932439,89.455248032439,3,7147,593,4021,3891,88a8e38cee4b1454,1469.200,3601.000,896.800,0.400,0,3717,5110,89.455194899105,1,686,1273.400
5111,5111,89.472728099105,89.472740765772,3,7147,591,4013,3888,2688e253e2264d0d,1441.100,3539.000,899.400,0.500,0,3718,5111,89.472697732439,1,686,1346.100
5112,5112,89.490230165772,89.490242832438,3,7147,591,4012,3888,b3faf7550ec53c73,1396.800,3480.200,894.100,0.400,0,3719,5112,89.490199799105,1,686,1308.400
5113,5113,89.507732765772,89.507745432438,3,7147,590,4001,3888,64522672d9ece602,1408.900,3591.900,906.300,0.500,0,3720,5113,89.507702399105,1,687,1306.000
5114,5114,89.525253832438,89.525257932438,3,7147,590,3989,3888,1c5b405dda88573f,1460.700,3577.100,890.700,0.400,0,3721,5114,89.525204799105,1,687,1449.600
5115,5115,89.542737565771,89.542750165771,3,7147,590,3988,3888,92c1c7d15388d005,1419.500,3586.000,908.800,0.300,0,3722,5115,89.542707199105,1,687,1310.500
5116,5116,89.560258699104,89.560262799104,3,7147,589,3974,3888,c6b3f41b356b052b,1411.400,3524.300,882.000,0.400,0,3723,5116,89.560209665771,1,687,1279.100
5117,5117,89.577761199104,89.577765299104,3,7147,590,3982,3885,ab94bae97d86fa49,1412.600,3488.300,890.900,0.300,0,3724,5117,89.577712165771,1,686,1229.700
5118,5118,89.595264365771,89.595268465771,3,7147,589,3974,3883,45ad1598e074e205,1446.400,3553.100,886.700,0.400,0,3725,5118,89.595215332437,1,686,1292.900
5119,5119,89.612766499104,89.612770599104,3,7147,589,3974,3882,e596a86aadedec73,1449.700,3531.000,889.600,0.400,0,3726,5119,89.612717465771,1,686,1267.100
5120,5120,89.630268599104,89.630272699104,3,7147,588,3973,3880,80819db590bd7d22,1445.700,3597.100,881.600,0.600,0,3727,5120,89.630219565770,1,686,1421.900
5121,5121,89.647770032437,89.647774132437,3,7147,588,3973,3878,cb963bd715e73481,1428.500,3517.600,882.600,0.500,0,3728,5121,89.647722165770,1,686,1329.500
5122,5122,89.665272465770,89.665276565770,3,7147,587,3972,3877,0e2436eccf4a300e,1416.000,3484.900,892.700,0.500,0,3729,5122,89.665224599103,1,686,1271.000
5123,5123,89.682757399103,89.682769999103,3,7147,591,3989,3877,efcdf92fe1fa0e13,1419.600,3685.800,885.700,0.800,0,3730,5123,89.682727032437,1,682,1363.400
5124,5124,89.700259799103,89.700272465770,3,7147,589,3987,3873,5a7b0b91aec3eda2,1467.200,3559.600,889.400,0.400,0,3731,5124,89.700229432436,1,682,1446.200
5125,5125,89.717779799103,89.717783899103,3,7147,589,3990,3873,f77d2e0d31b5da6c,1397.700,3700.500,892.900,0.500,0,3732,5125,89.717731932436,1,681,1300.900
5126,5126,89.735282232436,89.735286332436,3,7147,590,3995,3873,be43c93f53949c87,1467.900,3495.300,887.200,0.600,0,3733,5126,89.735234365769,1,680,1343.000
5127,5127,89.752785232436,89.752789332436,3,7147,589,3995,3870,f5df952e77288319,1493.700,3654.900,885.500,0.700,0,3734,5127,89.752737365769,1,681,1371.000
5128,5128,89.770287199102,89.770291299102,3,7147,589,3985,3864,9bf014635cc0c6cd,1401.500,3447.800,883.800,0.400,0,3735,5128,89.770239332436,1,680,1298.900
5129,5129,89.787789799102,89.787793899102,3,7147,588,3971,3863,7da76aa60d0a1caa,1406.700,3584.200,880.600,0.600,0,3736,5129,89.787741932435,1,680,1309.500
5130,5130,89.805292232435,89.805296332435,3,7147,587,3970,3863,b4ffaa3415b2952d,1393.800,3414.900,879.900,0.200,0,3737,5130,89.805244365769,1,681,1263.000
5131,5131,89.822794732435,89.822798832435,3,7147,587,3970,3862,4c95d3275bc731e2,1388.700,3516.100,879.900,0.400,0,3738,5131,89.822746865768,1,681,1366.700
5132,5132,89.840297065768,89.840301165768,3,7147,588,3972,3862,c9ed2f98372de1e3,1394.400,3423.100,882.200,0.500,0,3739,5132,89.840249199102,1,679,1648.100
5133,5133,89.857799665768,89.857803765768,3,7147,589,3982,3860,5b274644cffaf1f2,1427.700,3442.000,883.800,0.800,0,3740,5133,89.857751799101,1,678,1387.400
5134,5134,89.875284599101,89.875297265768,3,7147,589,3982,3860,4216074c7e784ad3,1414.800,3448.300,887.800,0.500,0,3741,5134,89.875254232435,1,678,1268.000
5135,5135,89.892804932434,89.892809065768,3,7147,588,3996,3859,a77832510e696ba5,1448.000,3444.800,891.700,0.300,0,3742,5135,89.892757065768,1,677,1279.900
5136,5136,89.910306999101,89.910311132434,3,7147,589,3995,3858,845b7cb2619f2626,1408.600,3459.400,886.800,0.900,0,3743,5136,89.910259132434,1,676,1330.900
5137,5137,89.927809532434,89.927813665767,3,7147,590,4011,3849,3443548af13c0262,1389.800,3493.300,888.400,0.500,0,3744,5137,89.927761665767,1,675,1284.600
5138,5138,89.945311899101,89.945316032434,3,7147,589,3988,3846,1bd8a3a57b9194c4,1424.200,3435.800,888.500,0.500,0,3745,5138,89.945264032434,1,676,1252.700
5139,5139,89.962814365767,89.962818499100,3,7147,589,3986,3846,499bd7be18e87a4d,1443.800,3461.000,891.300,0.400,0,3746,5139,89.962766499100,1,676,1288.000
5140,5140,89.980316899100,89.980321032434,3,7147,587,3971,3846,702197fa6005c6ad,1411.100,3488.900,888.600,0.600,0,3747,5140,89.980269032434,1,676,1351.400
5142,5142,90.015321832433,90.015325965767,3,7147,588,3979,3847,c4962c7a7fc4411a,1448.000,3774.600,892.700,0.600,0,3748,5142,90.015273965767,1,675,1479.800
5144,5144,90.050326865766,90.050330999100,3,7147,587,3986,3846,6dcf5f318da49bd8,1414.100,3475.700,884.400,0.500,0,3749,5144,90.050278999100,1,674,1294.400
5146,5146,90.085331699099,90.085335832432,3,7147,587,3985,3843,2f329d7717e7093d,1476.700,3481.500,884.100,0.400,0,3750,5146,90.085283832432,1,674,1283.500
5148,5148,90.120336665765,90.120340799099,3,7147,586,3975,3838,30a11a9e1ed129ec,1450.900,3470.700,901.200,0.400,0,3751,5148,90.120288799099,1,674,1300.300
5149,5149,90.137839099099,90.137843232432,3,7147,586,3972,3838,d65e8e034103992f,1454.800,4279.000,882.300,0.400,0,3752,5149,90.137791232432,1,674,1346.100
5150,5150,90.155341599098,90.155345732432,3,7147,586,3972,3836,ffd5eefac7915949,1451.500,3610.700,879.900,0.300,0,3753,5150,90.155293732432,1,674,1307.700
5151,5151,90.172845565765,90.172849699098,3,7147,587,3981,3836,5f36dbf2687ecf3f,1419.200,3556.000,882.800,0.500,0,3754,5151,90.172796532432,1,673,1337.100
5152,5152,90.190347732431,90.190351865765,3,7147,587,3978,3834,8b9d9ea80aad745d,1463.100,3649.300,882.300,0.800,0,3755,5152,90.190298699098,1,673,1366.700
5153,5153,90.207850232431,90.207854365765,3,7147,587,3977,3834,d6ee78f5ad843ae0,1464.600,3576.000,881.800,0.400,0,3756,5153,90.207801199098,1,673,1255.900
5154,5154,90.225352732431,90.225356865764,3,7147,587,3974,3834,db16451497983a83,1415.100,3437.100,880.100,0.400,0,3757,5154,90.225303699098,1,673,1277.200
5155,5155,90.242855132431,90.242859265764,3,7147,587,3970,3834,3496fca058b6be4e,1407.600,3630.000,881.100,0.400,0,3758,5155,90.242806099098,1,673,1428.000
5156,5156,90.260357565764,90.260361699097,3,7147,586,3962,3832,f552835d038be065,1425.100,3741.100,887.200,0.800,0,3759,5156,90.260308532431,1,673,2247.300
5157,5157,90.277860099097,90.277864232431,3,7147,586,3961,3829,9716314177ff1b9d,1494.300,3454.600,883.500,0.300,0,3760,5157,90.277811065764,1,673,1415.200
5158,5158,90.295362499097,90.295366632430,3,7147,587,3956,3827,c206b67108f9bfcc,1440.900,3621.800,884.100,0.700,0,3761,5158,90.295313465764,1,672,1576.200
5159,5159,90.312865465764,90.312869599097,3,7147,586,3953,3827,84642834f7707b1d,1409.600,3447.300,881.400,0.400,0,3762,5159,90.312816432430,1,672,1256.100
5160,5160,90.330367532430,90.330371665763,3,7147,585,3943,3827,b96117feeda4ecb8,1457.800,3460.200,881.300,1.600,0,3763,5160,90.330318499097,1,672,1409.100
5161,5161,90.347851299097,90.347863965763,3,7147,585,3940,3826,485240a66495715a,1409.000,3869.500,879.600,0.500,0,3764,5161,90.347820932430,1,671,1290.600
5162,5162,90.365372499096,90.365376599096,3,7147,583,3925,3825,bd73b0bb3e8f9327,1407.900,3413.200,877.400,0.400,0,3765,5162,90.365323465763,1,671,1311.600
5163,5163,90.382874932430,90.382879032429,3,7147,582,3915,3824,268671ef0a13f2e6,1366.000,3450.700,885.800,0.400,0,3766,5163,90.382825899096,1,672,1266.500
5164,5164,90.400377432429,90.400381532429,3,7147,582,3911,3820,6b08093d4bbe4059,1420.700,3498.500,876.000,0.500,0,3767,5164,90.400328399096,1,672,1271.800
5165,5165,90.417879932429,90.417884032429,3,7147,580,3896,3816,83b657d4f3ad21f0,1386.000,3563.700,864.400,0.800,0,3768,5165,90.417830899096,1,672,1262.200
5166,5166,90.435382299096,90.435386399096,3,7147,581,3915,3816,f3d2a2ead6a6756a,1438.100,3440.700,867.100,0.400,0,3769,5166,90.435333265762,1,671,1310.100
5167,5167,90.452883899095,90.452887999095,3,7147,582,3931,3814,13270c38299e4f6d,1433.100,3444.400,873.300,0.400,0,3770,5167,90.452836032429,1,670,1273.800
5168,5168,90.470385699095,90.470389399095,3,7147,582,3930,3812,dce57c00cbfd4a13,1440.500,3517.900,883.400,0.400,0,3771,5168,90.470338199095,1,670,1291.100
5169,5169,90.487871032428,90.487883699095,3,7147,583,3957,3812,75f2ab8074753ffa,1376.000,3511.000,901.400,0.600,0,3772,5169,90.487840665762,1,669,1282.400
5170,5170,90.505390665762,90.505394365762,3,7147,584,3968,3813,130bb3e89dfc36a9,1485.100,3460.500,943.100,0.300,0,3773,5170,90.505343165762,1,668,1284.400
5171,5171,90.522893099095,90.522896799095,3,7147,584,3967,3809,68bfabbab7d88449,1407.600,3578.900,905.200,0.400,0,3774,5171,90.522845599095,1,668,1279.700
5172,5172,90.540395632428,90.540399332428,3,7147,585,3978,3808,ff25442a1f2a41f6,1392.000,3429.800,888.300,0.400,0,3775,5172,90.540348132428,1,667,1467.500
5173,5173,90.557898099094,90.557901799094,3,7147,584,3970,3808,c62b744fac7b0d53,1440.000,3436.700,886.900,0.500,0,3776,5173,90.557850599094,1,667,1355.400
5174,5174,90.575400599094,90.575404299094,3,7147,584,3971,3807,b47f034cb44f296e,1385.000,3390.200,910.900,0.500,0,3777,5174,90.575353099094,1,667,1361.000
5175,5175,90.592903499094,90.592907199094,3,7147,583,3966,3806,e6652708b9f9fcb7,1420.900,3505.800,896.800,0.400,0,3778,5175,90.592855999094,1,667,1276.600
5176,5176,90.610405599094,90.610409299094,3,7147,583,3961,3804,72f327984aec81ff,1407.700,3385.400,894.700,0.400,0,3779,5176,90.610358099094,1,667,1264.400
5177,5177,90.627907965760,90.627911665760,3,7147,583,3960,3794,35c36f4f301d1548,1413.200,3441.900,892.800,1.300,0,3780,5177,90.627860465760,1,666,1608.500
5178,5178,90.645410432427,90.645414132427,3,7147,583,3960,3794,9aa1a26b62a025d0,1498.700,3511.500,878.400,0.400,0,3781,5178,90.645362932427,1,666,1285.000
5179,5179,90.662912999093,90.662916699093,3,7147,583,3958,3793,cb27c4c1a71850c1,1420.700,3392.500,877.200,0.400,0,3782,5179,90.662865499093,1,666,1260.900
5180,5180,90.680415465760,90.680419165760,3,7147,582,3951,3793,6938c740ab989593,1455.100,3550.400,928.600,0.500,0,3783,5180,90.680367965760,1,667,1531.800
5181,5181,90.697917899093,90.697921599093,3,7147,583,3959,3792,7c890eaeab83589e,1415.800,3418.500,877.400,0.700,0,3784,5181,90.697870399093,1,666,1280.300
5182,5182,90.715420332426,90.715424032426,3,7147,583,3958,3792,f121667c65b8039a,1417.000,3417.000,877.800,0.500,0,3785,5182,90.715372832426,1,666,1335.200
5183,5183,90.732921932426,90.732925632426,3,7147,581,3941,3793,7154574bf61abffb,1420.600,3465.300,874.300,0.600,0,3786,5183,90.732875599093,1,666,1321.400
5184,5184,90.750424099092,90.750427799092,3,7147,582,3940,3789,01c1489cf543940b,1432.200,3511.800,880.200,0.500,0,3787,5184,90.750377765759,1,665,1287.800
5185,5185,90.767926665759,90.767930365759,3,7147,581,3939,3789,1282e7f9749dee2a,1500.000,3441.400,935.700,0.400,0,3788,5185,90.767880332426,1,665,1348.000
5186,5186,90.785429032425,90.785432732425,3,7147,581,3936,3789,fc376313bfb468f5,1441.200,3609.000,878.600,0.400,0,3789,5186,90.785382699092,1,665,1306.500
5187,5187,90.802931532425,90.802935232425,3,7147,581,3934,3787,82fbd08fba6ab518,1442.400,3478.500,872.200,1.100,0,3790,5187,90.802885199092,1,665,1272.400
5189,5189,90.837936432425,90.837940132425,3,7147,580,3915,3787,4b886d655b227a3f,1427.200,3673.300,869.200,0.500,0,3791,5189,90.837890099092,1,666,1324.100
5190,5190,90.855439032425,90.855442732425,3,7147,579,3905,3787,29278d18178a79a7,1412.700,3433.700,866.000,0.400,0,3792,5190,90.855392699091,1,666,1336.600
5191,5191,90.872941932425,90.872945632425,3,7147,579,3906,3784,df2b0491caae39ee,1500.100,3500.000,896.100,0.500,0,3793,5191,90.872895599091,1,665,1382.900
5192,5192,90.890443965758,90.890447665758,3,7147,580,3903,3784,8785657b5f99cb3a,1418.700,3402.800,872.300,0.400,0,3794,5192,90.890397632424,1,664,1553.200
5193,5193,90.907946399091,90.907950099091,3,7147,579,3896,3783,fdc7577dbbf20107,1444.700,3555.000,864.400,0.300,0,3795,5193,90.907900065758,1,664,1334.400
5194,5194,90.925432865757,90.925445532424,3,7147,578,3883,3783,6274515dbce4cb04,1524.400,3568.100,861.200,0.300,0,3796,5194,90.925402499091,1,665,1324.400
5195,5195,90.942951265757,90.942954965757,3,7147,577,3872,3783,7d307a69ae124495,1449.700,3444.600,869.600,0.400,0,3797,5195,90.942904932424,1,665,1350.600
5196,5196,90.960453799090,90.960457499090,3,7147,578,3887,3783,a79f064b743aac7f,1417.300,3391.100,900.300,0.400,0,3798,5196,90.960407465757,1,664,1440.300
5197,5197,90.977956232424,90.977959932424,3,7147,578,3888,3783,010172abdabf00ef,1481.700,3446.800,865.900,0.400,0,3799,5197,90.977909899090,1,664,1280.200
5198,5198,90.995458665757,90.995462365757,3,7147,578,3908,3780,fd71390af4b318f9,1407.200,3468.900,872.400,0.400,0,3800,5198,90.995412332423,1,663,1339.000
5199,5199,91.012961532423,91.012965232423,3,7147,578,3907,3780,47111a44db388472,1417.600,3557.900,877.400,0.300,0,3801,5199,91.012915199090,1,663,1405.300
5200,5200,91.030462465756,91.030466165756,3,7147,578,3907,3780,d473fdcdaefa7688,1420.700,3474.500,900.600,0.400,0,3802,5200,91.030417299090,1,663,1312.800
5201,5201,91.047965032423,91.047968732423,3,7147,578,3907,3780,2101260e54cdaa86,1443.100,3388.200,969.700,0.400,0,3803,5201,91.047919865756,1,663,1343.700
5202,5202,91.065478765756,91.065482465756,3,7147,578,3907,3777,d52ee7af4d5359bc,1443.900,3409.300,881.100,0.400,0,3804,5202,91.065433599089,1,663,1281.900
5203,5203,91.082969932423,91.082973632423,3,7147,578,3908,3773,aeb7eac623409732,1394.700,3467.400,876.800,1.100,0,3805,5203,91.082924765756,1,662,1284.200
5204,5204,91.100472332422,91.100476032422,3,7147,576,3883,3773,0d113809da8f0f07,1437.400,3514.400,872.100,0.300,0,3806,5204,91.100427165756,1,663,1312.200
5205,5205,91.117974832422,91.117978532422,3,7147,577,3900,3774,4f72f93d503d3009,1390.500,3479.300,866.300,0.400,0,3807,5205,91.117929665755,1,662,1308.700
5206,5206,91.135477265755,91.135480965755,3,7147,577,3900,3774,8d30ba366d65469b,1397.800,3547.800,874.100,0.500,0,3808,5206,91.135432099089,1,662,1365.200
5207,5207,91.152980232422,91.152983932422,3,7147,577,3898,3774,70ef70aa90d8d065,1456.200,3649.700,944.400,0.500,0,3809,5207,91.152935065755,1,662,1357.900
5208,5208,91.170482299088,91.170485999088,3,7147,577,3898,3773,86b3a1fbe7870fb8,1436.000,3596.300,867.900,0.600,0,3810,5208,91.170437132422,1,662,1866.700
5209,5209,91.187984799088,91.187988499088,3,7147,577,3894,3773,b3d2003592a641b5,1447.000,3566.500,871.100,0.400,0,3811,5209,91.187939632421,1,662,1344.600
5210,5210,91.205487165755,91.205490865755,3,7147,577,3894,3772,3c69536a96511215,1449.200,3453.700,870.700,0.700,0,3812,5210,91.205441999088,1,662,1483.400
5211,5211,91.222989699088,91.222993399088,3,7147,577,3891,3772,e389497e7f327fe0,1472.500,3438.500,868.100,0.500,0,3813,5211,91.222944532421,1,662,1448.000
5212,5212,91.240492199088,91.240495899088,3,7147,577,3890,3772,0067866a25f3cd01,1486.100,3382.600,868.000,0.500,0,3814,5212,91.240447032421,1,662,1439.300
5213,5213,91.257994665754,91.257998365754,3,7147,577,3888,3771,6b4aa6c8c766f026,1403.600,3479.800,869.500,1.600,0,3815,5213,91.257949499087,1,662,1359.400
5214,5214,91.275497132421,91.275500832421,3,7147,575,3869,3770,37083fae96e19600,1417.400,3494.500,868.500,0.500,0,3816,5214,91.275451965754,1,663,1592.100
5215,5215,91.292999832420,91.293003532420,3,7147,576,3878,3769,af52e94470bf31c1,1427.400,3563.400,873.600,0.800,0,3817,5215,91.292954665754,1,662,1465.900
5216,5216,91.310502032420,91.310505732420,3,7147,576,3879,3765,a99ebd81915b2b4c,1543.600,3541.800,862.800,0.600,0,3818,5216,91.310456865754,1,662,1328.100
5217,5217,91.328004565753,91.328008265753,3,7147,574,3848,3763,88adcabee266e926,1416.000,3397.900,865.400,0.500,0,3819,5217,91.327959399087,1,663,1324.400
5218,5218,91.345502365753,91.345506065753,3,7147,574,3848,3761,36fec4cf8a40e6be,1468.200,3393.000,857.700,0.400,0,3820,5218,91.345461865753,1,663,1287.500
5219,5219,91.363004732420,91.363008432420,3,7147,574,3844,3759,a5f9ecdb04c1de70,1678.600,3560.600,851.800,0.600,0,3821,5219,91.362964232420,1,663,1394.700
5220,5220,91.380507199086,91.380510899086,3,7147,575,3853,3759,b099c306474147ba,1496.500,3545.800,860.400,0.400,0,3822,5220,91.380466699086,1,662,1277.800
5221,5221,91.398009799086,91.398013499086,3,7147,575,3854,3760,ef281807628676f0,1399.700,3474.800,922.700,0.300,0,3823,5221,91.397969299086,1,662,1276.700
5222,5222,91.415512265753,91.415515965753,3,7147,574,3847,3759,0309933a91eb2c2a,1448.400,3438.800,882.400,0.800,0,3824,5222,91.415471765753,1,662,1284.000
5223,5223,91.433015132419,91.433018832419,3,7147,574,3847,3758,244f27162a9bb18d,1420.200,3558.200,853.600,0.300,0,3825,5223,91.432974632419,1,662,1290.900
5224,5224,91.450517099085,91.450520799085,3,7147,575,3845,3757,7a41af253ef6e245,1455.100,3477.700,852.300,0.400,0,3826,5224,91.450476599085,1,661,1266.200
5225,5225,91.468019599085,91.468023299085,3,7147,575,3842,3757,76d5f9475c9a1717,1877.200,3554.700,860.200,0.500,0,3827,5225,91.467979099085,1,661,1429.400
5226,5226,91.485522099085,91.485525799085,3,7147,575,3842,3755,210d478b8c6e409e,1450.200,3503.700,852.800,0.300,0,3828,5226,91.485481599085,1,661,1270.900
5227,5227,91.503024565752,91.503028265752,3,7147,575,3840,3754,72b7cbefa46749e4,1424.700,3395.400,862.400,0.800,0,3829,5227,91.502984065752,1,661,1292.800
5228,5228,91.520526932418,91.520530632418,3,7147,574,3827,3754,a7f244881422e2d1,1430.200,3422.400,855.300,0.400,0,3830,5228,91.520486432418,1,661,1301.000
5229,5229,91.538029565751,91.538033265751,3,7147,573,3820,3754,909dd41eb572cc59,1402.400,3374.800,852.100,0.300,0,3831,5229,91.537989065751,1,661,1280.100
5230,5230,91.555531999084,91.555535699084,3,7147,572,3818,3754,3ff1687a04a6a15d,1397.000,3405.700,852.300,0.300,0,3832,5230,91.555491499084,1,662,1332.800
5231,5231,91.573034765751,91.573038465751,3,7147,572,3828,3753,c99a3e7bb327eb15,1464.700,3444.300,864.500,0.400,0,3833,5231,91.572994265751,1,662,1375.700
5232,5232,91.590536932417,91.590540632417,3,7147,571,3826,3749,0993502a72e36d78,1399.500,3407.700,848.900,0.800,0,3834,5232,91.590496432417,1,663,1395.600
5233,5233,91.608039399084,91.608043099084,3,7147,572,3841,3749,3477d5e24ad95a49,1405.200,3369.600,904.900,0.500,0,3835,5233,91.607998899084,1,662,1355.900
5234,5234,91.625541932417,91.625545632417,3,7147,571,3838,3745,90c788d1cd579bfb,1486.700,3430.600,850.900,0.300,0,3836,5234,91.625501432417,1,663,1321.200
5235,5235,91.643044332417,91.643048032417,3,7147,571,3838,3745,52bac90cafc38e45,1397.700,3470.200,898.600,0.600,0,3837,5235,91.643003832417,1,663,1296.700
5236,5236,91.660546799083,91.660550499083,3,7147,571,3837,3745,fcd7dc3df5f9809b,1546.500,3828.200,859.200,1.100,0,3838,5236,91.660506299083,1,663,1575.500
5237,5237,91.678049265750,91.678052965750,3,7147,571,3837,3745,5b184c4e43d3014b,1495.700,3592.700,859.600,0.500,0,3839,5237,91.678008765750,1,663,1391.400
5238,5238,91.695549332416,91.695553732416,3,7147,571,3837,3743,6d53004c033bc39f,1445.200,3414.700,857.800,0.800,0,3840,5238,91.695511165750,1,663,1742.900
5239,5239,91.713052265750,91.713056665750,3,7147,571,3838,3744,4346ec1dc75b7f5c,1503.800,3474.900,851.100,1.000,0,3841,5239,91.713014099083,1,663,1404.600
5240,5240,91.730554265749,91.730558665749,3,7147,517,3491,3407,1156bbba3b8e7a06,1484.100,3587.700,789.700,0.500,0,3842,5240,91.730516099083,1,669,1392.100
5241,5241,91.748056832416,91.748061232416,3,7147,456,3097,2974,351fee21ae303b7f,1505.400,3270.800,687.700,0.500,0,3843,5241,91.748018665749,1,648,1314.300
5242,5242,91.765559265749,91.765563665749,3,7147,381,2627,2458,e19b4a88830bee29,1451.400,2940.000,588.800,0.400,0,3844,5242,91.765521099082,1,660,1336.100
5243,5243,91.783061732416,91.783066132415,3,7147,322,2191,2064,ab62855b27982adc,1485.500,2726.300,485.100,0.400,0,3845,5243,91.783023565749,1,676,1321.200
5244,5244,91.800564199082,91.800568599082,3,7147,281,1838,1576,aa33d21eb3d807f8,1463.400,2608.000,407.100,0.400,0,3846,5244,91.800526032415,1,694,1218.300
5245,5245,91.818066699082,91.818071099082,3,7147,232,1468,1290,5d007dcc6b6bf503,1439.700,2482.600,325.200,0.300,0,3847,5245,91.818028532415,1,722,1269.800
5246,5246,91.835569232415,91.835573632415,3,7147,210,1334,1171,2c9f60ac71a5c2d4,1453.500,2549.300,295.100,1.100,0,3848,5246,91.835531065748,1,726,1443.900
5247,5247,91.853072032415,91.853076432415,3,7147,186,1210,1081,c3317e3222fcb5c6,1447.500,2463.400,268.600,0.300,0,3849,5247,91.853033865748,1,739,1276.100
5248,5248,91.870574065748,91.870578465748,3,7147,175,1146,1025,3640ff8fcea7367c,1435.900,2415.100,254.000,0.400,0,3850,5248,91.870535899081,1,739,1275.100
5249,5249,91.888076532414,91.888080932414,3,7147,159,1066,963,89e6ec3a1bb34378,1477.000,2384.200,236.900,0.300,0,3851,5249,91.888038365748,1,745,1273.800
5250,5250,91.905579132414,91.905583532414,3,7147,152,1035,915,b7049666ce731968,1422.600,2372.500,229.300,0.400,0,3852,5250,91.905540965748,1,747,1335.500
5251,5251,91.923081599081,91.923085999081,3,7147,142,979,871,8f608974d4f206e8,1415.700,2413.900,217.100,0.700,0,3853,5251,91.923043432414,1,748,1275.300
5252,5252,91.940583999081,91.940588399081,3,7147,141,1000,841,e104ce09874bddd4,1410.500,2333.300,225.200,0.400,0,3854,5252,91.940545832414,1,748,1226.500
5253,5253,91.958086465747,91.958090865747,3,7147,132,950,818,9a6cd22427db8e83,1425.300,2351.300,210.600,0.500,0,3855,5253,91.958048299080,1,752,1322.900
5254,5254,91.975588999080,91.975593399080,3,7147,128,911,791,aaee15ee2d4b88c0,1431.800,2392.200,202.000,1.100,0,3856,5254,91.975550832414,1,755,1360.700
5255,5255,91.993091799080,91.993096199080,3,7147,126,907,776,7a6a70869f6b3dfe,1437.200,2322.400,205.900,0.900,0,3857,5255,91.993053632413,1,756,1552.900
5256,5256,92.010593965747,92.010598365747,3,7147,125,904,767,0df2b673d61526b9,1444.900,2420.400,200.500,0.300,0,3858,5256,92.010555799080,1,757,1293.900
5257,5257,92.028096399080,92.028100799080,3,7147,124,889,758,13167708dc253dfb,1478.200,2346.200,243.800,0.300,0,3859,5257,92.028058232413,1,757,1285.500
5258,5258,92.045598832413,92.045603232413,3,7147,121,868,748,67b9c2f4bc8f7579,1441.400,2332.200,192.100,0.500,0,3860,5258,92.045560665746,1,759,1285.100
5259,5259,92.063112565746,92.063116965746,3,7147,121,859,741,80394f1417d3ded8,1476.000,2369.800,190.900,0.500,0,3861,5259,92.063074399079,1,758,1304.900
5260,5260,92.080603765746,92.080608165746,3,7147,120,849,738,d628fde885c7aa83,1470.000,2373.400,204.100,0.500,0,3862,5260,92.080565599079,1,758,1329.900
5261,5261,92.098103965746,92.098110699079,3,7147,120,876,732,0411954e37966644,1431.900,2327.700,194.000,0.300,0,3863,5261,92.098068132412,1,758,1322.400
5262,5262,92.115606365746,92.115613099079,3,7147,120,876,731,36cf7eb42d96c039,1420.900,2412.400,193.900,0.400,0,3864,5262,92.115570532412,1,758,1259.600
5263,5263,92.133109165745,92.133115899079,3,7147,119,868,727,0b8f58607d4bfc76,1427.800,2351.600,192.600,0.200,0,3865,5263,92.133073332412,1,759,1354.000
5264,5264,92.150611365745,92.150618099078,3,7147,118,867,726,76ef4e5ef738d45a,1447.300,2334.500,191.800,0.400,0,3866,5264,92.150575532412,1,760,1277.100
5265,5265,92.168113832412,92.168120565745,3,7147,118,865,723,2c71c9e941935a95,2011.200,2408.400,199.700,0.900,0,3867,5265,92.168077999078,1,760,1454.600
5266,5266,92.185616332411,92.185623065745,3,7147,118,869,722,a09c8610f67188be,1474.200,2416.600,193.200,0.400,0,3868,5266,92.185580499078,1,760,1330.100
5267,5267,92.203118665745,92.203125399078,3,7147,117,840,719,8fcc1e56ebfa2a30,1437.500,2375.300,186.500,0.300,0,3869,5267,92.203082832411,1,761,1285.300
5268,5268,92.220621132411,92.220627865744,3,7147,116,831,718,ed17f63343e47dcc,1391.200,2328.300,190.700,0.300,0,3870,5268,92.220585299078,1,761,1247.500
5269,5269,92.238123665744,92.238130399078,3,7147,116,826,718,6f338b067a8b8cfb,1396.900,2300.500,243.400,0.300,0,3871,5269,92.238087832411,1,761,1307.700
5270,5270,92.255626132411,92.255632865744,3,7147,116,826,717,4b536c9470200a84,1450.300,2320.300,183.400,0.200,0,3872,5270,92.255590299077,1,761,1264.600
5271,5271,92.273128999077,92.273135732411,3,7147,116,826,714,95c5458d3a353270,1399.600,2384.500,182.800,1.100,0,3873,5271,92.273093165744,1,761,1321.500
5272,5272,92.290631032410,92.290637765744,3,7147,116,826,713,37c39a316ba5c2a3,1466.300,2405.700,183.200,0.500,0,3874,5272,92.290595199077,1,761,1522.300
5273,5273,92.308133499077,92.308140232410,3,7147,115,826,711,03ead63e96db566a,1464.100,2338.400,183.900,0.500,0,3875,5273,92.308097665744,1,761,1400.900
5274,5274,92.325635999077,92.325642732410,3,7147,115,826,710,2593355431addb87,1418.300,2445.700,183.200,0.500,0,3876,5274,92.325600165743,1,761,1469.600
5275,5275,92.343138532410,92.343145265743,3,7147,115,826,707,b836b12383d2ec50,1436.600,2328.800,184.600,0.600,0,3877,5275,92.343102699077,1,760,1527.600
5276,5276,92.360641065743,92.360647799076,3,7147,115,824,706,dd66cf8664738c22,1472.100,2388.700,182.800,0.500,0,3878,5276,92.360605232410,1,760,1445.800
5277,5277,92.378143499076,92.378150232410,3,7147,113,804,706,7fc94729d79177ff,1421.600,2562.500,186.200,0.800,0,3879,5277,92.378107665743,1,761,1742.900
5278,5278,92.395645832409,92.395652565743,3,7147,112,795,705,047b3ce8e43a7c25,1431.200,2356.500,176.500,0.400,0,3880,5278,92.395609999076,1,762,1421.900
5279,5279,92.413148632409,92.413155365743,3,7147,112,795,704,08e7251b75959daf,1422.400,2365.000,177.200,0.400,0,3881,5279,92.413112799076,1,762,1311.500
5280,5280,92.430646265742,92.430657665742,3,7147,113,805,701,99860a8a8fee684a,1483.400,2362.000,178.500,0.300,0,3882,5280,92.430615099076,1,761,1291.700
5281,5281,92.448148632409,92.448160032409,3,7147,113,805,701,05595edd6e2851c8,1471.700,2311.600,179.200,0.400,0,3883,5281,92.448117465742,1,761,1358.200
5282,5282,92.465651132409,92.465662532409,3,7147,113,804,700,206950d000caeb06,1456.900,2304.400,178.100,0.300,0,3884,5282,92.465619965742,1,761,1260.100
5283,5283,92.483153632409,92.483165032409,3,7147,112,795,699,b9a4bf01ece47571,1464.000,2319.100,179.300,0.400,0,3885,5283,92.483122465742,1,761,1328.100
5284,5284,92.500656132408,92.500667532408,3,7147,113,795,697,f29e76fe17099ba6,1496.500,2384.100,176.300,0.200,0,3886,5284,92.500624965742,1,760,1279.900
5285,5285,92.518158532408,92.518169932408,3,7147,112,787,695,9a49bf8030402c5f,1446.400,2391.500,174.200,0.300,0,3887,5285,92.518127365741,1,761,1326.900
5286,5286,92.535660965741,92.535672365741,3,7147,112,787,695,e4d33ebccbb59a4c,1487.200,2284.200,174.700,0.400,0,3888,5286,92.535629799075,1,761,1322.800
5287,5287,92.553163899074,92.553175299074,3,7147,113,815,694,d0e8951724b0c552,1514.900,2345.500,181.000,0.500,0,3889,5287,92.553132732408,1,760,1527.100
5288,5288,92.570666032408,92.570677432408,3,7147,113,815,693,b1cf9cc77729c712,1497.500,2330.200,180.700,0.400,0,3890,5288,92.570634865741,1,760,1356.000
5289,5289,92.588168532407,92.588179932407,3,7147,111,788,691,4aff11765597d774,1843.500,2707.700,175.000,0.500,0,3891,5289,92.588137365741,1,762,1464.200
5290,5290,92.605670932407,92.605682332407,3,7147,110,778,690,5bf569e769ebf970,1621.900,2338.600,173.200,0.400,0,3892,5290,92.605639765741,1,763,1340.200
5291,5291,92.623173432407,92.623184832407,3,7147,110,778,690,6950081116bf60d8,1565.700,2297.100,172.100,0.400,0,3893,5291,92.623142265740,1,763,1379.600
5292,5292,92.640675832407,92.640687232407,3,7147,110,778,689,8db875059b9fada2,1591.900,2320.600,172.100,0.500,0,3894,5292,92.640644665740,1,763,1278.800
5293,5293,92.658178332407,92.658189732407,3,7147,110,778,686,141a1459a77a5914,1517.400,2329.200,172.100,0.600,0,3895,5293,92.658147165740,1,763,1333.200
5294,5294,92.675680832407,92.675692232407,3,7147,109,768,685,6b57702e818a235a,1541.700,2337.700,175.400,0.300,0,3896,5294,92.675649665740,1,764,1324.400
5295,5295,92.693183565740,92.693194965740,3,7147,108,766,681,32b2600064d7f129,1481.400,2356.400,170.200,0.800,0,3897,5295,92.693152399073,1,765,1580.500
5296,5296,92.710685699073,92.710697099073,3,7147,108,766,680,5e755f483d2d15f9,1466.300,2916.800,180.800,0.700,0,3898,5296,92.710654532406,1,765,1796.200
5297,5297,92.728188132406,92.728199532406,3,7147,109,775,678,024b7df8b43e85ac,1385.500,2415.700,171.500,0.600,0,3899,5297,92.728156965739,1,764,1515.200
5298,5298,92.745708199073,92.745711899073,3,7147,109,774,677,ff505518378cc8c9,1424.800,2339.700,172.500,0.500,0,3900,5298,92.745659532406,1,764,1320.300
5299,5299,92.763210699072,92.763214399072,3,7147,108,765,676,b14fc6a96bee8121,1399.500,2332.600,169.900,0.400,0,3901,5299,92.763162032406,1,764,1383.900
5300,5300,92.780713199072,92.780716899072,3,7147,108,765,676,e8be4ce9b6ad9370,1487.200,2313.200,175.000,0.500,0,3902,5300,92.780664532406,1,764,1353.400
5301,5301,92.798215532405,92.798219232405,3,7147,108,765,675,641175f618f0e4d6,1432.300,2322.000,169.200,0.700,0,3903,5301,92.798166865739,1,764,1410.900
5302,5302,92.815717965739,92.815721665739,3,7147,108,760,674,79d5e49ae763b568,1411.300,2290.300,168.700,0.400,0,3904,5302,92.815669299072,1,764,1259.600
5303,5303,92.833220965738,92.833224665738,3,7147,108,760,673,e3e70a8297f189e9,1429.300,2260.700,172.900,0.400,0,3905,5303,92.833172299072,1,764,1271.000
5304,5304,92.850722932405,92.850726632405,3,7147,107,760,672,932d9164d93b3ffa,1435.000,2321.600,168.600,0.400,0,3906,5304,92.850674265738,1,764,1438.200
5305,5305,92.868225465738,92.868229165738,3,7147,107,787,670,90008c896ecb616f,1503.900,2288.900,175.100,0.700,0,3907,5305,92.868176799071,1,764,1396.300
5306,5306,92.885727999071,92.885731699071,3,7147,106,788,670,80a2b35ba1fb02c8,1519.300,2327.700,174.400,0.600,0,3908,5306,92.885679332404,1,765,1515.700
5307,5307,92.903230365738,92.903234065738,3,7147,106,788,668,cb72c92f3b8beedd,1671.000,2296.600,174.400,0.400,0,3909,5307,92.903181699071,1,765,1396.600
5308,5308,92.920732865737,92.920736565737,3,7147,106,786,667,1f4b2ef563870e69,1473.800,3071.200,174.200,0.300,0,3910,5308,92.920684199071,1,765,1318.900
5309,5309,92.938235299071,92.938238999071,3,7147,105,769,669,6a098bc5bc02274d,1460.700,2351.500,170.900,1.100,0,3911,5309,92.938186632404,1,765,1579.700
5310,5310,92.955737865737,92.955741565737,3,7147,105,774,671,f267d675e46f6981,1421.000,2268.900,171.500,0.400,0,3912,5310,92.955689199070,1,765,1245.700
5311,5311,92.973240665737,92.973244365737,3,7147,104,764,671,05ce8ae60efcbc01,1473.900,2272.700,169.400,0.200,0,3913,5311,92.973191999070,1,766,1281.900
5312,5312,92.990742765737,92.990746465737,3,7147,104,764,669,500e963a16180c8a,1442.600,2290.100,169.000,1.100,0,3914,5312,92.990694099070,1,766,1384.600
5313,5313,93.008245165737,93.008248865737,3,7147,105,773,668,0c67749dee4648cb,1561.000,2289.800,175.700,0.400,0,3915,5313,93.008196499070,1,765,1354.700
5314,5314,93.025747799070,93.025751499070,3,7147,105,774,668,e852fe7f71a97f30,1513.400,2356.100,172.600,0.500,0,3916,5314,93.025699132403,1,765,1299.900
5315,5315,93.043249032403,93.043252732403,3,7147,104,765,665,e3f96764de59230c,1504.900,2299.700,169.900,0.900,0,3917,5315,93.043201532403,1,765,1438.700
5316,5316,93.060762799069,93.060766499069,3,7147,105,765,665,9530944faef72fec,1626.900,2313.900,174.800,0.400,0,3918,5316,93.060715299069,1,764,1280.800
5317,5317,93.078253999069,93.078257699069,3,7147,105,765,664,63fd1f8dd7ba1277,1509.900,2339.800,169.400,0.500,0,3919,5317,93.078206499069,1,764,1334.800
5318,5318,93.095756499069,93.095760199069,3,7147,105,765,663,bef56bac9cb38128,1513.800,2315.700,169.300,0.400,0,3920,5318,93.095708999069,1,764,1339.100
5319,5319,93.113259432402,93.113263132402,3,7147,106,793,662,ba10f1102b08b7fa,1499.300,2339.100,175.600,0.500,0,3921,5319,93.113211932402,1,763,1349.300
5320,5320,93.130761432402,93.130765132402,3,7147,106,793,661,55116e889fea4882,1396.100,2281.400,176.100,0.300,0,3922,5320,93.130713932402,1,763,1336.400
5321,5321,93.148263799069,93.148267499069,3,7147,106,793,661,ee9b97e69a75968f,1439.200,2425.500,176.200,0.400,0,3923,5321,93.148216299069,1,763,1289.700
5322,5322,93.165766265735,93.165769965735,3,7147,106,793,660,a36cf81bcf191ae5,1401.900,2286.500,175.500,0.500,0,3924,5322,93.165718765735,1,763,1465.700
5324,5324,93.200771365735,93.200775065735,3,7147,105,779,657,d3bd089a5739f005,1461.300,2443.400,172.700,0.400,0,3925,5324,93.200723865735,1,764,1298.400
5325,5325,93.218273765734,93.218277465734,3,7147,105,779,655,015a2517b5d1ed7c,1423.600,2366.100,172.900,0.600,0,3926,5325,93.218226265734,1,764,1386.100
5326,5326,93.235776299068,93.235779999068,3,7147,104,778,651,e802a1b6859a3786,1556.300,2325.200,172.500,1.000,0,3927,5326,93.235728799068,1,765,1338.900
5327,5327,93.253278932401,93.253282632401,3,7147,104,777,650,a3075b1544b10d45,1467.600,2276.100,172.300,0.300,0,3928,5327,93.253231432401,1,765,1286.900
5328,5328,93.270781199067,93.270784899067,3,7147,104,776,649,6feba9761ade6521,1491.700,2259.900,172.300,0.600,0,3929,5328,93.270733699067,1,765,1466.700
5329,5329,93.288283665734,93.288287365734,3,7147,93,716,579,2db0c42e4fbe5b7f,1388.300,2258.600,158.400,0.300,0,3930,5329,93.288236165734,1,764,1277.700
5330,5330,93.305786165734,93.305789865734,3,7147,84,642,525,8700b2158bde4a9c,1450.900,2249.800,142.100,0.600,0,3931,5330,93.305738665734,1,753,1506.800
5331,5331,93.323288499067,93.323292199067,3,7147,76,573,470,85506c14dc9d54a4,1433.600,2209.300,127.200,0.300,0,3932,5331,93.323240999067,1,751,1426.300
5332,5332,93.340789799067,93.340793499067,3,7147,68,548,428,900f5f977b31d8b5,1412.800,2355.600,121.900,0.500,0,3933,5332,93.340743465733,1,752,1360.900
5333,5333,93.358292399066,93.358296099066,3,7147,60,499,393,ecbbcaf2cb57b3bd,1394.700,2205.400,110.600,0.400,0,3934,5333,93.358246065733,1,749,1263.300
5334,5334,93.375794765733,93.375798465733,3,7147,59,509,366,239e2bfb79f17dee,1382.100,2163.800,113.200,0.400,0,3935,5334,93.375748432400,1,748,1757.600
5335,5335,93.393297799066,93.393301499066,3,7147,54,448,349,26689a3d7816b41c,1384.700,2242.000,99.600,0.400,0,3936,5335,93.393251465733,1,746,1459.000
5336,5336,93.410799765733,93.410803465733,3,7147,54,457,334,7ad50000ad3a1897,1367.900,2179.700,101.500,0.300,0,3937,5336,93.410753432399,1,743,1300.900
5337,5337,93.428302165732,93.428305865732,3,7147,54,452,321,710c008064b45106,1422.500,2160.800,100.000,0.400,0,3938,5337,93.428255832399,1,740,1525.800
5338,5338,93.445804732399,93.445808432399,3,7147,50,414,311,ab0fd1e4f189df43,1451.000,2274.100,91.800,0.400,0,3939,5338,93.445758399066,1,741,1285.100
5339,5339,93.463307199065,93.463310899065,3,7147,49,430,305,378423bb49241654,1665.300,2181.700,95.200,0.300,0,3940,5339,93.463260865732,1,740,1300.300
5340,5340,93.480809665732,93.480813365732,3,7147,48,419,298,c8693db38d34a86f,1396.600,2127.000,92.700,0.300,0,3941,5340,93.480763332399,1,739,1225.600
5341,5341,93.498312199065,93.498315899065,3,7147,50,446,289,6894b4e910c9551d,1912.400,2194.000,98.700,0.400,0,3942,5341,93.498265865732,1,737,1297.300
5342,5342,93.515814499065,93.515818199065,3,7147,49,444,285,e5bf134a12d040f5,1417.500,2140.400,98.300,0.500,0,3943,5342,93.515768165732,1,737,1313.700
5343,5343,93.533317332398,93.533321032398,3,7147,48,417,282,7e20260dd57338fc,1430.000,2264.500,92.400,0.500,0,3944,5343,93.533270999065,1,737,1373.200
5344,5344,93.550819565731,93.550823265731,3,7147,46,398,279,60032f0ba24624f8,1443.900,2165.200,88.100,1.100,0,3945,5344,93.550773232398,1,737,1355.600
5345,5345,93.568321932398,93.568325632398,3,7147,45,375,274,6a3a251601da35e0,1433.900,2157.700,83.000,0.600,0,3946,5345,93.568275599064,1,738,1529.000
5346,5346,93.585824532397,93.585828232397,3,7147,46,385,274,524413baa719ce1a,1433.900,2175.500,85.200,0.400,0,3947,5346,93.585778199064,1,737,1313.800
5347,5347,93.603327032397,93.603330732397,3,7147,46,384,272,e72601b1f33c2263,1411.800,2104.600,85.000,0.600,0,3948,5347,93.603280699064,1,737,1276.600
5348,5348,93.620829499064,93.620833199064,3,7147,46,380,269,40f175b7d85f484c,1399.800,2106.800,91.200,0.300,0,3949,5348,93.620783165730,1,737,1333.500
5349,5349,93.638333132397,93.638336832397,3,7147,44,359,267,e645d28cd637b98f,1395.900,2163.600,79.600,0.400,0,3950,5349,93.638285632397,1,738,1304.000
5350,5350,93.655835532397,93.655839232397,3,7147,44,356,267,ab294a878fcee576,1422.100,2141.300,78.700,0.600,0,3951,5350,93.655788032397,1,738,1415.400
5351,5351,93.673338365730,93.673342065730,3,7147,42,347,264,875c422a90c82f25,1436.300,2096.700,76.700,0.300,0,3952,5351,93.673290865730,1,739,1269.500
5352,5352,93.690841232396,93.690844932396,3,7147,42,347,264,2f19903f6798fce0,1460.600,2119.300,76.800,0.300,0,3953,5352,93.690793732396,1,739,1296.800
5353,5353,93.708342999063,93.708346699063,3,7147,42,347,260,782a9f006c18bd10,1444.700,2186.700,76.900,0.600,0,3954,5353,93.708295499063,1,739,1593.500
5354,5354,93.725845432396,93.725849132396,3,7147,42,346,254,275f972b7c1089dc,1451.800,3684.900,240.200,0.700,0,3955,5354,93.725797932396,1,739,2040.800
5355,5355,93.743347965729,93.743351665729,3,7147,43,356,254,13a65b3921318d8f,1570.200,2406.200,78.800,0.600,0,3956,5355,93.743300465729,1,738,1393.400
5356,5356,93.760850399062,93.760854099062,3,7147,42,351,253,fbe97db2e8709313,1426.200,2150.700,77.700,0.500,0,3957,5356,93.760802899062,1,738,1324.900
5357,5357,93.778352865729,93.778356565729,3,7147,41,351,252,2d1c06e2c19371b9,1417.500,2214.200,77.700,0.400,0,3958,5357,93.778305365729,1,737,1264.000
5358,5358,93.795855265729,93.795858965729,3,7147,41,351,252,4a4707ae65fde678,1501.300,2195.900,77.700,0.800,0,3959,5358,93.795807765729,1,737,1265.400
5359,5359,93.813358065729,93.813361765729,3,7147,41,351,251,bf2cfd05cbf6e42a,1400.300,2088.000,77.700,0.300,0,3960,5359,93.813310565729,1,737,1266.100
5360,5360,93.830860232395,93.830863932395,3,7147,40,350,249,499e86c56443d748,1480.700,2106.400,77.500,0.300,0,3961,5360,93.830812732395,1,738,1268.500
5361,5361,93.848362799062,93.848366499062,3,7147,40,350,248,17df9f80fdacae41,1385.000,2088.800,77.600,0.300,0,3962,5361,93.848315299062,1,738,1411.800
5362,5362,93.865865232395,93.865868932395,3,7147,40,350,247,f1c8ec6a6c436b1c,1430.300,2144.500,77.700,1.000,0,3963,5362,93.865817732395,1,738,1274.600
5363,5363,93.883367565728,93.883371265728,3,7147,40,353,246,6e061f98cfd45205,1403.800,2663.600,78.100,0.500,0,3964,5363,93.883320065728,1,736,1261.900
5364,5364,93.900870165728,93.900873865728,3,7147,41,373,246,7b676f50ee5a0f2f,1457.200,2236.800,82.700,0.500,0,3965,5364,93.900822665728,1,735,1443.900
5365,5365,93.918372665727,93.918376365727,3,7147,41,364,243,4624dc5d124902dd,1410.100,2097.000,80.600,0.400,0,3966,5365,93.918325165727,1,735,1274.700
5366,5366,93.935876132394,93.935879832394,3,7147,40,363,243,869a90347058b40d,1398.100,2104.800,131.100,0.500,0,3967,5366,93.935827465727,1,735,1267.000
5367,5367,93.953379065727,93.953382765727,3,7147,41,364,241,40649e5643083abd,1437.900,2214.600,109.300,0.300,0,3968,5367,93.953330399060,1,734,1328.400
5368,5368,93.970881132394,93.970884832394,3,7147,40,363,238,b0c84a5af47ec37e,1410.300,2125.900,91.200,0.300,0,3969,5368,93.970832465727,1,734,1265.700
5369,5369,93.988383632393,93.988387332393,3,7147,41,372,237,1bfae3b56fcbc2a1,1414.300,2135.100,82.400,0.200,0,3970,5369,93.988334965727,1,733,1317.300
5370,5370,94.005886099060,94.005889799060,3,7147,41,372,237,0f5f1451d900c694,1440.200,2144.900,82.300,0.300,0,3971,5370,94.005837432393,1,733,1297.700
5371,5371,94.023388532393,94.023392232393,3,7147,41,379,236,e4a7857b08451844,1396.100,2214.200,84.000,0.400,0,3972,5371,94.023339865726,1,733,1363.900
5372,5372,94.040891132393,94.040894832393,3,7147,41,379,233,fd9b8601b3c1b1e8,1424.600,2185.400,83.900,0.300,0,3973,5372,94.040842465726,1,733,1310.500
5373,5373,94.058404799059,94.058408499059,3,7147,41,379,233,0eb55b685f23559c,1396.300,2122.100,84.500,0.400,0,3974,5373,94.058356132393,1,733,1323.300
5374,5374,94.075895999059,94.075899699059,3,7147,41,348,232,816344bc85e0a44f,1399.100,2184.900,77.100,0.300,0,3975,5374,94.075847332393,1,733,1329.800
5375,5375,94.093398765726,94.093402465726,3,7147,41,346,231,16410ac36aabee79,1382.900,2114.900,76.600,0.300,0,3976,5375,94.093350099059,1,733,1301.500
5376,5376,94.110900932392,94.110904632392,3,7147,40,346,230,930dd484cff62dd8,1461.500,2170.100,76.600,0.400,0,3977,5376,94.110852265726,1,734,1332.400
5377,5377,94.128403365725,94.128407065725,3,7147,39,336,230,4f3bafd2132b5559,1487.300,2175.400,74.400,0.400,0,3978,5377,94.128354699059,1,734,1435.700
5378,5378,94.145905899059,94.145909599059,3,7147,39,335,229,66599e1ef8570418,1456.800,2291.100,74.200,0.300,0,3979,5378,94.145857232392,1,734,1271.200
5379,5379,94.163408265725,94.163411965725,3,7147,39,335,227,3dd650e21b16746e,1428.700,2122.900,74.100,0.300,0,3980,5379,94.163359599058,1,733,1306.700
5380,5380,94.180910832392,94.180914532392,3,7147,39,334,227,6c2f43f810895e25,1479.100,2094.700,74.000,0.300,0,3981,5380,94.180862165725,1,733,1243.500
5381,5381,94.198413365725,94.198417065725,3,7147,39,334,220,406cfe9873ea2d8f,1415.800,2153.300,73.900,0.300,0,3982,5381,94.198364699058,1,733,1248.100
5382,5382,94.215914565725,94.215918265725,3,7147,34,292,189,433d6b22744aacad,1427.400,2085.400,64.700,0.300,0,3983,5382,94.215867065725,1,729,1291.500
5383,5383,94.233417599058,94.233421299058,3,7147,28,249,158,6357eaefc46256fa,1416.700,2131.700,55.400,0.500,0,3984,5383,94.233370099058,1,725,1498.900
5384,5384,94.250919565724,94.250923265724,3,7147,25,223,135,489a0ff282f8ca49,1450.100,2131.900,49.500,0.300,0,3985,5384,94.250872065724,1,723,1250.100
5385,5385,94.268422099057,94.268425799057,3,7147,21,192,122,19c96c08909bd334,1557.200,2121.800,42.600,0.400,0,3986,5385,94.268374599057,1,719,1341.300
5386,5386,94.285924532390,94.285928232390,3,7147,20,218,104,d54200dfa327bbfe,1410.000,2040.900,56.200,0.400,0,3987,5386,94.285877032390,1,711,1326.500
5387,5387,94.303426899057,94.303430599057,3,7147,22,210,91,7cc6eb787569edc9,1423.100,2089.300,51.100,0.500,0,3988,5387,94.303379399057,1,705,1277.300
5388,5388,94.320929432390,94.320933132390,3,7147,18,189,79,25cdbfb4b5c035e2,1427.100,2005.400,42.000,0.300,0,3989,5388,94.320881932390,1,699,1363.200
5389,5389,94.338431899057,94.338435599057,3,7147,21,185,70,df33fcb4ab29d648,1391.700,2087.500,41.000,0.300,0,3990,5389,94.338384399057,1,692,1288.400
5390,5390,94.355934365723,94.355938065723,3,7147,19,175,61,7ebb5a11abc759d4,1383.600,2703.000,38.700,0.700,0,3991,5390,94.355886865723,1,690,1229.600
5391,5391,94.373437199056,94.373440899056,3,7147,17,178,55,4f2bb04c43a0ce87,1416.700,1988.100,39.400,0.300,0,3992,5391,94.373389699056,1,690,1294.100
5392,5392,94.390939299056,94.390942999056,3,7147,17,144,50,1151f62749d645fc,1406.000,2091.700,31.900,0.400,0,3993,5392,94.390891799056,1,688,1281.700
5393,5393,94.408441732389,94.408445432389,3,7147,16,150,48,0f7b127cffa16cd6,1423.900,2031.400,33.200,0.400,0,3994,5393,94.408394232389,1,687,1366.800
5394,5394,94.425944199056,94.425947899056,3,7147,17,149,48,e9579485e749ebfa,1405.400,2026.700,33.000,0.600,0,3995,5394,94.425896699056,1,686,1718.700
5395,5395,94.443446732389,94.443450432389,3,7147,15,133,44,bd92ccccc4e9e336,1415.800,1984.900,29.400,0.300,0,3996,5395,94.443399232389,1,686,1267.800
5396,5396,94.460949199055,94.460952899055,3,7147,14,120,42,8e17e092be0b2830,1429.000,2540.500,26.600,0.500,0,3997,5396,94.460901699055,1,686,1300.100
5397,5397,94.478451699055,94.478455399055,3,7147,16,146,40,73e7cda6a48810f6,1407.500,2000.400,32.400,0.300,0,3998,5397,94.478404199055,1,684,1250.800
5398,5398,94.495954199055,94.495957899055,3,7147,16,143,40,8e42d0858df918d8,1416.700,2013.700,31.700,0.300,0,3999,5398,94.495906699055,1,684,1275.600
5399,5399,94.513455832388,94.513459532388,3,7147,15,132,37,95d6b012e103210a,2030.000,2261.900,29.200,0.400,0,4000,5399,94.513409499055,1,685,1268.200
5400,5400,94.530957999055,94.530961699055,3,7147,15,132,37,4ed62fb026f4b3a4,1404.500,2049.600,50.400,0.400,0,4001,5400,94.530911665721,1,685,1273.900
5401,5401,94.548460332388,94.548464032388,3,7147,14,123,37,a65a1c23161992ee,1398.500,1972.900,27.300,0.700,0,4002,5401,94.548413999055,1,685,1264.600
5402,5402,94.565962799054,94.565966499054,3,7147,13,120,35,92ef69d2e7b4f698,1413.800,2015.300,26.600,0.400,0,4003,5402,94.565916465721,1,685,1389.800
5403,5403,94.583465399054,94.583469099054,3,7147,13,120,34,8636005cc2ff229f,1393.400,1978.400,26.500,0.500,0,4004,5403,94.583419065721,1,685,1302.900
5404,5404,94.600967832387,94.600971532387,3,7147,13,120,32,d8c8623464c841a7,1434.900,1963.300,26.600,0.200,0,4005,5404,94.600921499054,1,685,1250.100
5405,5405,94.618470232387,94.618473932387,3,7147,12,109,26,d58a8182a36b1920,1398.100,2018.000,33.100,0.200,0,4006,5405,94.618423899054,1,685,1361.700
5406,5406,94.635972832387,94.635976532387,3,7147,13,121,24,252e5eacdcd88c09,1389.400,1949.900,26.800,0.200,0,4007,5406,94.635926499054,1,684,1238.100
5407,5407,94.653475565720,94.653479265720,3,7147,13,120,24,5e0c894bdb5fb60a,1433.500,1997.200,26.600,0.300,0,4008,5407,94.653429232387,1,684,1298.100
5408,5408,94.670977665720,94.670981365720,3,7147,14,140,24,a079759d5159ad3f,1430.500,2019.900,31.200,0.500,0,4009,5408,94.670931332387,1,683,1330.800
5409,5409,94.688480132386,94.688483832386,3,7147,14,137,24,30ac36cd928672f1,1485.400,2053.300,30.400,0.600,0,4010,5409,94.688433799053,1,683,1541.800
5410,5410,94.705982632386,94.705986332386,3,7147,14,137,24,0327868aad06c81c,1480.700,2047.500,30.300,0.900,0,4011,5410,94.705936299053,1,683,1455.000
5411,5411,94.723485032386,94.723488732386,3,7147,12,120,23,d3f63d5c31d606ba,1414.700,2066.500,26.600,0.900,0,4012,5411,94.723438699053,1,683,1753.000
5412,5412,94.740987565719,94.740991265719,3,7147,12,119,23,23cd5836451bf6ba,1450.100,1987.800,26.400,0.500,0,4013,5412,94.740941232386,1,683,1418.600
5413,5413,94.758490032386,94.758493732386,3,7147,12,119,20,3133a901dcedef07,1441.300,2079.300,26.500,0.600,0,4014,5413,94.758443699052,1,683,1493.900
5414,5414,94.775992532386,94.775996232386,3,7147,12,116,20,85c59764f2f86db8,1450.800,1986.500,25.700,0.800,0,4015,5414,94.775946199052,1,683,1518.300
5415,5415,94.793495399052,94.793499099052,3,7147,12,116,19,f451f4e35211155b,1417.200,2044.600,25.700,0.300,0,4016,5415,94.793449065719,1,683,1328.600
5416,5416,94.810998699052,94.811002399052,3,7147,12,116,19,3876cba8fb7ccdca,1392.200,1966.200,25.700,0.400,0,4017,5416,94.810951199052,1,683,1285.000
5417,5417,94.828501099052,94.828504799052,3,7147,11,104,17,4ac46504d490593a,1394.400,2003.800,23.000,0.400,0,4018,5417,94.828453599052,1,684,1263.400
5418,5418,94.846003599052,94.846007299052,3,7147,11,104,17,60f20644192581d2,1417.300,1939.800,23.000,0.300,0,4019,5418,94.845956099052,1,683,1279.900
5419,5419,94.863506065718,94.863509765718,3,7147,11,103,17,099484938b3e4ceb,1399.600,2007.600,22.800,0.300,0,4020,5419,94.863458565718,1,683,1271.200
5420,5420,94.881008599051,94.881012299051,3,7147,11,102,14,ba4f9e86fe802639,1432.800,1955.200,22.500,0.400,0,4021,5420,94.880961099051,1,683,1284.200
5421,5421,94.898510965718,94.898514665718,3,7147,11,101,14,cab20d454fb62907,1411.100,1944.200,22.400,0.400,0,4022,5421,94.898463465718,1,683,1266.700
5422,5422,94.916013432384,94.916017132384,3,7147,10,100,14,c34b44d4cfccc53b,1510.900,2020.500,22.100,0.400,0,4023,5422,94.915965932384,1,683,1347.200
5423,5423,94.933516265717,94.933519965717,3,7147,10,100,14,9357bf79c4c531ac,1473.200,2013.000,22.200,0.600,0,4024,5423,94.933468765717,1,683,1573.900
5424,5424,94.951018365717,94.951022065717,3,7147,9,91,13,7b0cc7ff138ee8da,1413.500,1984.000,20.200,0.400,0,4025,5424,94.950970865717,1,683,1343.000
5425,5425,94.968520865717,94.968524565717,3,7147,10,103,11,4d5cc14ab1387eb5,1397.000,1969.100,22.900,0.300,0,4026,5425,94.968473365717,1,682,1258.900
5426,5426,94.986023432383,94.986027132383,3,7147,10,103,11,25a87232a1e3b040,1443.100,1984.400,22.800,0.200,0,4027,5426,94.985975932383,1,682,1285.700
5427,5427,95.003525765717,95.003529465717,3,7147,12,133,11,5de2d1b2e8909cb9,1386.000,2030.200,29.500,0.500,0,4028,5427,95.003478265717,1,680,1419.900
5428,5428,95.021028232383,95.021031932383,3,7147,12,129,10,552697390ffb4cdc,1533.500,1957.700,29.000,0.500,0,4029,5428,95.020980732383,1,680,1439.100
5429,5429,95.038530765716,95.038534465716,3,7147,8,64,0,5168f074277ce4f6,1396.000,2056.500,14.300,0.300,0,4030,5429,95.038483265716,1,673,1288.400
5430,5430,95.056044499049,95.056048199049,3,7147,6,59,0,6fb34bb10ea92ca0,1409.800,1914.900,13.100,0.300,0,4031,5430,95.055996999049,1,666,1260.600
5431,5431,95.073536065716,95.073539765716,3,7147,5,44,0,6420b561b6b120ec,1756.100,1961.300,9.800,0.300,0,4032,5431,95.073488565716,1,660,1320.800
5432,5432,95.091039332382,95.091043032382,3,7147,7,64,0,69998ef6bc330986,1398.900,1903.000,14.200,0.300,0,4033,5432,95.090990665716,1,653,1256.800
5433,5433,95.108541832382,95.108545532382,3,7147,5,46,0,fd0cffaa7029c9dc,1398.100,1935.400,10.200,0.200,0,4034,5433,95.108493165716,1,651,1250.800
5434,5434,95.126044265715,95.126047965715,3,7147,3,20,0,ff3ab1bc6994b972,1403.800,2058.300,4.500,0.400,0,4035,5434,95.125995599049,1,648,1285.600
5435,5435,95.143546665715,95.143550365715,3,7147,6,51,0,c326f19849ef4ede,1397.700,1998.500,11.400,0.300,0,4036,5435,95.143497999049,1,643,1451.800
5436,5436,95.161049199048,95.161052899048,3,7147,9,77,0,5d6507465b3b20fc,1515.600,2005.700,17.100,0.300,0,4037,5436,95.161000532382,1,639,1264.700
5437,5437,95.178551732382,95.178555432382,3,7147,7,67,0,354fc33f722f527e,1400.600,1920.300,14.900,0.400,0,4038,5437,95.178503065715,1,638,1333.800
5438,5438,95.196054199048,95.196057899048,3,7147,5,46,0,3caec99bedd81c28,1425.100,2026.100,10.200,0.300,0,4039,5438,95.196005532381,1,637,1264.400
5439,5439,95.213556965715,95.213560665715,3,7147,4,35,0,e7758f78967e686e,1424.400,1919.100,7.900,0.300,0,4040,5439,95.213508299048,1,637,1329.500
5440,5440,95.231059065714,95.231062765714,3,7147,3,31,0,5638fd6570f30dd2,1422.400,1896.100,6.900,0.300,0,4041,5440,95.231010399048,1,637,1228.800
5441,5441,95.248561565714,95.248565265714,3,7147,3,22,0,4b8b4dd75703f480,1402.900,1946.200,4.900,0.500,0,4042,5441,95.248512899048,1,636,1391.300
5442,5442,95.266064065714,95.266067765714,3,7147,3,41,0,4aea98ffa35dcf8e,1423.000,1917.000,9.200,0.400,0,4043,5442,95.266015399047,1,634,1234.700
5443,5443,95.283566565714,95.283570265714,3,7147,4,41,0,34d7fb39a557f425,1383.800,1908.500,9.100,0.300,0,4044,5443,95.283517899047,1,633,1265.800
5444,5444,95.301069065714,95.301072765714,3,7147,4,40,0,65ecf52be845fa60,1436.300,1971.300,8.900,0.400,0,4045,5444,95.301020399047,1,633,1276.600
5445,5445,95.318571499047,95.318575199047,3,7147,5,56,0,9d28afd72c8bf897,1416.500,1954.400,12.500,0.200,0,4046,5445,95.318522832380,1,632,1248.600
5446,5446,95.336073932380,95.336077632380,3,7147,6,55,0,dc8cfb040d9e8a31,1454.700,1956.800,12.200,0.600,0,4047,5446,95.336025265713,1,630,1287.400
5447,5447,95.353576832380,95.353580532380,3,7147,5,43,0,50d996d94b331ae2,1434.800,1943.400,9.600,0.300,0,4048,5447,95.353528165713,1,630,1391.800
5448,5448,95.371078832380,95.371082532380,3,7147,4,43,0,3512cd297218f9e8,1407.600,1902.900,9.500,0.300,0,4049,5448,95.371030165713,1,630,1280.600
5449,5449,95.388580199046,95.388583899046,3,7147,5,53,0,5d4233a348547f63,1419.300,1877.200,11.700,0.300,0,4050,5449,95.388532699046,1,629,1236.700
5450,5450,95.406082599046,95.406086299046,3,7147,5,53,0,686d0d879415187c,1402.200,1916.500,11.800,0.200,0,4051,5450,95.406035099046,1,629,1273.200
5451,5451,95.423585032379,95.423588732379,3,7147,5,52,0,81cceed589c59e7b,1436.400,1921.300,11.500,0.400,0,4052,5451,95.423537532379,1,629,1406.600
5452,5452,95.441087532379,95.441091232379,3,7147,5,52,0,960dbb9d16245935,1422.100,1936.600,11.500,0.400,0,4053,5452,95.441040032379,1,629,1378.700
5453,5453,95.458589999045,95.458593699045,3,7147,5,49,0,e657faa5a0a63f31,1410.200,1906.200,10.900,0.300,0,4054,5453,95.458542499045,1,629,1339.000
5454,5454,95.476092599045,95.476096299045,3,7147,5,49,0,030089c960304163,1441.500,2073.800,10.800,0.300,0,4055,5454,95.476045099045,1,629,1297.800
5455,5455,95.493595332378,95.493599032378,3,7147,6,60,0,d8aefa2e635e051b,1461.000,1884.900,13.300,0.300,0,4056,5455,95.493547832378,1,628,1328.000
5456,5456,95.511097499045,95.511101199045,3,7147,7,59,0,6c5dbaf3ba278b91,1417.100,1896.000,18.800,0.400,0,4057,5456,95.511049999045,1,627,1342.500
5457,5457,95.528599999045,95.528603699045,3,7147,7,58,0,995f5f77cde7413b,1461.900,1953.500,12.900,0.700,0,4058,5457,95.528552499045,1,627,1261.000
5458,5458,95.546102465711,95.546106165711,3,7147,6,47,0,86608972085ea246,1448.900,1964.100,10.500,0.300,0,4059,5458,95.546054965711,1,627,1270.800
5459,5459,95.563604899044,95.563608599044,3,7147,5,38,0,b3ec09fbed748376,1667.100,1942.500,8.500,0.700,0,4060,5459,95.563557399044,1,627,1457.100
5460,5460,95.581107332378,95.581111032378,3,7147,5,38,0,74add99222cad657,1450.500,2037.800,8.400,0.500,0,4061,5460,95.581059832378,1,627,1336.000
5461,5461,95.598609832377,95.598613532377,3,7147,5,38,0,2d781e0fd6f730b1,1424.500,1904.900,8.500,0.300,0,4062,5461,95.598562332377,1,627,1270.400
5462,5462,95.616112265711,95.616115965711,3,7147,6,47,0,683a94a3d1935ffa,1395.800,1872.200,10.400,0.200,0,4063,5462,95.616064765711,1,626,1252.600
5463,5463,95.633615132377,95.633618832377,3,7147,6,43,0,885f2daf141a3864,1433.400,1890.900,9.600,0.900,0,4064,5463,95.633567632377,1,626,1327.100
5464,5464,95.651117265710,95.651120965710,3,7147,7,43,0,06035a2a5e4737cb,1422.300,2015.000,9.500,0.300,0,4065,5464,95.651069765710,1,625,1297.400
5465,5465,95.668619665710,95.668623365710,3,7147,5,35,0,a4e2ba98d3038834,1537.000,1893.600,7.800,0.300,0,4066,5465,95.668572165710,1,625,1350.700
5466,5466,95.686119799043,95.686123499043,3,7147,5,35,0,adbaba210ebc938e,1388.800,1870.300,7.700,0.600,0,4067,5466,95.686074632376,1,625,1284.600
5467,5467,95.703622299043,95.703625999043,3,7147,5,35,0,752403ebc7469903,1416.000,2054.400,7.800,0.400,0,4068,5467,95.703577132376,1,625,1259.400
5468,5468,95.721124765709,95.721128465709,3,7147,5,35,0,61d08958d3979b3e,1425.700,1895.600,7.800,1.700,0,4069,5468,95.721079599043,1,625,1748.900
5469,5469,95.738627299043,95.738630999043,3,7147,5,35,0,46ae1f2df7dd2579,1417.300,1866.100,7.800,0.300,0,4070,5469,95.738582132376,1,625,1253.900
5470,5470,95.756129765709,95.756133465709,3,7147,5,33,0,2361af630704a731,1462.000,1955.700,7.400,0.500,0,4071,5470,95.756084599042,1,625,1506.200
5471,5471,95.773632565709,95.773636265709,3,7147,5,32,0,659a0a88bc0ad6b2,1419.100,1876.200,7.100,0.500,0,4072,5471,95.773587399042,1,625,1497.100
5472,5472,95.791134632375,95.791138332375,3,7147,5,32,0,964a18c291dbe7f6,1396.000,1877.200,7.200,0.400,0,4073,5472,95.791089465709,1,625,1271.500
5474,5474,95.826139599042,95.826143299042,3,7147,4,22,0,b8dba65ece265cf9,1404.100,1876.900,4.900,0.300,0,4074,5474,95.826094432375,1,625,1338.100
5476,5476,95.861144499041,95.861148199041,3,7147,3,22,0,1434083201a7f209,1485.600,1930.300,5.200,0.400,0,4075,5476,95.861099332375,1,625,1388.500
5478,5478,95.896149532374,95.896153232374,3,7147,4,32,0,ed007d0023decfc2,1440.600,1883.200,7.100,1.300,0,4076,5478,95.896104365708,1,624,1451.800
5479,5479,95.913652432374,95.913656132374,3,7147,4,44,0,e38a6dc8fb58ba3e,1421.400,1927.800,9.800,0.500,0,4077,5479,95.913607265708,1,623,1431.700
5480,5480,95.931154399041,95.931158099041,3,7147,4,44,0,b614dd4e36e8894d,1463.000,1858.700,9.800,0.400,0,4078,5480,95.931109232374,1,623,1269.800
5481,5481,95.948652232374,95.948655932374,3,7147,4,44,0,517ebf3f3157d810,1419.000,1866.100,9.800,0.400,0,4079,5481,95.948611732374,1,623,1278.800
5482,5482,95.966154665707,95.966158365707,3,7147,4,44,0,eaa6e474e07111b7,1456.800,1887.600,9.800,1.000,0,4080,5482,95.966114165707,1,623,1570.900
5483,5483,95.983657132373,95.983660832374,3,7147,4,44,0,59cce06db363a940,1463.900,1871.000,9.700,0.300,0,4081,5483,95.983616632373,1,623,1316.200
5484,5484,96.001159732373,96.001163432373,3,7147,4,44,0,161de4cda46cdd30,1477.400,1889.000,9.700,0.300,0,4082,5484,96.001119232373,1,623,1256.400
5485,5485,96.018662132373,96.018665832373,3,7147,4,44,0,612b44e611228d4d,1422.100,1866.800,9.700,0.200,0,4083,5485,96.018621632373,1,623,1278.100
5486,5486,96.036164599040,96.036168299040,3,7147,4,56,0,edeb547cabc3df18,1399.700,1877.000,12.400,0.700,0,4084,5486,96.036124099040,1,622,1317.100
5487,5487,96.053678765706,96.053682465706,3,7147,4,56,0,fe308a6545bf8afa,1401.300,1935.500,12.400,0.400,0,4085,5487,96.053638265706,1,622,1406.700
5488,5488,96.071169499039,96.071173199039,3,7147,4,54,0,af3e5fd85d64b71c,1423.400,1866.300,12.000,0.300,0,4086,5488,96.071128999039,1,622,1259.900
5489,5489,96.088672099039,96.088675799039,3,7147,4,54,0,f23b316186ed39b7,1450.300,2103.500,12.000,0.500,0,4087,5489,96.088631599039,1,622,1323.400
5490,5490,96.106174432372,96.106178132372,3,7147,3,44,0,ddfc8fb3dd58f7bb,1705.800,1913.100,10.600,0.400,0,4088,5490,96.106133932372,1,622,1243.700
5491,5491,96.123676932372,96.123680632372,3,7147,2,35,0,d533567b267f8eb4,1400.700,1909.400,7.700,0.400,0,4089,5491,96.123636432372,1,622,1274.700
5492,5492,96.141179432372,96.141183132372,3,7147,2,31,0,a67469640fb5ce4e,1475.400,1867.100,79.100,0.400,0,4090,5492,96.141138932372,1,622,1337.200
5493,5493,96.158681899038,96.158685599038,3,7147,2,31,0,4b1ad8d50d735b01,1478.100,1883.300,7.000,0.400,0,4091,5493,96.158641399038,1,622,1300.100
5494,5494,96.176184332372,96.176188032372,3,7147,2,31,0,22905ef4950e18a2,1494.600,1895.800,6.900,0.500,0,4092,5494,96.176143832372,1,622,1279.000
5495,5495,96.193687265705,96.193690965705,3,7147,2,31,0,39d5d81cb47d674b,1387.200,1857.600,6.800,0.300,0,4093,5495,96.193646765705,1,622,1273.100
5496,5496,96.211188199038,96.211191899038,3,7147,3,41,0,03046f424d3eb390,1425.700,1905.000,9.100,0.600,0,4094,5496,96.211148865705,1,621,1253.500
5497,5497,96.228690532371,96.228694232371,3,7147,3,41,0,71dfda00468bdce8,1447.600,1872.800,9.100,0.600,0,4095,5497,96.228651199038,1,621,1307.000
5498,5498,96.246193065704,96.246196765704,3,7147,3,38,0,a6ba997cce53de38,1444.800,2085.800,8.400,0.500,0,4096,5498,96.246153732371,1,621,1276.500
5499,5499,96.263695565704,96.263699265704,3,7147,3,37,0,65808f444097126c,1389.300,1913.600,8.300,0.400,0,4097,5499,96.263656232371,1,621,1828.500
5500,5500,96.281198065704,96.281201765704,3,7147,3,37,0,a593d2526a3f6c2b,1412.900,1904.500,8.300,0.600,0,4098,5500,96.281158732371,1,621,1325.300
5501,5501,96.298700532370,96.298704232370,3,7147,3,37,0,50fd60c83fdccbb5,1441.000,1937.500,8.300,0.500,0,4099,5501,96.298661199037,1,621,1284.000
5502,5502,96.316202932370,96.316206632370,3,7147,3,37,0,faf40c4d4387c91b,1427.400,1856.200,8.300,0.200,0,4100,5502,96.316163599037,1,621,1213.800
5503,5503,96.333705732370,96.333709432370,3,7147,3,37,0,4b2d7872e9747afc,1400.000,1959.000,8.300,0.300,0,4101,5503,96.333666399037,1,621,1256.300
5504,5504,96.351207899036,96.351211599036,3,7147,3,36,0,75a94d2e76d2ffc1,1420.800,1901.100,7.900,0.400,0,4102,5504,96.351168565703,1,621,1218.600
5505,5505,96.368710332370,96.368714032370,3,7147,3,35,0,ece00c8782d296b9,1471.500,1951.000,7.800,0.300,0,4103,5505,96.368670999036,1,621,1333.100
5506,5506,96.386212865703,96.386216565703,3,7147,3,31,0,b4bb2506972b82d3,1459.500,1929.600,6.900,0.400,0,4104,5506,96.386173532369,1,621,1229.000
5507,5507,96.403715265703,96.403718965703,3,7147,3,30,0,b87ef69aed33e7cb,1432.500,1888.700,6.600,0.300,0,4105,5507,96.403675932369,1,621,1315.100
5508,5508,96.421217865702,96.421221565702,3,7147,2,11,0,1f34139d2150efc0,1496.800,1872.000,2.500,0.200,0,4106,5508,96.421178532369,1,620,1310.100
5509,5509,96.438720232369,96.438723932369,3,7147,2,10,0,11ef57bfff9ef52a,1444.600,1881.900,2.200,0.300,0,4107,5509,96.438680899036,1,620,1276.100
5510,5510,96.456224365702,96.456228065702,3,7147,2,8,0,253d70407b1491fc,1446.900,1736.100,1.800,0.500,0,4108,5510,96.456183365702,1,520,1282.500
5511,5511,96.473893232369,96.473896932369,3,7147,2,8,0,d6641d0d719054f2,1427.600,1809.500,1.800,0.500,0,4109,5511,96.473686232369,1,520,1327.900
5512,5512,96.491225265702,96.491230832368,3,7147,1,0,0,cbf29ce484222325,1419.700,1765.700,0.100,0.200,0,4110,5512,96.491188265702,1,520,1428.100
5513,5513,96.508727765702,96.508733332368,3,7147,2,10,0,19da12f8359a840b,1411.500,1721.900,2.200,0.300,0,4111,5513,96.508690765702,1,519,1305.700
5514,5514,96.526230232368,96.526235799035,3,7147,3,22,0,9823f3f90dd07b1e,1407.700,1764.500,5.000,0.300,0,4112,5514,96.526193232368,1,518,1298.900
5515,5515,96.543732699035,96.543738265701,3,7147,3,22,0,b4567cd59f3342a0,1406.000,1751.100,4.900,0.400,0,4113,5515,96.543695699035,1,518,1472.600
5516,5516,96.561235165701,96.561240732368,3,7147,3,22,0,71329d94411a5f78,1458.400,1937.900,8.600,0.400,0,4114,5516,96.561198165701,1,518,1438.600
5517,5517,96.578737665701,96.578743232368,3,7147,4,34,0,5894600fa203a73a,1435.100,1765.000,7.500,0.400,0,4115,5517,96.578700665701,1,517,1252.500
5518,5518,96.596240132367,96.596245699034,3,7147,6,38,0,181c1e48559c08e6,1430.000,1790.300,8.400,0.400,0,4116,5518,96.596203132367,1,515,1262.500
5519,5519,96.613742865701,96.613748432367,3,7147,5,38,0,b014fe83eb424ccc,2043.400,1815.600,8.400,0.300,0,4117,5519,96.613705865701,1,515,1258.400
5520,5520,96.631245132367,96.631250699034,3,7147,5,38,0,5614f0981f6c034b,1418.100,1761.200,8.500,0.400,0,4118,5520,96.631208132367,1,515,1308.600
5521,5521,96.648747565700,96.648753132367,3,7147,5,38,0,88c6fa4ea293b690,1408.700,1747.000,8.400,0.700,0,4119,5521,96.648710565700,1,515,1256.700
5522,5522,96.666250165700,96.666255732367,3,7147,5,38,0,a79b8046ccb1c552,1450.100,1838.600,8.500,0.500,0,4120,5522,96.666213165700,1,515,1296.400
5523,5523,96.683764265700,96.683767965700,3,7147,5,37,0,f7765e697ba453c9,1449.200,1768.500,8.600,0.500,0,4121,5523,96.683715599033,1,515,1397.100
5524,5524,96.701266699033,96.701270399033,3,7147,4,27,0,9bb8fd045687f049,1605.500,1740.400,6.000,0.400,0,4122,5524,96.701218032366,1,515,1251.600
5526,5526,96.736271565699,96.736275265699,3,7147,4,27,0,19989a56591c8363,1437.900,1785.800,6.000,0.500,0,4123,5526,96.736222899033,1,515,1347.500
5528,5528,96.771276632366,96.771280332366,3,7147,4,27,0,cb66d6b2a4e26d2f,1415.400,1791.400,6.100,0.500,0,4124,5528,96.771227965699,1,515,1480.000
5530,5530,96.806281599032,96.806285299032,3,7147,5,37,0,83b4248489c45302,1417.100,1737.800,8.300,0.400,0,4125,5530,96.806232932365,1,514,1261.400
5532,5532,96.841286465698,96.841290165698,3,7147,6,58,0,96f085dcd8192b0a,1403.400,1746.500,12.900,0.600,0,4126,5532,96.841237799032,1,513,1295.200
5534,5534,96.876291332365,96.876295032365,3,7147,7,75,0,9e83cd330172c34c,1505.900,1747.000,16.600,0.400,0,4127,5534,96.876242665698,1,512,1352.900
5536,5536,96.911296432364,96.911300132364,3,7147,7,75,0,821088c577179622,1494.200,1835.300,16.700,0.500,0,4128,5536,96.911247765698,1,512,1331.700
5537,5537,96.928798799031,96.928802499031,3,7147,7,74,0,660ddc665b774b3b,1411.700,1816.300,16.400,0.400,0,4129,5537,96.928750132364,1,512,1278.800
5538,5538,96.946301299031,96.946304999031,3,7147,7,74,0,a7571e05e7e2d67f,1424.800,1792.500,20.500,0.500,0,4130,5538,96.946252632364,1,512,1271.600
5539,5539,96.963803732364,96.963807432364,3,7147,7,73,0,db065ac94672b04b,1545.700,1826.500,16.200,1.000,0,4131,5539,96.963755065697,1,512,1895.500
5540,5540,96.981306165697,96.981309865697,3,7147,6,62,0,79443a2ba4f6e090,1436.100,1869.400,13.700,0.300,0,4132,5540,96.981257499030,1,512,1306.900
5541,5541,96.998808632363,96.998812332363,3,7147,6,62,0,3b7379746d41e187,1448.100,1869.900,13.700,0.500,0,4133,5541,96.998759965697,1,512,1432.900
5542,5542,97.016311199030,97.016314899030,3,7147,6,62,0,99682befa949658e,1447.300,1883.100,13.700,0.600,0,4134,5542,97.016262532363,1,512,1387.100
5543,5543,97.033814165696,97.033817865696,3,7147,6,62,0,5742667ce1b76a7e,1428.000,1800.400,13.700,0.400,0,4135,5543,97.033765499030,1,512,1369.600
5544,5544,97.051327465696,97.051331165696,3,7147,6,59,0,a54c7d7e9cadb72f,1566.000,1770.100,13.100,0.400,0,4136,5544,97.051278799029,1,512,1754.500
5545,5545,97.068818599029,97.068822299029,3,7147,7,65,0,7401ab1a8f161f2b,1435.100,1754.000,14.400,0.400,0,4137,5545,97.068769932363,1,511,1708.700
5546,5546,97.086321099029,97.086324799029,3,7147,7,62,0,d57a00c9ceb96cf0,1427.900,1792.100,13.800,0.500,0,4138,5546,97.086272432362,1,511,1286.200
5547,5547,97.103823565696,97.103827265696,3,7147,7,72,0,28f0bac9a664c58f,1522.500,1991.300,15.900,0.400,0,4139,5547,97.103774899029,1,510,1354.600
5548,5548,97.121326032362,97.121329732362,3,7147,7,64,0,9cc3e4bb60f84541,1414.800,1767.000,14.200,0.600,0,4140,5548,97.121277365695,1,509,1417.700
5549,5549,97.138828365695,97.138832065695,3,7147,6,61,0,4852b661bacf6841,1419.400,1750.800,13.600,0.500,0,4141,5549,97.138779699029,1,509,1268.400
5550,5550,97.156330932362,97.156334632362,3,7147,5,49,0,ca53642793722063,1431.700,1723.300,10.900,0.800,0,4142,5550,97.156282265695,1,509,1263.700
5551,5551,97.173833799028,97.173837499028,3,7147,5,48,0,51e8261e89f368ec,1405.000,1730.500,10.600,1.000,0,4143,5551,97.173785132362,1,509,1263.300
5552,5552,97.191335832361,97.191339532361,3,7147,6,58,0,2d453e4c8764233d,1416.400,1736.200,12.900,0.400,0,4144,5552,97.191287165695,1,508,1307.000
5553,5553,97.208838365695,97.208842065695,3,7147,6,58,0,d18243bf4cecc967,1381.500,1728.200,12.900,0.300,0,4145,5553,97.208789699028,1,508,1349.700
5554,5554,97.226340732361,97.226344432361,3,7147,6,58,0,bc0d05ff845f59c3,1471.900,1743.300,12.900,0.600,0,4146,5554,97.226292065694,1,508,1450.900
5555,5555,97.243843365694,97.243847065694,3,7147,6,58,0,c33e746a70fe8f53,1407.100,1773.900,13.000,0.300,0,4147,5555,97.243794699028,1,508,1270.800
5556,5556,97.261345799027,97.261349499027,3,7147,6,52,0,78d19541f4a26734,1420.400,1834.700,11.600,0.500,0,4148,5556,97.261297132361,1,508,1499.400
5557,5557,97.278848199027,97.278851899027,3,7147,5,40,0,12a6d37a159244ec,1469.100,1799.300,8.900,0.500,0,4149,5557,97.278799532361,1,508,1426.300
5558,5558,97.296350699027,97.296354399027,3,7147,5,40,0,dd91481a48c8053b,1442.200,1753.800,9.100,0.500,0,4150,5558,97.296302032360,1,508,1296.800
5559,5559,97.313853532360,97.313857232360,3,7147,4,27,0,722eba41e6e4de05,1404.500,1720.000,6.000,0.500,0,4151,5559,97.313804865694,1,508,1335.200
5560,5560,97.331355599027,97.331359299027,3,7147,3,16,0,ab629d153166b072,1409.100,1743.100,3.600,0.400,0,4152,5560,97.331306932360,1,508,1271.000
5561,5561,97.348858165693,97.348861865693,3,7147,3,16,0,44fb81ce72d2c168,1412.700,1731.200,3.600,0.400,0,4153,5561,97.348809499027,1,508,1215.000
5562,5562,97.366360565693,97.366364265693,3,7147,3,16,0,ece799265f50d5d1,1405.100,1775.900,3.600,0.500,0,4154,5562,97.366311899026,1,508,1249.700
5563,5563,97.383863099026,97.383866799026,3,7147,3,16,0,8360127de7831960,1369.300,1703.700,3.500,0.400,0,4155,5563,97.383814432360,1,508,1253.800
5564,5564,97.401365632359,97.401369332359,3,7147,4,26,0,11e9f4e3c4b53524,1397.200,1727.900,5.800,0.300,0,4156,5564,97.401316965693,1,507,1251.900
5565,5565,97.418868032359,97.418871732359,3,7147,4,26,0,419a1a920d50b546,1439.500,1738.400,5.800,0.600,0,4157,5565,97.418819365692,1,507,1262.400
5566,5566,97.436370499026,97.436374199026,3,7147,4,26,0,ae3d38dc2beabc85,1418.400,1791.000,5.900,0.400,0,4158,5566,97.436321832359,1,507,1336.700
5567,5567,97.453873265692,97.453876965692,3,7147,5,36,0,94fb20bedc1502ea,1416.400,1734.800,8.000,0.500,0,4159,5567,97.453824599025,1,506,1335.600
5568,5568,97.471375365692,97.471379065692,3,7147,6,38,0,70372761cada4107,1420.200,1791.500,8.400,0.200,0,4160,5568,97.471326699025,1,505,1257.400
5569,5569,97.488877832358,97.488881532358,3,7147,8,78,0,554425b322f2e842,1416.800,1745.700,17.300,0.500,0,4161,5569,97.488829165692,1,502,1321.800
5570,5570,97.506380299025,97.506383999025,3,7147,9,90,0,6721d64fe3a93d9d,1469.900,1761.000,20.300,0.400,0,4162,5570,97.506331632358,1,501,1327.100
5571,5571,97.523882832358,97.523886532358,3,7147,9,89,0,bad710750c89f02c,1396.800,1773.500,19.800,0.300,0,4163,5571,97.523834165691,1,501,1311.600
5572,5572,97.541385265691,97.541388965691,3,7147,8,78,0,3ff54926527ac68c,1451.100,1825.900,17.300,0.400,0,4164,5572,97.541336599025,1,501,1572.600
5573,5573,97.558887832358,97.558891532358,3,7147,10,87,0,e90e6a16448cb47e,1403.400,1850.200,19.300,0.400,0,4165,5573,97.558839165691,1,499,1279.500
5574,5574,97.576390299024,97.576393999024,3,7147,10,81,0,75101d35d0f6d2b5,1406.900,1731.200,17.900,0.300,0,4166,5574,97.576341632358,1,499,1246.200
5575,5575,97.593893065691,97.593896765691,3,7147,8,73,0,8cad7f7be781fc6a,1400.300,1794.200,16.200,1.000,0,4167,5575,97.593844399024,1,499,1290.500
5576,5576,97.611395132357,97.611398832357,3,7147,7,67,0,1a74068b87c93c85,1418.900,1749.800,14.900,0.500,0,4168,5576,97.611346465691,1,499,1269.600
5577,5577,97.628897632357,97.628901332357,3,7147,6,66,0,cb4708d0543170fb,1399.500,1723.600,14.600,0.500,0,4169,5577,97.628848965690,1,499,1259.400
5578,5578,97.646400065690,97.646403765690,3,7147,6,65,0,6fed1770c505f7ab,1457.600,1722.200,14.400,0.400,0,4170,5578,97.646351399024,1,499,1251.500
5579,5579,97.663902565690,97.663906265690,3,7147,5,50,0,f6ad139cb3585123,1564.500,1742.000,11.100,0.400,0,4171,5579,97.663853899023,1,499,1273.900
5580,5580,97.681405099023,97.681408799023,3,7147,5,44,0,27f39c8b91c5ba5d,1388.700,1766.800,9.800,0.300,0,4172,5580,97.681356432357,1,498,1263.500
5581,5581,97.698907532356,97.698911232356,3,7147,5,36,0,2b66d1af94e259fa,1407.000,1849.300,8.000,0.500,0,4173,5581,97.698858865690,1,497,1264.700
5582,5582,97.716410032356,97.716413732356,3,7147,5,36,0,9e950e7dca69fbc5,1481.100,1746.000,8.100,0.300,0,4174,5582,97.716361365690,1,497,1260.300
5583,5583,97.733911565689,97.733915265689,3,7147,6,48,0,b2e3f20a39fbaf65,1431.300,1757.100,10.600,0.400,0,4175,5583,97.733864065689,1,496,1372.900
5584,5584,97.751413799022,97.751417499022,3,7147,6,48,0,33ba0cf0bb4c342a,1462.100,1749.300,10.700,0.500,0,4176,5584,97.751366299022,1,496,1262.200
5585,5585,97.768916199022,97.768919899022,3,7147,6,48,0,c66f42b2aafa612c,1483.900,1778.900,10.700,0.300,0,4177,5585,97.768868699022,1,496,1340.000
5586,5586,97.786418799022,97.786422499022,3,7147,6,48,0,fa08b158f41ad05d,1448.300,1747.400,10.700,0.500,0,4178,5586,97.786371299022,1,496,1363.500
5587,5587,97.803921199022,97.803924899022,3,7147,6,47,0,cbc11f100d40a50d,1447.700,1750.000,10.400,0.800,0,4179,5587,97.803873699022,1,496,1362.100
5588,5588,97.821423632355,97.821427332355,3,7147,5,38,0,02c4578338b23c21,1402.800,1724.100,8.400,0.200,0,4180,5588,97.821376132355,1,496,1251.900
5589,5589,97.838926932355,97.838930632355,3,7147,5,37,0,4146e6464f21a115,1425.700,1720.400,8.200,0.400,0,4181,5589,97.838879432355,1,496,1569.900
5590,5590,97.856428599021,97.856432299021,3,7147,6,47,0,408a51f86c5578dc,1426.000,1745.100,10.400,0.400,0,4182,5590,97.856381099021,1,495,1263.800
5591,5591,97.873931565688,97.873935265688,3,7147,6,47,0,6052a147ed30b13e,1396.600,1716.600,10.400,0.200,0,4183,5591,97.873884065688,1,495,1256.800
5592,5592,97.891433599021,97.891437299021,3,7147,7,65,0,4ca31af05d62b8ee,1393.200,1713.600,14.400,0.300,0,4184,5592,97.891386099021,1,494,1237.800
5594,5594,97.926438532354,97.926442232354,3,7147,7,65,0,c978476c46c47b2f,1417.500,1728.700,14.500,0.400,0,4185,5594,97.926391032354,1,494,1311.300
5595,5595,97.943940932354,97.943944632354,3,7147,7,65,0,0681d60565e959af,1404.900,1785.000,14.500,0.400,0,4186,5595,97.943893432354,1,494,1390.600
5596,5596,97.961443399020,97.961447099020,3,7147,8,87,0,b81efad6c948b8f2,1398.300,1729.800,19.300,0.700,0,4187,5596,97.961395899020,1,493,1240.700
5597,5597,97.978945899020,97.978949599020,3,7147,8,86,0,0f0f4d87b47412b9,1404.700,1816.500,19.100,0.600,0,4188,5597,97.978898399020,1,493,1554.400
5598,5598,97.996447165687,97.996450865687,3,7147,8,86,0,348c6f95af7fe689,1506.300,1767.400,19.100,0.800,0,4189,5598,97.996400832353,1,493,1273.800
5599,5599,98.013949965687,98.013953665687,3,7147,8,86,0,a6f3ae9b5e41717e,1396.800,1789.600,19.100,0.300,0,4190,5599,98.013903632353,1,493,1257.800
5600,5600,98.031452099020,98.031455799020,3,7147,8,85,0,5afc494e29c1136e,1419.700,1720.500,18.900,0.300,0,4191,5600,98.031405765686,1,493,1327.300
5601,5601,98.048965865686,98.048969565686,3,7147,7,75,0,8da2cefc8b602804,1435.600,1720.600,16.600,0.500,0,4192,5601,98.048919532353,1,493,1290.700
5602,5602,98.066457032353,98.066460732353,3,7147,7,73,0,4fcbd946bcaf6e6f,1417.100,1720.400,16.100,0.300,0,4193,5602,98.066410699019,1,493,1366.100
5603,5603,98.083959499019,98.083963199019,3,7147,7,61,0,0b622f5766b4e3ad,1387.100,1712.600,13.600,0.300,0,4194,5603,98.083913165686,1,492,1372.700
5604,5604,98.101462099019,98.101465799019,3,7147,7,70,0,064972945962d931,1378.500,1736.200,15.600,0.300,0,4195,5604,98.101415765686,1,491,1271.600
5605,5605,98.118964532352,98.118968232352,3,7147,8,82,0,f2dac63b823f55b7,1396.000,1732.400,18.300,0.500,0,4196,5605,98.118918199019,1,490,1418.300
5606,5606,98.136466932352,98.136470632352,3,7147,7,79,0,c43eab968b2d6d88,1451.000,1789.300,17.500,0.300,0,4197,5606,98.136420599019,1,490,1281.600
5607,5607,98.153969799018,98.153973499018,3,7147,7,78,0,fbc9459f12ea32df,1417.600,1722.100,17.200,0.400,0,4198,5607,98.153923465685,1,490,1481.700
5608,5608,98.171472032352,98.171475732352,3,7147,7,75,0,fc08654a05d49202,1450.900,1799.100,16.600,0.900,0,4199,5608,98.171425699018,1,490,1455.600
5609,5609,98.188974432351,98.188978132351,3,7147,7,75,0,450bf22d45396f58,1413.900,1733.100,16.700,0.900,0,4200,5609,98.188928099018,1,490,1364.500
5610,5610,98.206476799018,98.206480499018,3,7147,7,75,0,7ac575d5daa8fe15,1437.600,1736.500,16.600,0.500,0,4201,5610,98.206430465685,1,490,1384.000
5611,5611,98.223979399018,98.223983099018,3,7147,7,75,0,24868c9cfed49df8,1425.900,1725.400,16.600,0.400,0,4202,5611,98.223933065684,1,490,1390.600
5612,5612,98.241481799018,98.241485499018,3,7147,6,67,0,d40550c086cb0292,1432.100,1738.400,14.900,0.800,0,4203,5612,98.241435465684,1,490,1455.400
5613,5613,98.258978499017,98.258982199017,3,7147,6,65,0,05a79796e70efc7c,1390.700,1712.500,14.400,0.400,0,4204,5613,98.258937999017,1,490,1275.700
5614,5614,98.276480865684,98.276484565684,3,7147,6,61,0,f68f012f63af88d8,1431.200,1789.200,13.500,0.400,0,4205,5614,98.276440365684,1,490,1491.000
5615,5615,98.293983699017,98.293987399017,3,7147,5,60,0,44de3ffeaa6d3cc5,1403.000,1720.600,13.300,1.500,0,4206,5615,98.293943199017,1,490,1562.200
5616,5616,98.311485832350,98.311489532350,3,7147,3,41,0,0d7c9fb8168823f8,1442.100,1723.800,9.200,0.600,0,4207,5616,98.311445332350,1,490,1359.700
5617,5617,98.328988432350,98.328992132350,3,7147,3,41,0,11156abfc0b52e2a,1403.300,1698.800,9.100,0.300,0,4208,5617,98.328947932350,1,490,1265.100
5618,5618,98.346490799017,98.346494499017,3,7147,3,40,0,9d39b24c71d16331,1409.700,1708.600,8.900,0.500,0,4209,5618,98.346450299017,1,490,1252.800
5619,5619,98.363993332350,98.363997032350,3,7147,4,44,0,dc4839b8ab4084f3,1384.000,1702.000,9.700,0.300,0,4210,5619,98.363952832350,1,489,1294.400
5620,5620,98.381502832350,98.381506532350,3,7147,4,44,0,28b4b2fb359e56f6,1427.900,1727.300,9.800,0.300,0,4211,5620,98.381455332350,1,489,1282.400
5621,5621,98.399005265683,98.399008965683,3,7147,4,44,0,cd12fe23cd90cc15,1395.100,1742.900,9.800,0.800,0,4212,5621,98.398957765683,1,489,1242.400
5622,5622,98.416507699016,98.416511399016,3,7147,4,32,0,f4ee739e6094a68c,1398.200,1694.200,7.100,0.200,0,4213,5622,98.416460199016,1,488,1338.600
5623,5623,98.434010599016,98.434014299016,3,7147,4,32,0,0dd9c660c0704dc5,1432.400,1697.200,7.100,0.400,0,4214,5623,98.433963099016,1,488,1270.800
5624,5624,98.451512565682,98.451516265682,3,7147,4,32,0,55c76b6ce703e17c,1471.000,1726.800,7.100,0.900,0,4215,5624,98.451465065682,1,488,1314.600
5626,5626,98.486517499015,98.486521199015,3,7147,4,32,0,ac4f1255afcdc563,1414.000,1760.700,7.200,0.500,0,4216,5626,98.486469999015,1,488,1312.000
5627,5627,98.504020065682,98.504023765682,3,7147,4,32,0,ae5cf31316ea1e99,1435.600,1751.400,7.100,0.300,0,4217,5627,98.503972565682,1,488,1236.900
5628,5628,98.521522465681,98.521526165681,3,7147,4,32,0,3419ee6a785ce109,1408.500,1726.000,7.200,0.400,0,4218,5628,98.521474965681,1,488,1321.900
5629,5629,98.539024899015,98.539028599015,3,7147,4,31,0,1bf9d987eb21feef,1405.800,1755.400,6.900,1.100,0,4219,5629,98.538977399015,1,488,1242.300
5630,5630,98.556527399014,98.556531099014,3,7147,4,31,0,06c9f2ae94668fdf,1467.300,1865.200,6.900,0.600,0,4220,5630,98.556479899014,1,488,1520.800
5631,5631,98.574030232348,98.574033932348,3,7147,3,22,0,fc99d79c155798e4,1428.200,1750.900,5.000,0.500,0,4221,5631,98.573982732348,1,488,1411.600
5632,5632,98.591532332347,98.591536032347,3,7147,3,22,0,0313b6814dcfd7ec,1412.900,1789.700,4.900,0.400,0,4222,5632,98.591484832347,1,488,1305.700
5633,5633,98.609034932347,98.609038632347,3,7147,5,36,0,4248677a5a107ce8,1407.200,1707.600,8.000,0.300,0,4223,5633,98.608987432347,1,486,1316.000
5634,5634,98.626537399014,98.626541099014,3,7147,6,56,0,5b00a507111d9997,1440.200,1757.800,12.500,0.300,0,4224,5634,98.626489899014,1,485,1313.100
5635,5635,98.644039799014,98.644043499014,3,7147,6,56,0,fc7a7a65be4f67bf,1407.500,1710.500,12.500,0.500,0,4225,5635,98.643992299014,1,485,1291.700
5636,5636,98.661542265680,98.661545965680,3,7147,6,56,0,fa724d11f8d32766,1484.300,1719.700,12.400,0.400,0,4226,5636,98.661494765680,1,485,1230.500
5637,5637,98.679044699013,98.679048399013,3,7147,6,56,0,c792eb8490420659,1413.800,1700.400,12.500,0.500,0,4227,5637,98.678997199013,1,485,1273.900
5638,5638,98.696547165680,98.696550865680,3,7147,6,56,0,3ef51c6ca0734a34,1440.700,1787.100,12.400,0.400,0,4228,5638,98.696499665680,1,485,1351.700
5639,5639,98.714050065680,98.714053765680,3,7147,6,56,0,67c21d2d092454d9,1410.300,1718.500,12.400,0.400,0,4229,5639,98.714002565680,1,485,1302.300
5640,5640,98.731808399013,98.731812132346,3,7147,7,67,0,704dcc83a40e965f,1453.000,1729.400,14.900,0.500,0,4230,5640,98.731504599013,1,484,1343.700
5641,5641,98.749305632346,98.749309365679,3,7147,8,91,0,da1633a2bc4b25e3,1428.800,1736.900,20.100,0.700,0,4231,5641,98.749007065679,1,483,1298.000
5642,5642,98.766807565679,98.766811299012,3,7147,8,91,0,c2526d8ddc26e821,1410.400,1725.600,20.200,0.300,0,4232,5642,98.766509565679,1,483,1397.300
5643,5643,98.784308932345,98.784312665679,3,7147,8,90,0,d618d459e50dce00,1529.600,1775.600,20.000,0.500,0,4233,5643,98.784012099012,1,483,1311.500
5644,5644,98.801810299012,98.801814032345,3,7147,8,90,0,d7c33a51ff6508e0,1386.300,1709.900,20.000,0.300,0,4234,5644,98.801514632345,1,483,1289.000
5645,5645,98.819310999012,98.819314732345,3,7147,7,78,0,671bd288113c00f0,1383.500,1729.900,17.300,0.300,0,4235,5645,98.819017065678,1,483,1228.000
5646,5646,98.836812199012,98.836815932345,3,7147,7,78,0,feeca49d0340de32,1415.900,1725.800,17.300,0.400,0,4236,5646,98.836519432345,1,483,1396.600
5647,5647,98.854315065678,98.854318799011,3,7147,8,87,0,9622c1c3f5482ca1,1394.800,1748.200,19.300,0.400,0,4237,5647,98.854022299011,1,482,1241.400
5648,5648,98.871817265678,98.871820999011,3,7147,8,85,0,d0b19f3d2db82334,1415.400,1759.200,19.000,0.400,0,4238,5648,98.871524499011,1,482,1259.900
5649,5649,98.889319065678,98.889322799011,3,7147,8,84,0,3738791af88526d9,1400.200,1948.200,18.900,0.400,0,4239,5649,98.889026865678,1,482,1270.000
5650,5650,98.906819799011,98.906823532344,3,7147,8,83,0,fbed9eddad51894e,1420.700,1768.500,18.400,0.500,0,4240,5650,98.906529332344,1,482,1269.100
5651,5651,98.924322232344,98.924325965677,3,7147,8,83,0,3bdb142270314e5b,1391.600,1700.600,18.400,0.400,0,4241,5651,98.924031765677,1,482,1249.900
5652,5652,98.941824299011,98.941828032344,3,7147,8,81,0,4fb497ffc3fec527,1421.500,1740.000,17.900,0.600,0,4242,5652,98.941534399011,1,482,1311.600
5653,5653,98.959326099010,98.959329832344,3,7147,8,79,0,f9007c5295bc775f,1453.100,1717.500,17.500,0.500,0,4243,5653,98.959036765677,1,482,1323.400
5654,5654,98.976827432344,98.976831165677,3,7147,8,78,0,75eebf597038a815,1392.500,1733.000,17.300,0.500,0,4244,5654,98.976539265677,1,482,1398.900
5655,5655,98.994329232343,98.994332965677,3,7147,8,73,0,437b2732900d3906,1382.700,1701.500,16.200,0.400,0,4245,5655,98.994042232343,1,482,1338.600
5656,5656,99.011831232343,99.011834965677,3,7147,7,62,0,a9e6e0c795c9129a,1400.900,1753.800,13.800,0.500,0,4246,5656,99.011544232343,1,482,1225.100
5657,5657,99.029331399010,99.029335132343,3,7147,6,51,0,b827cec09bf5b6d3,1448.400,1713.900,11.400,1.400,0,4247,5657,99.029046732343,1,482,1427.000
5658,5658,99.046843899010,99.046847632343,3,7147,7,62,0,0033a61b9a585732,1413.400,1783.200,13.800,0.500,0,4248,5658,99.046560399010,1,481,1369.400
5659,5659,99.064335165676,99.064338899009,3,7147,6,53,0,12cafc2c3e9c84a8,1431.700,1772.600,11.700,0.300,0,4249,5659,99.064051665676,1,481,1250.800
5660,5660,99.081837632343,99.081841365676,3,7147,6,53,0,a99d7687c5354a3d,1390.500,1687.900,11.800,0.300,0,4250,5660,99.081554132343,1,481,1281.300
5661,5661,99.099339999009,99.099343732342,3,7147,7,58,0,70532293b2316315,1388.100,1709.300,12.800,0.400,0,4251,5661,99.099056499009,1,480,1264.400
5662,5662,99.116842465675,99.116846199009,3,7147,6,55,0,7413eff7e7d90b0c,1463.400,1689.200,12.200,0.300,0,4252,5662,99.116558965675,1,480,1344.300
5663,5663,99.134345332342,99.134349065675,3,7147,6,49,0,0872c3b374a33d57,1460.400,1716.600,10.900,0.400,0,4253,5663,99.134061832342,1,480,1262.000
5664,5664,99.151847499008,99.151851232342,3,7147,7,47,0,42a4b54469798ec9,1437.600,1702.000,10.500,0.800,0,4254,5664,99.151563999008,1,479,1248.600
5665,5665,99.169349899008,99.169353632342,3,7147,6,47,0,7aeba61f067e0703,1410.600,1699.600,10.500,0.400,0,4255,5665,99.169066399008,1,479,1437.000
5666,5666,99.186852465675,99.186856199008,3,7147,5,35,0,84d6d1c169aed7a3,1396.400,1689.000,7.800,0.300,0,4256,5666,99.186568965675,1,479,1226.900
5667,5667,99.204354932341,99.204358665675,3,7147,5,35,0,90ecb2cdf78561f5,1473.200,1721.100,7.900,0.300,0,4257,5667,99.204071432341,1,479,1312.400
5668,5668,99.221857299008,99.221861032341,3,7147,5,35,0,ec7ecf75a90e4d87,1490.200,1755.300,7.800,0.400,0,4258,5668,99.221573799008,1,479,1289.100
5669,5669,99.239359865674,99.239363599008,3,7147,5,35,0,585e18303fe107c4,1429.200,1846.400,8.200,0.300,0,4259,5669,99.239076365674,1,479,1271.300
5670,5670,99.256862332341,99.256866065674,3,7147,5,34,0,c1579cc440d62e51,1382.900,1681.900,7.500,0.300,0,4260,5670,99.256578832341,1,479,1405.400
5671,5671,99.274365199007,99.274368932341,3,7147,4,25,0,0713688e04b76395,1426.200,1777.800,5.600,0.400,0,4261,5671,99.274081699007,1,479,1327.900
5672,5672,99.291866132340,99.291869865674,3,7147,4,25,0,fa90748205b38084,1401.300,1725.500,5.500,0.400,0,4262,5672,99.291583799007,1,479,1297.400
5673,5673,99.309368599007,99.309372332340,3,7147,3,16,0,e673c47414725db9,1399.900,1676.500,3.600,0.900,0,4263,5673,99.309086265674,1,479,1313.200
5674,5674,99.326871065673,99.326874799007,3,7147,3,16,0,d1287404cbb18804,1424.900,1708.900,3.600,0.500,0,4264,5674,99.326588732340,1,479,1540.500
5675,5675,99.344373532340,99.344377265673,3,7147,5,33,0,fa1fafb0b79fbe5a,1417.800,1707.600,7.400,0.600,0,4265,5675,99.344091199007,1,477,1372.800
5676,5676,99.361875999006,99.361879732340,3,7147,4,33,0,fc1f4683f4cf10dc,1472.500,1808.700,7.400,1.100,0,4266,5676,99.361593665673,1,477,1332.800
5677,5677,99.379378432340,99.379382165673,3,7147,4,33,0,706a338a220f08cb,1403.600,1778.700,7.400,0.600,0,4267,5677,99.379096099006,1,477,1289.600
5678,5678,99.396880932339,99.396884665673,3,7147,4,33,0,adbb75eff1427c58,1401.500,1751.900,7.300,0.600,0,4268,5678,99.396598599006,1,477,1337.400
5679,5679,99.414383732339,99.414387465673,3,7147,4,32,0,f523e617e50b4137,1430.600,1698.200,7.500,1.000,0,4269,5679,99.414101399006,1,477,1486.700
5680,5680,99.431885865672,99.431889599006,3,7147,4,31,0,8739a5cb1023a098,1491.000,1694.700,6.900,0.600,0,4270,5680,99.431603532339,1,477,1426.700
5681,5681,99.449388365672,99.449392099006,3,7147,4,31,0,de7a6e1a4723a276,1411.700,1683.100,6.900,0.400,0,4271,5681,99.449106032339,1,477,1271.900
5682,5682,99.466890799005,99.466894532339,3,7147,4,31,0,3bdf689441a0c82e,1402.800,1679.700,6.900,1.100,0,4272,5682,99.466608465672,1,477,1275.700
5683,5683,99.484393199005,99.484396932338,3,7147,4,30,0,e47d81615acfda50,1399.400,1681.500,6.700,1.400,0,4273,5683,99.484110865672,1,477,1287.700
5684,5684,99.501895732338,99.501899465672,3,7147,5,30,0,bf93851b1d81ee89,1415.200,1692.100,6.700,0.500,0,4274,5684,99.501613399005,1,476,1240.000
5685,5685,99.519398232338,99.519401965671,3,7147,6,48,0,37e3d94c0a251fb8,1559.200,1818.800,10.700,0.500,0,4275,5685,99.519115899005,1,475,1457.100
5686,5686,99.536900599005,99.536904332338,3,7147,6,46,0,11902476fb61162d,1430.600,1709.300,10.200,0.300,0,4276,5686,99.536618265671,1,475,1422.300
5687,5687,99.554540732338,99.554544432338,3,7147,6,50,0,17ae74b412acf946,1426.900,1765.500,11.200,0.300,0,4277,5687,99.554121232338,1,474,1361.700
5688,5688,99.572042799004,99.572046499004,3,7147,6,50,0,955b20b537c5b9b4,1434.900,1771.300,11.200,0.300,0,4278,5688,99.571623299004,1,474,1267.600
5689,5689,99.589545232337,99.589548932337,3,7147,7,50,0,d7558039cad6ff06,1401.100,1674.100,11.000,0.400,0,4279,5689,99.589125732337,1,473,1265.900
5690,5690,99.607047799004,99.607051499004,3,7147,7,49,0,97fd67b739b6421e,1447.000,1683.400,10.900,0.300,0,4280,5690,99.606628299004,1,473,1224.400
5691,5691,99.624550265670,99.624553965670,3,7147,7,48,0,0f01c4b85835f667,1409.300,1678.900,10.600,0.400,0,4281,5691,99.624130765670,1,473,1294.900
5692,5692,99.642052665670,99.642056365670,3,7147,7,48,0,04628554a0081dd8,1399.300,1671.200,10.700,0.500,0,4282,5692,99.641633165670,1,473,1242.100
5693,5693,99.659555099003,99.659558799003,3,7147,7,48,0,af73d14d2144ea70,1391.500,1724.600,10.600,0.300,0,4283,5693,99.659135599003,1,473,1360.200
5694,5694,99.677057532337,99.677061232337,3,7147,7,48,0,c21f91a501a6d5d1,1454.700,1699.900,10.600,0.500,0,4284,5694,99.676638032337,1,473,1702.600
5695,5695,99.694560432336,99.694564132336,3,7147,7,45,0,8c9f0f0ef44a6e0f,1405.800,1821.200,10.000,0.500,0,4285,5695,99.694140932336,1,473,1308.300
5696,5696,99.712062632336,99.712066332336,3,7147,7,42,0,7aa8cff615a513ec,1482.700,1766.100,9.300,0.400,0,4286,5696,99.711643132336,1,473,1252.900
5697,5697,99.729565099003,99.729568799003,3,7147,7,42,0,38f27ab1c81f49bc,1428.600,1711.700,9.400,0.500,0,4287,5697,99.729145599003,1,473,1259.400
5698,5698,99.747067432336,99.747071132336,3,7147,7,45,0,c337901944607824,1486.800,1685.200,9.900,0.400,0,4288,5698,99.746647932336,1,472,1252.000
5699,5699,99.764569999002,99.764573699002,3,7147,7,45,0,3c7d4720a8e4b186,1715.400,1715.900,10.200,0.300,0,4289,5699,99.764150499002,1,472,1299.400
5700,5700,99.782072499002,99.782076199002,3,7147,7,45,0,3ab5773f8d155fa9,1482.100,1710.000,10.000,0.500,0,4290,5700,99.781652999002,1,472,1296.100
5701,5701,99.799574932335,99.799578632335,3,7147,6,42,0,4ab6de373b7f4696,1400.700,1685.900,9.400,0.200,0,4291,5701,99.799155432335,1,472,1232.500
5702,5702,99.817077432335,99.817081132335,3,7147,6,41,0,cdaba14fc0b0ab6f,1399.100,1750.200,9.100,0.600,0,4292,5702,99.816657932335,1,472,1424.900
5703,5703,99.834581532335,99.834585232335,3,7147,8,42,0,a39a4ffbd9c9d6c2,1419.400,1698.500,9.300,0.200,0,4293,5703,99.834160865668,1,470,1341.100
5704,5704,99.852083465668,99.852087165668,3,7147,7,41,0,a8c341a62062a7b3,1426.100,1769.600,9.100,0.500,0,4294,5704,99.851662799001,1,470,1352.400
5705,5705,99.869585899001,99.869589599001,3,7147,7,40,0,6f3c6edb4a50aa65,1471.900,1873.600,9.000,0.400,0,4295,5705,99.869165232335,1,470,1437.800
5706,5706,99.887088399001,99.887092099001,3,7147,6,28,0,c6df7ca56f94eb40,1468.500,1720.000,6.200,0.400,0,4296,5706,99.886667732334,1,470,1327.500
5707,5707,99.904590899001,99.904594599001,3,7147,6,24,0,76175e839be25da8,1513.900,1730.100,5.400,0.400,0,4297,5707,99.904170232334,1,470,1327.600
5708,5708,99.922093399001,99.922097099001,3,7147,7,36,0,854ebc03df73a27c,1403.300,1900.600,8.100,0.400,0,4298,5708,99.921672732334,1,469,1268.900
5709,5709,99.939595799001,99.939599499001,3,7147,6,26,0,7b49ba8b06da9f3e,1397.200,1675.600,5.800,0.300,0,4299,5709,99.939175132334,1,469,1242.000
5710,5710,99.957098299000,99.957101999000,3,7147,6,26,0,5327ef940cc3ad5f,1412.000,1700.500,5.800,0.500,0,4300,5710,99.956677632334,1,469,1308.000
5711,5711,99.974601132334,99.974604832334,3,7147,6,26,0,fa51754843c2f77b,1396.500,1687.600,5.800,0.600,0,4301,5711,99.974180465667,1,469,1633.200
5712,5712,99.992103265667,99.992106965667,3,7147,6,26,0,57ba3ed4b039b035,1411.100,1701.400,5.800,0.500,0,4302,5712,99.991682599000,1,469,1312.100
5713,5713,100.009605765667,100.009609465667,3,7147,6,26,0,0c32a057971b44d4,1415.700,1658.900,5.700,0.400,0,4303,5713,100.009185099000,1,469,1289.100
5714,5714,100.027108132333,100.027111832333,3,7147,6,24,0,905675beeae5266b,1451.900,1740.600,5.500,0.800,0,4304,5714,100.026687465666,1,469,1961.000
5715,5715,100.044622032333,100.044625732333,3,7147,5,38,0,c88982c5b464fb1c,1434.300,1813.800,8.900,0.900,0,4305,5715,100.044201365666,1,468,1586.500
5716,5716,100.062113198999,100.062116898999,3,7147,6,38,0,7f6f0fdfa75faf12,1408.000,1675.100,8.400,0.400,0,4306,5716,100.061692532333,1,467,1260.000
5717,5717,100.079615598999,100.079619298999,3,7147,6,38,0,12423de2ad7cb0fc,1400.100,1684.100,8.500,0.400,0,4307,5717,100.079194932333,1,466,1269.600
5718,5718,100.097118098999,100.097121798999,3,7147,6,38,0,e7476d6b3d8f7a44,1453.000,1682.000,8.600,0.400,0,4308,5718,100.096697432332,1,466,1408.300
5719,5719,100.114619765666,100.114623465666,3,7147,6,38,0,cf2884226af19e0d,1397.800,1699.800,8.400,0.500,0,4309,5719,100.114200265666,1,466,1370.800
5720,5720,100.132121932332,100.132125632332,3,7147,6,37,0,3d1be8ac22ea66dc,1428.100,1661.700,8.200,0.300,0,4310,5720,100.131702432332,1,466,1230.000
5721,5721,100.149624265665,100.149627965665,3,7147,6,36,0,1d3714025925717c,1422.100,1712.000,12.000,0.300,0,4311,5721,100.149204765665,1,466,1381.600
5722,5722,100.167126798998,100.167130498998,3,7147,6,36,0,ef25fcf5309a74f1,1406.200,1651.400,8.000,0.200,0,4312,5722,100.166707298998,1,466,1231.300
5723,5723,100.184629298998,100.184632998998,3,7147,6,36,0,e2773a555f3e859b,1410.000,1663.800,8.000,0.400,0,4313,5723,100.184209798998,1,466,1265.900
5724,5724,100.202131732331,100.202135432331,3,7147,6,36,0,46c1c4b4c4fa6da1,1394.100,1666.700,8.000,0.300,0,4314,5724,100.201712232331,1,466,1310.000
5725,5725,100.219634165664,100.219637865664,3,7147,6,34,0,5e14b19dc9422045,1387.000,1787.300,7.600,0.200,0,4315,5725,100.219214665664,1,466,1295.600
5726,5726,100.237136732331,100.237140432331,3,7147,6,34,0,93a7c51516264396,1433.100,1664.400,7.500,0.400,0,4316,5726,100.236717232331,1,466,1333.600
5727,5727,100.254639398997,100.254643098997,3,7147,7,54,0,62dbb0513aad021e,1392.700,1686.600,12.000,0.900,0,4317,5727,100.254219898997,1,465,1297.600
5728,5728,100.272141598997,100.272145298997,3,7147,5,46,0,ff1ecb1acf332717,1422.000,1669.000,10.200,0.400,0,4318,5728,100.271722098997,1,465,1285.600
5729,5729,100.289644165664,100.289647865664,3,7147,5,46,0,1c8dd99c485bf6bd,1437.500,1793.400,10.200,0.400,0,4319,5729,100.289224665664,1,465,1316.300
5730,5730,100.307146565664,100.307150265664,3,7147,5,45,0,3af9c159efd0db5d,1413.400,1704.000,10.000,0.400,0,4320,5730,100.306727065664,1,465,1274.700
5731,5731,100.324649098997,100.324652798997,3,7147,6,45,0,62cf60786f7a2925,1414.700,1713.900,10.000,0.500,0,4321,5731,100.324229598997,1,464,1632.900
5732,5732,100.342151532330,100.342155232330,3,7147,6,45,0,49826f6a0057ae10,1405.800,1655.500,10.000,0.500,0,4322,5732,100.341732032330,1,464,1435.200
5733,5733,100.359654032330,100.359657732330,3,7147,6,45,0,530ca409896608b3,1416.300,1723.700,10.000,0.400,0,4323,5733,100.359234532330,1,464,1311.300
5734,5734,100.377156532330,100.377160232330,3,7147,6,45,0,88cdf6109c5fb42b,1460.000,1718.600,10.000,0.500,0,4324,5734,100.376737032330,1,464,1370.100
5735,5735,100.394658265663,100.394661965663,3,7147,7,59,0,8e457eeeb1aab6bc,1374.800,1699.200,13.000,0.300,0,4325,5735,100.394239932329,1,463,1453.600
5736,5736,100.412160265663,100.412163965663,3,7147,7,58,0,3b37c0eda902b51f,1442.000,1751.600,12.900,0.400,0,4326,5736,100.411741932329,1,463,1313.200
5737,5737,100.429662765662,100.429666465662,3,7147,7,55,0,856219130faeccca,1399.800,1676.100,12.200,0.400,0,4327,5737,100.429244432329,1,463,1261.300
5738,5738,100.447165132329,100.447168832329,3,7147,7,55,0,1a847defd7edfaae,1408.400,1687.800,12.200,0.400,0,4328,5738,100.446746798996,1,463,1267.100
5739,5739,100.464667632329,100.464671332329,3,7147,6,55,0,dd5f59b94175e7fa,1868.700,2353.000,12.200,0.300,0,4329,5739,100.464249298995,1,463,1260.100
5740,5740,100.482170098995,100.482173798995,3,7147,5,46,0,aa80d978dc2d2a6e,1388.900,1652.000,10.200,0.300,0,4330,5740,100.481751765662,1,463,1301.800
5741,5741,100.499672665662,100.499676365662,3,7147,6,47,0,d7911ea7fff2d187,1426.300,1809.500,10.600,0.300,0,4331,5741,100.499254332328,1,462,1254.100
5742,5742,100.517175098995,100.517178798995,3,7147,6,46,0,4e25070c1fa3fa06,1550.600,1662.300,10.300,0.500,0,4332,5742,100.516756765661,1,462,1272.900
5743,5743,100.534677865661,100.534681565661,3,7147,7,45,0,36243baacb28b65d,1492.700,1741.300,10.000,0.500,0,4333,5743,100.534259532328,1,461,1536.500
5744,5744,100.552179932328,100.552183632328,3,7147,8,49,0,05565b8e8d66a546,1501.300,1765.800,10.900,0.700,0,4334,5744,100.551761598994,1,460,1435.900
5745,5745,100.569682498994,100.569686198994,3,7147,8,49,0,79e16bade4635b5f,1445.400,1692.100,10.800,0.500,0,4335,5745,100.569264165661,1,460,1413.100
5746,5746,100.587184932327,100.587188632327,3,7147,7,48,0,89845c272185f0f7,1462.700,1678.000,10.700,0.500,0,4336,5746,100.586766598994,1,460,1394.400
5747,5747,100.604687432327,100.604691132327,3,7147,7,48,0,3f57cbbe2a034349,1417.000,1702.500,10.700,0.700,0,4337,5747,100.604269098994,1,460,1410.400
5748,5748,100.622189865660,100.622193565660,3,7147,6,48,0,ab04f25becb44200,1393.200,1671.400,10.700,0.600,0,4338,5748,100.621771532327,1,460,1287.400
5749,5749,100.639692432327,100.639696132327,3,7147,6,48,0,0e955ef73971951c,1405.400,1676.000,10.600,0.400,0,4339,5749,100.639274098994,1,460,1287.900
5750,5750,100.657194898993,100.657198598993,3,7147,6,48,0,64a2ea7823018389,1433.100,1680.800,10.700,0.300,0,4340,5750,100.656776565660,1,460,1278.400
5751,5751,100.674697765660,100.674701465660,3,7147,7,48,0,5cc83b07777d104f,1403.200,1663.400,10.700,0.400,0,4341,5751,100.674279432327,1,459,1471.200
5752,5752,100.692199698993,100.692203398993,3,7147,8,47,0,29c6da1192323464,1401.900,1675.400,10.400,0.400,0,4342,5752,100.691781365660,1,458,1272.500
5753,5753,100.709702165660,100.709705865660,3,7147,8,47,0,5583b3bd84601857,1397.800,1747.700,10.400,0.600,0,4343,5753,100.709283832326,1,458,1380.400
5754,5754,100.727204698993,100.727208398993,3,7147,8,47,0,02be5d9aa7b04d6b,1489.600,2148.300,12.700,0.600,0,4344,5754,100.726786365659,1,458,1643.300
5755,5755,100.744689165659,100.744692865659,3,7147,6,62,0,3363eab636288e83,1414.200,1961.600,17.500,0.600,0,4345,5755,100.744288832326,1,510,1457.000
5756,5756,100.761984865659,100.761988565659,3,7147,6,55,0,6b54ad081c7a5849,1414.000,1813.000,12.200,0.500,0,4346,5756,100.761791365659,1,556,1524.200
5757,5757,100.779487265659,100.779490965659,3,7147,8,45,0,035b5b7ea5b103e1,1448.900,1884.200,10.000,1.000,0,4347,5757,100.779293765659,1,592,1440.900
5758,5758,100.796989765659,100.796993465659,3,7147,6,37,0,c315a77d8cf8cf30,1445.600,1942.100,8.300,0.300,0,4348,5758,100.796796265659,1,642,1250.900
5759,5759,100.814492598992,100.814496298992,3,7147,7,51,0,15014d5a47e83a30,1410.500,1913.500,11.300,0.300,0,4349,5759,100.814299098992,1,665,1248.100
5760,5760,100.831994698992,100.831998398992,3,7147,5,26,0,e3f6955f3859b77a,1385.000,1977.800,5.800,0.200,0,4350,5760,100.831801198992,1,686,1339.400
5761,5761,100.849497232325,100.849500932325,3,7147,6,46,0,3e0ef693b16c8aa5,1563.800,2095.900,10.300,0.500,0,4351,5761,100.849303732325,1,701,1315.500
5762,5762,100.866999665658,100.867003365658,3,7147,7,85,0,7b56cc2d5f39d05e,1420.100,2017.200,24.600,0.500,0,4352,5762,100.866806165658,1,713,1366.100
5763,5763,100.884502098991,100.884505798991,3,7147,8,89,0,75c4de3f35030bcb,1402.000,2040.300,19.700,0.400,0,4353,5763,100.884308598991,1,724,1256.600
5764,5764,100.902004665658,100.902008365658,3,7147,6,69,0,5929ff821f28693f,1389.100,2015.800,15.400,0.400,0,4354,5764,100.901811165658,1,733,1259.900
5765,5765,100.919507132324,100.919510832324,3,7147,9,60,0,311cff709437c125,1406.900,2079.700,13.300,0.300,0,4355,5765,100.919313632324,1,741,1311.800
5766,5766,100.937009465657,100.937013165657,3,7147,6,103,0,86444cc2295c43a1,1483.700,2072.600,22.800,1.600,0,4356,5766,100.936815965657,1,749,1422.800
5767,5767,100.954512498990,100.954516198990,3,7147,7,97,0,13dff7d96b57e368,1400.400,2047.700,21.500,0.300,0,4357,5767,100.954318998990,1,755,1255.300
5768,5768,100.972014432324,100.972018132324,3,7147,5,100,1,e13ee37ae3d2a279,1398.400,2047.600,22.100,0.200,0,4358,5768,100.971820932324,1,757,1240.300
5769,5769,100.989516932323,100.989520632323,3,7147,6,101,1,ea9ee1338eeae00d,1415.500,2040.200,22.400,0.400,0,4359,5769,100.989323432323,1,758,1264.900
5770,5770,101.007019365657,101.007023065657,3,7147,7,103,1,049b4dec14621770,1416.800,2043.500,22.900,0.300,0,4360,5770,101.006825865657,1,759,1232.600
5771,5771,101.024521865656,101.024525565656,3,7147,6,102,1,a0444bdb01a277b1,1409.300,2046.100,22.600,0.800,0,4361,5771,101.024328365656,1,761,1283.400
5772,5772,101.042035598990,101.042039298990,3,7147,5,102,1,6424c99aee3da63c,1393.200,2037.900,22.600,0.300,0,4362,5772,101.041842098990,1,762,1245.300
5773,5773,101.059526765656,101.059530465656,3,7147,7,112,1,2f15bc89ac4de008,1414.100,2160.000,24.800,0.500,0,4363,5773,101.059333265656,1,762,1400.100
5774,5774,101.077029365656,101.077033065656,3,7147,7,113,1,46a58c4a98d344a0,1430.400,2047.300,25.000,0.300,0,4364,5774,101.076835865656,1,762,1355.800
5775,5775,101.094532132322,101.094535832322,3,7147,6,103,1,f5e7afb3ced19b88,1430.200,2133.700,22.800,0.300,0,4365,5775,101.094338632322,1,763,1360.700
5776,5776,101.112035398989,101.112039098989,3,7147,6,103,1,1e0825a6f9bbef7e,1432.200,2071.400,22.800,0.500,0,4366,5776,101.111840732322,1,763,1330.000
5777,5777,101.129537832322,101.129541532322,3,7147,6,103,1,b9ed8fd74aed254c,1684.900,2412.900,22.800,0.500,0,4367,5777,101.129343165655,1,763,1321.900
5778,5778,101.147040432322,101.147044132322,3,7147,6,103,1,4f9617b87cd9e6ef,1419.800,2067.600,22.800,0.500,0,4368,5778,101.146845765655,1,763,1301.800
5779,5779,101.164542765655,101.164546465655,3,7147,6,103,1,e2f82de7761fb85e,1387.800,2071.000,22.800,0.300,0,4369,5779,101.164348098988,1,763,1266.500
5780,5780,101.182045232322,101.182048932322,3,7147,6,103,1,2643495a52cb13f8,1391.600,2023.500,22.800,0.400,0,4370,5780,101.181850565655,1,763,1252.100
5781,5781,101.199547698988,101.199551398988,3,7147,6,103,1,b8972b99b634b6f4,1405.200,2054.400,22.900,0.400,0,4371,5781,101.199353032321,1,763,1337.600
5782,5782,101.217050265654,101.217053965655,3,7147,6,103,1,c223bd1e55161e7d,1455.500,2052.000,22.800,0.500,0,4372,5782,101.216855598988,1,763,1390.400
5783,5783,101.234553232321,101.234556932321,3,7147,6,103,1,3c635f4aeed4ad8b,1411.900,2050.100,22.800,0.400,0,4373,5783,101.234358565654,1,763,1424.100
5784,5784,101.252055165654,101.252058865654,3,7147,6,103,1,2922c25cff7b4041,1393.200,2049.300,22.800,0.400,0,4374,5784,101.251860498987,1,763,1266.200
5785,5785,101.269557632321,101.269561332321,3,7147,6,103,1,0a908a9caaf23c14,1461.200,2099.800,22.900,0.500,0,4375,5785,101.269362965654,1,763,1287.000
5786,5786,101.287060132320,101.287063832320,3,7147,6,103,1,ccd37fd19a65510d,1404.800,2016.300,22.800,0.400,0,4376,5786,101.286865465654,1,763,1259.500
5787,5787,101.304562598987,101.304566298987,3,7147,6,103,1,f1170f9c1db7f922,1439.500,2090.200,22.800,0.400,0,4377,5787,101.304367932320,1,763,1221.900
5788,5788,101.322065065653,101.322068765653,3,7147,7,113,1,86674750acb7dc2b,1407.500,2039.500,25.100,0.300,0,4378,5788,101.321870398987,1,762,1262.700
5789,5789,101.339567498987,101.339571198987,3,7147,7,113,1,0f6714e7fd71efc1,1405.000,2058.900,25.000,0.300,0,4379,5789,101.339372832320,1,762,1215.400
5790,5790,101.357070098986,101.357073798986,3,7147,7,112,1,21c9a0c2fd9111d0,1451.200,2082.200,24.800,0.700,0,4380,5790,101.356875432320,1,762,1582.200
5791,5791,101.374572832320,101.374576532320,3,7147,7,112,1,e24b69a4b1c9274b,1413.800,2118.900,24.800,0.300,0,4381,5791,101.374378165653,1,762,1362.300
5792,5792,101.392073798986,101.392077498986,3,7147,7,112,1,0a37003e9151ca37,1413.300,2168.900,24.900,0.500,0,4382,5792,101.391880298986,1,762,1450.700
5793,5793,101.409576198986,101.409579898986,3,7147,6,103,1,222583e7c17af9da,1389.300,2062.700,22.800,0.400,0,4383,5793,101.409382698986,1,762,1567.600
5794,5794,101.427078732319,101.427082432319,3,7147,5,103,1,0fb6367d36faccd3,1450.200,2100.600,22.800,0.300,0,4384,5794,101.426885232319,1,762,1228.200
5795,5795,101.444581198986,101.444584898986,3,7147,5,102,1,9b24a3aa5d092186,1499.500,2031.000,22.600,0.400,0,4385,5795,101.444387698986,1,762,1324.100
5796,5796,101.462083732319,101.462087432319,3,7147,5,101,1,50656d7c6b7f9b93,1390.500,2019.400,22.400,0.600,0,4386,5796,101.461890232319,1,762,1303.300
5797,5797,101.479586132319,101.479589832319,3,7147,5,101,1,b3f3d79f3dabbd9d,1392.800,2086.500,22.400,0.400,0,4387,5797,101.479392632319,1,762,1224.500
5798,5798,101.497088665652,101.497092365652,3,7147,6,102,1,9a50bbe7463f4270,1488.400,2144.500,22.600,1.000,0,4388,5798,101.496895165652,1,761,1293.600
5799,5799,101.514591565652,101.514595265652,3,7147,6,102,1,8cf51b1f7f946f9f,1404.500,2129.200,22.700,0.300,0,4389,5799,101.514398065652,1,761,1249.200
5800,5800,101.532093598985,101.532097298985,3,7147,5,98,1,0e7e79537c246766,1430.000,2124.000,21.800,0.500,0,4390,5800,101.531900098985,1,761,1357.200
5801,5801,101.549596065651,101.549599765651,3,7147,5,96,1,2755b8f00e2fc777,1438.200,2039.400,21.300,0.400,0,4391,5801,101.549402565651,1,761,1296.500
5802,5802,101.567098465651,101.567102165651,3,7147,5,96,1,c11b1f2040a2b6b3,1414.800,2031.400,21.300,0.900,0,4392,5802,101.566904965651,1,761,1244.800
5803,5803,101.584601032317,101.584604732317,3,7147,6,106,1,bde4982463421cf8,1413.700,2091.400,23.500,0.500,0,4393,5803,101.584407532317,1,760,1245.000
5804,5804,101.602103465651,101.602107165651,3,7147,7,102,1,e11dc5cbb58aa214,1525.500,2090.000,22.600,0.600,0,4394,5804,101.601909965651,1,759,1250.200
5805,5805,101.619605965650,101.619609665650,3,7147,7,101,1,87300258aab05176,1381.500,2025.300,22.400,0.200,0,4395,5805,101.619412465650,1,759,1215.700
5806,5806,101.637108432317,101.637112132317,3,7147,6,82,1,321c0b107621993f,1490.300,2030.400,18.200,0.200,0,4396,5806,101.636914932317,1,759,1318.400
5807,5807,101.654609998983,101.654613698983,3,7147,5,73,1,ae0e0a3559f5ea1d,1405.800,2152.100,16.300,0.400,0,4397,5807,101.654417665650,1,759,1399.600
5808,5808,101.672112165650,101.672115865650,3,7147,5,73,1,339f5cca9ca398b2,1398.300,2065.100,16.100,0.300,0,4398,5808,101.671919832317,1,759,1401.400
5809,5809,101.689614598983,101.689618298983,3,7147,5,73,1,dc6b0919bce1059e,1471.500,2133.000,16.300,1.500,0,4399,5809,101.689422265650,1,759,1523.000
5810,5810,101.707117098983,101.707120798983,3,7147,5,73,1,845d997abbc98ee6,1427.100,2055.300,16.200,0.500,0,4400,5810,101.706924765650,1,759,1312.900
5811,5811,101.724619532316,101.724623232316,3,7147,5,72,0,53e37f253297fd60,1424.800,2062.300,16.000,0.500,0,4401,5811,101.724427198983,1,759,1356.100
5812,5812,101.742122065649,101.742125765649,3,7147,6,100,0,a74cb645158d31b9,1468.300,2062.100,22.200,0.600,0,4402,5812,101.741929732316,1,758,1476.300
5813,5813,101.759624465649,101.759628165649,3,7147,6,100,0,5093133a68999d18,1454.400,2099.200,22.100,0.600,0,4403,5813,101.759432132316,1,758,1520.000
5814,5814,101.777126965649,101.777130665649,3,7147,6,100,0,9fb0741a244f1fdb,1416.400,2053.900,22.700,0.400,0,4404,5814,101.776934632316,1,758,1467.200
5815,5815,101.794629865649,101.794633565649,3,7147,6,100,0,5fe42624319f3641,1410.100,2066.800,22.200,0.900,0,4405,5815,101.794437532315,1,758,1267.400
5816,5816,101.812131998982,101.812135698982,3,7147,7,110,0,ddbceb80225a8cc8,1442.300,2141.600,24.400,0.700,0,4406,5816,101.811939665649,1,757,1634.200
5817,5817,101.829634398982,101.829638098982,3,7147,7,110,0,c73c614a2eabbfc7,1395.600,2064.300,24.400,0.400,0,4407,5817,101.829442065648,1,757,1247.800
5818,5818,101.847136832315,101.847140532315,3,7147,7,110,0,7f1ec9d4797875e5,1409.600,2078.100,24.400,0.500,0,4408,5818,101.846944498982,1,757,1272.900
5819,5819,101.864640032315,101.864643732315,3,7147,7,110,0,cb35fb4fe5f8fc9c,1643.600,2082.600,24.400,0.300,0,4409,5819,101.864447698981,1,757,1272.300
5820,5820,101.882141798981,101.882145498981,3,7147,5,101,0,1c40f399f7bc5267,1670.100,2049.600,22.400,0.500,0,4410,5820,101.881949465648,1,757,1311.000
5821,5821,101.899644265648,101.899647965648,3,7147,5,101,0,f0ddd0fbd1fdd1b3,1402.000,2066.500,22.400,0.400,0,4411,5821,101.899451932314,1,757,1341.400
5822,5822,101.917147932314,101.917151632314,3,7147,5,101,0,ab3913a4321c6432,1416.900,2075.400,22.400,0.400,0,4412,5822,101.916954432314,1,757,1250.100
5823,5823,101.934650698981,101.934654398981,3,7147,5,100,0,e8b3f23b03422175,1439.800,2040.000,22.200,0.300,0,4413,5823,101.934457198981,1,757,1283.100
5824,5824,101.952152798980,101.952156498980,3,7147,5,99,0,b65e98c5e3e3063a,1415.800,2049.400,22.200,0.400,0,4414,5824,101.951959298980,1,757,1419.700
5825,5825,101.969655265647,101.969658965647,3,7147,5,96,0,50db9d603e8c0fed,1430.100,2084.100,21.300,1.000,0,4415,5825,101.969461765647,1,757,1266.900
5826,5826,101.987157832313,101.987161532313,3,7147,4,97,1,f93ea27258a51a6b,1437.500,2067.500,21.500,0.500,0,4416,5826,101.986964332313,1,771,1303.100
5827,5827,102.004646365647,102.004650065647,3,7147,7,63,4,1a319339f623f6d5,1405.200,2113.900,14.200,0.400,0,4417,5827,102.004466865647,1,779,1326.600
5828,5828,102.022148765646,102.022152465646,3,7147,10,76,9,0505fb7bf82f5b85,1462.600,2055.800,16.800,0.900,0,4418,5828,102.021969265646,1,789,1242.800
5829,5829,102.039652565646,102.039656265646,3,7147,9,76,12,4a69d59c90c6532d,1408.000,2100.300,16.900,0.700,0,4419,5829,102.039483065646,1,800,1307.100
5830,5830,102.057143698979,102.057147398979,3,7147,10,67,14,d019ca412472c547,1430.800,2132.900,14.900,0.400,0,4420,5830,102.056974198979,1,810,1271.700
5831,5831,102.074524632313,102.074528332313,3,7147,10,66,16,85dd4c7512e2cc80,1391.000,2076.900,14.600,0.300,0,4421,5831,102.074477132313,1,816,1224.300
5832,5832,102.092026565646,102.092030265646,3,7147,11,88,21,40ff7e7bcf4a0050,1452.000,2089.300,19.500,0.700,0,4422,5832,102.091979065646,1,821,1564.500
5833,5833,102.109529132312,102.109532832312,3,7147,12,78,23,236d31a39ea96509,1440.800,2178.600,17.300,0.300,0,4423,5833,102.109481632312,1,825,1263.100
5834,5834,102.127031565645,102.127035265645,3,7147,10,70,24,2304be0d424c638b,1404.000,2108.200,15.600,0.600,0,4424,5834,102.126984065645,1,832,1352.000
5835,5835,102.144533998979,102.144537698979,3,7147,9,77,24,08518035883df2d0,1455.300,2149.800,17.100,0.500,0,4425,5835,102.144486498979,1,834,1282.400
5836,5836,102.162036598978,102.162040298978,3,7147,11,87,25,75c5a3a8f46b51b1,1396.900,2228.400,19.300,0.400,0,4426,5836,102.161989098978,1,834,1249.500
5837,5837,102.179540232312,102.179543932312,3,7147,12,73,25,6048ca6bfd49beab,1476.600,2104.900,16.100,0.500,0,4427,5837,102.179491565645,1,837,1291.700
5838,5838,102.197042665645,102.197046365645,3,7147,14,85,25,9ecf0b2fcdc7faa8,1452.700,2127.000,18.800,0.700,0,4428,5838,102.196993998978,1,837,1511.900
5839,5839,102.214545432311,102.214549132311,3,7147,14,85,25,5e5b64f05bada13a,1421.100,2107.300,18.800,0.300,0,4429,5839,102.214496765645,1,838,1290.900
5840,5840,102.232047598978,102.232051298978,3,7147,14,86,28,41419e24c7ad8597,1402.300,2091.200,19.000,0.500,0,4430,5840,102.231998932311,1,839,1389.100
5841,5841,102.249550098978,102.249553798978,3,7147,14,87,28,5257c4f3c09a3b46,1407.900,2105.600,19.200,0.700,0,4431,5841,102.249501432311,1,839,1582.000
5842,5842,102.267052598977,102.267056298977,3,7147,15,99,28,6a6fe029bd2c2a07,1435.100,2082.000,22.000,0.400,0,4432,5842,102.267003932311,1,839,1270.000
5843,5843,102.284554998977,102.284558698977,3,7147,15,99,28,be1ea69e6c39f259,1385.000,2068.100,21.900,0.400,0,4433,5843,102.284506332310,1,839,1256.800
5844,5844,102.302057465644,102.302061165644,3,7147,14,90,28,f561cc8e2d2680c2,1399.900,2218.400,20.000,0.300,0,4434,5844,102.302008798977,1,840,1255.300
5845,5845,102.319559865643,102.319563565643,3,7147,13,90,28,c6e196fda26ecb1b,1392.600,2107.100,20.000,0.400,0,4435,5845,102.319511198977,1,841,1343.000
5846,5846,102.337062432310,102.337066132310,3,7147,14,90,28,bc2debe09c958a9d,1426.900,2182.700,19.900,0.400,0,4436,5846,102.337013765643,1,840,1253.700
5847,5847,102.354565298976,102.354568998976,3,7147,15,99,28,8973c1d531cd45d5,1396.400,2111.700,22.000,0.400,0,4437,5847,102.354516632310,1,839,1288.300
5848,5848,102.372067398976,102.372071098976,3,7147,15,100,28,b1e42d6245ab3aed,1501.400,2161.800,22.200,0.900,0,4438,5848,102.372018732310,1,839,1448.700
5849,5849,102.389569798976,102.389573498976,3,7147,15,100,28,bb9e02ace7b08f1b,1411.900,2174.500,22.100,0.400,0,4439,5849,102.389521132309,1,839,1272.900
5850,5850,102.407072365643,102.407076065643,3,7147,14,88,26,b8e4e98c11966b80,1400.500,2085.300,19.500,0.300,0,4440,5850,102.407023698976,1,839,1251.200
5851,5851,102.424574698976,102.424578398976,3,7147,14,88,26,e552f0418e55dd8b,1452.300,2200.800,19.500,1.000,0,4441,5851,102.424526032309,1,839,1399.400
5852,5852,102.442076098976,102.442079798976,3,7147,14,87,26,cbd437013d641736,1411.800,2076.400,19.300,0.200,0,4442,5852,102.442028598976,1,839,1273.200
5853,5853,102.459578565642,102.459582265642,3,7147,14,87,26,cee79e928e868fb4,1401.800,2134.600,19.400,0.400,0,4443,5853,102.459531065642,1,839,1369.100
5854,5854,102.477080932309,102.477084632309,3,7147,14,87,25,bd04b1ff90895c06,1437.100,2133.000,19.300,0.400,0,4444,5854,102.477033432309,1,839,1288.300
5855,5855,102.494583865642,102.494587565642,3,7147,14,87,25,55c1315f11870684,1400.400,2127.700,19.600,0.400,0,4445,5855,102.494536365642,1,839,1229.800
5856,5856,102.512085965642,102.512089665642,3,7147,14,88,25,34cf5d9cd58f4200,1395.400,2138.900,19.500,0.400,0,4446,5856,102.512038465642,1,838,1341.100
5857,5857,102.529588365641,102.529592065641,3,7147,14,86,25,11c6adc1fd77085a,1427.200,2197.200,19.100,0.300,0,4447,5857,102.529540865641,1,838,1268.900
5858,5858,102.547090865641,102.547094565641,3,7147,15,87,25,478dee8035eada5b,1490.900,2081.700,19.300,0.400,0,4448,5858,102.547043365641,1,837,1223.900
5859,5859,102.564593298974,102.564596998974,3,7147,14,79,25,e1339cfaa2be651b,1445.600,2119.900,17.700,0.200,0,4449,5859,102.564545798974,1,838,1252.700
5860,5860,102.582095865641,102.582099565641,3,7147,14,79,25,b60f9adcf842941b,1415.600,2169.200,17.600,0.200,0,4450,5860,102.582048365641,1,838,1316.700
5861,5861,102.599598298974,102.599601998974,3,7147,12,76,25,90e3f2b524d7a705,1404.400,2161.000,16.800,0.400,0,4451,5861,102.599550798974,1,838,1253.600
5862,5862,102.617100832307,102.617104532307,3,7147,12,76,25,83b8fcf61b03517f,1460.500,2138.100,16.800,1.200,0,4452,5862,102.617053332307,1,838,1318.400
5863,5863,102.634603698974,102.634607398974,3,7147,13,74,25,914ac1cd33ae5bf0,1410.000,2260.500,16.400,0.400,0,4453,5863,102.634556198974,1,837,1234.800
5864,5864,102.652105698973,102.652109398973,3,7147,12,74,25,c3ca067e0e855a08,1430.400,2136.300,16.500,0.300,0,4454,5864,102.652058198973,1,837,1384.800
5865,5865,102.669608132307,102.669611832307,3,7147,12,74,24,2e8221c8f30e231c,1466.500,2134.300,16.400,0.500,0,4455,5865,102.669560632307,1,837,1254.200
5866,5866,102.687110632306,102.687114332306,3,7147,12,74,24,434e3581f900cb78,1418.500,2159.900,16.900,0.400,0,4456,5866,102.687063132306,1,837,1352.900
5867,5867,102.704611932306,102.704615632306,3,7147,12,72,24,5fbaa1ff7ba8d0bd,1422.900,2086.400,16.000,0.400,0,4457,5867,102.704565598973,1,837,1266.800
5868,5868,102.722114398973,102.722118098973,3,7147,12,72,24,4370164d5c86b43b,1393.500,2074.000,16.000,0.300,0,4458,5868,102.722068065639,1,837,1245.500
5869,5869,102.739616832306,102.739620532306,3,7147,12,72,24,3ea5a58c8c88dbb1,1400.400,2144.700,16.000,0.400,0,4459,5869,102.739570498973,1,837,1224.600
5870,5870,102.757119465639,102.757123165639,3,7147,12,88,24,4895cf16f9b6f78f,1429.200,2081.100,19.500,0.400,0,4460,5870,102.757073132306,1,834,1315.800
5871,5871,102.774622232306,102.774625932306,3,7147,11,88,24,95ac137a73aababb,1412.600,2183.100,19.500,0.300,0,4461,5871,102.774575898972,1,834,1427.100
5872,5872,102.792124398972,102.792128098972,3,7147,11,88,24,57f434fc6858b0cc,1482.800,2141.000,19.600,0.300,0,4462,5872,102.792078065639,1,834,1250.500
5873,5873,102.809626865639,102.809630565639,3,7147,11,88,24,40cf4eea82f7e7a6,1418.500,2100.600,19.500,0.500,0,4463,5873,102.809580532305,1,834,1401.800
5874,5874,102.827129332305,102.827133032305,3,7147,10,82,24,228a05984dc1a987,1439.400,2146.400,18.200,0.400,0,4464,5874,102.827082998972,1,834,1277.300
5875,5875,102.844631665638,102.844635365638,3,7147,10,81,24,59f12334ffd567ea,1543.500,2106.700,18.000,0.500,0,4465,5875,102.844585332305,1,834,1280.900
5876,5876,102.862134265638,102.862137965638,3,7147,10,81,24,57e51c7ff8f725f0,1500.500,2144.900,18.000,0.500,0,4466,5876,102.862087932305,1,834,1314.200
5877,5877,102.879636665638,102.879640365638,3,7147,10,81,24,e13fff431af2dbc9,1807.500,2198.900,18.000,1.200,0,4467,5877,102.879590332305,1,834,1821.200
5878,5878,102.897139165638,102.897142865638,3,7147,10,81,24,aeb5174351395cae,1540.200,2121.200,18.100,0.600,0,4468,5878,102.897092832304,1,834,1402.600
5879,5879,102.914642132304,102.914645832304,3,7147,9,81,24,85fbc48ee1103e24,1423.200,2116.900,17.900,0.700,0,4469,5879,102.914595798971,1,834,1505.100
5880,5880,102.932144132304,102.932147832304,3,7147,9,77,23,cdebef98e97eb60f,1427.700,2130.100,17.100,0.600,0,4470,5880,102.932097798971,1,834,1375.000
5881,5881,102.949646632304,102.949650332304,3,7147,9,77,23,40a0d2cff038ede4,1448.300,2108.300,17.100,0.400,0,4471,5881,102.949600298971,1,834,1312.600
5882,5882,102.967150198970,102.967153898970,3,7147,9,77,23,5482ecd9125612eb,1407.100,2084.200,17.100,0.300,0,4472,5882,102.967102698970,1,834,1275.600
5883,5883,102.984652665637,102.984656365637,3,7147,8,68,23,e4710be1a37a4ff1,1398.800,2100.600,15.100,0.900,0,4473,5883,102.984605165637,1,834,1266.400
5884,5884,103.002155165637,103.002158865637,3,7147,9,78,23,f2eee3d20ac096fc,1408.700,2085.500,17.300,0.400,0,4474,5884,103.002107665637,1,833,1293.300
5885,5885,103.019657698970,103.019661398970,3,7147,9,77,23,cd99225dd3e49d92,1464.300,2090.900,17.100,0.300,0,4475,5885,103.019610198970,1,833,1236.300
5887,5887,103.054662932303,103.054666632303,3,7147,10,78,22,d0801bdeaa6ed79d,1430.900,2088.600,17.300,0.300,0,4476,5887,103.054615432303,1,832,1289.400
5889,5889,103.089789465636,103.089793165636,3,7147,10,77,22,77c1a307e99a5f94,1426.000,2222.900,17.100,0.400,0,4477,5889,103.089619965636,1,832,1340.200
5891,5891,103.124794498969,103.124798198969,3,7147,11,79,22,da9c1e9ee7ca3fc0,1529.900,2124.000,17.600,0.900,0,4478,5891,103.124624998969,1,830,1338.800
5893,5893,103.159799332302,103.159803032302,3,7147,10,67,22,938514c2c1af3334,1403.400,2084.500,14.900,0.400,0,4479,5893,103.159629832302,1,830,1355.100
5895,5895,103.194804698968,103.194808398968,3,7147,11,67,21,199a22caba3dbb9c,1385.000,2179.700,14.900,0.700,0,4480,5895,103.194635198968,1,829,1682.100
5896,5896,103.212307898968,103.212311598968,3,7147,11,67,21,33323d5157ad3216,1424.800,2179.500,14.900,0.400,0,4481,5896,103.212137232301,1,828,1312.200
5897,5897,103.229810365634,103.229814065634,3,7147,11,79,21,89fae9b12c9a6b5b,1488.000,2299.700,17.500,0.600,0,4482,5897,103.229639698968,1,826,1267.300
5898,5898,103.247312832301,103.247316532301,3,7147,12,79,21,a383807bacd17202,1446.100,2380.500,17.500,0.300,0,4483,5898,103.247142165634,1,825,1256.700
5899,5899,103.264815398967,103.264819098967,3,7147,12,79,21,145ddf3c36bf1595,1417.300,2096.500,17.500,0.500,0,4484,5899,103.264644732301,1,825,1320.900
5900,5900,103.282317798967,103.282321498967,3,7147,12,79,21,eaaad5057da63ae1,1393.000,2133.900,17.500,0.300,0,4485,5900,103.282147132301,1,825,1296.100
5901,5901,103.299820365634,103.299824065634,3,7147,12,79,21,3f06adb879b4690c,1405.500,2186.600,17.500,0.900,0,4486,5901,103.299649698967,1,825,1292.700
5902,5902,103.317200865633,103.317204565633,3,7147,13,97,25,a3a60a57a2e2e065,1414.300,2115.500,21.500,0.200,0,4487,5902,103.317152198967,1,843,1235.500
5903,5903,103.334703565633,103.334707265633,3,7147,18,166,31,31d874a2416e8f04,1434.100,2190.100,36.800,0.400,0,4488,5903,103.334654898967,1,851,1385.500
5904,5904,103.352205765633,103.352209465633,3,7147,25,217,38,d7a87fd8f4c935a9,1386.600,2182.400,48.100,0.300,0,4489,5904,103.352157098966,1,857,1350.900
5905,5905,103.369708132300,103.369711832300,3,7147,34,251,50,377718b6c7958b8f,1434.700,2184.100,55.600,0.300,0,4490,5905,103.369659465633,1,857,1318.100
5906,5906,103.387210765633,103.387214465633,3,7147,37,254,77,7900e30591ed13d2,1384.400,2347.500,56.200,0.500,0,4491,5906,103.387162098966,1,860,1688.100
5907,5907,103.404713198966,103.404716898966,3,7147,50,334,120,adb2566fc903d756,1421.200,2305.400,74.000,0.600,0,4492,5907,103.404664532299,1,855,1301.700
5908,5908,103.422215665632,103.422219365632,3,7147,57,372,147,a6bf5a0cc536c61e,1476.500,2468.600,82.300,0.500,0,4493,5908,103.422166998966,1,855,1332.500
5909,5909,103.439718065632,103.439721765632,3,7147,67,426,169,d59ab0fe7bc1bff5,1443.600,2305.000,94.300,0.500,0,4494,5909,103.439669398966,1,847,1324.700
5910,5910,103.457220632299,103.457224332299,3,7147,67,437,186,285a91dc709aaf39,1449.800,2245.100,96.700,0.500,0,4495,5910,103.457171965632,1,850,1237.900
5911,5911,103.474722332299,103.474726032299,3,7147,68,444,200,15a08811ad9752c0,1398.200,2259.800,98.300,0.500,0,4496,5911,103.474674832299,1,851,1361.500
5912,5912,103.492224265632,103.492227965632,3,7147,70,440,206,00a6f9bd715fff8e,1413.000,2346.100,97.700,0.400,0,4497,5912,103.492176765632,1,850,1352.200
5913,5913,103.509726732298,103.509730432298,3,7147,74,451,217,6e91a0a8913e0eb8,1427.400,2338.900,100.600,0.400,0,4498,5913,103.509679232298,1,848,1308.500
5914,5914,103.527229232298,103.527232932298,3,7147,78,486,220,d7d3f8165c843284,1392.800,2276.700,107.600,0.400,0,4499,5914,103.527181732298,1,850,1252.400
5915,5915,103.544731732298,103.544735432298,3,7147,77,479,226,b111f2abdf1ff156,1528.800,2232.500,106.000,0.300,0,4500,5915,103.544684232298,1,851,1242.600
5916,5916,103.562234165631,103.562237865631,3,7147,77,484,229,a827511fa7b0d46b,1402.100,2402.100,107.500,0.400,0,4501,5916,103.562186665631,1,851,1312.100
5917,5917,103.579736765631,103.579740465631,3,7147,77,486,230,35618e5859b25d29,1441.100,2280.700,107.500,0.500,0,4502,5917,103.579689265631,1,851,1297.700
5918,5918,103.597239098964,103.597242798964,3,7147,77,486,230,7c37785a9b5072ca,1420.400,2283.000,107.600,0.800,0,4503,5918,103.597191598964,1,851,1309.000
5919,5919,103.614741965631,103.614745665631,3,7147,78,489,231,4a87d72aec6d692f,1390.300,2401.900,339.100,0.300,0,4504,5919,103.614694465631,1,850,1652.400
5920,5920,103.632244132297,103.632247832297,3,7147,77,488,231,0ed9bd220712834a,1407.800,2300.300,108.300,0.300,0,4505,5920,103.632196632297,1,851,1289.000
5921,5921,103.649746532297,103.649750232297,3,7147,77,488,230,446179baaae549a8,1488.100,2320.100,108.100,0.300,0,4506,5921,103.649699032297,1,851,1258.100
5922,5922,103.667249032297,103.667252732297,3,7147,77,488,230,c70adb2acdaa0d03,1429.600,2259.800,111.900,0.300,0,4507,5922,103.667201532297,1,851,1271.000
5923,5923,103.684751532296,103.684755232296,3,7147,76,478,228,13c6411105d4419c,1412.000,2358.000,105.800,0.400,0,4508,5923,103.684704032296,1,852,1353.900
5924,5924,103.702253932296,103.702257632296,3,7147,76,478,228,5f9ec48b0710540f,1457.000,2378.300,105.800,0.500,0,4509,5924,103.702206432296,1,852,1362.200
5925,5925,103.719756532296,103.719760232296,3,7147,76,476,222,ed6d7e13de51accf,1425.600,2310.000,105.500,0.900,0,4510,5925,103.719709032296,1,852,1293.200
5926,5926,103.737257698963,103.737261398963,3,7147,77,480,221,2fa162d3f9c3160c,1500.900,2277.900,106.200,0.600,0,4511,5926,103.737211365629,1,851,1296.000
5927,5927,103.754760732296,103.754764432296,3,7147,76,480,221,e0a4230382574fb7,1433.800,2244.000,106.200,0.500,0,4512,5927,103.754714398962,1,852,1395.700
5928,5928,103.772262698962,103.772266398962,3,7147,76,481,219,4d595fadf16e0bd8,1496.800,2270.500,106.500,0.400,0,4513,5928,103.772216365629,1,852,1291.600
5929,5929,103.789765198962,103.789768898962,3,7147,76,488,212,15db46ed98faaa2a,1467.500,2259.500,108.000,0.300,0,4514,5929,103.789718865629,1,852,1238.800
5930,5930,103.807267732295,103.807271432295,3,7147,76,487,211,6881a1c3529ba2b2,1426.600,2228.200,107.700,0.300,0,4515,5930,103.807221398962,1,852,1280.600
5931,5931,103.824770198962,103.824773898962,3,7147,75,453,209,c3fb794b75c9f246,1393.300,2314.400,108.100,0.700,0,4516,5931,103.824723865628,1,852,1331.500
5932,5932,103.842272532295,103.842276232295,3,7147,75,474,209,4ada53010bab5a15,1384.900,2382.600,105.000,0.400,0,4517,5932,103.842226198962,1,850,1321.400
5933,5933,103.859775032295,103.859778732295,3,7147,72,451,207,556398a5981fcab8,1449.000,2315.800,99.900,0.400,0,4518,5933,103.859728698961,1,850,1265.600
5934,5934,103.877277465628,103.877281165628,3,7147,71,447,207,05f2534b55c1514e,1414.200,2224.000,98.900,0.600,0,4519,5934,103.877231132295,1,850,1279.900
5935,5935,103.894780298961,103.894783998961,3,7147,69,445,201,62bf0d889f7550e0,1399.800,2261.300,98.600,0.400,0,4520,5935,103.894733965628,1,852,1331.000
5936,5936,103.912282498961,103.912286198961,3,7147,68,435,200,255dee0725858b2e,1424.200,2867.600,157.000,0.600,0,4521,5936,103.912236165628,1,853,1944.800
5937,5937,103.929784898961,103.929788598961,3,7147,67,430,196,31f23f9b0dbfc17e,1418.200,2228.900,101.600,0.300,0,4522,5937,103.929738565627,1,853,1263.400
5938,5938,103.947287365627,103.947291065627,3,7147,67,429,194,0b2d3a6ef49c86e7,1449.800,2263.600,95.000,0.400,0,4523,5938,103.947241032294,1,853,1272.700
5939,5939,103.964789932294,103.964793632294,3,7147,66,429,190,f00c54f2020cdfe6,1670.100,2303.100,94.900,0.400,0,4524,5939,103.964743598960,1,854,1279.800
5940,5940,103.982292365627,103.982296065627,3,7147,63,428,187,dca4542960e8cbad,1604.700,2247.300,94.700,0.200,0,4525,5940,103.982246032294,1,856,1248.000
5941,5941,103.999796065627,103.999799765627,3,7147,63,428,182,e3941c6e4b62c8d2,1431.300,2233.900,94.800,0.400,0,4526,5941,103.999748565627,1,856,1272.500
5942,5942,104.017298432293,104.017302132293,3,7147,61,405,179,e2076e911b2ba302,1426.400,2231.100,89.600,0.600,0,4527,5942,104.017250932293,1,858,1264.100
5943,5943,104.034812665626,104.034816365626,3,7147,62,413,177,63ceef3eee39b439,1465.400,2276.300,91.600,0.800,0,4528,5943,104.034765165626,1,857,1368.500
5944,5944,104.052303498959,104.052307198959,3,7147,62,412,177,abc06d05226dd45e,1481.900,2366.200,91.800,0.600,0,4529,5944,104.052255998959,1,857,1442.800
5945,5945,104.069805932293,104.069809632293,3,7147,63,413,176,abba35cd90f91d93,1444.100,2383.900,116.200,0.600,0,4530,5945,104.069758432293,1,856,1498.100
5946,5946,104.087308398959,104.087312098959,3,7147,61,399,170,a29c1413b17409ee,1443.800,2331.600,88.800,0.500,0,4531,5946,104.087260898959,1,857,1519.500
5947,5947,104.104810832292,104.104814532292,3,7147,61,405,164,ca48f7b1005bc755,1420.700,2251.800,90.000,0.500,0,4532,5947,104.104763332292,1,856,1399.400
5948,5948,104.122313298959,104.122316998959,3,7147,59,403,161,01d762b26e7db284,1449.800,2288.800,89.200,1.600,0,4533,5948,104.122265798959,1,858,1418.300
5949,5949,104.139815698959,104.139819398959,3,7147,59,403,161,2a5246313c73541d,1404.400,2291.100,89.500,0.200,0,4534,5949,104.139768198959,1,858,1277.700
5950,5950,104.157318198958,104.157321898958,3,7147,59,403,159,e959d3703d9fe564,1437.300,2239.800,89.200,0.400,0,4535,5950,104.157270698958,1,858,1288.800
5951,5951,104.174820965625,104.174824665625,3,7147,59,403,159,21674f279eb3de07,1561.300,2509.600,94.500,1.100,0,4536,5951,104.174773465625,1,858,1441.400
5952,5952,104.192323232291,104.192326932291,3,7147,59,406,153,03aff67017784c38,1413.200,2254.100,89.900,0.400,0,4537,5952,104.192275732291,1,858,1498.600
5953,5953,104.209825698958,104.209829398958,3,7147,57,393,150,18ea912971ac0d2a,1440.200,2258.700,87.200,0.300,0,4538,5953,104.209778198958,1,860,1289.800
5954,5954,104.227328165624,104.227331865624,3,7147,58,399,142,021767e6001162c1,1392.200,2223.500,88.300,0.400,0,4539,5954,104.227280665624,1,859,1318.500
5955,5955,104.244831698958,104.244835398958,3,7147,57,398,139,4ff46481678d7a23,1448.500,2277.700,88.100,0.600,0,4540,5955,104.244783032291,1,860,1287.300
5956,5956,104.262334298957,104.262337998957,3,7147,56,371,138,9f4af7ef38159c60,1402.300,2214.000,82.200,0.400,0,4541,5956,104.262285632291,1,860,1292.200
5957,5957,104.279836698957,104.279840398957,3,7147,57,380,133,e1cafa9e8221986d,1399.200,2250.600,84.200,0.300,0,4542,5957,104.279788032291,1,858,1272.100
5958,5958,104.297339198957,104.297342898957,3,7147,56,368,129,e0374d7fd1689e4e,1419.100,2209.100,81.400,1.200,0,4543,5958,104.297290532290,1,859,1258.600
5959,5959,104.314842065624,104.314845765624,3,7147,56,368,128,0427bdab3d10707f,1407.100,2329.300,81.500,0.300,0,4544,5959,104.314793398957,1,859,1470.300
5960,5960,104.332344165623,104.332347865623,3,7147,55,360,123,b0feeff92f2fc68f,1431.700,2236.600,79.700,0.400,0,4545,5960,104.332295498957,1,859,1349.200
5961,5961,104.349846598957,104.349850298956,3,7147,55,360,123,a6c373a30a5725f6,1411.400,2263.900,79.900,0.300,0,4546,5961,104.349797932290,1,858,1257.100
5962,5962,104.367349065623,104.367352765623,3,7147,54,346,115,585c7d9acfa7e57f,1448.200,2278.500,76.600,0.400,0,4547,5962,104.367300398956,1,859,1297.300
5963,5963,104.384851532289,104.384855232289,3,7147,53,336,112,2fa77bed1cd0b734,1422.700,2233.800,74.400,0.400,0,4548,5963,104.384802865623,1,860,1264.400
5964,5964,104.402354032289,104.402357732289,3,7147,52,332,110,630633c6800147be,1507.100,2266.300,73.600,1.000,0,4549,5964,104.402305365623,1,861,1503.400
5965,5965,104.419856532289,104.419860232289,3,7147,52,332,107,43ca71a95dce65c6,1461.900,2234.100,73.500,0.300,0,4550,5965,104.419807865622,1,861,1281.800
5966,5966,104.437358965622,104.437362665622,3,7147,52,330,107,93c73aaf4aca3262,1432.800,2198.900,73.100,0.400,0,4551,5966,104.437310298956,1,861,1301.300
5967,5967,104.454861732289,104.454865432289,3,7147,76,488,215,637e66fce7e3fc05,1405.900,2336.600,108.000,0.500,0,4552,5967,104.454813065622,1,857,1426.700
5968,5968,104.472363832289,104.472367532289,3,7147,99,565,297,ef9950ec9c32286c,1407.400,2327.000,125.300,0.300,0,4553,5968,104.472315165622,1,849,1279.900
5969,5969,104.489866432288,104.489870132288,3,7147,115,666,359,895b023e71209223,1400.700,2335.200,147.400,1.400,0,4554,5969,104.489817765622,1,846,1256.500
5970,5970,104.507371665622,104.507375365622,3,7147,18,156,1,0e6395f9712111e4,1395.200,1953.000,34.500,0.200,0,4555,5970,104.507320165622,1,759,1246.800
5971,5971,104.525132998955,104.525137098955,3,7147,33,313,28,53ec44d8ea3dc381,1463.500,2035.400,69.300,0.500,0,4556,5971,104.524822632288,1,753,1271.500
5972,5972,104.542652965621,104.542657065621,3,7147,40,402,95,e56de0f605b8004a,1403.500,2052.600,89.000,0.400,0,4557,5972,104.542325098955,1,753,1343.800
5973,5973,104.560155498954,104.560159598954,3,7147,46,536,156,d831401b2037dd1e,1494.700,2062.700,118.600,0.300,0,4558,5973,104.559827632288,1,752,1280.800
5974,5974,104.577657898954,104.577661998954,3,7147,54,598,219,eb009586393d4301,1465.800,2178.700,132.300,0.500,0,4559,5974,104.577330032288,1,753,1273.100
5976,5976,104.612662898954,104.612666998954,3,7147,64,739,322,90c13bc21898ad5a,1425.600,2161.500,173.900,0.400,0,4560,5976,104.612335032287,1,747,1517.600
5978,5978,104.647667798954,104.647671898954,3,7147,72,832,392,f829be7f47639933,1436.900,2198.500,184.300,0.400,0,4561,5978,104.647339932287,1,744,1336.900
5979,5979,104.665170332287,104.665174432287,3,7147,74,839,418,a87bdb71ffe2d159,1410.500,2160.400,186.000,0.300,0,4562,5979,104.664842465620,1,743,1237.500
5980,5980,104.682672798953,104.682676898953,3,7147,74,844,439,61b31314661968f1,1380.100,2135.500,187.600,0.300,0,4563,5980,104.682344932287,1,743,1293.700
5981,5981,104.700175198953,104.700179298953,3,7147,76,858,453,122117f0204babee,1461.900,2147.100,190.200,0.400,0,4564,5981,104.699847332286,1,742,1311.400
5982,5982,104.717677732286,104.717681832286,3,7147,78,881,460,38b9bc145b79ffa5,1588.600,2276.500,196.600,0.400,0,4565,5982,104.717349865619,1,740,1515.400
5983,5983,104.735180432286,104.735184532286,3,7147,82,899,469,a931dbcd95ed6b3b,1425.200,2249.200,229.800,0.500,0,4566,5983,104.734852565619,1,738,1556.800
5984,5984,104.752682598952,104.752686698952,3,7147,83,924,471,af4fce91f6a3e05a,1734.600,2629.800,237.200,0.600,0,4567,5984,104.752354732286,1,737,1613.600
5985,5985,104.770185032286,104.770189132286,3,7147,83,923,472,8f6e7538b1e4d548,1721.700,2660.600,236.300,0.400,0,4568,5985,104.769857165619,1,737,1551.100
5986,5986,104.787687532285,104.787691632285,3,7147,83,923,470,6a1ab908d6b91318,1707.500,3063.500,237.000,0.400,0,4569,5986,104.787359665619,1,737,1520.400
5987,5987,104.805190032285,104.805194132285,3,7147,81,918,468,11b70bca2009c880,1738.000,2576.000,235.400,1.100,0,4570,5987,104.804862165619,1,737,1471.800
5988,5988,104.822692598952,104.822696698952,3,7147,81,918,467,227d13e0be4a791d,1424.100,2189.100,204.100,0.400,0,4571,5988,104.822364732285,1,737,1523.300
5989,5989,104.840195032285,104.840199132285,3,7147,78,880,457,c78fbc85aecf27cd,1516.600,3180.900,198.700,0.900,0,4572,5989,104.839867165618,1,740,1987.800
5990,5990,104.857697498951,104.857701598951,3,7147,78,880,452,6ad5c5bb8fdf1c60,1442.900,2363.900,203.800,568482.700,0,4573,5990,104.857369632285,1,740,1628.100
