GCC 16.2.0 detected
Creating ../../bin/windows
Linking genie
Compressing src/mame/layout/18w.lay...
Compressing src/mame/layout/24cdjuke.lay...
Compressing src/mame/layout/280zzzap.lay...
Compressing src/mame/layout/30test.lay...
Compressing src/mame/layout/3bagfull.lay...
Compressing src/mame/layout/4004clk.lay...
Compressing src/mame/layout/3bagfullnz.lay...
Compressing src/mame/layout/4dpi.lay...
Compressing src/mame/layout/5acespkr.lay...
Compressing src/mame/layout/7smash.lay...
Compressing src/mame/layout/abc1600.lay...
Compressing src/mame/layout/ac1clbmn.lay...
Compressing src/mame/layout/abaseb.lay...
Compressing src/mame/layout/ac1gogld.lay...
Compressing src/mame/layout/ac1pster.lay...
Compressing src/mame/layout/ac1primt.lay...
Compressing src/mame/layout/ac1pstrt.lay...
Compressing src/mame/layout/ac1taklv.lay...
Compressing src/mame/layout/accomm.lay...
Compressing src/mame/layout/ace.lay...
Compressing src/mame/layout/aces1.lay...
Compressing src/mame/layout/ace_sp_dmd.lay...
Compressing src/mame/layout/aci_boris.lay...
Compressing src/mame/layout/aci_borisdpl.lay...
Compressing src/mame/layout/aci_ggm.lay...
Compressing src/mame/layout/aci_prodigy.lay...
Compressing src/mame/layout/acommand.lay...
Compressing src/mame/layout/acrnsys_kbd.lay...
Compressing src/mame/layout/acrnsys1.lay...
Compressing src/mame/layout/addocalc.lay...
Compressing src/mame/layout/adonisce.lay...
Compressing src/mame/layout/adonisu.lay...
Compressing src/mame/layout/adpservice.lay...
Compressing src/mame/layout/aim65.lay...
Compressing src/mame/layout/aim65_40.lay...
Compressing src/mame/layout/akkaarrh.lay...
Compressing src/mame/layout/alesis_midifex.lay...
Compressing src/mame/layout/alinvade.lay...
Compressing src/mame/layout/alesis_midiverb.lay...
Compressing src/mame/layout/alnchase.lay...
Compressing src/mame/layout/alphie.lay...
Compressing src/mame/layout/allied.lay...
Compressing src/mame/layout/amaztron.lay...
Compressing src/mame/layout/alvg.lay...
Compressing src/mame/layout/amico2k.lay...
Compressing src/mame/layout/amerihok.lay...
Compressing src/mame/layout/amiga.lay...
Compressing src/mame/layout/ampoker2.lay...
Compressing src/mame/layout/amusco.lay...
Compressing src/mame/layout/animalhs.lay...
Compressing src/mame/layout/ap10.lay...
Compressing src/mame/layout/apollo.lay...
Compressing src/mame/layout/apollo_15i.lay...
Compressing src/mame/layout/apollo_dsp.lay...
Compressing src/mame/layout/aquastge.lay...
Compressing src/mame/layout/apricotp.lay...
Compressing src/mame/layout/arcmania.lay...
Compressing src/mame/layout/arcwins.lay...
Compressing src/mame/layout/arimk4nz.lay...
Compressing src/mame/layout/aristmk4.lay...
Compressing src/mame/layout/aristmk5.lay...
Compressing src/mame/layout/aristmk5_us.lay...
Compressing src/mame/layout/armora.lay...
Compressing src/mame/layout/aristmk5_us_200.lay...
Compressing src/mame/layout/astdelux.lay...
Compressing src/mame/layout/arrball.lay...
Compressing src/mame/layout/astoneag.lay...
Compressing src/mame/layout/astro.lay...
Compressing src/mame/layout/atari_s1.lay...
Compressing src/mame/layout/atari_s2.lay...
Compressing src/mame/layout/atarifb4.lay...
Compressing src/mame/layout/atarifb.lay...
Compressing src/mame/layout/atm18mcc.lay...
Compressing src/mame/layout/attackfc.lay...
Compressing src/mame/layout/autorace.lay...
Compressing src/mame/layout/avalnche.lay...
Compressing src/mame/layout/avigo.lay...
Compressing src/mame/layout/ave_arb.lay...
Compressing src/mame/layout/avrmax.lay...
Compressing src/mame/layout/babbage.lay...
Compressing src/mame/layout/babydad.lay...
Compressing src/mame/layout/babypkr.lay...
Compressing src/mame/layout/babyfrts.lay...
Compressing src/mame/layout/babysuprem.lay...
Compressing src/mame/layout/baddog.lay...
Compressing src/mame/layout/ballch.lay...
Compressing src/mame/layout/bankshot.lay...
Compressing src/mame/layout/bambball.lay...
Compressing src/mame/layout/barricad.lay...
Compressing src/mame/layout/barata.lay...
Compressing src/mame/layout/barrier.lay...
Compressing src/mame/layout/barni.lay...
Compressing src/mame/layout/bb_bellt.lay...
Compressing src/mame/layout/bb_21up.lay...
Compressing src/mame/layout/bb_cjack.lay...
Compressing src/mame/layout/bb_fiest.lay...
Compressing src/mame/layout/bb_firec.lay...
Compressing src/mame/layout/bb_dblit.lay...
Compressing src/mame/layout/bb_gspin.lay...
Compressing src/mame/layout/bb_nudcl.lay...
Compressing src/mame/layout/bb_nudgm.lay...
Compressing src/mame/layout/bb_oal.lay...
Compressing src/mame/layout/bb_spinu.lay...
Compressing src/mame/layout/bb_upndn.lay...
Compressing src/mame/layout/bbc.lay...
Compressing src/mame/layout/bbombo.lay...
Compressing src/mame/layout/bbcm.lay...
Compressing src/mame/layout/bcheetah.lay...
Compressing src/mame/layout/beaminv.lay...
Compressing src/mame/layout/beena.lay...
Compressing src/mame/layout/beta.lay...
Compressing src/mame/layout/bejpoker.lay...
Compressing src/mame/layout/bfm_sc4.lay...
Compressing src/mame/layout/bfm_sc5.lay...
Compressing src/mame/layout/bfm_blackbox.lay...
Compressing src/mame/layout/bfmsys85.lay...
Compressing src/mame/layout/bfm_sc5_gu96x8.lay...
Compressing src/mame/layout/bigtrak.lay...
Compressing src/mame/layout/bingo.lay...
Compressing src/mame/layout/blackpntu.lay...
Compressing src/mame/layout/bingowng.lay...
Compressing src/mame/layout/blockade.lay...
Compressing src/mame/layout/blckjack.lay...
Compressing src/mame/layout/blastit.lay...
Compressing src/mame/layout/blockch.lay...
Compressing src/mame/layout/blockfvr.lay...
Compressing src/mame/layout/bmiidx.lay...
Compressing src/mame/layout/bmboxing.lay...
Compressing src/mame/layout/bmsafari.lay...
Compressing src/mame/layout/bob85.lay...
Compressing src/mame/layout/bonusch.lay...
Compressing src/mame/layout/bonuscrd.lay...
Compressing src/mame/layout/bparty.lay...
Compressing src/mame/layout/bpartyb.lay...
Compressing src/mame/layout/bpoker.lay...
Compressing src/mame/layout/brainbaf.lay...
Compressing src/mame/layout/breakout.lay...
Compressing src/mame/layout/brkball.lay...
Compressing src/mame/layout/bship.lay...
Compressing src/mame/layout/bshipg.lay...
Compressing src/mame/layout/buckrog.lay...
Compressing src/mame/layout/buggybjr.lay...
Compressing src/mame/layout/buggychl.lay...
Compressing src/mame/layout/buggyboy.lay...
Compressing src/mame/layout/bumblbug.lay...
Compressing src/mame/layout/by17.lay...
Compressing src/mame/layout/by17_matahari.lay...
Compressing src/mame/layout/by17_pwerplay.lay...
Compressing src/mame/layout/by35.lay...
Compressing src/mame/layout/by35_playboy.lay...
Compressing src/mame/layout/by6803.lay...
Compressing src/mame/layout/by6803a.lay...
Compressing src/mame/layout/bzone.lay...
Compressing src/mame/layout/c80.lay...
Compressing src/mame/layout/calspeed.lay...
Compressing src/mame/layout/cambrp.lay...
Compressing src/mame/layout/cardline.lay...
Compressing src/mame/layout/captflag.lay...
Compressing src/mame/layout/cashcatnz.lay...
Compressing src/mame/layout/cashcham.lay...
Compressing src/mame/layout/cashchama.lay...
Compressing src/mame/layout/cashchamnz.lay...
Compressing src/mame/layout/cbombers.lay...
Compressing src/mame/layout/cashchamu.lay...
Compressing src/mame/layout/cbrava_77.lay...
Compressing src/mame/layout/cc40.lay...
Compressing src/mame/layout/cbrava_81.lay...
Compressing src/mame/layout/ccly.lay...
Compressing src/mame/layout/cd3000xl.lay...
Compressing src/mame/layout/cd3000i.lay...
Compressing src/mame/layout/cdi.lay...
Compressing src/mame/layout/cgang.lay...
Compressing src/mame/layout/chance32.lay...
Compressing src/mame/layout/cgold2.lay...
Compressing src/mame/layout/cdtv.lay...
Compressing src/mame/layout/changela.lay...
Compressing src/mame/layout/chasehq.lay...
Compressing src/mame/layout/checkma5.lay...
Compressing src/mame/layout/cherryb3.lay...
Compressing src/mame/layout/chessmate.lay...
Compressing src/mame/layout/chessmst.lay...
Compressing src/mame/layout/chessmstdm.lay...
Compressing src/mame/layout/chexx.lay...
Compressing src/mame/layout/chickna5v.lay...
Compressing src/mame/layout/chqflag.lay...
Compressing src/mame/layout/chrygld.lay...
Compressing src/mame/layout/chsuper.lay...
Compressing src/mame/layout/circus.lay...
Compressing src/mame/layout/cking_master.lay...
Compressing src/mame/layout/cischeat.lay...
Compressing src/mame/layout/cking_pmicrodx.lay...
Compressing src/mame/layout/cking_triomphe.lay...
Compressing src/mame/layout/clowns.lay...
Compressing src/mame/layout/cluedo.lay...
Compressing src/mame/layout/cmast97.lay...
Compressing src/mame/layout/cmaster.lay...
Compressing src/mame/layout/cmasterb.lay...
Compressing src/mame/layout/cmasterc.lay...
Compressing src/mame/layout/cmpacman.lay...
Compressing src/mame/layout/cmezspin.lay...
Compressing src/mame/layout/cmsport.lay...
Compressing src/mame/layout/cmpchess.lay...
Compressing src/mame/layout/cmv4.lay...
Compressing src/mame/layout/cnbaskb.lay...
Compressing src/mame/layout/cnfball.lay...
Compressing src/mame/layout/cnfball2.lay...
Compressing src/mame/layout/cnsector.lay...
Compressing src/mame/layout/codemagik.lay...
Compressing src/mame/layout/comp4.lay...
Compressing src/mame/layout/comparca.lay...
Compressing src/mame/layout/comparc.lay...
Compressing src/mame/layout/compperf.lay...
Compressing src/mame/layout/conchess.lay...
Compressing src/mame/layout/connect4.lay...
Compressing src/mame/layout/conic_cchess2.lay...
Compressing src/mame/layout/conic_cchess.lay...
Compressing src/mame/layout/contcirc.lay...
Compressing src/mame/layout/cops.lay...
Compressing src/mame/layout/copsnrob.lay...
Compressing src/mame/layout/copycat.lay...
Compressing src/mame/layout/copycata.lay...
Compressing src/mame/layout/coralrc2.lay...
Compressing src/mame/layout/cosmicm.lay...
Compressing src/mame/layout/cosmicos.lay...
Compressing src/mame/layout/cothello.lay...
Compressing src/mame/layout/cp1.lay...
Compressing src/mame/layout/cots.lay...
Compressing src/mame/layout/crash.lay...
Compressing src/mame/layout/cqback.lay...
Compressing src/mame/layout/crasha.lay...
Compressing src/mame/layout/crazybon.lay...
Compressing src/mame/layout/crmaze2p.lay...
Compressing src/mame/layout/critcrsh.lay...
Compressing src/mame/layout/crei680.lay...
Compressing src/mame/layout/crmaze4p.lay...
Compressing src/mame/layout/crsbingo.lay...
Compressing src/mame/layout/crusnexo.lay...
Compressing src/mame/layout/crusnusa.lay...
Compressing src/mame/layout/crzybugs.lay...
Compressing src/mame/layout/ctfk1.lay...
Compressing src/mame/layout/ctainv.lay...
Compressing src/mame/layout/ct8000.lay...
Compressing src/mame/layout/ctk530.lay...
Compressing src/mame/layout/ctntune.lay...
Compressing src/mame/layout/ctstein.lay...
Compressing src/mame/layout/cvicny.lay...
Compressing src/mame/layout/cuckoou.lay...
Compressing src/mame/layout/cxg_chess2001.lay...
Compressing src/mame/layout/cxg_commander.lay...
Compressing src/mame/layout/cxg_cpchess2.lay...
Compressing src/mame/layout/cxg_dominator.lay...
Compressing src/mame/layout/cxg_enterprise.lay...
Compressing src/mame/layout/cxg_galaxy.lay...
Compressing src/mame/layout/cxg_junior.lay...
Compressing src/mame/layout/cxg_granada.lay...
Compressing src/mame/layout/cxg_legend.lay...
Compressing src/mame/layout/cxg_pchess.lay...
Compressing src/mame/layout/cxg_professor.lay...
Compressing src/mame/layout/cxg_scpchess.lay...
Compressing src/mame/layout/cxg_royal.lay...
Compressing src/mame/layout/cxg_scpchessa.lay...
Compressing src/mame/layout/cxg_senterprise.lay...
Compressing src/mame/layout/cxg_sphinx40.lay...
Compressing src/mame/layout/cxg_senterprisec.lay...
Compressing src/mame/layout/cxg_supra.lay...
Compressing src/mame/layout/cz101.lay...
Compressing src/mame/layout/cz1.lay...
Compressing src/mame/layout/dallaspk.lay...
Compressing src/mame/layout/cz230s.lay...
Compressing src/mame/layout/dataman.lay...
Compressing src/mame/layout/darius.lay...
Compressing src/mame/layout/db32016.lay...
Compressing src/mame/layout/datum.lay...
Compressing src/mame/layout/dblaxle.lay...
Compressing src/mame/layout/dblcrown.lay...
Compressing src/mame/layout/dcebridge.lay...
Compressing src/mame/layout/dbridgec.lay...
Compressing src/mame/layout/dct11em.lay...
Compressing src/mame/layout/dd9.lay...
Compressing src/mame/layout/de1.lay...
Compressing src/mame/layout/de2.lay...
Compressing src/mame/layout/de2a3.lay...
Compressing src/mame/layout/deadeye.lay...
Compressing src/mame/layout/dfs500.lay...
Compressing src/mame/layout/depthch.lay...
Compressing src/mame/layout/debutm.lay...
Compressing src/mame/layout/dendego.lay...
Compressing src/mame/layout/demon.lay...
Compressing src/mame/layout/design6.lay...
Compressing src/mame/layout/digel804.lay...
Compressing src/mame/layout/destroyr.lay...
Compressing src/mame/layout/dimtouch.lay...
Compressing src/mame/layout/disc2000.lay...
Compressing src/mame/layout/dinodino.lay...
Compressing src/mame/layout/ditto.lay...
Compressing src/mame/layout/dmv.lay...
Compressing src/mame/layout/dlair.lay...
Compressing src/mame/layout/dnbanban.lay...
Compressing src/mame/layout/dodgem.lay...
Compressing src/mame/layout/dolphntr.lay...
Compressing src/mame/layout/dolphntrceb.lay...
Compressing src/mame/layout/dolphntrb.lay...
Compressing src/mame/layout/dolphntru.lay...
Compressing src/mame/layout/dolphntrua.lay...
Compressing src/mame/layout/dolphunk.lay...
Compressing src/mame/layout/dragrace.lay...
Compressing src/mame/layout/dpoker.lay...
Compressing src/mame/layout/drdunk.lay...
Compressing src/mame/layout/drwho.lay...
Compressing src/mame/layout/drw80pkr.lay...
Compressing src/mame/layout/dreamwv.lay...
Compressing src/mame/layout/dunksunk.lay...
Compressing src/mame/layout/dxfootb.lay...
Compressing src/mame/layout/dx9.lay...
Compressing src/mame/layout/dx100.lay...
Compressing src/mame/layout/ebaskb2.lay...
Compressing src/mame/layout/dynajack.lay...
Compressing src/mame/layout/eacc.lay...
Compressing src/mame/layout/ebball2.lay...
Compressing src/mame/layout/ebball.lay...
Compressing src/mame/layout/ebknight.lay...
Compressing src/mame/layout/ebball3.lay...
Compressing src/mame/layout/ecoinf3.lay...
Compressing src/mame/layout/ecoinf2.lay...
Compressing src/mame/layout/ecoinfr.lay...
Compressing src/mame/layout/efball.lay...
Compressing src/mame/layout/efootb4.lay...
Compressing src/mame/layout/eforest.lay...
Compressing src/mame/layout/einvaderc.lay...
Compressing src/mame/layout/eibise.lay...
Compressing src/mame/layout/einvader.lay...
Compressing src/mame/layout/eforestu.lay...
Compressing src/mame/layout/elbaskb.lay...
Compressing src/mame/layout/elcirculo.lay...
Compressing src/mame/layout/elecbowl.lay...
Compressing src/mame/layout/elecdet.lay...
Compressing src/mame/layout/eleciq.lay...
Compressing src/mame/layout/elecyoyo.lay...
Compressing src/mame/layout/elekscmp.lay...
Compressing src/mame/layout/emma2.lay...
Compressing src/mame/layout/elf2.lay...
Compressing src/mame/layout/enforceja.lay...
Compressing src/mame/layout/enmirage.lay...
Compressing src/mame/layout/epc.lay...
Compressing src/mame/layout/esbattle.lay...
Compressing src/mame/layout/escmars.lay...
Compressing src/mame/layout/esoccer.lay...
Compressing src/mame/layout/esq1.lay...
Compressing src/mame/layout/esq2by16.lay...
Compressing src/mame/layout/esq1by22.lay...
Compressing src/mame/layout/esq2by40.lay...
Compressing src/mame/layout/et3400.lay...
Compressing src/mame/layout/esq2by40_vfx.lay...
Compressing src/mame/layout/excal_ivant.lay...
Compressing src/mame/layout/excal_igor.lay...
Compressing src/mame/layout/excal_ivanto.lay...
Compressing src/mame/layout/f1gpstar.lay...
Compressing src/mame/layout/excal_mirage.lay...
Compressing src/mame/layout/f3in1.lay...
Compressing src/mame/layout/f1superb.lay...
Compressing src/mame/layout/f2pbball.lay...
Compressing src/mame/layout/f4431.lay...
Compressing src/mame/layout/fashion.lay...
Compressing src/mame/layout/fb01.lay...
Compressing src/mame/layout/fccpu1.lay...
Compressing src/mame/layout/ferie.lay...
Compressing src/mame/layout/fhunter.lay...
Compressing src/mame/layout/fidel_bkc.lay...
Compressing src/mame/layout/fidel_acr.lay...
Compressing src/mame/layout/fidel_brc.lay...
Compressing src/mame/layout/fidel_bridgeb.lay...
Compressing src/mame/layout/fidel_bv3.lay...
Compressing src/mame/layout/fidel_cc10.lay...
Compressing src/mame/layout/fidel_cc1.lay...
Compressing src/mame/layout/fidel_cc10c.lay...
Compressing src/mame/layout/fidel_cc3.lay...
Compressing src/mame/layout/fidel_cc7.lay...
Compressing src/mame/layout/fidel_chesster.lay...
Compressing src/mame/layout/fidel_classic.lay...
Compressing src/mame/layout/fidel_cphantom.lay...
Compressing src/mame/layout/fidel_cr.lay...
Compressing src/mame/layout/fidel_csc.lay...
Compressing src/mame/layout/fidel_desdis_68kg.lay...
Compressing src/mame/layout/fidel_desdis_68kr.lay...
Compressing src/mame/layout/fidel_desdis.lay...
Compressing src/mame/layout/fidel_dsc.lay...
Compressing src/mame/layout/fidel_eag.lay...
Compressing src/mame/layout/fidel_eag_68k.lay...
Compressing src/mame/layout/fidel_eag_priv.lay...
Compressing src/mame/layout/fidel_eldorado.lay...
Compressing src/mame/layout/fidel_eas.lay...
Compressing src/mame/layout/fidel_elegance.lay...
Compressing src/mame/layout/fidel_exb.lay...
Compressing src/mame/layout/fidel_ex_68k.lay...
Compressing src/mame/layout/fidel_ex.lay...
Compressing src/mame/layout/fidel_exd.lay...
Compressing src/mame/layout/fidel_gambitv.lay...
Compressing src/mame/layout/fidel_exv.lay...
Compressing src/mame/layout/fidel_gin.lay...
Compressing src/mame/layout/fidel_msc_v1.lay...
Compressing src/mame/layout/fidel_msc_v2.lay...
Compressing src/mame/layout/fidel_pc.lay...
Compressing src/mame/layout/fidel_phantom.lay...
Compressing src/mame/layout/fidel_playmatic.lay...
Compressing src/mame/layout/fidel_rsc.lay...
Compressing src/mame/layout/fidel_sc12.lay...
Compressing src/mame/layout/fidel_sc8.lay...
Compressing src/mame/layout/fidel_sc6.lay...
Compressing src/mame/layout/fidel_sc9.lay...
Compressing src/mame/layout/fidel_su9.lay...
Compressing src/mame/layout/fidel_vsc.lay...
Compressing src/mame/layout/fidel_vcc.lay...
Compressing src/mame/layout/finallap.lay...
Compressing src/mame/layout/finalapr.lay...
Compressing src/mame/layout/fingbowl.lay...
Compressing src/mame/layout/fireball.lay...
Compressing src/mame/layout/firebeat.lay...
Compressing src/mame/layout/flash.lay...
Compressing src/mame/layout/flicker.lay...
Compressing src/mame/layout/fortecrd.lay...
Compressing src/mame/layout/fortellr.lay...
Compressing src/mame/layout/fruitstb.lay...
Compressing src/mame/layout/fts2in1.lay...
Compressing src/mame/layout/ftri1.lay...
Compressing src/mame/layout/funjacks.lay...
Compressing src/mame/layout/funrlgl.lay...
Compressing src/mame/layout/fvrpitch.lay...
Compressing src/mame/layout/funtag.lay...
Compressing src/mame/layout/fxmcr165.lay...
Compressing src/mame/layout/g627.lay...
Compressing src/mame/layout/galactic.lay...
Compressing src/mame/layout/galaxi.lay...
Compressing src/mame/layout/gamball.lay...
Compressing src/mame/layout/gamecom.lay...
Compressing src/mame/layout/gamemach.lay...
Compressing src/mame/layout/gamepock.lay...
Compressing src/mame/layout/gammonm2.lay...
Compressing src/mame/layout/gckong.lay...
Compressing src/mame/layout/geebee.lay...
Compressing src/mame/layout/genmagi.lay...
Compressing src/mame/layout/geishanz.lay...
Compressing src/mame/layout/gigatron.lay...
Compressing src/mame/layout/gjackpot.lay...
Compressing src/mame/layout/gldarrow.lay...
Compressing src/mame/layout/gl3000s.lay...
Compressing src/mame/layout/gldncrwn.lay...
Compressing src/mame/layout/gldnpkr.lay...
Compressing src/mame/layout/globalfr.lay...
Compressing src/mame/layout/gmaster.lay...
Compressing src/mame/layout/goldenc.lay...
Compressing src/mame/layout/goldenra.lay...
Compressing src/mame/layout/goldnjkr.lay...
Compressing src/mame/layout/goldnpkr.lay...
Compressing src/mame/layout/goldnswp.lay...
Compressing src/mame/layout/goldpyr.lay...
Compressing src/mame/layout/goldstar.lay...
Compressing src/mame/layout/gotcha.lay...
Compressing src/mame/layout/gorf.lay...
Compressing src/mame/layout/gp_1.lay...
Compressing src/mame/layout/gp_2.lay...
Compressing src/mame/layout/gpoker.lay...
Compressing src/mame/layout/granits.lay...
Compressing src/mame/layout/gravity.lay...
Compressing src/mame/layout/grchamp.lay...
Compressing src/mame/layout/grnlizrd.lay...
Compressing src/mame/layout/gridiron.lay...
Compressing src/mame/layout/gts1.lay...
Compressing src/mame/layout/grobot9.lay...
Compressing src/mame/layout/gts3.lay...
Compressing src/mame/layout/gts80.lay...
Compressing src/mame/layout/gts80a.lay...
Compressing src/mame/layout/gts80a_caveman.lay...
Compressing src/mame/layout/gts80b.lay...
Compressing src/mame/layout/guab.lay...
Compressing src/mame/layout/gunchamp.lay...
Compressing src/mame/layout/gunchamps.lay...
Compressing src/mame/layout/gunfight.lay...
Compressing src/mame/layout/gypsyjug.lay...
Compressing src/mame/layout/h19.lay...
Compressing src/mame/layout/gunnrose.lay...
Compressing src/mame/layout/h2hbaseb.lay...
Compressing src/mame/layout/h2hbaskb.lay...
Compressing src/mame/layout/h2hbaskbc.lay...
Compressing src/mame/layout/h2hboxing.lay...
Compressing src/mame/layout/h2hfootb.lay...
Compressing src/mame/layout/h2hhockey.lay...
Compressing src/mame/layout/h2hhockeyc.lay...
Compressing src/mame/layout/h89.lay...
Compressing src/mame/layout/h2hsoccerc.lay...
Compressing src/mame/layout/hankin.lay...
Compressing src/mame/layout/hc110.lay...
Compressing src/mame/layout/hccbaskb.lay...
Compressing src/mame/layout/hh_cop400_test.lay...
Compressing src/mame/layout/hh_cops1_test.lay...
Compressing src/mame/layout/hh_e0c6200_lcd.lay...
Compressing src/mame/layout/hh_hmcs40_test.lay...
Compressing src/mame/layout/hh_ht11xx_lcd.lay...
Compressing src/mame/layout/hh_mn1400_test.lay...
Compressing src/mame/layout/hh_melps4_test.lay...
Compressing src/mame/layout/hh_pic16_test.lay...
Compressing src/mame/layout/hh_pps41_test.lay...
Compressing src/mame/layout/hh_rw5000_test.lay...
Compressing src/mame/layout/hh_sm510_dualh.lay...
Compressing src/mame/layout/hh_sm500_test.lay...
Compressing src/mame/layout/hh_sm510_dualv.lay...
Compressing src/mame/layout/hh_sm510_single.lay...
Compressing src/mame/layout/hh_sm510_test.lay...
Compressing src/mame/layout/hh_sm510_tripleh.lay...
Compressing src/mame/layout/hh_smc1k_test.lay...
Compressing src/mame/layout/hh_tms1k_test.lay...
Compressing src/mame/layout/hh_ucom4_test.lay...
Compressing src/mame/layout/hitparade.lay...
Compressing src/mame/layout/hp2640.lay...
Compressing src/mame/layout/horocomp.lay...
Compressing src/mame/layout/hotchili.lay...
Compressing src/mame/layout/hp86b.lay...
Compressing src/mame/layout/hp3478a.lay...
Compressing src/mame/layout/hp9845b.lay...
Compressing src/mame/layout/hp9825.lay...
Compressing src/mame/layout/hp9k_3xx.lay...
Compressing src/mame/layout/hyprdriv.lay...
Compressing src/mame/layout/ibm6580.lay...
Compressing src/mame/layout/icecold.lay...
Compressing src/mame/layout/ifslots.lay...
Compressing src/mame/layout/igspoker.lay...
Compressing src/mame/layout/im01.lay...
Compressing src/mame/layout/im05.lay...
Compressing src/mame/layout/incasun.lay...
Compressing src/mame/layout/imolagp.lay...
Compressing src/mame/layout/incasunnz.lay...
Compressing src/mame/layout/inderp.lay...
Compressing src/mame/layout/inder.lay...
Compressing src/mame/layout/indrema5.lay...
Compressing src/mame/layout/instruct.lay...
Compressing src/mame/layout/intchess.lay...
Compressing src/mame/layout/intellect02.lay...
Compressing src/mame/layout/interpro.lay...
Compressing src/mame/layout/intlc44.lay...
Compressing src/mame/layout/intlc440.lay...
Compressing src/mame/layout/inttoote.lay...
Compressing src/mame/layout/invad2ct.lay...
Compressing src/mame/layout/invaders.lay...
Compressing src/mame/layout/iris1400.lay...
Compressing src/mame/layout/irrmaze.lay...
Compressing src/mame/layout/j_cnudgr.lay...
Compressing src/mame/layout/j_dud.lay...
Compressing src/mame/layout/j_ewn.lay...
Compressing src/mame/layout/j_ews.lay...
Compressing src/mame/layout/j_ewsdlx.lay...
Compressing src/mame/layout/j_la.lay...
Compressing src/mame/layout/j_lal.lay...
Compressing src/mame/layout/j_lan.lay...
Compressing src/mame/layout/j_lc.lay...
Compressing src/mame/layout/j_lt.lay...
Compressing src/mame/layout/j_ndu.lay...
Compressing src/mame/layout/j_plus2.lay...
Compressing src/mame/layout/j_ssh.lay...
Compressing src/mame/layout/j_super2.lay...
Compressing src/mame/layout/j_sup2p.lay...
Compressing src/mame/layout/j2adnote.lay...
Compressing src/mame/layout/j_supsh.lay...
Compressing src/mame/layout/j2always.lay...
Compressing src/mame/layout/j2bankch.lay...
Compressing src/mame/layout/j2bigbnk.lay...
Compressing src/mame/layout/j2bigbox.lay...
Compressing src/mame/layout/j2blustr.lay...
Compressing src/mame/layout/j2cashbn.lay...
Compressing src/mame/layout/j2cashrl.lay...
Compressing src/mame/layout/j2cashro.lay...
Compressing src/mame/layout/j2cashrv.lay...
Compressing src/mame/layout/j2cashtk.lay...
Compressing src/mame/layout/j2coinsh.lay...
Compressing src/mame/layout/j2coppot.lay...
Compressing src/mame/layout/j2cprndx.lay...
Compressing src/mame/layout/j2criscr.lay...
Compressing src/mame/layout/j2crown.lay...
Compressing src/mame/layout/j2cshalm.lay...
Compressing src/mame/layout/j2cshcrd.lay...
Compressing src/mame/layout/j2cshnud.lay...
Compressing src/mame/layout/j2cshfil.lay...
Compressing src/mame/layout/j2cshsmh.lay...
Compressing src/mame/layout/j2droplt.lay...
Compressing src/mame/layout/j2cvault.lay...
Compressing src/mame/layout/j2ewn.lay...
Compressing src/mame/layout/j2exec.lay...
Compressing src/mame/layout/j2ews.lay...
Compressing src/mame/layout/j2fasttk.lay...
Compressing src/mame/layout/j2fiveal.lay...
Compressing src/mame/layout/j2fiveln.lay...
Compressing src/mame/layout/j2fqueen.lay...
Compressing src/mame/layout/j2frucnx.lay...
Compressing src/mame/layout/j2fullhs.lay...
Compressing src/mame/layout/j2fws.lay...
Compressing src/mame/layout/j2ghostb.lay...
Compressing src/mame/layout/j2gldchy.lay...
Compressing src/mame/layout/j2goldbr.lay...
Compressing src/mame/layout/j2hilocl.lay...
Compressing src/mame/layout/j2hinote.lay...
Compressing src/mame/layout/j2hitmon.lay...
Compressing src/mame/layout/j2hiroll.lay...
Compressing src/mame/layout/j2hotsht.lay...
Compressing src/mame/layout/j2hotpot.lay...
Compressing src/mame/layout/j2hypnot.lay...
Compressing src/mame/layout/j2jackbr.lay...
Compressing src/mame/layout/j2kingcl.lay...
Compressing src/mame/layout/j2litean.lay...
Compressing src/mame/layout/j2litnot.lay...
Compressing src/mame/layout/j2lovshd.lay...
Compressing src/mame/layout/j2lovsht.lay...
Compressing src/mame/layout/j2luckar.lay...
Compressing src/mame/layout/j2lucky2.lay...
Compressing src/mame/layout/j2missis.lay...
Compressing src/mame/layout/j2maxima.lay...
Compressing src/mame/layout/j2mongam.lay...
Compressing src/mame/layout/j2monblt.lay...
Compressing src/mame/layout/j2montrp.lay...
Compressing src/mame/layout/j2notesh.lay...
Compressing src/mame/layout/j2nolimt.lay...
Compressing src/mame/layout/j2nudbnz.lay...
Compressing src/mame/layout/j2nudfev.lay...
Compressing src/mame/layout/j2nudmon.lay...
Compressing src/mame/layout/j2nudshf.lay...
Compressing src/mame/layout/j2paypkt.lay...
Compressing src/mame/layout/j2penny.lay...
Compressing src/mame/layout/j2plsmnd.lay...
Compressing src/mame/layout/j2plsnud.lay...
Compressing src/mame/layout/j2pndrsh.lay...
Compressing src/mame/layout/j2reelbn.lay...
Compressing src/mame/layout/j2rdclb.lay...
Compressing src/mame/layout/j2reelbo.lay...
Compressing src/mame/layout/j2reelcz.lay...
Compressing src/mame/layout/j2reelmc.lay...
Compressing src/mame/layout/j2reelmo.lay...
Compressing src/mame/layout/j2silvcl.lay...
Compressing src/mame/layout/j2silvsh.lay...
Compressing src/mame/layout/j2sstrea.lay...
Compressing src/mame/layout/j2sldgld.lay...
Compressing src/mame/layout/j2slvrgh.lay...
Compressing src/mame/layout/j2stahed.lay...
Compressing src/mame/layout/j2spcrsv.lay...
Compressing src/mame/layout/j2suprsh.lay...
Compressing src/mame/layout/j2supfrc.lay...
Compressing src/mame/layout/j2supsft.lay...
Compressing src/mame/layout/j2suptrk.lay...
Compressing src/mame/layout/j2supstp.lay...
Compressing src/mame/layout/j2swbank.lay...
Compressing src/mame/layout/j2take2.lay...
Compressing src/mame/layout/j2trail.lay...
Compressing src/mame/layout/j2tstplt.lay...
Compressing src/mame/layout/j5ar80cla.lay...
Compressing src/mame/layout/j5cira.lay...
Compressing src/mame/layout/j5fairp.lay...
Compressing src/mame/layout/j5firebl.lay...
Compressing src/mame/layout/j5hotdoga.lay...
Compressing src/mame/layout/j5hollyc.lay...
Compressing src/mame/layout/j5intr.lay...
Compressing src/mame/layout/j5indsum.lay...
Compressing src/mame/layout/j5movie.lay...
Compressing src/mame/layout/j5nite.lay...
Compressing src/mame/layout/j5palma.lay...
Compressing src/mame/layout/j5popeye.lay...
Compressing src/mame/layout/j5sizl.lay...
Compressing src/mame/layout/j5topshp.lay...
Compressing src/mame/layout/j5trail.lay...
Compressing src/mame/layout/j5suphi.lay...
Compressing src/mame/layout/j5supbara.lay...
Compressing src/mame/layout/j5swop.lay...
Compressing src/mame/layout/j5term.lay...
Compressing src/mame/layout/j5wsc.lay...
Compressing src/mame/layout/j5ujb.lay...
Compressing src/mame/layout/j6amdrm.lay...
Compressing src/mame/layout/j6big50.lay...
Compressing src/mame/layout/j6acehi.lay...
Compressing src/mame/layout/j6arcadee.lay...
Compressing src/mame/layout/j6aceclb.lay...
Compressing src/mame/layout/j6bigbukc.lay...
Compressing src/mame/layout/j6bigtopa.lay...
Compressing src/mame/layout/j6bnkrcl.lay...
Compressing src/mame/layout/j6bnza.lay...
Compressing src/mame/layout/j6camelt.lay...
Compressing src/mame/layout/j6btbwd.lay...
Compressing src/mame/layout/j6casclaf.lay...
Compressing src/mame/layout/j6cascze.lay...
Compressing src/mame/layout/j6colcsh.lay...
Compressing src/mame/layout/j6cpal.lay...
Compressing src/mame/layout/j6crack.lay...
Compressing src/mame/layout/j6drdogh.lay...
Compressing src/mame/layout/j6euphor.lay...
Compressing src/mame/layout/j6ewn.lay...
Compressing src/mame/layout/j6fastfr.lay...
Compressing src/mame/layout/j6ffce.lay...
Compressing src/mame/layout/j6gidogh.lay...
Compressing src/mame/layout/j6frtpot.lay...
Compressing src/mame/layout/j6goldgla.lay...
Compressing src/mame/layout/j6gogold.lay...
Compressing src/mame/layout/j6gldclb.lay...
Compressing src/mame/layout/j6guabc.lay...
Compressing src/mame/layout/j6guabcl.lay...
Compressing src/mame/layout/j6impuls.lay...
Compressing src/mame/layout/j6hapyhrb.lay...
Compressing src/mame/layout/j6indy6.lay...
Compressing src/mame/layout/j6impuls15.lay...
Compressing src/mame/layout/j6indy8.lay...
Compressing src/mame/layout/j6kungfu.lay...
Compressing src/mame/layout/j6kfc.lay...
Compressing src/mame/layout/j6megbck.lay...
Compressing src/mame/layout/j6mono6010.lay...
Compressing src/mame/layout/j6mono60.lay...
Compressing src/mame/layout/j6mono608.lay...
Compressing src/mame/layout/j6montlk.lay...
Compressing src/mame/layout/j6monst.lay...
Compressing src/mame/layout/j6oxobin.lay...
Compressing src/mame/layout/j6montlk6.lay...
Compressing src/mame/layout/j6quick.lay...
Compressing src/mame/layout/j6oxobin10.lay...
Compressing src/mame/layout/j6redarwf.lay...
Compressing src/mame/layout/j6ra.lay...
Compressing src/mame/layout/j6reelmn.lay...
Compressing src/mame/layout/j6rh6cld.lay...
Compressing src/mame/layout/j6rhchil.lay...
Compressing src/mame/layout/j6rico10.lay...
Compressing src/mame/layout/j6roller10.lay...
Compressing src/mame/layout/j6roller15.lay...
Compressing src/mame/layout/j6roller8.lay...
Compressing src/mame/layout/j6slagng.lay...
Compressing src/mame/layout/j6snakes.lay...
Compressing src/mame/layout/j6sonic10.lay...
Compressing src/mame/layout/j6stards.lay...
Compressing src/mame/layout/j6tombc.lay...
Compressing src/mame/layout/j6swpdrp.lay...
Compressing src/mame/layout/j6topflg.lay...
Compressing src/mame/layout/j6twst.lay...
Compressing src/mame/layout/j6untch.lay...
Compressing src/mame/layout/j6vindal.lay...
Compressing src/mame/layout/j6vivark.lay...
Compressing src/mame/layout/j6wizardd.lay...
Compressing src/mame/layout/j80bac.lay...
Compressing src/mame/layout/j6wldkng.lay...
Compressing src/mame/layout/j80golds.lay...
Compressing src/mame/layout/j80bounc.lay...
Compressing src/mame/layout/j80frogh.lay...
Compressing src/mame/layout/j80hotln.lay...
Compressing src/mame/layout/j80myspn.lay...
Compressing src/mame/layout/j80nudg2.lay...
Compressing src/mame/layout/j80rr.lay...
Compressing src/mame/layout/j80supbk.lay...
Compressing src/mame/layout/j80supst.lay...
Compressing src/mame/layout/j80topsp.lay...
Compressing src/mame/layout/j80wsprt2.lay...
Compressing src/mame/layout/jankenmn.lay...
Compressing src/mame/layout/jackhouse.lay...
Compressing src/mame/layout/jclub2.lay...
Compressing src/mame/layout/jazz.lay...
Compressing src/mame/layout/jeutel.lay...
Compressing src/mame/layout/jclub2o.lay...
Compressing src/mame/layout/jinpaish.lay...
Compressing src/mame/layout/jking02.lay...
Compressing src/mame/layout/jking04.lay...
Compressing src/mame/layout/jollycrd.lay...
Compressing src/mame/layout/jockeyc.lay...
Compressing src/mame/layout/jpmimpct.lay...
Compressing src/mame/layout/jp.lay...
Compressing src/mame/layout/jpmmps.lay...
Compressing src/mame/layout/jpmsru.lay...
Compressing src/mame/layout/jpms80.lay...
Compressing src/mame/layout/jpmsys5.lay...
Compressing src/mame/layout/jungjuic.lay...
Compressing src/mame/layout/junior.lay...
Compressing src/mame/layout/k1003.lay...
Compressing src/mame/layout/k28o.lay...
Compressing src/mame/layout/k28.lay...
Compressing src/mame/layout/kas89.lay...
Compressing src/mame/layout/kdt6.lay...
Compressing src/mame/layout/kchal.lay...
Compressing src/mame/layout/kenokb.lay...
Compressing src/mame/layout/kenseim.lay...
Compressing src/mame/layout/kgalah.lay...
Compressing src/mame/layout/kgbirda5.lay...
Compressing src/mame/layout/kgbirdnz.lay...
Compressing src/mame/layout/kim1.lay...
Compressing src/mame/layout/kingdrby.lay...
Compressing src/mame/layout/kingpin.lay...
Compressing src/mame/layout/kingsran.lay...
Compressing src/mame/layout/kn01.lay...
Compressing src/mame/layout/konamigt.lay...
Compressing src/mame/layout/kn5000.lay...
Compressing src/mame/layout/krzykeno.lay...
Compressing src/mame/layout/kungfur.lay...
Compressing src/mame/layout/lafootb.lay...
Compressing src/mame/layout/lagunar.lay...
Compressing src/mame/layout/lazercmd.lay...
Compressing src/mame/layout/lbeach.lay...
Compressing src/mame/layout/lc80.lay...
Compressing src/mame/layout/lchicken.lay...
Compressing src/mame/layout/lckydraw.lay...
Compressing src/mame/layout/lependu.lay...
Compressing src/mame/layout/leboom.lay...
Compressing src/mame/layout/lespendu.lay...
Compressing src/mame/layout/lightfgt.lay...
Compressing src/mame/layout/lilcomp.lay...
Compressing src/mame/layout/lilprof.lay...
Compressing src/mame/layout/lilprofo.lay...
Compressing src/mame/layout/linn_linndrum.lay...
Compressing src/mame/layout/litelrn.lay...
Compressing src/mame/layout/liveafb.lay...
Compressing src/mame/layout/lk3000.lay...
Compressing src/mame/layout/ll3.lay...
Compressing src/mame/layout/llc1.lay...
Compressing src/mame/layout/lnux4004.lay...
Compressing src/mame/layout/locoloota.lay...
Compressing src/mame/layout/lostreas.lay...
Compressing src/mame/layout/ltcasinn.lay...
Compressing src/mame/layout/ltcasino.lay...
Compressing src/mame/layout/ltd.lay...
Compressing src/mame/layout/luckgrln.lay...
Compressing src/mame/layout/lucky74.lay...
Compressing src/mame/layout/lucky8.lay...
Compressing src/mame/layout/lucky8p1.lay...
Compressing src/mame/layout/luckyrlt.lay...
Compressing src/mame/layout/luckybal.lay...
Compressing src/mame/layout/m_bappl2.lay...
Compressing src/mame/layout/lynx.lay...
Compressing src/mame/layout/m_bapple.lay...
Compressing src/mame/layout/m_gndgit.lay...
Compressing src/mame/layout/m_mtchup.lay...
Compressing src/mame/layout/m_lndg.lay...
Compressing src/mame/layout/m_mtchit.lay...
Compressing src/mame/layout/m1apollo2.lay...
Compressing src/mame/layout/m1bargnc.lay...
Compressing src/mame/layout/m1albsqp.lay...
Compressing src/mame/layout/m1bghou.lay...
Compressing src/mame/layout/m1calypsa.lay...
Compressing src/mame/layout/m1bigdel.lay...
Compressing src/mame/layout/m1casclb.lay...
Compressing src/mame/layout/m1chain.lay...
Compressing src/mame/layout/m1casroy1.lay...
Compressing src/mame/layout/m1cik51o.lay...
Compressing src/mame/layout/m1clbfvr.lay...
Compressing src/mame/layout/m1cluecb1.lay...
Compressing src/mame/layout/m1cluedo4.lay...
Compressing src/mame/layout/m1cluessf.lay...
Compressing src/mame/layout/m1coro21n.lay...
Compressing src/mame/layout/m1cororrk.lay...
Compressing src/mame/layout/m1dkong91n.lay...
Compressing src/mame/layout/m1dxmono51o.lay...
Compressing src/mame/layout/m1eastndl.lay...
Compressing src/mame/layout/m1eastqv3.lay...
Compressing src/mame/layout/m1fantfbb.lay...
Compressing src/mame/layout/m1fightb.lay...
Compressing src/mame/layout/m1frexplc.lay...
Compressing src/mame/layout/m1gladg.lay...
Compressing src/mame/layout/m1grescb.lay...
Compressing src/mame/layout/m1guvnor.lay...
Compressing src/mame/layout/m1hotpoth.lay...
Compressing src/mame/layout/m1infern.lay...
Compressing src/mame/layout/m1imclb.lay...
Compressing src/mame/layout/m1htclb.lay...
Compressing src/mame/layout/m1inwinc.lay...
Compressing src/mame/layout/m1jpmult.lay...
Compressing src/mame/layout/m1itjobc.lay...
Compressing src/mame/layout/m1itskob.lay...
Compressing src/mame/layout/m1lucknon.lay...
Compressing src/mame/layout/m1manhat.lay...
Compressing src/mame/layout/m1luxorb.lay...
Compressing src/mame/layout/m1monclb.lay...
Compressing src/mame/layout/m1mongam.lay...
Compressing src/mame/layout/m1monmon.lay...
Compressing src/mame/layout/m1monou.lay...
Compressing src/mame/layout/m1nhp.lay...
Compressing src/mame/layout/m1nudbnke.lay...
Compressing src/mame/layout/m1omega.lay...
Compressing src/mame/layout/m1onbusa.lay...
Compressing src/mame/layout/m1pinkpc.lay...
Compressing src/mame/layout/m1przeeb.lay...
Compressing src/mame/layout/m1retpp.lay...
Compressing src/mame/layout/m1search.lay...
Compressing src/mame/layout/m1sptlgtc.lay...
Compressing src/mame/layout/m1sudnima.lay...
Compressing src/mame/layout/m1startr.lay...
Compressing src/mame/layout/m1taknot.lay...
Compressing src/mame/layout/m1thatlfc.lay...
Compressing src/mame/layout/m1topstr.lay...
Compressing src/mame/layout/m1trtr.lay...
Compressing src/mame/layout/m1triviax.lay...
Compressing src/mame/layout/m1ttcash.lay...
Compressing src/mame/layout/m2luckys.lay...
Compressing src/mame/layout/m1wldzner.lay...
Compressing src/mame/layout/m2hilite.lay...
Compressing src/mame/layout/m2frpoly.lay...
Compressing src/mame/layout/m1wotwa.lay...
Compressing src/mame/layout/m2comet.lay...
Compressing src/mame/layout/m2luckyl.lay...
Compressing src/mame/layout/m2rockon.lay...
Compressing src/mame/layout/m2splite.lay...
Compressing src/mame/layout/m2sstar.lay...
Compressing src/mame/layout/m2starl.lay...
Compressing src/mame/layout/m2svlite.lay...
Compressing src/mame/layout/m2triple.lay...
Compressing src/mame/layout/m3autort.lay...
Compressing src/mame/layout/m3acech.lay...
Compressing src/mame/layout/m3biggam.lay...
Compressing src/mame/layout/m3bigsht.lay...
Compressing src/mame/layout/m3blkhle.lay...
Compressing src/mame/layout/m3chase.lay...
Compressing src/mame/layout/m3cabreta.lay...
Compressing src/mame/layout/m3circle.lay...
Compressing src/mame/layout/m3cskill.lay...
Compressing src/mame/layout/m3fortun.lay...
Compressing src/mame/layout/m3cunlim.lay...
Compressing src/mame/layout/m3gmine.lay...
Compressing src/mame/layout/m3lineup.lay...
Compressing src/mame/layout/m3gcrown.lay...
Compressing src/mame/layout/m3loony.lay...
Compressing src/mame/layout/m3nnice.lay...
Compressing src/mame/layout/m3oddson.lay...
Compressing src/mame/layout/m3razdaza.lay...
Compressing src/mame/layout/m3online.lay...
Compressing src/mame/layout/m3ratrce.lay...
Compressing src/mame/layout/m3oxo.lay...
Compressing src/mame/layout/m3replay.lay...
Compressing src/mame/layout/m3rockpl.lay...
Compressing src/mame/layout/m3rollem.lay...
Compressing src/mame/layout/m3rxchng.lay...
Compressing src/mame/layout/m3sexcu.lay...
Compressing src/mame/layout/m3slight.lay...
Compressing src/mame/layout/m3snaphp.lay...
Compressing src/mame/layout/m3spoof.lay...
Compressing src/mame/layout/m3supadr.lay...
Compressing src/mame/layout/m3supnud.lay...
Compressing src/mame/layout/m3supspo.lay...
Compressing src/mame/layout/m3supwin.lay...
Compressing src/mame/layout/m3sweep.lay...
Compressing src/mame/layout/m3tfair.lay...
Compressing src/mame/layout/m3toplin.lay...
Compressing src/mame/layout/m3winagnb.lay...
Compressing src/mame/layout/m3xchngg.lay...
Compressing src/mame/layout/m3winstr.lay...
Compressing src/mame/layout/m4aao.lay...
Compressing src/mame/layout/m4actbnk.lay...
Compressing src/mame/layout/m4actclb.lay...
Compressing src/mame/layout/m4actpak.lay...
Compressing src/mame/layout/m4addr.lay...
Compressing src/mame/layout/m4alladv.lay...
Compressing src/mame/layout/m4alpha.lay...
Compressing src/mame/layout/m4andybt.lay...
Compressing src/mame/layout/m4andyfh.lay...
Compressing src/mame/layout/m4andycp.lay...
Compressing src/mame/layout/m4andyge.lay...
Compressing src/mame/layout/m4apachg.lay...
Compressing src/mame/layout/m5addams.lay...
Compressing src/mame/layout/m4tenten.lay...
Compressing src/mame/layout/m5all41d.lay...
Compressing src/mame/layout/m5baxe04.lay...
Compressing src/mame/layout/m5austin11.lay...
Compressing src/mame/layout/m5arab.lay...
Compressing src/mame/layout/m5barmy.lay...
Compressing src/mame/layout/m5barkng.lay...
Compressing src/mame/layout/m5bbro.lay...
Compressing src/mame/layout/m5bbrocl.lay...
Compressing src/mame/layout/m5beansa.lay...
Compressing src/mame/layout/m5bigchs.lay...
Compressing src/mame/layout/m5biggam.lay...
Compressing src/mame/layout/m5bling.lay...
Compressing src/mame/layout/m5blkwht11.lay...
Compressing src/mame/layout/m5bnzclb.lay...
Compressing src/mame/layout/m5bttf.lay...
Compressing src/mame/layout/m5btlbnk.lay...
Compressing src/mame/layout/m5bwaves.lay...
Compressing src/mame/layout/m5cashat.lay...
Compressing src/mame/layout/m5carou.lay...
Compressing src/mame/layout/m5cashrn.lay...
Compressing src/mame/layout/m5cbw.lay...
Compressing src/mame/layout/m5centcl.lay...
Compressing src/mame/layout/m5circus0a.lay...
Compressing src/mame/layout/m5circlb33.lay...
Compressing src/mame/layout/m5clifhn.lay...
Compressing src/mame/layout/m5clown11.lay...
Compressing src/mame/layout/m5codft.lay...
Compressing src/mame/layout/m5cosclb.lay...
Compressing src/mame/layout/m5crzkni.lay...
Compressing src/mame/layout/m5cshstx.lay...
Compressing src/mame/layout/m5cshkcb.lay...
Compressing src/mame/layout/m5dblqtsb.lay...
Compressing src/mame/layout/m5devil.lay...
Compressing src/mame/layout/m5dick10.lay...
Compressing src/mame/layout/m5doshpk05.lay...
Compressing src/mame/layout/m5egr.lay...
Compressing src/mame/layout/m5ewn.lay...
Compressing src/mame/layout/m5evgrhr.lay...
Compressing src/mame/layout/m5elim.lay...
Compressing src/mame/layout/m5elband.lay...
Compressing src/mame/layout/m5extrm.lay...
Compressing src/mame/layout/m5fiddle.lay...
Compressing src/mame/layout/m5fire.lay...
Compressing src/mame/layout/m5firebl.lay...
Compressing src/mame/layout/m5flipcr.lay...
Compressing src/mame/layout/m5fortby.lay...
Compressing src/mame/layout/m5frnzy.lay...
Compressing src/mame/layout/m5funsun.lay...
Compressing src/mame/layout/m5ggems20.lay...
Compressing src/mame/layout/m5gdrag.lay...
Compressing src/mame/layout/m5gimmie.lay...
Compressing src/mame/layout/m5grush5.lay...
Compressing src/mame/layout/m5grush.lay...
Compressing src/mame/layout/m5gsstrk07.lay...
Compressing src/mame/layout/m5gstrik.lay...
Compressing src/mame/layout/m5hellrz.lay...
Compressing src/mame/layout/m5hgl14.lay...
Compressing src/mame/layout/m5hiclau.lay...
Compressing src/mame/layout/m5hifly.lay...
Compressing src/mame/layout/m5hlsumo.lay...
Compressing src/mame/layout/m5hisprt.lay...
Compressing src/mame/layout/m5hilok.lay...
Compressing src/mame/layout/m5holy.lay...
Compressing src/mame/layout/m5hotslt.lay...
Compressing src/mame/layout/m5hopidl.lay...
Compressing src/mame/layout/m5hotstf.lay...
Compressing src/mame/layout/m5jackbx.lay...
Compressing src/mame/layout/m5hypvip.lay...
Compressing src/mame/layout/m5jackp2.lay...
Compressing src/mame/layout/m5jackpt.lay...
Compressing src/mame/layout/m5jlyjwl.lay...
Compressing src/mame/layout/m5jmpgem01.lay...
Compressing src/mame/layout/m5kingqc06.lay...
Compressing src/mame/layout/m5kkebab.lay...
Compressing src/mame/layout/m5korma.lay...
Compressing src/mame/layout/m5loony.lay...
Compressing src/mame/layout/m5loot.lay...
Compressing src/mame/layout/m5lotta.lay...
Compressing src/mame/layout/m5martns07.lay...
Compressing src/mame/layout/m5mega.lay...
Compressing src/mame/layout/m5mmak06.lay...
Compressing src/mame/layout/m5mpfc.lay...
Compressing src/mame/layout/m5monmst.lay...
Compressing src/mame/layout/m5mprio.lay...
Compressing src/mame/layout/m5nnww.lay...
Compressing src/mame/layout/m5neptun.lay...
Compressing src/mame/layout/m5oohaah.lay...
Compressing src/mame/layout/m5oohrio.lay...
Compressing src/mame/layout/m5openbx05.lay...
Compressing src/mame/layout/m5overld.lay...
Compressing src/mame/layout/m5peepsh.lay...
Compressing src/mame/layout/m5piefac.lay...
Compressing src/mame/layout/m5piefcr.lay...
Compressing src/mame/layout/m5ppussy.lay...
Compressing src/mame/layout/m5psyccl01.lay...
Compressing src/mame/layout/m5psycho.lay...
Compressing src/mame/layout/m5qdrawb.lay...
Compressing src/mame/layout/m5ptyani.lay...
Compressing src/mame/layout/m5qshot04.lay...
Compressing src/mame/layout/m5ratpka.lay...
Compressing src/mame/layout/m5redbal.lay...
Compressing src/mame/layout/m5razdz10.lay...
Compressing src/mame/layout/m5redrcka.lay...
Compressing src/mame/layout/m5revo13.lay...
Compressing src/mame/layout/m5resfrg.lay...
Compressing src/mame/layout/m5rfymc.lay...
Compressing src/mame/layout/m5rgclb12.lay...
Compressing src/mame/layout/m5rhrgt02.lay...
Compressing src/mame/layout/m5ritj.lay...
Compressing src/mame/layout/m5rollup.lay...
Compressing src/mame/layout/m5rthh.lay...
Compressing src/mame/layout/m5rollx.lay...
Compressing src/mame/layout/m5rub.lay...
Compressing src/mame/layout/m5scharg.lay...
Compressing src/mame/layout/m5rwb.lay...
Compressing src/mame/layout/m5seven.lay...
Compressing src/mame/layout/m5shark.lay...
Compressing src/mame/layout/m5sheik.lay...
Compressing src/mame/layout/m5sondra.lay...
Compressing src/mame/layout/m5skulcl20.lay...
Compressing src/mame/layout/m5spiker.lay...
Compressing src/mame/layout/m5speccl.lay...
Compressing src/mame/layout/m5spins.lay...
Compressing src/mame/layout/m5squids06.lay...
Compressing src/mame/layout/m5sstrk.lay...
Compressing src/mame/layout/m5starcl.lay...
Compressing src/mame/layout/m5stars26.lay...
Compressing src/mame/layout/m5supnov.lay...
Compressing src/mame/layout/m5tbird.lay...
Compressing src/mame/layout/m5stax.lay...
Compressing src/mame/layout/m5supro.lay...
Compressing src/mame/layout/m5tempp.lay...
Compressing src/mame/layout/m5tempcl.lay...
Compressing src/mame/layout/m5tempt2.lay...
Compressing src/mame/layout/m5tictacbwb.lay...
Compressing src/mame/layout/m5trail.lay...
Compressing src/mame/layout/m5upover.lay...
Compressing src/mame/layout/m5ultimo04.lay...
Compressing src/mame/layout/m5vampup.lay...
Compressing src/mame/layout/m5vertgo.lay...
Compressing src/mame/layout/m5wking05.lay...
Compressing src/mame/layout/m5wonga.lay...
Compressing src/mame/layout/m5wthing20.lay...
Compressing src/mame/layout/m5xchn.lay...
Compressing src/mame/layout/m5xfact11.lay...
Compressing src/mame/layout/m68705prg.lay...
Compressing src/mame/layout/macp.lay...
Compressing src/mame/layout/mac3.lay...
Compressing src/mame/layout/magibomb.lay...
Compressing src/mame/layout/magibomb_ab45a.lay...
Compressing src/mame/layout/majorpkr.lay...
Compressing src/mame/layout/maniac.lay...
Compressing src/mame/layout/magicard.lay...
Compressing src/mame/layout/magimaska.lay...
Compressing src/mame/layout/marmagic.lay...
Compressing src/mame/layout/marmagicua.lay...
Compressing src/mame/layout/mastmind.lay...
Compressing src/mame/layout/marywu.lay...
Compressing src/mame/layout/matchnum.lay...
Compressing src/mame/layout/matchme.lay...
Compressing src/mame/layout/mathmagi.lay...
Compressing src/mame/layout/mathmarv.lay...
Compressing src/mame/layout/maxaflex.lay...
Compressing src/mame/layout/maygay1b.lay...
Compressing src/mame/layout/maze.lay...
Compressing src/mame/layout/mbaseb.lay...
Compressing src/mame/layout/mbaskb.lay...
Compressing src/mame/layout/mbaskb2.lay...
Compressing src/mame/layout/mbdtower.lay...
Compressing src/mame/layout/mchess.lay...
Compressing src/mame/layout/mcompgin.lay...
Compressing src/mame/layout/md6802.lay...
Compressing src/mame/layout/mdndclab.lay...
Compressing src/mame/layout/mdallas.lay...
Compressing src/mame/layout/mdrawpkr.lay...
Compressing src/mame/layout/medlanes.lay...
Compressing src/mame/layout/megacd.lay...
Compressing src/mame/layout/mega10k.lay...
Compressing src/mame/layout/megaline.lay...
Compressing src/mame/layout/mekd2.lay...
Compressing src/mame/layout/mekd4.lay...
Compressing src/mame/layout/mekd3.lay...
Compressing src/mame/layout/mekd5.lay...
Compressing src/mame/layout/melodym.lay...
Compressing src/mame/layout/memoquiz.lay...
Compressing src/mame/layout/mephisto_1.lay...
Compressing src/mame/layout/mephisto_3.lay...
Compressing src/mame/layout/mephisto_academy.lay...
Compressing src/mame/layout/mephisto_alm16.lay...
Compressing src/mame/layout/mephisto_alm32.lay...
Compressing src/mame/layout/mephisto_amsterdam.lay...
Compressing src/mame/layout/mephisto_berlin.lay...
Compressing src/mame/layout/mephisto_bup.lay...
Compressing src/mame/layout/mephisto_esb2.lay...
Compressing src/mame/layout/mephisto_excalibur.lay...
Compressing src/mame/layout/mephisto_europa.lay...
Compressing src/mame/layout/mephisto_gen32.lay...
Compressing src/mame/layout/mephisto_glasgow.lay...
Compressing src/mame/layout/mephisto_junior.lay...
Compressing src/mame/layout/mephisto_mega4.lay...
Compressing src/mame/layout/mephisto_milano.lay...
Compressing src/mame/layout/mephisto_mirage.lay...
Compressing src/mame/layout/mephisto_mm1.lay...
Compressing src/mame/layout/mephisto_mm2.lay...
Compressing src/mame/layout/mephisto_mm5.lay...
Compressing src/mame/layout/mephisto_modena.lay...
Compressing src/mame/layout/mephisto_mondial.lay...
Compressing src/mame/layout/mephisto_modular_tm.lay...
Compressing src/mame/layout/mephisto_mondial68k.lay...
Compressing src/mame/layout/mephisto_mondial2.lay...
Compressing src/mame/layout/mephisto_montreal.lay...
Compressing src/mame/layout/mephisto_montec.lay...
Compressing src/mame/layout/mephisto_montreux.lay...
Compressing src/mame/layout/mephisto_polgar.lay...
Compressing src/mame/layout/mephisto_roma2.lay...
Compressing src/mame/layout/mephisto_risc.lay...
Compressing src/mame/layout/mephisto_schachak.lay...
Compressing src/mame/layout/mephisto_smondial2.lay...
Compressing src/mame/layout/mephisto_smondial.lay...
Compressing src/mame/layout/merlin.lay...
Compressing src/mame/layout/metalman.lay...
Compressing src/mame/layout/meybjack.lay...
Compressing src/mame/layout/mfootb2.lay...
Compressing src/mame/layout/mfootb.lay...
Compressing src/mame/layout/mgames.lay...
Compressing src/mame/layout/mg1.lay...
Compressing src/mame/layout/mhockey.lay...
Compressing src/mame/layout/mgavegas.lay...
Compressing src/mame/layout/mhockeya.lay...
Compressing src/mame/layout/micon2.lay...
Compressing src/mame/layout/micropin.lay...
Compressing src/mame/layout/microvision.lay...
Compressing src/mame/layout/microtouch.lay...
Compressing src/mame/layout/mil4000.lay...
Compressing src/mame/layout/milton.lay...
Compressing src/mame/layout/mindset.lay...
Compressing src/mame/layout/minferno.lay...
Compressing src/mame/layout/miniboy7.lay...
Compressing src/mame/layout/minspace.lay...
Compressing src/mame/layout/minicom.lay...
Compressing src/mame/layout/misatk.lay...
Compressing src/mame/layout/missamer.lay...
Compressing src/mame/layout/mk14.lay...
Compressing src/mame/layout/mk14vdu.lay...
Compressing src/mame/layout/mkit09.lay...
Compressing src/mame/layout/ml20.lay...
Compressing src/mame/layout/mmarvin.lay...
Compressing src/mame/layout/mmd1.lay...
Compressing src/mame/layout/mmd2.lay...
Compressing src/mame/layout/mmerlin.lay...
Compressing src/mame/layout/model1io2.lay...
Compressing src/mame/layout/modulab.lay...
Compressing src/mame/layout/monkeysee.lay...
Compressing src/mame/layout/montree.lay...
Compressing src/mame/layout/monty.lay...
Compressing src/mame/layout/monzagp.lay...
Compressing src/mame/layout/moog_source.lay...
Compressing src/mame/layout/mountmon.lay...
Compressing src/mame/layout/mpc2000xl.lay...
Compressing src/mame/layout/mp68a.lay...
Compressing src/mame/layout/mpc60.lay...
Compressing src/mame/layout/mpc3000.lay...
Compressing src/mame/layout/mpf1.lay...
Compressing src/mame/layout/mpf1b.lay...
Compressing src/mame/layout/mpf1p.lay...
Compressing src/mame/layout/mps65.lay...
Compressing src/mame/layout/mpu1.lay...
Compressing src/mame/layout/mpu2.lay...
Compressing src/mame/layout/mpu3.lay...
Compressing src/mame/layout/mpu4plasma.lay...
Compressing src/mame/layout/mpu4.lay...
Compressing src/mame/layout/mpu4ext.lay...
Compressing src/mame/layout/ms0515.lay...
Compressing src/mame/layout/mpu5.lay...
Compressing src/mame/layout/msoccer.lay...
Compressing src/mame/layout/msoccer2.lay...
Compressing src/mame/layout/msthawk.lay...
Compressing src/mame/layout/msx_ar.lay...
Compressing src/mame/layout/msx_ar_1fdd.lay...
Compressing src/mame/layout/msx_ar_2fdd.lay...
Compressing src/mame/layout/msx_en.lay...
Compressing src/mame/layout/msx_jp.lay...
Compressing src/mame/layout/msx_jp_2fdd.lay...
Compressing src/mame/layout/msx_jp_1fdd.lay...
Compressing src/mame/layout/msx_kr.lay...
Compressing src/mame/layout/msx_nocode.lay...
Compressing src/mame/layout/msx_kr_1fdd.lay...
Compressing src/mame/layout/msx_nocode_1fdd.lay...
Compressing src/mame/layout/msx_nocode_2fdd.lay...
Compressing src/mame/layout/msx_ru_2fdd.lay...
Compressing src/mame/layout/msx_ru.lay...
Compressing src/mame/layout/msx_ru_1fdd.lay...
Compressing src/mame/layout/msx_nocode_nocaps.lay...
Compressing src/mame/layout/msx_turbor.lay...
Compressing src/mame/layout/mt80z.lay...
Compressing src/mame/layout/mu2000.lay...
Compressing src/mame/layout/mu50.lay...
Compressing src/mame/layout/mu128.lay...
Compressing src/mame/layout/mulcd.lay...
Compressing src/mame/layout/multidrw.lay...
Compressing src/mame/layout/mvbfree.lay...
Compressing src/mame/layout/musicsrt.lay...
Compressing src/mame/layout/mwcbaseb.lay...
Compressing src/mame/layout/mwcfootb.lay...
Compressing src/mame/layout/mystgard.lay...
Compressing src/mame/layout/nabupc.lay...
Compressing src/mame/layout/mz1.lay...
Compressing src/mame/layout/navarone.lay...
Compressing src/mame/layout/nbmj8688.lay...
Compressing src/mame/layout/nd8lines.lay...
Compressing src/mame/layout/neogeo.lay...
Compressing src/mame/layout/newbrain.lay...
Compressing src/mame/layout/newbraina.lay...
Compressing src/mame/layout/nfb96.lay...
Compressing src/mame/layout/newufo.lay...
Compressing src/mame/layout/nfb96tx.lay...
Compressing src/mame/layout/ninjaw.lay...
Compressing src/mame/layout/noraut09_sureshot.lay...
Compressing src/mame/layout/noraut10.lay...
Compressing src/mame/layout/noraut11.lay...
Compressing src/mame/layout/notechan.lay...
Compressing src/mame/layout/noraut12.lay...
Compressing src/mame/layout/novag_accord.lay...
Compressing src/mame/layout/novag_beluga.lay...
Compressing src/mame/layout/novag_cexpert.lay...
Compressing src/mame/layout/novag_cnchess.lay...
Compressing src/mame/layout/novag_cforte.lay...
Compressing src/mame/layout/novag_const.lay...
Compressing src/mame/layout/novag_constjr.lay...
Compressing src/mame/layout/novag_diablo68.lay...
Compressing src/mame/layout/novag_constq.lay...
Compressing src/mame/layout/novag_diamond.lay...
Compressing src/mame/layout/novag_diamond2.lay...
Compressing src/mame/layout/novag_emerclp.lay...
Compressing src/mame/layout/novag_gomoku.lay...
Compressing src/mame/layout/novag_micro.lay...
Compressing src/mame/layout/novag_mentor16.lay...
Compressing src/mame/layout/novag_micro2.lay...
Compressing src/mame/layout/novag_mk1.lay...
Compressing src/mame/layout/novag_mk2.lay...
Compressing src/mame/layout/novag_mk2a.lay...
Compressing src/mame/layout/novag_primo.lay...
Compressing src/mame/layout/novag_robotadv.lay...
Compressing src/mame/layout/novag_sapphire.lay...
Compressing src/mame/layout/novag_sapphire2.lay...
Compressing src/mame/layout/novag_scorpio68.lay...
Compressing src/mame/layout/novag_savant.lay...
Compressing src/mame/layout/novag_sdiamond.lay...
Compressing src/mame/layout/novag_sexpert.lay...
Compressing src/mame/layout/novag_sforte.lay...
Compressing src/mame/layout/novag_snova.lay...
Compressing src/mame/layout/novag_ssensor4.lay...
Compressing src/mame/layout/novag_supremo.lay...
Compressing src/mame/layout/novag_supercon.lay...
Compressing src/mame/layout/novag_svip.lay...
Compressing src/mame/layout/novoplay.lay...
Compressing src/mame/layout/novag_zircon2.lay...
Compressing src/mame/layout/novag_vip.lay...
Compressing src/mame/layout/nsm.lay...
Compressing src/mame/layout/oberheim_dmx.lay...
Compressing src/mame/layout/oberheim_xpander.lay...
Compressing src/mame/layout/oceanpar.lay...
Compressing src/mame/layout/omar1.lay...
Compressing src/mame/layout/omar2.lay...
Compressing src/mame/layout/omegrace.lay...
Compressing src/mame/layout/one4all.lay...
Compressing src/mame/layout/orchidmsnz.lay...
Compressing src/mame/layout/orchidms.lay...
Compressing src/mame/layout/outrun.lay...
Compressing src/mame/layout/overdriv.lay...
Compressing src/mame/layout/packmon.lay...
Compressing src/mame/layout/pacominv.lay...
Compressing src/mame/layout/paia_midi2cv8.lay...
Compressing src/mame/layout/paia_fatman.lay...
Compressing src/mame/layout/pairmtch.lay...
Compressing src/mame/layout/palmmd8.lay...
Compressing src/mame/layout/palmf31.lay...
Compressing src/mame/layout/pantmag.lay...
Compressing src/mame/layout/pantmaga.lay...
Compressing src/mame/layout/paradice.lay...
Compressing src/mame/layout/pasha2.lay...
Compressing src/mame/layout/parentj.lay...
Compressing src/mame/layout/patinho.lay...
Compressing src/mame/layout/pbactiont.lay...
Compressing src/mame/layout/pbmastm.lay...
Compressing src/mame/layout/pc1500.lay...
Compressing src/mame/layout/pce220.lay...
Compressing src/mame/layout/pcw.lay...
Compressing src/mame/layout/pcg850v.lay...
Compressing src/mame/layout/pdrift.lay...
Compressing src/mame/layout/pda600.lay...
Compressing src/mame/layout/pe_keno.lay...
Compressing src/mame/layout/pe_poker.lay...
Compressing src/mame/layout/pe_bjack.lay...
Compressing src/mame/layout/pe_fantasy.lay...
Compressing src/mame/layout/pe_schip.lay...
Compressing src/mame/layout/pe_slots.lay...
Compressing src/mame/layout/pengpayce.lay...
Compressing src/mame/layout/pengpaycea.lay...
Compressing src/mame/layout/pengpaydx.lay...
Compressing src/mame/layout/pengpuck.lay...
Compressing src/mame/layout/penpir2.lay...
Compressing src/mame/layout/peplus.lay...
Compressing src/mame/layout/petshop.lay...
Compressing src/mame/layout/pg1000.lay...
Compressing src/mame/layout/peyper.lay...
Compressing src/mame/layout/phantom2.lay...
Compressing src/mame/layout/phpball.lay...
Compressing src/mame/layout/pickytlk.lay...
Compressing src/mame/layout/piggypas.lay...
Compressing src/mame/layout/pilot1k.lay...
Compressing src/mame/layout/pirpok2.lay...
Compressing src/mame/layout/pl6dev.lay...
Compressing src/mame/layout/pl6vdev.lay...
Compressing src/mame/layout/play_1.lay...
Compressing src/mame/layout/play_2.lay...
Compressing src/mame/layout/play_3.lay...
Compressing src/mame/layout/playch10.lay...
Compressing src/mame/layout/playmaker.lay...
Compressing src/mame/layout/pm5644.lay...
Compressing src/mame/layout/pmi80.lay...
Compressing src/mame/layout/pmpoker.lay...
Compressing src/mame/layout/pmroulet.lay...
Compressing src/mame/layout/pnchmn.lay...
Compressing src/mame/layout/pntnpuzl.lay...
Compressing src/mame/layout/pntnpuzls.lay...
Compressing src/mame/layout/pokeri.lay...
Compressing src/mame/layout/pokio.lay...
Compressing src/mame/layout/poker41.lay...
Compressing src/mame/layout/pokonl97.lay...
Compressing src/mame/layout/polepos.lay...
Compressing src/mame/layout/poly880.lay...
Compressing src/mame/layout/polyplay.lay...
Compressing src/mame/layout/ppsatan.lay...
Compressing src/mame/layout/pr8210.lay...
Compressing src/mame/layout/pro80.lay...
Compressing src/mame/layout/proconn.lay...
Compressing src/mame/layout/prophet600.lay...
Compressing src/mame/layout/przfight.lay...
Compressing src/mame/layout/psr11.lay...
Compressing src/mame/layout/psr110.lay...
Compressing src/mame/layout/psr150.lay...
Compressing src/mame/layout/psr180.lay...
Compressing src/mame/layout/psr60.lay...
Compressing src/mame/layout/psr70.lay...
Compressing src/mame/layout/psr75.lay...
Compressing src/mame/layout/psr76.lay...
Compressing src/mame/layout/pss11.lay...
Compressing src/mame/layout/pss12.lay...
Compressing src/mame/layout/pss170.lay...
Compressing src/mame/layout/pss31.lay...
Compressing src/mame/layout/pss21.lay...
Compressing src/mame/layout/pulltabs.lay...
Compressing src/mame/layout/pvmil.lay...
Compressing src/mame/layout/pss6.lay...
Compressing src/mame/layout/px8.lay...
Compressing src/mame/layout/pve500.lay...
Compressing src/mame/layout/pylo.lay...
Compressing src/mame/layout/pyramid.lay...
Compressing src/mame/layout/px4.lay...
Compressing src/mame/layout/qfire.lay...
Compressing src/mame/layout/qkracer.lay...
Compressing src/mame/layout/qkracera.lay...
Compressing src/mame/layout/qkspeller.lay...
Compressing src/mame/layout/qnilec.lay...
Compressing src/mame/layout/qnile.lay...
Compressing src/mame/layout/qnilecea.lay...
Compressing src/mame/layout/qniled.lay...
Compressing src/mame/layout/qnilenl.lay...
Compressing src/mame/layout/qtbird.lay...
Compressing src/mame/layout/quintoon.lay...
Compressing src/mame/layout/quizshow.lay...
Compressing src/mame/layout/quizwizc.lay...
Compressing src/mame/layout/racedrivpan.lay...
Compressing src/mame/layout/radr.lay...
Compressing src/mame/layout/ravens.lay...
Compressing src/mame/layout/rainbow.lay...
Compressing src/mame/layout/raisedvl.lay...
Compressing src/mame/layout/rdqa.lay...
Compressing src/mame/layout/re900.lay...
Compressing src/mame/layout/re800.lay...
Compressing src/mame/layout/recel.lay...
Compressing src/mame/layout/reelrock.lay...
Compressing src/mame/layout/rebound.lay...
Compressing src/mame/layout/redbaron.lay...
Compressing src/mame/layout/regence.lay...
Compressing src/mame/layout/retrsam.lay...
Compressing src/mame/layout/retrsamb.lay...
Compressing src/mame/layout/revlatns.lay...
Compressing src/mame/layout/rocknms.lay...
Compressing src/mame/layout/rockpin.lay...
Compressing src/mame/layout/roland_d70.lay...
Compressing src/mame/layout/roland_tr707.lay...
Compressing src/mame/layout/roul.lay...
Compressing src/mame/layout/roundup5.lay...
Compressing src/mame/layout/rowamet.lay...
Compressing src/mame/layout/royal5p.lay...
Compressing src/mame/layout/royalcrd.lay...
Compressing src/mame/layout/roypok96.lay...
Compressing src/mame/layout/rtpc.lay...
Compressing src/mame/layout/rulechan.lay...
Compressing src/mame/layout/rungun_dual.lay...
Compressing src/mame/layout/rw10r.lay...
Compressing src/mame/layout/rw24k.lay...
Compressing src/mame/layout/rz1.lay...
Compressing src/mame/layout/rw30r.lay...
Compressing src/mame/layout/s11.lay...
Compressing src/mame/layout/rzone.lay...
Compressing src/mame/layout/s11a.lay...
Compressing src/mame/layout/s11b.lay...
Compressing src/mame/layout/s11c.lay...
Compressing src/mame/layout/s2000.lay...
Compressing src/mame/layout/s3.lay...
Compressing src/mame/layout/s3000.lay...
Compressing src/mame/layout/s3000xl.lay...
Compressing src/mame/layout/s4.lay...
Compressing src/mame/layout/s6.lay...
Compressing src/mame/layout/s6a.lay...
Compressing src/mame/layout/s7.lay...
Compressing src/mame/layout/s8pfevr.lay...
Compressing src/mame/layout/s8ratrc.lay...
Compressing src/mame/layout/s8scrzy.lay...
Compressing src/mame/layout/s9.lay...
Compressing src/mame/layout/saitek_centurion.lay...
Compressing src/mame/layout/sag.lay...
Compressing src/mame/layout/saitek_blitz.lay...
Compressing src/mame/layout/saitek_chessac.lay...
Compressing src/mame/layout/saitek_chesstrv.lay...
Compressing src/mame/layout/saitek_chesstrvi.lay...
Compressing src/mame/layout/saitek_companion.lay...
Compressing src/mame/layout/saitek_companion2.lay...
Compressing src/mame/layout/saitek_conquistador.lay...
Compressing src/mame/layout/saitek_companion3.lay...
Compressing src/mame/layout/saitek_corona.lay...
Compressing src/mame/layout/saitek_cougar.lay...
Compressing src/mame/layout/saitek_cp2000.lay...
Compressing src/mame/layout/saitek_delta1.lay...
Compressing src/mame/layout/saitek_ecbackg.lay...
Compressing src/mame/layout/saitek_edames.lay...
Compressing src/mame/layout/saitek_exechess.lay...
Compressing src/mame/layout/saitek_electrio.lay...
Compressing src/mame/layout/saitek_expchess.lay...
Compressing src/mame/layout/saitek_galileo.lay...
Compressing src/mame/layout/saitek_gk2000.lay...
Compressing src/mame/layout/saitek_gk2100.lay...
Compressing src/mame/layout/saitek_leonardo.lay...
Compressing src/mame/layout/saitek_mark5.lay...
Compressing src/mame/layout/saitek_mark6.lay...
Compressing src/mame/layout/saitek_minichess.lay...
Compressing src/mame/layout/saitek_mk12.lay...
Compressing src/mame/layout/saitek_pchess.lay...
Compressing src/mame/layout/saitek_pcheckers.lay...
Compressing src/mame/layout/saitek_prschess.lay...
Compressing src/mame/layout/saitek_renaissance.lay...
Compressing src/mame/layout/saitek_risc2500.lay...
Compressing src/mame/layout/saitek_prisma.lay...
Compressing src/mame/layout/saitek_pplus.lay...
Compressing src/mame/layout/saitek_sbackgc.lay...
Compressing src/mame/layout/saitek_schess.lay...
Compressing src/mame/layout/saitek_simultano.lay...
Compressing src/mame/layout/saitek_ssystem3.lay...
Compressing src/mame/layout/saitek_sstar28k.lay...
Compressing src/mame/layout/saitek_ssystem4.lay...
Compressing src/mame/layout/saitek_stratos.lay...
Compressing src/mame/layout/saitek_tatrain.lay...
Compressing src/mame/layout/saitek_teammate.lay...
Compressing src/mame/layout/saitek_tking.lay...
Compressing src/mame/layout/saitek_tschess.lay...
Compressing src/mame/layout/saitek_tstar432.lay...
Compressing src/mame/layout/saitek_turbo16k.lay...
Compressing src/mame/layout/saitek_turbos24k.lay...
Compressing src/mame/layout/saiyukip.lay...
Compressing src/mame/layout/savia84.lay...
Compressing src/mame/layout/sball2k1.lay...
Compressing src/mame/layout/sanremo.lay...
Compressing src/mame/layout/sbrkout.lay...
Compressing src/mame/layout/sbuk2.lay...
Compressing src/mame/layout/sbuk2a.lay...
Compressing src/mame/layout/sbuk3.lay...
Compressing src/mame/layout/sc1_vfd.lay...
Compressing src/mame/layout/sc1_vid.lay...
Compressing src/mame/layout/sc1barcd.lay...
Compressing src/mame/layout/sc1clbtma.lay...
Compressing src/mame/layout/sc1cl65.lay...
Compressing src/mame/layout/sc1bartk.lay...
Compressing src/mame/layout/sc1cwcl.lay...
Compressing src/mame/layout/sc1dblch.lay...
Compressing src/mame/layout/sc1sirb.lay...
Compressing src/mame/layout/sc1pwrl.lay...
Compressing src/mame/layout/sc1str4.lay...
Compressing src/mame/layout/sc1spct.lay...
Compressing src/mame/layout/sc2.lay...
Compressing src/mame/layout/sc2_dmd.lay...
Compressing src/mame/layout/sc2_vfd.lay...
Compressing src/mame/layout/sc2_vid.lay...
Compressing src/mame/layout/sc2casr2.lay...
Compressing src/mame/layout/sc2cpe.lay...
Compressing src/mame/layout/sc2copcl7.lay...
Compressing src/mame/layout/sc2cpg.lay...
Compressing src/mame/layout/sc2eggs1.lay...
Compressing src/mame/layout/sc2heypr.lay...
Compressing src/mame/layout/sc2prom.lay...
Compressing src/mame/layout/sc2in1.lay...
Compressing src/mame/layout/sc2prem2.lay...
Compressing src/mame/layout/sc2majes.lay...
Compressing src/mame/layout/sc2ptytm1.lay...
Compressing src/mame/layout/sc2suprz1.lay...
Compressing src/mame/layout/sc2town2.lay...
Compressing src/mame/layout/sc4acesh.lay...
Compressing src/mame/layout/sc4_dmd.lay...
Compressing src/mame/layout/sc4bantm.lay...
Compressing src/mame/layout/sc4bedcl.lay...
Compressing src/mame/layout/sc4blast.lay...
Compressing src/mame/layout/sc4blokq.lay...
Compressing src/mame/layout/sc4bobcl.lay...
Compressing src/mame/layout/sc4brollb.lay...
Compressing src/mame/layout/sc4cabin.lay...
Compressing src/mame/layout/sc4brksp.lay...
Compressing src/mame/layout/sc4canca.lay...
Compressing src/mame/layout/sc4captn.lay...
Compressing src/mame/layout/sc4carrya.lay...
Compressing src/mame/layout/sc4cariqd.lay...
Compressing src/mame/layout/sc4cashm.lay...
Compressing src/mame/layout/sc4cclasd.lay...
Compressing src/mame/layout/sc4cclim.lay...
Compressing src/mame/layout/sc4cfcas.lay...
Compressing src/mame/layout/sc4chainb.lay...
Compressing src/mame/layout/sc4chick.lay...
Compressing src/mame/layout/sc4chavy.lay...
Compressing src/mame/layout/sc4chuba.lay...
Compressing src/mame/layout/sc4clashd.lay...
Compressing src/mame/layout/sc4cmania.lay...
Compressing src/mame/layout/sc4clue.lay...
Compressing src/mame/layout/sc4cmous.lay...
Compressing src/mame/layout/sc4cnfr.lay...
Compressing src/mame/layout/sc4coro.lay...
Compressing src/mame/layout/sc4crc.lay...
Compressing src/mame/layout/sc4crcla.lay...
Compressing src/mame/layout/sc4crzgna.lay...
Compressing src/mame/layout/sc4crzkya.lay...
Compressing src/mame/layout/sc4cvclb.lay...
Compressing src/mame/layout/sc4dayltf.lay...
Compressing src/mame/layout/sc4cvanif.lay...
Compressing src/mame/layout/sc4derby.lay...
Compressing src/mame/layout/sc4deepi.lay...
Compressing src/mame/layout/sc4dmineb.lay...
Compressing src/mame/layout/sc4dnd.lay...
Compressing src/mame/layout/sc4dnddw.lay...
Compressing src/mame/layout/sc4dndtp.lay...
Compressing src/mame/layout/sc4drubyb.lay...
Compressing src/mame/layout/sc4duckqa.lay...
Compressing src/mame/layout/sc4dyna.lay...
Compressing src/mame/layout/sc4eascsc.lay...
Compressing src/mame/layout/sc4fastfb.lay...
Compressing src/mame/layout/sc4emmerc.lay...
Compressing src/mame/layout/sc4fd7tha.lay...
Compressing src/mame/layout/sc4fever.lay...
Compressing src/mame/layout/sc4fire.lay...
Compressing src/mame/layout/sc4ftopib.lay...
Compressing src/mame/layout/sc4fpitcb.lay...
Compressing src/mame/layout/sc4fullt.lay...
Compressing src/mame/layout/sc4fwpcs.lay...
Compressing src/mame/layout/sc4gball.lay...
Compressing src/mame/layout/sc4gaga.lay...
Compressing src/mame/layout/sc4gd.lay...
Compressing src/mame/layout/sc4gdclb.lay...
Compressing src/mame/layout/sc4gldcl.lay...
Compressing src/mame/layout/sc4ggdlxf.lay...
Compressing src/mame/layout/sc4gslam.lay...
Compressing src/mame/layout/sc4gx.lay...
Compressing src/mame/layout/sc4hdd.lay...
Compressing src/mame/layout/sc4hi5.lay...
Compressing src/mame/layout/sc4himi.lay...
Compressing src/mame/layout/sc4hilo.lay...
Compressing src/mame/layout/sc4hissa.lay...
Compressing src/mame/layout/sc4hotwd.lay...
Compressing src/mame/layout/sc4holyw.lay...
Compressing src/mame/layout/sc4hotpr.lay...
Compressing src/mame/layout/sc4hyde.lay...
Compressing src/mame/layout/sc4jack.lay...
Compressing src/mame/layout/sc4kalei.lay...
Compressing src/mame/layout/sc4knokb.lay...
Compressing src/mame/layout/sc4lined.lay...
Compressing src/mame/layout/sc4lions.lay...
Compressing src/mame/layout/sc4lirb.lay...
Compressing src/mame/layout/sc4lockb.lay...
Compressing src/mame/layout/sc4lkbcl.lay...
Compressing src/mame/layout/sc4mgr.lay...
Compressing src/mame/layout/sc4mmmg.lay...
Compressing src/mame/layout/sc4monoba.lay...
Compressing src/mame/layout/sc4mondxe.lay...
Compressing src/mame/layout/sc4monot.lay...
Compressing src/mame/layout/sc4mou.lay...
Compressing src/mame/layout/sc4motor.lay...
Compressing src/mame/layout/sc4mr2rc.lay...
Compressing src/mame/layout/sc4mtbb.lay...
Compressing src/mame/layout/sc4mspid.lay...
Compressing src/mame/layout/sc4mtbclb.lay...
Compressing src/mame/layout/sc4nmtj.lay...
Compressing src/mame/layout/sc4nudita.lay...
Compressing src/mame/layout/sc4paccl.lay...
Compressing src/mame/layout/sc4pacqpa.lay...
Compressing src/mame/layout/sc4pen1c.lay...
Compressing src/mame/layout/sc4pgold.lay...
Compressing src/mame/layout/sc4pipe.lay...
Compressing src/mame/layout/sc4plumb.lay...
Compressing src/mame/layout/sc4potsha.lay...
Compressing src/mame/layout/sc4polic.lay...
Compressing src/mame/layout/sc4pony.lay...
Compressing src/mame/layout/sc4po8.lay...
Compressing src/mame/layout/sc4ppclb.lay...
Compressing src/mame/layout/sc4pstata.lay...
Compressing src/mame/layout/sc4pwrbq.lay...
Compressing src/mame/layout/sc4pwrsg.lay...
Compressing src/mame/layout/sc4qmodo.lay...
Compressing src/mame/layout/sc4revod.lay...
Compressing src/mame/layout/sc4redsq.lay...
Compressing src/mame/layout/sc4quidrb.lay...
Compressing src/mame/layout/sc4rhxcsa.lay...
Compressing src/mame/layout/sc4rhxcl.lay...
Compressing src/mame/layout/sc4richl.lay...
Compressing src/mame/layout/sc4rmo.lay...
Compressing src/mame/layout/sc4rogds.lay...
Compressing src/mame/layout/sc4roksc.lay...
Compressing src/mame/layout/sc4rotc.lay...
Compressing src/mame/layout/sc4rtc.lay...
Compressing src/mame/layout/sc4rttt.lay...
Compressing src/mame/layout/sc4s6cd.lay...
Compressing src/mame/layout/sc4sahed.lay...
Compressing src/mame/layout/sc4sbust.lay...
Compressing src/mame/layout/sc4slci.lay...
Compressing src/mame/layout/sc4smk7.lay...
Compressing src/mame/layout/sc4slihd.lay...
Compressing src/mame/layout/sc4sparkd.lay...
Compressing src/mame/layout/sc4solgl.lay...
Compressing src/mame/layout/sc4sprng.lay...
Compressing src/mame/layout/sc4srrca.lay...
Compressing src/mame/layout/sc4starpk.lay...
Compressing src/mame/layout/sc4strk.lay...
Compressing src/mame/layout/sc4suscl.lay...
Compressing src/mame/layout/sc4susk.lay...
Compressing src/mame/layout/sc4takcl.lay...
Compressing src/mame/layout/sc4taekw.lay...
Compressing src/mame/layout/sc4tempt.lay...
Compressing src/mame/layout/sc4tbana.lay...
Compressing src/mame/layout/sc4tfclb.lay...
Compressing src/mame/layout/sc4tic2.lay...
Compressing src/mame/layout/sc4tload.lay...
Compressing src/mame/layout/sc4tpshta.lay...
Compressing src/mame/layout/sc4tridn.lay...
Compressing src/mame/layout/sc4trail.lay...
Compressing src/mame/layout/sc4ttomb.lay...
Compressing src/mame/layout/sc4vrgclb.lay...
Compressing src/mame/layout/sc4wldjkc.lay...
Compressing src/mame/layout/sc4xmarka.lay...
Compressing src/mame/layout/scat.lay...
Compressing src/mame/layout/scrablexa.lay...
Compressing src/mame/layout/scrablex.lay...
Compressing src/mame/layout/scrabsen.lay...
Compressing src/mame/layout/scruiser.lay...
Compressing src/mame/layout/sd1.lay...
Compressing src/mame/layout/sd132.lay...
Compressing src/mame/layout/sda5708.lay...
Compressing src/mame/layout/sderby.lay...
Compressing src/mame/layout/sdk85.lay...
Compressing src/mame/layout/sdk86.lay...
Compressing src/mame/layout/seabattl.lay...
Compressing src/mame/layout/seawolf.lay...
Compressing src/mame/layout/seawolf2.lay...
Compressing src/mame/layout/segaai.lay...
Compressing src/mame/layout/segabill.lay...
Compressing src/mame/layout/segabillv.lay...
Compressing src/mame/layout/segajw.lay...
Compressing src/mame/layout/selz80.lay...
Compressing src/mame/layout/sentx6p.lay...
Compressing src/mame/layout/sequential_prophet5.lay...
Compressing src/mame/layout/sequential_sixtrak.lay...
Compressing src/mame/layout/sevilla_77.lay...
Compressing src/mame/layout/setaroul.lay...
Compressing src/mame/layout/sevilla_81.lay...
Compressing src/mame/layout/sf2049.lay...
Compressing src/mame/layout/sfiii2.lay...
Compressing src/mame/layout/sfrush.lay...
Compressing src/mame/layout/sharkpy.lay...
Compressing src/mame/layout/sgsafari.lay...
Compressing src/mame/layout/sharkpye.lay...
Compressing src/mame/layout/showhand.lay...
Compressing src/mame/layout/showhandc.lay...
Compressing src/mame/layout/shuffle11.lay...
Compressing src/mame/layout/shuffle4.lay...
Compressing src/mame/layout/shuffle9.lay...
Compressing src/mame/layout/shuttlei.lay...
Compressing src/mame/layout/sidewndr.lay...
Compressing src/mame/layout/sigmab52.lay...
Compressing src/mame/layout/sigmapkr.lay...
Compressing src/mame/layout/simpbest.lay...
Compressing src/mame/layout/simon.lay...
Compressing src/mame/layout/sitcom.lay...
Compressing src/mame/layout/sitcomtmr.lay...
Compressing src/mame/layout/skillch.lay...
Compressing src/mame/layout/skill98.lay...
Compressing src/mame/layout/skillcha.lay...
Compressing src/mame/layout/skilldrp.lay...
Compressing src/mame/layout/skydiver.lay...
Compressing src/mame/layout/sltblgpo.lay...
Compressing src/mame/layout/slots.lay...
Compressing src/mame/layout/slc1.lay...
Compressing src/mame/layout/smastmind.lay...
Compressing src/mame/layout/sltblgtk.lay...
Compressing src/mame/layout/smiconk.lay...
Compressing src/mame/layout/sminiboy.lay...
Compressing src/mame/layout/smoto.lay...
Compressing src/mame/layout/sms1.lay...
Compressing src/mame/layout/snmath.lay...
Compressing src/mame/layout/snookr10.lay...
Compressing src/mame/layout/snowcat.lay...
Compressing src/mame/layout/snread.lay...
Compressing src/mame/layout/snspell.lay...
Compressing src/mame/layout/snspellsp.lay...
Compressing src/mame/layout/spacecom.lay...
Compressing src/mame/layout/solarq.lay...
Compressing src/mame/layout/spacezap.lay...
Compressing src/mame/layout/spacewin.lay...
Compressing src/mame/layout/spacwalk.lay...
Compressing src/mame/layout/spbactnp.lay...
Compressing src/mame/layout/spcenctr.lay...
Compressing src/mame/layout/spdheat.lay...
Compressing src/mame/layout/spectra.lay...
Compressing src/mame/layout/speechp.lay...
Compressing src/mame/layout/speedbal.lay...
Compressing src/mame/layout/speedbsk.lay...
Compressing src/mame/layout/speedfrk.lay...
Compressing src/mame/layout/speedrs.lay...
Compressing src/mame/layout/spellb.lay...
Compressing src/mame/layout/speedup.lay...
Compressing src/mame/layout/spirit76.lay...
Compressing src/mame/layout/splitsec.lay...
Compressing src/mame/layout/splasfgt.lay...
Compressing src/mame/layout/splus.lay...
Compressing src/mame/layout/sprinter.lay...
Compressing src/mame/layout/sprachmg.lay...
Compressing src/mame/layout/spyhunt.lay...
Compressing src/mame/layout/spyhunttec.lay...
Compressing src/mame/layout/sr16.lay...
Compressing src/mame/layout/ssimon.lay...
Compressing src/mame/layout/sspeedr.lay...
Compressing src/mame/layout/ssports4.lay...
Compressing src/mame/layout/st_mp100.lay...
Compressing src/mame/layout/sstrangr.lay...
Compressing src/mame/layout/st_mp200.lay...
Compressing src/mame/layout/starcas.lay...
Compressing src/mame/layout/stactics.lay...
Compressing src/mame/layout/stargame.lay...
Compressing src/mame/layout/starzan.lay...
Compressing src/mame/layout/starwbc.lay...
Compressing src/mame/layout/starwlb.lay...
Compressing src/mame/layout/stellafr.lay...
Compressing src/mame/layout/stepstag.lay...
Compressing src/mame/layout/stisub.lay...
Compressing src/mame/layout/stocker.lay...
Compressing src/mame/layout/stopthief.lay...
Compressing src/mame/layout/strobe.lay...
Compressing src/mame/layout/submar.lay...
Compressing src/mame/layout/subroc3d.lay...
Compressing src/mame/layout/summit.lay...
Compressing src/mame/layout/subwars.lay...
Compressing src/mame/layout/super80.lay...
Compressing src/mame/layout/sundance.lay...
Compressing src/mame/layout/superchs.lay...
Compressing src/mame/layout/superbug.lay...
Compressing src/mame/layout/svision.lay...
Compressing src/mame/layout/svmu.lay...
Compressing src/mame/layout/suprstar.lay...
Compressing src/mame/layout/swhr2.lay...
Compressing src/mame/layout/swhr2u.lay...
Compressing src/mame/layout/sz1.lay...
Compressing src/mame/layout/sym1.lay...
Compressing src/mame/layout/t1850.lay...
Compressing src/mame/layout/t3in1sa.lay...
Compressing src/mame/layout/tactix.lay...
Compressing src/mame/layout/t7in1ss.lay...
Compressing src/mame/layout/tailg.lay...
Compressing src/mame/layout/taito.lay...
Compressing src/mame/layout/talkingbb.lay...
Compressing src/mame/layout/tascr30.lay...
Compressing src/mame/layout/tarzan103m.lay...
Compressing src/mame/layout/tbreakup.lay...
Compressing src/mame/layout/tb303.lay...
Compressing src/mame/layout/tc4.lay...
Compressing src/mame/layout/tc7atc.lay...
Compressing src/mame/layout/tccombat.lay...
Compressing src/mame/layout/tceptor2.lay...
Compressing src/mame/layout/tcfball.lay...
Compressing src/mame/layout/tcfballa.lay...
Compressing src/mame/layout/tchess.lay...
Compressing src/mame/layout/tdv2100kbd.lay...
Compressing src/mame/layout/tdracula.lay...
Compressing src/mame/layout/tec1.lay...
Compressing src/mame/layout/teammate.lay...
Compressing src/mame/layout/techno.lay...
Compressing src/mame/layout/technodr.lay...
Compressing src/mame/layout/tecnbras.lay...
Compressing src/mame/layout/tenpindx.lay...
Compressing src/mame/layout/ti1250.lay...
Compressing src/mame/layout/teqsun.lay...
Compressing src/mame/layout/thayers.lay...
Compressing src/mame/layout/ti1270.lay...
Compressing src/mame/layout/ti1680.lay...
Compressing src/mame/layout/ti25502.lay...
Compressing src/mame/layout/ti5100.lay...
Compressing src/mame/layout/ti30.lay...
Compressing src/mame/layout/ti5200.lay...
Compressing src/mame/layout/ti95.lay...
Compressing src/mame/layout/ti74.lay...
Compressing src/mame/layout/timaze.lay...
Compressing src/mame/layout/timetrv.lay...
Compressing src/mame/layout/tinv2650.lay...
Compressing src/mame/layout/tisr16.lay...
Compressing src/mame/layout/tisub.lay...
Compressing src/mame/layout/tisubb.lay...
Compressing src/mame/layout/tk80.lay...
Compressing src/mame/layout/tithermos.lay...
Compressing src/mame/layout/tm990189.lay...
Compressing src/mame/layout/tm990189v.lay...
Compressing src/mame/layout/tmtennis.lay...
Compressing src/mame/layout/tmbaskb.lay...
Compressing src/mame/layout/tntell.lay...
Compressing src/mame/layout/tmvolleyb.lay...
Compressing src/mame/layout/toledo_83.lay...
Compressing src/mame/layout/tonypok.lay...
Compressing src/mame/layout/toledo_87.lay...
Compressing src/mame/layout/topgear.lay...
Compressing src/mame/layout/topracer.lay...
Compressing src/mame/layout/topspeed.lay...
Compressing src/mame/layout/toratora.lay...
Compressing src/mame/layout/touchme.lay...
Compressing src/mame/layout/toutangonl.lay...
Compressing src/mame/layout/tranz330.lay...
Compressing src/mame/layout/tripfev.lay...
Compressing src/mame/layout/tripslot.lay...
Compressing src/mame/layout/triton.lay...
Compressing src/mame/layout/trstrove.lay...
Compressing src/mame/layout/tritreat.lay...
Compressing src/mame/layout/trvmadns.lay...
Compressing src/mame/layout/ttfball.lay...
Compressing src/mame/layout/turbo.lay...
Compressing src/mame/layout/turbotag.lay...
Compressing src/mame/layout/tvochken.lay...
Compressing src/mame/layout/tx1.lay...
Compressing src/mame/layout/uboat.lay...
Compressing src/mame/layout/tx81z.lay...
Compressing src/mame/layout/ufo800.lay...
Compressing src/mame/layout/ufo21.lay...
Compressing src/mame/layout/ufoalac.lay...
Compressing src/mame/layout/ufomini.lay...
Compressing src/mame/layout/ufombs.lay...
Compressing src/mame/layout/unixpc.lay...
Compressing src/mame/layout/unkch.lay...
Compressing src/mame/layout/ut88mini.lay...
Compressing src/mame/layout/upndown.lay...
Compressing src/mame/layout/us2pfball.lay...
Compressing src/mame/layout/unkchx.lay...
Compressing src/mame/layout/v4addlad.lay...
Compressing src/mame/layout/v4barqst.lay...
Compressing src/mame/layout/v4dbltak.lay...
Compressing src/mame/layout/v4in1eg.lay...
Compressing src/mame/layout/v4psi.lay...
Compressing src/mame/layout/v4strike.lay...
Compressing src/mame/layout/vaportrx.lay...
Compressing src/mame/layout/vboy.lay...
Compressing src/mame/layout/vclock3.lay...
Compressing src/mame/layout/vd.lay...
Compressing src/mame/layout/vcs80.lay...
Compressing src/mame/layout/venicea5.lay...
Compressing src/mame/layout/vet3000.lay...
Compressing src/mame/layout/vfx.lay...
Compressing src/mame/layout/vfxsd.lay...
Compressing src/mame/layout/vgmplay.lay...
Compressing src/mame/layout/victor5.lay...
Compressing src/mame/layout/victor21.lay...
Compressing src/mame/layout/vidchal.lay...
Compressing src/mame/layout/video21.lay...
Compressing src/mame/layout/videoart.lay...
Compressing src/mame/layout/videocba.lay...
Compressing src/mame/layout/videodad.lay...
Compressing src/mame/layout/videopkr.lay...
Compressing src/mame/layout/videopin.lay...
Compressing src/mame/layout/videosaa.lay...
Compressing src/mame/layout/virusa.lay...
Compressing src/mame/layout/virusb.lay...
Compressing src/mame/layout/virusc.lay...
Compressing src/mame/layout/virusrck.lay...
Compressing src/mame/layout/viruscl.lay...
Compressing src/mame/layout/visnqust.lay...
Compressing src/mame/layout/virusrckxl.lay...
Compressing src/mame/layout/vk100.lay...
Compressing src/mame/layout/vjdash.lay...
Compressing src/mame/layout/votrpss.lay...
Compressing src/mame/layout/votrtnt.lay...
Compressing src/mame/layout/vpoker.lay...
Compressing src/mame/layout/vr.lay...
Compressing src/mame/layout/vt100.lay...
Compressing src/mame/layout/vsmile.lay...
Compressing src/mame/layout/wackygtr.lay...
Compressing src/mame/layout/wamazon.lay...
Compressing src/mame/layout/wamazona.lay...
Compressing src/mame/layout/warp1bl.lay...
Compressing src/mame/layout/warrior.lay...
Compressing src/mame/layout/wcat3.lay...
Compressing src/mame/layout/wcat3a.lay...
Compressing src/mame/layout/wecleman.lay...
Compressing src/mame/layout/wcougar.lay...
Compressing src/mame/layout/whousetc.lay...
Compressing src/mame/layout/wicat.lay...
Compressing src/mame/layout/wico.lay...
Compressing src/mame/layout/wildbill.lay...
Compressing src/mame/layout/wikwin.lay...
Compressing src/mame/layout/wildfire.lay...
Compressing src/mame/layout/wildone.lay...
Compressing src/mame/layout/winbingo.lay...
Compressing src/mame/layout/wizways.lay...
Compressing src/mame/layout/wldarrow.lay...
Compressing src/mame/layout/wnpost.lay...
Compressing src/mame/layout/wotw.lay...
Compressing src/mame/layout/wpc_an.lay...
Compressing src/mame/layout/wswan.lay...
Compressing src/mame/layout/wtigerc.lay...
Compressing src/mame/layout/x68000.lay...
Compressing src/mame/layout/xl25.lay...
Compressing src/mame/layout/yeno_301xl.lay...
Compressing src/mame/layout/yeno_416xl.lay...
Compressing src/mame/layout/yeno_532xl.lay...
Compressing src/mame/layout/yosakdon.lay...
Compressing src/mame/layout/yukongl5.lay...
Compressing src/mame/layout/z80clock.lay...
Compressing src/mame/layout/z80dev.lay...
Compressing src/mame/layout/z80ne.lay...
Compressing src/mame/layout/z80net.lay...
Compressing src/mame/layout/z80netb.lay...
Compressing src/mame/layout/zac_2.lay...
Compressing src/mame/layout/z80netf.lay...
Compressing src/mame/layout/zac_1.lay...
Compressing src/mame/layout/zac_proto.lay...
Compressing src/mame/layout/zapcomputer.lay...
Compressing src/mame/layout/zodiac.lay...
Compressing src/mame/layout/zoo.lay...
Compressing src/mame/layout/zoomer.lay...
Building configurations...
Running action 'gmake'...
Generating "build/projects/windows/mamevunit/gmake-mingw64-gcc/Makefile"
Generating "build/projects/windows/mamevunit/gmake-mingw64-gcc/qtdbg_windows.make"
Generating "build/projects/windows/mamevunit/gmake-mingw64-gcc/osd_windows.make"
Generating "build/projects/windows/mamevunit/gmake-mingw64-gcc/ocore_windows.make"
Generating "build/projects/windows/mamevunit/gmake-mingw64-gcc/utils.make"
Generating "build/projects/windows/mamevunit/gmake-mingw64-gcc/formats.make"
Generating "build/projects/windows/mamevunit/gmake-mingw64-gcc/expat.make"
Generating "build/projects/windows/mamevunit/gmake-mingw64-gcc/zlib.make"
Generating "build/projects/windows/mamevunit/gmake-mingw64-gcc/zstd.make"
Generating "build/projects/windows/mamevunit/gmake-mingw64-gcc/softfloat.make"
Generating "build/projects/windows/mamevunit/gmake-mingw64-gcc/softfloat3.make"
Generating "build/projects/windows/mamevunit/gmake-mingw64-gcc/jpeg.make"
Generating "build/projects/windows/mamevunit/gmake-mingw64-gcc/flac.make"
Generating "build/projects/windows/mamevunit/gmake-mingw64-gcc/7z.make"
Generating "build/projects/windows/mamevunit/gmake-mingw64-gcc/lua.make"
Generating "build/projects/windows/mamevunit/gmake-mingw64-gcc/lualibs.make"
Generating "build/projects/windows/mamevunit/gmake-mingw64-gcc/sqlite3.make"
Generating "build/projects/windows/mamevunit/gmake-mingw64-gcc/portmidi.make"
Generating "build/projects/windows/mamevunit/gmake-mingw64-gcc/bx.make"
Generating "build/projects/windows/mamevunit/gmake-mingw64-gcc/bimg.make"
Generating "build/projects/windows/mamevunit/gmake-mingw64-gcc/bgfx.make"
Generating "build/projects/windows/mamevunit/gmake-mingw64-gcc/portaudio.make"
Generating "build/projects/windows/mamevunit/gmake-mingw64-gcc/linenoise.make"
Generating "build/projects/windows/mamevunit/gmake-mingw64-gcc/utf8proc.make"
Generating "build/projects/windows/mamevunit/gmake-mingw64-gcc/wdlfft.make"
Generating "build/projects/windows/mamevunit/gmake-mingw64-gcc/ymfm.make"
Generating "build/projects/windows/mamevunit/gmake-mingw64-gcc/asmjit.make"
Generating "build/projects/windows/mamevunit/gmake-mingw64-gcc/emu.make"
Generating "build/projects/windows/mamevunit/gmake-mingw64-gcc/precompile.make"
Generating "build/projects/windows/mamevunit/gmake-mingw64-gcc/optional.make"
Generating "build/projects/windows/mamevunit/gmake-mingw64-gcc/dasm.make"
Generating "build/projects/windows/mamevunit/gmake-mingw64-gcc/frontend.make"
Generating "build/projects/windows/mamevunit/gmake-mingw64-gcc/mame_vunit.make"
Generating "build/projects/windows/mamevunit/gmake-mingw64-gcc/vunit.make"
Done. Generated 34/34 projects.
Creating ../../../../mingw-gcc/bin/x64/Release
Precompiling src/emu/emu.h...
In file included from ../../../../../src/emu/emu.h:62:
../../../../../src/emu/device.h:462:7: warning: defining 'device_t', which previously failed to be complete in a SFINAE context [-Wsfinae-incomplete=]
  462 | class device_t : public delegate_late_bind
      |       ^~~~~~~~
In file included from ../../../../../src/emu/emufwd.h:19,
                 from ../../../../../src/emu/emu.h:22:
E:/msys64/mingw64/include/c++/16.2.0/type_traits:1355:50: note: here.  Use '-Wsfinae-incomplete=2' for a diagnostic at that point
 1355 |     using __is_assignable_impl = __bool_constant<__is_assignable(_Tp, _Up)>;
      |                                                  ^~~~~~~~~~~~~~~~~~~~~~~~~
Compiling src/emu/drivers/empty.cpp...
Archiving libprecompile.a...
Compiling 3rdparty/bimg/3rdparty/tinyexr/deps/miniz/miniz.c...
Creating ../../../../mingw-gcc/bin/x64/Release/mame_vunit
Compiling 3rdparty/lzma/C/7zAlloc.c...
Compiling 3rdparty/expat/lib/xmlparse.c...
Compiling 3rdparty/bimg/3rdparty/astc-encoder/source/astcenc_averages_and_directions.cpp...
Compiling 3rdparty/bx/src/bx.cpp...
Compiling 3rdparty/bgfx/3rdparty/dear-imgui/imgui.cpp...
Compiling 3rdparty/bx/src/allocator.cpp...
Compiling 3rdparty/lzma/C/7zArcIn.c...
Compiling src/lib/formats/86f_dsk.cpp...
Compiling 3rdparty/flac/src/libFLAC/bitmath.c...
Compiling 3rdparty/linenoise/linenoise.c...
Compiling 3rdparty/libjpeg/jaricom.c...
Compiling 3rdparty/asmjit/src/asmjit/arm/a64assembler.cpp...
Compiling 3rdparty/lua/src/lapi.c...
Compiling 3rdparty/bimg/3rdparty/astc-encoder/source/astcenc_block_sizes.cpp...
Compiling src/frontend/mame/audit.cpp...
Compiling 3rdparty/bx/src/commandline.cpp...
Compiling 3rdparty/libjpeg/jcapimin.c...
Compiling 3rdparty/lsqlite3/lsqlite3.c...
Compiling src/emu/addrmap.cpp...
Compiling src/lib/formats/all.cpp...
Compiling 3rdparty/lua/src/lauxlib.c...
../../../../../3rdparty/lsqlite3/lsqlite3.c: In function 'void db_update_hook_callback(void*, int, const char*, const char*, sqlite3_int64)':
../../../../../3rdparty/lsqlite3/lsqlite3.c:1320:16: warning: unused variable 'n' [-Wunused-variable]
 1320 |     lua_Number n;
      |                ^
Compiling 3rdparty/bx/src/crtnone.cpp...
Compiling 3rdparty/lzma/C/7zBuf.c...
Compiling 3rdparty/libjpeg/jcapistd.c...
Compiling src/mame/midway/midvunit.cpp...
Compiling 3rdparty/expat/lib/xmlrole.c...
Compiling 3rdparty/flac/src/libFLAC/bitreader.c...
Compiling src/devices/cpu/adsp2100/2100dasm.cpp...
../../../../../3rdparty/linenoise/linenoise.c: In function 'linenoiseColumns':
../../../../../3rdparty/linenoise/linenoise.c:1843:19: warning: 'current.cols' may be used uninitialized [-Wmaybe-uninitialized]
 1843 |     return current.cols;
      |            ~~~~~~~^~~~~
../../../../../3rdparty/linenoise/linenoise.c:1838:20: note: 'current.cols' was declared here
 1838 |     struct current current;
      |                    ^~~~~~~
Compiling 3rdparty/lzma/C/7zBuf2.c...
Compiling 3rdparty/libjpeg/jcarith.c...
Compiling 3rdparty/linenoise/stringbuf.c...
Compiling 3rdparty/lua-linenoise/linenoise.c...
Compiling 3rdparty/lua/src/lbaselib.c...
Compiling 3rdparty/bx/src/debug.cpp...
Compiling src/lib/formats/cassimg.cpp...
Compiling 3rdparty/lzma/C/7zCrc.c...
Compiling 3rdparty/linenoise/utf8.c...
Compiling 3rdparty/lua/src/lcode.c...
Compiling 3rdparty/lua-zlib/lua_zlib.c...
Compiling 3rdparty/libjpeg/jccoefct.c...
Compiling src/frontend/mame/cheat.cpp...
Compiling 3rdparty/bx/src/dtoa.cpp...
Compiling 3rdparty/lua/src/lcorolib.c...
Compiling 3rdparty/lzma/C/7zCrcOpt.c...
Compiling 3rdparty/lua/src/lctype.c...
Archiving liblinenoise.a...
In file included from ../../../../../src/emu/emu.h:62,
                 from ../../../../../src/mame/midway/midvunit.cpp:25:
../../../../../src/emu/device.h:462:7: warning: defining 'device_t', which previously failed to be complete in a SFINAE context [-Wsfinae-incomplete=]
  462 | class device_t : public delegate_late_bind
      |       ^~~~~~~~
In file included from ../../../../../src/emu/emufwd.h:19,
                 from ../../../../../src/emu/emu.h:22:
E:/msys64/mingw64/include/c++/16.2.0/type_traits:1355:50: note: here.  Use '-Wsfinae-incomplete=2' for a diagnostic at that point
 1355 |     using __is_assignable_impl = __bool_constant<__is_assignable(_Tp, _Up)>;
      |                                                  ^~~~~~~~~~~~~~~~~~~~~~~~~
Compiling 3rdparty/luafilesystem/src/lfs.c...
Compiling 3rdparty/expat/lib/xmltok.c...
Compiling 3rdparty/bimg/3rdparty/astc-encoder/source/astcenc_color_quantize.cpp...
Compiling 3rdparty/libjpeg/jccolor.c...
Compiling 3rdparty/lzma/C/7zDec.c...
Compiling 3rdparty/flac/src/libFLAC/bitwriter.c...
Compiling src/devices/cpu/fr/frdasm.cpp...
Compiling 3rdparty/bgfx/3rdparty/dear-imgui/imgui_draw.cpp...
Compiling 3rdparty/bx/src/easing.cpp...
Compiling src/lib/formats/cqm_dsk.cpp...
Compiling 3rdparty/lua/src/ldblib.c...
Compiling src/emu/attotime.cpp...
Compiling 3rdparty/libjpeg/jcdctmgr.c...
Compiling 3rdparty/bgfx/3rdparty/dear-imgui/imgui_tables.cpp...
Compiling src/lib/formats/d88_dsk.cpp...
Compiling 3rdparty/lzma/C/7zFile.c...
Compiling 3rdparty/lua/src/ldebug.c...
Compiling 3rdparty/bx/src/file.cpp...
Compiling 3rdparty/asmjit/src/asmjit/arm/a64builder.cpp...
Compiling 3rdparty/lua/src/ldo.c...
Compiling 3rdparty/libjpeg/jchuff.c...
Compiling src/devices/cpu/m6800/6800dasm.cpp...
Compiling src/emu/audio_effects/aeffect.cpp...
Compiling src/lib/formats/dfi_dsk.cpp...
Compiling 3rdparty/bimg/3rdparty/astc-encoder/source/astcenc_color_unquantize.cpp...
Compiling 3rdparty/flac/src/libFLAC/cpu.c...
Archiving liblualibs.a...
Compiling 3rdparty/lzma/C/7zStream.c...
Compiling 3rdparty/lua/src/ldump.c...
Compiling 3rdparty/lua/src/lfunc.c...
Compiling src/devices/cpu/m6809/6x09dasm.cpp...
Compiling 3rdparty/lzma/C/Aes.c...
Compiling 3rdparty/libjpeg/jcinit.c...
Compiling src/devices/cpu/mc68hc11/hc11dasm.cpp...
Compiling 3rdparty/asmjit/src/asmjit/arm/a64compiler.cpp...
Compiling 3rdparty/lzma/C/AesOpt.c...
Compiling 3rdparty/lua/src/lgc.c...
Compiling src/emu/audio_effects/compressor.cpp...
Compiling src/frontend/mame/clifront.cpp...
Compiling 3rdparty/libjpeg/jcmainct.c...
Compiling src/lib/formats/dsk_dsk.cpp...
Compiling src/emu/audio_effects/eq.cpp...
Compiling 3rdparty/bimg/3rdparty/astc-encoder/source/astcenc_compress_symbolic.cpp...
Compiling 3rdparty/flac/src/libFLAC/crc.c...
Compiling 3rdparty/bx/src/filepath.cpp...
Compiling 3rdparty/libjpeg/jcmarker.c...
Compiling 3rdparty/lzma/C/Alloc.c...
Compiling src/devices/cpu/mcs51/mcs51dasm.cpp...
Compiling 3rdparty/lua/src/linit.c...
Archiving libexpat.a...
Compiling src/lib/formats/fdi_dsk.cpp...
Compiling 3rdparty/flac/src/libFLAC/fixed.c...
Compiling src/mame/midway/midvunit_v.cpp...
Compiling src/devices/cpu/pic16c5x/16c5xdsm.cpp...
Compiling 3rdparty/lua/src/liolib.c...
Compiling 3rdparty/flac/src/libFLAC/fixed_intrin_avx2.c...
Compiling 3rdparty/asmjit/src/asmjit/arm/a64emithelper.cpp...
Compiling 3rdparty/bx/src/hash.cpp...
Compiling 3rdparty/libjpeg/jcmaster.c...
Compiling src/emu/audio_effects/filter.cpp...
Compiling 3rdparty/flac/src/libFLAC/fixed_intrin_sse2.c...
Compiling 3rdparty/lua/src/llex.c...
Compiling 3rdparty/lzma/C/Bcj2.c...
Compiling 3rdparty/lzma/C/Bra.c...
Compiling 3rdparty/asmjit/src/asmjit/arm/a64formatter.cpp...
Compiling src/lib/formats/flacfile.cpp...
Compiling 3rdparty/flac/src/libFLAC/fixed_intrin_sse42.c...
Compiling 3rdparty/bx/src/math.cpp...
Compiling 3rdparty/bimg/3rdparty/astc-encoder/source/astcenc_compute_variance.cpp...
Compiling 3rdparty/libjpeg/jcomapi.c...
Compiling 3rdparty/lzma/C/Bra86.c...
Compiling src/emu/audio_effects/reverb.cpp...
Compiling 3rdparty/lua/src/lmathlib.c...
Compiling 3rdparty/bimg/3rdparty/astc-encoder/source/astcenc_decompress_symbolic.cpp...
Compiling src/lib/formats/flopimg.cpp...
Compiling src/devices/cpu/tms320c3x/tms320c3x_dasm.cpp...
Compiling 3rdparty/libjpeg/jcparam.c...
Compiling 3rdparty/lzma/C/BraIA64.c...
Compiling src/lib/formats/flopimg_legacy.cpp...
Compiling 3rdparty/bx/src/mutex.cpp...
Compiling src/devices/cpu/tms34010/34010dsm.cpp...
In file included from ../../../../../src/emu/emu.h:62,
                 from ../../../../../src/mame/midway/midvunit_v.cpp:9:
../../../../../src/emu/device.h:462:7: warning: defining 'device_t', which previously failed to be complete in a SFINAE context [-Wsfinae-incomplete=]
  462 | class device_t : public delegate_late_bind
      |       ^~~~~~~~
In file included from ../../../../../src/emu/emufwd.h:19,
                 from ../../../../../src/emu/emu.h:22:
E:/msys64/mingw64/include/c++/16.2.0/type_traits:1355:50: note: here.  Use '-Wsfinae-incomplete=2' for a diagnostic at that point
 1355 |     using __is_assignable_impl = __bool_constant<__is_assignable(_Tp, _Up)>;
      |                                                  ^~~~~~~~~~~~~~~~~~~~~~~~~
Compiling 3rdparty/lua/src/lmem.c...
Compiling src/mame/midway/midwayic.cpp...
Compiling 3rdparty/flac/src/libFLAC/fixed_intrin_ssse3.c...
Compiling 3rdparty/lzma/C/CpuArch.c...
Compiling 3rdparty/bx/src/os.cpp...
Compiling 3rdparty/libjpeg/jcprepct.c...
Compiling 3rdparty/lua/src/loadlib.c...
Compiling 3rdparty/asmjit/src/asmjit/arm/a64func.cpp...
Compiling src/frontend/mame/infoxml.cpp...
Compiling 3rdparty/flac/src/libFLAC/float.c...
Compiling 3rdparty/libjpeg/jcsample.c...
Compiling src/mame/shared/cage.cpp...
Compiling 3rdparty/bx/src/process.cpp...
Compiling 3rdparty/bimg/3rdparty/astc-encoder/source/astcenc_diagnostic_trace.cpp...
Compiling 3rdparty/lzma/C/Delta.c...
Compiling 3rdparty/bimg/3rdparty/astc-encoder/source/astcenc_entry.cpp...
Compiling 3rdparty/libjpeg/jctrans.c...
Compiling 3rdparty/flac/src/libFLAC/format.c...
Compiling src/emu/bookkeeping.cpp...
Archiving libdasm.a...
Compiling 3rdparty/bimg/3rdparty/astc-encoder/source/astcenc_find_best_partitioning.cpp...
In file included from ../../../../../src/emu/emu.h:62,
                 from ../../../../../src/mame/midway/midwayic.cpp:9:
../../../../../src/emu/device.h:462:7: warning: defining 'device_t', which previously failed to be complete in a SFINAE context [-Wsfinae-incomplete=]
  462 | class device_t : public delegate_late_bind
      |       ^~~~~~~~
In file included from ../../../../../src/emu/emufwd.h:19,
                 from ../../../../../src/emu/emu.h:22:
E:/msys64/mingw64/include/c++/16.2.0/type_traits:1355:50: note: here.  Use '-Wsfinae-incomplete=2' for a diagnostic at that point
 1355 |     using __is_assignable_impl = __bool_constant<__is_assignable(_Tp, _Up)>;
      |                                                  ^~~~~~~~~~~~~~~~~~~~~~~~~
Compiling 3rdparty/bx/src/semaphore.cpp...
Compiling 3rdparty/asmjit/src/asmjit/arm/a64instapi.cpp...
Compiling 3rdparty/lzma/C/LzFind.c...
Compiling 3rdparty/libjpeg/jdapimin.c...
Compiling 3rdparty/bimg/3rdparty/astc-encoder/source/astcenc_ideal_endpoints_and_weights.cpp...
Compiling 3rdparty/lua/src/lobject.c...
Compiling src/mame/shared/dcs.cpp...
Compiling 3rdparty/bimg/3rdparty/astc-encoder/source/astcenc_image.cpp...
In file included from ../../../../../src/emu/emu.h:62,
                 from ../../../../../src/mame/shared/cage.cpp:83:
../../../../../src/emu/device.h:462:7: warning: defining 'device_t', which previously failed to be complete in a SFINAE context [-Wsfinae-incomplete=]
  462 | class device_t : public delegate_late_bind
      |       ^~~~~~~~
In file included from ../../../../../src/emu/emufwd.h:19,
                 from ../../../../../src/emu/emu.h:22:
E:/msys64/mingw64/include/c++/16.2.0/type_traits:1355:50: note: here.  Use '-Wsfinae-incomplete=2' for a diagnostic at that point
 1355 |     using __is_assignable_impl = __bool_constant<__is_assignable(_Tp, _Up)>;
      |                                                  ^~~~~~~~~~~~~~~~~~~~~~~~~
Compiling 3rdparty/libjpeg/jdapistd.c...
Compiling src/emu/config.cpp...
Compiling src/lib/formats/fs_unformatted.cpp...
Compiling 3rdparty/flac/src/libFLAC/lpc.c...
Compiling 3rdparty/lua/src/lopcodes.c...
Compiling 3rdparty/bx/src/settings.cpp...
Compiling src/mame/shared/williamssound.cpp...
Compiling 3rdparty/bgfx/3rdparty/dear-imgui/imgui_widgets.cpp...
Compiling 3rdparty/lzma/C/LzFindOpt.c...
Compiling 3rdparty/lua/src/loslib.c...
Compiling 3rdparty/libjpeg/jdarith.c...
Compiling src/emu/crsshair.cpp...
Compiling 3rdparty/asmjit/src/asmjit/arm/a64instdb.cpp...
Compiling 3rdparty/lua/src/lparser.c...
In file included from ../../../../../src/emu/emu.h:62,
                 from ../../../../../src/mame/shared/dcs.cpp:155:
../../../../../src/emu/device.h:462:7: warning: defining 'device_t', which previously failed to be complete in a SFINAE context [-Wsfinae-incomplete=]
  462 | class device_t : public delegate_late_bind
      |       ^~~~~~~~
In file included from ../../../../../src/emu/emufwd.h:19,
                 from ../../../../../src/emu/emu.h:22:
E:/msys64/mingw64/include/c++/16.2.0/type_traits:1355:50: note: here.  Use '-Wsfinae-incomplete=2' for a diagnostic at that point
 1355 |     using __is_assignable_impl = __bool_constant<__is_assignable(_Tp, _Up)>;
      |                                                  ^~~~~~~~~~~~~~~~~~~~~~~~~
Compiling 3rdparty/bx/src/sort.cpp...
Compiling src/emu/debug/debugbuf.cpp...
Compiling 3rdparty/lzma/C/Lzma2Dec.c...
Compiling 3rdparty/lzma/C/LzmaDec.c...
Compiling 3rdparty/lua/src/lstate.c...
