scene,frame,generation,pages,palettes,bytes,hash,stage_us,encode_us,queue_us,commit_us
2112,3501,1,4096,6,16799888,036316ae6098f1fa,23238.500,9018.500,1001.000,21099.700
2113,3502,2,3,6,18588,20027663fcbd863f,1324.300,5.400,11.700,11.400
2114,3503,3,3,6,18588,79f92d81e5cf2ba8,1232.500,4.600,9.300,12.000
2115,3504,4,3,6,18588,bf1718d956283871,1247.700,5.100,9.800,11.300
2116,3505,5,3,6,18588,b24842c0fdfb55ae,1236.300,5.300,9.600,11.800
2117,3506,6,3,6,18588,f4f3e60e04003aed,1300.900,5.900,11.400,11.600
2118,3507,7,3,6,18588,5aaf1002751accf7,1732.100,5.100,10.900,11.800
2119,3508,8,3,6,18588,d533144cbdc03db4,1303.400,5.400,10.400,11.300
2120,3509,9,3,7,19620,a353428549d43903,1253.300,6.100,10.800,11.400
2121,3510,10,3,6,18588,0c791df796e26c21,1210.200,4.400,10.400,11.500
2122,3512,11,3,6,18588,ab66c0182d488934,1220.100,5.200,9.700,11.500
2123,3513,12,3,6,18588,0374ddd735e2bbcb,1236.600,5.500,9.700,12.000
2124,3514,13,3,6,18588,6331d7c241b903bd,1217.800,5.000,9.400,11.200
2125,3515,14,3,6,18588,0bfdb813078f9da8,1251.000,5.400,9.400,12.100
2126,3516,15,3,6,18588,2a1910caf8c7bbf2,1644.500,5.700,12.000,11.600
2127,3517,16,3,7,19620,4651091382f27ee0,1363.000,6.400,10.400,11.700
2128,3518,17,3,6,18588,471f219f48c642fa,1333.600,4.300,11.800,11.400
2129,3519,18,3,5,17556,8ed3abf422c18919,1260.800,5.300,9.500,11.900
2130,3520,19,3,5,17556,9fd394eb479a8f62,1447.700,4.900,9.800,11.800
2131,3521,20,3,5,17556,de5654a7d145e9c2,1905.800,7.800,11.500,12.200
2132,3522,21,3,4,16524,3daf215794d23a08,1217.700,5.700,9.100,11.400
2133,3523,22,3,3,15492,ce482b4cc3e741fa,1225.500,4.000,9.800,11.500
2134,3524,23,3,2,14460,728d0c06456d21dc,1232.600,4.300,9.600,11.600
2135,3525,24,3,2,14460,3aede842f8ac66ea,1258.600,4.600,9.800,11.600
2136,3526,25,3,2,14460,a072b766141503fe,1254.000,6.100,10.300,12.200
2137,3527,26,3,2,14460,cccc80a8012f2ca5,1331.000,5.600,10.900,11.700
2138,3528,27,3,2,14460,a5ffa8a7c5d0c36d,1984.300,6.100,13.100,11.800
2139,3529,28,3,2,14460,7677570d3057ed54,1273.400,4.000,10.000,11.700
2140,3530,29,3,2,14460,f92eb28126c490f6,1228.300,4.800,9.900,11.400
2141,3531,30,3,2,14460,2733c895a1b29862,1284.100,5.800,9.400,11.600
2142,3532,31,3,2,14460,d39d5dad4bbf93aa,1316.100,3.800,9.200,11.400
2143,3533,32,3,3,15492,5434e9eb4e8239ca,1372.500,5.200,9.500,11.700
2144,3534,33,3,3,15492,382e16dde06f17f6,1664.600,4.900,10.400,12.200
2145,3535,34,3,3,15492,57cba875ca4e49a4,1259.000,3.600,10.000,11.500
2146,3536,35,3,2,14460,228150f39e07d2e3,1228.800,4.700,10.600,11.400
2147,3537,36,3,2,14460,84b884e5cec89c39,1318.200,4.800,8.400,11.900
2148,3538,37,3,1,13428,21ba231c14e8e9b0,1315.000,3.900,9.600,11.400
2149,3539,38,3,1,13428,11121224a985655f,1228.500,4.400,10.000,11.300
2150,3540,39,3,1,13428,c203f9a64f4665a1,1319.800,4.900,9.800,11.600
2151,3542,40,3,2,14460,0947db6512e8daf1,1739.500,6.000,13.600,12.000
2152,3543,41,3,2,14460,d37326a963392cec,1333.000,5.400,12.600,11.700
2153,3544,42,3,2,14460,0a5e280d58a49eb8,1365.000,7.100,11.100,11.800
2154,3545,43,3,2,14460,155cea9a419f677a,1751.100,5.600,11.600,11.800
2155,3546,44,3,2,14460,8017b8f960ccbc06,1274.000,22.000,9.700,11.300
2156,3547,45,3,2,14460,e4ed3bc93a4203df,1560.300,4.200,11.800,12.100
2157,3548,46,3,3,15492,0b82cdcbf8deede5,1418.100,4.400,9.900,11.400
2158,3549,47,3,3,15492,856d3b1f11a937f0,1375.400,4.600,9.400,11.800
2159,3550,48,3,4,16524,4f247379308e18d6,1291.000,6.200,10.400,11.400
2160,3551,49,3,2,14460,2b03f3d0f871f04c,1228.600,3.900,9.200,11.600
2161,3552,50,3,1,13428,5e0896482651a0a5,1229.600,4.200,8.800,11.600
2162,3553,51,3,1,13428,71fa0e3879000737,1595.000,6.100,9.800,11.800
2163,3554,52,3,2,14460,8e09d2f5819ec293,1833.700,7.800,13.600,12.200
2164,3555,53,3,2,14460,efd1072ea4fe26a2,1294.500,4.600,9.900,11.500
2165,3556,54,3,4,16524,345335e90b75436a,1221.900,4.800,9.900,18.600
2166,3557,55,3,5,17556,1629a12b57ebac16,1308.000,6.500,10.500,11.500
2167,3558,56,3,6,18588,ab04ed51dca6ff34,1232.600,4.900,10.000,11.500
2168,3559,57,3,7,19620,4d452dd3fcbadd54,1240.800,5.200,10.200,11.200
2169,3560,58,3,6,18588,b6375ceb4065eed3,1468.200,5.400,10.400,11.900
2170,3561,59,3,6,18588,0baf255b70b79340,1262.500,6.000,10.700,11.800
2171,3562,60,3,6,18588,87267471aa5967bf,1239.500,5.100,10.500,11.800
2172,3563,61,3,7,19620,de76148e8be68cc8,1287.100,6.900,10.600,11.700
2173,3564,62,3,6,18588,a52c1cd6b0f7289b,1223.200,5.900,9.400,11.300
2174,3565,63,3,5,17556,d1a17157dc7e4c76,1442.300,5.900,10.900,11.700
2175,3567,64,3,6,18588,dd28f1ea16239825,1357.800,6.700,9.900,11.700
2176,3568,65,3,6,18588,35f084151cf1fc3f,1301.600,5.200,11.100,11.500
2177,3569,66,3,6,18588,a7cdd5c10476c455,1234.900,5.000,9.400,11.900
2178,3570,67,3,4,16524,1b53f60f7e1e703f,1252.700,4.600,9.100,12.100
2179,3571,68,3,5,17556,e4ac4964744b3e93,1866.800,6.500,11.400,11.600
2180,3572,69,3,6,18588,e67829eb6816c4a5,1246.600,6.000,10.500,11.800
2181,3573,70,3,8,20652,aa81c1860a2251b7,1309.700,6.600,10.600,11.200
2182,3574,71,3,8,20652,2a111bf873445d9c,1298.800,5.000,9.300,12.100
2183,3575,72,3,8,20652,55f5b1e0e9018bb6,1224.800,5.600,9.200,11.400
2184,3576,73,3,9,21684,a1617fdd9c07ce27,1253.600,6.600,10.200,11.500
2185,3577,74,3,9,21684,c55a6dd16aca0c75,1692.100,7.500,11.000,12.600
2186,3578,75,3,9,21684,93ba23416313f236,1252.000,7.400,10.800,11.700
2187,3579,76,3,10,22716,34773ea8c3577c16,1690.500,8.500,11.700,12.700
2188,3580,77,3,10,22716,6431348f7d9ee7a1,1459.300,9.200,10.000,12.100
2189,3581,78,3,11,23748,da784f6472e7f1f3,1249.300,6.700,9.900,11.800
2190,3582,79,3,11,23748,bbdde9dc47916de1,1476.400,6.900,10.300,12.400
2191,3583,80,3,12,24780,98e781fa6a176aa7,1230.700,5.700,9.800,11.400
2192,3584,81,3,14,26844,2b1cde0bd79be280,1302.000,7.200,13.200,11.300
2193,3585,82,3,17,29940,8b7867d848ee18db,1297.300,9.000,9.200,11.500
2194,3586,83,3,14,26844,34c51c4b2bf0e99d,1247.000,7.700,9.800,11.300
2195,3587,84,3,13,25812,6964f4fb1b655c7d,1584.000,8.100,11.200,11.500
2196,3588,85,3,12,24780,8af2c2011a66914e,1268.800,8.100,11.000,12.100
2197,3589,86,3,12,24780,0c82c7831bdc99ac,1252.900,8.300,9.500,11.600
2198,3590,87,3,13,25812,9910974c32bd1a44,1314.000,8.600,10.900,11.400
2199,3591,88,3,10,22716,ee93ff2ae55ac641,1590.600,7.800,11.400,12.500
2200,3592,89,3,7,19620,fef8a952c6f1ae96,1272.300,6.400,9.900,11.700
2201,3593,90,3,7,19620,da58367380cf3bcd,1269.100,28.200,25.100,11.600
2202,3594,91,3,5,17556,902581729f54215d,1241.400,5.800,10.500,11.300
2203,3595,92,3,5,17556,9ebf89a629b1174f,1297.200,6.000,11.100,12.000
2204,3596,93,3,5,17556,eaa2632c11264ddc,1350.500,4.800,10.700,11.400
2205,3597,94,3,3,15492,e6e1660feaf1c41b,1398.400,6.100,9.900,12.300
2206,3598,95,3,5,17556,43ce6a94bc5c9a4c,1317.800,4.500,9.500,11.500
2207,3599,96,3,5,17556,179bfc886f50729c,1353.600,5.900,11.300,11.600
2208,3600,97,3,7,19620,f6899a2988adc094,1729.900,6.500,10.800,11.500
2209,3601,98,3,5,17556,0f19fd15abe9fd2b,1435.500,4.500,11.400,11.500
2210,3602,99,3,4,16524,161e31be197f826a,1354.600,4.900,11.600,11.600
2211,3603,100,3,5,17556,de09509bfa3b1ce3,1445.600,6.500,11.500,11.600
2212,3604,101,3,5,17556,edeb63b8bcfb542a,2332.900,7.900,14.000,12.100
2213,3605,102,3,4,16524,6a3d1f47b09f2231,1264.600,5.500,9.100,11.500
2214,3606,103,3,5,17556,e4c89213df2dc794,1390.300,5.900,9.600,11.800
2215,3607,104,3,6,18588,dfd5e2e48d581dd1,1693.100,9.100,12.800,11.800
2216,3608,105,3,4,16524,98783000c5db4d75,1588.800,3.900,10.100,11.400
2217,3609,106,3,4,16524,dc1603b66baec784,1233.700,5.800,9.700,11.800
2218,3610,107,3,4,16524,2146386234050224,1242.400,4.300,9.400,11.300
2219,3611,108,3,5,17556,b5f8940a06d5585d,1372.800,5.200,10.300,12.500
2220,3612,109,3,4,16524,e124cbed4671a955,1315.200,5.000,10.800,11.400
2221,3613,110,3,4,16524,89a1597392639a36,1668.000,6.500,10.600,11.600
2222,3614,111,3,4,16524,7cb3009a550416ac,1234.300,5.200,8.900,11.500
2223,3615,112,3,4,16524,9de25fa323a41207,1229.900,4.700,9.500,12.000
2224,3616,113,3,4,16524,231e77450318eec1,1239.900,5.200,9.900,12.000
2225,3617,114,3,4,16524,4551dc1b3fa6d80f,1260.800,5.300,10.400,12.000
2226,3618,115,3,4,16524,91a9c9449b96427f,1715.900,5.900,10.200,11.700
2227,3619,116,3,4,16524,cc11f8ef7fafa0d9,1240.800,5.100,9.100,12.200
2228,3620,117,3,4,16524,4a186490ab878ed8,1280.400,4.300,9.600,11.600
2229,3621,118,3,4,16524,1038839ba23941c9,1477.300,6.300,10.800,11.500
2230,3622,119,3,5,17556,a38b6b3b34fb2c4c,1395.600,6.900,11.200,11.500
2231,3623,120,3,4,16524,08c110a099004584,1230.100,5.100,9.800,11.400
2232,3624,121,3,4,16524,5cd6dc59be841a9f,1268.100,6.100,9.000,11.400
2233,3625,122,3,5,17556,39fcdd0f9d69a450,1223.700,5.400,9.100,11.300
2234,3626,123,3,5,17556,f779c59ea780527d,1399.400,5.600,11.100,11.400
2235,3627,124,3,5,17556,253b4d602c053924,1322.200,4.800,10.100,12.300
2236,3628,125,3,5,17556,d42b27690278839c,1504.700,5.500,10.700,11.600
2237,3629,126,3,5,17556,d2e701a5110e2560,1513.600,5.300,10.400,11.900
2238,3630,127,3,5,17556,dcd8cf9b9c6b19bb,1225.800,4.000,9.600,11.900
2239,3631,128,3,5,17556,e346a8476e4c1ca8,1437.300,4.700,10.600,11.800
2240,3632,129,3,4,16524,daa3d0e2dd2be604,1233.800,4.400,9.300,11.600
2241,3633,130,3,4,16524,c800796d755b5003,1388.200,5.500,10.400,11.800
2242,3634,131,3,5,17556,ecf48e3fda3ed3ac,1509.100,6.600,10.300,12.000
2243,3635,132,3,5,17556,00b61ffb5ac52e8c,1237.800,6.200,9.200,11.500
2244,3636,133,3,5,17556,4692a3949d8134b6,1409.800,7.900,10.600,11.600
2245,3637,134,3,5,17556,332e25ed6ff46384,1267.400,5.300,9.200,11.300
2246,3638,135,3,5,17556,d916c8a8c9cf02e2,1245.800,6.200,10.300,11.400
2247,3639,136,3,5,17556,43090750e0df1d2a,1285.100,7.000,10.100,12.200
2248,3640,137,3,5,17556,be575f24dd195b8b,1708.900,7.400,12.200,12.700
2249,3641,138,3,5,17556,f2305e4a32002471,1304.300,5.200,10.200,12.200
2250,3642,139,3,5,17556,8dd0f4fc53453a69,1215.500,4.500,9.600,12.000
2251,3643,140,3,5,17556,a0a3d7feba7e1798,1236.200,4.600,10.400,11.600
2252,3644,141,3,5,17556,75c8e81099812779,1230.200,8.300,9.200,16.800
2253,3645,142,3,5,17556,37b1c23a9de1744d,1761.300,5.700,10.300,12.100
2254,3646,143,3,5,17556,ad27d7e0b3e54650,1232.700,5.600,10.100,11.500
2255,3647,144,3,5,17556,3549e7cef56b9d80,1324.200,5.600,9.700,12.400
2256,3648,145,3,5,17556,133e2855f594ed62,1285.700,5.500,10.000,11.400
2257,3650,146,3,5,17556,804c7f7d291afd0b,1247.300,4.400,9.500,11.300
2258,3651,147,3,5,17556,ebd9d44788f011ab,1563.300,4.900,9.500,11.900
2259,3652,148,3,4,16524,c82a2b4066bc208c,1232.000,4.200,10.100,11.300
2260,3653,149,3,4,16524,96399d4ff5210f3f,1243.800,4.400,9.600,12.200
2261,3654,150,3,4,16524,a6663f6408c7bf76,1402.800,4.900,9.800,11.300
2262,3655,151,3,5,17556,0e1e66f61c0d2dff,1282.000,6.400,10.400,11.500
2263,3656,152,3,5,17556,b0049cb9ab32af0e,1758.100,5.800,10.400,11.700
2264,3657,153,3,5,17556,dbe28d51bef5da53,1407.900,5.400,9.500,11.400
2265,3658,154,3,5,17556,ad726cb6f774cb91,1492.100,6.800,13.400,11.400
2266,3659,155,3,4,16524,0c1f253fca520c10,1578.600,6.400,11.300,11.500
2267,3660,156,3,3,15492,a98a98fd3d6db403,1790.500,7.600,13.000,15.600
2268,3661,157,3,3,15492,83b050fafd1d3d84,1352.500,4.900,12.600,12.500
2269,3662,158,3,3,15492,bfd5d9b3bda964fc,1394.300,11.700,11.000,12.600
2270,3663,159,3,4,16524,ff9c065f531ea6b1,1251.600,4.700,10.000,11.400
2271,3664,160,3,4,16524,7d0a3777af0f8c24,1669.400,6.400,11.900,11.500
2272,3665,161,3,4,16524,d887931eeb0eb43f,1270.400,6.100,9.500,12.100
2273,3666,162,3,4,16524,b8e7fd1de7159031,1293.700,4.600,9.900,11.500
2274,3667,163,3,5,17556,e4e75a55488258f2,1254.300,6.000,10.400,11.600
2275,3668,164,3,5,17556,f15873c767ecb28a,1226.300,5.900,9.700,12.100
2276,3669,165,3,4,16524,12d687f4a32cbae2,1455.400,6.000,10.100,11.500
2277,3670,166,3,5,17556,5a6fa916e022816e,1329.200,4.300,9.300,11.600
2278,3671,167,3,5,17556,3bac216d9a612a76,1471.300,5.100,9.300,11.500
2279,3672,168,3,5,17556,dd4f8db89589674c,1354.900,6.500,10.700,11.600
2280,3673,169,3,6,18588,6c8a48b8243f14c5,1289.800,5.500,9.300,11.800
2281,3674,170,3,4,16524,37e237cfc0417007,1261.100,4.500,9.000,11.400
2282,3675,171,3,4,16524,6578dd0d19243526,1269.300,5.800,10.100,11.900
2283,3676,172,3,4,16524,2da087afc7b80e50,1358.500,5.000,11.100,11.500
2284,3677,173,3,3,15492,ea74c8de034fbb29,1619.300,4.200,10.900,11.700
2285,3678,174,3,4,16524,d6162da42948f711,1336.200,6.000,8.900,11.500
2286,3679,175,3,4,16524,a411935cb20cc106,1261.900,5.800,9.300,11.600
2287,3680,176,3,4,16524,cbe9082f0a5bbfef,1393.100,5.600,13.000,11.700
2288,3681,177,3,3,15492,aa093feb1db11d6a,1272.200,5.300,9.400,12.500
2289,3682,178,3,3,15492,08dda29b453317d0,1364.400,5.800,10.400,11.700
2290,3683,179,3,4,16524,496719091c8c9d70,1274.300,5.700,10.000,11.900
2291,3684,180,3,4,16524,b7e75a68276550b4,1610.600,6.000,10.700,11.700
2292,3685,181,3,4,16524,4114d289c161a6b2,1227.600,4.800,9.700,11.300
2293,3686,182,3,4,16524,a39d430f9a4e0314,1240.000,5.900,9.700,11.900
2294,3687,183,3,4,16524,2755f6905c4b14f6,1223.800,4.900,9.700,11.300
2295,3688,184,3,4,16524,357217df417ebd1a,1241.100,5.200,8.300,11.600
2296,3689,185,3,4,16524,7ef3d7866aa6e5fd,1502.700,5.700,11.300,11.700
2297,3690,186,3,4,16524,c12e64914dd621a3,1391.400,5.100,9.700,11.600
2298,3691,187,3,4,16524,63d76dd56ecb901f,1241.900,5.200,9.300,11.400
2299,3692,188,3,4,16524,f6def9ca32454b30,1346.000,4.600,9.500,11.400
2300,3693,189,3,4,16524,3547c1d04ea59431,1301.700,5.900,10.300,12.300
2301,3694,190,3,4,16524,5a3dd10b6e8783b3,1362.900,5.500,10.500,11.900
2302,3695,191,3,4,16524,fc69278332266ee1,1261.600,5.000,10.800,11.600
2303,3696,192,3,4,16524,63be41dc2980ab9d,1366.800,5.500,10.400,12.300
2304,3697,193,3,4,16524,5531f8e3a367ea5d,1635.600,5.400,10.300,11.800
2305,3698,194,3,4,16524,fac1848b8d9d7fca,1225.900,4.900,9.700,11.800
2306,3699,195,3,4,16524,89968accb9a21502,1253.400,4.700,10.600,11.700
2307,3700,196,3,4,16524,89136861e81e85e5,1336.900,3.900,9.200,12.000
2308,3701,197,3,4,16524,cd179d12131a8291,1251.500,4.300,9.800,11.800
2309,3702,198,3,4,16524,bc3d75dfc4d12bb4,1226.400,3.900,10.000,11.400
2310,3703,199,3,4,16524,babe2c959d9f1c66,1737.700,5.500,11.000,11.800
2311,3704,200,3,4,16524,2d7b170f66106e3f,1426.100,6.300,13.000,12.300
2312,3705,201,3,4,16524,7a9355defc186193,1472.500,5.100,10.800,11.400
2313,3706,202,3,4,16524,044dad72a2bd2ddf,1260.800,4.800,10.500,11.500
2314,3707,203,3,4,16524,e946a0779372e82e,1228.200,5.500,9.200,11.200
2315,3708,204,3,4,16524,66ec91ab65ababe3,1649.500,5.500,10.600,11.700
2316,3709,205,3,4,16524,a6898d83203e2076,1245.500,5.200,10.000,11.400
2317,3710,206,3,4,16524,d7aaf556cb98bf1d,1238.300,6.400,9.500,11.500
2318,3711,207,3,4,16524,bbc308079e52a1de,1261.000,4.700,11.100,11.500
2319,3712,208,3,4,16524,7c01684bf7f88ee4,1226.600,6.900,9.600,12.000
2320,3714,209,3,4,16524,53e6a50ba112f3cd,1470.000,4.500,11.100,11.900
2321,3715,210,3,4,16524,e6b0953ec5609d96,1485.400,7.300,9.900,12.400
2322,3716,211,3,4,16524,31c1658f57082317,1261.600,5.400,9.500,11.700
2323,3717,212,3,4,16524,2328367006002981,1229.400,5.700,9.400,12.100
2324,3718,213,3,4,16524,f3c1d8bf6da4c333,1294.600,4.400,9.700,11.300
2325,3719,214,3,3,15492,7a1bd04fcbe824f6,1429.200,6.400,11.800,11.900
2326,3720,215,3,4,16524,5ac61c501125a9f2,1876.800,9.000,12.400,12.700
2327,3721,216,3,4,16524,4088f09bb7949285,1539.800,6.500,11.500,12.200
2328,3722,217,3,3,15492,5d937d2d04a4b00a,1512.700,6.800,11.800,11.900
2329,3723,218,3,4,16524,9dee85d54b5eaff0,1243.100,5.000,11.300,11.400
2330,3724,219,3,4,16524,e6de1a5c7d356c60,1233.100,4.400,9.500,11.600
2331,3725,220,3,4,16524,c3f2f3c1a8783dab,1390.600,5.100,10.700,12.000
2332,3726,221,3,3,15492,4740f52ae12be1b1,1737.100,7.400,12.000,11.800
2333,3727,222,3,4,16524,f38919d009a9c8d4,1404.100,6.300,10.500,12.000
2334,3728,223,3,4,16524,67844c6883c04253,1454.100,5.900,12.400,12.200
2335,3729,224,3,4,16524,2aafc7cb2e51a763,1607.200,8.800,12.700,11.900
2336,3730,225,3,4,16524,8c696f5cd4f2ce17,1259.900,4.700,9.500,11.400
2337,3731,226,3,3,15492,e1cf081e103bfca9,1361.000,6.500,10.600,11.700
2338,3732,227,3,4,16524,5774f3625be6122e,1605.300,7.600,10.700,12.100
2339,3733,228,3,4,16524,19fbaf6bcd956a57,1813.800,5.300,9.600,12.200
2340,3734,229,3,4,16524,ca8d687ec8dd8a33,1516.700,6.900,9.500,11.600
2341,3735,230,3,4,16524,5cee7fca710542ed,1265.600,5.500,10.900,12.200
2342,3736,231,3,5,17556,5dc2136b79f560d3,1274.300,6.100,9.100,11.300
2343,3737,232,3,6,18588,d18de75aacdf45d5,1476.800,5.800,10.100,11.600
2344,3738,233,3,5,17556,9cfe24624dec0a09,1477.800,5.500,13.000,11.700
2345,3739,234,3,5,17556,df8688d5c05608fb,1663.400,6.300,10.400,12.700
2346,3740,235,3,5,17556,5a42fc9e03bb6833,1232.100,5.500,9.800,11.400
2347,3741,236,3,4,16524,9e46e9a44500d4e6,1274.200,5.300,9.700,11.300
2348,3742,237,3,5,17556,07dc7032a5e1c7f9,1265.300,5.500,9.500,11.700
2349,3743,238,3,5,17556,b43ed2f051d53d2d,1234.200,5.100,10.300,11.300
2350,3744,239,3,4,16524,317e2a4f6c83cbf1,1275.600,5.200,9.800,11.400
2351,3745,240,3,4,16524,2b5ce2f8ca3b3c1d,1241.900,5.400,9.500,11.400
2352,3746,241,3,4,16524,094f67974e7f32ed,1491.200,4.900,11.900,11.800
2353,3747,242,3,4,16524,f1414870f1e50071,1306.300,5.200,11.500,11.800
2354,3748,243,3,5,17556,25761006bbbc24e1,1532.900,6.100,10.700,11.600
2355,3749,244,3,5,17556,1ab27f2846d6cf21,1300.400,7.400,11.400,11.900
2356,3750,245,3,5,17556,9e982486907380d6,1244.600,4.800,10.100,11.300
2357,3751,246,3,5,17556,c016d1fc8882e78a,1404.300,5.600,10.000,11.600
2358,3752,247,3,4,16524,1a15bc6def8008c5,1221.800,4.700,9.400,11.400
2359,3753,248,3,5,17556,e85bb06808c3b3cb,1242.500,5.000,8.300,11.700
2360,3754,249,3,4,16524,1dde20b2760584c4,1643.000,6.000,10.200,11.700
2361,3755,250,3,5,17556,2a63bd003045cc41,1298.600,4.900,10.500,11.500
2362,3756,251,3,4,16524,ed734f119d3993f0,1209.400,5.000,9.800,11.500
2363,3757,252,3,5,17556,63f7c3a82e157763,1362.000,5.100,10.300,12.000
2364,3758,253,3,4,16524,19c5ae53aedd2af0,1250.800,5.000,10.100,11.500
2365,3759,254,3,4,16524,778ec3b8da4cd92b,1248.100,4.600,10.700,11.400
2366,3760,255,3,5,17556,3505e6d9f4cbfbf7,1658.600,7.000,10.400,38.200
2367,3761,256,3,4,16524,8b68147da9563808,1297.300,4.900,9.500,11.600
2368,3762,257,3,5,17556,88418c777415c363,1236.200,5.200,10.900,12.600
2369,3763,258,3,5,17556,f73c59676e33189d,1229.000,5.900,9.100,11.700
2370,3764,259,3,5,17556,235ef1ff18dc51e7,1261.200,12.000,9.400,11.400
2371,3765,260,3,4,16524,3110895f0fb61bf6,1261.700,5.000,9.400,11.500
2372,3766,261,3,5,17556,ee9e929dbdbff34d,1733.300,5.800,11.300,11.500
2373,3767,262,3,5,17556,e999bacfa7c1b9ea,1249.000,4.900,9.600,12.100
2374,3768,263,3,3,15492,d570498cccfe7a30,1216.200,4.000,10.200,11.500
2375,3769,264,3,4,16524,9bab11beb16fea0b,1232.200,5.100,9.100,11.900
2376,3770,265,3,4,16524,e04aa1114aebca27,1316.500,6.100,10.400,12.500
2377,3771,266,3,5,17556,0a365e2f831665b6,1487.800,7.400,10.700,11.900
2378,3772,267,3,5,17556,f3655daa8022dbfc,1446.700,5.900,9.900,11.500
2379,3773,268,3,4,16524,7c6e8ffeffaef085,1520.400,6.100,11.000,11.600
2380,3774,269,3,6,18588,e2d52a909326b9e1,1257.400,7.300,10.800,11.700
2381,3775,270,3,4,16524,aa3b26e8c9459f24,1258.400,5.900,10.300,11.700
2382,3776,271,3,8,20652,33fd821b193bb3ed,1308.600,7.100,11.000,12.200
2383,3777,272,3,6,18588,8ab9db1fa3e3c2a5,1367.000,7.500,10.600,11.600
2384,3778,273,3,6,18588,a2e9acc2aa294a5e,1348.300,6.800,11.700,12.000
2385,3779,274,3,5,17556,87671dfc9b5a710a,1218.200,4.700,10.400,11.800
2386,3780,275,3,5,17556,d452ae7f2005e145,1388.500,6.000,10.100,11.400
2387,3781,276,3,6,18588,6b008b6356e35a70,1283.500,6.200,8.900,12.300
2388,3782,277,3,4,16524,0aade70d4c7e5f20,1325.800,7.200,10.000,11.500
2389,3783,278,3,4,16524,edeeb97f49893561,2240.200,8.200,16.100,12.000
2390,3784,279,3,5,17556,2593a53873d93e27,1362.000,5.700,11.100,11.400
2391,3785,280,3,6,18588,4cb106c50c2f6147,1349.900,6.700,11.600,11.800
2392,3786,281,3,4,16524,ba9bd1dde5621801,1536.100,7.300,11.200,11.800
2393,3787,282,3,4,16524,e12eecc60ad9916e,1382.300,5.500,11.100,11.600
2394,3788,283,3,5,17556,721aafbf39580010,1684.300,6.400,12.100,11.800
2395,3789,284,3,7,19620,f4cd9a0a5cb28736,1327.100,6.200,9.500,11.500
2396,3790,285,3,4,16524,75460da5b7375464,1284.500,4.600,9.000,11.600
2397,3791,286,3,5,17556,38dd75d84fe6d2d2,1224.200,5.500,10.200,11.400
2398,3792,287,3,6,18588,e9fa885c5ecb6f71,1283.000,5.900,9.700,11.500
2399,3793,288,3,4,16524,3eff3f8b920a2a81,1466.700,5.800,12.200,11.700
2400,3794,289,3,2,14460,133af62002a03595,1369.900,4.200,10.100,11.800
2401,3795,290,3,2,14460,74f019a6f4d143e0,1220.700,4.000,8.900,11.700
2402,3796,291,3,3,15492,a2aca363ce93f4ab,1235.900,4.600,9.500,11.400
2403,3797,292,3,3,15492,9f577277da8d7901,1364.200,5.100,10.600,11.900
2404,3798,293,3,5,17556,ac98398f3669fcc8,1259.100,5.000,10.500,11.400
2405,3800,294,3,7,19620,5ab6160f38f4e671,1545.000,4.900,9.500,11.400
2406,3801,295,3,2,14460,74a816d399df6a92,1216.400,4.200,8.900,11.700
2407,3802,296,3,1,13428,72a5688711ed6efd,1283.000,4.800,11.500,11.200
2408,3803,297,3,2,14460,18ed3f065f1993a8,1256.800,5.000,10.400,11.500
2409,3804,298,3,3,15492,6bb8769a1062cc51,1257.000,3.800,9.600,11.600
2410,3805,299,3,4,16524,17680662502c6a10,1356.000,4.200,8.800,11.400
2411,3807,300,3,4,16524,31d5e5a420689ffc,1567.500,4.600,11.500,11.500
2412,3808,301,3,4,16524,3ab3cadc4a7ac676,1222.900,4.300,10.400,11.500
2413,3809,302,3,5,17556,9fc51733a6228900,1782.600,6.800,10.800,11.600
2414,3810,303,3,5,17556,48de9032190fbfcc,1330.600,5.600,10.300,11.500
2415,3811,304,3,4,16524,070c5836b104273e,1235.100,5.100,9.400,11.400
2416,3812,305,3,4,16524,10c7c023b8de1fd4,1870.500,8.000,13.100,11.700
2417,3813,306,3,4,16524,78c7c8518dddb552,1233.300,13.100,10.300,11.600
2418,3814,307,3,3,15492,bc93b1123888f722,1260.700,8.600,10.900,11.400
2419,3815,308,3,6,18588,8dc91e85f6cfd59d,1295.600,5.600,11.600,11.700
2420,3816,309,3,6,18588,61276d890d41709e,1401.800,5.400,10.300,12.500
2421,3817,310,3,7,19620,a0618033c0269c71,1649.000,6.600,11.000,11.700
2422,3818,311,3,7,19620,caeb8e5b2cdc6b65,1262.600,6.200,10.800,12.000
2423,3819,312,3,7,19620,44f345a2a1628b5e,1233.100,5.900,9.900,11.600
2424,3820,313,3,7,19620,452b5eac1870b3cb,1765.500,7.600,11.600,12.200
2425,3821,314,3,9,21684,2cb900998c3c7966,1229.200,10.700,10.100,12.100
2426,3822,315,3,9,21684,9842b5e500ca8d32,1235.700,6.400,9.100,11.600
2427,3823,316,3,8,20652,d67e10a59ff9a995,1308.300,6.400,10.200,11.500
2428,3824,317,3,8,20652,e467b9d2922a3e50,1629.000,6.200,11.400,11.500
2429,3825,318,3,9,21684,230b2b22be2c55ec,1261.400,6.700,8.900,11.300
2430,3826,319,3,9,21684,d0714da50d2cfc38,1259.300,6.900,9.700,11.800
2431,3827,320,3,10,22716,7d806f74a5f7482d,1221.100,6.600,9.800,11.500
2432,3828,321,3,9,21684,c5bd15c202bde65d,1346.100,7.600,10.900,11.600
2433,3829,322,3,9,21684,9092e915499a02e3,1243.900,6.100,10.500,11.400
2434,3830,323,3,11,23748,6bd59eed603c08a5,1233.200,7.100,9.600,11.600
2435,3831,324,3,11,23748,9c3e692b34f1b699,1640.000,6.900,9.800,11.600
2436,3832,325,3,11,23748,a8ae76b866fe3afa,1240.500,6.800,11.700,11.500
2437,3833,326,3,11,23748,fa6ab83049c1223a,1226.900,6.500,9.000,11.400
2438,3834,327,3,11,23748,4589f96a07c73a61,1271.500,7.100,9.300,11.400
2439,3835,328,3,11,23748,138b30b5dd06df36,1331.600,7.300,10.900,11.800
2440,3836,329,3,11,23748,dc0fe3e8e595d080,1250.400,7.300,9.800,11.500
2441,3837,330,3,12,24780,1991888ae5e399e8,1491.500,7.400,11.200,11.800
2442,3838,331,3,12,24780,44df6bfd8d4ec57c,1477.800,12.000,10.200,11.200
2443,3839,332,3,11,23748,bdfbc05c84b4909b,1250.400,6.400,9.900,12.100
2444,3840,333,3,11,23748,b1e2c1b83929d873,1240.800,6.400,9.600,11.400
2445,3841,334,3,10,22716,9e29bf277dfdb4fa,1270.900,9.000,9.900,11.600
2446,3842,335,3,10,22716,9869f2d1ee6a4693,1952.500,9.100,13.500,12.100
2447,3843,336,3,10,22716,a0b12c7c008422bb,1373.400,7.700,11.500,11.800
2448,3844,337,3,10,22716,415d529c0565cebc,1358.200,7.600,11.300,11.500
2449,3845,338,3,10,22716,af500376f22ebbe0,1486.700,8.300,12.300,11.700
2450,3846,339,3,10,22716,e3bb40baabd22591,1292.900,6.500,11.300,11.600
2451,3847,340,3,11,23748,0381cec0ca4b4a5e,1659.400,7.800,13.000,11.700
2452,3848,341,3,11,23748,9f5b4d69908a8820,1335.400,8.400,9.500,12.400
2453,3849,342,3,10,22716,58bcd332dd5b9d49,1320.800,7.100,11.400,12.000
2454,3850,343,3,11,23748,090327151f618fe0,1228.700,7.400,10.300,11.600
2455,3851,344,3,11,23748,83d329d1db0e6e1c,1247.400,6.900,10.100,11.900
2456,3852,345,3,11,23748,335d1acbdad41dc4,1292.300,6.700,10.300,11.900
2457,3853,346,3,11,23748,7171bffb207edf5f,1324.900,8.000,10.400,11.600
2458,3854,347,3,11,23748,02588244a3e78cb9,1429.100,10.300,9.700,12.200
2459,3855,348,3,11,23748,eb0d50addf78bc74,1249.000,6.100,10.700,11.500
2460,3856,349,3,11,23748,810779e906ec6241,1258.200,8.300,11.400,11.900
2461,3857,350,3,11,23748,1787bf15e1938690,1222.300,6.100,10.500,12.000
2462,3858,351,3,11,23748,35c5eccd84052118,1251.100,7.800,10.700,11.600
2463,3859,352,3,12,24780,fc5dac77751e46de,1761.800,25.300,11.200,12.000
2464,3860,353,3,12,24780,82d9f3fa295b1ed9,1276.600,6.900,9.900,11.600
2465,3861,354,3,13,25812,8996dfbba44b7e11,1570.700,12.600,11.700,12.600
2466,3862,355,3,13,25812,52c2b61aff2bfe9b,1228.300,7.200,9.800,11.900
2467,3863,356,3,13,25812,13af2d4361c2beef,1280.900,7.700,9.900,11.400
2468,3864,357,3,12,24780,03e252ca490a3154,1693.900,8.700,11.700,11.500
2469,3865,358,3,12,24780,9ebec08ff70dc03f,1264.000,6.000,9.300,11.900
2470,3866,359,3,12,24780,46749c8a5a9383b3,1239.600,7.600,10.800,12.000
2471,3867,360,3,12,24780,7db93c434b83d33d,1369.100,7.300,11.100,11.500
2472,3868,361,3,12,24780,68215652ff91ffd3,1235.000,6.800,9.700,17.200
2473,3869,362,3,12,24780,f60f36d4b761b41c,1688.700,10.100,11.500,11.900
2474,3870,363,3,12,24780,2e25a2dd495d53fb,1276.400,8.400,9.600,11.800
2475,3871,364,3,12,24780,1557a00d44d88524,1282.400,9.500,10.500,11.900
2476,3872,365,3,12,24780,e180fae6d172f0f2,1245.200,7.400,11.200,12.600
2477,3873,366,3,12,24780,79988c1ae2a36661,1341.400,10.400,11.200,11.800
2478,3874,367,3,12,24780,6b504eb05f3fe998,1700.800,8.100,12.000,12.900
2479,3875,368,3,12,24780,5e2ebeadf0c2f21e,1235.700,6.500,9.100,11.500
2480,3876,369,3,12,24780,8cc435715b539070,1275.500,8.500,11.500,11.800
2481,3877,370,3,12,24780,a2912b5a88639543,1374.600,7.300,9.000,11.400
2482,3878,371,3,12,24780,e7bdab4536179314,1453.200,7.600,10.400,12.000
2483,3879,372,3,12,24780,4c9f7ce113cf45db,1595.100,6.500,11.300,11.800
2484,3880,373,3,12,24780,f416b309f0f337ef,1272.900,7.800,10.100,11.400
2485,3881,374,3,13,25812,d19d297eb02a92fb,1471.100,8.700,12.200,11.600
2486,3882,375,3,13,25812,e0830fa3b8a87712,1319.700,8.500,10.400,11.400
2487,3883,376,3,13,25812,6a565a857b9b5556,1243.900,6.900,10.600,11.400
2488,3884,377,3,12,24780,f62fb276dc53bb97,1804.600,8.100,12.500,12.200
2489,3885,378,3,12,24780,42745fa64fc6db42,1242.100,7.200,10.300,11.300
2490,3886,379,3,12,24780,124ad634c6618627,1229.300,7.300,8.500,11.900
2491,3887,380,3,12,24780,59bb7e44aa1454a8,1638.900,10.600,11.100,11.400
2492,3888,381,3,12,24780,2a7396aa03512b53,1411.900,8.400,12.000,12.000
2493,3889,382,3,11,23748,e7fa2b9284bf9dd5,1381.500,6.700,9.900,11.400
2494,3890,383,3,10,22716,cea9d504f1ece9cc,1226.500,6.500,10.000,11.500
2495,3891,384,3,4,16524,91285025c73302f1,1446.700,7.200,9.300,12.100
2496,3892,385,3,4,16524,70bc349831ccb570,1316.900,5.100,9.600,11.900
2497,3893,386,3,4,16524,ddeae2d0a8e2f3be,1276.500,5.700,9.600,11.300
2498,3894,387,3,4,16524,a51caafdb5c5e03e,1622.300,12.200,11.100,12.700
2499,3895,388,3,4,16524,175cc9fe888b7b8a,1229.400,4.400,10.900,11.600
2500,3896,389,3,4,16524,db382dbdf877125e,1214.100,5.700,9.400,11.500
2501,3897,390,3,4,16524,9cf8ec51c8e026da,1226.900,4.500,9.900,11.400
2502,3898,391,3,4,16524,cad2dd0c595a200f,1246.900,5.500,9.300,11.300
2503,3899,392,3,4,16524,04aaec8430c20754,1657.500,8.200,12.500,12.300
2504,3900,393,3,5,17556,9eb986d3d4e58a2a,1420.400,6.200,10.700,11.600
2505,3901,394,3,5,17556,1058bb2495a6ddc3,1313.700,4.900,11.200,11.400
2506,3902,395,3,5,17556,7d7bbc1cfb0a2974,1463.300,7.500,10.800,12.300
2507,3903,396,3,5,17556,be16a6adc440427f,1407.300,5.600,12.400,11.700
2508,3904,397,3,5,17556,17e13bf687679bcd,1826.200,7.400,12.300,12.200
2509,3905,398,3,5,17556,9246c84286e87d30,1367.900,7.000,11.100,12.000
2510,3906,399,3,5,17556,4df1130fd83cd116,1240.300,5.500,10.500,12.000
2511,3907,400,3,5,17556,a306a67169db2a16,1241.800,5.800,10.600,11.700
2512,3908,401,3,5,17556,fc1510525b1e4f51,1390.600,5.500,9.800,11.700
2513,3910,402,3,5,17556,d7819b0349e79153,1457.900,6.900,11.700,12.000
2514,3911,403,3,5,17556,051c80ade7ce9a7f,1286.600,4.900,9.800,11.800
2515,3912,404,3,5,17556,d3681cb8f30c92df,1253.000,5.600,10.900,11.600
2516,3913,405,3,5,17556,829e0732b530d8b1,1697.400,10.800,14.800,12.500
2517,3914,406,3,5,17556,471b5ae9de3f6931,1252.200,5.800,10.300,11.300
2518,3915,407,3,6,18588,533e9500e2eb5270,1241.300,6.100,10.700,11.500
2519,3916,408,3,6,18588,5f7f6fcec67f9bf9,1808.400,5.900,10.500,11.700
2520,3917,409,3,6,18588,20e02905253a6eb7,1310.400,6.500,10.700,11.800
2521,3918,410,3,6,18588,09fe8a6f4c97ea79,1242.800,6.700,9.500,12.000
2522,3919,411,3,6,18588,9c6a3b888b4e4314,1249.700,6.400,9.400,11.500
2523,3920,412,3,6,18588,347bdd9918456333,1293.300,6.700,10.800,11.300
2524,3921,413,3,6,18588,3efd6e4f65d7505b,1745.800,6.200,12.000,12.300
2525,3922,414,3,6,18588,8969ccfc49c5f292,1284.400,6.900,9.700,11.500
2526,3923,415,3,6,18588,0ed27264bc28c09a,1449.700,9.900,12.400,12.600
2527,3924,416,3,6,18588,4428ae9bb936a507,1305.400,6.200,10.300,12.000
2528,3925,417,3,6,18588,55ceafb593cad165,1236.400,6.400,10.100,11.900
2529,3926,418,3,6,18588,aba660c8201cb464,1575.300,7.500,10.900,11.600
2530,3927,419,3,6,18588,5f9144b22ae393a1,1376.800,5.000,9.600,11.500
2531,3928,420,3,6,18588,dd7f0d1254a563ff,1227.900,5.900,9.400,11.300
2532,3929,421,3,6,18588,0b437728d09edc49,1325.900,4.600,11.600,11.300
2533,3930,422,3,6,18588,6f7f9e174839d3f6,1268.900,5.900,11.200,11.500
2534,3931,423,3,6,18588,aacc90336c64302d,1350.300,6.700,11.100,11.900
2535,3932,424,3,6,18588,8cecf41f44851f12,1224.600,6.100,9.500,11.800
2536,3933,425,3,6,18588,e26dea4692b305ee,1378.100,7.500,10.700,11.500
2537,3934,426,3,5,17556,4398ffb5532bba33,1406.800,4.200,8.600,11.500
2538,3935,427,3,5,17556,7a9b8c8776d1bb6e,1342.200,5.500,10.400,11.500
2539,3936,428,3,5,17556,e0c2cd22fa6e18de,1250.000,4.600,10.400,11.500
2540,3937,429,3,5,17556,45c3fa154a178333,1260.400,5.900,9.900,12.000
2541,3938,430,3,6,18588,e88f9cc61734b1ee,1245.000,10.200,10.300,12.100
2542,3939,431,3,6,18588,4dfef1b66d7f8257,2220.500,11.100,15.700,12.800
2543,3940,432,3,6,18588,030eb66a85ba2ab3,1302.500,4.500,10.700,12.000
2544,3941,433,3,6,18588,95d24f05c229ad0d,1235.600,5.100,10.900,11.300
2545,3942,434,3,5,17556,13f264d52c58f9db,1395.200,5.100,10.300,11.900
2546,3943,435,3,5,17556,ecdb53817ea12d40,1273.900,6.300,10.100,11.700
2547,3944,436,3,5,17556,35c63d0fe6024a27,1643.500,6.900,9.900,12.000
2548,3945,437,3,5,17556,150ec85a7cca4cb2,1225.500,5.500,9.900,11.600
2549,3946,438,3,5,17556,a269287261024abf,1352.500,5.600,9.900,12.100
2550,3947,439,3,5,17556,452212d9ca8cfbf6,1249.500,6.500,10.900,11.600
2551,3948,440,3,5,17556,0cde29bd6efb7346,1225.700,5.300,9.700,12.000
2552,3949,441,3,6,18588,061e90a4b456d4f3,1239.000,5.300,8.500,11.500
2553,3950,442,3,6,18588,887e829a00908911,1945.700,5.200,10.100,11.900
2554,3951,443,3,6,18588,b17b2dccc4beb64c,1221.200,5.700,10.000,12.100
2555,3952,444,3,6,18588,3321cad9c9c27635,1227.300,5.200,9.500,11.500
2556,3953,445,3,6,18588,dfe805555c10bc08,1253.300,5.400,9.900,11.400
2557,3954,446,3,7,19620,1126de698d510be3,1267.000,6.600,10.000,11.900
2558,3955,447,3,7,19620,0646466b0b094d71,1259.000,6.000,10.100,11.600
2559,3956,448,3,7,19620,52b1da44cd7617e6,1947.700,11.800,17.200,13.100
2560,3957,449,3,7,19620,62fbfbae97b715d3,1647.700,5.700,10.700,11.600
2561,3958,450,3,7,19620,44784a3b28dab87e,1233.500,5.300,11.000,11.700
2562,3959,451,3,7,19620,c04dacf969769230,1286.500,6.900,9.500,11.700
2563,3960,452,3,7,19620,b0576541263cab9c,1264.700,5.600,9.400,11.500
2564,3961,453,3,7,19620,79d557dee81641c2,1986.600,8.000,12.900,12.200
2565,3962,454,3,6,18588,55e114cc2fb3b6f8,1354.200,5.500,10.800,11.800
2566,3963,455,3,5,17556,f1b5f65b7e429ab6,1439.300,5.900,12.500,11.400
2567,3964,456,3,5,17556,4fba8766d9b1f502,1418.000,5.700,11.800,11.500
2568,3965,457,3,5,17556,73729dfcf1c8ed4b,1489.200,8.300,12.300,11.700
2569,3966,458,3,5,17556,ba03b46eadb003d5,1470.000,6.300,11.000,12.200
2570,3967,459,3,5,17556,43beeaf012248e07,1256.000,5.400,10.200,11.600
2571,3968,460,3,5,17556,645982a91727f45f,1241.500,5.400,10.900,11.300
2572,3969,461,3,5,17556,22b7bc77ba26f866,1248.000,6.300,10.200,11.600
2573,3970,462,3,5,17556,d0affb009ee76b50,1244.900,5.300,10.500,11.500
2574,3971,463,3,5,17556,f73b188a562d2c97,1223.100,5.100,9.900,11.500
2575,3972,464,3,5,17556,6cd1c43f4f9ac044,1298.200,6.400,11.100,11.800
2576,3973,465,3,5,17556,d1dff528a41c1635,1637.800,6.600,11.300,11.700
2577,3974,466,3,5,17556,35257d0681614a27,1403.000,6.000,11.800,11.300
2578,3975,467,3,5,17556,810ff1826693ebbb,1228.300,5.900,9.100,11.600
2579,3976,468,3,5,17556,ef3876396e3f48ba,1234.400,4.700,10.600,11.400
2580,3977,469,3,5,17556,43c392c6f8a707ea,1227.200,5.900,8.200,11.400
2581,3978,470,3,5,17556,cf6477c23e4f5156,1235.100,5.300,10.100,11.400
2582,3979,471,3,5,17556,7e5ed24ed6b7c5de,1607.800,6.400,10.900,12.200
2583,3980,472,3,5,17556,ef0d4d10df5dab99,1246.900,5.800,10.000,11.500
2584,3981,473,3,5,17556,7e958c14f2f5340f,1285.300,4.600,12.400,11.600
2585,3982,474,3,5,17556,d14e93d4971b2d48,1314.300,5.500,11.000,11.300
2586,3983,475,3,5,17556,1cd9955ba71e62cd,1299.500,6.100,10.000,11.400
2587,3984,476,3,5,17556,4b74a092f30fa9c4,1583.000,4.700,10.500,11.900
2588,3985,477,3,5,17556,d69e40e6c5921430,1237.500,5.200,9.900,11.600
2589,3986,478,3,5,17556,28a950eace8f5906,1240.800,5.100,8.900,12.000
2590,3987,479,3,5,17556,a291d2eecf78607c,1357.400,5.500,9.500,11.700
2591,3988,480,3,5,17556,342cc559632f2f45,1314.900,4.600,10.800,11.400
2592,3989,481,3,5,17556,b9ea4488fa44a9fc,1348.700,6.400,11.900,11.500
2593,3990,482,3,5,17556,8ed253af7c6388f6,1735.900,6.000,11.000,12.100
2594,3991,483,3,5,17556,4bc89b5db40cfed2,1256.600,4.600,9.500,12.000
2595,3992,484,3,5,17556,b1feca747a10ee0b,1317.200,5.300,11.400,12.000
2596,3993,485,3,6,18588,12e92e4ab4a0ccde,1285.800,16.200,10.400,11.600
2597,3994,486,3,6,18588,451d355ab80e0da3,1317.700,5.700,10.900,11.300
2598,3995,487,3,7,19620,b547a5dd2d20e9c9,1678.500,6.900,10.400,11.700
2599,3996,488,3,8,20652,f6089fd00199a55e,1304.800,6.500,10.700,11.500
2600,3997,489,3,8,20652,cfc3f09f80ef99b3,1456.300,6.200,9.800,11.500
2601,3998,490,3,8,20652,7732f157ada18b25,1348.900,6.600,10.800,12.300
2602,3999,491,3,8,20652,a9ca7e32786424a9,1356.100,6.400,11.300,11.400
2603,4000,492,3,7,19620,cc0fcc0d16cb6189,1727.800,17.300,11.100,11.700
2604,4001,493,3,7,19620,bc620da68df6d6e0,1418.800,6.500,12.000,11.600
2605,4002,494,3,7,19620,90ae49b1ea24e88d,1337.400,7.700,11.500,11.800
2606,4003,495,3,7,19620,ba068484335d6db4,1267.500,6.200,10.900,11.400
2607,4004,496,3,7,19620,d1fc5a18d5bcca15,1249.100,5.800,9.900,11.400
2608,4005,497,3,7,19620,f164a62071ba21bd,1355.800,6.300,9.700,11.500
2609,4006,498,3,8,20652,a374acb42d3f5ec8,1250.500,5.800,10.400,11.500
2610,4007,499,3,8,20652,ea2152a5424a6daf,1635.300,6.500,11.200,11.900
2611,4008,500,3,8,20652,c8a57020b16ce535,1879.100,11.600,13.700,12.100
2612,4009,501,3,8,20652,b7a213ca6898af4b,1226.700,5.900,10.500,11.500
2613,4010,502,3,7,19620,3adb5fe0f4e4b3ec,1296.000,6.700,9.700,12.000
2614,4011,503,3,7,19620,794fb93f2193c913,1239.000,6.000,9.000,11.500
2615,4012,504,3,7,19620,4c33a9c42e70b213,1342.700,6.600,9.600,11.400
2616,4013,505,3,7,19620,56dc5c401dfa971b,1695.000,8.200,13.200,12.800
2617,4014,506,3,7,19620,faa3402c3321f3f3,1331.200,5.700,10.100,12.100
2618,4015,507,3,7,19620,f15135408d014e7e,1245.900,5.600,10.600,11.500
2619,4016,508,3,7,19620,b6e01f0b6194ad2a,1261.000,6.500,9.800,11.900
2620,4017,509,3,7,19620,5ad21bc708305459,1350.300,6.200,9.600,11.700
2621,4018,510,3,7,19620,fce6fdfe1fda227f,1377.000,6.000,11.500,11.600
2622,4019,511,3,7,19620,aac3e3d91a6f5a0c,1684.900,7.600,11.200,12.300
2623,4020,512,3,7,19620,61d00fcd5e21ee4c,1579.100,6.900,12.800,11.900
2624,4021,513,3,7,19620,5a17aeac24bf8563,1441.000,8.500,12.600,11.900
2625,4022,514,3,8,20652,553eab745e2a32d3,1422.000,6.900,11.700,11.600
2626,4023,515,3,7,19620,0eff870285f69146,1771.100,20.500,13.200,11.900
2627,4024,516,3,9,21684,4814fa5ac8aeade8,1245.700,9.400,10.800,11.400
2628,4025,517,3,10,22716,a5c394088274a8bb,1290.800,6.200,10.200,11.600
2629,4026,518,3,8,20652,5299cefe49aec94c,1234.100,5.800,10.700,11.400
2630,4027,519,3,7,19620,11c0048bf983188b,1224.800,5.800,8.800,11.400
2631,4028,520,3,7,19620,b040a5a65b38bb25,1241.700,6.900,9.000,11.500
2632,4029,521,3,7,19620,c30f80e8203b0141,1636.700,6.300,13.500,11.800
2633,4030,522,3,7,19620,1952eadfdd783be8,1476.700,6.700,11.800,11.600
2634,4031,523,3,6,18588,d4ec7c11048792b8,1373.800,5.000,11.200,11.400
2635,4032,524,3,5,17556,4f3a9446db6e6ca7,1269.500,6.100,9.400,12.100
2636,4033,525,3,5,17556,842dbab948d006cf,1234.800,5.500,9.400,12.500
2637,4034,526,3,5,17556,f6f90f1d1859ebfd,1545.200,6.900,11.000,11.800
2638,4035,527,3,5,17556,2390175a53673f04,1435.700,15.600,10.000,11.500
2639,4036,528,3,5,17556,baaa933874dd4102,1341.200,4.900,10.700,11.300
2640,4037,529,3,5,17556,3fb7e2dc24d5b80a,1272.700,7.500,9.600,11.500
2641,4038,530,3,5,17556,06f2dd8aa3195a0d,1454.500,6.800,12.900,11.900
2642,4039,531,3,5,17556,7ba6b307a65beaeb,1514.700,6.900,17.600,11.800
2643,4040,532,3,5,17556,61fcff3d935a6d4e,1314.400,5.600,10.200,11.800
2644,4041,533,3,5,17556,4400868b540a6a12,1395.800,8.300,12.600,12.100
2645,4042,534,3,5,17556,6be19b0b99e36852,1681.000,7.000,11.600,11.700
2646,4043,535,3,5,17556,571494ed6f18dcf1,1235.400,5.700,9.700,11.500
2647,4044,536,3,5,17556,cd7f134070d2e4d3,1251.300,5.500,9.900,11.600
2648,4045,537,3,5,17556,6ecb8d84883504cd,1271.100,7.500,10.200,12.100
2649,4046,538,3,5,17556,a6eebd9e7bdde2bb,1232.200,5.500,8.800,11.400
2650,4047,539,3,4,16524,26f7d13e80188913,1418.000,6.800,15.300,13.900
2651,4048,540,3,4,16524,1b4d134c97d4428e,1428.000,5.600,9.700,12.000
2652,4049,541,3,4,16524,f1c5dc3b776973b8,1308.300,5.500,11.000,11.400
2653,4050,542,3,4,16524,1767a4b3f8bc359c,1344.900,5.200,9.900,11.500
2654,4051,543,3,4,16524,0038fd28fc394784,1229.600,5.500,9.600,11.400
2655,4052,544,3,4,16524,b321e917b55dc719,1233.100,14.400,10.000,11.700
2656,4053,545,3,4,16524,176871a4b80388b7,1290.700,5.100,9.600,11.400
2657,4054,546,3,4,16524,726d7bf94e852fde,1330.400,4.500,10.600,11.600
2658,4055,547,3,4,16524,a9022053e79a90cd,1708.300,6.000,10.200,12.200
2659,4056,548,3,4,16524,b40be9f3051d95ce,1350.200,6.300,10.700,11.600
2660,4057,549,3,4,16524,6b42ee89a1a4b8ce,1271.400,4.700,10.000,11.300
2661,4058,550,3,4,16524,3eb4ce3dafbd1d31,1249.900,7.100,10.700,11.600
2662,4059,551,3,4,16524,a33de2ce1d7f089f,1331.700,6.200,11.000,11.600
2663,4060,552,3,3,15492,353a9da499201f60,1316.800,4.700,10.300,11.700
2664,4061,553,3,3,15492,bdbcdff88e58bee7,1617.600,4.300,11.300,11.400
2665,4062,554,3,3,15492,37cfa083f921510d,1361.300,5.500,10.200,11.400
2666,4063,555,3,3,15492,bb70fc730f6dcb2a,1280.500,4.100,9.300,11.600
2667,4064,556,3,3,15492,8dc335d784ec798b,1220.300,4.800,10.000,12.000
2668,4065,557,3,3,15492,38b45dbbae6f390c,1313.100,5.300,10.300,12.000
2669,4066,558,3,4,16524,470a5c65a6a502f3,1303.800,6.700,10.900,11.600
2670,4067,559,3,4,16524,fc2eb0684b159f9e,1832.100,7.300,13.300,12.000
2671,4068,560,3,4,16524,aa70793786fc68ab,1286.200,4.700,9.500,11.400
2672,4069,561,3,4,16524,ff0c8de8cbd8f2a5,1228.300,5.300,9.300,11.500
2673,4070,562,3,4,16524,3fe71cdba53be082,1221.500,5.700,9.600,11.300
2674,4071,563,3,4,16524,a6e4e0b93dd497cf,1321.400,5.200,10.700,11.500
2675,4072,564,3,4,16524,02e802646b7b8718,1250.400,4.500,10.000,11.600
2676,4073,565,3,3,15492,23a39aa4efbe0f1d,1458.500,7.700,12.800,11.900
2677,4074,566,3,3,15492,1fd1f90fe2c9985f,1341.700,5.300,12.100,11.500
2678,4075,567,3,3,15492,0e4123d7447ca967,1985.400,6.000,11.700,12.000
2679,4076,568,3,3,15492,e7057068e81aeef4,1220.900,4.400,10.200,11.500
2680,4077,569,3,3,15492,add052fd68f186b2,1212.100,4.200,9.500,11.500
2681,4078,570,3,3,15492,edadf2190c23088c,1383.500,5.000,10.200,12.200
2682,4079,571,3,3,15492,221495e7c73df401,1536.500,7.500,12.200,12.800
2683,4080,572,3,4,16524,59aa915fb9274fd8,1744.200,5.600,10.800,11.800
2684,4081,573,3,4,16524,06aa036e494a74b3,1356.900,4.600,11.900,11.600
2685,4082,574,3,5,17556,e9732499a3b99ac3,1426.500,5.100,11.500,11.700
2686,4083,575,3,5,17556,d4be9a923ac738b7,1400.600,5.400,11.500,11.400
2687,4084,576,3,5,17556,c4879639fedb4cd6,1254.600,6.900,12.300,12.100
2688,4085,577,3,5,17556,970a558c99cd4dfe,1260.000,4.800,10.400,12.000
2689,4086,578,3,4,16524,c89db2b67b43e677,1276.000,5.900,10.800,12.500
2690,4087,579,3,4,16524,0ac17b458cf7ee6c,1626.900,4.900,10.300,12.100
2691,4088,580,3,5,17556,d719abfb07309c97,1225.500,4.600,10.000,11.400
2692,4089,581,3,5,17556,dcaede63da6cf806,1215.100,5.200,10.000,11.600
2693,4090,582,3,5,17556,e1d93e1f30b17425,1223.500,4.000,10.000,11.300
2694,4091,583,3,5,17556,61e07a9a630a3fb7,1573.300,6.600,10.500,11.800
2695,4092,584,3,5,17556,1542276ef1f293b9,1247.000,5.500,10.100,11.500
2696,4093,585,3,5,17556,74a30a744e6d195a,1255.300,6.500,11.000,11.800
2697,4094,586,3,5,17556,573d41779ded4df3,1646.200,5.200,11.200,11.700
2698,4095,587,3,5,17556,cfc1a9f518c934e4,1265.700,5.800,23.200,11.600
2699,4096,588,3,5,17556,b1f80667ddd80831,1228.700,5.100,9.600,11.300
2700,4097,589,3,5,17556,25155a71b512de45,1233.800,5.600,10.100,11.300
2701,4098,590,3,5,17556,3c76037f8329f168,1241.700,5.400,9.900,11.300
2702,4099,591,3,4,16524,b51616420653077a,1530.500,5.500,8.800,12.100
2703,4100,592,3,4,16524,336f21e010f7d832,1369.000,7.100,11.300,11.800
2704,4101,593,3,4,16524,2992096b14acb022,1245.900,6.500,10.300,12.200
2705,4102,594,3,4,16524,23dc5a43d2160873,1354.100,6.000,11.400,12.100
2706,4103,595,3,4,16524,87f55f58fda50033,1252.400,4.100,9.000,11.300
2707,4104,596,3,4,16524,e9b60acbb3af2355,1389.100,6.000,10.700,11.600
2708,4105,597,3,4,16524,a2f170a953f73f07,1438.300,5.200,9.000,12.000
2709,4106,598,3,4,16524,90a23fcf8f3d387e,1311.600,4.600,10.600,11.500
2710,4107,599,3,5,17556,19f63565a1ec55bd,1244.800,5.300,9.600,11.500
2711,4108,600,3,5,17556,77c06ed676dc61b1,1519.500,7.200,11.400,11.700
2712,4109,601,3,5,17556,9df63014aeba5932,1389.900,6.900,11.700,11.500
2713,4110,602,3,5,17556,82f69842823dafcb,1224.800,4.600,9.700,11.500
2714,4111,603,3,5,17556,968dadb2b728931b,1233.600,5.900,8.900,11.500
2715,4112,604,3,5,17556,da9d1fdabde75e9f,1781.500,7.900,12.000,12.200
2716,4113,605,3,5,17556,844ab9552a6e8a1e,1231.300,5.400,9.900,11.600
2717,4114,606,3,5,17556,33fec00e46b010a6,1244.800,6.500,9.500,11.800
2718,4115,607,3,5,17556,415b2382598462b0,1229.700,4.200,10.900,11.500
2719,4116,608,3,5,17556,7b7060df414d3d8a,1222.300,5.200,9.100,11.300
2720,4117,609,3,5,17556,8de3d9b3ab6ca38c,1231.800,5.000,9.700,11.800
2721,4118,610,3,3,15492,ba1d6bfea1ed0ee8,1694.300,5.800,12.900,11.900
2722,4119,611,3,3,15492,d6bce77591d45832,1330.000,5.600,10.200,11.300
2723,4120,612,3,4,16524,e5a5db9a3bda8b4c,1228.000,5.300,10.000,12.000
2724,4121,613,3,4,16524,d5d93589ecc414aa,1755.300,5.000,11.300,12.000
2725,4122,614,3,4,16524,5c94f7523e94522f,1365.200,5.400,10.600,11.300
2726,4123,615,3,4,16524,898be255a6f8ea88,1330.300,6.500,10.200,11.800
2727,4124,616,3,4,16524,07c64f9e6fe4525b,1387.100,4.500,9.900,11.500
2728,4125,617,3,5,17556,2eda908be04f6151,1660.700,6.200,11.200,12.000
2729,4126,618,3,5,17556,d8a9e0d4b3961d3c,1228.500,5.600,9.200,11.500
2730,4127,619,3,5,17556,11346ffed490de32,1239.400,5.300,9.100,11.900
2731,4128,620,3,5,17556,ae9b6bc724245c01,1688.700,7.300,12.000,11.800
2732,4129,621,3,5,17556,f53b2b774f5710e9,1360.700,6.100,10.400,11.300
2733,4130,622,3,4,16524,a189dd0725fb5e2b,1234.900,7.100,10.700,11.500
2734,4131,623,3,5,17556,2d4275a9d01e8f34,1266.200,6.200,10.700,11.600
2735,4133,624,3,6,18588,5cd372ae3145783b,1241.100,5.900,11.500,11.900
2736,4135,625,3,6,18588,a902cc4f75c1a48f,1416.400,5.300,12.000,12.100
2737,4137,626,3,5,17556,d1530713805d46ae,1232.400,4.600,11.200,11.300
2738,4139,627,3,5,17556,98d744b1f20191a8,1492.800,6.300,10.200,11.700
2739,4140,628,3,5,17556,698bcd923e32f551,1391.300,6.700,11.100,11.700
2740,4141,629,3,5,17556,f0d3956d75a3db64,1475.700,6.500,12.500,11.700
2741,4142,630,3,5,17556,c6b5e4f616260a98,1784.400,6.400,12.900,12.600
2742,4143,631,3,5,17556,5504628d54eaa738,1282.700,5.100,9.500,11.400
2743,4144,632,3,4,16524,d16d98e3a4fb3e4f,1294.500,5.700,9.700,11.500
2744,4145,633,3,4,16524,1cbe233dfea21f08,1379.700,4.700,12.200,11.500
2745,4146,634,3,5,17556,b343f0abfd025ce3,1485.100,5.700,11.700,11.800
2746,4147,635,3,4,16524,3c0255dd5353f2c9,1333.900,5.600,10.000,11.400
2747,4148,636,3,6,18588,03f68519c4b9127d,1621.000,7.700,10.900,12.100
2748,4149,637,3,5,17556,84868127238925fe,1302.700,5.700,8.900,11.300
2749,4150,638,3,4,16524,2e9349ead83aa98a,1262.000,5.300,10.700,11.500
2750,4151,639,3,5,17556,a6390426166558e1,1279.900,6.500,9.800,11.200
2751,4152,640,3,5,17556,017b1024cff5740e,1233.900,5.200,9.200,11.300
2752,4153,641,3,4,16524,26599cd1b6066e49,1468.200,13.200,9.600,11.400
2753,4154,642,3,2,14460,319b79ef1b99c139,1552.700,5.000,12.100,11.500
2754,4155,643,3,3,15492,591dfdbf018791f5,1258.900,3.700,10.900,11.500
2755,4156,644,3,2,14460,0ec1363b005f1af9,1277.700,4.200,9.900,11.300
2756,4157,645,3,1,13428,2465f5e1d0c24684,1458.600,5.400,11.000,11.600
2757,4158,646,3,1,13428,27e6db5973ef6392,1265.400,5.300,10.400,17.300
2758,4159,647,3,3,15492,6680268de6906735,1608.300,9.100,11.700,12.000
2759,4160,648,3,5,17556,f008246d0cd57e82,1467.900,8.900,14.600,12.500
2760,4161,649,3,6,18588,fbb32927ae40cc09,1234.100,5.400,9.900,11.400
2761,4162,650,3,6,18588,1d9c21ed47a5cd27,1223.400,4.100,9.500,11.700
2762,4163,651,3,7,19620,8aabf33accbf9ef7,1260.700,5.800,9.400,11.400
2763,4164,652,3,8,20652,52d8a1deab09e59e,1234.500,5.500,9.100,11.500
2764,4165,653,3,7,19620,07c5d09b0b7eebd3,1470.400,6.500,9.700,11.500
2765,4166,654,3,8,20652,869a02dbccb32807,1253.900,5.900,10.300,11.800
2766,4167,655,3,9,21684,b92cf672815153fa,1215.400,5.800,10.200,11.300
2767,4168,656,3,8,20652,72e9f85fc1ad5ea7,1438.100,6.900,11.300,12.700
2768,4169,657,3,7,19620,be1ca67e04506dbb,1241.000,5.100,9.700,11.300
2769,4170,658,3,6,18588,e36f903482f42927,1258.600,5.400,9.700,11.400
2770,4171,659,3,7,19620,be84a26e14a196de,1691.800,9.000,11.100,11.500
2771,4172,660,3,7,19620,bdb9660014bf904f,1277.600,5.300,10.000,11.300
2772,4173,661,3,7,19620,ba4c867a194a3cfd,1219.500,6.000,9.700,18.500
2773,4174,662,3,7,19620,ac46e114b65d8cf2,1267.600,6.500,8.900,17.500
2774,4175,663,3,7,19620,cb2901221f9262ea,1735.500,8.200,14.100,12.100
2775,4176,664,3,7,19620,1261bbdc17a42392,1378.700,7.300,10.000,11.800
2776,4177,665,3,7,19620,d11ffa8c4ee04950,1277.600,15.700,9.700,11.700
2777,4178,666,3,7,19620,52fd1ed327e9a1f5,1209.900,5.500,9.000,12.000
2778,4179,667,3,7,19620,10c627f06b13eb71,1292.300,6.200,9.200,11.700
2779,4180,668,3,5,17556,06f07e64fd0156a7,1230.500,5.600,9.500,11.500
2780,4181,669,3,6,18588,d5ddc76a5dff35bb,1487.700,6.500,11.200,11.700
2781,4182,670,3,8,20652,c4f8a4399acace8a,1369.900,6.200,10.100,11.400
2782,4183,671,3,6,18588,457f3999877e6192,1249.600,5.700,9.300,11.300
2783,4184,672,3,6,18588,5f1049dfae71dd39,1226.300,6.000,8.400,11.400
2784,4185,673,3,5,17556,2720c17da24e6713,1326.200,5.800,10.600,20.400
2785,4186,674,3,4,16524,108ca5f923ea1b53,1279.300,4.900,9.800,11.500
2786,4187,675,3,4,16524,280eaf6fa122d6b4,1226.800,4.800,10.100,11.600
2787,4188,676,3,5,17556,71406240295e4620,1562.300,7.000,9.300,12.200
2788,4189,677,3,5,17556,6693e41178b3a4a5,1303.600,7.000,9.200,11.600
2789,4190,678,3,5,17556,1f67c1ce7217d1fb,1235.700,5.700,9.400,11.700
2790,4191,679,3,4,16524,8ec18aacc077c0c0,1282.100,5.200,9.000,11.700
2791,4192,680,3,4,16524,014aae3bb4735f22,1272.700,5.200,9.600,11.500
2792,4193,681,3,4,16524,f0d294a1aba0a478,1599.300,6.500,11.300,11.700
2793,4194,682,3,5,17556,081f9b178cfc67a1,1260.300,5.700,10.300,11.400
2794,4195,683,3,6,18588,fd31b3753eba1302,1761.800,6.800,11.300,12.200
2795,4196,684,3,6,18588,d297265a1d7373cf,1385.500,6.100,11.100,12.100
2796,4197,685,3,6,18588,9830b159bf1e5740,1537.000,7.300,12.800,11.500
2797,4198,686,3,6,18588,d2c6586adc993eec,1858.200,7.800,11.600,12.100
2798,4199,687,3,5,17556,71acc028e8932b7a,1333.100,5.600,12.400,11.800
2799,4200,688,3,6,18588,793faca6d7a48220,1436.500,6.400,11.000,12.200
2800,4201,689,3,6,18588,fcdfe7d154c6a197,1417.100,6.300,12.600,11.600
2801,4202,690,3,4,16524,175a36988e4defd7,1700.300,5.800,10.500,11.800
2802,4203,691,3,5,17556,43c40db549af3860,1303.500,6.200,11.000,11.800
2803,4205,692,3,5,17556,1b9fd7c7bf2272d4,1395.700,8.800,11.200,11.800
2804,4206,693,3,7,19620,b21e2f21520f8c58,1342.500,5.800,9.100,11.300
2805,4207,694,3,7,19620,3ee47975366a524b,1216.800,5.500,9.300,11.600
2806,4208,695,3,6,18588,6a097b3b8e94df01,1285.800,6.000,11.200,11.400
2807,4209,696,3,5,17556,07b1df22f92fd551,1406.200,5.800,10.800,12.000
2808,4210,697,3,7,19620,f44be5d40ff532ee,1747.400,7.900,10.900,11.700
2809,4211,698,3,7,19620,ea57d27bfdb5990a,1390.700,6.500,9.500,11.700
2810,4212,699,3,7,19620,623313747e1c7867,1234.900,15.300,9.700,11.300
2811,4213,700,3,6,18588,867c6230965df57b,1234.300,5.700,11.300,11.800
2812,4214,701,3,6,18588,bc1f35f8476fb7f4,1235.900,7.000,9.900,11.300
2813,4215,702,3,6,18588,f79a5feb308fb995,1412.200,6.300,14.400,11.600
2814,4216,703,3,6,18588,d4e1e63bc5971c21,1668.200,7.000,9.700,11.800
2815,4217,704,3,6,18588,811645998a3c22f2,1447.400,6.500,10.800,11.700
2816,4218,705,3,6,18588,944385be7b8a5ac9,1435.400,5.900,10.700,11.200
2817,4219,706,3,6,18588,f69c020c2c9dfcc7,1271.100,5.100,9.700,11.800
2818,4220,707,3,6,18588,e032c2ce089dd04a,1251.700,5.500,9.000,11.600
2819,4221,708,3,6,18588,56cb5903a39737b7,1987.200,8.500,12.100,11.900
2820,4222,709,3,7,19620,4948f4abe839c827,1677.100,8.000,11.800,12.500
2821,4223,710,3,7,19620,16f842ac0b976ab2,1342.900,6.500,11.200,11.900
2822,4224,711,3,7,19620,be1fb744dd6fe3c8,1349.200,6.000,10.400,11.500
2823,4225,712,3,7,19620,df8abcd0a479df32,1295.200,6.700,10.300,11.500
2824,4226,713,3,7,19620,4507581e7ab82c98,1271.000,6.600,10.000,11.400
2825,4227,714,3,7,19620,21c63cc599ee789f,1310.800,6.600,8.800,11.400
2826,4228,715,3,7,19620,e02a0860d19f04c3,1374.700,7.400,13.500,12.800
2827,4229,716,3,7,19620,eba3e6e6ffdefe08,1495.200,4.700,9.300,11.400
2828,4230,717,3,7,19620,f5b9fa8dfeab7ff7,1291.900,16.100,10.600,11.600
2829,4231,718,3,7,19620,0c92549d427b4dbe,1377.500,6.100,12.400,12.000
2830,4232,719,3,7,19620,ea84ed1249095972,1243.400,6.000,9.700,11.400
2831,4233,720,3,7,19620,a19ea0789800a0c3,1448.500,5.400,9.700,12.100
2832,4234,721,3,7,19620,22d47351f1671af1,1657.400,6.800,10.900,11.800
2833,4235,722,3,7,19620,0abb5f8b1b8d89b9,1293.900,5.500,9.800,11.800
2834,4236,723,3,7,19620,b19987f57c268b8f,1223.200,6.000,9.900,11.700
2835,4237,724,3,7,19620,9356574b97fc7faf,1351.000,6.900,9.300,11.700
2836,4238,725,3,8,20652,6f1720340e11ac5a,1292.500,7.300,10.900,11.700
2837,4239,726,3,7,19620,7ee8bcc12dd777cc,1691.100,6.400,11.400,11.800
2838,4240,727,3,7,19620,6bbcd0aa599f8cfe,1313.600,5.300,10.000,11.400
2839,4242,728,3,7,19620,ce5e62f0bc2a1735,1242.300,4.500,9.500,11.500
2840,4243,729,3,7,19620,e28036df85e4ee4e,1271.700,5.300,11.100,11.700
2841,4244,730,3,7,19620,e6652c87b655b7c0,1447.300,5.600,9.700,11.600
2842,4245,731,3,7,19620,99d2ad2ba6ae6a91,2104.500,8.500,14.000,11.900
2843,4246,732,3,7,19620,43e94824e2314995,1254.400,6.000,10.900,11.200
2844,4247,733,3,7,19620,8b0e33d61e29e2ae,1343.200,5.100,10.500,11.500
2845,4248,734,3,6,18588,eb28b857ce1d4a64,1460.600,5.400,10.600,11.800
2846,4249,735,3,6,18588,5077f323dca6b10f,1335.200,5.700,10.100,11.500
2847,4250,736,3,7,19620,2f03dbf61372cc40,1518.600,6.100,9.900,12.300
2848,4251,737,3,8,20652,108fc747795111a7,1250.600,6.600,10.800,11.400
2849,4252,738,3,7,19620,a386ab1525a6aba4,1299.300,6.000,9.700,11.500
2850,4253,739,3,7,19620,7e72fc5481ec9d50,1249.800,5.200,9.700,11.300
2851,4254,740,3,5,17556,87edd844ca3716b5,1279.900,5.600,8.700,11.500
2852,4255,741,3,5,17556,268ca85c4f424219,1627.600,5.400,11.100,11.400
2853,4256,742,3,5,17556,80862f5b6e2b9d6e,1391.100,5.500,12.700,11.700
2854,4257,743,3,5,17556,d7b512ed057d9b9c,1335.900,6.200,10.900,12.200
2855,4258,744,3,5,17556,29b5de10f56da792,1383.400,7.000,13.300,12.200
2856,4259,745,3,7,19620,663149584c4e7ec8,1582.700,7.000,11.700,12.400
2857,4260,746,3,4,16524,d6dff6cc37944fe0,1358.100,5.000,11.800,11.300
2858,4261,747,3,5,17556,e158c8240c35cf75,1272.700,9.500,11.400,11.300
2859,4262,748,3,5,17556,b4ac990c70f6a859,1249.900,5.300,10.000,12.000
2860,4263,749,3,5,17556,88e8f88ffdadf287,1651.500,6.700,11.900,11.700
2861,4264,750,3,5,17556,604422e7194e54ae,1457.100,7.200,10.900,11.900
2862,4265,751,3,5,17556,9131d29c815c176e,1239.800,4.600,11.000,11.900
2863,4267,752,3,10,22716,fae2f9d6e4c1b489,1230.700,6.900,10.300,11.300
2864,4268,753,3,8,20652,0a43f83324c7b59e,1440.200,6.600,11.500,11.500
2865,4269,754,3,10,22716,3a46de6b6480e1dc,1251.100,6.400,9.800,12.000
2866,4270,755,3,10,22716,d4df217fc639b700,1639.800,7.700,11.800,11.500
2867,4271,756,3,9,21684,a24596ef2dfdc430,1610.200,8.200,12.700,12.600
2868,4272,757,3,11,23748,4ddc23e87856d895,1233.000,7.200,10.600,12.100
2869,4273,758,3,13,25812,01250ecd2edb77e6,1229.500,6.900,9.900,11.300
2870,4274,759,3,12,24780,8fc4feebc51208c5,1302.500,6.900,9.800,12.300
2871,4275,760,3,11,23748,522df05570102c37,1336.000,7.400,10.400,11.400
2872,4276,761,3,12,24780,efe197fbae1e1a58,1597.400,7.000,11.000,11.800
2873,4277,762,3,12,24780,87bccd1f5139bbce,1262.600,7.500,9.800,11.800
2874,4278,763,3,13,25812,3cef6a6cdde901f9,1335.000,7.700,10.300,11.400
2875,4279,764,3,12,24780,9100b61990f90f2a,1224.300,7.200,9.000,16.500
2876,4280,765,3,12,24780,2e07f05adb5aaced,1219.200,6.400,9.800,11.500
2877,4281,766,3,12,24780,9a6285a62323161b,1702.300,7.700,10.500,11.900
2878,4282,767,3,12,24780,40117d2bd7624f83,1404.200,7.000,10.900,11.600
2879,4283,768,3,10,22716,2faec2ca16e90a19,1261.200,5.900,10.700,11.300
2880,4284,769,3,9,21684,f3426daf3727e17e,1226.500,6.100,9.600,11.700
2881,4285,770,3,8,20652,aac2cbd68f32f9a5,1269.300,5.600,8.900,11.500
2882,4286,771,3,11,23748,9756b99c60c08495,1677.400,6.700,10.400,11.500
2883,4287,772,3,11,23748,ea65ace5e75c418a,1285.700,7.400,9.600,11.700
2884,4288,773,3,9,21684,5f66ef64667f474a,1304.300,5.400,8.900,17.700
2885,4289,774,3,9,21684,d34d2bb162ce3475,1291.100,5.600,9.200,11.300
2886,4290,775,3,10,22716,787df02720dd803e,1299.600,7.000,9.800,12.000
2887,4291,776,3,8,20652,3aaa9baebe4b7fe7,1687.900,7.900,12.000,13.100
2888,4292,777,3,11,23748,38ba79a2eab301ea,1276.800,7.400,10.400,11.300
2889,4293,778,3,10,22716,ff3a41bbd7ce38a0,1311.000,8.000,9.500,11.600
2890,4294,779,3,9,21684,fed28a931020b5f1,1245.800,6.100,10.600,11.500
2891,4295,780,3,11,23748,7a75f7def874a680,1244.400,7.100,8.700,11.800
2892,4296,781,3,9,21684,a56bfe9b291f5868,1456.600,6.900,10.300,11.500
2893,4297,782,3,10,22716,31f316267c7e0a41,1923.200,8.600,13.500,11.900
2894,4298,783,3,9,21684,0713161d46717a3e,1384.500,5.600,9.900,11.400
2895,4299,784,3,6,18588,cb44b2358a3c842b,1228.100,5.000,10.300,11.500
2896,4300,785,3,6,18588,de2072c41b7ba543,1224.100,5.000,10.500,11.800
2897,4301,786,3,5,17556,2a1b5545bbadb79b,1222.800,4.300,10.100,11.300
2898,4302,787,3,6,18588,5f325a7d289fbb0a,1588.200,5.600,11.200,11.500
2899,4303,788,3,6,18588,4f7a7540d2261950,1310.200,5.200,8.900,11.500
2900,4304,789,3,5,17556,f7391dafa8385b44,1272.400,5.200,9.800,11.800
2901,4305,790,3,6,18588,47c6cdd9a0ce9655,1230.000,5.600,9.000,11.400
2902,4306,791,3,5,17556,11193e28e53d72a5,1570.900,4.800,12.000,12.100
2903,4307,792,3,5,17556,acb70b7efd4ae089,1639.200,5.200,11.800,11.400
2904,4308,793,3,6,18588,1817f03cad20c2c7,1319.000,5.800,9.700,11.600
2905,4309,794,3,7,19620,90750ddee3756e58,1220.900,5.000,9.500,12.200
2906,4310,795,3,8,20652,e6f0b336cc867139,1237.800,7.600,10.700,11.700
2907,4311,796,3,8,20652,2dae450c15b4d8dc,1242.000,6.200,14.600,11.700
2908,4312,797,3,6,18588,ce838ad3e029ae01,2229.200,6.900,11.800,11.500
2909,4313,798,3,7,19620,db7228f331d1ea5c,1420.400,5.700,10.900,11.700
2910,4314,799,3,7,19620,69f6a45678bd9363,1246.500,4.900,9.200,11.300
2911,4315,800,4,7,23720,ac07c7b4f8238063,1323.700,6.100,10.500,15.600
2912,4316,801,3,7,19620,d9b86427b0e4f510,1339.800,7.200,11.700,12.000
2913,4317,802,4,7,23720,ec4760bd0058a2d0,1373.200,7.000,10.900,15.400
2914,4318,803,3,8,20652,b453f53d2901dc40,1951.700,8.600,13.400,12.700
2915,4319,804,4,8,24752,26b6fdbd7292308f,1363.000,6.900,11.200,15.600
2916,4320,805,3,9,21684,671b71eaee0b86c3,1385.700,6.500,11.100,11.600
2917,4321,806,4,7,23720,cd8c44d9a6a97f0a,1271.000,6.400,10.400,23.000
2918,4322,807,3,7,19620,cdd63b35887c1ecb,1266.700,6.000,9.500,11.500
2919,4323,808,4,8,24752,ebafe329c441d06a,1704.800,9.600,12.300,15.400
2920,4324,809,3,8,20652,b90827c71f49db0a,1261.400,5.800,10.500,12.400
2921,4325,810,4,8,24752,227220dc4a68f3a0,1241.000,7.100,10.500,15.700
2922,4326,811,3,7,19620,01351e37ec61a2bd,1300.600,5.200,9.700,11.600
2923,4327,812,4,8,24752,3448dff0709dfa46,1270.700,6.200,10.200,15.400
2924,4328,813,3,10,22716,e8e94d7c85f21c89,1656.500,8.400,12.000,11.800
2925,4329,814,4,10,26816,4efd3aff9df7d2c1,1244.500,7.300,10.000,15.100
2926,4330,815,3,10,22716,96684c80ec396303,1262.800,40.000,19.900,11.800
2927,4331,816,4,9,25784,0a70544bc89a174c,1231.300,6.100,11.700,15.800
2928,4332,817,3,10,22716,ca067184cc1b78d7,1225.300,6.400,9.900,11.400
2929,4333,818,3,10,22716,c2ace57027eb20b5,1643.500,6.600,11.100,11.500
2930,4334,819,3,11,23748,1813d54212887d9b,1238.500,7.200,11.300,12.200
2931,4335,820,3,11,23748,f1109ecd8330cbd3,1244.100,6.400,11.600,11.300
2932,4336,821,3,11,23748,d4f212a770187818,1236.300,6.700,10.000,11.400
2933,4337,822,3,10,22716,854509fdf75572fa,1278.200,6.200,9.200,11.200
2934,4338,823,3,11,23748,dec4686a4553c374,1807.800,8.200,13.600,11.800
2935,4339,824,3,11,23748,6d4aaf41499ce87c,1301.500,8.700,10.000,11.700
2936,4340,825,3,12,24780,caab58feb5b3dd79,1239.100,7.100,9.800,11.800
2937,4341,826,3,12,24780,95bf4061dd735fdd,1367.800,9.000,9.800,12.300
2938,4342,827,3,11,23748,6cb0932eeb0f3b47,1535.500,7.600,11.000,12.000
2939,4343,828,3,11,23748,afbdd57f0991be99,1282.800,7.000,9.900,11.700
2940,4344,829,3,11,23748,7063685d404267d0,1240.500,6.800,12.500,11.600
2941,4345,830,3,12,24780,92bf0adb7bfb0b42,1292.200,7.100,9.700,11.700
2942,4346,831,3,11,23748,e6a0f8d188c2ebc3,1234.800,6.400,10.900,11.900
2943,4347,832,3,9,21684,bfecf755c29fb64c,1491.200,7.100,12.700,13.000
2944,4348,833,3,10,22716,785daf7dba0a5a85,1306.000,6.600,9.900,11.500
2945,4349,834,3,9,21684,ec7eb7cd2d7e2cdb,1343.700,12.800,11.100,11.600
2946,4350,835,3,9,21684,edcc5d76d9c18ab8,1261.900,6.600,10.300,11.200
2947,4351,836,3,10,22716,553009224ce470eb,1292.300,6.800,11.900,11.200
2948,4352,837,3,9,21684,fdcd2a7632bdef15,1660.000,8.200,12.900,11.800
2949,4353,838,3,9,21684,36cbe31bdd856d9f,1229.900,17.600,9.700,11.500
2950,4354,839,3,9,21684,a92c3c94ff0a923a,1252.900,7.300,10.100,11.500
2951,4355,840,3,10,22716,b5fdc10b6492a663,1563.500,7.100,10.900,11.300
2952,4356,841,3,8,20652,4e006db3680cb115,1629.800,5.700,10.000,11.800
2953,4357,842,3,9,21684,ae65085ceeb1a306,1383.200,6.600,10.300,11.900
2954,4358,843,3,8,20652,be06f666b7c7bf5d,1215.700,6.600,9.500,11.300
2955,4359,844,3,7,19620,c37d38905f5386bf,1288.900,6.300,10.200,12.400
2956,4360,845,3,7,19620,8d70026590857692,1647.000,6.100,11.200,11.600
2957,4361,846,3,6,18588,7dd57b88621c339b,1232.700,6.500,10.700,11.500
2958,4362,847,3,6,18588,3394452c2c0a5a3e,1313.500,8.200,9.700,12.000
2959,4363,848,3,9,21684,b4835ccced8cb37a,1269.600,7.500,9.300,11.500
2960,4364,849,3,9,21684,a5a727d6e500aadc,1404.500,6.800,10.800,11.700
2961,4365,850,3,9,21684,00671862d0e9f0e4,1257.100,6.700,11.300,11.300
2962,4366,851,3,8,20652,67f401e02e22963d,1230.300,5.800,9.200,11.300
2963,4367,852,3,7,19620,8b68507ce837a000,1236.100,5.800,11.100,11.400
2964,4368,853,3,7,19620,daf823f0cf894db0,1391.300,6.200,10.900,11.700
2965,4369,854,3,7,19620,73335a0b10e48dbd,1673.800,6.600,11.500,11.900
2966,4370,855,3,7,19620,3212f92b79857ef5,1490.500,6.100,11.000,11.600
2967,4371,856,3,7,19620,588f3591555b5c06,1284.500,5.700,10.500,11.300
2968,4372,857,3,3,15492,aadd66207cd52867,1234.200,4.200,10.700,11.900
2969,4373,858,3,3,15492,7e13aae2b82222a8,1381.900,6.300,10.900,12.000
2970,4374,859,3,3,15492,f20111401607a1dc,1619.700,7.800,12.100,22.700
2971,4375,860,3,3,15492,9efba150786a6650,1418.500,5.600,12.000,11.800
2972,4376,861,3,3,15492,6f71ad4ac303d810,1587.000,6.400,12.400,12.700
2973,4377,862,3,3,15492,6a7958c61d315eb8,1389.600,5.700,9.800,11.500
2974,4378,863,3,4,16524,b98e0f6ff4d556c5,1560.200,7.000,10.800,17.500
2975,4379,864,3,4,16524,1c1247079b7ddd0f,1235.500,4.600,10.300,12.000
2976,4380,865,3,4,16524,6138766733e34097,1278.300,4.800,9.200,11.400
2977,4381,866,3,5,17556,c2f1d718c7722562,1260.100,8.500,9.900,11.500
2978,4382,867,3,4,16524,b41b8bba748627cf,1236.200,5.400,9.000,11.500
2979,4383,868,3,4,16524,44770c190eaeea3b,1683.200,13.600,12.500,11.900
2980,4384,869,3,3,15492,2d297e93ad3c4651,1225.200,4.700,9.800,11.400
2981,4385,870,3,3,15492,c67a1c77b8643311,1231.100,11.200,9.200,12.100
2982,4386,871,3,4,16524,6621f4f3797b95e7,1411.600,10.400,9.600,11.500
2983,4387,872,3,5,17556,3dfc1c418b797181,1743.600,6.400,11.300,11.600
2984,4388,873,3,6,18588,bacbaaa64a200561,1369.000,6.200,10.200,11.500
2985,4389,874,3,6,18588,ca2b80b56540468c,1634.400,6.500,9.900,11.700
2986,4390,875,3,8,20652,63e5e5489608f928,1235.900,6.600,10.400,11.400
2987,4391,876,3,7,19620,ffccb2cd30fec70a,1226.900,6.200,10.000,11.500
2988,4392,877,3,8,20652,46b34fdada1ea59c,1307.800,6.100,9.800,11.400
2989,4393,878,3,8,20652,f3b520b3bc286b98,1272.900,7.300,11.000,11.900
2990,4394,879,3,9,21684,83c1cba2ebe648f8,1668.600,8.700,25.000,12.100
2991,4395,880,3,9,21684,0dbb48e383730865,1279.600,6.800,10.600,11.400
2992,4396,881,3,10,22716,9f90aad6c713acb1,1231.200,11.500,9.600,11.400
2993,4397,882,3,9,21684,f1eb6d796a95a4a1,1241.600,5.900,10.700,11.400
2994,4398,883,3,10,22716,cc5dd540a36e1872,1387.200,6.500,10.700,11.500
2995,4399,884,3,11,23748,da709dc85280228e,2246.600,8.600,13.100,11.900
2996,4400,885,3,13,25812,a8ecb02e22e55ced,1260.800,8.100,10.800,11.300
2997,4401,886,3,11,23748,5033bdb482af6b2f,1228.800,6.500,10.200,11.400
2998,4402,887,3,11,23748,a4825097a7881d40,1245.800,7.400,10.800,12.300
2999,4403,888,3,11,23748,880cc7d7d007ca5d,1234.400,19.200,11.200,11.800
3000,4404,889,3,11,23748,dd251dd0e22e791d,1365.700,7.500,12.000,11.800
3001,4405,890,3,12,24780,280a332203b9bc8b,1445.700,8.400,10.500,11.600
3002,4406,891,3,11,23748,7cc4871af781bcb7,1232.000,7.000,10.600,12.000
3003,4407,892,3,11,23748,f27b5b81c966d445,1243.800,6.800,10.700,11.400
3004,4408,893,3,11,23748,81761625e009d801,1435.100,7.300,11.800,12.100
3005,4409,894,3,12,24780,88e40e6c11182709,1224.700,7.000,9.900,11.700
3006,4410,895,3,12,24780,89ccc7a15542080d,1708.900,6.900,11.400,11.500
3007,4411,896,3,10,22716,8d1e14927337d6a6,1278.900,5.800,9.000,11.400
3008,4412,897,3,9,21684,a18272506ec305a4,1249.200,6.400,8.800,11.500
3009,4413,898,3,9,21684,122832407657ca80,1300.700,5.900,11.200,11.800
3010,4414,899,3,9,21684,085116aab6fbb7aa,1302.200,6.300,9.900,11.900
3011,4415,900,3,7,19620,c9e55f6e4e27fefc,1791.600,7.100,11.700,11.600
3012,4416,901,3,9,21684,edae6007e4c405d9,1323.800,6.900,9.900,12.800
3013,4417,902,3,7,19620,4d51c9d4f3b4391d,1283.300,6.600,11.300,11.900
3014,4418,903,3,7,19620,00d8cdfbb9fec161,1262.300,5.900,10.200,11.600
3015,4419,904,3,7,19620,ef078adc3a40f555,1239.000,6.000,9.800,11.400
3016,4420,905,3,4,16524,2f56f50e9246e485,1662.200,4.800,12.300,12.100
3017,4421,906,3,3,15492,a6f018dbf8d1f90f,1382.200,4.900,10.400,12.100
3018,4422,907,3,3,15492,028e2d392a12568a,1374.400,6.700,11.900,12.700
3019,4423,908,3,4,16524,6bf37f1ae1978498,1252.300,5.600,11.000,11.500
3020,4424,909,3,5,17556,75051174a6564f27,1634.500,8.200,11.500,12.400
3021,4425,910,3,5,17556,ab1690fc8ffc8c1a,1738.400,6.800,11.100,12.100
3022,4426,911,3,4,16524,cef3c3b453959985,1252.400,5.800,11.100,11.600
3023,4427,912,3,4,16524,7ac979eb4ffd6c14,1224.000,5.200,9.600,11.600
3024,4428,913,3,6,18588,de0930d8937005b7,1343.500,7.300,9.400,11.700
3025,4429,914,3,5,17556,c22b11c6a21662c5,1268.900,5.000,9.300,11.900
3026,4430,915,3,7,19620,9cee0a89d43e5f1e,1236.400,6.100,9.500,11.500
3027,4431,916,3,5,17556,a666399189a3caee,1236.400,5.400,9.600,11.300
3028,4432,917,3,6,18588,a0c91d28cb4b4328,1752.400,7.100,12.100,12.300
3029,4433,918,3,6,18588,e241c063830faf6c,1393.900,7.500,11.800,11.700
3030,4434,919,3,5,17556,cc1ac7d3e1ec8cfc,1380.100,5.700,11.600,11.500
3031,4435,920,3,5,17556,1851258871cc4b50,1351.600,6.800,12.100,11.700
3032,4436,921,3,5,17556,a167f18ceb78d303,1377.800,7.500,11.800,11.900
3033,4437,922,3,5,17556,cff856f440e8d0ca,1607.800,8.400,12.800,12.100
3034,4438,923,3,5,17556,f6da15545381f200,1318.400,6.100,10.100,11.600
3035,4439,924,3,5,17556,3d18ad8504290b7d,1317.500,5.700,9.600,12.200
3036,4440,925,3,3,15492,ddcc77ff37ebe1cf,1303.000,6.500,11.200,11.400
3037,4441,926,3,5,17556,499925f91ee35b2d,1223.000,5.900,9.400,11.400
3038,4442,927,3,4,16524,bb5ef408650f6bef,1245.200,5.100,9.800,11.900
3039,4443,928,3,5,17556,94c35a2fa1fc0169,1659.600,7.800,11.400,11.500
3040,4444,929,3,4,16524,bd163d85d23fede5,1272.000,5.200,9.400,11.600
3041,4445,930,3,3,15492,761deb9676cd2395,1241.600,4.800,10.100,11.600
3042,4446,931,3,4,16524,fc94da196017ddbd,1249.400,4.500,9.300,11.300
3043,4447,932,3,3,15492,92c48978c55d627e,1342.400,5.500,9.400,11.500
3044,4448,933,3,4,16524,4518796577ffdd04,1309.700,5.900,10.100,12.100
3045,4449,934,3,5,17556,3c85a148b6eb876c,1363.000,5.900,9.900,11.500
3046,4450,935,3,5,17556,f7ac52e3f8e6f570,1928.400,6.700,13.700,15.200
3047,4451,936,3,4,16524,880a1bd808a5ca90,1454.300,6.900,10.900,12.200
3048,4452,937,3,5,17556,160955aae919fe26,1339.000,6.400,11.000,11.800
3049,4453,938,3,5,17556,7025970ea6349130,1239.600,5.800,9.700,11.800
3050,4454,939,3,4,16524,98e456d530069fce,1253.400,6.000,10.200,11.700
3051,4455,940,3,5,17556,c05bb33e4fcf4b80,1346.100,5.600,9.000,11.500
3052,4456,941,3,5,17556,4ece44055fada6ad,1614.000,9.200,13.700,11.900
3053,4457,942,3,5,17556,18c36e39ceee7318,1318.800,4.200,10.400,11.400
3054,4458,943,3,6,18588,160b879d2e83f249,1258.200,5.300,10.500,11.400
3055,4459,944,3,6,18588,f0c21af4a749cedc,1286.900,5.900,10.700,11.500
3056,4460,945,3,6,18588,48e49573a120aeab,1433.600,6.700,10.400,11.500
3057,4461,946,3,6,18588,f816c83db57bc7de,1271.100,6.200,10.100,11.300
3058,4462,947,3,6,18588,a3fcaa66c48894f7,1230.200,6.000,9.600,11.600
3059,4463,948,3,6,18588,febc2b67987f8de9,1651.300,5.900,10.900,11.300
3060,4464,949,3,4,16524,033c6d895fa65043,1250.100,4.600,9.200,11.300
3061,4465,950,3,5,17556,6f5e97d80fa6bfa1,1583.700,6.200,11.400,11.600
3062,4466,951,3,6,18588,2f161e473e0ff562,1254.700,5.000,9.800,11.300
3063,4467,952,3,4,16524,d9d022930abb9cb7,1229.100,4.200,11.200,11.400
3064,4468,953,3,5,17556,c4ec60834cbb92d2,1670.000,5.200,10.100,12.300
3065,4469,954,3,5,17556,3705827427f5e67c,1232.300,4.900,9.200,11.300
3066,4470,955,3,6,18588,9cc30ddb99d81947,1236.700,5.200,10.100,12.100
3067,4471,956,3,6,18588,b2501ba825b3e4f3,1233.200,5.200,9.600,12.100
3068,4472,957,3,6,18588,d54caaf7432896df,1279.000,6.900,10.000,11.700
3069,4473,958,3,4,16524,a73d713fbf8de976,1478.500,6.300,10.800,11.700
3070,4474,959,3,3,15492,00068f569f7ed792,1305.500,4.400,11.000,11.500
3071,4475,960,3,4,16524,6f82574b487993b1,1294.300,4.800,9.900,11.500
3072,4476,961,3,4,16524,3ed9afed44ca05db,1641.000,5.400,11.000,12.100
3073,4477,962,3,4,16524,c05037e4dbe256c5,1359.200,5.100,11.700,11.600
3074,4478,963,3,7,19620,0cd01097d3d908eb,1771.200,6.100,10.300,11.500
3075,4479,964,3,7,19620,d5e1be07e0567943,1231.000,5.500,9.700,11.800
3076,4480,965,3,9,21684,51a92eafd2d9f850,1218.700,5.000,9.800,11.300
3077,4481,966,3,8,20652,8c0db58c9532e144,1241.300,6.100,9.700,12.300
3078,4482,967,3,9,21684,b09875bba362bbdc,1242.700,5.200,9.500,11.500
3079,4483,968,3,10,22716,b944ab02a5cb1ae6,1702.800,8.100,10.600,12.900
3080,4484,969,3,11,23748,25d3b8fe3ebc9941,1247.100,6.700,10.100,53.600
3081,4485,970,3,10,22716,4441f180f5e28373,1244.100,7.700,10.000,11.600
3082,4486,971,3,11,23748,dd752559d96d1fda,1257.400,8.100,9.400,11.400
3083,4487,972,3,12,24780,8d9a6c68f9b78efc,1398.700,7.800,9.900,11.500
3084,4488,973,3,12,24780,b5aefce6ab270d7a,1428.700,9.400,14.200,12.000
3085,4489,974,3,12,24780,12e81db2fe6b7fcc,1353.800,6.800,11.700,11.600
3086,4490,975,3,13,25812,86397627b72f49bb,1254.400,7.500,9.900,12.000
3087,4491,976,3,13,25812,0b81f1cc7009540a,1270.700,7.200,10.900,11.300
3088,4492,977,3,13,25812,8cd2828351c2ebe9,1299.300,8.100,10.400,11.700
3089,4493,978,3,13,25812,1dd3ad5a9e6a5258,1531.600,7.800,11.200,11.700
3090,4494,979,3,13,25812,eee90e798d671f24,1371.900,7.500,11.400,11.700
3091,4495,980,3,13,25812,1a7d98830d5392f0,1368.900,8.700,16.700,11.800
3092,4496,981,3,13,25812,9ac895234109a968,1333.800,7.700,10.400,11.500
3093,4497,982,3,13,25812,102e7aa0781a7e71,1699.500,6.700,12.700,11.400
3094,4498,983,3,13,25812,24044dd28bbbeb5a,1446.600,7.000,12.000,11.400
3095,4499,984,3,13,25812,12cde29fac2fbf22,1246.200,6.900,9.000,11.400
3096,4500,985,3,13,25812,0419449e1af126d4,1285.400,7.100,10.700,12.000
3097,4501,986,3,13,25812,b2643d940f3f8aa6,1690.900,8.800,12.100,11.700
3098,4502,987,3,13,25812,4d5051dbbcf1307f,1222.800,7.300,8.900,11.500
3099,4503,988,3,13,25812,e2bd80fd2a4b8d38,1433.200,19.300,10.900,12.300
3100,4504,989,3,13,25812,d52d1a28e0bba9ec,1326.800,7.600,9.900,11.300
3101,4505,990,3,13,25812,2acad4cc06fd57a9,1239.400,7.000,9.400,11.300
3102,4506,991,3,13,25812,ff6f7142924fa01b,1412.800,7.400,9.700,11.500
3103,4507,992,3,13,25812,7b84c0698de51c73,1303.000,7.200,10.000,11.400
3104,4509,993,3,13,25812,e1dff6e265a13808,1226.100,6.700,10.300,16.000
3105,4510,994,3,13,25812,c7fcafba90c4368c,1229.900,7.000,10.500,11.300
3106,4511,995,3,13,25812,5970562a70d4c0a9,1315.800,8.200,11.800,11.600
3107,4512,996,3,13,25812,9b6e22baff32a8ec,1658.500,9.400,11.100,11.500
3108,4513,997,3,13,25812,3400bbfbaa8c5870,1267.200,6.800,9.600,11.800
3109,4514,998,3,13,25812,5dc846d953af4342,1262.800,8.900,10.300,11.900
3110,4515,999,3,13,25812,b9d243e73c2e049a,1224.200,7.000,9.600,11.400
3111,4516,1000,3,13,25812,22dc8b8b801f4e09,1254.000,8.000,9.500,11.400
3112,4517,1001,3,13,25812,54230505b9d74c59,1289.400,13.800,10.400,11.400
3113,4518,1002,3,13,25812,c8b9fa6ae8d7a426,1862.000,10.300,14.100,15.700
3114,4519,1003,3,13,25812,47dac901811997ee,1238.400,7.800,10.200,11.400
3115,4520,1004,3,12,24780,4d6ef6bb1ab967a3,1242.300,9.000,10.700,11.900
3116,4521,1005,3,12,24780,75a5aec75e800772,1432.700,7.000,10.600,11.500
3117,4522,1006,3,13,25812,14b16a71a947102a,1551.100,9.700,14.400,12.400
3118,4523,1007,3,12,24780,dfde56c21e05dc7b,1297.000,7.500,10.900,11.400
3119,4524,1008,3,11,23748,2b2ed77c3661cbfd,1318.100,8.200,10.100,11.400
3120,4525,1009,3,11,23748,93db1f9ea3140776,1230.400,6.700,10.900,11.300
3121,4526,1010,3,11,23748,643f3b959a85c076,1267.000,8.200,9.800,11.300
3122,4527,1011,3,11,23748,615326bcef82e5f6,1828.600,7.200,10.800,12.000
3123,4528,1012,3,11,23748,329d651df38ed599,1281.900,8.000,11.000,11.900
3124,4529,1013,3,3,15492,341ca448a3fda776,1266.900,5.100,9.500,12.100
3125,4530,1014,3,2,14460,1ad359ac6078ed74,1581.400,3.600,9.700,11.600
3126,4531,1015,3,2,14460,8592951cf0a0013b,1316.800,4.800,9.400,11.400
3127,4532,1016,3,2,14460,36e83cabfd5f2b6a,1645.700,4.500,11.000,11.300
3128,4533,1017,3,2,14460,2599957f993b6b55,1267.400,8.900,10.000,11.700
3129,4534,1018,3,2,14460,42ae44d9b5004e03,1345.700,4.300,9.500,11.400
3130,4535,1019,3,1,13428,28952f8390d93fce,1376.200,16.100,9.500,12.100
3131,4536,1020,3,1,13428,074cc94fb7306ad3,1280.100,6.400,11.000,12.200
3132,4537,1021,3,1,13428,bc821b32ab0891fd,1583.600,5.500,9.800,11.500
3133,4538,1022,3,1,13428,ec626860cc387cef,1287.100,4.000,10.200,11.300
3134,4539,1023,3,2,14460,af2d3b4cbb7d627f,1270.700,6.300,10.300,11.400
3135,4540,1024,3,2,14460,ef85ff84e93433df,1245.000,4.600,9.500,12.200
3136,4541,1025,3,1,13428,67ea42960a1a21ce,1390.600,5.700,10.200,11.600
3137,4542,1026,3,1,13428,60d0bf4b7423e571,1644.700,5.900,10.500,12.100
3138,4543,1027,3,2,14460,ee0fc05ad065d68d,1263.600,6.400,10.300,11.600
3139,4544,1028,3,1,13428,e650399ce1b08cda,1222.400,3.100,10.700,11.900
3140,4545,1029,3,2,14460,3dc94cf5c849e123,1260.700,4.900,9.800,11.400
3141,4546,1030,3,2,14460,88ab23fbec5d392e,1258.300,5.600,9.200,12.400
3142,4547,1031,3,1,13428,4853a538b6957a09,1272.100,5.300,9.600,11.600
3143,4548,1032,3,1,13428,7eaebcc400c07732,1576.300,4.100,9.800,11.500
3144,4549,1033,3,1,13428,36dc82cda77f39fb,1356.500,4.700,9.000,11.400
3145,4550,1034,3,1,13428,b1bb22cc47f89831,1336.900,5.100,10.600,12.000
3146,4551,1035,3,2,14460,c515566659752657,1393.300,11.000,10.900,11.700
3147,4552,1036,3,2,14460,1dcc07ebf6f51be2,1940.000,10.000,18.300,12.800
3148,4553,1037,3,2,14460,72a5102e5ca912ac,1394.100,5.300,10.900,11.500
3149,4554,1038,3,2,14460,1d0fef683e6693ee,1239.900,5.100,10.500,11.300
3150,4555,1039,3,2,14460,32c2bf5e731cd226,1275.200,8.200,24.800,11.600
3151,4556,1040,3,3,15492,ae2a71f27c56743d,1326.300,4.100,10.000,11.500
3152,4557,1041,3,3,15492,de1c72923fc1235e,1333.100,5.300,10.100,11.500
3153,4558,1042,3,4,16524,41f8021e069f94b5,1741.800,5.800,11.500,11.600
3154,4559,1043,3,4,16524,1fee7d0bfbad4109,1232.200,5.000,11.100,11.400
3155,4560,1044,3,3,15492,b6f6605501d16e15,1302.500,5.600,8.400,11.400
3156,4561,1045,3,3,15492,eee6e8e9f46a05d8,1237.800,15.200,9.600,11.600
3157,4562,1046,3,4,16524,26a89da68d48fcf4,1342.300,6.300,10.400,12.200
3158,4563,1047,3,4,16524,0cdd7d08444d1098,2078.900,6.300,13.800,12.300
3159,4564,1048,3,4,16524,27f1e6d213674b02,1364.200,6.000,9.700,11.500
3160,4565,1049,3,4,16524,39c3eebfd4d26181,1225.600,4.600,10.300,12.000
3161,4566,1050,3,4,16524,2c3cdd9585b6fa75,1236.000,5.600,9.100,12.000
3162,4567,1051,3,4,16524,f65691a460a31052,1284.800,5.500,8.700,12.000
3163,4568,1052,3,5,17556,a9eafaa77283dd37,1361.500,6.900,12.000,11.800
3164,4569,1053,3,5,17556,0c6badfd8f9bb7a2,1549.000,6.700,9.400,11.500
3165,4570,1054,3,4,16524,41c90b9887de30fa,1226.100,5.800,11.100,12.400
3166,4571,1055,3,4,16524,02d481e53d1d1bf8,1255.600,4.800,8.900,11.500
3167,4572,1056,3,4,16524,bd2e555fe723ec4b,1537.400,4.800,10.900,11.400
3168,4573,1057,3,4,16524,51b860d268090a3f,1399.600,6.900,10.000,11.600
3169,4574,1058,3,4,16524,20df5cb4f01f4ff2,1496.900,8.200,11.300,12.300
3170,4575,1059,3,2,14460,d1bba8c5754a2d51,1459.400,5.000,10.200,11.400
3171,4576,1060,3,3,15492,f1c3a165c684c4b8,1227.100,6.000,9.200,11.600
3172,4577,1061,3,4,16524,703615640cce04fb,1226.800,4.000,10.100,11.500
3173,4578,1062,3,5,17556,d1ffa285bbacdcd8,1439.100,6.700,11.500,11.600
3174,4579,1063,3,5,17556,304406c37e34f86c,1236.200,5.800,9.400,11.900
3175,4580,1064,3,6,18588,c4a588240c71a7d4,1234.900,5.600,9.600,11.400
3176,4581,1065,3,5,17556,a2cb1983cd8c2305,1235.900,6.500,10.000,12.300
3177,4582,1066,3,5,17556,78e8c65ec565ffe9,1215.800,5.300,8.700,12.100
3178,4583,1067,3,5,17556,f5b5615982563577,1234.400,4.900,9.500,12.100
3179,4584,1068,3,5,17556,247d7afe085e372f,1681.500,4.800,10.500,11.600
3180,4585,1069,3,4,16524,db4a8cc6ff060e36,1229.400,5.600,8.600,11.400
3181,4586,1070,3,6,18588,5f5bc416569eb9e1,1327.600,6.800,10.800,11.500
3182,4587,1071,3,6,18588,d02c7d9b6f37854e,1221.800,5.400,9.300,11.500
3183,4588,1072,3,6,18588,8adadfabf0b87dd4,1288.800,5.700,10.400,11.300
3184,4589,1073,3,6,18588,05fad7e8e03102b4,1315.600,5.700,10.000,11.400
3185,4590,1074,3,5,17556,c114d21eb4a252b4,1660.400,5.800,10.100,12.700
3186,4591,1075,3,3,15492,132a5bf4ee9ac12b,1324.500,5.600,12.200,12.700
3187,4592,1076,3,4,16524,5988cc5a7fa9023c,1410.700,4.200,9.600,11.500
3188,4593,1077,3,4,16524,076cdfea025cdd15,1248.500,5.100,10.700,11.200
3189,4594,1078,3,5,17556,d7553e1dd9f74405,1230.900,5.200,9.700,11.600
3190,4595,1079,3,5,17556,0fd83f7662f5afa8,1211.800,4.700,9.200,11.400
3191,4596,1080,3,5,17556,17117463a63a841b,1262.100,5.700,10.600,11.500
3192,4597,1081,3,5,17556,21f8ee18a21204c6,1288.000,6.500,11.000,12.300
3193,4598,1082,3,4,16524,67df4d61d238a4da,1714.900,5.700,10.400,11.500
3194,4599,1083,3,5,17556,c6f187394431cb85,1261.600,5.200,9.900,11.500
3195,4600,1084,3,5,17556,1a6e370beb26a5b2,1308.000,5.500,9.600,12.200
3196,4601,1085,3,4,16524,a4f3d611c476aeb1,1282.000,5.300,10.800,11.700
3197,4602,1086,3,5,17556,e1cf824e38c5796a,1228.900,5.700,9.200,11.500
3198,4603,1087,3,4,16524,0d9dd6758183a7cf,1231.100,5.500,9.900,11.600
3199,4604,1088,3,4,16524,cca2c4f23764f5d2,1241.900,5.500,10.100,11.400
3200,4605,1089,3,3,15492,14e510bbc1f74352,2550.100,7.400,11.100,11.900
3201,4606,1090,3,3,15492,ae0e731175202bbc,1502.900,5.000,11.300,11.800
3202,4607,1091,3,3,15492,91a46814faae506d,1225.800,4.800,9.900,11.900
3203,4608,1092,3,3,15492,404fc0f677bd0692,1227.500,3.600,11.800,11.600
3204,4609,1093,3,3,15492,af9b6e32c213b786,1318.500,4.800,9.200,11.600
3205,4610,1094,3,4,16524,960bab8b1a89d51f,1322.900,5.700,10.300,11.800
3206,4611,1095,3,5,17556,f4192d673fda74a4,1385.200,6.000,12.700,12.300
3207,4612,1096,3,4,16524,e6b4d36e1d2132dd,1477.300,7.200,10.800,12.300
3208,4613,1097,3,5,17556,96093a5ebc2f46b5,1416.900,7.000,13.500,12.700
3209,4614,1098,3,4,16524,e15b4793306213d1,1780.500,5.900,12.400,11.500
3210,4615,1099,3,5,17556,657281480305d586,1233.100,6.700,9.600,11.700
3211,4616,1100,3,5,17556,7694ffaff1f4acd6,1454.700,5.800,10.900,12.100
3212,4617,1101,3,4,16524,0ffd0be7cd14732f,1449.800,5.200,11.400,12.100
3213,4618,1102,3,4,16524,240c208c38c6290a,1369.400,5.700,11.300,11.400
3214,4619,1103,3,6,18588,f9dca6fc90cc695f,1569.000,5.200,11.300,12.100
3215,4620,1104,3,6,18588,081bcb9b01992c1c,1238.700,5.600,9.100,12.200
3216,4621,1105,3,6,18588,429e568526aadcd9,1364.600,6.800,10.500,18.100
3217,4622,1106,3,6,18588,94ad16b0094e8a85,1249.900,6.000,9.300,11.700
3218,4623,1107,3,5,17556,f8dc618399674ad0,1299.300,6.100,9.700,11.400
3219,4624,1108,3,5,17556,c01f0984c55bddfd,1255.100,4.900,10.200,11.600
3220,4625,1109,3,5,17556,5be3febcdf6d0821,1685.400,5.800,11.900,11.600
3221,4626,1110,3,5,17556,0ac0e638ecdb0ec8,1221.800,4.700,10.400,12.200
3222,4627,1111,3,6,18588,10f8d7f1528bbf3e,1247.300,6.900,10.500,11.700
3223,4628,1112,3,5,17556,111568e184de343a,1256.100,4.500,9.800,12.400
3224,4629,1113,3,6,18588,5d939af28f4a40c1,1282.200,5.200,10.300,11.900
3225,4630,1114,3,4,16524,35527723dcc5d0b5,1226.000,4.800,9.600,12.300
3226,4631,1115,3,4,16524,b824db7b6a010953,1688.800,6.400,12.200,11.800
3227,4632,1116,3,4,16524,615ec05361f47303,1252.600,5.300,10.300,11.300
3228,4633,1117,3,4,16524,45b6504f0d3b6e3a,1248.100,6.100,10.300,11.800
3229,4634,1118,3,4,16524,ebd2137076fab3a6,1247.500,4.400,9.900,11.500
3230,4635,1119,3,5,17556,e4990c213ea3aeba,1341.500,11.700,12.100,12.000
3231,4636,1120,3,5,17556,4fa3a286bf4e84e0,1235.200,6.300,9.800,11.500
3232,4637,1121,3,4,16524,204de1d99e621997,1800.500,6.800,11.400,12.200
3233,4638,1122,3,3,15492,5962f89c5b4381c9,1243.600,4.600,9.900,11.500
3234,4639,1123,3,2,14460,35f9242110575690,1281.400,4.300,11.300,11.600
3235,4640,1124,3,2,14460,f7f36d775c6a6476,1228.800,4.000,9.800,11.400
3236,4641,1125,3,2,14460,288bdfd184b76190,1233.900,3.900,24.300,11.800
3237,4642,1126,3,2,14460,70c7b3cb84bcedef,1636.100,23.700,12.000,12.000
3238,4643,1127,3,2,14460,4b466273d62e2dea,1276.100,4.500,10.300,11.800
3239,4644,1128,3,1,13428,d283af2f1a0f19da,1303.500,3.900,11.200,11.300
3240,4645,1129,3,1,13428,c88904dc32758507,1269.700,4.400,9.200,11.400
3241,4646,1130,3,1,13428,e8c813965c089f72,1228.700,4.200,9.400,12.000
3242,4647,1131,3,2,14460,8d01c67f1f1dfecf,1247.400,4.100,9.000,11.900
3243,4648,1132,3,2,14460,1442c37146e97934,1695.000,5.100,10.700,11.700
3244,4649,1133,3,2,14460,018fb23f4b857ade,1237.400,4.400,9.800,11.500
3245,4650,1134,3,2,14460,ad9d18acee606c70,1225.600,5.000,9.800,11.300
3246,4651,1135,3,2,14460,a401606edb00b3ae,1249.500,4.000,9.900,11.400
3247,4652,1136,3,2,14460,4430859c51d98ad3,1461.800,3.900,9.800,11.600
3248,4653,1137,3,2,14460,956251d57a55d97f,1277.400,4.800,9.300,11.600
3249,4654,1138,3,2,14460,c5d1e4f687b8a964,1263.900,5.400,9.200,11.700
3250,4655,1139,3,2,14460,7483ba7cbc7403a5,1507.500,5.900,9.400,12.100
3251,4656,1140,3,2,14460,f3e7f770ea2e42f0,1238.900,4.000,9.800,11.400
3252,4657,1141,3,2,14460,0d6a148c48963385,1517.800,4.000,10.400,11.800
3253,4658,1142,3,5,17556,804ca4a187f80327,1242.500,6.800,9.400,11.400
3254,4659,1143,3,6,18588,159f20d3b0c0b64f,1368.700,7.300,10.900,12.000
3255,4660,1144,3,6,18588,c01e50c20a3b7a1b,1611.800,7.100,9.800,12.300
3256,4661,1145,3,6,18588,195912c5ca58adf3,1225.100,5.800,10.100,11.400
3257,4662,1146,3,6,18588,d87411db12d72b97,1390.600,6.400,11.200,12.500
3258,4663,1147,3,7,19620,11b202df52c6e82d,1237.500,5.500,10.500,11.300
3259,4664,1148,3,6,18588,826e521da776719d,1224.500,5.000,10.900,11.300
3260,4665,1149,3,6,18588,235896471113e1f4,1639.500,5.200,10.700,11.600
3261,4666,1150,3,6,18588,50653aca980163c5,1226.400,5.700,10.100,11.500
3262,4667,1151,3,7,19620,ac5ef4f10dc3a3fa,1222.300,5.800,11.700,11.400
3263,4668,1152,3,8,20652,741212756f2cab20,1353.400,6.700,11.300,11.300
3264,4669,1153,3,8,20652,7bb414303c27bb31,1227.600,5.900,9.000,11.600
3265,4670,1154,3,9,21684,5ae6797985bdc47d,1911.600,6.900,13.000,12.500
3266,4671,1155,3,9,21684,ab6d0a8edd7dbd1c,1295.800,6.700,11.900,11.800
3267,4672,1156,3,8,20652,3bcf7bac6ba57793,1388.000,5.900,10.800,11.700
3268,4673,1157,3,8,20652,2408346a78f0c19f,1590.700,7.600,11.000,11.900
3269,4674,1158,3,8,20652,f9fbbffaaeb67366,1367.400,6.500,12.000,11.600
3270,4675,1159,3,8,20652,547d1b71ebf3e8fb,1604.400,6.700,11.600,12.300
3271,4676,1160,3,9,21684,f54017f907821f23,1316.600,10.300,12.300,12.200
3272,4677,1161,3,10,22716,634f3046a952be1e,1306.000,6.600,10.500,11.700
3273,4678,1162,3,10,22716,418ad7b5d813de92,1269.600,7.100,11.100,11.600
3274,4679,1163,3,10,22716,0f8be12a805f13a1,1583.400,6.200,10.800,12.300
3275,4680,1164,3,9,21684,44e8277235e82abd,1273.100,7.100,10.000,11.700
3276,4681,1165,3,9,21684,7268aa9566532885,1355.500,6.300,9.800,11.900
3277,4682,1166,3,11,23748,926e1832b63b2cf0,1268.900,6.100,10.900,11.400
3278,4683,1167,3,11,23748,ddb353b50e20323c,1374.700,7.700,9.400,12.000
3279,4684,1168,3,10,22716,d2d16c25ab3c4dd9,1247.200,7.700,10.000,11.300
3280,4685,1169,3,11,23748,5cd67139b736e792,1902.700,7.700,11.900,11.600
3281,4686,1170,3,11,23748,0c75d040cadffe92,1618.400,8.200,11.900,11.800
3282,4687,1171,3,12,24780,2d58799559b6096f,1239.900,7.100,9.400,11.500
3283,4688,1172,3,12,24780,261676e234bbd702,1240.400,8.000,60.800,11.900
3284,4689,1173,3,12,24780,c20fd3707e666cfa,1281.900,6.100,10.200,11.400
3285,4690,1174,3,12,24780,55a01e2d96921cff,1863.500,11.300,13.700,12.500
3286,4691,1175,3,12,24780,320afa8f04346239,1253.800,6.300,10.000,11.300
3287,4692,1176,3,12,24780,01f333000d33581d,1461.300,7.500,11.400,12.000
3288,4693,1177,3,12,24780,f9fec012add7bf75,1235.000,6.600,10.000,11.400
3289,4694,1178,3,12,24780,2ce38960051f1cc6,1552.200,8.200,12.200,11.700
3290,4695,1179,3,12,24780,b3507d8407b6344c,1268.300,8.400,10.600,11.500
3291,4696,1180,3,14,26844,9774b49e060cb6f1,1222.800,7.500,10.100,11.200
3292,4697,1181,3,13,25812,6b52668a0fd2bb61,1239.200,7.700,10.000,12.200
3293,4698,1182,3,15,27876,b79c9344de0598bc,1410.200,8.400,11.000,12.000
3294,4699,1183,3,13,25812,c589ffbf2ce6ae72,1245.700,8.000,10.100,11.800
3295,4700,1184,3,15,27876,298a69f3833ab270,1255.500,7.600,10.200,11.600
3296,4701,1185,3,15,27876,d36614890d797683,1224.100,7.700,10.200,11.400
3297,4702,1186,3,15,27876,3a6dba61183011ab,1659.700,7.800,11.300,11.400
3298,4703,1187,3,17,29940,9e117ff7a77ca3fb,1238.900,7.400,10.800,11.400
3299,4704,1188,3,17,29940,4b2509e3a44597cc,1326.800,7.600,10.500,11.300
3300,4705,1189,3,14,26844,9db5b89ba3ab5fa8,1280.900,9.300,9.800,11.600
3301,4706,1190,3,15,27876,625dbd1a6ffe4178,1910.300,9.600,15.800,11.700
3302,4707,1191,3,17,29940,e6be230e6c37eccb,1282.700,8.000,10.800,11.700
3303,4708,1192,3,15,27876,4a653609bcfced93,1266.500,7.800,10.500,12.100
3304,4709,1193,3,14,26844,c0839ac8fca6b181,1799.600,9.700,12.500,11.700
3305,4710,1194,3,13,25812,2e53aa2eda5f107e,1347.000,7.200,11.200,11.600
3306,4711,1195,3,14,26844,e57e9d9ce03404ce,1230.500,6.600,11.400,11.300
3307,4712,1196,3,16,28908,1181c46758061069,1667.900,8.600,12.800,11.600
3308,4713,1197,3,17,29940,09fb99b028c48f92,1264.700,11.400,10.900,11.300
3309,4714,1198,3,16,28908,de477a32bd47fec9,1416.000,8.500,10.800,11.600
3310,4715,1199,3,16,28908,037ad9db39ff4626,1797.000,11.900,12.400,11.800
3311,4716,1200,3,14,26844,45a94562d17a07b3,1604.500,19.700,10.900,11.700
3312,4717,1201,3,14,26844,69df4fa568949f45,1249.200,7.800,10.600,12.000
3313,4718,1202,3,15,27876,97e0cef02a1b69e1,1766.300,9.900,12.100,11.600
3314,4719,1203,3,16,28908,6060d617c3410942,1306.000,19.600,10.600,12.300
3315,4720,1204,3,15,27876,74677bb314bf48fe,1228.300,7.800,11.000,11.400
3316,4721,1205,3,14,26844,fb52cadc5f0290b2,1232.600,6.900,9.100,11.400
3317,4722,1206,3,15,27876,1e04e74c8f661e29,1247.000,8.000,11.300,11.400
3318,4723,1207,3,15,27876,6d642410e524ae80,1265.600,8.300,10.200,11.500
3319,4724,1208,3,14,26844,bd4e63a06d6d0288,1352.400,7.300,11.500,11.400
3320,4725,1209,3,15,27876,b11fadfef7d06e83,1738.200,9.000,11.700,11.600
3321,4726,1210,3,15,27876,0bbbe1328b3a83d2,1232.600,7.700,11.100,11.300
3322,4727,1211,3,15,27876,1e30de4414228f2a,1302.200,6.900,11.500,11.400
3323,4728,1212,3,15,27876,aebb2b37c43d5792,1711.300,9.000,13.000,12.200
3324,4729,1213,3,15,27876,4f4a4d746e29d0ef,1597.800,9.300,12.600,11.700
3325,4730,1214,3,15,27876,b624c73a62d02ebb,1804.100,9.700,12.100,12.500
3326,4731,1215,3,14,26844,869a527c02be227e,2007.900,9.300,13.000,12.500
3327,4732,1216,3,14,26844,112936317c5798ac,1281.000,7.000,10.800,11.800
3328,4733,1217,3,15,27876,7f9afc117fdfd026,1244.600,7.900,11.000,11.800
3329,4734,1218,3,15,27876,9311f01a586aa540,1760.300,8.600,12.800,11.700
3330,4735,1219,3,15,27876,19c1831788d8fb19,1238.900,6.500,9.700,11.400
3331,4736,1220,3,14,26844,655e9c0119a04231,1417.900,8.500,9.500,11.500
3332,4737,1221,3,17,29940,51363427a9e3a0b0,1322.700,8.700,13.300,11.400
3333,4738,1222,3,15,27876,d73b0fc99e0dfaca,1228.700,9.800,9.900,11.500
3334,4739,1223,3,15,27876,e98152a15b40710e,1253.600,7.200,11.000,11.300
3335,4740,1224,3,14,26844,06d8704173ddd8d8,1395.100,7.700,12.700,11.500
3336,4741,1225,3,14,26844,6be23c94e48fbcf6,1259.700,15.100,11.300,11.300
3337,4742,1226,3,14,26844,08352b1cf51d2985,1226.500,10.300,9.200,11.300
3338,4743,1227,3,15,27876,da6c2172a8021ad3,1239.400,7.300,10.500,11.300
3339,4744,1228,3,15,27876,0445c6438a173005,1237.800,14.900,10.300,11.300
3340,4745,1229,3,14,26844,0eed5dba688a27f4,1272.500,7.700,10.400,12.000
3341,4746,1230,3,15,27876,0f55a628b67a4390,1233.900,9.300,10.100,11.400
3342,4747,1231,3,14,26844,07e6f3bc8aab3589,1654.800,8.500,12.000,11.800
3343,4748,1232,3,15,27876,3b7db6095c60163b,1243.200,9.400,10.900,11.500
3344,4749,1233,3,15,27876,131c6156c831741b,1225.600,8.000,10.800,11.400
3345,4750,1234,3,15,27876,1fb00ec7167336a7,1226.600,7.600,10.300,11.400
3346,4751,1235,3,15,27876,f26fdd5b1894397e,1329.400,8.700,12.100,11.600
3347,4752,1236,3,15,27876,4ed5c4f9b00e1cbb,1412.100,11.200,11.100,11.800
3348,4753,1237,3,15,27876,d881e85b6e27d1eb,1237.200,6.400,9.800,11.400
3349,4754,1238,3,14,26844,9bda1f54e7b4ecd1,1844.300,14.600,13.200,12.400
3350,4755,1239,3,15,27876,6ee0c174bacb1623,1238.200,6.900,9.900,11.400
3351,4756,1240,3,15,27876,e89dd4d1cc7914c5,1360.300,8.600,10.800,12.100
3352,4757,1241,3,14,26844,c832a9f97859c258,1536.000,7.800,11.400,11.500
3353,4758,1242,3,14,26844,fb58c06b866ef5e2,1228.100,8.600,10.900,11.600
3354,4759,1243,3,13,25812,874a89f0b20237e1,1234.600,7.100,10.700,11.400
3355,4760,1244,3,13,25812,927cb1f489ab888a,1280.800,6.400,10.300,12.000
3356,4761,1245,3,14,26844,d6ca8b04e10e2faa,1314.000,6.800,9.400,11.400
3357,4762,1246,3,15,27876,b0c172ecf4c6748d,1403.000,7.100,10.700,11.300
3358,4763,1247,3,15,27876,f1ff4a50e175ccb8,1282.400,8.100,9.600,12.000
3359,4764,1248,3,15,27876,5f4e0045dde367a4,1686.700,10.100,11.000,11.700
3360,4765,1249,3,15,27876,c243ba77b489d325,1223.000,7.600,10.700,11.400
3361,4766,1250,3,15,27876,d28b068146d71cf4,1229.000,7.900,9.800,11.300
3362,4767,1251,3,15,27876,51f2041caed390bf,1340.800,8.700,11.100,11.700
3363,4768,1252,3,15,27876,e3be55e6ecd20a81,1324.200,8.400,11.000,12.400
3364,4769,1253,3,15,27876,a1427fe69eae60fe,1254.700,6.800,10.300,11.400
3365,4770,1254,3,15,27876,cdaabe28b6dd4f05,1300.000,7.500,11.500,11.500
3366,4771,1255,3,15,27876,6ccb9e3cbf712194,1355.000,7.800,11.000,11.300
3367,4772,1256,3,15,27876,1586c3bf51e9d11f,1215.700,14.300,10.700,11.300
3368,4773,1257,3,15,27876,9176dd44dea98bdc,1272.200,7.400,10.800,11.400
3369,4774,1258,3,15,27876,7e5f3e0ec496d518,1501.000,9.500,12.500,13.600
3370,4775,1259,3,13,25812,c3b25c64ee31ec05,1231.500,7.000,10.000,11.800
3371,4776,1260,3,13,25812,8f8527df3331b86e,1241.400,7.100,10.700,11.400
3372,4777,1261,3,13,25812,1f7363f82d3d5c07,1317.800,6.300,11.100,11.400
3373,4778,1262,3,15,27876,a31ebd4d5a238b41,1261.200,7.500,9.800,11.800
3374,4779,1263,3,15,27876,222a696f32d88c87,1396.600,7.900,10.000,11.800
3375,4781,1264,3,15,27876,7f207b4743de9e22,1261.700,7.800,10.300,11.500
3376,4783,1265,3,15,27876,d8f1b549fdd195a8,1493.700,9.400,13.300,12.900
3377,4784,1266,3,14,26844,da2aa059e8d74bc5,1549.700,7.700,10.600,11.700
3378,4785,1267,3,15,27876,b809b275a553972a,1465.700,9.400,11.400,11.700
3379,4786,1268,3,15,27876,b1ccad0d8faec6d8,1454.800,8.200,12.300,12.500
3380,4787,1269,3,15,27876,46ca3841e63a7656,1596.100,8.600,11.100,12.100
3381,4788,1270,3,15,27876,9824788546947612,1254.400,7.600,11.600,11.900
3382,4789,1271,3,15,27876,fbae8d0e6877468e,1254.100,7.700,10.200,11.600
3383,4790,1272,3,15,27876,4a021009ade03120,1288.900,7.200,11.600,11.500
3384,4791,1273,3,15,27876,879817621819944d,1438.500,6.900,9.800,11.800
3385,4792,1274,3,15,27876,0728306d12b29791,1226.400,7.100,11.000,11.900
3386,4793,1275,3,16,28908,ee0fe7374a5b7a3d,1231.500,8.000,9.900,11.400
3387,4794,1276,3,16,28908,40c055f28f6aaa7c,1268.000,8.900,11.300,11.600
3388,4795,1277,3,16,28908,c22c1de0d3aba16d,1296.700,8.400,11.500,11.600
3389,4796,1278,3,16,28908,e5e872026c0fd412,1234.000,7.400,9.700,11.400
3390,4797,1279,3,16,28908,a896aa63c5043154,1232.000,8.300,11.500,11.200
3391,4798,1280,3,16,28908,28dc0ebec5ced18e,1756.300,7.400,11.900,11.600
3392,4799,1281,3,15,27876,05f0a2659d09a805,1302.200,7.100,10.700,12.000
3393,4800,1282,3,15,27876,6b25b5883c52f3aa,1326.500,9.200,10.800,11.700
3394,4801,1283,3,15,27876,33dffac13cd52033,1745.600,10.100,12.300,11.600
3395,4802,1284,3,13,25812,3c5a4af9fae6d017,1416.100,7.300,11.400,11.400
3396,4803,1285,3,13,25812,118820a14f600e24,1252.400,6.800,10.000,11.500
3397,4804,1286,3,13,25812,91030ee817b8d682,1558.700,7.500,13.800,11.600
3398,4805,1287,3,13,25812,fc5224722b72cc75,1405.800,8.500,11.000,11.600
3399,4806,1288,3,13,25812,18da17b763356d10,1312.200,8.000,10.700,11.400
3400,4807,1289,3,13,25812,b569ba7c00c02d4f,1217.800,6.700,11.300,11.300
3401,4808,1290,3,14,26844,b5b830f97ccaf907,1568.200,8.900,11.600,11.500
3402,4809,1291,3,12,24780,2c80cae7081d41a3,1228.900,6.400,11.500,11.600
3403,4810,1292,3,13,25812,d9ffb7cd581c1079,1494.300,10.800,13.900,12.200
3404,4811,1293,3,13,25812,b490975e38fc3075,1502.100,7.800,10.800,12.000
3405,4812,1294,3,14,26844,ffaf427b5e7fef51,1468.200,7.700,9.400,11.400
3406,4813,1295,3,14,26844,fce356594d66e7f9,1233.500,6.500,10.200,11.300
3407,4814,1296,3,12,24780,5bb70a18e223e57c,1329.300,6.500,11.300,11.500
3408,4815,1297,3,11,23748,51a09f6ba722d2f3,1325.200,6.700,11.100,17.200
3409,4816,1298,3,11,23748,aa07f5a4de8a3ccb,1607.300,6.600,10.700,11.500
3410,4817,1299,3,12,24780,ac50418803619d18,1271.200,6.500,10.200,11.300
3411,4818,1300,3,10,22716,e7d7e7fbbc449164,1242.200,6.200,10.700,11.400
3412,4819,1301,3,11,23748,88e13fd63b1608ec,1411.500,7.200,10.400,12.200
3413,4820,1302,3,10,22716,c5e31792c8fb9449,1858.400,7.200,12.000,11.600
3414,4821,1303,3,10,22716,8d5f86c6ef1759de,1227.100,7.000,9.700,11.400
3415,4822,1304,3,10,22716,805be4933d7611b9,1238.700,6.100,10.700,11.400
3416,4823,1305,3,10,22716,574e1ca8cc261af2,1309.100,6.700,9.500,11.400
3417,4824,1306,3,9,21684,6c19588e8e91255b,1587.200,6.000,11.800,12.000
3418,4825,1307,3,11,23748,74a918564446f511,1540.300,7.600,11.500,11.400
3419,4826,1308,3,11,23748,4cd536ce5f842fb6,1280.300,6.600,10.400,11.400
3420,4827,1309,3,10,22716,02d550fda36577c1,1239.600,6.100,9.700,11.900
3421,4828,1310,3,10,22716,d321bffbb6dccb08,1408.100,7.400,10.300,11.500
3422,4829,1311,3,10,22716,8d94c76efe107b61,1247.500,6.000,11.200,11.300
3423,4830,1312,3,10,22716,ec2e97d251094ba4,1226.800,6.200,9.700,11.300
3424,4831,1313,3,10,22716,0547027734eca997,1239.200,6.200,10.300,11.400
3425,4832,1314,3,10,22716,adbff783bfdfcaad,1235.100,6.800,9.300,11.700
3426,4833,1315,3,10,22716,f0f7753f8dd6cca7,1617.400,7.200,11.000,11.600
3427,4834,1316,3,10,22716,2d4db12a8f55f629,1314.200,6.800,11.000,11.300
3428,4835,1317,3,9,21684,bbd5cccbf89355d0,1224.000,6.400,10.800,11.500
3429,4836,1318,3,9,21684,1af1d27943ad9c22,1324.700,5.700,9.500,11.500
3430,4837,1319,3,10,22716,bb37f2826c7119c6,1676.000,6.900,12.400,11.600
3431,4838,1320,3,9,21684,986adbb07803a79c,1294.500,7.200,10.900,12.100
3432,4839,1321,3,11,23748,2ef75068d93f3b3b,1331.900,6.900,10.300,12.100
3433,4840,1322,3,9,21684,4b59199290585290,1317.500,6.900,10.700,12.100
3434,4841,1323,3,9,21684,34a89149a0e769c3,1908.400,7.900,12.300,12.200
3435,4842,1324,3,10,22716,fc998cbf9d85ba3d,1336.000,7.700,11.100,12.100
3436,4843,1325,3,10,22716,4db9b5085b5d2d6c,1369.600,9.500,10.600,11.900
3437,4844,1326,3,10,22716,410a4314809219c0,1310.100,6.100,9.500,11.600
3438,4845,1327,3,11,23748,3a69345eb38d672c,1716.300,7.300,12.500,11.800
3439,4846,1328,3,9,21684,3f7b5a57630d082f,1234.700,6.500,10.000,11.400
3440,4847,1329,3,7,19620,ddf40795fe3c761d,1287.700,6.300,11.000,11.700
3441,4848,1330,3,8,20652,6b66b5d11e63cbc9,1235.300,6.000,18.800,12.500
3442,4849,1331,3,9,21684,af530b04419e72e0,2137.200,8.300,14.400,18.400
3443,4850,1332,3,9,21684,f798a7daa2754fe5,1286.000,6.500,9.000,11.600
3444,4851,1333,3,8,20652,bb54f4706caab453,1225.400,5.400,10.400,11.800
3445,4852,1334,3,6,18588,01538c354d93f998,1211.300,5.100,9.800,11.700
3446,4853,1335,3,6,18588,1d8133af0322d3dc,1632.400,5.800,10.500,11.800
3447,4854,1336,3,6,18588,82cf19cca39321bf,1399.300,6.200,9.700,17.300
3448,4855,1337,3,6,18588,7eef58a747042cb1,1221.400,4.500,9.100,11.300
3449,4856,1338,3,10,22716,641a0cda068e27fc,1363.600,6.700,10.500,11.300
3450,4857,1339,3,9,21684,8bacddb1ffc1f3df,1638.000,7.000,10.900,11.500
3451,4858,1340,3,8,20652,32ab0317fb6e67fc,1222.600,5.100,8.900,11.800
3452,4859,1341,3,8,20652,4984ac89ef72bade,1566.500,6.700,11.300,11.600
3453,4860,1342,3,8,20652,c4ab7fa6fbbd2267,1297.400,5.900,11.300,11.300
3454,4861,1343,3,7,19620,5ba8c43241033816,1569.000,5.800,11.000,11.400
3455,4862,1344,3,7,19620,c845fb1525854f5e,1269.000,6.500,10.600,11.400
3456,4863,1345,3,8,20652,ac8acb7d8b28e420,1358.700,5.900,12.200,12.100
3457,4864,1346,3,8,20652,2c36d4221c7c3a06,1269.500,5.700,9.900,11.400
3458,4865,1347,3,8,20652,d96982b8c7deed52,1682.300,6.800,9.600,11.700
3459,4866,1348,3,7,19620,1d3097493bbdea5f,1529.700,5.700,10.100,11.400
3460,4867,1349,3,8,20652,8a1a78b79b1d4a62,1230.900,6.400,10.200,11.400
3461,4868,1350,3,9,21684,13431718c960e35a,1516.300,6.400,10.700,11.500
3462,4869,1351,3,9,21684,a508f34a4b83e788,1607.500,6.700,11.200,11.900
3463,4870,1352,3,8,20652,0607859c86c82243,1222.000,6.100,9.400,11.400
3464,4871,1353,3,8,20652,8763ded6405f2b65,1369.300,5.700,9.200,11.500
3465,4872,1354,3,7,19620,548716cb1cc61693,1244.500,7.900,10.600,11.700
3466,4873,1355,3,6,18588,1fd3c8023d57d610,1725.900,7.100,12.300,12.300
3467,4874,1356,3,6,18588,186a848777377c63,1260.800,4.900,11.100,11.300
3468,4876,1357,3,6,18588,ce122536999de0e2,1325.300,6.500,11.600,11.700
3469,4877,1358,3,6,18588,4ea04a3d47d596ed,1334.100,5.600,11.500,11.400
3470,4878,1359,3,6,18588,fb89f2f86dfee713,1312.000,5.300,10.000,11.400
3471,4879,1360,3,6,18588,e0f1b4f5432055b0,1352.300,6.000,10.800,11.600
3472,4880,1361,3,6,18588,eb4fb4cd98334836,1275.700,5.400,9.500,11.500
3473,4881,1362,3,6,18588,4d5743d67d133224,1234.600,4.700,9.500,11.400
3474,4882,1363,3,6,18588,0e5cbc791b99a05a,1283.600,5.000,10.000,11.700
3475,4883,1364,3,7,19620,50a5880db35ef9ea,1426.200,5.100,11.100,12.100
3476,4884,1365,3,7,19620,04695ed01b193b26,1354.400,5.100,9.400,12.200
3477,4885,1366,3,7,19620,7fac63aa04bba547,1237.700,5.500,9.200,11.400
3478,4886,1367,3,7,19620,7f88d446a9446d80,1318.600,6.600,9.800,11.400
3479,4887,1368,3,7,19620,6e523bb25677bf99,1231.800,6.600,8.800,11.500
3480,4888,1369,3,7,19620,d8a70a43521e9237,1230.700,7.100,10.800,12.200
3481,4889,1370,3,8,20652,1d5d29e77f26e30d,1681.900,8.300,12.400,12.200
3482,4890,1371,3,8,20652,b9cb31c32c4a192f,1228.200,5.800,9.900,11.400
3483,4891,1372,3,8,20652,5ae61e43fe286116,1278.900,5.400,10.400,11.400
3484,4892,1373,3,8,20652,1d42bd8b372c03ad,1249.600,5.700,9.800,11.600
3485,4893,1374,3,8,20652,51b3de1996a27cfa,1570.100,6.900,10.600,12.200
3486,4894,1375,3,8,20652,4eb770f5c4c55e47,1260.500,7.200,10.100,11.600
3487,4895,1376,3,8,20652,08652e0f380ef640,1420.400,6.500,10.700,11.400
3488,4896,1377,3,8,20652,77f8b5d13dab6c22,1331.500,6.800,11.300,11.400
3489,4897,1378,3,8,20652,6425b78696daa0cd,1742.300,12.100,14.500,12.600
3490,4898,1379,3,8,20652,119201cb9e3ea864,2006.800,12.700,14.500,13.400
3491,4899,1380,3,8,20652,8fba0c84a691f32a,1369.100,6.700,12.600,11.500
3492,4900,1381,3,8,20652,5530df707f6833a2,1373.100,7.400,11.700,11.900
3493,4901,1382,3,8,20652,4c244b2c7280fb9b,1429.800,7.800,11.200,11.800
3494,4902,1383,3,8,20652,2e3aafbfbefaf9dd,1259.400,6.200,9.900,11.600
3495,4903,1384,3,8,20652,e1a53b74f1f99ee8,1249.100,7.000,10.000,11.300
3496,4904,1385,3,8,20652,7a6c19cfcb57cdf5,1327.200,6.700,10.500,11.600
3497,4905,1386,3,8,20652,7620785cb7b9b934,1668.000,6.800,12.100,11.600
3498,4906,1387,3,8,20652,5c08b8b87f907d44,1282.300,5.900,9.900,12.000
3499,4907,1388,3,7,19620,db69ee1a9aa40e53,1878.700,9.200,13.700,11.600
3500,4908,1389,3,7,19620,a9add415729db557,1270.600,5.900,9.500,11.400
3501,4909,1390,3,7,19620,e35a9fc25ff5f063,1627.900,6.000,10.400,12.000
3502,4910,1391,3,7,19620,eff2f68bcb1cd3db,1353.200,6.100,10.200,12.100
3503,4911,1392,3,7,19620,4adf1b117b0a628b,1226.600,15.900,10.700,11.500
3504,4912,1393,3,7,19620,d093940d33e31f46,1225.500,5.800,9.200,11.500
3505,4913,1394,3,7,19620,abb266b52de5f5ec,1674.000,6.800,12.100,11.700
3506,4914,1395,3,7,19620,89c12336b3aec20f,1369.500,5.700,10.400,11.500
3507,4915,1396,3,7,19620,d7b2e8d1442bdc89,1220.500,5.200,10.600,11.300
3508,4916,1397,3,7,19620,6247a224f5985145,1323.900,6.500,11.500,11.800
3509,4917,1398,3,7,19620,f1a9e36564c4e3ed,1243.800,5.100,9.600,11.500
3510,4918,1399,3,7,19620,e4c4363e3a7b8da7,1412.000,5.700,10.200,11.300
3511,4919,1400,3,7,19620,1f495ae1915c84b5,1234.600,5.200,10.000,11.300
3512,4920,1401,3,7,19620,84f00283e18558c5,1244.500,7.100,9.800,11.400
3513,4921,1402,3,7,19620,8c9ba0ea9873e0e1,1256.000,6.400,10.200,11.400
3514,4922,1403,3,7,19620,939abc1f53a19f59,1258.400,13.200,9.500,11.500
3515,4923,1404,3,7,19620,74d53777a967354e,1311.000,12.500,10.000,11.500
3516,4924,1405,3,7,19620,83b6f105620ac173,1218.800,4.600,9.900,11.300
3517,4925,1406,3,8,20652,5ec3f1dab8575941,1232.600,5.500,10.400,11.400
3518,4926,1407,3,8,20652,0959ec9551ac3b76,1592.800,14.400,10.700,12.000
3519,4927,1408,3,8,20652,daa2802b7b10fbe8,1214.200,4.900,11.000,11.300
3520,4928,1409,3,8,20652,2ade47982e2a2dc5,1419.700,5.800,9.700,11.700
3521,4929,1410,3,8,20652,b354c7b4b0556242,1256.700,5.700,9.600,11.800
3522,4930,1411,3,8,20652,b52d6b0f06495b7f,1277.900,7.100,12.700,11.700
3523,4931,1412,3,8,20652,556dd58d2d682b76,1449.700,6.400,9.700,11.500
3524,4932,1413,3,8,20652,1e7fb86e57ea8e7b,1604.600,9.600,12.400,12.100
3525,4933,1414,3,8,20652,5ebf3c22acb4132b,1231.100,6.900,10.300,12.000
3526,4934,1415,3,8,20652,2a3ea4b0787ee09e,1217.000,4.900,10.000,11.900
3527,4935,1416,3,8,20652,6530514c6670de6e,1686.600,7.100,11.700,11.400
3528,4936,1417,3,8,20652,be0c84116d49771d,1326.800,5.900,9.400,11.400
3529,4937,1418,3,9,21684,227e119e5377badf,1219.700,5.900,10.800,11.400
3530,4938,1419,3,9,21684,d2a96f858be08b2b,1232.000,6.600,10.900,11.300
3531,4939,1420,3,9,21684,00975397775d646b,1255.000,6.500,11.400,12.000
3532,4940,1421,3,9,21684,14e4ff578e5690f6,1493.600,6.800,12.600,11.900
3533,4941,1422,3,9,21684,0bf85767e8402d02,1305.700,6.300,10.100,11.400
3534,4942,1423,3,9,21684,24d308d05b6e277a,1441.500,5.900,11.800,11.500
3535,4943,1424,3,9,21684,6430cf55fc290adb,1310.800,7.600,9.600,11.900
3536,4944,1425,3,9,21684,c14264ddaaf038fb,1392.100,6.800,11.100,12.000
3537,4945,1426,3,8,20652,54a334a07b24d5c0,1669.000,7.300,12.100,11.600
3538,4946,1427,3,8,20652,e818865aa62a40f5,1289.200,7.600,10.200,11.300
3539,4947,1428,3,8,20652,303c04996311c3dd,1235.100,6.300,9.500,11.500
3540,4948,1429,3,9,21684,3f3951547a7bb967,1215.300,5.800,10.600,11.400
3541,4949,1430,3,9,21684,2eb0aac1727938c5,1340.300,6.800,10.900,11.900
3542,4950,1431,3,9,21684,717191dea514b8d6,1547.300,5.600,11.200,11.600
3543,4951,1432,3,9,21684,e5d7ceb01d8b2d59,1218.100,5.500,9.400,11.400
3544,4952,1433,3,9,21684,e29cd0c9b505c2e9,1648.900,6.700,12.400,11.400
3545,4953,1434,3,8,20652,19621919fd604c0b,1238.100,6.800,9.900,11.900
3546,4954,1435,3,8,20652,e1ef7e5bb5726baa,1332.200,5.800,10.100,11.300
3547,4955,1436,3,8,20652,42165dfdf9a0e60c,1870.700,13.400,20.900,28.000
3548,4956,1437,3,8,20652,721ccf3bb72d4f0c,1384.400,6.900,11.500,11.800
3549,4957,1438,3,7,19620,20dc3cb141cf108f,1856.100,7.500,11.100,12.200
3550,4958,1439,3,7,19620,e78a07a0759dcf53,1683.800,8.800,12.900,12.000
3551,4959,1440,3,8,20652,b7f20277c9b4b1f2,1537.500,7.000,10.900,11.600
3552,4960,1441,3,8,20652,6f895e0cbbe37a03,1355.400,6.200,11.700,11.500
3553,4961,1442,3,8,20652,2749aae9d726e187,1259.900,6.100,9.500,11.400
3554,4962,1443,3,8,20652,84d5f2059e4b1908,1253.100,5.600,10.000,11.900
3555,4963,1444,3,9,21684,8df346c0d1c199e9,1780.200,8.800,13.800,11.800
3556,4964,1445,3,9,21684,1413890358cb29ce,1330.900,5.900,10.400,12.100
3557,4965,1446,3,9,21684,ee3502c28d45c8bd,1296.500,6.800,11.100,11.900
3558,4966,1447,3,9,21684,cdbb6044d4007216,1233.600,6.100,9.300,11.900
3559,4967,1448,3,8,20652,7451d7288a793e12,1286.600,6.300,11.700,11.300
3560,4968,1449,3,8,20652,4e4b47b99935f763,1870.300,8.800,12.300,11.600
3561,4969,1450,3,8,20652,6a3f09e9d45e011e,1237.000,6.500,10.300,11.700
3562,4970,1451,3,9,21684,02fa55629a13d6cb,1278.700,6.200,10.500,11.500
3563,4971,1452,3,9,21684,2bb48532a3d26aae,1228.900,10.700,10.000,11.300
3564,4972,1453,3,9,21684,261225435d9d9826,1222.200,5.300,10.500,11.900
3565,4973,1454,3,9,21684,3c4264c95cd642da,1643.700,6.500,10.800,12.000
3566,4974,1455,3,9,21684,83bd169a5dbe5bfa,1512.300,7.400,10.700,11.700
3567,4975,1456,3,8,20652,a1ec6559fe4df1be,1248.400,5.800,9.500,12.000
3568,4976,1457,3,8,20652,f26b8d62a9667414,1224.000,4.500,10.100,11.400
3569,4977,1458,3,7,19620,5bc7b7424c5efe1a,1507.200,5.500,11.000,11.500
3570,4978,1459,3,7,19620,bffd12e75dd0313e,1306.900,7.200,11.900,11.800
3571,4979,1460,3,7,19620,6186d37918513846,1231.100,5.500,9.200,11.400
3572,4980,1461,3,6,18588,4271c6787641694d,1308.100,5.700,10.600,11.100
3573,4981,1462,3,6,18588,43e944b7196964b6,1407.100,8.600,11.400,12.600
3574,4982,1463,3,6,18588,ce8b25e643c92f47,1871.600,9.700,14.400,12.200
3575,4983,1464,3,6,18588,956b26eef65c8930,1394.600,6.600,10.800,11.600
3576,4984,1465,3,6,18588,4c7a463972e883c7,1311.000,5.400,9.700,17.500
3577,4985,1466,3,6,18588,7528f9f03e1c77b1,1300.400,6.000,10.400,12.200
3578,4986,1467,3,6,18588,86f4fd712b7dbb83,1839.100,7.100,12.400,12.000
3579,4987,1468,3,6,18588,0fb3a09a038f3d6e,1309.400,5.400,9.100,11.400
3580,4988,1469,3,6,18588,7fb1de43c477e62a,1250.200,5.000,9.800,11.800
3581,4989,1470,3,6,18588,60ba3ddcf1b93645,1225.200,5.600,10.400,11.700
3582,4990,1471,3,6,18588,025917406cb10d7b,1233.000,5.900,9.800,11.400
3583,4991,1472,3,6,18588,44575096a9edfd67,1610.500,6.100,10.100,11.900
3584,4992,1473,3,6,18588,cb0236e07c2a488f,1626.100,9.400,11.200,11.700
3585,4993,1474,3,6,18588,9b24b8dd73503b77,1228.000,4.800,10.000,11.300
3586,4994,1475,3,6,18588,71137e031a777d16,1213.200,5.700,9.300,12.100
3587,4995,1476,3,6,18588,a7b84db2236977a1,1231.300,5.300,10.600,11.400
3588,4996,1477,3,6,18588,e282568bb1e8bfc8,1244.800,4.400,9.800,11.900
3589,4997,1478,3,6,18588,ac68510af593ca4c,1545.700,5.400,12.100,11.500
3590,4998,1479,3,6,18588,c31ecb18e39fb749,1581.200,8.000,10.400,11.800
3591,4999,1480,3,6,18588,86229aca1a8f92ea,1289.600,5.700,9.800,11.500
3592,5000,1481,3,6,18588,dc37e815f3878525,1236.000,5.000,11.400,11.500
3593,5001,1482,3,6,18588,8b795e6f18113926,1226.300,5.600,10.200,11.600
3594,5002,1483,3,6,18588,b7a4a94d948a6d73,1239.100,5.000,9.700,11.200
3595,5003,1484,3,6,18588,e55fca21d16070ff,1754.000,6.800,12.500,11.800
3596,5004,1485,3,6,18588,9867e3d41bdb48c1,1231.800,5.400,9.300,11.400
3597,5005,1486,3,5,17556,e0bd5188cfddd195,1228.200,5.000,10.100,11.500
3598,5006,1487,3,5,17556,bb6b8e94a38d259d,1615.300,6.200,11.100,12.500
3599,5007,1488,3,5,17556,e0db9e03540a942d,1268.200,5.400,10.200,12.000
3600,5008,1489,3,5,17556,72c817206b931533,1663.700,5.200,11.000,11.600
3601,5009,1490,3,5,17556,f57c0809439c5cc4,1475.800,4.800,10.100,11.600
3602,5010,1491,3,5,17556,db84b9d95fbcf731,1291.100,4.900,10.900,11.500
3603,5011,1492,3,5,17556,cb291b3448316934,1323.100,6.900,9.800,11.900
3604,5012,1493,3,5,17556,025af36b6d3103f5,1286.300,7.000,9.200,11.600
3605,5013,1494,3,5,17556,59f5a89f9e677dc8,2098.000,8.300,11.400,11.800
3606,5014,1495,3,5,17556,3c9ecc5f83b73313,1500.400,6.500,11.700,11.600
3607,5015,1496,3,5,17556,524b871b1f41eb2a,1353.100,5.900,10.800,11.900
3608,5016,1497,3,5,17556,313c5b69eefb4966,1402.900,5.400,10.800,11.700
3609,5017,1498,3,5,17556,c13450e022d575b1,1676.600,7.500,13.800,11.900
3610,5018,1499,3,5,17556,db2b9415e9b65fb7,1318.000,5.400,9.600,11.600
3611,5019,1500,3,5,17556,10e1776c4f1e8096,1307.000,5.900,9.900,11.500
3612,5020,1501,3,5,17556,edac472dee60d29e,1225.700,5.300,10.000,11.500
3613,5021,1502,3,5,17556,bfadb265206fe934,1241.100,4.800,10.700,11.400
3614,5022,1503,3,5,17556,510fd25cd78ba5af,1233.700,5.500,9.500,11.600
3615,5023,1504,3,6,18588,f4b1479784c49300,1805.800,6.400,10.000,11.700
3616,5024,1505,3,6,18588,a70bc2d47a0e884f,1224.200,5.300,11.100,11.600
3617,5025,1506,3,6,18588,41c2912fb1c591b6,1318.600,5.600,9.200,12.200
3618,5026,1507,3,6,18588,d47da2db49d932ab,1251.300,5.600,10.600,11.500
3619,5027,1508,3,6,18588,152f244fa4e68361,1260.500,6.100,11.100,11.300
3620,5028,1509,3,6,18588,a39ce3a52bae7646,1222.600,4.500,9.600,11.400
3621,5030,1510,3,5,17556,46da2b1293e74f6c,1678.800,6.200,12.600,11.700
3622,5032,1511,3,5,17556,8795f4d981145517,1229.400,4.700,9.600,11.500
3623,5033,1512,3,4,16524,b459d655f6ceb4c7,1229.900,5.200,10.700,11.300
3624,5034,1513,3,5,17556,d0af092f3261256a,1343.800,5.300,10.200,11.600
3625,5035,1514,3,4,16524,c05ef80a267188f1,1541.100,4.700,10.800,11.500
3626,5036,1515,3,4,16524,2453934f2733cbb2,1779.800,5.900,11.900,11.700
3627,5037,1516,3,8,20652,67b1f705c630ccb0,1296.500,5.800,10.000,12.000
3628,5038,1517,3,7,19620,754b68a34b6e308d,1262.200,5.500,9.400,11.500
3629,5039,1518,3,7,19620,405bad8b31f92829,1228.800,7.200,9.600,12.300
3630,5040,1519,3,7,19620,b602c84580d2b1d4,1295.800,5.500,9.500,11.500
3631,5041,1520,3,7,19620,1cf4ce0724d5a57d,1693.200,7.200,11.300,13.100
3632,5042,1521,3,7,19620,10b8e083b5a5af09,1245.200,6.200,10.900,11.500
3633,5043,1522,3,9,21684,e5dbd441d1cf43d6,1219.800,6.900,10.800,11.400
3634,5044,1523,3,8,20652,4c6ec81f0b620122,1396.000,6.600,10.500,11.500
3635,5045,1524,4,9,25784,be7063029129a00b,1249.900,7.300,10.800,15.200
3636,5046,1525,3,9,21684,2d3a3376a0fba166,1660.400,7.300,11.900,11.600
3637,5047,1526,4,7,23720,755471e18d985743,1226.700,6.200,10.300,14.800
3638,5048,1527,3,10,22716,269f2a869d312772,1281.600,7.000,9.600,12.000
3639,5049,1528,4,8,24752,64d847fe3fdde782,1290.600,7.400,9.800,15.200
3640,5050,1529,3,4,16524,24116c43970192b0,1367.500,5.100,11.000,12.100
3641,5051,1530,4,4,20624,577b4ec8575bfea8,1581.600,5.100,10.100,15.200
3642,5052,1531,3,4,16524,eebd8fc2afe1a048,1257.600,5.200,9.400,11.400
3643,5053,1532,4,4,20624,7de82d20e804285e,1223.400,5.400,10.400,14.900
3644,5054,1533,3,2,14460,d8a1100823a53234,1319.200,5.000,9.200,11.600
3645,5055,1534,4,3,19592,e0078a3cb6da62e9,1236.600,5.900,10.800,15.200
3646,5056,1535,3,4,16524,f9d4d3698863aff3,1717.000,6.300,10.700,11.600
3647,5057,1536,4,4,20624,1443eed1fe4db289,1232.400,5.200,10.100,15.700
3648,5058,1537,3,4,16524,1249832fa186394b,1253.600,4.700,10.700,11.900
3649,5059,1538,4,5,21656,f1fcc5c91caf26c7,1248.800,5.800,10.900,16.100
3650,5060,1539,3,5,17556,30639ff823ef415b,1274.700,5.600,10.700,12.000
3651,5061,1540,4,5,21656,00c1fb97cf582aa5,2389.300,9.600,13.000,15.400
3652,5062,1541,3,5,17556,3f04f06f8e9bcafb,1257.700,5.600,9.600,11.400
3653,5063,1542,4,4,20624,b12b09e5c90cc519,1270.300,5.300,10.800,15.400
3654,5064,1543,3,6,18588,fd5c172f28120b35,1543.600,7.700,12.800,12.200
3655,5065,1544,4,10,26816,665c6d994611a1d2,1562.700,8.700,11.000,15.500
3656,5066,1545,3,10,22716,66a70b322319c0c3,1230.500,5.700,10.600,11.400
3657,5067,1546,4,10,26816,4e41fbaa0eeaab62,1228.700,6.300,10.200,14.900
3658,5068,1547,3,10,22716,ccb6d7d1300f1c20,1372.700,7.200,10.000,12.000
3659,5069,1548,3,10,22716,dcdb37799636935a,1243.600,6.200,9.700,12.500
3660,5070,1549,3,10,22716,aaeaaaeb8eb4a902,1262.700,6.200,9.300,11.400
3661,5071,1550,4,11,27848,1469cec7d0d2701f,1670.500,8.200,10.800,15.200
3662,5072,1551,3,11,23748,602acf5f05372eb9,1229.700,6.700,11.200,11.600
3663,5073,1552,4,12,28880,ac2a7558f14cdbd4,1293.600,10.700,11.200,15.500
3664,5074,1553,3,12,24780,52df35a299463f45,1322.600,26.900,11.700,11.700
3665,5075,1554,3,12,24780,33e42a58fcd23323,1385.100,8.800,12.000,11.700
3666,5076,1555,3,12,24780,038757fc0e719812,2218.700,10.200,17.500,12.200
3667,5077,1556,3,13,25812,10d215f87d9b0a80,1371.700,8.600,13.000,11.600
3668,5078,1557,3,14,26844,3d88c99b543b64a5,1257.100,9.200,9.600,11.500
3669,5079,1558,3,14,26844,f4a42f7b46cc45d9,1252.700,9.200,10.400,12.200
3670,5080,1559,3,14,26844,5f8e6c92374ca9bc,1293.900,8.000,11.200,11.800
3671,5081,1560,3,14,26844,4c931002926bc5c4,1669.100,9.300,10.900,12.000
3672,5082,1561,3,14,26844,30ba24944d4d0efe,1241.500,8.300,11.100,11.500
3673,5083,1562,3,2,14460,222e17f7e64cc78f,1314.400,4.300,9.600,11.700
3674,5084,1563,3,1,13428,56e053576634672e,1232.000,4.000,10.700,11.500
3675,5085,1564,3,1,13428,69038d7ce12428c9,1260.600,4.000,10.300,11.500
3676,5086,1565,3,1,13428,a84c2845a8f81010,1269.400,4.600,9.300,12.200
3677,5087,1566,3,1,13428,fab01fb37df52d12,1655.300,5.500,11.300,12.000
3678,5088,1567,3,1,13428,d4d8bab82814f2d1,1261.600,4.600,10.000,11.600
3679,5089,1568,3,1,13428,58f682b753501718,1247.900,4.600,9.800,12.000
3680,5090,1569,3,1,13428,49b3bd0e40f02fc2,1234.200,3.600,9.800,11.600
3681,5091,1570,3,1,13428,4671256b1076c5e4,1327.900,3.700,8.400,11.600
3682,5092,1571,3,1,13428,3108860c37a3337c,1234.100,4.800,9.500,11.600
3683,5093,1572,3,1,13428,cfff70097f72a4a5,1600.200,4.900,10.900,11.400
3684,5094,1573,3,0,12396,389bf8d99b66e79d,1483.500,4.400,10.600,11.700
3685,5095,1574,3,0,12396,4f569d9fdf844456,1215.600,3.900,10.000,11.500
3686,5096,1575,3,0,12396,202ac07a0b51f8ca,1228.600,3.600,10.400,11.600
3687,5097,1576,3,0,12396,9555fafd09d2f8c8,1306.000,5.700,12.000,12.400
3688,5098,1577,3,0,12396,4e1bfca698cf71b0,1477.800,4.200,9.900,11.500
3689,5099,1578,3,0,12396,959e85c236339bf4,1684.200,4.800,9.700,11.900
3690,5100,1579,3,0,12396,f6d7d22a95e90c6c,1288.200,3.600,10.600,11.300
3691,5101,1580,3,0,12396,6e66cdb3d1103c74,1333.300,20.200,9.100,11.600
3692,5102,1581,3,0,12396,31625bf8f22c4697,1655.300,4.700,10.300,11.500
3693,5103,1582,3,0,12396,95f067314e4bd101,1326.800,4.700,10.000,11.600
3694,5104,1583,3,0,12396,90211f8536e77f3e,1239.800,5.300,9.500,17.100
3695,5105,1584,3,0,12396,202d28bccdbf34c6,1703.100,6.400,12.400,12.000
3696,5106,1585,3,0,12396,f7f5d0e8491a35de,1333.200,4.900,12.500,11.800
3697,5107,1586,3,0,12396,c1c1f4023193ca99,1380.100,5.300,10.900,11.900
3698,5108,1587,3,0,12396,b510e25a38c2dce7,1399.700,5.300,9.900,12.500
3699,5109,1588,3,0,12396,3a064c86670075b6,1339.300,3.800,10.200,12.500
3700,5110,1589,3,0,12396,1129dfa8974bb90d,1704.400,9.100,15.300,12.300
3701,5111,1590,3,0,12396,d2c51a3000c53144,1744.900,6.700,11.200,11.700
3702,5112,1591,3,0,12396,e0b73e3d897792e6,1274.100,4.600,10.300,11.600
3703,5113,1592,3,0,12396,bca1c04a0d515a6d,1653.200,5.200,12.000,12.200
3704,5114,1593,3,0,12396,e3cb6ff33cedf992,1548.900,6.100,9.800,12.300
3705,5115,1594,3,0,12396,107ac8863eab1b64,1273.000,4.600,10.600,11.600
3706,5116,1595,3,0,12396,d81741e764d9dfde,1285.900,4.800,10.000,12.100
3707,5117,1596,3,0,12396,e883da923d95eeb5,1721.000,6.200,10.500,12.400
3708,5118,1597,3,0,12396,4be696fc06d796f9,1541.900,5.100,12.600,11.900
3709,5119,1598,3,0,12396,1528f7fbe5666aca,1385.800,5.400,10.900,18.300
3710,5120,1599,3,1,13428,a35f6f8c290e6247,1296.900,5.500,10.600,11.400
3711,5121,1600,3,1,13428,6ce6b3eeee1fbf18,1536.300,5.900,11.000,12.200
3712,5122,1601,3,1,13428,fc5b8ade0f4e1998,1685.800,8.500,13.600,11.900
3713,5123,1602,3,1,13428,1aff6819558bd6b7,1569.500,6.100,11.400,11.600
3714,5124,1603,3,1,13428,f8e1eb44459c7517,1259.800,5.000,9.500,11.400
3715,5125,1604,3,1,13428,9b58584660868f1b,1376.800,6.400,10.100,12.200
3716,5126,1605,3,1,13428,f0f894c861124c9f,1612.400,7.400,10.000,11.900
3717,5127,1606,3,1,13428,3139bc2da614e64a,1311.500,4.600,10.800,11.400
3718,5128,1607,3,1,13428,2e0956a541f2c56e,1234.600,5.300,9.700,11.500
3719,5129,1608,3,1,13428,9d958646da30de23,1227.200,5.400,9.900,11.800
3720,5130,1609,3,1,13428,b684f81ab603ffa4,1293.800,7.800,11.900,11.900
3721,5131,1610,3,1,13428,1478b52de3faef38,1630.600,5.000,10.200,11.600
3722,5132,1611,3,1,13428,5f2b3aa652a15efc,1305.000,5.900,9.600,11.400
3723,5133,1612,3,0,12396,e72875dd0048949f,1312.200,4.900,9.100,11.500
3724,5134,1613,3,0,12396,248335fcf874d79e,1491.700,5.500,12.100,12.000
3725,5135,1614,3,0,12396,6f2f9a7601307bc1,1451.500,4.600,10.600,11.700
3726,5136,1615,3,0,12396,43f96bd26d0ab093,1366.100,4.600,10.900,12.900
3727,5137,1616,3,0,12396,dc6a72db2242a0cb,1336.900,4.300,11.000,11.600
3728,5138,1617,3,0,12396,9307cabb4aa0c850,1500.600,6.700,13.200,12.800
3729,5139,1618,3,0,12396,072250eba978b787,1598.800,4.200,10.200,11.700
3730,5140,1619,3,1,13428,0a871a67ecf58b21,1358.900,4.500,11.300,12.500
3731,5141,1620,3,1,13428,d94b11f2d428e171,1245.100,5.700,9.700,11.600
3732,5142,1621,3,1,13428,0d370da5845ced63,1254.700,3.900,9.100,12.100
3733,5143,1622,3,1,13428,87d86b13e4588f9a,1314.000,6.700,10.300,12.400
3734,5144,1623,3,1,13428,83e0dbe73b2419ae,1227.300,5.200,8.900,11.700
3735,5145,1624,3,1,13428,7a9aa429796b0fb6,1228.900,4.300,9.100,11.800
3736,5146,1625,3,2,14460,ebc365e6fc1e154f,1241.900,10.300,9.600,11.600
3737,5147,1626,3,2,14460,40a7ce36b8d602cf,1248.800,5.200,9.000,11.900
3738,5148,1627,3,2,14460,7dea240dc7508bd0,1739.700,8.700,10.600,11.900
3739,5149,1628,3,1,13428,6bffc5b90dc8d334,1409.900,4.700,11.100,11.800
3740,5150,1629,3,1,13428,ba5560f80647b017,1244.100,4.800,10.600,12.200
3741,5151,1630,3,1,13428,9409071cc3544099,1226.800,4.300,9.400,12.200
3742,5152,1631,3,1,13428,265259e83d23b78c,1234.100,3.400,9.900,11.400
3743,5153,1632,3,1,13428,5b6691a626b62047,1268.200,4.200,10.300,11.500
3744,5154,1633,3,1,13428,be804871bb530276,1268.600,5.900,9.600,11.700
3745,5155,1634,3,1,13428,6213e368af276773,1256.900,5.600,9.700,11.900
3746,5156,1635,3,1,13428,01a3ec384808aea5,1250.200,4.900,9.400,11.700
3747,5157,1636,3,1,13428,1721eff79d725ce9,1320.500,5.100,9.200,11.900
3748,5158,1637,3,1,13428,ffb854f8c630ae17,1630.000,5.400,13.200,12.000
3749,5159,1638,3,2,14460,85ab2e484f76dfea,1226.600,4.200,9.600,12.000
3750,5160,1639,3,2,14460,814cdf38be5fa59a,1396.800,6.000,9.800,11.600
3751,5161,1640,3,2,14460,adac5a10196c5b04,1347.600,4.300,10.300,11.700
3752,5162,1641,3,2,14460,1c887baf4d3e987d,1386.700,5.100,10.200,11.700
3753,5163,1642,3,2,14460,084153aef4f9d7ab,1272.800,5.400,9.300,12.200
3754,5164,1643,3,2,14460,ad857b8e160ab746,1273.100,4.400,14.700,11.500
3755,5165,1644,3,2,14460,cc353f8628debf31,2076.100,7.100,11.600,11.600
3756,5166,1645,3,2,14460,18bc16a4c70e0495,1524.700,8.200,10.800,12.000
3757,5167,1646,3,2,14460,a59246a35bea79c2,1306.000,5.300,10.800,11.500
3758,5168,1647,3,2,14460,25f0c75c26784fd3,1309.300,5.100,8.500,11.700
3759,5169,1648,3,2,14460,fae613d3699cde00,1227.700,4.600,9.200,12.100
3760,5170,1649,3,2,14460,30dc2ee36137929b,1365.700,5.400,9.200,11.900
3761,5171,1650,3,2,14460,f66196017ea79959,1465.600,7.100,13.300,12.700
3762,5172,1651,3,2,14460,46e4e8f0890fa92d,1659.000,6.200,11.200,12.300
3763,5173,1652,3,2,14460,08569b98144c4c20,1250.700,4.700,10.200,11.800
3764,5174,1653,3,2,14460,829cc2e39fabf7f6,1229.100,6.200,8.600,11.500
3765,5175,1654,3,2,14460,6568ef22cd2c65b0,1226.500,4.700,9.800,11.500
3766,5176,1655,3,2,14460,8eb79811413552c2,1281.200,5.800,9.800,11.800
3767,5177,1656,3,2,14460,e732da1fa382abab,1239.200,5.200,9.100,11.500
3768,5178,1657,3,2,14460,bf176755ae224dde,1215.500,3.100,10.000,11.300
3769,5179,1658,3,2,14460,1c3af69d3a00da70,1224.500,5.200,10.200,11.500
3770,5180,1659,3,2,14460,10ce234ea571875a,1513.900,5.200,10.400,11.300
3771,5181,1660,3,2,14460,3dba2d3688c6f37d,1922.000,6.300,10.600,12.300
3772,5182,1661,3,2,14460,4c47690729c91fb2,1390.800,5.200,9.400,11.600
3773,5183,1662,3,2,14460,c5a5869b46644e5d,1272.600,5.000,10.900,12.200
3774,5184,1663,3,2,14460,b6ffa4177b3be662,1240.600,5.200,9.600,11.500
3775,5185,1664,3,2,14460,9069535880932765,1227.100,4.600,9.200,11.700
3776,5186,1665,3,2,14460,1d793828791d5a87,1317.700,5.200,10.600,11.900
3777,5187,1666,3,2,14460,0466f58c02651e51,1222.500,4.400,9.700,11.400
3778,5188,1667,3,2,14460,83ea7a4c293acd45,1388.700,6.100,10.400,12.000
3779,5189,1668,3,2,14460,3bc553b0f59270d6,1744.400,5.600,9.700,11.600
3780,5190,1669,3,2,14460,0d1a8f0dbdaed90f,1240.600,5.200,8.900,11.600
3781,5191,1670,3,2,14460,221a890a26b92261,1235.700,6.000,11.000,11.700
3782,5192,1671,3,2,14460,d3be26b882bcdfb1,1480.300,5.200,11.900,12.200
3783,5193,1672,3,2,14460,77502248096632a4,1387.300,5.300,9.900,11.600
3784,5194,1673,3,2,14460,0ca381b42df36f8c,1220.400,4.700,10.600,11.500
3785,5195,1674,3,2,14460,89c70e483c0c2a3b,1279.600,4.200,8.700,11.500
3786,5197,1675,3,2,14460,ed36d5cf9e5e3481,2185.800,8.400,12.400,12.200
3787,5198,1676,3,2,14460,b1bc36880aaa123b,1980.900,9.500,11.900,11.900
3788,5199,1677,3,2,14460,b76a5189a1c26abb,1494.600,6.300,12.500,11.800
3789,5200,1678,3,2,14460,4bd3190f91ca5dd6,1423.400,5.400,12.800,12.900
3790,5201,1679,3,2,14460,37eedd6fa24bdfb0,1269.100,4.800,11.000,11.700
3791,5202,1680,3,2,14460,cf8ef837fc5c4f9d,1856.500,9.500,15.400,12.900
3792,5203,1681,3,2,14460,ce4314338623a44e,1514.700,5.400,11.700,11.500
3793,5204,1682,3,2,14460,41fc7565786cb8e3,1453.500,5.900,10.600,12.100
3794,5205,1683,3,3,15492,fa67b04c47f24153,1258.600,5.300,10.100,11.600
3795,5206,1684,3,3,15492,0b48d491ac18767b,1533.200,6.300,10.700,11.800
3796,5207,1685,3,3,15492,f3f089dbf1b6d68c,1268.400,6.500,10.000,11.900
3797,5208,1686,3,3,15492,83a38c82dfe79cee,1771.800,7.300,11.700,11.800
3798,5209,1687,3,3,15492,0ff497b20b1a2732,1234.800,4.900,9.200,11.900
3799,5210,1688,3,3,15492,4932484027da6a9a,1404.300,4.900,10.600,11.400
3800,5211,1689,3,3,15492,d45aacba9972d258,1318.600,5.600,10.500,12.200
3801,5212,1690,3,3,15492,d0cbb98d06ff047d,1332.200,5.400,11.300,11.700
3802,5213,1691,3,3,15492,4158aeb60212381c,1237.000,5.000,9.200,12.200
3803,5214,1692,3,3,15492,7eac87f354c21369,1551.400,5.100,11.300,11.500
3804,5215,1693,3,3,15492,8ac8cb9d62cb52d7,1296.900,5.100,10.000,12.100
3805,5216,1694,3,3,15492,8b6f6ec17210b199,1594.900,5.500,10.600,12.100
3806,5217,1695,3,3,15492,9c9d9d3997516158,1283.100,9.200,9.400,11.500
3807,5218,1696,3,3,15492,2aa6b3676ad833b9,1274.800,4.500,8.800,11.300
3808,5219,1697,3,3,15492,e5f42a1ce8a3c2d3,1425.500,6.700,11.600,11.600
3809,5220,1698,3,3,15492,679c584af8f97da2,1245.100,4.500,10.000,12.100
3810,5221,1699,3,3,15492,04726a032577a1f4,1226.800,4.900,9.200,12.000
3811,5222,1700,3,3,15492,3f383468cf58bf2e,1465.600,6.100,11.800,12.300
3812,5223,1701,3,3,15492,e971e904791610bd,1668.500,5.300,11.200,12.100
3813,5224,1702,3,3,15492,3a97a532371ca09e,1229.000,4.500,10.300,11.900
3814,5225,1703,3,3,15492,c3179ecbfffa739b,1238.600,5.200,10.300,11.400
3815,5226,1704,3,3,15492,97926373ecf63f73,1306.100,4.500,9.300,11.900
3816,5227,1705,3,3,15492,d1d3460a6d8484b5,1246.600,4.900,9.400,11.400
3817,5228,1706,3,3,15492,7cc41d89e2bff736,1230.100,5.300,9.200,11.500
3818,5229,1707,3,3,15492,ec65fc087cc5d48e,1215.600,4.400,8.900,11.900
3819,5230,1708,3,3,15492,1e158ba9b839367b,1252.000,6.800,10.100,12.100
3820,5231,1709,3,3,15492,495670521bf09f11,1315.400,6.100,12.300,31.100
3821,5232,1710,3,3,15492,97f540e7b77f8e07,1243.900,5.100,10.200,11.400
3822,5233,1711,3,3,15492,3873f93fd25a8d55,1363.400,5.400,12.400,12.200
3823,5234,1712,3,3,15492,13e1d883d88cae09,1740.600,5.100,10.200,11.600
3824,5235,1713,3,3,15492,012f03e1441a81eb,1389.300,4.900,10.100,11.400
3825,5236,1714,3,3,15492,e751f666fa7192fc,1232.000,5.300,9.800,11.500
3826,5237,1715,3,3,15492,055ecc5d198f84a9,1241.000,5.100,9.400,11.500
3827,5238,1716,3,3,15492,066aef48112795b1,1236.300,5.400,8.900,11.400
3828,5239,1717,3,3,15492,f8fc14471599d204,1221.500,6.000,9.100,11.700
3829,5240,1718,3,3,15492,f8ade08afb245583,1258.400,9.300,9.100,11.300
3830,5241,1719,3,3,15492,6b88a8a9f8dede0c,1248.100,5.800,10.100,11.900
3831,5242,1720,3,3,15492,5d22bac3e8145974,1242.000,4.500,9.500,11.500
3832,5244,1721,3,3,15492,38520a95c5f8d95f,1693.800,5.900,11.500,11.900
3833,5246,1722,3,3,15492,097e358f64a59a8a,1341.000,5.800,10.600,11.700
3834,5247,1723,3,3,15492,5b150fdd1917c64f,1273.000,5.200,10.800,11.500
3835,5248,1724,3,3,15492,07bdcc7d3b20b6f5,1342.800,5.800,10.300,11.700
3836,5249,1725,3,3,15492,e8d149c19b72f1f5,1240.200,5.000,9.400,11.500
3837,5250,1726,3,3,15492,477064bc19001225,1293.200,5.700,9.800,11.700
3838,5251,1727,3,3,15492,e77e6cd7f99ef7a0,1698.400,6.000,11.700,12.400
3839,5252,1728,3,3,15492,8b5c6f45e0eeddc2,1236.800,5.300,10.200,11.200
3840,5253,1729,3,3,15492,e69dcdfc8f9991d0,1380.200,14.300,9.700,11.800
3841,5254,1730,3,3,15492,c764d8a83463e4b1,1453.600,5.400,12.400,11.800
3842,5255,1731,3,3,15492,7ef6daa6f2003414,1246.300,5.200,9.800,11.500
3843,5256,1732,3,3,15492,5c1a6713c442a222,1467.400,5.600,10.500,12.000
3844,5257,1733,3,3,15492,f81bfd2ecd28a3c4,1584.400,4.800,10.800,11.400
3845,5258,1734,3,3,15492,55cd3442ca3e2099,1312.600,5.400,10.800,12.200
3846,5259,1735,3,3,15492,cc1756a40c8ddffd,1413.900,6.800,11.000,11.800
3847,5260,1736,3,3,15492,6e4d6f3bf33149b7,1363.600,4.900,11.000,11.600
3848,5261,1737,3,3,15492,526dd4cd30efd97c,1401.600,6.100,11.200,12.200
3849,5262,1738,3,3,15492,31431bde68b54fc3,1730.300,7.100,13.600,12.100
3850,5263,1739,3,3,15492,59ac8ef7b7ee4f1e,1243.400,4.500,9.600,11.500
3851,5264,1740,3,3,15492,39a8af2535fff60f,1374.300,8.400,22.500,12.500
3852,5265,1741,3,4,16524,671660c8e2ff13c7,1267.000,14.300,9.500,11.400
3853,5266,1742,3,4,16524,8881c7b89394bcba,1287.600,5.800,10.100,11.500
3854,5267,1743,3,4,16524,567bd8b4badbe791,1270.900,5.500,9.800,11.500
3855,5268,1744,3,4,16524,b0881dde4f82e180,1629.100,6.400,11.100,12.600
3856,5269,1745,3,4,16524,0ed5221917016052,1243.300,4.300,9.400,11.400
3857,5270,1746,3,4,16524,dd9b90edc60b961f,1716.300,6.700,11.100,12.300
3858,5271,1747,3,4,16524,267b67075d7b5ee6,1257.400,6.400,10.500,11.600
3859,5272,1748,3,4,16524,4484a252c6f86491,1624.300,7.700,10.200,11.600
3860,5273,1749,3,4,16524,7596b583a9541ca5,1227.100,6.100,10.300,12.100
3861,5274,1750,3,4,16524,f28702e792a305f5,1545.100,5.900,9.600,11.700
3862,5275,1751,3,4,16524,510549b382116a21,1252.600,4.900,9.300,11.400
3863,5276,1752,3,4,16524,a8a44b433d245905,1580.100,7.400,11.700,11.700
3864,5277,1753,3,4,16524,62bcece73af5658e,1443.300,5.500,10.100,11.200
3865,5278,1754,3,4,16524,c6ff28f90bed02d5,1237.700,5.800,9.400,11.600
3866,5279,1755,3,4,16524,ece97ddd9b309b73,1331.500,5.200,12.800,12.100
3867,5280,1756,3,4,16524,42c3d3a6d807e8d5,1607.200,5.700,10.200,11.600
3868,5281,1757,3,5,17556,291e7adb61b319e4,1233.000,18.700,10.500,11.600
3869,5282,1758,3,5,17556,be2e72ceacd4fcc0,1296.600,15.400,9.600,12.100
3870,5283,1759,3,5,17556,e786e723df59bde1,1317.800,8.800,13.800,12.300
3871,5284,1760,3,4,16524,5513480621ebae0a,1259.800,6.500,9.900,11.600
3872,5285,1761,3,4,16524,564ec17e933cad48,1656.500,4.900,11.200,11.300
3873,5286,1762,3,4,16524,59edd8bfa09b095a,1458.400,6.300,9.800,11.700
3874,5287,1763,3,4,16524,53bfabee6e479b1d,1360.400,5.700,10.900,11.500
3875,5288,1764,3,4,16524,89900b813daaccdb,1243.300,5.000,10.000,11.200
3876,5289,1765,3,6,18588,45cee3ddc70f538d,1244.500,5.100,10.000,12.100
3877,5290,1766,3,6,18588,3b20fd5678a5dfd8,1286.100,5.900,9.200,11.700
3878,5291,1767,3,6,18588,ff20e4ccb519ae5b,1355.600,6.200,8.800,11.700
3879,5292,1768,3,6,18588,8aa51b52f3fd2f82,1643.100,5.600,10.900,11.500
3880,5293,1769,3,6,18588,ee30bd4aaaacc424,1238.300,5.900,10.400,11.500
3881,5294,1770,3,6,18588,fe95c27dfc049fc6,1237.200,5.300,10.700,11.500
3882,5295,1771,3,6,18588,718275845c43057c,1244.400,5.300,9.700,11.700
3883,5296,1772,3,7,19620,10692a38862d0981,1328.600,6.800,11.000,11.400
3884,5297,1773,3,6,18588,547e1775e17d3441,1603.300,9.800,12.400,12.400
3885,5298,1774,3,7,19620,74a2b2b63f6d527d,1330.000,5.700,9.500,17.600
3886,5299,1775,3,7,19620,f7d9695e07114c09,1484.200,7.500,10.000,11.700
3887,5300,1776,3,7,19620,22733f2422150213,1284.800,6.500,10.000,12.000
3888,5301,1777,3,8,20652,cf2a6ebe3d515434,1225.800,6.000,9.200,11.300
3889,5302,1778,3,8,20652,de2daa6d4e976eb8,1222.500,6.800,9.200,11.500
3890,5303,1779,3,8,20652,54a5026f67a57d82,1789.400,12.500,11.000,12.100
3891,5304,1780,3,8,20652,06fe1f488c24028d,1286.300,6.700,9.200,11.500
3892,5305,1781,3,8,20652,044d79ab32c41f33,1229.200,5.700,10.400,11.400
3893,5306,1782,3,8,20652,52e902c0a59847d7,1213.700,5.900,8.500,11.300
3894,5307,1783,3,8,20652,e83a02acd6983ed6,1238.700,6.600,11.600,17.800
3895,5308,1784,3,8,20652,d90c09f7514a7fc1,1450.600,7.300,10.700,12.200
3896,5309,1785,3,8,20652,16a348ce60dac0af,1475.800,5.600,10.200,11.500
3897,5310,1786,3,8,20652,a82dc12a9dbab571,1229.700,5.900,9.900,11.300
3898,5311,1787,3,8,20652,7d77307c4c87f6a0,1352.000,7.200,11.500,11.800
3899,5312,1788,3,7,19620,b98e132621fa0583,1260.700,5.800,10.400,11.400
3900,5313,1789,3,7,19620,864746beb32fff0d,1224.000,4.800,9.100,12.000
3901,5314,1790,3,6,18588,9605471e818a6f8b,1366.500,7.000,10.600,11.700
3902,5315,1791,3,6,18588,1b7a631fbe402c65,1750.200,5.400,11.500,11.600
3903,5316,1792,3,6,18588,59c00e549c1db34e,1243.700,4.600,9.400,11.500
3904,5317,1793,3,6,18588,160e830561c45e7d,1215.300,5.100,9.600,11.400
3905,5318,1794,3,6,18588,87c65d40f49b1d12,1643.700,4.800,11.400,11.900
3906,5319,1795,3,6,18588,f5f88a8279584b74,1514.600,7.200,11.100,11.800
3907,5320,1796,3,5,17556,5cdd4321adafbe86,1844.800,8.000,12.300,12.700
3908,5321,1797,3,5,17556,7e1fd2a76b5ec938,1524.000,6.300,12.300,11.700
3909,5322,1798,3,5,17556,793937d9a1f5a6a2,1376.800,7.000,11.200,11.400
3910,5323,1799,3,5,17556,7bc99b60291bbf63,1302.200,5.300,9.900,11.600
3911,5324,1800,3,5,17556,d34c3659be93ffdc,1690.400,8.300,16.100,13.400
3912,5325,1801,3,5,17556,3ce0d393fee71367,1402.000,5.300,10.600,11.400
3913,5326,1802,3,5,17556,e8b2722d58efd385,1241.400,6.300,11.600,11.800
3914,5327,1803,3,4,16524,6c54f47800a7a1e0,1230.600,4.400,9.600,11.800
3915,5328,1804,3,4,16524,c6cec7a3970d317f,1302.300,4.300,10.500,11.300
3916,5329,1805,3,4,16524,24e32051ab5f128c,1274.700,5.100,9.600,11.700
3917,5330,1806,3,4,16524,d38c2efd3137d533,1650.200,5.700,10.500,11.500
3918,5331,1807,3,5,17556,1e5d841ab58d40cd,1246.600,6.000,9.700,11.800
3919,5332,1808,3,5,17556,22ea20d028377859,1252.400,6.400,9.600,12.100
3920,5333,1809,3,5,17556,21844b75a57e6780,1224.000,5.200,10.300,11.300
3921,5334,1810,3,5,17556,b54b2f03bb4435b7,1249.300,5.000,10.000,11.600
3922,5335,1811,3,5,17556,569b4ec820b282ed,1267.000,7.200,9.200,11.600
3923,5336,1812,3,6,18588,ce38f71de55dc4db,2090.800,5.700,12.300,11.800
3924,5337,1813,3,2,14460,c49264eaf8dfd8df,1236.800,4.000,12.300,12.400
3925,5338,1814,3,2,14460,a957e3312741a11f,1224.000,3.900,10.400,11.400
3926,5339,1815,3,2,14460,d442cd567e3d50d1,1405.300,4.800,9.500,11.700
3927,5340,1816,3,2,14460,411ae0c4890a1c5e,1241.200,4.500,8.500,11.400
3928,5341,1817,3,2,14460,678f211980d81d7b,1661.000,4.800,11.000,11.700
3929,5342,1818,3,3,15492,d4a6a7c6b62c8c7a,1229.500,5.000,9.300,11.600
3930,5343,1819,3,3,15492,38bf2702f9b1ddea,1346.600,4.900,10.900,11.400
3931,5344,1820,3,3,15492,9f9a9ba0cf4b72cb,1236.800,5.200,9.100,11.400
3932,5345,1821,3,3,15492,99365804535915ea,1264.700,4.900,8.900,11.300
3933,5346,1822,3,4,16524,a0881ffbc44cba86,1245.100,4.800,10.600,11.600
3934,5347,1823,3,4,16524,1f195a183fb72386,1739.200,7.100,9.700,11.800
3935,5348,1824,3,4,16524,a71c8cc8ce875ba7,1375.500,5.200,12.300,11.500
3936,5349,1825,3,5,17556,a8e838a25e4287fd,1220.000,5.500,9.700,11.300
3937,5350,1826,3,5,17556,eb195fb603801115,1236.300,5.800,9.100,11.400
3938,5351,1827,3,5,17556,5d3d6018a6f3006a,1583.700,6.700,11.400,12.300
3939,5352,1828,3,5,17556,42db9bfe5a7ac6d4,1647.100,5.800,10.900,11.800
3940,5353,1829,3,5,17556,2374fcf10901b010,1252.800,5.800,11.200,12.100
3941,5354,1830,3,5,17556,a3ccad886f22e2c8,1249.300,5.300,9.500,11.900
3942,5355,1831,3,5,17556,dba8c7d9b4dff468,1439.100,5.800,8.600,12.600
3943,5356,1832,3,5,17556,9bb94231bad7b5f8,1353.400,4.900,9.700,12.300
3944,5357,1833,3,5,17556,1246c0d5ae605de4,1340.500,6.600,10.000,12.000
3945,5358,1834,3,5,17556,8e22fd63aca74b79,1424.700,5.400,11.000,11.400
3946,5359,1835,3,5,17556,658e71a162244fce,1223.500,6.100,9.300,11.400
3947,5360,1836,3,5,17556,2b6931077b17c0bf,1291.900,5.900,10.000,11.400
3948,5361,1837,3,5,17556,4a081213d449d82b,1262.000,5.000,9.400,11.500
3949,5362,1838,3,5,17556,9115a5a159c72e78,1293.300,4.800,9.000,11.300
3950,5363,1839,3,5,17556,b2e80fb2c62cb451,1654.900,6.400,11.100,20.900
3951,5364,1840,3,5,17556,52795482351e1694,1247.400,5.500,10.400,11.700
3952,5365,1841,3,5,17556,980b5dcde9701f8d,1270.200,6.100,10.400,11.500
3953,5366,1842,3,5,17556,857854255fbfe4c9,1241.300,4.600,10.000,11.400
3954,5367,1843,3,5,17556,90c07ac73c31273c,1360.700,6.000,10.900,12.300
3955,5368,1844,3,4,16524,a282669316a8d261,1246.200,4.900,11.500,11.600
3956,5369,1845,3,4,16524,de06589f09ef7fd5,1602.200,6.000,11.600,11.700
3957,5370,1846,3,4,16524,8357157d89468b46,1241.100,5.100,9.600,17.600
3958,5371,1847,3,4,16524,78888b23678dc55c,1256.300,5.400,10.800,11.600
3959,5372,1848,3,4,16524,0b9292a31366f661,1214.100,6.100,10.400,11.700
3960,5373,1849,3,4,16524,1c990064ac63dd9f,1315.200,6.800,9.200,12.000
3961,5374,1850,3,4,16524,08570148af4d4dd2,1218.500,5.200,10.000,11.600
3962,5375,1851,3,4,16524,9feb99f732746f0e,2031.200,7.900,11.000,11.900
3963,5376,1852,3,4,16524,5b5ca39a51ca70ed,1342.800,5.800,10.200,11.400
3964,5377,1853,3,4,16524,7f6438ee3aca6451,1274.300,5.000,9.600,11.800
3965,5378,1854,3,4,16524,5878ee279ba327dd,1449.600,6.900,10.900,12.300
3966,5379,1855,3,4,16524,9a2f457061a8a35a,1368.700,5.900,11.400,11.600
3967,5380,1856,3,4,16524,a6027fc56896b620,1921.700,7.700,12.900,12.000
3968,5381,1857,3,4,16524,cf3c52bced1f13cf,1678.600,6.500,11.600,12.000
3969,5382,1858,3,4,16524,c00bbc3b49471ac2,1436.600,5.600,12.100,11.900
3970,5383,1859,3,4,16524,8a62b13151dae26f,1289.800,4.900,10.100,11.500
3971,5384,1860,3,2,14460,1ea5bcc6a5d83e82,1250.300,4.400,9.800,11.600
3972,5385,1861,3,2,14460,959584b24b919f6b,1523.800,6.100,10.800,11.800
3973,5386,1862,3,2,14460,e936d2e38937e3fe,1481.400,4.800,10.000,11.400
3974,5387,1863,3,2,14460,95fd8ae51edbaa52,1222.400,4.300,10.400,11.600
3975,5388,1864,3,2,14460,1102a8959e7c8b5b,1228.800,4.400,10.800,11.600
3976,5389,1865,3,3,15492,fdd2211f747ae33c,1734.600,5.300,11.200,12.200
3977,5390,1866,3,3,15492,21ae4251fee29115,1235.900,6.400,10.800,11.500
3978,5391,1867,3,3,15492,2f535ccd72500a79,1245.700,4.600,9.500,11.500
3979,5392,1868,3,3,15492,3be058c341c5b4af,1373.400,5.200,11.700,11.900
3980,5393,1869,3,3,15492,aab7ac8e72cab643,1482.100,4.500,10.500,12.000
3981,5394,1870,3,3,15492,834e540265cac1cb,1284.000,6.200,9.300,11.500
3982,5395,1871,3,3,15492,343a3becb5fe96e7,1238.900,6.000,11.000,11.500
3983,5396,1872,3,3,15492,571a768b020755e0,1244.600,4.300,9.900,12.300
3984,5397,1873,3,3,15492,bf2e6f0a3daac6e2,1283.000,7.000,10.800,12.100
3985,5398,1874,3,3,15492,feabe2e62ff2b862,1248.100,4.200,11.100,11.400
3986,5399,1875,3,3,15492,a6d245feaad752db,1316.400,4.700,10.100,11.300
3987,5400,1876,3,3,15492,4df74c1dba9ae11b,1236.200,5.900,10.500,11.900
3988,5401,1877,3,3,15492,63b6a038e0e71008,1417.500,6.700,11.100,12.700
3989,5402,1878,3,3,15492,db757b6b34537234,1232.600,4.500,10.300,11.500
3990,5403,1879,3,3,15492,c4ba3b37065ae199,1314.300,5.300,12.500,12.300
3991,5404,1880,3,3,15492,326924bba2e3306d,1629.900,6.200,10.700,12.600
3992,5405,1881,3,3,15492,212847dcd998f546,1243.600,5.100,9.600,11.600
3993,5406,1882,3,3,15492,55987a4d8d272280,1322.400,4.300,11.800,11.700
3994,5407,1883,3,3,15492,80d0d6ec9681bafb,1245.400,5.100,11.100,12.000
3995,5408,1884,3,3,15492,37e20ad7b5d790b6,1289.400,4.700,10.400,11.300
3996,5409,1885,3,3,15492,eaf4a3cbbef906ac,1677.000,6.300,12.100,12.900
3997,5410,1886,3,0,12396,262541caaf91a7b5,1375.500,4.600,9.900,11.600
3998,5411,1887,3,0,12396,7e1070570e466290,1231.800,4.000,9.300,11.500
3999,5412,1888,3,0,12396,ed47458036fad22b,1247.700,3.300,9.100,12.000
4000,5413,1889,3,0,12396,a52de1ae70017c5e,1250.900,4.800,10.600,11.500
4001,5414,1890,3,0,12396,f5b6a9e0bf97b932,1566.900,4.500,9.700,11.800
4002,5415,1891,3,0,12396,3abf3f3894e266a4,1316.400,4.500,10.400,11.800
4003,5416,1892,3,0,12396,fe63f417d5e4a77d,1747.300,5.900,11.700,11.800
4004,5417,1893,3,0,12396,0a3a107f830a0b7c,1637.400,4.400,11.500,12.200
4005,5418,1894,3,0,12396,3e08c27fbe308619,1330.500,3.900,12.000,12.100
4006,5419,1895,3,0,12396,7cb715a0d5584949,1232.000,3.300,11.100,11.500
4007,5420,1896,3,0,12396,f2caed0e1cc0c72a,1256.800,5.100,9.500,11.400
4008,5421,1897,3,0,12396,74500794f21d85ce,1252.800,5.100,10.200,11.500
4009,5422,1898,3,0,12396,16e596d0af8fbbbf,1252.700,3.800,9.600,12.000
4010,5423,1899,3,0,12396,516064f0b889c21c,1457.900,3.100,11.400,11.400
4011,5424,1900,3,0,12396,553716d092c91c75,1679.600,5.100,10.900,11.700
4012,5425,1901,3,0,12396,b3a0065fae2dd754,1404.700,3.700,10.000,11.500
4013,5426,1902,3,0,12396,b2397fdfc62ee1ed,1480.900,3.900,12.200,11.700
4014,5427,1903,3,0,12396,4289685f7a87112a,1219.500,4.400,9.200,12.100
4015,5428,1904,3,0,12396,4b0e1dc0fd5db885,1218.000,3.600,9.100,11.400
4016,5429,1905,3,0,12396,8585927dac5d504e,1380.900,3.600,10.600,11.400
4017,5430,1906,3,0,12396,cbf1648105e40db1,1856.300,6.400,11.700,12.300
4018,5431,1907,3,0,12396,37d98dab96574f8f,1410.100,3.600,10.200,11.700
4019,5432,1908,3,0,12396,e1fa81fea79ebeda,1237.300,3.500,9.400,11.400
4020,5433,1909,3,0,12396,918b416b20ad3074,1452.200,19.900,10.300,11.600
4021,5434,1910,3,0,12396,bb86687311bef85b,1223.800,3.800,9.900,11.500
4022,5435,1911,3,0,12396,4dc30702c616f548,1263.500,3.500,10.300,11.300
4023,5436,1912,3,0,12396,7952215a2ddd962a,1240.800,3.900,9.800,11.600
4024,5437,1913,3,0,12396,190df663a4f3a4ca,1244.300,3.300,8.900,11.400
4025,5438,1914,3,0,12396,e739d254a4686866,1439.300,4.300,11.000,11.700
4026,5439,1915,3,0,12396,99adcfe8c7e5311e,1767.600,4.400,12.600,11.600
4027,5440,1916,3,0,12396,a53e31ba9abf4388,1585.400,5.000,15.600,12.000
4028,5441,1917,3,0,12396,74cb3ef47bbb33ba,1359.800,5.000,12.200,11.300
4029,5442,1918,3,0,12396,d72ad993e156b5f3,1440.100,5.400,11.600,11.600
4030,5443,1919,3,0,12396,6be69564915e3eee,1288.800,4.300,9.900,11.500
4031,5444,1920,3,0,12396,a6492d91b8017990,1300.900,4.300,9.500,11.400
4032,5445,1921,3,0,12396,7884e3f99e0b5785,1760.000,5.600,11.800,11.800
4033,5446,1922,3,0,12396,bd182f59786b1c4d,1240.500,4.300,10.200,11.900
4034,5447,1923,3,0,12396,b9ebdb7ab709bb8f,1239.200,4.900,9.800,12.000
4035,5448,1924,3,0,12396,9934b1a8ff4d9f54,1234.800,4.000,9.600,11.500
4036,5449,1925,3,0,12396,48d379fdbfd4587b,1223.900,3.100,9.900,11.500
4037,5450,1926,3,0,12396,c7db102c8849b32b,1230.700,3.900,9.500,11.900
4038,5451,1927,3,0,12396,57604cae870496a5,1435.900,5.400,11.500,12.200
4039,5452,1928,3,0,12396,92610dddcf44a058,1618.900,3.600,10.000,12.000
4040,5453,1929,3,1,13428,ff79054f8ab8585a,1363.300,4.800,10.500,11.700
4041,5454,1930,3,2,14460,1bfc7d2f75acec1c,1230.000,5.000,9.600,11.600
4042,5455,1931,3,2,14460,53818fb578a345ad,1453.500,4.700,10.700,11.500
4043,5456,1932,3,2,14460,4734c0c175091cce,1278.000,4.600,9.600,11.700
4044,5457,1933,3,2,14460,a2dc6942f21f2eba,1277.300,5.700,11.200,11.600
4045,5458,1934,3,2,14460,b9181ebde6136da2,1266.300,5.600,10.400,12.100
4046,5459,1935,3,2,14460,c30a31754e668fdd,1307.200,5.300,9.900,11.800
4047,5460,1936,3,1,13428,16d6a2c6926b6155,1678.900,4.900,9.800,12.000
4048,5461,1937,3,1,13428,acc4a9127169375c,1291.800,16.300,10.100,11.400
4049,5462,1938,3,0,12396,3d896a89273c4bc9,1258.900,5.700,9.700,12.700
4050,5463,1939,3,0,12396,340d5a34622ea6bf,1220.100,4.400,9.200,11.400
4051,5464,1940,3,0,12396,08d4486a8b9a9339,1326.900,3.800,9.800,11.800
4052,5465,1941,3,0,12396,fb092981bc15895e,1320.300,5.500,10.200,12.100
4053,5466,1942,3,0,12396,7b2efdfc3956b245,1236.300,4.400,8.700,11.500
4054,5467,1943,3,0,12396,1b7f0b8ad0b3b6bc,1500.900,5.100,11.600,12.200
4055,5468,1944,3,0,12396,bd509c0843ba170a,1249.000,3.900,10.600,11.300
4056,5469,1945,3,0,12396,d64350b4cfac808c,1314.200,4.000,9.200,11.900
4057,5470,1946,3,0,12396,e1e59628d3759bc6,1564.100,4.500,11.500,12.100
4058,5471,1947,3,0,12396,b17fac017af3c814,1260.300,4.700,10.200,11.700
4059,5472,1948,3,0,12396,ccc01bc51703bf78,1689.500,6.700,10.300,11.800
4060,5473,1949,3,0,12396,e6f2ce730b7ec1a8,1252.300,4.400,9.800,11.900
4061,5474,1950,3,0,12396,efeac0f37e70b2b6,1239.000,4.200,9.700,11.500
4062,5475,1951,3,0,12396,09cc1646569f6f1d,1452.800,6.000,10.600,11.600
4063,5476,1952,3,0,12396,7dc5ea9e08f2f7c9,1230.600,3.900,9.600,11.500
4064,5477,1953,3,0,12396,598bc6c85845f980,1225.600,4.100,9.300,11.600
4065,5478,1954,3,0,12396,2048086525491f94,1238.000,4.500,8.900,12.200
4066,5479,1955,3,0,12396,075955f9f7533ed8,1373.100,5.600,11.200,12.300
4067,5480,1956,3,0,12396,09c47f27d823e87f,1672.100,5.200,12.000,12.100
4068,5481,1957,3,0,12396,a8f5deda5467fba9,1237.600,5.400,8.800,11.400
4069,5482,1958,3,0,12396,900978b67f67d18e,1257.400,7.100,11.000,11.800
4070,5483,1959,3,1,13428,474b23466d778164,1315.700,4.900,10.100,12.100
4071,5484,1960,3,0,12396,e76a67e8c495d313,1329.700,11.900,9.800,11.700
4072,5485,1961,3,0,12396,d504d01b01e43c06,1238.600,3.700,9.000,11.500
4073,5486,1962,3,0,12396,012b23f23e3d14cc,1227.000,4.200,8.300,11.300
4074,5487,1963,3,0,12396,2c7877b462d0649f,1548.000,6.000,9.700,12.300
4075,5488,1964,3,0,12396,c32ce8ae43be9ccd,1672.300,4.700,9.800,11.600
4076,5489,1965,3,0,12396,7ef17727d53ac81c,1273.200,4.200,10.100,11.600
4077,5490,1966,3,0,12396,1cf5214a21f01c09,1215.000,4.700,10.400,11.400
4078,5491,1967,3,0,12396,3540ed76135cf490,1221.400,4.800,10.000,11.900
4079,5492,1968,3,0,12396,23725e0de8e3d187,1260.100,4.200,10.100,11.400
4080,5493,1969,3,0,12396,36ca67c27e30c36e,1310.000,4.700,9.500,11.700
4081,5494,1970,3,0,12396,0c7257044341e0ae,1258.200,3.900,10.600,11.800
4082,5496,1971,3,0,12396,bad1b69ae382c110,1239.700,5.700,8.900,11.800
4083,5497,1972,3,0,12396,0653b377719f5970,1451.400,5.500,10.500,11.500
4084,5498,1973,3,0,12396,92a17afe2eaa88cd,1685.300,4.900,10.000,12.400
4085,5499,1974,3,1,13428,a0d4c83d9242d44c,1304.800,4.800,10.800,11.600
4086,5500,1975,3,1,13428,8fb19a06c7557f44,1260.900,5.600,9.900,12.000
4087,5501,1976,3,1,13428,b424af4d9011cc7f,1335.900,6.300,10.900,12.100
4088,5502,1977,3,0,12396,ec4bbe2438e8d8fa,1266.500,4.100,10.300,11.700
4089,5503,1978,3,0,12396,d670a9353ab0ef3f,1393.900,5.600,10.000,12.500
4090,5504,1979,3,0,12396,9dd033a8aa93bac3,1437.900,5.500,12.400,11.800
4091,5505,1980,3,0,12396,0aabff5f9b393d43,1364.900,4.800,11.200,11.900
4092,5506,1981,3,0,12396,e54f1a4fb2d3c536,1306.900,5.100,10.000,11.500
4093,5507,1982,3,0,12396,08d94a9c995a4107,1343.900,10.700,9.000,11.600
4094,5508,1983,3,0,12396,d2cbe3cf62785a71,1985.500,7.300,11.800,11.900
4095,5509,1984,3,0,12396,3ce11b599a79a45e,1250.300,3.800,8.900,11.600
4096,5510,1985,3,0,12396,c95153b318748fa6,1352.700,4.600,8.400,12.200
4097,5511,1986,3,0,12396,ec36cb360b9ad0f4,1225.800,4.500,9.400,11.500
4098,5512,1987,3,0,12396,622e0955e2af34fa,1400.800,5.600,10.200,11.700
4099,5513,1988,3,0,12396,78acd33dc3df41b7,1280.400,4.300,10.800,11.700
4100,5514,1989,3,0,12396,7f5e1beb15ff931b,1237.500,4.200,9.500,11.500
4101,5515,1990,3,0,12396,6a76fbe9f6b1a481,1281.200,5.600,10.100,12.100
4102,5516,1991,3,0,12396,de9ebb45b3a0c321,1290.700,4.500,9.700,11.500
4103,5517,1992,3,0,12396,3bc4a0c583a96a63,1715.500,4.900,11.500,12.400
4104,5518,1993,3,0,12396,7c8aae04ad3496e0,1328.200,5.200,10.100,12.000
4105,5519,1994,3,0,12396,a4d6661235db5527,1382.000,5.100,11.100,11.800
4106,5520,1995,3,0,12396,7dc732f348635356,1292.800,4.900,10.700,12.200
4107,5521,1996,3,0,12396,dca2314652d7c3fb,1374.700,4.900,10.500,11.500
4108,5522,1997,3,0,12396,89b20fe4f9bf8b72,1392.100,6.000,12.600,11.700
4109,5523,1998,3,0,12396,a53636b0af87121c,1295.200,4.300,10.200,11.500
4110,5524,1999,3,0,12396,0a40811e4d1bea76,2173.800,10.600,14.100,12.800
4111,5525,2000,3,0,12396,97ce7cfa1c451444,1817.200,8.800,11.900,12.700
4112,5526,2001,3,0,12396,d4ae0a1aeb0b3c4f,1329.000,5.400,10.900,12.500
4113,5527,2002,3,0,12396,ba0a162e9cc73fd1,1347.900,5.600,11.200,11.800
4114,5528,2003,3,0,12396,b3f8b4c1d5679dbc,1380.700,4.800,11.800,11.600
4115,5529,2004,3,0,12396,98a2e56b283044a1,1410.300,4.600,10.800,11.800
4116,5530,2005,3,0,12396,c1c966fb7a0a47a0,1665.400,4.800,11.400,11.900
4117,5531,2006,3,0,12396,81fa9251953f5575,1249.900,5.200,9.100,11.500
4118,5532,2007,3,0,12396,79f430984d1ca773,1265.900,4.400,10.100,11.700
4119,5533,2008,3,0,12396,67fa1519c2752eb2,1413.800,4.800,9.500,11.600
4120,5534,2009,3,0,12396,27d8fd02db4ae9d6,1453.700,5.300,10.100,11.800
4121,5535,2010,3,0,12396,998745b7bf2031eb,1254.600,4.000,9.600,11.600
4122,5536,2011,3,0,12396,bc0262860b21104e,1299.300,4.700,9.400,12.200
4123,5537,2012,3,0,12396,eae50aa06fc3e760,1886.500,7.100,11.700,11.800
4124,5538,2013,3,0,12396,c53b2b92bc328512,1284.200,4.500,10.600,11.600
4125,5539,2014,3,0,12396,72df8f18ca2fdd95,1266.700,4.900,9.900,12.200
4126,5540,2015,3,0,12396,dcac7bd1fa18ea74,1473.900,5.300,11.600,11.700
4127,5541,2016,3,0,12396,5dfb25bca9501408,1222.600,5.600,9.200,11.600
4128,5542,2017,3,0,12396,d6137ad82c8af116,1294.900,4.300,8.700,12.000
4129,5543,2018,3,0,12396,6fee2da88bedfb89,1277.200,5.800,9.100,11.400
4130,5544,2019,3,0,12396,60bb669fe4dbb3f9,1335.300,4.700,9.100,11.400
4131,5545,2020,3,0,12396,4bc8547bc0cded35,1328.900,3.900,9.300,11.500
4132,5546,2021,3,0,12396,eb4dfb5ceb3793a8,1253.400,4.500,9.500,11.700
4133,5547,2022,3,0,12396,f83537a21ebfd924,1291.400,4.100,10.300,11.600
4134,5548,2023,3,0,12396,2f57117fc51688e0,1238.600,4.500,10.200,11.600
4135,5549,2024,3,0,12396,6fc6603391c302f1,1311.700,4.700,10.100,11.600
4136,5550,2025,3,0,12396,d6e7c14c56954996,1250.700,4.600,9.500,11.500
4137,5551,2026,3,0,12396,89d4ff9785c3db8d,1306.100,5.500,11.300,12.500
4138,5552,2027,3,0,12396,069c7e65bdda4cef,1638.900,5.500,9.400,12.000
4139,5553,2028,3,0,12396,f36172f8af8e7b39,1363.800,5.300,8.900,11.400
4140,5554,2029,3,0,12396,ff3cd6cd8b1c5a5a,1238.200,4.600,10.400,11.500
4141,5555,2030,3,0,12396,2c120c33cf391965,1281.100,6.600,9.800,11.600
4142,5556,2031,3,0,12396,9bb39501c1d1895a,1232.800,5.200,9.400,12.300
4143,5557,2032,3,0,12396,3cfbffeaaad35a76,1226.400,5.300,9.800,11.600
4144,5558,2033,3,0,12396,e6feea64cdfcfa1e,1254.700,5.000,11.100,12.000
4145,5559,2034,3,0,12396,4b4ad53ec8829ffd,1225.700,4.200,8.900,12.100
4146,5560,2035,3,0,12396,bce7f77c0992c089,1230.000,4.700,9.700,11.400
4147,5561,2036,3,0,12396,95a8cc76432b8ae9,1276.800,4.500,10.000,11.900
4148,5562,2037,3,0,12396,3c6bbdaf2775a686,1482.800,4.800,10.800,11.800
4149,5563,2038,3,1,13428,89a07bfb1acf548f,1692.300,8.300,10.400,11.700
4150,5564,2039,3,1,13428,4a968fc757c68368,1430.200,6.000,10.400,11.700
4151,5565,2040,3,1,13428,418a4abffbf04b34,1305.800,4.300,10.700,11.500
4152,5566,2041,3,1,13428,7fb266f1fbb863e5,1345.500,6.200,10.500,11.700
4153,5567,2042,3,2,14460,e148ca6d2b4885fc,1414.500,6.900,12.900,12.000
4154,5568,2043,3,1,13428,58fc05a03c841003,1367.100,5.800,11.300,12.800
4155,5569,2044,3,2,14460,28f3223e6427a8a5,1256.000,7.000,9.400,12.000
4156,5570,2045,3,1,13428,c1f1827fba4ca7c6,1395.300,5.400,11.600,11.600
4157,5571,2046,3,1,13428,9b653e8334e008ef,1768.500,5.800,11.000,11.900
4158,5572,2047,3,1,13428,ace4f8223507f9e9,1400.800,5.800,9.800,11.500
4159,5573,2048,3,1,13428,36bd879ac04fd9f0,1238.000,4.500,9.900,12.100
4160,5574,2049,3,1,13428,1168df2c7a45a38a,1222.700,4.800,10.600,11.600
4161,5575,2050,3,1,13428,3a4d371f7309d039,1351.400,5.000,10.600,11.500
4162,5576,2051,3,0,12396,402ce658ae544d87,1294.800,4.100,10.500,11.400
4163,5577,2052,3,0,12396,06e06abf3cd09497,1536.300,4.100,10.800,11.600
4164,5578,2053,3,0,12396,b302c8eada6712e4,1309.900,4.200,10.000,12.400
4165,5579,2054,3,0,12396,16335b3223cf15b0,1699.200,4.600,10.200,11.500
4166,5580,2055,3,0,12396,71e208e0cdf3d688,1295.400,3.200,19.600,12.200
4167,5581,2056,3,0,12396,08eec046a2fbb9a8,1390.500,4.700,9.200,11.500
4168,5582,2057,3,0,12396,b5dd9ac1becc3911,1264.500,4.900,9.800,11.700
4169,5583,2058,3,0,12396,e1cdf089583deed0,1307.700,4.600,10.600,11.500
4170,5584,2059,3,0,12396,e0aac3e66be2231e,1219.200,3.900,9.600,12.000
4171,5585,2060,3,0,12396,bddadf1bca68e63e,1367.600,4.300,10.400,11.400
4172,5586,2061,3,0,12396,dbaca35179672949,1243.100,4.200,8.700,11.400
4173,5587,2062,3,0,12396,7305b6c1de3de56f,1271.400,3.800,10.900,11.700
4174,5588,2063,3,0,12396,779756e17a185207,1241.600,5.100,9.600,12.100
4175,5589,2064,3,0,12396,50dc3c891fd46b6e,1368.300,4.500,9.500,11.800
4176,5590,2065,3,0,12396,e06d48055e0aa7eb,1748.400,4.500,10.200,12.200
4177,5591,2066,3,0,12396,23f92b781ad3f74e,1592.400,4.900,9.800,12.100
4178,5592,2067,3,0,12396,048922260c3c8a7b,1341.900,5.200,9.000,11.600
4179,5593,2068,3,0,12396,aa848a7ec95ff227,1219.500,3.500,9.400,11.500
4180,5594,2069,3,0,12396,f6c9c5a2db80c486,1242.200,10.300,9.500,12.200
4181,5595,2070,4,0,16496,9e6d815b4816b086,1423.900,5.800,11.200,15.700
4182,5596,2071,3,0,12396,423cdcaeac2df644,1431.100,4.800,10.100,12.200
4183,5597,2072,4,0,16496,3b54913feb3a3188,1221.800,4.400,11.100,15.400
4184,5598,2073,3,0,12396,299fa2bd7ffc91ce,1239.900,5.500,9.300,11.400
4185,5599,2074,4,0,16496,33368fe2f774f0a4,1283.100,3.800,10.400,15.500
4186,5600,2075,3,0,12396,207e0f0b6f6b3af0,1559.000,6.400,11.000,11.600
4187,5601,2076,4,0,16496,531d6fe3f6e8409b,1795.700,5.200,12.400,16.300
4188,5602,2077,3,0,12396,1e24b76ab8b20363,1428.100,6.000,10.700,11.700
4189,5603,2078,4,0,16496,42fb7bc70278c3d1,1242.000,4.500,9.600,15.900
4190,5604,2079,3,0,12396,aa5053c727f0aa5d,1237.300,4.300,9.600,11.300
4191,5605,2080,4,0,16496,d3c5d047dd4d520c,1251.800,11.300,8.700,15.200
4192,5606,2081,3,0,12396,962cff3e9d8d0936,1238.200,4.200,8.300,11.300
4193,5607,2082,4,0,16496,dc6494b4e4184096,1270.600,4.700,9.400,15.400
4194,5608,2083,3,0,12396,470c8e0ccaab8097,1365.000,4.200,9.900,11.300
4195,5609,2084,4,0,16496,accf239601a87746,1225.100,4.400,10.400,15.500
4196,5610,2085,3,0,12396,61fc3761962a6599,1380.000,9.100,10.200,11.900
4197,5611,2086,4,0,16496,aa0f30d30a907bec,1227.400,5.000,9.000,15.200
4198,5612,2087,3,0,12396,ff874824215cd2e0,1221.600,4.600,9.600,12.000
4199,5613,2088,4,0,16496,bb69f84828413d89,1233.900,4.600,10.500,15.400
4200,5614,2089,3,0,12396,a967a5f775680ec8,1711.100,11.900,10.700,11.700
4201,5615,2090,4,0,16496,3f1f1ee957a46593,1408.600,5.000,11.600,16.200
4202,5616,2091,3,0,12396,d1bfde63d0dcb218,1367.000,4.300,10.500,11.600
4203,5617,2092,4,0,16496,1b46e1705604f738,1227.600,13.800,9.200,15.300
4204,5618,2093,3,1,13428,ced58b722cad11b2,1271.200,5.000,8.300,11.900
4205,5619,2094,3,1,13428,937920029b362d97,1347.400,5.200,10.400,11.400
4206,5620,2095,3,2,14460,3bd4fc698a8efda6,1280.200,5.400,10.300,11.600
4207,5621,2096,3,1,13428,090f53fb9cc7ce62,1224.000,4.300,8.900,11.400
4208,5622,2097,3,1,13428,c1b3f4c4de1a0cce,1230.800,4.500,9.100,12.100
4209,5623,2098,3,1,13428,8707a1eaf6fd9b00,1723.000,7.600,12.400,12.100
4210,5625,2099,3,0,12396,1cfbe032bdb436f4,1314.800,5.200,9.900,11.400
4211,5626,2100,3,0,12396,80fa7f77f50b0337,1379.700,3.900,9.300,11.700
4212,5627,2101,3,0,12396,5e001cf78db69044,1522.900,5.600,10.300,11.600
4213,5628,2102,3,0,12396,6335955dc7f3dfea,1418.900,5.100,10.600,11.900
4214,5629,2103,3,0,12396,8b27d025eeac77a9,1766.400,5.300,12.500,12.600
4215,5630,2104,3,0,12396,9a199cd88ab031a0,2036.100,7.000,13.700,12.400
4216,5631,2105,3,0,12396,544f68bec6390dbf,1456.600,5.700,10.100,12.000
4217,5632,2106,3,0,12396,7a68b844e5304959,1384.800,5.400,9.800,12.000
4218,5633,2107,3,0,12396,4fb5f84a314d4c40,1495.100,4.800,10.800,12.300
4219,5634,2108,3,0,12396,c4b402d12b7f8dd8,1333.600,4.800,10.000,12.000
4220,5635,2109,3,0,12396,60f72698a206f909,1373.200,5.000,10.900,11.900
4221,5636,2110,3,0,12396,7cbd963d96f135b8,1355.000,5.200,10.900,11.600
4222,5637,2111,3,0,12396,2fbfa5660907f94d,1302.400,4.800,9.600,12.100
4223,5638,2112,3,0,12396,a273817f27338113,1330.800,3.900,9.000,11.500
4224,5639,2113,3,0,12396,811a0cd0dd79108f,1248.600,4.100,9.800,11.400
4225,5640,2114,3,0,12396,0a9a2beda6e4a77f,1236.400,4.800,8.800,11.400
4226,5641,2115,3,0,12396,46488a623d05e5a2,1230.200,4.200,9.100,12.100
4227,5642,2116,3,0,12396,ecbe0d848eda5be1,1492.900,10.000,10.000,11.700
4228,5643,2117,3,0,12396,9f55319321b27193,1244.900,5.200,10.100,11.500
4229,5644,2118,3,0,12396,803accbcaf1f3877,1271.600,5.000,8.500,11.600
4230,5645,2119,3,0,12396,d3b88cbed67be281,1235.300,3.900,9.500,12.000
4231,5646,2120,3,0,12396,8e0c4a98d5b08ac6,1420.000,5.700,9.700,11.500
4232,5647,2121,3,0,12396,ae7d494aeb0dd810,1744.100,42.300,14.400,12.300
4233,5648,2122,3,0,12396,afea585ed405565d,1236.300,4.200,9.800,11.300
4234,5649,2123,3,0,12396,869346129ba41f72,1233.400,4.300,9.900,12.600
4235,5650,2124,3,1,13428,dc6f9add85feb15f,1228.200,5.200,9.700,11.400
4236,5651,2125,3,1,13428,1c8a1e900d604352,1278.400,4.800,10.000,11.600
4237,5652,2126,3,1,13428,e8aa214c394b882f,1304.500,5.400,10.100,11.600
4238,5653,2127,3,1,13428,85b781a6a1499767,1309.100,5.000,11.300,11.300
4239,5654,2128,3,1,13428,99462fa10547bfbb,1226.700,4.900,9.100,11.500
4240,5655,2129,3,1,13428,d65b2fe2afe34ac9,1600.400,6.100,10.100,12.000
4241,5656,2130,3,1,13428,3907194ea08bd3bc,1672.500,6.600,11.400,11.800
4242,5657,2131,3,1,13428,5e55091764814e5c,1250.700,4.900,10.100,11.700
4243,5658,2132,3,1,13428,2a166e24bdb3cac8,1346.800,4.700,10.300,11.600
4244,5659,2133,3,1,13428,3db5b524cc1b78a9,1362.200,4.800,9.300,12.200
4245,5660,2134,3,2,14460,204fb24b811a0edf,1230.800,5.200,8.200,11.500
4246,5661,2135,3,2,14460,5cd92b05b52c874b,1214.200,4.500,9.600,11.400
4247,5662,2136,3,2,14460,bf86d41e0109e183,1228.400,4.300,10.200,11.600
4248,5663,2137,3,2,14460,6726ef6522a1db39,1243.500,4.900,11.200,11.400
4249,5664,2138,3,2,14460,244dc9a16466e393,2087.900,6.200,10.800,11.500
4250,5665,2139,3,2,14460,e0be26ea7f48344a,1931.000,6.600,11.700,11.500
4251,5666,2140,3,2,14460,121d1fafd1ff7221,1346.700,4.700,10.000,11.500
4252,5667,2141,3,2,14460,eba524108934c0f3,1279.700,5.100,10.900,11.500
4253,5668,2142,3,2,14460,f5db155062e9ab04,1350.900,5.700,10.000,11.900
4254,5669,2143,3,2,14460,c1f58bf6240d9e89,1475.400,5.600,11.600,11.700
4255,5670,2144,3,2,14460,83420bc6fb6b7896,1243.900,5.000,10.200,11.800
4256,5671,2145,3,2,14460,81b3b6eed71e5524,1232.000,5.500,11.000,11.500
4257,5672,2146,3,4,16524,c0430a3a97f46e31,1437.900,15.300,9.700,11.500
4258,5673,2147,3,5,17556,3c52daafef237df8,1338.800,5.900,10.200,11.800
4259,5674,2148,3,5,17556,7e84ca65ab641bad,1681.000,6.200,11.400,11.600
4260,5675,2149,3,4,16524,9ea46af9427437a2,1324.700,16.600,9.700,12.200
4261,5676,2150,3,4,16524,875298f76ba3536b,1289.200,4.800,9.900,11.300
4262,5677,2151,3,3,15492,42d9bc43c30ac401,1236.700,15.100,9.700,11.500
4263,5678,2152,3,2,14460,215ffcb518d465c5,1265.200,4.400,9.400,11.500
4264,5679,2153,3,1,13428,85c0445d98529cbe,1329.900,5.500,8.800,12.200
4265,5680,2154,3,1,13428,f7a281ca85828d5e,1253.600,4.600,9.100,11.900
4266,5681,2155,3,1,13428,ce84cbd4a9a60616,1244.700,5.100,9.400,11.300
4267,5682,2156,3,1,13428,50c3442414123f65,1299.000,9.600,10.400,11.600
4268,5683,2157,3,1,13428,ea8acf05d3075458,2203.400,6.900,15.200,12.300
4269,5684,2158,3,1,13428,887dbee93bca1547,1226.000,5.100,9.500,12.200
4270,5685,2159,3,1,13428,c037211d93f4290d,1479.300,11.100,11.600,11.600
4271,5686,2160,3,1,13428,ca1291c12ccaf272,1307.200,5.100,9.400,11.400
4272,5687,2161,3,0,12396,289df572adcc8beb,1295.000,3.900,10.400,11.500
4273,5688,2162,3,0,12396,a692a57e993f4ab0,1229.400,9.000,8.900,12.400
4274,5689,2163,3,0,12396,44e729b367a90b91,1365.100,4.900,11.100,12.300
4275,5690,2164,3,0,12396,388f22f044ddeb02,1944.200,5.400,12.500,11.700
4276,5691,2165,3,0,12396,294642b3d0cbb7da,1495.000,7.100,9.300,11.700
4277,5692,2166,3,0,12396,b4686947fc0fc8be,1524.700,5.600,11.600,12.300
4278,5693,2167,3,0,12396,e9ad618eac509e4c,1246.700,4.300,11.000,11.500
4279,5694,2168,3,0,12396,05f0081bc44c41bf,1291.400,3.500,12.100,13.100
4280,5695,2169,3,1,13428,1a76afce4c1f7cf4,1520.400,4.200,11.600,11.500
4281,5696,2170,3,1,13428,f41d124791526b37,1272.200,4.600,10.400,11.400
4282,5697,2171,3,0,12396,1b505754c760758f,1312.100,5.800,9.900,12.300
4283,5698,2172,3,0,12396,707ed05119b11c7b,1646.200,4.700,10.900,12.200
4284,5699,2173,3,0,12396,446edf27ab7b2282,1270.500,5.200,9.900,11.600
4285,5700,2174,3,0,12396,a676553a7bb7815c,1248.900,4.400,11.200,11.700
4286,5701,2175,3,0,12396,142c2859baaf8a88,1207.500,4.800,9.700,12.000
4287,5702,2176,3,0,12396,124ffd8a026ab440,1244.400,4.300,9.100,11.600
4288,5703,2177,3,0,12396,5404c5fb6a6b8357,1265.200,5.300,9.900,11.400
4289,5704,2178,3,0,12396,19034c73a3a60647,1237.100,4.400,10.300,11.400
4290,5705,2179,3,0,12396,4febc0cbff99807b,1241.900,4.100,10.100,11.900
4291,5707,2180,3,0,12396,7359b76fef4705c6,1255.800,5.600,10.200,11.700
4292,5708,2181,3,0,12396,2a6b47d752fce545,1321.800,5.500,8.900,11.700
4293,5709,2182,3,0,12396,0b1ef37072918a68,1602.300,16.300,13.800,12.100
4294,5710,2183,3,0,12396,e4891563efd1567e,1254.400,4.700,9.900,11.300
4295,5711,2184,3,0,12396,e7b4080b9ec79044,1625.100,6.200,9.400,11.900
4296,5712,2185,3,0,12396,0e3e85784e331a8b,1264.600,4.200,8.300,12.500
4297,5713,2186,3,0,12396,5695e76a5da43b71,1358.600,4.600,10.800,11.500
4298,5714,2187,3,0,12396,a597e4d5bc7d87d0,1235.600,4.200,9.900,11.700
4299,5715,2188,3,0,12396,a66bb2c8ba0e2399,1277.800,4.300,10.000,11.600
4300,5716,2189,3,0,12396,257fb6a05ece1195,1353.000,5.400,10.100,11.500
4301,5717,2190,3,0,12396,37bc41329320015d,1251.000,4.200,9.700,11.400
4302,5718,2191,3,0,12396,0792e2be04515195,1365.900,4.700,8.700,12.100
4303,5719,2192,3,0,12396,20c9bdaaed0bdeb1,1218.300,4.600,8.900,11.400
4304,5720,2193,3,0,12396,e99605d19bb03cee,1223.300,3.600,9.000,11.500
4305,5721,2194,3,0,12396,d6252cd63f76b841,1217.900,4.300,9.000,11.900
4306,5722,2195,3,0,12396,34d4e5078caf2d8f,1387.100,5.900,23.700,12.700
4307,5723,2196,3,0,12396,8dd7d04aefbd2638,1248.900,12.200,9.200,11.500
4308,5725,2197,3,0,12396,de586556362b7163,1308.000,4.500,9.400,11.900
4309,5726,2198,3,0,12396,c8df654b7234d9c2,1667.300,7.300,10.600,12.100
4310,5727,2199,3,0,12396,f02f8b87f74b2269,1237.800,5.300,8.600,11.500
4311,5728,2200,3,0,12396,59bbfb31806f49a8,1240.400,4.100,9.500,11.600
4312,5729,2201,3,0,12396,fc11922d69557db0,1497.600,4.500,13.500,11.900
4313,5730,2202,3,0,12396,342794ed26cce5e0,1240.300,4.900,9.600,11.400
4314,5731,2203,3,0,12396,14d45d0a9c851f57,1228.500,5.200,9.900,11.400
4315,5732,2204,3,0,12396,e1176fe29856d8fb,1258.200,4.300,9.100,11.500
4316,5733,2205,3,0,12396,062c9bcb7676deda,1361.300,5.300,10.700,11.700
4317,5734,2206,3,0,12396,75d7ec7ace06b835,1249.600,4.500,9.800,12.200
4318,5735,2207,3,0,12396,04a25e2568911d62,1235.100,4.300,7.900,11.500
4319,5736,2208,3,0,12396,abad72a23e51fe06,1251.100,3.500,9.900,11.700
4320,5737,2209,3,0,12396,eabe2532466475ff,1228.200,7.500,9.800,11.600
4321,5738,2210,3,0,12396,a4a020e7071f7e24,1892.700,6.500,14.500,13.100
4322,5739,2211,3,0,12396,b54c9707f557d95f,1318.800,5.200,10.300,12.200
4323,5740,2212,3,0,12396,ffe380a790c36218,1483.700,9.600,12.300,12.100
4324,5741,2213,3,0,12396,aa3bb0e370875c06,1635.400,5.500,11.200,11.500
4325,5742,2214,3,0,12396,af0c596538b47359,1247.700,5.300,9.300,11.600
4326,5743,2215,3,0,12396,895ba66a63fd8e23,1304.000,4.300,9.100,11.600
4327,5744,2216,3,0,12396,1199e11cb7c4b56b,1320.900,4.300,9.400,11.500
4328,5745,2217,3,0,12396,d3f16795a288cce7,1217.100,4.600,9.700,12.000
4329,5746,2218,3,0,12396,57033adf3147fb44,1248.300,4.600,11.600,11.800
4330,5747,2219,3,0,12396,435698e5f6d104b3,1262.400,4.800,10.300,11.500
4331,5748,2220,3,0,12396,fd9ae85ccfe9165e,1275.600,5.800,11.200,11.700
4332,5749,2221,3,0,12396,08459b6fc9f8c513,1259.400,4.400,9.500,12.100
4333,5750,2222,3,0,12396,a9cf87d43063ee9c,1470.200,19.600,10.200,11.900
4334,5751,2223,3,0,12396,357032add5f8665d,1243.900,4.600,8.900,11.400
4335,5753,2224,3,0,12396,834ede62ea3839ab,1340.700,6.700,12.100,12.500
4336,5754,2225,3,0,12396,6916b62971c6579a,1392.800,5.600,11.500,11.700
4337,5755,2226,3,0,12396,565a843c8d3bb4e1,1464.400,8.600,13.000,11.900
4338,5756,2227,3,0,12396,87402a90f22728c2,1532.600,6.800,9.900,11.800
4339,5757,2228,3,0,12396,2dfa3857844959f9,1469.300,7.300,12.200,11.700
4340,5758,2229,3,0,12396,30e2c422487156a3,1692.300,5.100,10.700,12.100
4341,5759,2230,3,0,12396,6ae6a88de0f7444d,1250.500,4.700,10.200,12.300
4342,5760,2231,3,0,12396,0a271a3fe9a2d6ec,1419.300,5.700,9.600,12.200
4343,5761,2232,3,0,12396,0e0c1640ee2bcf3a,1500.900,5.800,11.400,11.700
4344,5762,2233,3,0,12396,32e1286daff50952,1236.200,5.100,9.200,11.300
4345,5763,2234,3,0,12396,f17b1e2de2737684,1238.400,4.800,8.700,11.400
4346,5764,2235,3,0,12396,fc92403c4136f4ec,1237.800,5.200,9.500,12.500
4347,5765,2236,3,0,12396,7f468b3f3002c480,1576.300,6.000,10.100,12.100
4348,5766,2237,3,0,12396,b3d7e79291b00577,1295.100,4.400,10.700,11.700
4349,5767,2238,3,0,12396,9413e5525ed23e3e,1249.100,5.300,9.400,11.500
4350,5768,2239,3,0,12396,fe6766cefe45dfbf,1291.400,5.800,11.400,11.900
4351,5769,2240,3,1,13428,8af7d867c78489ca,1612.200,5.800,13.500,12.300
4352,5770,2241,3,1,13428,1b6563903cb0d0c7,1871.800,7.200,13.400,12.100
4353,5771,2242,3,1,13428,d1434ffb72ac8203,1578.100,5.600,12.300,12.200
4354,5772,2243,3,1,13428,6598c347c35b6ac7,1554.700,4.700,11.500,11.700
4355,5774,2244,3,1,13428,aefd631a40fecced,1228.100,4.300,10.500,11.500
4356,5775,2245,3,1,13428,2c64ab48b616f28d,1239.200,5.200,8.600,11.500
4357,5776,2246,3,1,13428,78eaeb2af59df2a6,1312.600,5.100,9.400,12.000
4358,5777,2247,3,1,13428,4d88ee5ea1e80a3c,1236.700,5.100,9.600,11.500
4359,5778,2248,3,1,13428,cde1ecf6c81e5070,1223.000,4.900,8.800,11.600
4360,5779,2249,3,2,14460,26b9144d73de42df,1917.300,8.200,11.300,18.600
4361,5780,2250,3,2,14460,912ebe0ace570bb4,1705.000,5.400,11.800,11.500
4362,5781,2251,3,2,14460,d51bb9d05cc5acb6,1483.200,4.900,10.000,12.000
4363,5782,2252,3,2,14460,bf0f8dd07e7be505,1293.300,5.600,9.900,11.700
4364,5783,2253,3,2,14460,ab0913b9bc573eae,1240.300,5.500,9.700,11.600
4365,5784,2254,3,2,14460,174f41a3b7a700d6,1235.700,4.200,9.900,11.500
4366,5785,2255,3,2,14460,db2588e90d31af98,1279.900,6.200,9.600,11.500
4367,5786,2256,3,2,14460,61b5f96667d74a8f,1330.700,5.800,9.900,11.400
4368,5787,2257,3,3,15492,9afa4b1a7c53e89a,1308.000,5.800,10.900,11.700
4369,5788,2258,3,3,15492,7f0582f643deb3c0,1510.800,9.600,10.500,12.300
4370,5789,2259,3,3,15492,2ec160ceeddfbfcf,1377.300,6.200,10.600,11.700
4371,5790,2260,3,3,15492,72d925dc7646e3b9,1628.300,5.700,9.500,11.500
4372,5791,2261,3,3,15492,5323dd09efba5367,1509.300,5.900,9.500,11.800
4373,5792,2262,3,3,15492,e80ce0a050ff49a4,1452.400,6.100,11.000,11.800
4374,5793,2263,3,3,15492,c28f1b40403ea840,1261.400,6.100,10.100,11.400
4375,5794,2264,3,3,15492,09fc01a06801a088,1347.200,6.000,9.200,11.700
4376,5795,2265,3,3,15492,ecaa44e271065566,1392.700,5.800,10.500,11.900
4377,5796,2266,3,3,15492,8eeb65978e2bc046,1223.500,4.800,9.000,11.400
4378,5797,2267,3,3,15492,fd986802b8d769b0,1221.200,4.800,10.600,11.800
4379,5798,2268,3,3,15492,500815f224007fd1,1247.100,5.400,7.800,11.700
4380,5799,2269,3,3,15492,c4d3f47e0d5bf5fb,1659.300,6.700,10.400,11.800
4381,5800,2270,3,3,15492,d7b2d08140eb8d50,1269.200,5.700,11.300,12.600
4382,5801,2271,3,3,15492,1092084c57ae97f3,1229.200,4.200,10.200,11.400
4383,5802,2272,3,3,15492,172f66955ac78c25,1450.100,6.300,11.900,11.700
4384,5803,2273,3,3,15492,95f423908e3c51c8,1249.500,4.900,9.600,11.400
4385,5804,2274,3,3,15492,2eec01a7a62893f9,1473.300,5.900,11.100,11.700
4386,5805,2275,3,3,15492,1e798e23ab8a552a,1251.800,5.100,10.200,11.300
4387,5806,2276,3,2,14460,f602f99b48428ec1,1229.200,4.900,10.000,12.100
4388,5807,2277,3,2,14460,70c641437eb95aac,1266.700,4.500,15.200,11.800
4389,5808,2278,3,2,14460,b3b87fd987f04d66,1269.900,5.100,11.500,11.700
4390,5809,2279,3,1,13428,c6efe05576d2f731,1230.100,4.500,8.900,11.400
4391,5810,2280,3,1,13428,1dc5956e09f0ca21,1373.400,5.000,9.500,11.500
4392,5811,2281,3,1,13428,53f182d378ef4129,1341.800,4.900,8.900,11.600
4393,5812,2282,3,1,13428,5f0ea85a7c00f124,1255.100,4.400,10.100,11.400
4394,5813,2283,3,2,14460,cb0a268676fda6b4,1265.100,4.900,10.400,12.000
4395,5814,2284,3,2,14460,9e890adbaa8c0f7a,1316.000,5.000,10.000,11.400
4396,5815,2285,3,2,14460,b7d79f93fc235f6f,1424.500,5.900,10.000,11.600
4397,5816,2286,3,3,15492,7055715e157641aa,1516.300,8.400,13.000,24.500
4398,5817,2287,3,3,15492,62d6d5375c596473,1844.600,7.300,10.800,11.800
4399,5818,2288,3,3,15492,4c2282976fe09963,1361.300,5.400,10.800,12.000
4400,5819,2289,3,3,15492,777ecf12337ad695,1295.300,5.800,12.500,12.100
4401,5820,2290,3,3,15492,5d86b6767e829814,1259.800,5.800,11.500,11.400
4402,5821,2291,3,3,15492,962d8c58abe7bd70,1234.900,12.800,9.500,11.500
4403,5822,2292,3,3,15492,facfba764d00833b,1263.200,12.700,9.000,12.100
4404,5823,2293,3,3,15492,f36a258a6baa5c08,1256.900,4.700,9.100,11.500
4405,5824,2294,3,3,15492,5b8b7e90aa70d4a2,1253.400,4.800,8.800,11.400
4406,5825,2295,3,3,15492,b93c99ab1b1a9e40,1661.100,6.700,10.500,11.800
4407,5826,2296,3,3,15492,208b7f18c98d94d7,1250.600,5.300,10.100,11.400
4408,5827,2297,3,3,15492,733a7c5068885b00,1280.400,11.700,9.900,11.500
4409,5828,2298,3,3,15492,5d2e05b41b8d830c,1260.600,6.000,9.900,11.500
4410,5829,2299,3,3,15492,ace57d4f6db67247,1233.600,4.900,10.100,11.700
4411,5830,2300,3,3,15492,dbf14d770a200e1e,1235.900,5.300,9.300,12.100
4412,5831,2301,3,3,15492,1f35ba91759e4959,1249.500,6.300,10.300,11.500
4413,5832,2302,3,4,16524,3edf169a97132917,1585.200,6.200,15.100,12.100
4414,5833,2303,3,4,16524,0b11cabc2a249db6,1445.600,6.200,11.100,11.700
4415,5834,2304,3,4,16524,a153a0e59561153f,1551.700,5.400,10.300,12.000
4416,5835,2305,3,4,16524,366586292311ebd5,1249.900,5.400,9.900,11.500
4417,5836,2306,3,4,16524,130614a55063c134,1255.000,4.900,10.100,11.300
4418,5837,2307,3,4,16524,bbf935d001efff33,1409.500,6.000,9.300,12.200
4419,5838,2308,3,4,16524,e6521953b19964db,1277.200,6.800,11.600,12.200
4420,5839,2309,3,4,16524,932822c101c4d202,1387.100,5.900,11.500,12.300
4421,5840,2310,3,4,16524,5d67619545264243,1324.200,5.200,10.300,11.900
4422,5841,2311,3,4,16524,7c1783ec6a017754,1261.100,5.900,9.400,11.400
4423,5842,2312,3,3,15492,cc380a2d68d7b796,1526.800,6.600,10.800,11.800
4424,5843,2313,3,3,15492,bf1bc28eccf4e865,1302.600,5.200,10.000,12.000
4425,5844,2314,3,3,15492,aa9c7755d62d7fec,1275.700,5.200,9.500,12.300
4426,5845,2315,3,3,15492,daa152b1ec6a6113,1351.600,6.000,10.400,11.800
4427,5846,2316,3,3,15492,1cb5b43de704c77d,1668.000,9.200,11.500,13.000
4428,5847,2317,3,3,15492,66b0c3244403bee6,1267.600,4.800,10.400,11.700
4429,5848,2318,3,3,15492,5e537bf6bdfb9080,1642.900,6.100,10.400,11.800
4430,5849,2319,3,4,16524,352756bc930105f0,1248.700,4.900,9.500,11.500
4431,5850,2320,3,3,15492,eee48592a608c045,1225.600,4.700,9.300,11.500
4432,5851,2321,3,3,15492,e23d95a04f8d4128,1234.200,4.600,9.200,12.200
4433,5852,2322,3,3,15492,ae145af74e282a1d,1250.600,5.800,9.800,11.500
4434,5853,2323,3,2,14460,d105c76ea404fba5,1233.800,4.000,9.500,11.500
4435,5854,2324,3,2,14460,5540570c677e0e43,1464.600,5.200,9.400,11.600
4436,5855,2325,3,2,14460,4c6820dccd0c2b12,1750.700,5.900,12.300,11.800
4437,5856,2326,3,2,14460,d37ea530b08bc915,1230.500,4.100,10.100,11.600
4438,5857,2327,3,2,14460,6249a28b41b13b40,1252.500,4.500,10.300,11.900
4439,5858,2328,3,2,14460,ae97a3f21c587346,1343.900,4.300,9.100,11.300
4440,5859,2329,3,2,14460,357ad85cfb177b7e,1466.600,5.500,10.500,11.400
4441,5860,2330,3,2,14460,226dd625c48fb389,1238.300,5.300,9.400,11.400
4442,5861,2331,3,2,14460,0e3464a2f924cd58,1247.700,4.400,9.800,11.600
4443,5862,2332,3,3,15492,975cae883cffeafe,1337.300,6.600,10.900,11.800
4444,5863,2333,3,3,15492,e27fff20c6b63cfb,1328.500,4.600,9.700,11.600
4445,5864,2334,3,3,15492,308cb671f1937efc,1618.400,7.100,11.400,12.000
4446,5865,2335,3,3,15492,083ecbf59581281d,1362.500,5.400,10.500,11.900
4447,5866,2336,3,3,15492,09f1f0f58d2a4692,1346.600,4.800,9.900,12.000
4448,5867,2337,3,3,15492,c8031540064ed5f5,1262.900,5.600,9.000,12.000
4449,5868,2338,3,3,15492,3fe389293cb11398,1335.000,6.000,9.400,11.600
4450,5869,2339,3,3,15492,4da30328318c009d,1231.900,4.200,9.300,11.300
4451,5870,2340,3,3,15492,f521392abe5488b5,1245.100,5.400,9.100,11.800
4452,5871,2341,3,3,15492,45067d788dd40105,1834.200,5.400,10.800,11.900
4453,5872,2342,3,3,15492,cd8764921857041d,3034.800,8.500,14.100,12.300
4454,5873,2343,3,3,15492,27d82da9dcc8aa91,1266.900,4.900,9.600,11.600
4455,5874,2344,3,3,15492,84ce62c346003e5c,1224.400,5.200,9.300,11.700
4456,5875,2345,3,3,15492,4662b95baa987232,1349.500,4.500,9.400,11.500
4457,5876,2346,3,3,15492,71327a38b91c115f,1387.700,6.000,10.600,11.700
4458,5877,2347,3,3,15492,1fa5e0d1168faa5e,1429.300,5.700,10.700,12.300
4459,5878,2348,3,3,15492,37051e1ce5a881e3,1436.600,5.600,11.400,11.700
4460,5879,2349,3,3,15492,fef18af85d135c3d,2051.300,6.900,13.700,12.000
4461,5880,2350,3,3,15492,a0fecd19558232a4,1305.600,4.700,11.600,12.200
4462,5881,2351,3,3,15492,3f7c0e9905de6763,1254.900,4.500,10.700,11.500
4463,5882,2352,3,3,15492,6e2ef018d3f2ef2a,1264.300,4.700,10.000,11.500
4464,5883,2353,3,3,15492,ca29feb6d2e8c2c4,1382.600,5.500,9.600,12.000
4465,5884,2354,3,3,15492,bb4b2eda440fb173,1575.200,6.500,12.100,11.900
4466,5885,2355,3,3,15492,965acb80a4346773,1247.000,5.200,9.900,11.500
4467,5886,2356,3,3,15492,9ea32b2a12ed5925,1239.000,6.000,9.300,11.600
4468,5887,2357,3,3,15492,b1b43ccf4c8b681d,1818.400,5.600,10.900,11.700
4469,5888,2358,3,2,14460,0f6f71c63516e062,1239.900,5.200,9.200,11.300
4470,5889,2359,3,2,14460,0cbab1aa54cb1b52,1230.200,4.000,10.600,11.400
4471,5890,2360,3,2,14460,db04ae1f321e864c,1306.700,4.700,11.000,11.800
4472,5891,2361,3,2,14460,5ddc701eac143545,1522.000,5.000,9.800,11.500
4473,5892,2362,3,2,14460,4bae6ae9414d76f3,1263.000,5.200,9.000,11.500
4474,5893,2363,3,2,14460,558fe8e1dfbcb7a6,1732.700,5.900,11.100,11.500
4475,5894,2364,3,2,14460,d7caa20e7e9fb148,1238.700,5.100,9.200,11.400
4476,5895,2365,3,3,15492,3b776ebe2d639e91,1635.000,7.000,11.900,11.700
4477,5896,2366,3,2,14460,06a37ee7a74b00fd,1398.200,5.300,9.700,11.500
4478,5897,2367,3,2,14460,c623fd87a4b66aa1,1337.800,6.000,10.300,11.600
4479,5898,2368,3,2,14460,8d2b8016b73e309f,1545.000,6.600,12.900,11.600
4480,5899,2369,3,0,12396,0087a78ca60f2e2f,1270.000,4.300,10.500,11.900
4481,5900,2370,3,0,12396,efa3aa95e25c8c75,1244.000,4.600,10.500,11.500
4482,5901,2371,3,0,12396,08ec65ec1b5cff43,1224.300,4.100,9.700,11.900
4483,5902,2372,3,0,12396,c31a285eca2c17f8,1270.900,4.500,8.500,12.100
4484,5903,2373,3,0,12396,5a0bf8ba58c885cb,1845.900,4.300,11.300,11.600
4485,5904,2374,3,0,12396,2a84ead6ae6f8679,1248.400,4.600,9.900,11.300
4486,5905,2375,3,0,12396,058516124c18ec6b,1234.600,4.800,9.700,11.500
4487,5906,2376,3,0,12396,8b17b9116683d890,1220.400,3.900,9.800,11.500
4488,5907,2377,3,0,12396,965032d83198bb7d,1243.600,3.300,9.600,11.400
4489,5908,2378,3,0,12396,df87f81fbf25fd07,1407.300,4.200,10.200,12.500
4490,5909,2379,3,0,12396,96a956f30dcb0344,1292.400,3.900,9.300,11.800
4491,5910,2380,3,0,12396,723557efbae66cf5,1350.700,4.200,9.700,11.500
4492,5911,2381,3,0,12396,672d9679f8447aaf,1239.700,4.600,10.200,11.700
4493,5912,2382,3,0,12396,0b8e9185c496769f,1612.100,4.500,11.500,11.800
4494,5914,2383,3,0,12396,f45f827d83c9ace5,1215.200,3.800,10.800,11.700
4495,5915,2384,3,0,12396,e0c0aa4db0eb73da,1259.300,4.100,9.900,11.400
4496,5916,2385,3,0,12396,7c9c885461f4bc24,1237.600,5.200,9.000,11.400
4497,5918,2386,3,0,12396,37f4a5484a1aeb2f,1234.300,4.400,10.000,11.800
4498,5919,2387,3,0,12396,498d53d4966d5a4b,1819.900,5.700,10.300,12.200
4499,5920,2388,3,0,12396,a997c2d72c0e285e,1257.200,4.700,10.000,12.000
4500,5921,2389,3,0,12396,c94c37feeaff0c57,1607.200,5.000,10.400,12.200
4501,5922,2390,3,0,12396,c9c9a8a0b180f8e3,1458.700,4.400,10.500,11.800
4502,5923,2391,3,0,12396,1d894a975d27cedf,1236.900,3.800,9.200,11.400
4503,5924,2392,3,0,12396,df9b183dde846f48,1320.900,4.900,11.600,11.400
4504,5925,2393,3,0,12396,5327d2ef76536680,1927.300,8.900,13.400,12.300
4505,5926,2394,3,0,12396,ec9abcda5b7f0ce0,1304.900,7.600,10.000,11.600
4506,5927,2395,3,0,12396,46af80cf8098e570,1222.700,4.300,9.600,11.600
4507,5928,2396,3,0,12396,74115e1edf4b798d,1243.700,4.600,10.200,11.400
4508,5929,2397,3,0,12396,69a41c9f0b7217d2,1229.400,7.100,9.500,11.600
4509,5930,2398,3,0,12396,0891fb701875ac59,1371.900,4.300,9.700,12.200
4510,5931,2399,3,0,12396,f559ba7080efcfe4,1239.200,4.500,9.900,11.400
4511,5932,2400,3,0,12396,10ebfe4e7d30af34,1240.200,4.000,9.100,12.200
4512,5933,2401,3,0,12396,a5aeae3e858e4d24,1374.600,4.200,9.900,11.800
4513,5934,2402,3,0,12396,d29adf7b0542184b,1669.400,3.100,10.200,11.700
4514,5935,2403,3,0,12396,9aadb5b429386662,1237.800,3.900,9.400,11.700
4515,5936,2404,3,0,12396,8d7d58e1cfcbf6b8,1226.500,4.100,10.100,11.500
4516,5937,2405,3,0,12396,00739e07407b5474,1447.900,4.800,10.400,11.700
4517,5938,2406,3,0,12396,09e91d116ee749a2,1860.600,6.300,13.100,12.400
4518,5939,2407,3,0,12396,c72efd045ed84cff,1364.800,11.500,12.000,13.200
4519,5940,2408,3,0,12396,d4f6c6ae1fb1bb22,1768.000,5.400,11.900,12.200
4520,5941,2409,3,0,12396,134c88039237dbbe,1350.200,4.600,10.600,11.900
4521,5942,2410,3,0,12396,1113b957be4c8db1,1584.800,6.200,11.100,12.100
4522,5943,2411,3,0,12396,7ecd3649ec255063,1250.500,4.700,10.000,11.500
4523,5944,2412,3,0,12396,0f2879e4078c3be3,1257.600,4.900,9.600,11.700
4524,5945,2413,3,0,12396,85194465858cd653,1298.400,3.700,9.400,11.500
4525,5946,2414,3,0,12396,4317fea27670ba83,1687.700,4.300,10.400,11.800
4526,5947,2415,3,0,12396,4c5180b4d38822c8,1265.800,3.300,9.300,11.500
4527,5948,2416,3,0,12396,625459fb7a77d0ee,1237.200,4.200,9.500,12.000
4528,5949,2417,3,0,12396,aff13fe8ded776bb,1377.500,3.500,10.800,11.900
4529,5950,2418,3,0,12396,8c63073d84c53afe,1445.800,4.700,9.700,11.600
4530,5951,2419,3,0,12396,4ef578030dba001a,1333.000,5.500,11.100,11.600
4531,5952,2420,3,0,12396,ee165b5c0667aba5,1704.300,5.300,10.500,12.200
4532,5953,2421,3,0,12396,0bd5a50c75f7f7a2,1500.100,5.000,10.100,11.800
4533,5954,2422,3,0,12396,3e368fde65b71ae5,1230.800,3.500,9.200,11.500
4534,5955,2423,3,0,12396,5e2c365f2505852d,1226.400,4.300,9.400,11.900
4535,5956,2424,3,0,12396,96ba2c826b0a1839,1229.300,4.400,9.000,11.500
4536,5957,2425,3,0,12396,7c8e24d3bc423783,1245.700,4.500,7.800,11.400
4537,5958,2426,3,0,12396,b6236d1569020714,1302.100,4.500,11.400,11.800
4538,5959,2427,3,0,12396,4cbf97fda275f7ff,1518.200,4.900,9.100,11.600
4539,5960,2428,3,0,12396,db7d78af06ade8b4,1211.900,4.500,8.800,12.000
4540,5961,2429,3,0,12396,fa8757c95d0fb379,1316.300,4.900,9.900,11.300
4541,5962,2430,3,0,12396,cc748de01ffc500f,1336.200,4.500,9.500,11.800
4542,5963,2431,3,0,12396,bf66f795426884bb,1311.500,4.200,10.300,11.500
4543,5964,2432,3,0,12396,9edcfdc6853bb68b,1258.500,4.400,9.900,11.400
4544,5965,2433,3,0,12396,e171c93006979414,1585.400,5.900,9.800,11.600
4545,5966,2434,3,0,12396,af5f2b50526e4f38,1341.400,3.900,11.700,11.400
4546,5967,2435,3,0,12396,b717189cd669a281,1352.600,5.000,11.300,12.300
4547,5968,2436,3,0,12396,67eed1b812090358,1243.400,5.200,10.100,11.500
4548,5969,2437,3,0,12396,7f045772ff4f3886,1233.000,3.900,9.600,11.500
4549,5970,2438,3,0,12396,b09890a32977ce5c,1692.700,8.700,13.500,12.400
4550,5971,2439,3,0,12396,1cf69376c4795144,1516.000,3.300,12.200,14.100
4551,5972,2440,3,0,12396,ec988b4a7e215ea7,1930.900,6.300,14.600,13.600
4552,5973,2441,3,0,12396,f8574b272dd85de0,1899.600,6.600,12.700,12.400
4553,5974,2442,3,0,12396,24e73a357724c2ef,1602.800,5.300,10.800,14.600
4554,5975,2443,3,0,12396,e8ce87a118884e69,1966.500,4.800,9.900,11.800
4555,5976,2444,3,0,12396,197ac0ff0699f42c,1567.800,3.900,8.000,11.400
4556,5977,2445,3,0,12396,b5e155e7fb722018,1961.600,5.300,10.500,12.300
4557,5978,2446,3,0,12396,60d6ac501c399624,1669.900,6.500,11.000,12.000
4558,5979,2447,3,0,12396,23b6230f805a2f4d,1618.000,7.200,12.000,12.300
4559,5980,2448,3,0,12396,d9a41fe6349ffd27,1977.900,6.800,13.100,19.000
4560,5981,2449,3,0,12396,db0ea26737e9e64e,2159.000,14.800,14.400,12.300
4561,5983,2450,3,0,12396,1de45918adccee78,2569.500,9.300,18.100,13.300
4562,5984,2451,3,0,12396,1ed4f54299515ae8,2163.000,6.800,13.800,12.400
4563,5985,2452,3,0,12396,0805b1c4b78a01fe,2498.100,5.700,10.700,11.900
4564,5986,2453,3,0,12396,74788f38fd9d58ab,1950.100,6.000,13.600,11.900
4565,5987,2454,3,0,12396,e460493db6f2158d,1967.600,5.700,11.300,12.100
4566,5988,2455,3,0,12396,5828b4e50c4daa60,1645.500,6.000,9.900,11.500
4567,5989,2456,3,0,12396,973e5228fd19601e,1229.500,3.800,9.800,12.000
4568,5990,2457,3,0,12396,75f36e1919230163,1310.600,4.100,9.700,11.600
