frame,cpu_frame,cpu_time,device_time,scene,scene_frame,scene_time,multiplier,instances,quads,viewport,hash,source_us,assembly_us,hash_us,snapshot_us,guest_cycles,bounds,culled_bounds
3501,3501,61.293801432720,61.293805532720,2112,3501,61.293717199387,1,11,84,0,6886a84677e39d68,1225.900,1153.800,18.600,0.600,0,1,313
3502,3502,61.311303899387,61.311307999387,2113,3502,61.311219666054,1,12,82,0,c03b8ce2cea541c1,970.900,1134.400,18.200,0.500,0,1,312
3503,3503,61.328806699387,61.328810799387,2114,3503,61.328722466053,1,12,72,0,19a01bf09d8f3e13,961.100,1126.900,16.000,0.400,0,1,313
3504,3504,61.346308866053,61.346312966053,2115,3504,61.346224632720,1,13,81,0,536ea1f92cff5731,1007.400,1130.800,18.000,0.500,0,1,311
3505,3505,61.363814566053,61.363818666053,2116,3505,61.363727166053,1,13,81,0,863f53e1e661ec51,990.500,1124.400,17.900,0.300,0,1,311
3506,3506,61.381320932720,61.381325032720,2117,3506,61.381229532720,1,12,76,0,32434690ecddf281,975.500,1132.400,16.900,0.600,0,1,311
3507,3507,61.398823466053,61.398827566053,2118,3507,61.398732066053,1,13,82,0,848d8efd4904cd05,1022.600,1163.900,18.200,0.500,0,1,309
3508,3508,61.416327966052,61.416332066053,2119,3508,61.416234566053,1,11,83,0,29c78142cd8f51dc,959.000,1131.000,18.400,0.500,0,1,309
3509,3509,61.433830332719,61.433834432719,2120,3509,61.433736932719,1,12,94,0,9572701df46a57af,981.100,1137.000,20.800,0.500,0,1,309
3510,3510,61.451334932719,61.451339032719,2121,3510,61.451239532719,1,12,91,0,f9617471d027ee46,1060.000,1136.500,20.200,0.500,0,1,308
3512,3512,61.486341832718,61.486345932718,2122,3512,61.486244432718,1,10,55,0,2ba7a303c9f08961,967.800,1220.900,12.200,0.500,0,1,307
3513,3513,61.503844366052,61.503848466052,2123,3513,61.503746966052,1,12,68,0,b564972ca2ac41c0,976.700,1146.200,15.100,0.300,0,1,301
3514,3514,61.521346732718,61.521350832718,2124,3514,61.521249332718,1,11,68,0,87b05c5b9e9247fb,986.800,1142.700,15.100,0.400,0,1,302
3515,3515,61.538846932718,61.538851032718,2125,3515,61.538751866051,1,12,59,0,f675fe9e0721264c,986.100,1112.700,13.100,0.700,0,1,301
3516,3516,61.556349399384,61.556353499384,2126,3516,61.556254332718,1,14,74,0,fff551683ad19feb,981.600,1115.400,16.400,0.400,0,1,300
3517,3517,61.573787232718,61.573799799384,2127,3517,61.573756832718,1,11,95,0,0cf5f2f883926ac7,1097.800,1169.500,21.100,0.400,0,1,302
3518,3518,61.591289599384,61.591302266051,2128,3518,61.591259199384,1,12,123,0,3ac82ba35d2fabd4,1141.700,1137.800,27.300,0.500,0,1,301
3519,3519,61.608839132717,61.608843232717,2129,3519,61.608762066051,1,10,187,0,5d1e9881d884e2a7,957.800,1127.000,41.400,0.500,0,1,301
3520,3520,61.626294566050,61.626307232717,2130,3520,61.626264166050,1,8,99,0,e326adf1edccdef9,979.100,1152.700,21.900,0.500,0,1,306
3521,3521,61.643843732717,61.643847832717,2131,3521,61.643766666050,1,10,133,0,dcdf61db5302e706,1086.000,1147.500,29.400,0.600,0,1,307
3522,3522,61.661346232717,61.661350332717,2132,3522,61.661269166050,1,9,128,0,f85ce0d0e71ecb50,1140.900,1134.200,28.400,0.600,0,1,308
3523,3523,61.678848666050,61.678852766050,2133,3523,61.678771599383,1,7,101,0,154ef9014ec22f0a,1017.500,1165.800,22.600,0.400,0,1,307
3524,3524,61.696351199383,61.696355299383,2134,3524,61.696274132716,1,6,83,0,a927f8842054b37b,1091.900,1095.500,18.400,0.500,0,1,307
3525,3525,61.713855899383,61.713859999383,2135,3525,61.713776499383,1,7,92,0,c5ab8c3efd541eb2,1120.200,1148.100,20.700,0.500,0,1,309
3526,3526,61.731358332716,61.731362432716,2136,3526,61.731278932716,1,8,90,0,0a5918cc006ed391,965.300,1110.900,19.900,0.600,0,1,309
3527,3527,61.748861266049,61.748865366049,2137,3527,61.748781866049,1,5,71,0,653db70a9dd3cfc1,1002.900,1098.600,15.800,0.600,0,1,310
3528,3528,61.766365432716,61.766369532716,2138,3528,61.766284032716,1,6,81,0,d8ead881ac75c6c2,1004.500,1157.900,18.000,1.100,0,1,313
3529,3529,61.783867866049,61.783871966049,2139,3529,61.783786466049,1,6,79,0,fd8844c29d2535d4,995.900,1140.500,17.500,0.500,0,1,314
3530,3530,61.801372366049,61.801376466049,2140,3530,61.801288966049,1,5,78,0,23f87491932ea222,984.700,1195.000,17.400,0.400,0,1,318
3531,3531,61.818878732715,61.818882832715,2141,3531,61.818791332715,1,5,75,0,7fad012790d25c0b,971.100,1118.000,16.700,0.400,0,1,318
3532,3532,61.836381266048,61.836385366048,2142,3532,61.836293866048,1,6,88,0,f9630de91b748448,971.700,1116.700,19.500,0.200,0,1,318
3533,3533,61.853883632715,61.853887732715,2143,3533,61.853796232715,1,7,159,0,b6efd14dc16dfef1,1090.300,1262.900,35.200,1.600,0,1,318
3534,3534,61.871386166048,61.871390266048,2144,3534,61.871298766048,1,7,150,0,766b2d18169403e0,1213.600,1198.200,33.200,0.600,0,1,318
3535,3535,61.888890999381,61.888895099381,2145,3535,61.888801599381,1,6,128,0,a3588622491b15df,958.200,1142.000,28.300,0.400,0,1,318
3536,3536,61.906389566048,61.906393666048,2146,3536,61.906303666048,1,5,76,0,b68f1b174693a393,1014.300,1160.500,16.800,0.600,0,1,321
3537,3537,61.923884032714,61.923888132714,2147,3537,61.923806132714,1,6,87,0,a7b425ef0fdfee67,1010.600,1175.700,19.300,0.500,0,1,322
3538,3538,61.941339132714,61.941351799381,2148,3538,61.941308732714,1,5,85,0,4a7d328af90dc4ba,988.600,1123.000,18.900,0.400,0,1,324
3539,3539,61.958886966047,61.958891066047,2149,3539,61.958811066047,1,5,85,0,e2b17a445f72cff4,1232.200,1251.300,24.100,1.000,0,1,326
3540,3540,61.976389499380,61.976393599380,2150,3540,61.976313599380,1,4,51,0,87c1493c5fe9baa6,1101.000,1233.100,11.300,0.500,0,1,330
3542,3542,62.011394532713,62.011398632713,2151,3542,62.011318632713,1,5,50,0,a657d25391402c1f,1022.000,1144.700,11.100,0.500,0,1,334
3543,3543,62.028897299380,62.028901399380,2152,3543,62.028821399380,1,5,46,0,db624037ac12ff11,992.300,1147.000,10.200,0.400,0,1,337
3544,3544,62.046399432713,62.046403532713,2153,3544,62.046323532713,1,4,36,0,ba5f48b4bb063fc3,989.600,1121.300,8.000,0.400,0,1,340
3545,3545,62.063901832713,62.063905932713,2154,3545,62.063825932713,1,4,36,0,a76e66436d40c1e7,971.000,1200.500,8.000,0.700,0,1,345
3546,3546,62.081403232713,62.081407332713,2155,3546,62.081328499379,1,7,111,0,98bc6d9be8c7189a,973.900,1190.700,24.700,0.500,0,1,346
3547,3547,62.098905566046,62.098909666046,2156,3547,62.098830832712,1,7,109,0,1c9f8926b4644e51,991.100,1179.500,24.100,0.500,0,1,346
3548,3548,62.116408166046,62.116412266046,2157,3548,62.116333432712,1,10,157,0,3c43e0ee286ed67e,999.100,1186.800,34.800,0.400,0,1,346
3549,3549,62.133921832712,62.133925932712,2158,3549,62.133847099379,1,8,115,0,ffe7080f351a47e9,981.800,1169.200,25.500,0.900,0,1,350
3550,3550,62.151413066045,62.151417166045,2159,3550,62.151338332712,1,10,142,0,215d364c9c46b1a0,987.400,1164.100,31.400,0.700,0,1,352
3551,3551,62.168915832712,62.168919932712,2160,3551,62.168841099378,1,7,142,0,cb682f791e022f51,980.600,1171.700,31.400,0.300,0,1,351
3552,3552,62.186417966045,62.186422066045,2161,3552,62.186343232711,1,6,91,0,9750e50e430529ec,1044.300,1231.500,20.100,0.900,0,1,357
3553,3553,62.203920432711,62.203924532711,2162,3553,62.203845699378,1,5,81,0,df09ee19830174ca,972.600,1165.800,17.900,0.400,0,1,361
3554,3554,62.221422999378,62.221427099378,2163,3554,62.221348266044,1,7,120,0,d78520c9c9118827,980.500,1178.600,26.600,0.500,0,1,364
3555,3555,62.238881066044,62.238893732711,2164,3555,62.238850666044,1,6,110,0,564f78818276fc99,1003.300,1206.700,24.400,0.500,0,1,365
3556,3556,62.256427899377,62.256431999377,2165,3556,62.256353166044,1,8,129,0,537a6826431de8bc,977.200,1192.300,28.600,0.500,0,1,369
3557,3557,62.273930432711,62.273934532711,2166,3557,62.273855699377,1,8,96,0,5a773e73bb81a62e,1052.300,1234.100,21.300,1.000,0,1,372
3558,3558,62.291432832710,62.291436932710,2167,3558,62.291358099377,1,12,130,0,7cfdb6563159b40c,976.400,1304.200,33.200,0.600,0,1,372
3559,3559,62.308935766044,62.308939866044,2168,3559,62.308861032710,1,11,190,0,b1059dac73360e72,1021.300,1381.400,42.000,0.500,0,1,370
3560,3560,62.326393466043,62.326406132710,2169,3560,62.326363066043,1,8,99,0,69bca5e694bf1f00,983.400,1183.300,22.000,0.400,0,1,372
3561,3561,62.343895832710,62.343908399377,2170,3561,62.343865432710,1,8,88,0,f26dca1d4243b498,981.300,1182.200,19.500,0.400,0,1,375
3562,3562,62.361396832710,62.361410999376,2171,3562,62.361368032710,1,10,170,0,2c023eb40e9adb27,1029.400,1228.500,37.600,0.600,0,1,374
3563,3563,62.378900799376,62.378913466043,2172,3563,62.378870399376,1,12,92,0,89c1d4ef54100218,1003.600,1180.400,20.400,0.400,0,1,376
3564,3564,62.396403266043,62.396415932709,2173,3564,62.396372866043,1,10,75,0,576b2a8da7c35d02,989.900,1219.300,16.600,0.500,0,1,378
3565,3565,62.413950066043,62.413954166043,2174,3565,62.413875332709,1,13,123,0,88b0af1dbb56e557,981.800,1180.000,27.200,0.500,0,1,372
3567,3567,62.448955299376,62.448959399376,2175,3567,62.448880566042,1,15,86,2,17d17575613396c2,1055.000,1160.400,19.100,0.500,0,1,354
3568,3568,62.466457532709,62.466461632709,2176,3568,62.466382799375,1,16,97,2,9f3b8d8b69d64281,987.600,1152.100,21.500,0.400,0,1,346
3569,3569,62.483959932708,62.483964032708,2177,3569,62.483885199375,1,18,98,2,989515988a2a7aa4,987.200,1145.600,21.700,0.500,0,1,338
3570,3570,62.501462432708,62.501466532708,2178,3570,62.501387699375,1,17,101,2,884e0a25f24066f6,1036.700,1134.100,22.300,0.800,0,1,335
3571,3571,62.518964932708,62.518969032708,2179,3571,62.518890199375,1,17,88,1,f997bab7f0264488,1041.300,1190.500,19.500,0.400,0,1,334
3572,3572,62.536467366041,62.536471466041,2180,3572,62.536392632708,1,19,102,3,7d4a4aa40b9c7525,1052.400,1135.600,22.600,0.400,0,1,336
3573,3573,62.553969932708,62.553974032708,2181,3573,62.553895199374,1,17,83,6,bfa495e77370f043,1014.800,1110.600,18.400,0.400,0,1,330
3574,3574,62.571428099374,62.571440766041,2182,3574,62.571397699374,1,17,76,10,161c0b3ef4161148,981.800,1096.200,16.900,0.300,0,1,330
3575,3575,62.588975299374,62.588979399374,2183,3575,62.588900566041,1,15,84,10,9566fccb2e6a59b2,1011.900,1101.200,18.600,0.200,0,1,332
3576,3576,62.606432966041,62.606445632707,2184,3576,62.606402566041,1,17,130,20,0a85b39d3981584e,998.100,1115.300,28.900,0.600,0,1,333
3577,3577,62.623935366040,62.623948032707,2185,3577,62.623904966040,1,17,43,24,210906433720a116,987.200,1105.700,9.600,0.400,0,1,333
3578,3578,62.641473066040,62.641476899374,2186,3578,62.641407566040,1,18,91,25,7ec31b5dcbced66a,982.900,1137.900,20.200,0.500,0,1,336
3579,3579,62.658940466040,62.658953132707,2187,3579,62.658910066040,1,22,84,28,c7bfa547a2c0baf2,974.300,1199.800,18.600,0.600,0,1,342
3580,3580,62.676477966040,62.676481799373,2188,3580,62.676412466040,1,24,73,29,f8ce2fa7b4d6c409,978.300,1201.100,16.200,0.400,0,1,349
3581,3581,62.693980432706,62.693984266040,2189,3581,62.693914932706,1,31,110,33,bbddfa888d0ee345,987.000,1213.100,24.400,0.400,0,1,357
3582,3582,62.711447766040,62.711460432706,2190,3582,62.711417366040,1,37,81,53,6abd20eebe1a5674,1019.200,1303.000,17.900,0.500,0,1,365
3583,3583,62.728950532706,62.728963099373,2191,3583,62.728920132706,1,38,92,50,9ab7dd8b24d023df,985.000,1262.800,20.500,0.500,0,1,388
3584,3584,62.746452799373,62.746465466039,2192,3584,62.746422399373,1,48,180,89,88eae104d110e4fc,985.400,1335.200,41.300,0.700,0,1,413
3585,3585,62.763955232706,62.763967866039,2193,3585,62.763924832706,1,50,139,85,77da05d9adaf4cf9,986.700,1307.300,30.800,0.400,0,1,440
3586,3586,62.781502932706,62.781507032706,2194,3586,62.781427366039,1,55,269,143,66a7ed4e8928515e,960.300,1615.800,59.600,0.300,0,1,466
3587,3587,62.799005399372,62.799009499372,2195,3587,62.798929832705,1,45,359,226,fd103dbcb2bc7f4a,980.600,1421.900,79.400,0.400,0,1,510
3588,3588,62.816462666039,62.816475299372,2196,3588,62.816432266039,1,43,413,227,ea6ce4ba92d993c6,980.000,1560.700,92.000,0.400,0,1,545
3589,3589,62.833965099372,62.833977666038,2197,3589,62.833934699372,1,38,397,213,a2865a7ab347d3e6,1030.600,1506.600,87.900,0.700,0,1,583
3590,3590,62.851467599371,62.851480266038,2198,3590,62.851437199371,1,32,269,194,0da768b90b8f2e20,984.300,1640.000,59.700,0.500,0,1,628
3591,3591,62.869016532705,62.869020632705,2199,3591,62.868940132705,1,26,253,171,b8e8f83faf089114,1016.400,1577.900,56.100,0.900,0,1,657
3592,3592,62.886472466038,62.886485132704,2200,3592,62.886442066038,1,17,84,0,02b749d2b406196f,989.700,1555.400,18.600,1.100,0,1,666
3593,3593,62.903974966038,62.903987532704,2201,3593,62.903944566038,1,10,92,0,af86887eff4ee93d,1004.200,1528.700,20.500,0.700,0,1,673
3594,3594,62.921475866037,62.921490032704,2202,3594,62.921447066037,1,6,52,0,9cbbd50601a736f3,1010.400,1508.000,11.500,1.200,0,1,674
3595,3595,62.938979932704,62.938992499371,2203,3595,62.938949532704,1,8,104,0,3a846c33401bdb78,979.000,1501.900,23.000,0.500,0,1,678
3596,3596,62.956482466037,62.956495032704,2204,3596,62.956452066037,1,5,65,0,0cf865e0c4ac1cae,1004.500,1512.000,14.900,0.700,0,1,677
3597,3597,62.973983199370,62.973997466037,2205,3597,62.973954399370,1,4,66,0,5ceb97d8c93703a6,988.700,1635.300,14.700,0.600,0,1,672
3598,3598,62.991487399370,62.991499966037,2206,3598,62.991456999370,1,5,69,0,5ee876143f62b81a,983.400,1476.900,15.300,0.400,0,1,664
3599,3599,63.009046966037,63.009050666037,2207,3599,63.008959766037,1,7,68,0,baa2167ab71465ba,1089.100,1480.700,15.100,0.600,0,1,658
3600,3600,63.026492332703,63.026504899370,2208,3600,63.026461932703,1,8,66,0,56b9361b07a183d7,1017.400,1598.500,14.700,0.400,0,1,648
3601,3601,63.044045899370,63.044049599370,2209,3601,63.043964299370,1,8,77,0,365335dc8a01a816,983.500,1519.800,17.200,0.400,0,1,642
3602,3602,63.061554199369,63.061558299369,2210,3602,63.061466866036,1,6,59,0,d0164a4a11eca5ca,988.700,1461.900,18.800,0.900,0,1,633
3603,3603,63.079053532703,63.079057232703,2211,3603,63.078969366036,1,7,61,0,80afc4431825cf55,994.400,1754.600,13.500,0.500,0,1,624
3604,3604,63.096574232702,63.096578332702,2212,3604,63.096471799369,1,8,77,0,6fbf3de0c19be7c1,998.400,1465.600,17.100,0.700,0,1,613
3605,3605,63.114056532702,63.114060232702,2213,3605,63.113974232702,1,8,52,0,41fede57f1787874,988.600,1522.700,11.600,0.800,0,1,606
3606,3606,63.131606632702,63.131610732702,2214,3606,63.131487932702,1,10,91,0,bc92ad6afa746ff6,966.600,1478.000,20.300,0.900,0,1,593
3607,3607,63.149061832702,63.149065532702,2215,3607,63.148979532702,1,10,103,0,e5803680b6e206eb,1071.800,1465.900,22.800,0.600,0,1,585
3608,3608,63.166512032702,63.166524599368,2216,3608,63.166481632702,1,6,61,0,b031e798efe7a858,965.100,1422.300,13.600,0.400,0,1,579
3609,3609,63.184066432701,63.184070132701,2217,3609,63.183984132701,1,6,83,0,87abae0876f9fcac,1021.000,1433.400,18.400,0.400,0,1,571
3610,3610,63.201612399368,63.201616099368,2218,3610,63.201486632701,1,6,57,0,00ad83db13ea8c65,982.500,1391.700,12.600,0.500,0,1,565
3611,3611,63.219072132701,63.219075832701,2219,3611,63.218989132701,1,9,106,0,d69ff74a67f07552,979.600,1447.400,23.500,0.400,0,1,558
3612,3612,63.236639832701,63.236643532701,2220,3612,63.236491499368,1,8,49,0,580da4d125554325,978.400,1366.700,10.900,1.100,0,1,553
3613,3613,63.254073266034,63.254076966034,2221,3613,63.253993999367,1,9,100,0,56009424ae6d6e4f,993.300,1371.700,26.900,0.500,0,1,546
3614,3614,63.271692166034,63.271696266034,2222,3614,63.271496499367,1,9,99,0,53a3b217ff72e088,992.000,1359.800,21.900,0.500,0,1,546
3615,3615,63.289198632700,63.289202732700,2223,3615,63.288999232700,1,10,106,0,05ec1e01429f6fb1,1015.700,1425.300,23.500,0.600,0,1,545
3616,3616,63.306700232700,63.306704332700,2224,3616,63.306501399367,1,9,97,0,49f849344ad5cf12,1047.200,1410.600,21.500,0.500,0,1,545
3617,3617,63.324196466033,63.324200566033,2225,3617,63.324003866033,1,9,96,0,d0f65cf2fd62419d,1060.000,1478.800,21.400,0.500,0,1,545
3618,3618,63.341694466033,63.341698566033,2226,3618,63.341506399367,1,9,91,0,99c6a7ac9269e993,972.300,1371.500,20.100,0.500,0,1,545
3619,3619,63.359193232700,63.359197332700,2227,3619,63.359008799366,1,8,88,0,70cce85ccf70f23b,1000.800,1380.000,19.500,0.400,0,1,544
3620,3620,63.376541732700,63.376554299366,2228,3620,63.376511332700,1,8,84,0,79f7aa3156c6b3d6,965.000,1718.200,18.600,0.400,0,1,543
3621,3621,63.394044132699,63.394056699366,2229,3621,63.394013732699,1,7,77,0,4fa8024edcf8ef08,1052.600,1434.000,17.000,0.400,0,1,543
3622,3622,63.411594099366,63.411598199366,2230,3622,63.411516299366,1,8,81,0,3c741c4f488000cc,989.500,1386.000,18.000,0.600,0,1,542
3623,3623,63.429098832699,63.429102932699,2231,3623,63.429019166032,1,9,87,0,22f8e81c2de3dad0,1001.700,1374.700,19.300,0.200,0,1,540
3624,3624,63.446600899366,63.446604999366,2232,3624,63.446521232699,1,9,86,0,655bab7da364c09c,1030.600,1367.500,19.100,0.900,0,1,540
3625,3625,63.464105099365,63.464109199365,2233,3625,63.464023566032,1,11,102,0,a765bc6b57c66af0,1005.900,1452.900,22.600,0.400,0,1,538
3626,3626,63.481610466032,63.481614566032,2234,3626,63.481526032699,1,11,100,0,7a2b80e4c6a67fdb,988.600,1372.200,22.200,0.300,0,1,538
3627,3627,63.499112966032,63.499117066032,2235,3627,63.499028532698,1,10,94,0,e8c684d2e3890549,1012.500,1358.300,20.800,0.500,0,1,538
3628,3628,63.516617299365,63.516621399365,2236,3628,63.516530999365,1,10,92,0,23eb050a3ae80d73,1019.000,1395.000,20.400,0.300,0,1,538
3629,3629,63.534123532698,63.534127632698,2237,3629,63.534033499365,1,9,94,0,2157ddcc0e30a088,1055.800,1361.100,20.800,0.500,0,1,537
3630,3630,63.551629799364,63.551633899364,2238,3630,63.551536032698,1,9,93,0,527db5d14f964b6d,979.600,1384.600,25.000,0.400,0,1,537
3631,3631,63.569132566031,63.569136666031,2239,3631,63.569038799364,1,8,88,0,e30b019f0ad93fe3,1036.300,1402.600,19.500,0.600,0,1,536
3632,3632,63.586633566031,63.586637666031,2240,3632,63.586540966031,1,7,84,0,f815ae77407fb449,1167.000,1380.700,18.600,1.200,0,1,536
3633,3633,63.604139766031,63.604143866031,2241,3633,63.604043432697,1,9,98,0,8df6677753ca9a3c,1256.200,1418.400,21.700,0.500,0,1,534
3634,3634,63.621649632697,63.621653732697,2242,3634,63.621545832697,1,9,103,0,e2c663c9d92d7486,1624.200,1417.600,22.800,0.500,0,1,533
3635,3635,63.639153966030,63.639158066030,2243,3635,63.639048299364,1,10,115,0,e23dda786d2efa13,1241.800,1419.500,25.500,1.000,0,1,532
3636,3636,63.656660132697,63.656664232697,2244,3636,63.656550732697,1,11,127,0,f68983059ddb8fa1,1268.300,1398.100,28.200,0.500,0,1,531
3637,3637,63.674164566030,63.674168666030,2245,3637,63.674053299363,1,10,118,0,4a1f0f693bf78f15,1239.700,1408.500,26.100,0.600,0,1,531
3638,3638,63.691667099363,63.691671199363,2246,3638,63.691555832696,1,10,116,0,1766d6a0c8badb4f,1270.400,1416.100,25.700,0.500,0,1,531
3639,3639,63.709177466030,63.709181566030,2247,3639,63.709058732696,1,9,108,0,6821b46e27f5f918,1230.600,1375.800,24.000,0.400,0,1,531
3640,3640,63.726681299363,63.726685399363,2248,3640,63.726560699363,1,7,94,0,72c6ce39f2f22aed,1253.800,1364.300,20.900,0.600,0,1,531
3641,3641,63.744183732696,63.744187832696,2249,3641,63.744063132696,1,7,93,0,1c24499a93c49522,1228.200,1362.900,20.600,0.600,0,1,531
3642,3642,63.761687299362,63.761691399362,2250,3642,63.761565666029,1,8,96,0,979af88a058d8438,1232.800,1376.600,21.300,0.600,0,1,530
3643,3643,63.779204299362,63.779208399362,2251,3643,63.779068199362,1,10,107,0,19ea2c566fb4985d,1261.500,1470.500,23.800,0.500,0,1,528
3644,3644,63.796708632695,63.796712732695,2252,3644,63.796570666029,1,9,99,0,a748bb781cece953,1284.100,1468.500,22.000,1.100,0,1,528
3645,3645,63.814210966029,63.814215066029,2253,3645,63.814072999362,1,9,97,0,0366998ba73757a3,1261.700,1373.400,21.500,0.500,0,1,528
3646,3646,63.831715432695,63.831719532695,2254,3646,63.831575599362,1,10,110,0,e072cfe233807b37,1253.800,1431.700,24.400,0.500,0,1,527
3647,3647,63.849221866028,63.849225966028,2255,3647,63.849078299362,1,10,118,0,5f25436c36c13d6f,1252.200,1382.200,26.200,0.800,0,1,526
3648,3648,63.866723999361,63.866728099361,2256,3648,63.866580432695,1,10,115,0,3973aa5162672563,1232.700,1389.300,25.400,0.500,0,1,526
3650,3650,63.901738266028,63.901742366028,2257,3650,63.901585366028,1,8,99,0,e85135490e7966d1,1249.400,1351.200,22.000,0.500,0,1,526
3651,3651,63.919240899361,63.919244732694,2258,3651,63.919087899361,1,8,98,0,39c86df5d42b4708,1307.100,1368.100,21.700,0.500,0,1,526
3652,3652,63.936743432694,63.936747266027,2259,3652,63.936590432694,1,6,87,0,a32326017a31a858,1317.900,1377.200,19.300,0.800,0,1,526
3653,3653,63.954245866027,63.954249699360,2260,3653,63.954092866027,1,8,98,0,7be9bef688191ee3,1260.400,1367.400,21.700,1.100,0,1,524
3654,3654,63.971755832694,63.971759666027,2261,3654,63.971595366027,1,8,96,0,90a85c9b6e9c0845,1296.800,1396.400,21.300,1.500,0,1,524
3655,3655,63.989269466027,63.989273299360,2262,3655,63.989098266027,1,9,103,0,495a5b09c1500c69,1248.400,1360.500,22.900,0.700,0,1,523
3656,3656,64.006780832693,64.006784666027,2263,3656,64.006600299360,1,10,115,0,15ca9fdfe19bf603,1237.600,1361.000,25.500,0.600,0,1,522
3657,3657,64.024285132693,64.024288966026,2264,3657,64.024102732693,1,9,102,0,159ad3a74cfdcc3d,1001.600,1360.200,22.600,0.700,0,1,522
3658,3658,64.041789532693,64.041793366026,2265,3658,64.041605266026,1,10,140,0,1e5dadcfcc1ead91,1224.100,1359.600,31.000,0.400,0,1,521
3659,3659,64.059293899359,64.059297732693,2266,3659,64.059107766026,1,7,122,0,1ee7d5b2778dfe2b,1121.100,1340.200,27.100,0.400,0,1,521
3660,3660,64.076796299359,64.076800132693,2267,3660,64.076610166026,1,6,116,0,bb26a868ac17f149,996.900,1347.500,25.700,1.100,0,1,521
3661,3661,64.094302466026,64.094306299359,2268,3661,64.094112599359,1,6,115,0,a012a7dd5594ae0a,994.300,1340.400,25.500,0.400,0,1,521
3662,3662,64.111812366026,64.111816199359,2269,3662,64.111615032692,1,7,116,0,2b9b15b8e3527954,1146.000,1366.500,25.700,0.500,0,1,520
3663,3663,64.129330232692,64.129334066025,2270,3663,64.129129166025,1,10,144,0,5657ecbb8c1bdc02,1279.300,1378.600,31.900,0.700,0,1,517
3664,3664,64.146824832692,64.146828666025,2271,3664,64.146620032692,1,9,136,0,d37143d46d15a9a9,1339.200,1358.900,30.200,0.300,0,1,517
3665,3665,64.164334832692,64.164338666025,2272,3665,64.164122566025,1,9,132,0,c298198c77a7b92e,1287.300,1377.100,29.300,0.700,0,1,517
3666,3666,64.181842832692,64.181846666025,2273,3666,64.181624966025,1,10,145,0,2d56d689347d55fa,1262.500,1352.300,32.100,0.400,0,1,516
3667,3667,64.199352599358,64.199356432691,2274,3667,64.199127499358,1,9,146,0,d31805515d4c745c,1239.100,1397.000,32.300,0.600,0,1,515
3668,3668,64.216864299358,64.216868132691,2275,3668,64.216629866025,1,9,145,0,850b6d279282a18f,1255.100,1344.300,32.100,0.300,0,1,515
3669,3669,64.234370532691,64.234374366024,2276,3669,64.234132366024,1,7,133,0,9de7c88eb7689f2e,1235.800,1435.800,29.500,0.400,0,1,515
3670,3670,64.251923432691,64.251927266024,2277,3670,64.251634866024,1,8,96,0,4b9e52664ae5a522,1367.800,1443.200,21.300,0.600,0,1,495
3671,3671,64.269465532691,64.269469366024,2278,3671,64.269137766024,1,8,90,0,6e2d7d54f2e8d53a,1230.700,1297.700,20.000,0.500,0,1,479
3672,3672,64.286971366024,64.286975199357,2279,3672,64.286639866024,1,6,61,0,3479a35e83b2d040,1240.500,1299.400,13.600,0.400,0,1,470
3673,3673,64.304485032690,64.304488866024,2280,3673,64.304142332690,1,8,97,0,07bbd28b3dc85618,1245.000,1316.600,21.500,0.700,0,1,459
3674,3674,64.321998599357,64.322002432690,2281,3674,64.321644699357,1,6,55,0,bb888309778ee885,1254.300,1266.100,12.200,0.400,0,1,449
3675,3675,64.339506799357,64.339510632690,2282,3675,64.339147299357,1,7,58,0,aadce943504d0a31,1259.300,1260.800,12.900,0.500,0,1,438
3676,3676,64.357014832690,64.357018666023,2283,3676,64.356649732690,1,6,92,0,c5739a01e0617e97,1269.000,1242.200,20.400,0.500,0,1,430
3677,3677,64.374517199356,64.374521032690,2284,3677,64.374152099356,1,5,43,0,38e4250143d04a0f,1230.500,1227.600,9.600,0.400,0,1,422
3678,3678,64.391737632689,64.391741466023,2285,3678,64.391654632689,1,6,56,0,760aac5ee87fde03,1254.700,1208.400,12.500,0.300,0,1,415
3679,3679,64.409240332689,64.409244166023,2286,3679,64.409157332689,1,4,48,0,097330fbf08d5675,1240.900,1231.200,10.600,0.400,0,1,412
3680,3680,64.427028199356,64.427032032689,2287,3680,64.426659599356,1,7,44,0,847e58c6098132b1,1237.000,1227.100,9.800,1.200,0,1,407
3681,3681,64.444532599356,64.444536432689,2288,3681,64.444162132689,1,5,1,0,59fb6073e1371dfe,1287.400,1237.800,0.300,0.500,0,1,406
3682,3682,64.462036866022,64.462040699355,2289,3682,64.461664532689,1,3,1,0,ca19abaf30145492,1260.600,1227.900,0.300,0.800,0,1,406
3683,3683,64.479539366022,64.479543199355,2290,3683,64.479167032689,1,4,38,0,190766989d818a4e,1240.200,1182.200,8.500,0.400,0,1,403
3684,3684,64.497043699355,64.497047532688,2291,3684,64.496669499355,1,5,38,0,e31af4fc2a1e7030,1277.900,1198.900,8.500,0.600,0,1,401
3685,3685,64.514551732688,64.514555566022,2292,3685,64.514171932688,1,6,52,0,9807612fc1557e41,1354.800,1188.300,11.600,0.300,0,1,400
3686,3686,64.532054199355,64.532058032688,2293,3686,64.531674399355,1,6,48,0,ecaa86699590405e,1282.200,1277.400,10.600,0.500,0,1,400
3687,3687,64.549557132688,64.549560966021,2294,3687,64.549177332688,1,6,47,0,54363557db112158,1235.700,1293.100,10.500,0.400,0,1,400
3688,3688,64.567059199354,64.567063032688,2295,3688,64.566679399354,1,7,47,0,9e7fed6d4dcccf7e,1296.300,1246.500,10.400,0.400,0,1,399
3689,3689,64.584563932687,64.584567766021,2296,3689,64.584181799354,1,6,47,0,d4ff8a43d70ce5dd,1312.700,1183.700,10.500,0.400,0,1,400
3690,3690,64.602066366021,64.602070199354,2297,3690,64.601684232687,1,6,48,0,f544806d08bb570d,1234.900,1197.700,10.700,0.400,0,1,400
3691,3691,64.619568832687,64.619572666020,2298,3691,64.619186699354,1,6,48,0,7c95f92f0bfac30f,1336.500,1217.600,10.600,0.400,0,1,400
3692,3692,64.637071432687,64.637075266020,2299,3692,64.636689299354,1,5,32,0,e1eb551ccb30ca03,1317.400,1261.700,7.100,0.400,0,1,401
3693,3693,64.654573899353,64.654577732687,2300,3693,64.654191766020,1,5,35,0,1221f1f57f755556,1239.900,1168.600,7.800,0.900,0,1,401
3694,3694,64.672076299353,64.672080132687,2301,3694,64.671694166020,1,5,37,0,eb1ba322721e7000,1442.900,1235.400,8.300,0.400,0,1,401
3695,3695,64.689579132686,64.689582966020,2302,3695,64.689196999353,1,5,38,0,b235bdbdfc82a0c9,1239.200,1215.700,8.500,0.600,0,1,402
3696,3696,64.707081199353,64.707085032686,2303,3696,64.706699066020,1,5,38,0,c91a3b5e2f55625a,1298.600,1233.000,8.400,1.200,0,1,402
3697,3697,64.724585632686,64.724589466019,2304,3697,64.724201632686,1,4,38,0,21604e092e9545a8,1270.000,1186.600,8.500,0.600,0,1,403
3698,3698,64.742088066019,64.742091899353,2305,3698,64.741704066019,1,4,38,0,959599c921080e96,1242.900,1180.200,8.400,0.400,0,1,404
3699,3699,64.759590499352,64.759594332686,2306,3699,64.759206499352,1,5,38,0,359f2f96750417f1,1247.600,1348.300,8.500,0.700,0,1,404
3700,3700,64.777091066019,64.777094899352,2307,3700,64.776708932686,1,5,38,0,75efd5813626a156,1322.800,1231.300,8.400,1.000,0,1,402
3701,3701,64.794593599352,64.794597432685,2308,3701,64.794211466019,1,5,38,0,8cd7cccf184c199c,1255.500,1179.900,8.400,0.600,0,1,402
3702,3702,64.812096032685,64.812099866019,2309,3702,64.811713899352,1,5,38,0,a1254347a0774a83,1277.200,1190.200,8.400,0.600,0,1,402
3703,3703,64.829599066018,64.829602899352,2310,3703,64.829216932685,1,5,36,0,9d70e21a023a5c96,1316.100,1248.700,8.000,0.900,0,1,401
3704,3704,64.847102866018,64.847106699352,2311,3704,64.846718866018,1,5,32,0,428f6f5b0bd7c305,1232.900,1185.300,7.100,0.700,0,1,401
3705,3705,64.864607132685,64.864610966018,2312,3705,64.864221266018,1,6,47,0,27d66a690835f7d3,1249.200,1174.900,10.500,0.600,0,1,400
3706,3706,64.882109599351,64.882113432685,2313,3706,64.881723732685,1,7,44,0,7b1da015ff2b38d6,1251.200,1220.200,9.800,0.500,0,1,399
3707,3707,64.899612132684,64.899615966018,2314,3707,64.899226266018,1,6,41,0,62a18697ee70f9a8,1228.900,1185.900,9.100,0.500,0,1,399
3708,3708,64.917114632684,64.917118466017,2315,3708,64.916728766017,1,6,56,0,8afb78cbcecfaf90,1225.900,1207.500,12.600,0.300,0,1,398
3709,3709,64.934618966017,64.934622799351,2316,3709,64.934231232684,1,5,56,0,a6e63ad4ab99119e,1239.300,1171.200,12.500,0.800,0,1,398
3710,3710,64.952121366017,64.952125199350,2317,3710,64.951733632684,1,4,56,0,774b46e9a2bda6b8,1240.000,1186.900,12.500,1.100,0,1,398
3711,3711,64.969617199350,64.969621032684,2318,3711,64.969236466017,1,4,54,0,5c3fdcf30dc4a337,1242.700,986.700,12.000,0.800,0,1,250
3712,3712,64.987366532683,64.987370366017,2319,3712,64.986739399350,1,5,54,0,a3f520b765e71338,1246.800,968.700,12.000,0.900,0,1,249
3714,3714,65.022370632683,65.022374466016,2320,3714,65.021743499350,1,5,54,0,0a5ee8e511da82f3,1254.000,966.700,15.900,1.200,0,1,249
3715,3715,65.039873232683,65.039877066016,2321,3715,65.039246099350,1,5,54,0,ac66c8311aa6799a,1225.400,973.100,12.000,0.400,0,1,249
3716,3716,65.057375566016,65.057379399349,2322,3716,65.056748432683,1,5,54,0,bf04152dfa1f2bdc,1210.900,1128.900,12.000,0.500,0,1,249
3717,3717,65.074878066016,65.074881899349,2323,3717,65.074250932683,1,5,54,0,68e75a46d55bdd0a,1204.400,994.000,11.900,0.600,0,1,249
3718,3718,65.092380666016,65.092384499349,2324,3718,65.091753532682,1,5,56,0,79649e53e19e4766,1146.200,1095.800,12.600,0.500,0,1,250
3719,3719,65.109883499349,65.109887332682,2325,3719,65.109256366016,1,5,19,0,bcfd97794afa96f8,1115.400,979.900,4.200,0.400,0,1,251
3720,3720,65.127396832682,65.127400666015,2326,3720,65.126769699349,1,5,29,0,96f417e573507de8,968.200,1030.900,6.400,0.600,0,1,253
3721,3721,65.144887932682,65.144891766015,2327,3721,65.144260799349,1,4,38,0,3bc0f30abc9548df,985.000,967.900,8.500,0.300,0,1,256
3722,3722,65.162382266015,65.162386099348,2328,3722,65.161763299348,1,5,1,0,2a1a9a34d3e04fea,988.800,969.200,0.300,0.300,0,1,258
3723,3723,65.179884732682,65.179888566015,2329,3723,65.179265766015,1,7,41,0,f3b5ec54af698988,983.800,1000.100,9.100,0.500,0,1,259
3724,3724,65.197387299348,65.197391132681,2330,3724,65.196768332681,1,5,47,0,ff663d0bdaa5b7ea,1059.200,1055.000,10.400,0.600,0,1,263
3725,3725,65.214889732681,65.214893566015,2331,3725,65.214270766015,1,6,54,0,5195c1c28f86b499,984.100,1014.600,12.000,0.400,0,1,265
3726,3726,65.232392132681,65.232395966014,2332,3726,65.231773166014,1,5,65,0,5aa150853c274488,970.100,1000.800,14.400,0.700,0,1,269
3727,3727,65.249894932681,65.249898766014,2333,3727,65.249275966014,1,4,41,0,41d39b5bc9607f2e,1275.000,1018.300,9.100,0.700,0,1,274
3728,3728,65.267397066014,65.267400899347,2334,3728,65.266778099347,1,8,45,0,0c9b83586386db4b,993.600,1024.800,10.000,1.200,0,1,275
3729,3729,65.284899566014,65.284903399347,2335,3729,65.284280599347,1,6,83,0,b98b198e664ecc52,1007.100,1023.000,18.500,0.400,0,1,280
3730,3730,65.302402066014,65.302405899347,2336,3730,65.301783099347,1,7,61,0,1250b7bbec572642,1078.600,1009.400,13.500,0.500,0,1,283
3731,3731,65.319904632680,65.319908466013,2337,3731,65.319285666013,1,4,7,0,ac92d67b2b0d64e8,977.100,984.500,1.600,0.300,0,1,288
3732,3732,65.337408232680,65.337412066013,2338,3732,65.336788099347,1,11,92,0,57abd116d3801411,985.300,1041.000,20.400,0.600,0,1,289
3733,3733,65.354910666013,65.354914499346,2339,3733,65.354290532680,1,7,73,0,12ff10f881bdacdf,969.200,1095.100,16.200,0.400,0,1,295
3734,3734,65.372413166013,65.372416999346,2340,3734,65.371793032680,1,7,43,0,24f03947fa00fdcf,975.700,1024.800,9.600,0.400,0,1,299
3735,3735,65.389916066013,65.389919899346,2341,3735,65.389295932679,1,8,62,0,a2e4eb99f18bc8fe,1113.400,1050.200,13.800,0.500,0,1,302
3736,3736,65.407418132679,65.407421966013,2342,3736,65.406797999346,1,6,66,0,b1e67cc0103d1601,977.400,1043.300,14.700,0.300,0,1,310
3737,3737,65.424920499346,65.424924332679,2343,3737,65.424300366012,1,8,97,0,1633e472540d7983,979.700,1041.700,21.500,0.300,0,1,311
3738,3738,65.442422966012,65.442426799346,2344,3738,65.441802832679,1,5,38,0,22d5a221cf162fc7,1000.300,1069.500,8.400,0.600,0,1,317
3739,3739,65.459925432679,65.459929266012,2345,3739,65.459305299345,1,7,56,0,40d18a6e48928e9c,994.700,1051.200,12.500,0.400,0,1,318
3740,3740,65.477427899345,65.477431732679,2346,3740,65.476807766012,1,5,54,0,7b28a61e3e9b979e,999.100,1266.100,11.900,0.900,0,1,322
3741,3741,65.494930499345,65.494934332678,2347,3741,65.494310366012,1,7,62,0,ece5b94ad97ebbbb,1056.400,1133.200,13.900,0.400,0,1,324
3742,3742,65.511885332678,65.511889166012,2348,3742,65.511812832678,1,9,85,0,4ac7b1edbf571d53,977.400,1069.200,18.900,0.300,0,1,326
3743,3743,65.529388032678,65.529391866011,2349,3743,65.529315532678,1,6,74,0,8eea8e668c2c7cf5,1071.900,1078.500,16.400,0.600,0,1,331
3744,3744,65.546890199345,65.546894032678,2350,3744,65.546817699345,1,8,104,0,49a38f3ed54435cf,988.400,1142.500,23.000,1.000,0,1,333
3745,3745,65.564392732678,65.564396566011,2351,3745,65.564320232678,1,9,111,0,e5a26c1a68433f8c,979.500,1137.100,24.600,0.500,0,1,336
3746,3746,65.581895232678,65.581899066011,2352,3746,65.581822732678,1,8,106,0,51898c0d431f08f4,966.500,1105.600,23.500,0.400,0,1,341
3747,3747,65.599397566011,65.599401399344,2353,3747,65.599325066011,1,6,75,0,6e110b971a38467d,984.000,1130.400,16.700,0.600,0,1,347
3748,3748,65.616900066011,65.616903899344,2354,3748,65.616827566010,1,9,92,0,cbc827e42ec6cdb8,981.900,1115.200,20.400,0.400,0,1,349
3749,3749,65.634402566010,65.634406399344,2355,3749,65.634330066010,1,10,117,0,1eda3bdb8d1ae51b,1026.400,1145.900,25.900,0.400,0,1,352
3750,3750,65.651905066010,65.651908899343,2356,3750,65.651832566010,1,11,142,0,19e61d6babecb743,1065.500,1203.800,31.500,0.500,0,1,356
3751,3751,65.669407966010,65.669411799343,2357,3751,65.669335466010,1,10,152,0,d558b0112e74499b,977.000,1183.500,33.700,0.600,0,1,361
3752,3752,65.686901866010,65.686905699343,2358,3752,65.686837532676,1,8,141,0,60f0edb8564b55a2,1005.900,1130.000,31.300,1.000,0,1,367
3753,3753,65.704404266010,65.704408099343,2359,3753,65.704339932676,1,9,134,0,ff5ae568f62eae91,1035.600,1127.500,29.700,0.600,0,1,372
3754,3754,65.721906732676,65.721910566009,2360,3754,65.721842399343,1,7,100,0,61269496c0c6c2cd,995.200,1140.900,33.900,0.500,0,1,377
3755,3755,65.739828766009,65.739832599343,2361,3755,65.739344899343,1,10,103,0,bf5d7edf91d12972,1015.900,1176.600,22.900,0.500,0,1,381
3756,3756,65.757331266009,65.757335099342,2362,3756,65.756847399342,1,6,71,0,55d8f1e68803b243,1002.500,1196.500,15.700,0.600,0,1,389
3757,3757,65.774833632676,65.774837466009,2363,3757,65.774349766009,1,11,98,0,fe3f0f626a437b14,997.300,1196.800,21.700,0.500,0,1,392
3758,3758,65.792336199342,65.792340032675,2364,3758,65.791852332675,1,8,87,0,9d4a0bd9c0e59cf4,1033.300,1172.500,19.300,0.500,0,1,400
3759,3759,65.809838999342,65.809842832675,2365,3759,65.809355132675,1,8,141,0,33507d4ad05ca177,976.000,1205.900,31.200,0.500,0,1,407
3760,3760,65.827341132675,65.827344966008,2366,3760,65.826857266008,1,6,42,0,6cf148b9899de611,996.400,1223.400,9.300,0.500,0,1,417
3761,3761,65.844843632675,65.844847466008,2367,3761,65.844359766008,1,9,99,0,3bc005436e8a9f90,981.300,1196.200,21.900,0.400,0,1,422
3762,3762,65.862349632675,65.862353466008,2368,3762,65.861862266008,1,8,82,0,05df02e939a21eb1,972.600,1196.700,18.200,0.300,0,1,431
3763,3763,65.879851966008,65.879855799341,2369,3763,65.879364599341,1,11,132,0,a318fbfe423baba7,990.600,1240.600,29.300,0.600,0,1,439
3764,3764,65.897354466008,65.897358299341,2370,3764,65.896867099341,1,11,109,0,269bd7cbc229cce5,974.100,1214.600,24.100,0.500,0,1,445
3765,3765,65.914857032674,65.914860866008,2371,3765,65.914369666008,1,8,57,0,080c88e08c8c13be,984.600,1235.900,12.700,0.600,0,1,455
3766,3766,65.932359499341,65.932363332674,2372,3766,65.931872132674,1,7,49,0,dfd5baf894b8e617,981.000,1227.000,10.900,0.500,0,1,463
3767,3767,65.949862399341,65.949866232674,2373,3767,65.949375032674,1,10,78,0,7c5129b5a185f8af,1027.300,1232.400,17.300,0.400,0,1,467
3768,3768,65.967364332674,65.967368166007,2374,3768,65.966876966007,1,5,45,0,b0f04bdc1e82aa09,1028.800,1339.800,10.100,0.600,0,1,477
3769,3769,65.984866899340,65.984870732673,2375,3769,65.984379532673,1,8,46,0,8ce0e79322ea5291,972.700,1237.500,10.200,0.500,0,1,482
3770,3770,66.002369299340,66.002373132673,2376,3770,66.001881932673,1,5,45,0,41aea4faabe9fcc9,964.500,1255.900,10.000,0.400,0,1,490
3771,3771,66.019735499340,66.019739332673,2377,3771,66.019384399340,1,8,76,0,95549133a333fb91,977.200,1300.400,16.900,0.400,0,1,495
3772,3772,66.037238032673,66.037241866006,2378,3772,66.036886932673,1,6,53,0,82ad52dd8db9ca48,1004.000,1271.000,11.700,0.500,0,1,503
3773,3773,66.054739232673,66.054743066006,2379,3773,66.054389299339,1,5,40,0,51326fef080b6789,988.100,1305.400,8.800,0.500,0,1,506
3774,3774,66.072241699339,66.072245532673,2380,3774,66.071891766006,1,7,71,0,b66f70eb1dd69796,1004.900,1335.000,15.800,0.500,0,1,512
3775,3775,66.089744632672,66.089748466006,2381,3775,66.089394699339,1,6,58,0,1bf2a5f4dd68786c,975.300,1279.000,12.900,0.400,0,1,519
3776,3776,66.107246699339,66.107250532672,2382,3776,66.106896766006,1,9,60,0,19d5c4142fe03caa,995.200,1300.900,13.300,0.600,0,1,520
3777,3777,66.124760466005,66.124764299339,2383,3777,66.124410532672,1,7,62,0,a69a279ad16415f7,989.000,1326.700,13.700,0.600,0,1,525
3778,3778,66.142251632672,66.142255466005,2384,3778,66.141901699339,1,7,78,0,9b6fc115cda854ef,974.300,1402.400,17.200,1.000,0,1,528
3779,3779,66.159754199338,66.159758032672,2385,3779,66.159404266005,1,5,51,0,321c78d1f1fd4c08,1085.500,1354.800,11.300,0.600,0,1,535
3780,3780,66.177256666005,66.177260499338,2386,3780,66.176906732672,1,5,47,0,5dd8571c24629362,987.600,1322.500,10.500,0.500,0,1,540
3781,3781,66.194758999338,66.194762832671,2387,3781,66.194409066005,1,7,88,0,6329086c5ee20ca4,993.200,1380.800,19.500,0.500,0,1,543
3782,3782,66.212261566005,66.212265399338,2388,3782,66.211911632671,1,6,94,0,e3dc5aec7a8b37e1,1086.800,1376.700,20.800,0.600,0,1,550
3783,3783,66.229739066004,66.229742899338,2389,3783,66.229414566004,1,6,64,0,c1c9ce924b6ef5c2,995.300,1344.500,14.200,0.500,0,1,553
3784,3784,66.247241132671,66.247244966004,2390,3784,66.246916632671,1,6,35,0,0e6e0eb6ec57368f,1017.900,1351.600,7.800,0.600,0,1,559
3785,3785,66.264743532671,66.264747366004,2391,3785,66.264419032671,1,8,80,0,76a3b1de204f2f5c,998.100,1414.800,17.800,0.700,0,1,562
3786,3786,66.282245999337,66.282249832671,2392,3786,66.281921499337,1,4,44,0,43d2ee827807a3d7,958.600,1335.900,9.800,0.500,0,1,565
3787,3787,66.299748466004,66.299752299337,2393,3787,66.299423966004,1,5,15,0,f152b3c26b25ce0c,970.400,1356.300,3.400,0.400,0,1,571
3788,3788,66.317250866003,66.317254699337,2394,3788,66.316926366003,1,7,63,0,f2dd7830c536c9e3,989.200,1375.500,13.900,0.500,0,1,574
3789,3789,66.334753499337,66.334757332670,2395,3789,66.334428999337,1,8,92,0,fff81fb74c41c24e,1083.000,1374.900,20.400,0.400,0,1,579
3790,3790,66.352255366003,66.352259199336,2396,3790,66.351931399336,1,5,20,0,636825d6d2c8194c,1099.300,1353.400,4.500,0.800,0,1,588
3791,3791,66.369758132670,66.369761966003,2397,3791,66.369434166003,1,6,24,0,eeb0df5df95d967b,983.900,1351.500,5.400,0.500,0,1,589
3792,3792,66.387260232669,66.387264066003,2398,3792,66.386936266003,1,7,77,0,e984ee68f6520392,1008.600,1353.100,17.000,0.500,0,1,593
3793,3793,66.404762699336,66.404766532669,2399,3793,66.404438732669,1,6,74,0,d28315faf492faa6,1130.500,1462.100,16.500,0.300,0,1,600
3794,3794,66.422267799336,66.422271632669,2400,3794,66.421941266002,1,2,12,0,3f44211b0ab251f6,977.000,1349.700,2.700,0.500,0,1,604
3795,3795,66.439770299336,66.439774132669,2401,3795,66.439443766002,1,3,46,0,80bf95ddeeea76b2,1080.000,1345.400,10.200,1.000,0,1,606
3796,3796,66.457272699335,66.457276532669,2402,3796,66.456946166002,1,4,61,0,acf7a047368c06a7,973.200,1406.200,13.600,0.400,0,1,608
3797,3797,66.474775299335,66.474779132669,2403,3797,66.474448766002,1,3,40,0,139afef7cd45db8d,969.200,1420.200,8.900,0.500,0,1,610
3798,3798,66.492277699335,66.492281532668,2404,3798,66.491951166002,1,5,18,0,ccb6e392734b420a,1009.700,1377.400,4.000,0.500,0,1,606
3800,3800,66.527281466001,66.527285299335,2405,3800,66.526956166001,1,9,87,0,8e13bfe9ef25441a,951.100,1439.900,19.400,0.400,0,1,584
3801,3801,66.544783866001,66.544787699335,2406,3801,66.544458566001,1,2,8,0,f982f97e4b9d9469,972.400,1301.100,1.800,0.500,0,1,569
3802,3802,66.562286266001,66.562290099334,2407,3802,66.561960966001,1,1,0,0,cbf29ce484222325,980.900,1356.500,0.100,0.400,0,1,555
3803,3803,66.579788832668,66.579792666001,2408,3803,66.579463532668,1,4,50,0,4236cc28f132f8ff,1006.100,1284.900,11.100,0.500,0,1,536
3804,3804,66.597286666001,66.597290499334,2409,3804,66.596966032667,1,5,86,0,826b4044d74b8e0e,1040.700,1371.300,19.100,0.500,0,1,513
3805,3805,66.614789132667,66.614792966001,2410,3805,66.614468499334,1,6,98,0,5f349bb8d6851673,1000.000,1317.000,21.700,0.500,0,1,498
3807,3807,66.649794399334,66.649798232667,2411,3807,66.649473766000,1,4,61,0,7d0a9e85e9de6b4d,1018.600,1279.700,13.600,0.500,0,1,471
3808,3808,66.667296566000,66.667300399333,2412,3808,66.666975932667,1,5,68,0,ae9f1aba9b74c88d,972.600,1308.300,15.100,0.500,0,1,459
3809,3809,66.684798466000,66.684802299333,2413,3809,66.684478366000,1,10,141,0,d92468077c5a4008,1052.300,1217.900,31.200,0.300,0,1,448
3810,3810,66.702300866000,66.702304699333,2414,3810,66.701980766000,1,9,112,0,f80944ab95c3f58b,986.600,1242.300,24.900,0.600,0,1,441
3811,3811,66.719803332666,66.719807165999,2415,3811,66.719483232666,1,9,174,0,bddafddfe3fa43bd,988.400,1251.200,38.500,1.200,0,1,438
3812,3812,66.737305799333,66.737309632666,2416,3812,66.736985699333,1,8,86,0,6c68dca618f1b54e,1071.800,1191.700,19.100,0.400,0,1,436
3813,3813,66.754808332666,66.754812165999,2417,3813,66.754488232666,1,8,72,0,57d36d4bb4f037fb,1278.300,1210.300,16.000,0.700,0,1,432
3814,3814,66.772310732666,66.772314565999,2418,3814,66.771990632666,1,6,27,0,5b436c1d4e06d803,1175.300,1222.500,6.000,0.400,0,1,430
3815,3815,66.789815965999,66.789819799332,2419,3815,66.789493532665,1,9,30,0,8495153e86770097,1052.800,1191.100,6.700,0.400,0,1,425
3816,3816,66.807318132665,66.807321965999,2420,3816,66.806995699332,1,12,64,2,ecbc1140c2df0517,988.200,1161.700,14.200,0.400,0,1,417
3817,3817,66.824819999332,66.824823832665,2421,3817,66.824498099332,1,15,73,4,0581491c73597a2a,984.300,1170.500,16.200,0.400,0,1,412
3818,3818,66.842321865998,66.842325699332,2422,3818,66.842000499332,1,19,99,10,51b75b7dca6b337b,974.600,1174.300,21.900,0.600,0,1,405
3819,3819,66.859824432665,66.859828265998,2423,3819,66.859503065998,1,19,112,17,8895a870cdacc2dd,975.200,1156.500,24.900,0.400,0,1,402
3820,3820,66.877326865998,66.877330699331,2424,3820,66.877005499331,1,26,160,30,93dbdc477f89f9fb,1027.100,1209.900,35.400,0.600,0,1,394
3821,3821,66.894829332664,66.894833165998,2425,3821,66.894507965998,1,29,168,44,7c68525f4f59e6fb,1054.200,1220.900,37.100,0.400,0,1,392
3822,3822,66.912331299331,66.912335132664,2426,3822,66.912010465998,1,32,230,56,e7fa753dce5f91e0,973.700,1211.900,50.900,0.600,0,1,385
3823,3823,66.929834032664,66.929837865997,2427,3823,66.929513199331,1,32,230,72,f8f830815a8fd253,967.100,1229.900,50.900,0.300,0,1,382
3824,3824,66.947336299331,66.947340132664,2428,3824,66.947015465997,1,34,232,92,57b9014ed04646de,973.200,1201.800,51.300,0.500,0,1,376
3825,3825,66.964840599330,66.964844432664,2429,3825,66.964517899330,1,37,255,110,23e49c0b79dc53fe,1006.700,1221.100,56.400,0.400,0,1,371
3826,3826,66.982343065997,66.982346899330,2430,3826,66.982020365997,1,39,265,130,e2e41e0f46afd560,968.400,1222.700,58.700,0.500,0,1,368
3827,3827,66.999844799330,66.999848632663,2431,3827,66.999522799330,1,42,264,148,c960a2e2dab95a94,1004.000,1200.800,64.300,0.500,0,1,363
3828,3828,67.017347299330,67.017351132663,2432,3828,67.017025299330,1,43,278,163,c6a5f58610119359,1037.300,1273.000,61.600,0.500,0,1,362
3829,3829,67.034849765996,67.034853599330,2433,3829,67.034527765996,1,46,284,163,e5ebd4fd05aee044,990.100,1200.100,62.900,0.500,0,1,358
3830,3830,67.052352165996,67.052355999329,2434,3830,67.052030165996,1,48,291,179,655261ad877485cc,978.900,1249.600,64.400,0.600,0,1,355
3831,3831,67.069855065996,67.069858899329,2435,3831,67.069533065996,1,51,305,186,ff44a5e14bdf3d1d,1020.100,1228.700,67.500,0.400,0,1,351
3832,3832,67.087357099329,67.087360932662,2436,3832,67.087035099329,1,49,286,191,1b58e2b849eae4a6,997.000,1208.700,63.300,0.400,0,1,349
3833,3833,67.104859665996,67.104863499329,2437,3833,67.104537665996,1,49,284,198,511c93817af36da7,1050.100,1325.500,63.200,0.600,0,1,351
3834,3834,67.122373365995,67.122377199329,2438,3834,67.122051365995,1,45,274,199,675623714eace0c0,1006.400,1287.400,60.600,0.600,0,1,356
3835,3835,67.139864065995,67.139867899329,2439,3835,67.139542532662,1,44,258,183,3d775620a90861a2,976.600,1192.600,57.100,0.500,0,1,359
3836,3836,67.157366565995,67.157370399328,2440,3836,67.157045032662,1,43,237,184,479160ec979640a4,1081.900,1315.800,52.500,0.500,0,1,356
3837,3837,67.174869065995,67.174872899328,2441,3837,67.174547532662,1,44,257,184,cf4d2aa45be691e3,1004.900,1209.600,56.900,0.500,0,1,357
3838,3838,67.192371499328,67.192375332661,2442,3838,67.192049965995,1,44,262,184,39c49fc67aab5351,1008.100,1287.100,58.000,1.200,0,1,356
3839,3839,67.209874232661,67.209878065995,2443,3839,67.209552699328,1,40,239,185,8571c2e63e375f0b,1099.500,1293.700,53.500,0.300,0,1,362
3840,3840,67.227375732661,67.227379565994,2444,3840,67.227054899328,1,39,229,172,b20d2fd1dd2f54b5,1003.200,1245.200,50.700,0.700,0,1,365
3841,3841,67.244878299328,67.244882132661,2445,3841,67.244557465994,1,39,247,176,8b55c945ba958dbd,1331.200,1256.400,54.700,0.700,0,1,366
3842,3842,67.262381332661,67.262385165994,2446,3842,67.262059965994,1,39,243,176,19c379da5de5ac3c,1202.700,1251.100,53.800,0.400,0,1,371
3843,3843,67.279883732661,67.279887565994,2447,3843,67.279562365994,1,43,246,179,b2ae4697adc41d47,975.100,1205.800,54.400,0.300,0,1,372
3844,3844,67.297386232660,67.297390065994,2448,3844,67.297064865994,1,44,254,180,60a6efe67ffcb7ed,982.700,1260.700,56.300,0.500,0,1,373
3845,3845,67.314889865994,67.314893699327,2449,3845,67.314567332660,1,43,253,176,a224c6e408001501,1073.400,1267.500,56.000,0.400,0,1,374
3846,3846,67.332392365993,67.332396199327,2450,3846,67.332069832660,1,44,254,179,9fa13acdefcb075a,1044.700,1251.200,56.200,0.400,0,1,372
3847,3847,67.349894432660,67.349898265993,2451,3847,67.349572599327,1,46,308,179,395b5893f50be205,1024.900,1285.700,68.200,1.000,0,1,372
3848,3848,67.367396532660,67.367400365993,2452,3848,67.367074699326,1,44,310,179,c5ed432bbe8da117,994.400,1233.200,73.800,0.700,0,1,373
3849,3849,67.384872932659,67.384876765993,2453,3849,67.384577232659,1,44,249,179,15d01dc6c0a70efc,1017.200,1191.600,55.200,0.400,0,1,372
3850,3850,67.402375332659,67.402379165993,2454,3850,67.402079632659,1,45,267,179,4f1671e568623475,990.800,1225.500,59.100,0.600,0,1,372
3851,3851,67.419877765992,67.419881599326,2455,3851,67.419582065992,1,42,259,179,c7e24efde90cab24,976.500,1211.200,57.300,0.500,0,1,373
3852,3852,67.437380365992,67.437384199326,2456,3852,67.437084665992,1,42,236,179,bc70df1106ce7746,982.000,1210.800,52.200,0.500,0,1,374
3853,3853,67.454882699325,67.454886532659,2457,3853,67.454586999325,1,42,239,179,9cdfbe4dd176922c,1100.000,1252.600,53.200,0.600,0,1,373
3854,3854,67.472381665992,67.472385499325,2458,3854,67.472089465992,1,43,305,179,c3a1aab602ae92b6,979.700,1218.300,67.500,0.900,0,1,374
3855,3855,67.489884465992,67.489888299325,2459,3855,67.489592265992,1,41,236,179,39e52cd0e65d462b,995.800,1212.300,52.800,0.500,0,1,378
3856,3856,67.507377365992,67.507381199325,2460,3856,67.507094499325,1,41,237,180,a8b9931987609ed8,981.800,1218.700,52.500,0.600,0,1,377
3857,3857,67.524879865991,67.524883699325,2461,3857,67.524596999325,1,43,239,183,624fd9b53a96e49c,1030.700,1229.600,52.900,0.500,0,1,376
3858,3858,67.542380465991,67.542384299325,2462,3858,67.542099465991,1,44,248,183,adb39cf2ca928174,1034.500,1215.200,54.900,0.400,0,1,377
3859,3859,67.559842365991,67.559846199324,2463,3859,67.559601899324,1,45,262,184,7284d7a162ce019e,1013.700,1236.600,58.000,0.500,0,1,377
3860,3860,67.577344832658,67.577348665991,2464,3860,67.577104365991,1,44,263,185,4484cb2851705a5e,985.300,1257.400,58.200,0.600,0,1,378
3861,3861,67.594847232657,67.594851065991,2465,3861,67.594606765991,1,45,274,185,0169a96f53ca2b18,991.400,1252.400,60.600,0.300,0,1,374
3862,3862,67.612187665991,67.612191499324,2466,3862,67.612109332657,1,44,298,185,cdc20c722f6a08ff,1045.600,1308.900,66.000,0.500,0,1,374
3863,3863,67.629690532657,67.629694365990,2467,3863,67.629612199324,1,44,298,185,75b34b3e2465c03c,988.200,1275.200,66.000,0.600,0,1,374
3864,3864,67.647194865990,67.647198699324,2468,3864,67.647114199324,1,44,299,191,83741c7af3c1a3f1,989.100,1307.800,66.200,0.800,0,1,375
3865,3865,67.664697399323,67.664701232657,2469,3865,67.664616732657,1,44,300,192,6b954cfae6667ef7,989.200,1245.200,66.400,0.500,0,1,375
3866,3866,67.682200999323,67.682204832657,2470,3866,67.682119165990,1,44,300,192,a15dc6ca8a1ff17f,999.300,1247.500,66.400,0.800,0,1,375
3867,3867,67.699703465990,67.699707299323,2471,3867,67.699621632656,1,45,308,200,2306a803cceac57f,1015.400,1246.000,68.300,2.300,0,1,374
3868,3868,67.717205965989,67.717209799323,2472,3868,67.717124132656,1,46,314,206,c3c0e492e5548d23,1006.300,1259.600,69.500,0.800,0,1,374
3869,3869,67.734708532656,67.734712365989,2473,3869,67.734626699323,1,46,314,206,21c739b4266046c8,997.100,1229.600,69.500,0.500,0,1,373
3870,3870,67.752210932656,67.752214765989,2474,3870,67.752129099322,1,46,314,206,aa9e9e75d2b11e03,988.700,1230.700,69.500,0.400,0,1,373
3871,3871,67.769713732656,67.769717565989,2475,3871,67.769631899322,1,47,330,222,319835490bd87829,976.400,1293.300,73.000,0.400,0,1,374
3872,3872,67.787215932655,67.787219765989,2476,3872,67.787134099322,1,47,330,222,e8da725c2ec58cdf,992.900,1254.800,73.000,0.400,0,1,374
3873,3873,67.804721865989,67.804725699322,2477,3873,67.804636532655,1,47,330,222,da03bc96cc0e9e8d,974.500,1244.300,73.400,0.500,0,1,375
3874,3874,67.822224232655,67.822228065988,2478,3874,67.822138899322,1,47,330,222,693c4fd4ec256cfd,983.000,1270.600,73.500,0.600,0,1,375
3875,3875,67.839726832655,67.839730665988,2479,3875,67.839641499322,1,48,338,230,8d4dd7a32502a77c,984.700,1229.300,74.900,0.400,0,1,375
3876,3876,67.857229232655,67.857233065988,2480,3876,67.857143899321,1,48,338,230,a5a5005bf1fa63b5,985.800,1221.200,74.800,0.700,0,1,375
3877,3877,67.874731765988,67.874735599321,2481,3877,67.874646432655,1,49,342,234,3edaec62e8e3ea0f,994.100,1261.200,75.700,0.400,0,1,375
3878,3878,67.892234199321,67.892238032654,2482,3878,67.892148865988,1,49,342,234,adf6a51093596c7a,1000.400,1369.300,75.700,0.500,0,1,375
3879,3879,67.909737099321,67.909740932654,2483,3879,67.909651765988,1,50,337,253,c0484e37a5f0ecf1,998.600,1247.000,74.600,0.500,0,1,375
3880,3880,67.927239199321,67.927243032654,2484,3880,67.927153865987,1,51,344,260,edc2c69b783f2075,989.300,1240.500,76.200,0.400,0,1,375
3881,3881,67.944741532654,67.944745365987,2485,3881,67.944656199321,1,52,349,260,14ba55953608e53a,992.400,1322.700,77.300,0.600,0,1,375
3882,3882,67.962238965987,67.962242799320,2486,3882,67.962158765987,1,53,358,269,58e7a895fe2aa70d,1019.200,1301.000,79.300,0.500,0,1,378
3883,3883,67.979743732654,67.979747565987,2487,3883,67.979661199320,1,53,358,269,d221066547badf2f,1022.700,1384.400,79.400,0.400,0,1,379
3884,3884,67.997246232653,67.997250065987,2488,3884,67.997163699320,1,53,364,275,85b355123249beee,1007.100,1280.100,80.600,0.700,0,1,380
3885,3885,68.014748732653,68.014752565987,2489,3885,68.014666199320,1,53,363,275,1585f16741d6536d,989.000,1226.000,80.300,0.600,0,1,380
3886,3886,68.032251165986,68.032254999320,2490,3886,68.032168632653,1,55,380,295,5d28089da2456366,1026.200,1260.300,84.100,0.500,0,1,380
3887,3887,68.049753899319,68.049757732653,2491,3887,68.049671365986,1,56,379,295,dab8df6030963bf0,1018.900,1242.900,83.900,0.500,0,1,380
3888,3888,68.067256099319,68.067259932653,2492,3888,68.067173565986,1,58,378,295,dd962899740251ae,1002.000,1262.300,83.700,0.400,0,1,378
3889,3889,68.084758665986,68.084762499319,2493,3889,68.084676132652,1,59,385,306,4ec080c0bec1342f,1196.600,1381.700,85.200,0.600,0,1,378
3890,3890,68.102261099319,68.102264932652,2494,3890,68.102178565986,1,61,399,334,ab85ffa007022ed8,973.500,1335.900,88.300,0.500,0,1,378
3891,3891,68.119780665985,68.119784499319,2495,3891,68.119692299319,1,9,62,0,7f16d99565923461,1003.300,1119.400,13.800,0.800,0,1,377
3892,3892,68.137271865985,68.137275699319,2496,3892,68.137183499319,1,9,62,0,c818c0fd1afd5669,1002.800,1161.600,50.800,0.700,0,1,378
3893,3893,68.154774299318,68.154778132652,2497,3893,68.154685932652,1,8,56,0,28d6733633e0ba15,1039.500,1133.500,12.400,0.600,0,1,379
3894,3894,68.172276699318,68.172280532652,2498,3894,68.172188332652,1,8,53,0,11622b40ee3085f7,993.400,1097.700,11.800,0.400,0,1,379
3895,3895,68.189779732651,68.189783565985,2499,3895,68.189691365985,1,9,62,0,092341d04ae0cfca,975.500,1172.600,13.800,0.800,0,1,377
3896,3896,68.207281632651,68.207285465985,2500,3896,68.207193265985,1,9,62,0,5b935180d7f45ca8,979.100,1105.100,13.800,0.300,0,1,377
3897,3897,68.224784232651,68.224788065984,2501,3897,68.224695865984,1,9,62,0,3dd55218188ee699,996.900,1121.800,13.700,0.600,0,1,377
3898,3898,68.242286565984,68.242290399318,2502,3898,68.242198199318,1,8,57,0,1e4023b4ff1c800b,985.600,1104.900,12.600,0.400,0,1,377
3899,3899,68.259789199317,68.259793032651,2503,3899,68.259700832651,1,9,54,0,c879de6c40fa8e3e,1175.500,1148.400,12.000,0.600,0,1,376
3900,3900,68.277289265984,68.277293099317,2504,3900,68.277203232651,1,12,128,0,bba48e51787f75a3,982.500,1127.500,28.400,0.600,0,1,373
3901,3901,68.294791732650,68.294795565984,2505,3901,68.294705699317,1,12,127,0,35d5b9a1bc9ac98c,973.200,1131.700,28.100,0.800,0,1,373
3902,3902,68.312294199317,68.312298032650,2506,3902,68.312208165984,1,12,126,0,5ade78fd6c90261f,990.600,1592.900,28.000,0.500,0,1,374
3903,3903,68.329796965983,68.329800799317,2507,3903,68.329710932650,1,12,120,0,f8758ee74dc231ed,1025.000,1221.900,26.600,0.900,0,1,374
3904,3904,68.347298399317,68.347302232650,2508,3904,68.347213065983,1,12,115,0,e303c94e5cff6f05,975.600,1242.200,25.500,0.700,0,1,375
3905,3905,68.364800899316,68.364804732650,2509,3905,68.364715565983,1,12,115,0,0dfa5fdfa0a7a13e,979.600,1167.300,25.500,0.800,0,1,377
3906,3906,68.382303399316,68.382307232650,2510,3906,68.382218065983,1,12,110,0,783e7f7ad4ab9263,1056.600,1221.900,24.400,0.600,0,1,377
3907,3907,68.399805832649,68.399809665983,2511,3907,68.399720499316,1,12,102,0,76b84195fc88e3b7,1063.300,1172.600,22.600,0.400,0,1,378
3908,3908,68.417308399316,68.417312232649,2512,3908,68.417223065982,1,12,95,0,a5ff2b6984802d08,1009.000,1140.700,21.100,0.600,0,1,378
3910,3910,68.452310965982,68.452314799315,2513,3910,68.452227965982,1,12,93,0,ac420a661db9c9c0,991.500,1141.900,20.600,0.500,0,1,378
3911,3911,68.469813799315,68.469817632649,2514,3911,68.469730799315,1,11,58,0,556fbb460afe56ba,1002.100,1121.700,12.800,0.600,0,1,378
3912,3912,68.487315932648,68.487319765982,2515,3912,68.487232932648,1,12,62,0,49a8e5af57994fd7,989.100,1142.300,13.800,0.400,0,1,377
3913,3913,68.504765765982,68.504778432648,2516,3913,68.504735365982,1,12,62,0,ca7bcf280df69819,993.300,1109.800,13.700,0.600,0,1,377
3914,3914,68.522320665981,68.522324765981,2517,3914,68.522237765981,1,12,62,0,77b8155ecf17d2f1,990.000,1185.900,14.300,0.500,0,1,377
3915,3915,68.539823165981,68.539827265981,2518,3915,68.539740265981,1,12,62,0,d8f59db0de6cef14,989.900,1120.600,13.800,0.300,0,1,376
3916,3916,68.557325632648,68.557329732648,2519,3916,68.557242732648,1,12,62,0,42fb515d8285fb32,998.500,1103.400,13.800,0.400,0,1,376
3917,3917,68.574828132648,68.574832232648,2520,3917,68.574745232648,1,13,62,0,38fa5e858374bb58,1007.200,1106.200,13.700,0.800,0,1,375
3918,3918,68.592328265981,68.592332365981,2521,3918,68.592247699314,1,13,62,0,43750e5b6caf37a1,1016.700,1109.300,13.700,0.400,0,1,375
3919,3919,68.609831065981,68.609835165981,2522,3919,68.609750499314,1,13,62,0,2b9db32d47815a00,990.400,1128.100,13.700,0.700,0,1,375
3920,3920,68.627333165980,68.627337265980,2523,3920,68.627252599314,1,13,63,0,20370d8327832abb,1050.900,1135.600,14.000,0.500,0,1,375
3921,3921,68.644835665980,68.644839765980,2524,3921,68.644755099314,1,13,63,0,861efa29df1e2aa1,1006.500,1120.700,13.900,0.500,0,1,375
3922,3922,68.662338132647,68.662342232647,2525,3922,68.662257565980,1,13,63,0,4208d86b6e73996b,994.500,1111.200,14.000,0.300,0,1,375
3923,3923,68.679840665980,68.679844765980,2526,3923,68.679760099313,1,13,63,0,40472a73d5f1463c,997.500,1121.500,14.000,0.900,0,1,375
3924,3924,68.697343065980,68.697347165980,2527,3924,68.697262499313,1,13,63,0,ac27b54c2cb6bf76,1004.500,1111.100,14.000,0.400,0,1,375
3925,3925,68.714845532646,68.714849632646,2528,3925,68.714764965980,1,13,63,0,bf84fd068e9262cf,994.400,1113.800,14.000,0.500,0,1,375
3926,3926,68.732348099313,68.732352199313,2529,3926,68.732267532646,1,13,63,0,2b93042e2b88f390,973.700,1110.900,14.000,0.600,0,1,375
3927,3927,68.749847399313,68.749851499312,2530,3927,68.749770332646,1,13,63,0,c88bef0f674c78f8,973.100,1112.700,14.000,0.500,0,1,375
3928,3928,68.767349565979,68.767353665979,2531,3928,68.767272499312,1,13,62,0,1c57acc1c88ae749,981.400,1120.700,13.800,0.500,0,1,375
3929,3929,68.784852032645,68.784856132645,2532,3929,68.784774965979,1,14,62,0,9558862c75d6e548,980.800,1110.200,13.800,0.400,0,1,375
3930,3930,68.802354432645,68.802358532645,2533,3930,68.802277365979,1,14,59,0,12761d334bdc01ac,966.000,1137.800,13.100,0.400,0,1,376
3931,3931,68.819856899312,68.819860999312,2534,3931,68.819779832645,1,13,52,0,39741f5621c210e0,984.500,1108.200,11.500,0.400,0,1,376
3932,3932,68.837359432645,68.837363532645,2535,3932,68.837282365978,1,12,51,0,b08e5720272f178c,978.500,1106.900,11.300,0.500,0,1,378
3933,3933,68.854861865978,68.854865965978,2536,3933,68.854784799311,1,13,57,0,04dc74a3c8d32a03,985.000,1109.600,12.600,0.500,0,1,378
3934,3934,68.872364365978,68.872368465978,2537,3934,68.872287299311,1,13,51,0,8ccc8b3bf6ec02a1,1005.500,1138.600,11.300,0.400,0,1,377
3935,3935,68.889863665978,68.889867765978,2538,3935,68.889790099311,1,14,57,0,e661843058de8576,984.000,1183.900,12.700,0.500,0,1,378
3936,3936,68.907365865978,68.907369965978,2539,3936,68.907292299311,1,14,55,0,4d5c375bf58b4097,1069.100,1120.700,12.200,0.500,0,1,378
3937,3937,68.924868232644,68.924872332644,2540,3937,68.924794665977,1,12,52,0,94806dfdc7ba20b2,983.000,1106.900,11.500,0.700,0,1,377
3938,3938,68.942370665977,68.942374765977,2541,3938,68.942297099311,1,14,151,0,66d65b5913a5b284,1018.100,1147.000,33.400,0.500,0,1,374
3939,3939,68.959873165977,68.959877265977,2542,3939,68.959799599310,1,13,141,0,af7080e6a64cb6f1,1006.100,1228.900,31.700,0.500,0,1,374
3940,3940,68.977375732644,68.977379832644,2543,3940,68.977302165977,1,13,129,0,a6f9ed945b1ab06c,1013.200,1125.600,28.500,0.500,0,1,377
3941,3941,68.994878199310,68.994882299310,2544,3941,68.994804632643,1,12,118,0,c0db4bc5b6c6805c,985.500,1178.200,26.200,0.500,0,1,376
3942,3942,69.012380665977,69.012384765977,2545,3942,69.012307099310,1,11,67,0,a16a21ed40e06b11,1038.500,1175.300,14.900,0.200,0,1,376
3943,3943,69.029883599310,69.029887432643,2546,3943,69.029809932643,1,13,81,0,e42717dfb6187052,1034.500,1179.500,18.000,0.600,0,1,374
3944,3944,69.047382899310,69.047386732643,2547,3944,69.047312732643,1,13,80,0,549aa4a3eb5a0741,1006.400,1138.900,17.700,0.400,0,1,375
3945,3945,69.064884565976,69.064888399309,2548,3945,69.064814399309,1,13,75,0,455088f3e8e4b6d9,985.900,1103.500,16.600,0.300,0,1,375
3946,3946,69.082387099309,69.082390932643,2549,3946,69.082316932643,1,12,74,0,0cdfef5a0b3a22b5,1036.200,1106.300,16.400,0.500,0,1,376
3947,3947,69.099889565976,69.099893399309,2550,3947,69.099819399309,1,13,81,0,39f922b73ed5c8f3,1025.800,1156.500,17.900,0.400,0,1,376
3948,3948,69.117403332642,69.117407165975,2551,3948,69.117333165975,1,13,74,0,e109401724d104d5,1037.800,1112.400,16.400,0.600,0,1,376
3949,3949,69.134894499309,69.134898332642,2552,3949,69.134824332642,1,13,72,1,e692eeef94156cad,997.700,1118.500,16.000,0.400,0,1,374
3950,3950,69.152396932642,69.152400765975,2553,3950,69.152326765975,1,12,72,1,e602f3b3b5d2669f,979.100,1098.300,16.000,0.600,0,1,375
3951,3951,69.169899765975,69.169903599308,2554,3951,69.169829599308,1,14,86,1,18893a535bec8c7c,980.300,1166.200,19.100,0.400,0,1,374
3952,3952,69.187405465975,69.187409299308,2555,3952,69.187331799308,1,14,82,1,a48a1e175689725d,977.200,1118.500,18.200,0.500,0,1,374
3953,3953,69.204907865975,69.204911699308,2556,3953,69.204834199308,1,13,75,1,8d069121dad574cd,986.500,1092.100,16.700,0.400,0,1,375
3954,3954,69.222410299308,69.222414132641,2557,3954,69.222336632641,1,15,78,17,6a06abdcc39ef926,994.000,1097.700,17.300,0.500,0,1,375
3955,3955,69.239912865974,69.239916699308,2558,3955,69.239839199308,1,14,75,17,0ecf511a1cb08045,976.600,1116.100,16.600,0.500,0,1,374
3956,3956,69.257415265974,69.257419099307,2559,3956,69.257341599307,1,14,75,17,64887df26797878f,1031.700,1102.900,16.700,0.700,0,1,376
3957,3957,69.274917865974,69.274921699307,2560,3957,69.274844199307,1,15,74,17,8ce98534349a3b72,988.900,1116.100,16.400,0.500,0,1,376
3958,3958,69.292420199307,69.292424032640,2561,3958,69.292346532640,1,17,88,17,17f8ceea50c31aa5,998.200,1098.400,19.500,0.700,0,1,375
3959,3959,69.309923099307,69.309926932640,2562,3959,69.309849432640,1,17,79,17,d98eff244fefc670,1027.600,1137.400,17.500,0.600,0,1,377
3960,3960,69.327425199307,69.327429032640,2563,3960,69.327351532640,1,18,76,17,bdc392534c070aaf,1031.500,1132.800,16.900,0.300,0,1,379
3961,3961,69.344931232640,69.344935065973,2564,3961,69.344854065973,1,18,71,17,dff1d41d00e1a131,1005.800,1111.400,15.800,0.400,0,1,379
3962,3962,69.362433565973,69.362437399306,2565,3962,69.362356399306,1,18,70,17,6eeab24f914c5620,970.000,1165.600,15.500,0.500,0,1,376
3963,3963,69.379936065973,69.379939899306,2566,3963,69.379858899306,1,18,68,17,bffe6a2a6371c939,978.700,1108.800,15.100,0.500,0,1,377
3964,3964,69.397438632639,69.397442465973,2567,3964,69.397361465973,1,19,71,17,83e9783a9d899d8f,988.400,1108.100,15.700,0.400,0,1,376
3965,3965,69.414941065973,69.414944899306,2568,3965,69.414863899306,1,21,78,17,3684216f9e80c35a,994.400,1114.600,17.300,1.000,0,1,377
3966,3966,69.432443532639,69.432447365972,2569,3966,69.432366365972,1,22,76,17,c9e94cebc20b7fbc,1000.800,1125.100,16.900,1.000,0,1,375
3967,3967,69.449946365972,69.449950199306,2570,3967,69.449869199305,1,21,66,17,8124fd71b8cd0259,1000.500,1123.400,14.700,0.400,0,1,379
3968,3968,69.467448532639,69.467452365972,2571,3968,69.467371365972,1,23,86,17,f6692c93dded80bb,1005.800,1207.000,19.100,0.400,0,1,379
3969,3969,69.484948665972,69.484952499305,2572,3969,69.484873832638,1,22,84,17,a0907e58fe152313,1024.900,1129.400,18.600,0.500,0,1,380
3970,3970,69.502450999305,69.502454832638,2573,3970,69.502376165972,1,23,84,17,8fd795b3d9d87c27,990.400,1199.100,18.700,0.300,0,1,379
3971,3971,69.519953532638,69.519957365971,2574,3971,69.519878699305,1,23,82,16,19bf16efd3c71982,1014.800,1143.500,18.200,0.800,0,1,381
3972,3972,69.537456065971,69.537459899305,2575,3972,69.537381232638,1,25,96,15,6f65f2ab065ec231,996.500,1142.500,21.300,0.500,0,1,379
3973,3973,69.554958499304,69.554962332638,2576,3973,69.554883665971,1,24,73,15,311feee1f03c50a2,1079.100,1183.500,16.200,0.800,0,1,382
3974,3974,69.572460965971,69.572464799304,2577,3974,69.572386132638,1,25,64,15,47989243f432dc2d,1132.400,1132.800,14.200,0.700,0,1,384
3975,3975,69.589963865971,69.589967699304,2578,3975,69.589889032637,1,26,68,14,992139609d041eea,986.200,1143.600,15.100,0.600,0,1,386
3976,3976,69.607465832637,69.607469665971,2579,3976,69.607390999304,1,27,62,8,4c2c8d6924f2b8c8,981.300,1127.000,13.800,1.000,0,1,389
3977,3977,69.624968332637,69.624972165970,2580,3977,69.624893499304,1,28,61,6,329bb7cc1692aede,977.400,1136.100,13.500,0.500,0,1,394
3978,3978,69.642467365970,69.642471199304,2581,3978,69.642396032637,1,29,73,1,411370ca5bfdbf01,974.800,1151.200,16.200,0.500,0,1,395
3979,3979,69.659969899303,69.659973732637,2582,3979,69.659898565970,1,31,72,0,c3dc07259032b757,1016.800,1140.400,15.900,0.600,0,1,396
3980,3980,69.677472299303,69.677476132637,2583,3980,69.677400965970,1,29,62,0,c9792591ef77d6ed,998.500,1232.800,13.800,0.500,0,1,404
3981,3981,69.694974765970,69.694978599303,2584,3981,69.694903432636,1,29,79,0,a1f6d3dd663079e9,1017.700,1152.200,17.500,0.400,0,1,410
3982,3982,69.712477199303,69.712481032636,2585,3982,69.712405865970,1,31,81,0,01ac4dc059444897,1030.600,1206.100,18.000,0.800,0,1,411
3983,3983,69.729979999303,69.729983832636,2586,3983,69.729908665969,1,32,89,0,41dc3b27f64aca47,1004.900,1188.900,19.700,1.000,0,1,415
3984,3984,69.747482232636,69.747486065969,2587,3984,69.747410899303,1,33,89,0,1564ccc4aa626cf3,985.800,1214.200,19.800,0.500,0,1,422
3985,3985,69.764984565969,69.764988399302,2588,3985,69.764913232636,1,33,102,0,1d009d84f219f1e9,1070.900,1196.700,22.600,0.700,0,1,424
3986,3986,69.782491865969,69.782495699302,2589,3986,69.782415865969,1,31,93,0,1439a1915e7e2519,1009.200,1246.000,20.600,0.400,0,1,428
3987,3987,69.799994299302,69.799998132635,2590,3987,69.799918299302,1,31,88,0,9b0c9a0e6d978fef,980.200,1223.800,19.500,0.500,0,1,435
3988,3988,69.817496732635,69.817500565968,2591,3988,69.817420732635,1,32,95,0,41e4a931ba5a8d2c,987.000,1184.700,21.000,0.500,0,1,439
3989,3989,69.834999132635,69.835002965968,2592,3989,69.834923132635,1,31,80,0,dca2e65509c6404a,989.300,1187.100,17.800,0.400,0,1,446
3990,3990,69.852501632635,69.852505465968,2593,3990,69.852425632635,1,30,73,0,f86bcc2272fae6a9,973.800,1255.400,16.200,0.400,0,1,455
3991,3991,69.870006465968,69.870010299301,2594,3991,69.869928599301,1,31,84,0,6f2f9e68e354096d,973.300,1206.400,18.600,0.300,0,1,460
3992,3992,69.887508432634,69.887512265968,2595,3992,69.887430565968,1,30,84,0,6628ddb9992ce441,989.800,1234.100,18.600,0.400,0,1,468
3993,3993,69.905010965968,69.905014799301,2596,3993,69.904933099301,1,28,75,1,105537f09645c78f,1215.600,1360.600,16.600,0.700,0,1,478
3994,3994,69.922516499301,69.922520332634,2597,3994,69.922435599301,1,26,71,1,cef6b1d1340121ab,981.100,1306.900,15.700,0.600,0,1,487
3995,3995,69.940018932634,69.940022765967,2598,3995,69.939938032634,1,26,73,1,86ae22c5fc08df7c,987.600,1325.900,16.300,0.200,0,1,496
3996,3996,69.957521399300,69.957525232634,2599,3996,69.957440499300,1,26,76,1,6357f24e277c53cc,1006.700,1262.300,16.900,0.400,0,1,507
3997,3997,69.975023865967,69.975027699300,2600,3997,69.974942965967,1,26,76,1,4f4036f65ff7d294,984.000,1344.900,16.900,0.700,0,1,517
3998,3998,69.992528265967,69.992532099300,2601,3998,69.992445499300,1,29,103,1,f5c5aad0a38d9249,984.400,1308.600,22.800,0.600,0,1,521
3999,3999,70.010030932633,70.010034765967,2602,3999,70.009948165967,1,28,102,1,af63b701968bec11,1036.200,1299.900,22.600,0.500,0,1,528
4000,4000,70.027533099300,70.027536932633,2603,4000,70.027450332633,1,26,90,1,b9a07a86667db01e,1055.500,1298.000,20.000,0.300,0,1,535
4001,4001,70.045035665966,70.045039499300,2604,4001,70.044952899300,1,26,91,1,a6f6a9a94d59580f,1000.100,1309.900,20.200,1.000,0,1,545
4002,4002,70.062536999299,70.062540832633,2605,4002,70.062455399299,1,22,77,1,c3b3b8d7e54699d5,995.100,1311.000,17.000,1.000,0,1,555
4003,4003,70.080039432633,70.080043265966,2606,4003,70.079957832633,1,21,74,1,cad68664a5e5c296,987.800,1292.500,16.400,0.300,0,1,561
4004,4004,70.097541932632,70.097545765966,2607,4004,70.097460332632,1,22,80,1,fab9690219747be3,987.600,1387.900,17.700,0.400,0,1,564
4005,4005,70.115055565966,70.115059399299,2608,4005,70.114973965966,1,22,86,1,76423b114bfe9c03,992.100,1315.800,19.600,0.300,0,1,566
4006,4006,70.132546732632,70.132550565965,2609,4006,70.132465132632,1,22,83,1,96de2ef131f1551b,994.400,1329.800,18.400,0.400,0,1,570
4007,4007,70.150049699298,70.150053532632,2610,4007,70.149968099299,1,21,78,1,5119ce4c4b2932da,995.100,1324.600,17.300,0.400,0,1,575
4008,4008,70.167551832632,70.167555665965,2611,4008,70.167470232632,1,21,80,1,d5559d009a60cf87,1000.300,1325.000,17.700,0.400,0,1,578
4009,4009,70.185057899298,70.185061732631,2612,4009,70.184972565965,1,21,80,1,6f0f77ee8476facd,1033.200,1360.000,17.700,0.500,0,1,582
4010,4010,70.202561099298,70.202564932631,2613,4010,70.202475065965,1,18,76,1,5d8ff1a4c2a86c3b,993.000,1329.800,16.800,0.400,0,1,586
4011,4011,70.220065499298,70.220069332631,2614,4011,70.219977599298,1,20,87,1,bb69d825114bc394,1008.500,1382.500,19.300,0.500,0,1,586
4012,4012,70.237567899298,70.237571732631,2615,4012,70.237479999298,1,19,87,1,30fb2d59e2f01124,981.000,1324.800,25.900,0.400,0,1,589
4013,4013,70.255072232631,70.255076065964,2616,4013,70.254982465964,1,17,77,1,9db0f72f4bd5ec48,975.400,1429.900,17.000,0.600,0,1,592
4014,4014,70.272576532631,70.272580365964,2617,4014,70.272484899297,1,15,73,1,2b9cd6e59c37ed3f,1004.200,1351.000,16.200,0.300,0,1,593
4015,4015,70.290079465964,70.290083299297,2618,4015,70.289987832630,1,13,75,1,f2b6fe0d3c0b9711,974.600,1316.000,16.600,0.500,0,1,596
4016,4016,70.307583465964,70.307587299297,2619,4016,70.307489965964,1,14,76,1,6c721b502f78d2e1,973.800,1328.600,16.800,0.400,0,1,597
4017,4017,70.325085865963,70.325089699297,2620,4017,70.324992365963,1,15,79,5,0ea4df32a55257ea,1004.900,1332.400,17.500,0.400,0,1,600
4018,4018,70.342590232630,70.342594065963,2621,4018,70.342494865963,1,16,91,5,c1cf3d4739ec40ec,1023.700,1338.000,20.200,0.500,0,1,600
4019,4019,70.360094499296,70.360098332630,2622,4019,70.359997265963,1,16,91,5,cde056e6e11eaa8b,1018.500,1483.900,20.200,0.600,0,1,600
4020,4020,70.377596965963,70.377600799296,2623,4020,70.377499732630,1,14,81,5,aa11bb06c259af03,1034.800,1406.300,17.900,0.600,0,1,603
4021,4021,70.395099499296,70.395103332629,2624,4021,70.395002265963,1,13,82,5,4fb24cd888847411,978.000,1330.500,23.300,0.300,0,1,603
4022,4022,70.412603932629,70.412607765963,2625,4022,70.412504832629,1,16,136,5,337c71241d2dc553,1279.900,1571.400,30.100,0.500,0,1,601
4023,4023,70.430110499296,70.430114332629,2626,4023,70.430007665962,1,14,91,5,46ddc00a2f44c764,996.600,1565.800,20.400,0.700,0,1,601
4024,4024,70.447616232629,70.447620065962,2627,4024,70.447509665962,1,17,113,5,b5ff06a7cd0c1966,1017.400,1460.900,25.100,0.400,0,1,599
4025,4025,70.465118765962,70.465122599295,2628,4025,70.465012199295,1,18,106,5,7d2a978d75b3ec81,1046.300,1469.600,23.500,0.900,0,1,599
4026,4026,70.482630665962,70.482634499295,2629,4026,70.482514599295,1,14,77,0,1d6563366e9803f1,983.900,1256.400,17.000,0.800,0,1,531
4027,4027,70.500134965962,70.500138799295,2630,4027,70.500017032628,1,13,77,0,f3d45edc1cafcc4f,1030.500,1262.400,17.600,0.700,0,1,529
4028,4028,70.517639299295,70.517643132628,2631,4028,70.517519499295,1,11,63,0,d64f706659000f67,1022.400,1356.200,14.100,0.400,0,1,529
4029,4029,70.535145599295,70.535149432628,2632,4029,70.535022065961,1,11,56,0,577e79f4bf088050,1020.600,1225.300,12.400,0.500,0,1,527
4030,4030,70.552649899294,70.552653732628,2633,4030,70.552524499294,1,13,68,0,16cd0d173a0e0d51,992.500,1266.300,15.000,0.500,0,1,523
4031,4031,70.570154532628,70.570158365961,2634,4031,70.570027265961,1,12,62,0,daf334db8b7df1f3,981.500,1205.600,13.800,0.500,0,1,523
4032,4032,70.587656699294,70.587660532627,2635,4032,70.587529432627,1,11,61,0,a3b8c5ad620939df,1023.100,1255.700,13.500,0.400,0,1,524
4033,4033,70.605162932627,70.605166765961,2636,4033,70.605031932627,1,12,61,0,290fac38afdc4c99,1006.800,1244.100,58.700,0.600,0,1,522
4034,4034,70.622664165960,70.622667999294,2637,4034,70.622534332627,1,12,59,0,fe01146c04dfed9a,1004.900,1259.500,13.100,0.500,0,1,523
4035,4035,70.640172232627,70.640176065960,2638,4035,70.640036799294,1,11,48,0,765d805ff0069160,987.900,1300.900,10.700,0.600,0,1,523
4036,4036,70.657674732627,70.657678565960,2639,4036,70.657539299293,1,13,60,0,6950927cc87f73b1,1033.500,1235.800,13.300,0.500,0,1,521
4037,4037,70.675177232627,70.675181065960,2640,4037,70.675041799293,1,13,62,0,f3bb6294f8ae0abd,1012.100,1233.500,13.800,0.500,0,1,519
4038,4038,70.692681632626,70.692685465960,2641,4038,70.692544332626,1,13,61,0,23d727ed177dd94f,1043.600,1259.400,13.600,0.700,0,1,519
4039,4039,70.710188199293,70.710192032626,2642,4039,70.710047165960,1,12,60,0,99185b01a7269e38,1020.100,1229.400,13.300,0.800,0,1,519
4040,4040,70.727692165959,70.727695999293,2643,4040,70.727549265959,1,12,61,0,06bd4ae3ddac69b4,1004.500,1220.600,13.500,0.500,0,1,519
4041,4041,70.745196399293,70.745200232626,2644,4041,70.745051632626,1,11,55,0,03c60490a1b2b140,1005.500,1240.600,12.300,0.500,0,1,519
4042,4042,70.762698465959,70.762702299292,2645,4042,70.762554165959,1,11,53,0,bb8b5a622cfb31f6,989.000,1269.600,11.700,0.600,0,1,519
4043,4043,70.780202799292,70.780206632626,2646,4043,70.780056632626,1,11,48,0,c81518c568adb6dd,987.200,1189.900,10.700,0.300,0,1,517
4044,4044,70.797709065959,70.797712899292,2647,4044,70.797559165959,1,13,56,0,387f80dd3e3e30fc,989.100,1207.800,12.500,0.500,0,1,515
4045,4045,70.815213399292,70.815217232625,2648,4045,70.815061632625,1,14,61,0,ce321c119c896351,1018.100,1283.600,13.600,0.600,0,1,514
4046,4046,70.832717699292,70.832721532625,2649,4046,70.832564065958,1,14,60,0,5b0809b52cb8fb06,997.500,1266.800,13.500,0.400,0,1,514
4047,4047,70.850222265958,70.850226099292,2650,4047,70.850066765958,1,11,43,0,f14014986c09fc43,971.800,1279.100,9.600,0.400,0,1,515
4048,4048,70.867724565958,70.867728399291,2651,4048,70.867569065958,1,12,51,0,6c27282295c6af9c,1014.100,1196.000,11.400,0.500,0,1,514
4049,4049,70.885228832624,70.885232665958,2652,4049,70.885071465958,1,12,51,0,031d266b1ffc6ad7,1086.900,1227.000,11.300,0.600,0,1,514
4050,4050,70.902741132624,70.902744965958,2653,4050,70.902573965958,1,12,51,0,9f2d8ef926e380e7,1001.600,1216.600,11.300,1.100,0,1,514
4051,4051,70.920249199291,70.920253032624,2654,4051,70.920076432624,1,12,52,0,b3eda202f2597c95,991.300,1222.300,11.700,0.900,0,1,512
4052,4052,70.937751599291,70.937755432624,2655,4052,70.937578832624,1,9,43,0,7c3d3ab3cfd43849,1014.200,1294.900,9.600,0.600,0,1,511
4053,4053,70.955255932624,70.955259765957,2656,4053,70.955081299290,1,8,49,0,4d65d39df0e49429,999.100,1182.000,10.900,0.500,0,1,510
4054,4054,70.972758399290,70.972762232624,2657,4054,70.972583765957,1,9,54,0,935c47a400949919,994.500,1188.800,12.000,0.500,0,1,509
4055,4055,70.990261299290,70.990265132623,2658,4055,70.990086665957,1,6,36,0,07d86dbfc2d4b208,993.800,1177.700,8.000,1.000,0,1,509
4056,4056,71.007767065957,71.007770899290,2659,4056,71.007588699290,1,7,43,0,f8d2e68c6c709c40,987.500,1212.700,9.500,0.500,0,1,508
4057,4057,71.025271499290,71.025275332623,2660,4057,71.025091265956,1,8,49,0,599a9c1a5d0c1bde,1000.200,1247.100,10.900,1.000,0,1,507
4058,4058,71.042775832623,71.042779665956,2661,4058,71.042593732623,1,8,39,0,2b7993dfa593fe70,966.000,1192.200,8.700,0.300,0,1,506
4059,4059,71.060278232623,71.060282065956,2662,4059,71.060096132623,1,7,32,0,a3d8e3d617f6fbce,1035.900,1215.100,7.100,0.900,0,1,506
4060,4060,71.077782699289,71.077786532623,2663,4060,71.077598732623,1,7,40,0,39da9545ec862547,1034.900,1261.100,9.000,0.500,0,1,506
4061,4061,71.095290732622,71.095294565956,2664,4061,71.095101165956,1,6,35,0,d7352a8e6bc9ab46,982.900,1242.200,7.800,0.300,0,1,505
4062,4062,71.112808165956,71.112811999289,2665,4062,71.112614865956,1,6,33,0,ff9c4b01c95d6a82,986.200,1196.400,7.400,0.300,0,1,504
4063,4063,71.130299732622,71.130303565955,2666,4063,71.130106432622,1,7,39,0,9160263b49d9c4a5,982.300,1239.800,8.600,0.400,0,1,503
4064,4064,71.147803765955,71.147807599289,2667,4064,71.147608599289,1,6,37,0,d553bb28e58805f3,985.000,1234.600,8.300,0.400,0,1,502
4065,4065,71.165309932622,71.165313765955,2668,4065,71.165111032622,1,5,36,0,996af1bf10c073bb,977.300,1170.700,8.000,0.500,0,1,502
4066,4066,71.182811199288,71.182815032622,2669,4066,71.182613465955,1,6,37,0,12003589854a6d98,978.100,1189.700,8.200,0.400,0,1,500
4067,4067,71.200317399288,71.200321232621,2670,4067,71.200115932621,1,7,42,0,afe95dd1f7b1e818,1022.400,1175.600,9.400,0.500,0,1,497
4068,4068,71.217819932621,71.217823765954,2671,4068,71.217618465954,1,6,37,0,a285efaac22284e4,1042.900,1176.400,8.300,0.400,0,1,498
4069,4069,71.235322299288,71.235326132621,2672,4069,71.235120832621,1,5,25,0,54ed2204a3c286e1,1038.700,1166.500,5.600,0.500,0,1,499
4070,4070,71.252828499287,71.252832332621,2673,4070,71.252623299287,1,8,55,0,e2f7ea7a2c56ec27,967.600,1186.300,12.200,0.400,0,1,497
4071,4071,71.270331432621,71.270335265954,2674,4071,71.270126232621,1,10,63,0,c484bd14bba23da7,995.100,1229.100,14.000,0.300,0,1,496
4072,4072,71.287837199287,71.287841032620,2675,4072,71.287628265954,1,10,63,0,d68c5a05b00d1f1f,1002.900,1197.200,14.000,0.400,0,1,497
4073,4073,71.305350932620,71.305354765954,2676,4073,71.305130799287,1,8,48,0,88dfda07a384cdb5,967.200,1211.000,10.700,0.500,0,1,497
4074,4074,71.322854832620,71.322858665953,2677,4074,71.322633299287,1,8,46,0,244ba959e834c72b,995.200,1229.800,15.600,0.600,0,1,497
4075,4075,71.340357332620,71.340361165953,2678,4075,71.340135799287,1,8,49,0,edb678b569130292,1025.100,1253.300,10.900,0.600,0,1,496
4076,4076,71.357861632620,71.357865465953,2679,4076,71.357638232620,1,7,44,0,62a92b5cf5d8fb03,971.900,1170.000,9.700,0.500,0,1,496
4077,4077,71.375371532620,71.375375365953,2680,4077,71.375140665953,1,8,75,0,e889d08d7666d04f,1029.100,1198.500,16.600,0.400,0,1,494
4078,4078,71.392874065953,71.392877899286,2681,4078,71.392643199286,1,6,59,0,7769b6848d32e297,1011.700,1173.800,13.100,0.400,0,1,494
4079,4079,71.410380532619,71.410384365953,2682,4079,71.410145932619,1,8,73,0,df8f022d1989b8ae,1001.900,1183.400,16.200,0.500,0,1,492
4080,4080,71.427883199286,71.427887032619,2683,4080,71.427648065952,1,9,83,0,7076f4e1fd9f73d6,983.400,1190.900,18.400,0.900,0,1,491
4081,4081,71.445385699286,71.445389532619,2684,4081,71.445150565952,1,8,75,0,d754eb71f1587e79,1013.000,1242.700,16.600,0.500,0,1,491
4082,4082,71.462893032619,71.462896865952,2685,4082,71.462652999285,1,7,162,0,1a1ccf249c851d46,1008.600,1246.300,36.000,0.400,0,1,491
4083,4083,71.480399232619,71.480403065952,2686,4083,71.480155465952,1,8,170,0,ae47cd4990db5b75,991.300,1217.900,37.600,0.400,0,1,490
4084,4084,71.497903632618,71.497907465952,2687,4084,71.497657999285,1,11,202,0,8ca67ff309963c68,989.300,1224.000,44.800,0.400,0,1,486
4085,4085,71.515411699285,71.515415532618,2688,4085,71.515160465952,1,10,195,0,0629d8a99113ea4f,999.900,1246.100,43.200,0.400,0,1,486
4086,4086,71.532916032618,71.532919865951,2689,4086,71.532662932618,1,10,194,0,69b0f0c7981e69a1,1011.700,1197.800,43.000,0.300,0,1,484
4087,4087,71.550422665951,71.550426499284,2690,4087,71.550165832618,1,14,272,0,955396357e962763,997.700,1254.700,60.200,0.400,0,1,480
4088,4088,71.567928399284,71.567932232618,2691,4088,71.567667832618,1,13,260,0,c5b856f286d40bc4,968.400,1235.700,72.600,0.500,0,1,479
4089,4089,71.585430832617,71.585434665951,2692,4089,71.585170265951,1,13,259,0,11e5204d503af373,1134.000,1307.100,57.400,0.600,0,1,479
4090,4090,71.602937465951,71.602941299284,2693,4090,71.602672699284,1,12,246,0,2d4ba17e72956b5a,987.900,1190.000,54.400,0.400,0,1,479
4091,4091,71.620443732617,71.620447565950,2694,4091,71.620175232617,1,13,252,0,4b47e9c3a9cc0861,1024.500,1303.000,55.800,0.600,0,1,477
4092,4092,71.637946199284,71.637950032617,2695,4092,71.637677699284,1,10,222,0,0b7ed5dacd3256ee,983.300,1235.100,49.300,0.400,0,1,477
4093,4093,71.655450565950,71.655454399283,2696,4093,71.655180199283,1,12,246,0,3bd4f311a17219b9,980.200,1194.400,54.400,0.500,0,1,475
4094,4094,71.672956765950,71.672960599283,2697,4094,71.672682665950,1,12,242,0,eae8e73754f327e2,1074.300,1207.200,55.400,0.600,0,1,475
4095,4095,71.690459565950,71.690463399283,2698,4095,71.690185465950,1,13,250,0,c981d6a4be814c80,973.000,1188.900,55.300,0.500,0,1,473
4096,4096,71.707965365950,71.707969199283,2699,4096,71.707687532616,1,12,234,0,8cffed8ddafe2887,1013.900,1182.100,51.800,0.600,0,1,473
4097,4097,71.725462732616,71.725466565949,2700,4097,71.725190032616,1,13,231,0,23f15192b1f5dd24,967.300,1198.600,58.000,0.600,0,1,472
4098,4098,71.742968899283,71.742972732616,2701,4098,71.742692465949,1,15,262,0,4af6084665a97c81,980.000,1195.400,58.000,0.500,0,1,470
4099,4099,71.760473332616,71.760477165949,2702,4099,71.760195032616,1,12,249,0,ed96b5559e876ce1,994.200,1189.700,55.100,0.800,0,1,469
4100,4100,71.777977699282,71.777981532616,2703,4100,71.777697532616,1,12,246,0,c58fd094a5a87fb5,1012.200,1230.700,54.500,0.800,0,1,468
4101,4101,71.795483765949,71.795487599282,2704,4101,71.795199865949,1,11,231,0,d8f476772be6a73b,991.300,1190.400,51.700,0.500,0,1,468
4102,4102,71.812988165949,71.812991999282,2705,4102,71.812702399282,1,11,231,0,2ee24fa0d228d3df,1006.800,1453.400,51.100,0.800,0,1,468
4103,4103,71.830492899282,71.830496732615,2706,4103,71.830205265948,1,11,227,0,f069c98597140887,988.600,1204.100,50.200,0.600,0,1,468
4104,4104,71.847996932615,71.848000765948,2707,4104,71.847707432615,1,11,230,0,30d9cd4d22c0cf05,1003.300,1227.800,50.900,0.700,0,1,468
4105,4105,71.865500499281,71.865504332615,2708,4105,71.865209832615,1,11,235,0,f8c244cca4072d93,977.000,1180.000,52.100,0.400,0,1,468
4106,4106,71.883002999281,71.883006832614,2709,4106,71.882712332615,1,12,251,0,4a23f20eedeece22,992.600,1258.300,55.800,0.600,0,1,468
4107,4107,71.900505399281,71.900509232614,2710,4107,71.900214732614,1,12,251,0,8ce3ccc95e890fa7,1008.800,1312.400,55.700,0.600,0,1,469
4108,4108,71.918007832614,71.918011665947,2711,4108,71.917717165947,1,15,262,0,6deb15cbe3b193b8,981.900,1201.100,57.900,1.000,0,1,470
4109,4109,71.935510365947,71.935514199281,2712,4109,71.935219765947,1,15,269,0,56b4507b5c702fae,981.800,1220.200,59.600,0.500,0,1,470
4110,4110,71.953012732614,71.953016565947,2713,4110,71.952722132614,1,12,247,0,77dc4600ffc818de,987.800,1279.300,54.700,1.000,0,1,473
4111,4111,71.970517365947,71.970521199280,2714,4111,71.970224899280,1,12,249,0,365c4893b13e8b1f,995.400,1185.000,55.100,0.500,0,1,474
4112,4112,71.988019532613,71.988023365947,2715,4112,71.987727065947,1,12,249,0,ac8a895a54fb55bb,999.600,1193.200,55.100,0.600,0,1,475
4113,4113,72.005525565947,72.005529399280,2716,4113,72.005229599280,1,13,271,0,02f1f710f65f1169,982.000,1294.500,60.500,0.500,0,1,475
4114,4114,72.023028032613,72.023031865946,2717,4114,72.022732065946,1,12,258,0,c053aa04fceae28e,991.000,1210.700,57.100,0.600,0,1,478
4115,4115,72.040532399280,72.040536232613,2718,4115,72.040234565946,1,13,263,0,902be4e874e244af,973.000,1218.500,58.300,1.100,0,1,479
4116,4116,72.058034799279,72.058038632613,2719,4116,72.057736965946,1,10,195,0,fa0d72baf964f179,1021.600,1252.800,43.200,0.400,0,1,484
4117,4117,72.075537365946,72.075541199279,2720,4117,72.075239532613,1,10,197,0,ecb7591191031941,1005.100,1232.400,44.100,0.500,0,1,487
4118,4118,72.093039765946,72.093043599279,2721,4118,72.092741932612,1,5,59,0,f9bb2eabeb732f7d,1008.000,1172.900,13.100,0.500,0,1,494
4119,4119,72.110554032612,72.110557865946,2722,4119,72.110256199279,1,6,32,0,a8cd2fbde3bd7801,972.600,1190.200,7.100,0.500,0,1,496
4120,4120,72.128044765945,72.128048599279,2723,4120,72.127746932612,1,8,49,0,648e85ba09316fe8,998.800,1200.600,10.900,0.500,0,1,498
4121,4121,72.145544865945,72.145548699279,2724,4121,72.145249365945,1,10,67,0,78232a345efcdb0a,984.100,1198.500,14.800,0.500,0,1,498
4122,4122,72.163047299278,72.163051132612,2725,4122,72.162751799278,1,6,37,0,a0f5e33e8cafcdbb,970.600,1188.100,8.200,0.500,0,1,503
4123,4123,72.180549865945,72.180553699278,2726,4123,72.180254365945,1,8,49,0,fd71609e043cf5e0,984.000,1190.000,10.900,0.600,0,1,506
4124,4124,72.198052365945,72.198056199278,2727,4124,72.197756865945,1,7,40,0,8ba1b98625052b62,1010.100,1190.300,8.800,0.500,0,1,510
4125,4125,72.215554799278,72.215558632611,2728,4125,72.215259299278,1,11,55,0,541b1f5aa795ecb4,965.000,1193.300,12.200,0.500,0,1,514
4126,4126,72.233057199278,72.233061032611,2729,4126,72.232761699278,1,10,51,0,9261d72d222f37ad,965.300,1459.200,11.300,0.500,0,1,518
4127,4127,72.250559965944,72.250563799278,2730,4127,72.250264465944,1,13,56,0,e2018d270ea5ae47,982.900,1284.800,12.400,0.400,0,1,522
4128,4128,72.268062132611,72.268065965944,2731,4128,72.267766632611,1,13,60,0,375e844b69d71d8a,965.800,1224.900,13.300,0.400,0,1,526
4129,4129,72.285564632610,72.285568465944,2732,4129,72.285269132610,1,12,61,0,b038f82b996bfccc,1068.000,1281.400,13.500,0.500,0,1,532
4130,4130,72.303067132610,72.303070965944,2733,4130,72.302771632610,1,10,54,0,88f105a8d25799bd,1051.900,1237.400,12.000,0.500,0,1,535
4131,4131,72.320569599277,72.320573432610,2734,4131,72.320274099277,1,8,60,0,d4cad104d2bee2ef,997.900,1343.100,13.300,0.400,0,1,539
4133,4133,72.355572665943,72.355576499276,2735,4133,72.355279032610,1,10,70,0,5a0bb696d1011d7f,971.000,1254.100,15.500,0.400,0,1,554
4135,4135,72.390578032609,72.390581865943,2736,4135,72.390284399276,1,11,74,0,8330e561f6461727,993.300,1339.100,16.400,0.800,0,1,561
4137,4137,72.425577899276,72.425581732609,2737,4137,72.425288932609,1,10,69,0,54064b11bd73b497,1097.600,1354.800,15.400,0.700,0,1,573
4139,4139,72.460435432609,72.460439265942,2738,4139,72.460293932609,1,8,43,0,dc799e2fc1f3fca9,1000.800,1303.400,9.500,0.900,0,1,585
4140,4140,72.477937832609,72.477941665942,2739,4140,72.477796332609,1,8,42,0,ee5a525e1d1207c1,999.600,1328.800,9.400,0.500,0,1,589
4141,4141,72.495440232608,72.495444065942,2740,4141,72.495298732608,1,9,63,0,e57ffe09b63e1b29,1057.200,1356.300,14.000,0.500,0,1,598
4142,4142,72.512942799275,72.512946632608,2741,4142,72.512801299275,1,11,53,0,c2c191eef0691d5e,1069.400,1417.900,11.800,0.800,0,1,605
4143,4143,72.530445565941,72.530449399275,2742,4143,72.530304065941,1,11,57,0,47ef26ccb3ee2bb5,1003.000,1635.000,12.700,0.300,0,1,611
4144,4144,72.547947699275,72.547951532608,2743,4144,72.547806199275,1,11,70,0,4c1ffebe779e40b7,1098.000,1479.900,15.600,0.500,0,1,615
4145,4145,72.565452499274,72.565456332608,2744,4145,72.565308665941,1,9,62,0,4d53feda388c5c50,1011.800,1345.900,13.800,0.600,0,1,621
4146,4146,72.582954932608,72.582958765941,2745,4146,72.582811099274,1,11,47,0,bd962fd03046be43,995.000,1417.600,10.400,0.500,0,1,624
4147,4147,72.600457432607,72.600461265941,2746,4147,72.600313599274,1,8,45,0,9724d49a84397539,995.800,1352.200,10.000,0.500,0,1,632
4148,4148,72.617959899274,72.617963732607,2747,4148,72.617816065940,1,11,122,0,45d78303a0a1ce87,996.600,1384.600,27.000,0.300,0,1,633
4149,4149,72.635462465940,72.635466299274,2748,4149,72.635318632607,1,12,73,0,b23f11651d370891,1108.300,1378.300,16.200,0.400,0,1,635
4150,4150,72.652964865940,72.652968699273,2749,4150,72.652821032607,1,9,59,0,8d5af973fd286217,1039.100,1440.400,13.100,0.500,0,1,635
4151,4151,72.670467765940,72.670471599273,2750,4151,72.670323932607,1,9,68,2,d4507a7ae5a033c5,984.900,1386.000,15.100,0.400,0,1,631
4152,4152,72.687938099273,72.687941932606,2751,4152,72.687825999273,1,9,92,2,2048979cf651bf88,979.000,1362.200,20.500,0.300,0,1,612
4153,4153,72.705405632606,72.705409465940,2752,4153,72.705328532606,1,5,69,0,edaf039a84bb6fed,988.200,1280.800,15.300,0.400,0,1,566
4154,4154,72.722908099273,72.722911932606,2753,4154,72.722830999273,1,3,42,0,ad5deb6a27b42060,985.600,1286.500,9.300,0.500,0,1,561
4155,4155,72.740410499273,72.740414332606,2754,4155,72.740333399273,1,4,116,0,8c4079b0998e4146,1017.500,1347.400,25.800,0.400,0,1,539
4156,4156,72.757912965939,72.757916799272,2755,4156,72.757835865939,1,3,57,0,922438b364de84b0,990.800,1306.800,12.700,0.500,0,1,528
4157,4157,72.775415432606,72.775419265939,2756,4157,72.775338332606,1,1,3,0,fb0f26eea47b2875,1007.100,1259.400,0.700,0.500,0,1,521
4158,4158,72.792917865939,72.792921699272,2757,4158,72.792840765939,1,1,8,0,910eb8e3ce357ef5,1020.600,1267.500,1.800,0.900,0,1,511
4159,4159,72.810420632605,72.810424465939,2758,4159,72.810343532605,1,4,32,2,b2b9f8f26600f88d,988.800,1214.900,7.100,0.400,0,1,501
4160,4160,72.827922932605,72.827926765938,2759,4160,72.827845832605,1,8,125,21,705d5d0ca0ae3028,1004.000,1701.500,27.700,0.500,0,1,486
4161,4161,72.845425365938,72.845429199272,2760,4161,72.845348265938,1,15,191,56,b894781a6c5b7c96,984.500,1237.900,42.700,0.500,0,1,473
4162,4162,72.862918532605,72.862922365938,2761,4162,72.862850765938,1,20,194,86,b08b24a819a9acd2,995.800,1265.300,43.000,1.200,0,1,457
4163,4163,72.880420999271,72.880424832605,2762,4163,72.880353232605,1,31,321,133,57a833bed471f7f1,979.000,1249.300,71.100,0.400,0,1,439
4164,4164,72.897923365938,72.897927199271,2763,4164,72.897855599271,1,39,442,181,cfc7f7ebcce58e02,985.700,1361.600,97.800,0.500,0,1,428
4165,4165,72.915425799271,72.915429632604,2764,4165,72.915358032604,1,43,375,230,db6aa38a7abdfc90,1032.000,1315.200,83.000,0.400,0,1,415
4166,4166,72.932928365937,72.932932199271,2765,4166,72.932860599271,1,48,405,238,c11fb7700034797c,1015.400,1243.200,89.600,0.500,0,1,401
4167,4167,72.950431299270,72.950435132604,2766,4167,72.950363532604,1,54,455,233,02abb3efc0eec8b6,994.800,1287.000,100.800,0.500,0,1,385
4168,4168,72.967933232604,72.967937065937,2767,4168,72.967865465937,1,48,393,263,b560bd1fb3a36bb1,988.500,1235.300,87.000,0.500,0,1,384
4169,4169,72.985464765937,72.985468599270,2768,4169,72.985368032603,1,44,252,221,a50281ae271502dd,1031.700,1208.200,55.800,0.600,0,1,379
4170,4170,73.002954132603,73.002957965937,2769,4170,73.002870465937,1,41,231,225,340a5460b48294b6,1009.600,1181.800,51.200,0.400,0,1,375
4171,4171,73.020454332603,73.020458165936,2770,4171,73.020372999270,1,40,209,209,c11d0bcb31c59a4d,989.600,1165.300,46.300,0.300,0,1,371
4172,4172,73.037956732603,73.037960565936,2771,4172,73.037875399270,1,37,200,181,652ed8e77c4227da,1051.100,1208.900,44.300,0.600,0,1,364
4173,4173,73.055459132603,73.055462965936,2772,4173,73.055377799269,1,34,199,175,8006615511463383,1306.100,1327.100,44.600,0.500,0,1,358
4174,4174,73.072961599269,73.072965432603,2773,4174,73.072880265936,1,33,188,138,43962248e2b2bb3c,1206.600,1153.200,41.600,0.500,0,1,347
4175,4175,73.090464532602,73.090468365936,2774,4175,73.090383199269,1,33,216,131,012d7ef137d83a68,1015.900,1207.900,48.200,0.400,0,1,338
4176,4176,73.107970899269,73.107974732602,2775,4176,73.107897299269,1,28,191,85,6c7d4f547fa4cf1d,1048.700,1218.200,42.300,0.400,0,1,334
4177,4177,73.125461332602,73.125465165935,2776,4177,73.125387732602,1,25,202,85,04548e6e81cafe36,966.100,1170.100,44.800,0.500,0,1,331
4178,4178,73.142963865935,73.142967699269,2777,4178,73.142890265935,1,23,189,46,d2c5653d02639164,1115.100,1200.700,41.900,0.500,0,1,325
4179,4179,73.160467532602,73.160471365935,2778,4179,73.160392765935,1,20,185,46,bec43854c8607769,984.200,1110.200,42.300,0.400,0,1,318
4180,4180,73.177969899268,73.177973732602,2779,4180,73.177895132602,1,16,128,6,70ec9965351f2d8c,976.800,1056.300,28.400,0.400,0,1,313
4181,4181,73.195472365935,73.195476199268,2780,4181,73.195397599268,1,14,131,6,92dd7ae475d0e939,993.100,1048.400,29.100,0.900,0,1,309
4182,4182,73.212974832601,73.212978665935,2781,4182,73.212900065935,1,13,124,2,5237f9512e7819d4,976.600,1055.600,27.500,0.400,0,1,309
4183,4183,73.230477732601,73.230481565934,2782,4183,73.230402965934,1,12,59,2,2637a801c843a614,974.000,1101.000,13.100,0.700,0,1,313
4184,4184,73.247979899268,73.247983732601,2783,4184,73.247905132601,1,15,89,2,36a9f2db2d1b8129,1031.000,1032.600,19.800,0.700,0,1,307
4185,4185,73.265482365934,73.265486199267,2784,4185,73.265407599267,1,9,62,0,60cca77619a1c1e9,1099.500,1112.700,13.800,0.500,0,1,310
4186,4186,73.282984699267,73.282988532600,2785,4186,73.282909932601,1,7,62,0,38bfda1fa7be3cb9,980.800,1019.500,13.800,0.300,0,1,308
4187,4187,73.300487265934,73.300491099267,2786,4187,73.300412499267,1,8,56,0,3e6aba9b6fb0fa46,1001.700,1005.500,12.400,0.500,0,1,309
4188,4188,73.317991999267,73.317995832600,2787,4188,73.317914899267,1,13,65,0,91907af628eac28b,986.300,1032.800,14.500,0.700,0,1,306
4189,4189,73.335494432600,73.335498265933,2788,4189,73.335417332600,1,12,77,0,b23645f259a64a64,1001.400,1031.900,17.000,0.600,0,1,304
4190,4190,73.352996965933,73.353000799266,2789,4190,73.352919865933,1,12,99,0,d9941d3b3d6f1582,1039.700,1020.300,22.000,0.400,0,1,303
4191,4191,73.370452965933,73.370465632600,2790,4191,73.370422632600,1,10,72,0,ce6e2e4d5cdf87ca,991.400,1031.000,16.000,0.400,0,1,310
4192,4192,73.388001799266,73.388005899266,2791,4192,73.387924799266,1,14,100,0,670ec3c6a2281d0e,983.100,1035.500,22.100,0.500,0,1,304
4193,4193,73.405504365933,73.405508465933,2792,4193,73.405427365933,1,9,60,0,aefa81b9c48130eb,1028.800,1076.000,13.400,1.700,0,1,311
4194,4194,73.423006699266,73.423010799266,2793,4194,73.422929699266,1,13,102,0,a9adde606360ecd9,1010.700,1044.200,22.600,0.500,0,1,318
4195,4195,73.440509199266,73.440513299266,2794,4195,73.440432199266,1,12,105,0,541e026a834498bb,1000.400,1060.300,23.200,0.600,0,1,320
4196,4196,73.458011632599,73.458015732599,2795,4196,73.457934632599,1,12,93,0,f7066743e73a339b,980.600,1027.000,20.600,0.500,0,1,319
4197,4197,73.475516699265,73.475520799265,2796,4197,73.475437132599,1,12,94,0,2af35ddbbb8fa18d,965.600,1024.700,20.900,0.400,0,1,314
4198,4198,73.493019299265,73.493023399265,2797,4198,73.492939732598,1,11,75,0,e4871125a497053b,985.300,1015.100,16.700,0.300,0,1,315
4199,4199,73.510522099265,73.510526199265,2798,4199,73.510442532598,1,10,83,0,b637f7328b05f2ed,984.400,1026.800,18.400,0.400,0,1,319
4200,4200,73.528024165931,73.528028265931,2799,4200,73.527944599265,1,10,79,0,0f8787d4ab4478f4,991.800,1106.600,17.600,0.500,0,1,323
4201,4201,73.545526665931,73.545530765931,2800,4201,73.545447099265,1,11,88,0,a57ecb05bbce8fcb,965.500,1036.500,19.500,0.200,0,1,323
4202,4202,73.563028332598,73.563032432598,2801,4202,73.562949465931,1,9,67,0,e190ccdf92633bbf,1106.400,1052.800,14.900,0.500,0,1,323
4203,4203,73.580530799264,73.580534899264,2802,4203,73.580451932598,1,9,65,0,e81eb8c90c5bf6a1,1004.400,1038.700,14.400,0.500,0,1,322
4205,4205,73.615535099264,73.615539199264,2803,4205,73.615456932597,1,10,72,0,fe7cbd841fb3d376,978.600,1052.800,16.000,0.500,0,1,322
4206,4206,73.633037799264,73.633041899264,2804,4206,73.632959399264,1,13,87,0,6378d70efd74b5e0,1058.600,1043.200,19.300,0.400,0,1,321
4207,4207,73.650540599263,73.650544699263,2805,4207,73.650462199264,1,11,84,0,e13184cd9de0ba7b,990.800,1039.200,24.900,0.600,0,1,323
4208,4208,73.668042865930,73.668046965930,2806,4208,73.667964465930,1,11,84,0,7410e088611f47ee,977.800,1043.500,18.600,1.000,0,1,323
4209,4209,73.685545199263,73.685549299263,2807,4209,73.685466799263,1,10,48,0,d04d57de6891a36c,1014.000,1059.000,10.600,0.400,0,1,324
4210,4210,73.702999732596,73.703012399263,2808,4210,73.702969399263,1,11,65,0,8aaa37117113fcff,1011.900,1042.800,14.400,0.400,0,1,324
4211,4211,73.720549565929,73.720553665929,2809,4211,73.720471865929,1,11,71,0,34d34b25a6087a17,983.400,1092.400,15.900,0.500,0,1,325
4212,4212,73.738051999263,73.738056099263,2810,4212,73.737974299263,1,12,73,0,54e232a9d3f79100,977.200,1076.700,16.200,0.400,0,1,326
4213,4213,73.755554399262,73.755558499262,2811,4213,73.755476699262,1,10,58,0,de7c9e104c223eaa,989.500,1102.400,12.900,0.600,0,1,328
4214,4214,73.773056865929,73.773060965929,2812,4214,73.772979165929,1,10,58,0,b80a1a2094f58d7c,1026.100,1110.500,13.000,0.600,0,1,328
4215,4215,73.790561065929,73.790565165929,2813,4215,73.790482199262,1,10,58,0,be27cfaba310c204,1014.400,1048.000,12.900,0.500,0,1,328
4216,4216,73.808062999262,73.808067099262,2814,4216,73.807984132595,1,10,58,0,ab57f71ea33ae16d,982.400,1040.400,12.800,0.400,0,1,328
4217,4217,73.825565499262,73.825569599262,2815,4217,73.825486632595,1,10,58,0,ee4c296d1c95a2d9,1020.700,1043.500,12.800,0.700,0,1,328
4218,4218,73.843067965928,73.843072065928,2816,4218,73.842989099262,1,11,58,0,7a2485717e02e3e4,964.800,1050.500,12.900,0.500,0,1,328
4219,4219,73.860570399261,73.860574499261,2817,4219,73.860491532595,1,11,58,0,b3ab971bb02e4a4a,996.900,1140.500,12.900,0.400,0,1,328
4220,4220,73.878072865928,73.878076965928,2818,4220,73.877993999261,1,12,60,2,eef78eea86013ab9,1031.500,1100.100,13.300,1.100,0,1,329
4221,4221,73.895575365928,73.895579465928,2819,4221,73.895496499261,1,12,60,2,20f50eb9fd81c2c2,989.100,1144.600,13.400,0.400,0,1,330
4222,4222,73.913077932594,73.913082032594,2820,4222,73.912999065928,1,12,67,2,ada55760c0e3c2a3,997.200,1073.300,15.400,1.100,0,1,329
4223,4223,73.930580599261,73.930584699261,2821,4223,73.930501732594,1,14,66,2,dc394e4a7b7e6014,986.400,1051.000,14.700,0.300,0,1,330
4224,4224,73.948085065927,73.948089165927,2822,4224,73.948003865927,1,15,50,2,558def501989f814,1009.300,1092.200,11.100,0.300,0,1,330
4225,4225,73.965587665927,73.965591765927,2823,4225,73.965506465927,1,15,65,2,9a521011e14687bc,993.300,1089.600,14.400,0.400,0,1,329
4226,4226,73.983039299260,73.983051965927,2824,4226,73.983008965927,1,15,54,2,b93f70b5e52ea6f4,1052.600,1078.100,12.000,0.500,0,1,328
4227,4227,74.000541732593,74.000554399260,2825,4227,74.000511399260,1,18,60,6,1f98d9508f10c2a2,1069.200,1144.600,13.300,0.500,0,1,328
4228,4228,74.018095065926,74.018099165926,2826,4228,74.018013865926,1,17,55,6,2a36c93a105617eb,1048.200,1081.100,12.200,0.400,0,1,328
4229,4229,74.035597432593,74.035601532593,2827,4229,74.035516232593,1,22,93,6,c2eb6f83937b82a2,1015.500,1067.800,20.600,0.400,0,1,326
4230,4230,74.053099899259,74.053103999259,2828,4230,74.053018699259,1,21,91,6,33f468bdc6a4d0f8,1062.100,1068.600,20.300,0.300,0,1,330
4231,4231,74.070602065926,74.070606165926,2829,4231,74.070521565926,1,21,91,6,afe10c41e948791a,1001.600,1097.500,20.100,0.400,0,1,330
4232,4232,74.088104099259,74.088108199259,2830,4232,74.088023599259,1,22,93,8,28d09cb7cfd6030f,1001.500,1099.700,20.600,0.500,0,1,331
4233,4233,74.105619099259,74.105623199259,2831,4233,74.105537432592,1,26,133,48,7035742ce91e021a,1042.900,1193.100,29.400,0.500,0,1,331
4234,4234,74.123058899259,74.123071565925,2832,4234,74.123028565925,1,26,95,48,5bca61d2d68aba81,995.600,1085.100,21.000,0.700,0,1,333
4235,4235,74.140561465925,74.140574132592,2833,4235,74.140531132592,1,27,101,48,23062603857995c4,970.400,1088.300,22.400,0.500,0,1,331
4236,4236,74.158115299258,74.158119399258,2834,4236,74.158033632592,1,28,119,48,490356a5abde7018,1013.700,1119.400,26.400,0.500,0,1,333
4237,4237,74.175617699258,74.175621799258,2835,4237,74.175536032592,1,27,100,48,f97984c7dc5e9cfb,987.400,1101.000,22.200,0.400,0,1,337
4238,4238,74.193068765925,74.193081432591,2836,4238,74.193038432591,1,30,129,48,b27d12cca44d0b6e,980.700,1092.600,28.500,0.500,0,1,334
4239,4239,74.210622965925,74.210627065925,2837,4239,74.210541299258,1,28,112,66,b4fdc082827c30fe,976.300,1108.100,24.800,0.400,0,1,339
4240,4240,74.228125099258,74.228129199258,2838,4240,74.228043432591,1,30,126,66,b0b66f093318e553,1011.800,1126.200,27.900,0.500,0,1,339
4242,4242,74.263078665924,74.263091299257,2839,4242,74.263048332591,1,33,175,108,8520696423349fdd,978.000,1126.100,38.700,0.700,0,1,337
4243,4243,74.280634032591,74.280638132591,2840,4243,74.280550832591,1,33,151,110,4dfcb96be7d312e9,1043.900,1110.100,33.400,0.500,0,1,338
4244,4244,74.298083699257,74.298096365924,2841,4244,74.298053365924,1,34,151,110,e29a4a8c16a050d9,992.800,1112.800,33.400,0.400,0,1,337
4245,4245,74.315636365924,74.315640465924,2842,4245,74.315555865924,1,33,147,110,405809f4a072e361,968.200,1118.300,32.600,0.400,0,1,338
4246,4246,74.333088632590,74.333101299257,2843,4246,74.333058299257,1,39,197,110,fa6c0c602e88860f,977.000,1146.500,43.600,0.600,0,1,339
4247,4247,74.350641665923,74.350645765923,2844,4247,74.350561165923,1,40,234,110,d75dc3b71f549f58,1168.500,1207.300,51.800,0.600,0,1,347
4248,4248,74.368093532590,74.368106099256,2845,4248,74.368063199256,1,45,336,184,cd2b226cb6af4dcd,992.900,1193.200,74.300,0.500,0,1,358
4249,4249,74.385646199256,74.385650299256,2846,4249,74.385565699256,1,50,391,238,e734ab67bd5520d6,997.200,1225.600,87.300,0.500,0,1,374
4250,4250,74.403098565923,74.403111232589,2847,4250,74.403068232589,1,48,375,238,54113d06c79c9a5b,986.400,1246.800,83.000,1.200,0,1,398
4251,4251,74.420652365922,74.420656465922,2848,4251,74.420570699256,1,51,421,242,0d2a93f7731209dd,975.200,1297.200,93.200,0.500,0,1,414
4252,4252,74.438103499256,74.438116165922,2849,4252,74.438073165922,1,49,354,242,99b0400b1bdd7e40,1003.900,1385.400,78.400,0.400,0,1,426
4253,4253,74.455605865922,74.455618432589,2850,4253,74.455575532589,1,45,318,279,fe77801c499a5b5c,1034.800,1311.300,70.500,0.400,0,1,438
4254,4254,74.473108432589,74.473121099255,2851,4254,74.473078099255,1,43,293,279,431e5f35c7e5bc0f,1035.800,1327.600,64.800,0.500,0,1,443
4255,4255,74.490662532588,74.490666632588,2852,4255,74.490580865922,1,46,318,287,82a5a71e5364b024,1026.100,1301.700,70.400,0.500,0,1,447
4256,4256,74.508113399255,74.508125965922,2853,4256,74.508083065922,1,50,378,326,d607420528193d2b,969.200,1344.500,83.700,0.500,0,1,451
4257,4257,74.525673199255,74.525677299255,2854,4257,74.525585532588,1,50,403,344,84e12c7c8bdab241,972.900,1332.100,89.200,0.400,0,1,460
4258,4258,74.543181599255,74.543185699255,2855,4258,74.543087932588,1,51,485,360,45c15a1c32544ff7,984.600,1344.900,107.300,1.000,0,1,472
4259,4259,74.560683999254,74.560688099254,2856,4259,74.560590332588,1,49,422,368,5b6e5766eb731230,995.400,1390.900,93.400,0.600,0,1,480
4260,4260,74.578209065921,74.578213165921,2857,4260,74.578092899254,1,8,113,40,672bd06307a24172,1000.700,1391.600,25.100,0.400,0,1,483
4261,4261,74.595715465921,74.595719565921,2858,4261,74.595595299254,1,11,209,44,cfcfaaafec2a89e7,998.300,1355.300,46.300,0.500,0,1,483
4262,4262,74.613232099254,74.613235932587,2859,4262,74.613097832587,1,9,144,60,ce6649e83d7602a5,990.200,1300.800,31.900,0.500,0,1,483
4263,4263,74.630739065920,74.630742899254,2860,4263,74.630600799254,1,11,151,68,7d7208f6a3bc1a49,1014.100,1270.900,33.400,0.600,0,1,483
4264,4264,74.648242999254,74.648246832587,2861,4264,74.648102732587,1,15,259,88,6d9edb9587bf3bee,991.400,1279.600,57.300,0.400,0,1,480
4265,4265,74.665747499253,74.665751332587,2862,4265,74.665605232587,1,12,172,88,53e7ede551ac8e37,1020.300,1221.400,38.100,0.500,0,1,478
4267,4267,74.700774465920,74.700778299253,2863,4267,74.700610199253,1,23,304,124,572e2820823e2ced,986.900,1344.700,67.200,0.500,0,1,478
4268,4268,74.718276999253,74.718280832586,2864,4268,74.718112732586,1,26,334,132,1080b9d1ec22bb44,988.200,1306.400,73.900,0.500,0,1,501
4269,4269,74.735784832586,74.735788665919,2865,4269,74.735615065919,1,30,288,136,663d050c7705bb43,994.400,1408.300,70.100,0.600,0,1,522
4270,4270,74.753287365919,74.753291199252,2866,4270,74.753117599252,1,26,265,152,43cd1eb756e89745,998.900,1473.400,58.700,0.700,0,1,541
4271,4271,74.770794199252,74.770798032586,2867,4271,74.770620432586,1,28,283,160,61064d5798c991d9,1089.800,1339.000,62.700,0.300,0,1,557
4272,4272,74.788298332585,74.788302165919,2868,4272,74.788122565919,1,29,285,160,0cceabb425a806e0,964.300,1382.300,63.100,0.400,0,1,565
4273,4273,74.805800832585,74.805804665919,2869,4273,74.805625065919,1,36,371,187,d546fa680ac14890,1025.900,1382.900,82.100,0.500,0,1,573
4274,4274,74.823303199252,74.823307032585,2870,4274,74.823127432585,1,41,396,187,5a35ec0c3c12b86b,982.300,1467.600,87.600,0.600,0,1,579
4275,4275,74.840809699252,74.840813532585,2871,4275,74.840629932585,1,44,427,199,d93f72ec87946fc8,1014.000,1441.800,94.900,0.600,0,1,586
4276,4276,74.858312165918,74.858315999251,2872,4276,74.858132399251,1,48,467,223,b75b320cb42ed5a7,977.500,1427.400,103.400,0.400,0,1,590
4277,4277,74.875816765918,74.875820599251,2873,4277,74.875634999251,1,47,465,223,8de2aea2ae00666e,973.500,1418.600,102.900,0.300,0,1,592
4278,4278,74.893324699251,74.893328532584,2874,4278,74.893137432584,1,49,475,223,683007f738f5ec39,969.100,1448.000,105.100,0.500,0,1,591
4279,4279,74.910827499251,74.910831332584,2875,4279,74.910640232584,1,47,450,223,e661eaf7a292de9b,993.700,1426.700,99.600,0.400,0,1,592
4280,4280,74.928331665917,74.928335499251,2876,4280,74.928142399251,1,42,405,223,e2f1fb0ea4027307,987.900,1491.000,89.700,0.500,0,1,592
4281,4281,74.945833999251,74.945837832584,2877,4281,74.945644732584,1,40,390,231,a5f86e22ab93ef3f,1007.700,1413.500,86.300,0.500,0,1,588
4282,4282,74.963336599250,74.963340432584,2878,4282,74.963147332584,1,39,371,231,b9aef03768b8ab4d,985.300,1380.000,82.100,0.500,0,1,578
4283,4283,74.980840932584,74.980844765917,2879,4283,74.980649665917,1,35,366,235,9b1cab7072cf3b55,992.800,1381.500,81.000,0.400,0,1,575
4284,4284,74.998343432583,74.998347265917,2880,4284,74.998152165917,1,36,423,235,001fba5e3a48ee85,984.500,1382.200,93.600,0.500,0,1,566
4285,4285,75.015845899250,75.015849732583,2881,4285,75.015654632583,1,37,421,235,01d7d12bba69bd0b,1005.300,1385.700,93.200,0.500,0,1,560
4286,4286,75.033348365916,75.033352199250,2882,4286,75.033157099250,1,41,496,235,a8c31a90d13f1a30,998.800,1426.100,157.000,0.700,0,1,551
4287,4287,75.050851232583,75.050855065916,2883,4287,75.050659965916,1,39,433,235,9ded3c00df016949,1014.900,1452.400,95.800,0.600,0,1,541
4288,4288,75.068350599249,75.068354432583,2884,4288,75.068162132583,1,43,426,256,e39b0c6951890a37,1019.200,1423.200,94.300,0.400,0,1,530
4289,4289,75.085852965916,75.085856799249,2885,4289,75.085664499249,1,41,384,265,822b4023c5df2a28,977.300,1349.100,85.000,0.300,0,1,521
4290,4290,75.103368832582,75.103372665916,2886,4290,75.103178365916,1,38,403,265,a6f009852110c843,974.800,1346.800,89.200,0.500,0,1,513
4291,4291,75.120860032582,75.120863865915,2887,4291,75.120669565915,1,35,344,265,b079734383a9bb81,1108.900,1321.700,76.200,0.500,0,1,509
4292,4292,75.138362432582,75.138366265915,2888,4292,75.138171965915,1,41,422,265,b1ef36dbda96bcb1,1014.000,1344.600,93.400,0.400,0,1,496
4293,4293,75.155868865915,75.155872699248,2889,4293,75.155674399248,1,42,423,281,008d231c91007a84,1013.300,1354.500,93.600,0.600,0,1,495
4294,4294,75.173371465915,75.173375299248,2890,4294,75.173176999248,1,39,431,281,8470ed0d4c8ff26b,994.200,1318.900,101.800,1.500,0,1,492
4295,4295,75.190874232581,75.190878065915,2891,4295,75.190679765915,1,43,481,281,ff78d8f4511df1ac,991.900,1340.800,107.100,0.400,0,1,488
4296,4296,75.208378299248,75.208382132581,2892,4296,75.208181832581,1,38,434,281,c3e8ee2e8765d130,1019.100,1465.000,130.200,0.700,0,1,486
4297,4297,75.225886565914,75.225890399248,2893,4297,75.225684265914,1,41,498,281,9b245335170f82c3,1056.500,1361.600,110.200,0.700,0,1,481
4298,4298,75.243389065914,75.243392899248,2894,4298,75.243186765914,1,38,479,281,8d7f95706502ce28,991.000,1323.000,106.000,0.700,0,1,482
4299,4299,75.260893665914,75.260897499247,2895,4299,75.260689365914,1,36,440,305,24f40bb314ddb828,1011.200,1322.300,97.400,0.600,0,1,484
4300,4300,75.278396099247,75.278399932581,2896,4300,75.278191799247,1,36,438,305,4e440f50282d9707,974.400,1335.800,96.900,0.800,0,1,484
4301,4301,75.295900599247,75.295904432580,2897,4301,75.295694299247,1,35,417,305,a0d1b84b0af17323,996.400,1412.700,92.300,0.600,0,1,484
4302,4302,75.313405032580,75.313408865914,2898,4302,75.313196732580,1,35,391,305,5cbb7c90886ed26e,975.600,1317.800,86.500,0.400,0,1,483
4303,4303,75.330907699247,75.330911532580,2899,4303,75.330699399247,1,36,396,313,2bc6604d336006ed,991.700,1319.800,87.700,0.600,0,1,484
4304,4304,75.348411999247,75.348415832580,2900,4304,75.348201699247,1,34,360,313,f7b684dd5144b22e,986.000,1392.300,79.700,0.500,0,1,486
4305,4305,75.365914465913,75.365918299246,2901,4305,75.365704165913,1,36,355,328,02d12fde48265469,986.100,1312.600,78.500,0.400,0,1,485
4306,4306,75.383418565913,75.383422399246,2902,4306,75.383206599246,1,36,408,328,a165100f6cf16494,983.300,1318.100,90.300,0.900,0,1,484
4307,4307,75.400920999246,75.400924832579,2903,4307,75.400709032579,1,37,446,328,a550b9c465434218,995.200,1368.100,98.700,1.000,0,1,483
4308,4308,75.418278199246,75.418282032579,2904,4308,75.418211599246,1,39,475,351,602bda8237177ae3,967.400,1333.900,105.100,0.400,0,1,484
4309,4309,75.435780532579,75.435784365912,2905,4309,75.435713932579,1,40,486,351,3025f13b089a2fee,994.200,1382.600,107.600,0.800,0,1,483
4310,4310,75.453427665912,75.453431499245,2906,4310,75.453216399245,1,40,439,385,d7e40e004a447c32,986.800,1302.200,97.200,0.400,0,1,484
4311,4311,75.470930599245,75.470934432579,2907,4311,75.470719332579,1,41,465,385,974d87e05af4bc39,975.000,1313.100,103.000,0.600,0,1,479
4312,4312,75.488416665912,75.488420499245,2908,4312,75.488221399245,1,40,431,385,293ef3eda7476c7c,972.400,1297.600,95.400,0.500,0,1,478
4313,4313,75.505919199245,75.505923032578,2909,4313,75.505723932578,1,41,508,374,cb11ddcaf31f0269,966.400,1318.200,112.400,0.400,0,1,471
4314,4314,75.523421632578,75.523425465911,2910,4314,75.523226365911,1,43,479,382,6b3fa4aba322639a,997.200,1353.500,106.000,0.400,0,1,461
4315,4315,75.540924065911,75.540927899245,2911,4315,75.540728799245,1,42,405,382,149e6d87699e620a,1150.900,1314.000,89.700,0.800,0,1,453
4316,4316,75.558324499244,75.558328599244,2912,4316,75.558231332578,1,44,418,382,ed3c2f040ccd99cb,1078.700,1346.300,92.500,0.700,0,1,449
4317,4317,75.575820865911,75.575824965911,2913,4317,75.575733699244,1,42,406,382,a632f9de9894389d,1008.400,1274.400,89.800,0.400,0,1,445
4318,4318,75.593323365911,75.593327465911,2914,4318,75.593236199244,1,44,418,382,3473921800ad8ddf,983.600,1295.300,92.500,0.400,0,1,435
4319,4319,75.610826232577,75.610830332577,2915,4319,75.610739065911,1,49,504,390,085d2a3710ae2f95,1142.300,1302.400,111.500,0.500,0,1,430
4320,4320,75.628328365910,75.628332465910,2916,4320,75.628241199244,1,53,542,390,5162a7fca239fc13,992.800,1295.600,119.900,0.600,0,1,413
4321,4321,75.645830832577,75.645834932577,2917,4321,75.645743665910,1,51,474,390,398a61f67b8dbae3,999.900,1234.500,104.900,0.400,0,1,393
4322,4322,75.663333365910,75.663337465910,2918,4322,75.663246199243,1,51,514,390,200056ba43ca1826,975.300,1311.700,121.000,0.600,0,1,376
4323,4323,75.680835732577,75.680839832577,2919,4323,75.680748565910,1,54,500,390,066b727378758d1c,1036.600,1200.300,110.700,0.300,0,1,363
4324,4324,75.698336232576,75.698340332576,2920,4324,75.698251065910,1,52,477,398,e4a1b34029a3b876,997.400,1190.400,105.600,0.400,0,1,357
4325,4325,75.715838732576,75.715842832576,2921,4325,75.715753565910,1,46,426,399,f80b9ec318cb143f,984.600,1170.100,94.300,0.500,0,1,364
4326,4326,75.733341165909,75.733345265909,2922,4326,75.733255999243,1,47,441,415,3b88466a37670434,975.100,1181.900,97.600,0.400,0,1,363
4327,4327,75.750841799242,75.750845899242,2923,4327,75.750758965909,1,51,464,423,705cbc8db0a9ac2f,1026.300,1248.000,103.300,0.400,0,1,366
4328,4328,75.768343832576,75.768347932576,2924,4328,75.768260999242,1,57,494,435,489571ee7cc53fed,1024.700,1241.800,109.600,0.700,0,1,363
4329,4329,75.785846332575,75.785850432575,2925,4329,75.785763499242,1,54,490,435,03b1e17678ee59e3,989.900,1205.100,108.700,0.500,0,1,358
4330,4330,75.803348699242,75.803352799242,2926,4330,75.803265865909,1,56,522,435,bb0fa75add12463d,1054.600,1203.200,116.100,0.700,0,1,358
4331,4331,75.820851232575,75.820855332575,2927,4331,75.820768399242,1,56,545,459,52350debb9f2e004,982.300,1263.300,120.700,0.400,0,1,358
4332,4332,75.838353665908,75.838357765908,2928,4332,75.838270832575,1,56,545,467,5e7c02b7b5ef4f3c,1000.100,1187.300,120.600,0.400,0,1,355
4333,4333,75.855856132575,75.855860232575,2929,4333,75.855773299241,1,57,544,467,4b5a81cbbc0bce04,990.100,1211.000,120.400,0.800,0,1,359
4334,4334,75.873358599241,75.873362699241,2930,4334,75.873275765908,1,61,574,499,bd6ebba0d4398f82,1085.100,1291.100,127.700,0.600,0,1,360
4335,4335,75.890861332574,75.890865432574,2931,4335,75.890778499241,1,67,619,522,da0497b01416df05,993.700,1225.200,137.000,0.500,0,1,355
4336,4336,75.908363632574,75.908367465908,2932,4336,75.908280699241,1,67,608,530,79cf89327a8de2bc,993.300,1211.900,134.800,0.600,0,1,355
4337,4337,75.925866199241,75.925870032574,2933,4337,75.925783265907,1,74,683,554,8c719075d847ffa9,1036.200,1286.400,151.100,0.300,0,1,354
4338,4338,75.943368632574,75.943372465907,2934,4338,75.943285699241,1,73,703,602,ffc1fc03d4c04b84,999.800,1301.700,155.600,0.600,0,1,357
4339,4339,75.960872799240,75.960876632574,2935,4339,75.960788199240,1,76,750,637,2941052cfef65a07,982.700,1298.500,166.000,0.400,0,1,368
4340,4340,75.978375265907,75.978379099240,2936,4340,75.978290665907,1,82,783,677,fe7ae8eebeedae35,998.700,1309.800,173.700,0.300,0,1,366
4341,4341,75.995877699240,75.995881532573,2937,4341,75.995793099240,1,85,804,701,066843818ca40725,1011.900,1330.700,183.300,0.700,0,1,370
4342,4342,76.013380199240,76.013384032573,2938,4342,76.013295599240,1,83,816,709,30eb0e04ce276327,988.000,1319.200,181.300,0.400,0,1,369
4343,4343,76.030883099240,76.030886932573,2939,4343,76.030798499240,1,86,850,743,467974327a1249f6,1001.400,1412.400,188.500,0.400,0,1,378
4344,4344,76.048386232573,76.048390065906,2940,4344,76.048300465906,1,93,910,797,9b34206d6460ce2c,1023.100,1321.400,201.800,1.400,0,1,373
4345,4345,76.065887899239,76.065891732573,2941,4345,76.065802965906,1,95,916,821,022892072ffc8995,967.300,1324.800,202.700,0.500,0,1,371
4346,4346,76.083390299239,76.083394132572,2942,4346,76.083305365906,1,99,1060,865,e017aa2ec197088f,986.300,1321.500,235.200,0.300,0,1,369
4347,4347,76.100904065906,76.100907899239,2943,4347,76.100819132572,1,98,999,893,82e774c980be9bff,997.700,1339.500,221.200,0.200,0,1,378
4348,4348,76.118395299239,76.118399132572,2944,4348,76.118310365905,1,107,1143,921,76b57b5c372215c6,1008.100,1413.300,260.600,0.600,0,1,385
4349,4349,76.135897832572,76.135901665905,2945,4349,76.135812899239,1,107,1068,943,eceece7e2c1cd1c2,1001.800,1427.800,238.200,1.300,0,1,397
4350,4350,76.153345665905,76.153358332572,2946,4350,76.153315332572,1,111,1062,980,887ecb4b58932093,987.100,1402.000,235.400,0.800,0,1,402
4351,4351,76.170848465905,76.170861099238,2947,4351,76.170818132572,1,117,1063,1006,790374486d582c0e,992.600,1423.100,235.800,0.500,0,1,405
4352,4352,76.188350532571,76.188363165905,2948,4352,76.188320199238,1,121,1102,1038,df05e94caead587b,1031.300,1426.700,244.000,0.600,0,1,417
4353,4353,76.205902865905,76.205906965905,2949,4353,76.205822699238,1,124,1128,1076,00d96fc761bdfd33,1150.700,1483.900,251.300,0.400,0,1,437
4354,4354,76.223355499238,76.223368165904,2950,4354,76.223325165904,1,125,1210,1091,2d39b8ed629a7d81,1235.400,1675.500,272.900,1.300,0,1,456
4355,4355,76.240907899238,76.240911999238,2951,4355,76.240827732571,1,121,1303,1020,e5ddfa01f1d7884f,1002.000,1528.100,288.300,0.500,0,1,468
4356,4356,76.258360465904,76.258373132571,2952,4356,76.258330132571,1,112,1262,1045,55d7d15244dcf4fc,1043.600,1724.100,282.200,1.200,0,1,479
4357,4357,76.275863032571,76.275875665904,2953,4357,76.275832699237,1,103,1201,958,af4693d1f23e6523,1077.100,1574.700,265.800,1.200,0,1,489
4358,4358,76.293418765904,76.293422865904,2954,4358,76.293335065904,1,93,1157,876,f316d070cd503965,1101.600,1481.500,256.500,0.500,0,1,498
4359,4359,76.310923565904,76.310927665904,2955,4359,76.310837999237,1,86,1038,820,50a0cb4cc50dca4b,1005.600,1482.800,229.700,1.500,0,1,506
4360,4360,76.328370299237,76.328382965903,2956,4360,76.328339965903,1,79,968,742,254cc34ee8712ea9,977.200,1420.600,214.200,0.500,0,1,510
4361,4361,76.345872899237,76.345885465903,2957,4361,76.345842565903,1,69,865,663,6abe6e9b3766036d,984.500,1704.900,193.000,0.700,0,1,521
4362,4362,76.363437132570,76.363441232570,2958,4362,76.363345032570,1,67,840,618,3522e517b0ce95e5,1037.500,1452.600,185.900,0.400,0,1,524
4363,4363,76.380877765903,76.380890332570,2959,4363,76.380847432570,1,61,773,559,0d0441f9490590a2,981.000,1405.300,171.100,0.400,0,1,529
4364,4364,76.398382132569,76.398392832569,2960,4364,76.398349932569,1,59,812,494,2ad5b7fc325f2a38,995.500,1406.800,179.700,0.500,0,1,531
4365,4365,76.415940999236,76.415945099236,2961,4365,76.415852432569,1,54,698,441,e248e3191d6765a8,984.200,1403.700,154.500,0.400,0,1,537
4366,4366,76.433454632569,76.433458732569,2962,4366,76.433354865902,1,52,637,395,5e756026df176cdc,984.900,1348.900,141.000,0.500,0,1,538
4367,4367,76.450962899235,76.450966999235,2963,4367,76.450857532569,1,47,575,361,b44db50ee94fd883,981.000,1355.800,127.300,0.500,0,1,542
4368,4368,76.468468899235,76.468472999235,2964,4368,76.468359799235,1,45,561,338,2f73deba1cd5eaf3,975.100,1333.800,124.200,0.400,0,1,544
4369,4369,76.485978765902,76.485982865902,2965,4369,76.485862199235,1,45,549,311,d9112082bd58e4d6,1004.700,1359.800,126.600,0.700,0,1,543
4370,4370,76.503484999235,76.503489099235,2966,4370,76.503364699235,1,43,531,296,29338b5ec8960fdb,1001.800,1362.000,117.500,0.500,0,1,545
4371,4371,76.520994932568,76.520999032568,2967,4371,76.520867165901,1,40,498,278,7d128bf14bb28211,1018.600,1375.400,110.200,0.300,0,1,546
4372,4372,76.538510065901,76.538514165901,2968,4372,76.538369699235,1,5,39,0,3c48bd9d01ad7e39,977.700,1162.700,8.700,0.700,0,1,494
4373,4373,76.556019932568,76.556024032568,2969,4373,76.555872099234,1,5,39,0,728e114f04af06c0,988.800,1156.100,8.700,0.500,0,1,494
4374,4374,76.573524265901,76.573528365901,2970,4374,76.573374565901,1,5,39,0,286e6fada6872af0,984.700,1179.900,8.700,0.700,0,1,494
4375,4375,76.591029132567,76.591033232567,2971,4375,76.590877565901,1,5,39,0,95cb590b344a9a9c,989.400,1162.800,8.700,0.400,0,1,494
4376,4376,76.608531132567,76.608535232567,2972,4376,76.608379565901,1,7,48,0,0ec652e2d5ab71c0,1025.700,1234.700,10.700,0.300,0,1,495
4377,4377,76.626033532567,76.626037632567,2973,4377,76.625881965900,1,8,62,0,1ecc26b32ff2242a,1029.400,1183.800,13.800,0.300,0,1,493
4378,4378,76.643535999234,76.643540099234,2974,4378,76.643384432567,1,7,58,0,4d1526e0b86b8bb5,1004.200,1163.300,12.900,0.400,0,1,495
4379,4379,76.661038465900,76.661042565900,2975,4379,76.660886899233,1,6,55,2,76e2fb9a3a492fa7,1008.600,1240.800,12.600,0.600,0,1,496
4380,4380,76.678541065900,76.678545165900,2976,4380,76.678389499233,1,7,64,2,d0c0da9a644d2e33,1026.100,1252.400,14.200,0.500,0,1,496
4381,4381,76.696041532566,76.696045632566,2977,4381,76.695891832566,1,7,138,3,d254d7a4efbab12c,992.500,1314.500,30.600,0.500,0,1,497
4382,4382,76.713543165900,76.713547265900,2978,4382,76.713394299233,1,5,68,9,24f61ba64140b4e7,1000.900,1438.900,15.100,0.400,0,1,500
4383,4383,76.731032032566,76.731036132566,2979,4383,76.730897165899,1,6,104,11,25d378a2804f940c,1203.200,1182.100,23.100,0.400,0,1,498
4384,4384,76.748500532566,76.748504632566,2980,4384,76.748399265899,1,6,116,22,36de0d0a84da4c74,1061.900,1191.600,25.800,1.000,0,1,499
4385,4385,76.766002965899,76.766007065899,2981,4385,76.765901699232,1,8,151,41,66b476aa7664d5d4,1045.600,1209.300,33.400,0.600,0,1,499
4386,4386,76.783505599232,76.783509699232,2982,4386,76.783404332565,1,10,177,53,b0ec70f9495f9322,1000.300,1317.500,39.200,0.800,0,1,500
4387,4387,76.801008032565,76.801012132565,2983,4387,76.800906765899,1,17,293,80,d24d1d35aa993e50,1017.100,1230.300,72.000,0.900,0,1,493
4388,4388,76.818504832565,76.818508932565,2984,4388,76.818409165898,1,27,336,132,edb5312fab5fd432,1019.300,1347.900,74.400,1.200,0,1,485
4389,4389,76.836007332565,76.836011432565,2985,4389,76.835911665898,1,38,435,213,78059f9f6e2ea026,990.000,1283.100,96.400,0.500,0,1,476
4390,4390,76.853509732565,76.853513832565,2986,4390,76.853414065898,1,48,531,297,3e57dad22062f560,1050.900,1316.700,117.500,0.400,0,1,467
4391,4391,76.871012665898,76.871016765898,2987,4391,76.870916999231,1,56,499,375,8c06b1f5e256b3ef,1092.900,1332.800,110.400,0.500,0,1,457
4392,4392,76.888514699231,76.888518799231,2988,4392,76.888419032564,1,63,523,436,ca0b9a1b51c5f61c,996.400,1312.200,115.800,0.400,0,1,448
4393,4393,76.906017265898,76.906021365898,2989,4393,76.905921599231,1,69,561,458,e1bbd49190bab86b,1027.500,1337.700,124.100,0.700,0,1,436
4394,4394,76.923521599231,76.923525699231,2990,4394,76.923424065897,1,70,502,411,6bdcf246f45e1b01,955.300,1255.200,111.100,0.300,0,1,425
4395,4395,76.941024099231,76.941028199231,2991,4395,76.940926565897,1,67,497,395,ec8a15e7ba8f1539,986.300,1279.900,110.200,0.300,0,1,418
4396,4396,76.958526432564,76.958530532564,2992,4396,76.958428899230,1,62,530,346,39ad52a612d0f543,1077.100,1258.400,117.300,0.500,0,1,415
4397,4397,76.976028999230,76.976033099230,2993,4397,76.975931465897,1,51,389,262,4b220d54e7105fd2,998.100,1188.800,86.100,0.400,0,1,410
4398,4398,76.993531365897,76.993535465897,2994,4398,76.993433832563,1,49,375,247,29e1ec8722149323,972.900,1200.800,83.000,0.500,0,1,405
4399,4399,77.011034132563,77.011038232563,2995,4399,77.010936599230,1,49,401,227,11c0bcf3b099a747,1030.200,1195.500,89.400,1.000,0,1,404
4400,4400,77.028536432563,77.028540532563,2996,4400,77.028438899230,1,47,336,187,e97a4c38fd83d17f,985.300,1271.000,74.400,0.500,0,1,401
4401,4401,77.046038932563,77.046043032563,2997,4401,77.045941399230,1,47,285,187,c012e40df25069ba,971.000,1179.000,63.100,0.400,0,1,401
4402,4402,77.063541299229,77.063545399229,2998,4402,77.063443765896,1,43,263,165,9ebf0452c58bc0ce,980.000,1176.200,58.200,0.400,0,1,406
4403,4403,77.080976699229,77.080989365896,2999,4403,77.080946365896,1,41,248,158,56c69686fb1662ca,975.000,1175.500,54.900,0.800,0,1,413
4404,4404,77.098557599229,77.098561699229,3000,4404,77.098460065896,1,44,281,159,e2ba1f5e79d81ff7,973.600,1201.600,62.300,0.300,0,1,415
4405,4405,77.116044165896,77.116048265896,3001,4405,77.115951299229,1,43,293,151,4d68ce5ade797f15,1006.300,1213.700,64.900,0.500,0,1,415
4406,4406,77.133546565895,77.133550665895,3002,4406,77.133453699229,1,38,263,149,7c36e40727f5d00b,1011.700,1199.800,58.200,0.400,0,1,419
4407,4407,77.151050165895,77.151054265895,3003,4407,77.150957299228,1,40,275,147,1886c87283b5ecde,994.900,1200.600,60.900,0.400,0,1,416
4408,4408,77.168551565895,77.168555665895,3004,4408,77.168458699228,1,37,252,147,7d79f53d398d125b,995.200,1171.000,62.000,0.400,0,1,418
4409,4409,77.186054065895,77.186058165895,3005,4409,77.185961199228,1,44,281,168,d2a64137852725b3,966.000,1214.500,62.200,0.600,0,1,421
4410,4410,77.203556532561,77.203560632561,3006,4410,77.203463665895,1,56,358,253,b1756b25a7aacc36,998.300,1330.900,79.300,1.300,0,1,411
4411,4411,77.220994865894,77.221009032561,3007,4411,77.220966132561,1,75,553,417,e07914572599ce93,973.500,1302.200,122.400,0.500,0,1,413
4412,4412,77.238559165894,77.238563265894,3008,4412,77.238468599228,1,86,666,548,e30fb4cfe18aba19,1001.700,1308.100,147.500,0.400,0,1,422
4413,4413,77.256001265894,77.256013899227,3009,4413,77.255970932561,1,82,635,517,eef765075ed0b1b1,1011.400,1317.300,140.500,0.400,0,1,431
4414,4414,77.273503765894,77.273516432561,3010,4414,77.273473432561,1,69,559,471,ef2a2fa4a8ebdcc5,986.300,1323.100,123.800,0.500,0,1,449
4415,4415,77.291006532560,77.291019165894,3011,4415,77.290976199227,1,59,512,391,0c8c893784aef4ea,1008.500,1285.500,114.100,0.500,0,1,458
4416,4416,77.308508765894,77.308521432560,3012,4416,77.308478432560,1,53,577,305,9e5c2e4cb85c5fa7,997.800,1322.800,127.700,0.500,0,1,466
4417,4417,77.326011165893,77.326023832560,3013,4417,77.325980832560,1,41,465,228,ed9cd8b1c1216f75,971.500,1301.300,102.900,0.500,0,1,475
4418,4418,77.343585665893,77.343589499227,3014,4418,77.343483365893,1,30,345,145,7a09f7e8ccb4ee63,979.400,1250.600,76.400,0.500,0,1,483
4419,4419,77.361089999226,77.361093832560,3015,4419,77.360985832560,1,20,264,97,e48f015e20219ed7,993.900,1249.200,58.500,0.400,0,1,493
4420,4420,77.378586232560,77.378590065893,3016,4420,77.378488365893,1,11,179,73,daf1f318111b1eab,1011.400,1206.400,39.600,0.500,0,1,499
4421,4421,77.396094165893,77.396097999226,3017,4421,77.395990699226,1,8,147,48,d0edbf0d5f8d267e,1024.600,1201.300,32.600,0.600,0,1,501
4422,4422,77.413593032559,77.413596865893,3018,4422,77.413493299226,1,6,114,32,fda32fc18235432e,1011.000,1218.700,25.300,0.500,0,1,502
4423,4423,77.431097765892,77.431101599226,3019,4423,77.430996165892,1,6,122,13,dbf8d3973effe724,1010.100,1241.700,27.100,0.700,0,1,499
4424,4424,77.448597999226,77.448601832559,3020,4424,77.448498265892,1,9,204,10,3361354e71f9f95b,994.700,1220.600,45.100,0.500,0,1,496
4425,4425,77.466102299225,77.466106132559,3021,4425,77.466000699225,1,9,88,4,2800315575cfe6d3,984.400,1201.500,19.500,0.500,0,1,495
4426,4426,77.483594299225,77.483598132558,3022,4426,77.483503199225,1,9,68,15,3c1e25b75f81399e,1004.100,1183.300,15.100,0.400,0,1,495
4427,4427,77.501092932558,77.501096765892,3023,4427,77.501005565892,1,6,53,13,a29128e050f5ed9d,964.700,1340.000,11.700,0.700,0,1,495
4428,4428,77.518595499225,77.518599332558,3024,4428,77.518508132558,1,9,60,8,cebfec18418eb708,1032.600,1171.000,13.300,0.500,0,1,487
4429,4429,77.536099765891,77.536103599225,3025,4429,77.536010532558,1,10,63,8,73e78f671b26f981,1011.300,1154.200,13.900,0.600,0,1,477
4430,4430,77.553604165891,77.553607999224,3026,4430,77.553513065891,1,11,65,6,044593f5bfd10061,975.900,1139.400,14.400,0.600,0,1,469
4431,4431,77.571103232558,77.571107065891,3027,4431,77.571015865891,1,9,39,4,67a59ab15ae70c53,1050.800,1186.900,8.700,0.500,0,1,465
4432,4432,77.588609099224,77.588612932557,3028,4432,77.588517999224,1,14,82,4,e667252278536e9f,1032.100,1141.400,18.200,0.800,0,1,456
4433,4433,77.606111565891,77.606115399224,3029,4433,77.606020465891,1,11,72,2,c5efdd8c49cb4b8b,990.800,1141.200,16.000,0.500,0,1,449
4434,4434,77.623614032557,77.623617865890,3030,4434,77.623522932557,1,9,50,0,31147fc93e354103,992.700,1153.200,11.100,0.400,0,1,447
4435,4435,77.641110799224,77.641114632557,3031,4435,77.641025299224,1,10,56,0,284e7c600ed83a76,998.000,1098.700,12.500,0.600,0,1,437
4436,4436,77.658613299223,77.658617132557,3032,4436,77.658527799223,1,10,63,0,cc09a8893e3e5295,982.200,1091.400,14.000,0.400,0,1,429
4437,4437,77.676060699223,77.676073265890,3033,4437,77.676030365890,1,9,60,0,7be50a52001029e9,999.700,1131.300,13.300,0.500,0,1,425
4438,4438,77.693606199223,77.693610032556,3034,4438,77.693532832556,1,8,52,0,6b6f4f1c07fa202a,967.300,1094.400,11.600,0.500,0,1,424
4439,4439,77.711109099223,77.711112932556,3035,4439,77.711035732556,1,7,49,0,bab204389601f2eb,988.300,1082.400,10.900,1.000,0,1,421
4440,4440,77.728609132556,77.728612965889,3036,4440,77.728537632556,1,4,29,0,d1fb36d8e2fdd018,976.200,1072.300,6.500,0.300,0,1,420
4441,4441,77.746113532556,77.746117365889,3037,4441,77.746040165889,1,6,45,0,bdec8cafb165679f,995.500,1088.700,10.000,0.500,0,1,416
4442,4442,77.763614165889,77.763617999222,3038,4442,77.763542665889,1,6,41,0,244f0b2491900c07,999.400,1076.300,9.100,0.500,0,1,414
4443,4443,77.781114732556,77.781118565889,3039,4443,77.781045099222,1,8,65,0,bdcb17ebef9abfd2,981.100,1135.100,14.500,0.600,0,1,410
4444,4444,77.798617299222,77.798621132555,3040,4444,77.798547665889,1,7,59,0,81d41617f7c153b4,979.200,1105.200,13.100,0.400,0,1,410
4445,4445,77.816121532555,77.816125365889,3041,4445,77.816050032555,1,6,52,0,de2cf3c6604bb887,974.000,1079.800,11.600,0.400,0,1,410
4446,4446,77.833622165888,77.833625999222,3042,4446,77.833552532555,1,7,58,0,c968b9cc5ba7a180,976.500,1070.000,12.900,0.400,0,1,409
4447,4447,77.851124965888,77.851128799221,3043,4447,77.851055332555,1,6,52,0,b222afda12f377fb,1027.800,1076.700,11.500,0.500,0,1,410
4448,4448,77.868611199221,77.868615032555,3044,4448,77.868557432555,1,7,60,0,d14846502d678566,983.700,1062.900,13.300,0.400,0,1,410
4449,4449,77.886113665888,77.886117499221,3045,4449,77.886059899221,1,8,65,0,e6f1d8fb5998cb0f,998.100,1073.600,14.500,0.400,0,1,411
4450,4450,77.903616099221,77.903619932554,3046,4450,77.903562332554,1,7,49,0,2b25466a5155e261,983.400,1073.500,16.200,0.600,0,1,415
4451,4451,77.921118699221,77.921122532554,3047,4451,77.921064932554,1,5,43,0,971895b069cdf7a9,983.000,1086.400,9.500,0.500,0,1,417
4452,4452,77.938621132554,77.938624965887,3048,4452,77.938567365887,1,7,49,0,d25a5849b6544ea5,991.500,1084.500,10.900,0.500,0,1,421
4453,4453,77.956123632554,77.956127465887,3049,4453,77.956069865887,1,9,58,0,c8f6ea4803cbba69,1001.400,1086.200,13.000,0.600,0,1,423
4454,4454,77.973625999220,77.973629832554,3050,4454,77.973572232554,1,8,55,0,9e94206c3aaca246,982.500,1097.600,12.200,0.400,0,1,426
4455,4455,77.991128965887,77.991132799220,3051,4455,77.991075199220,1,11,69,0,bfbf747cc24a768b,991.900,1238.400,15.800,0.400,0,1,429
4456,4456,78.008631065887,78.008634899220,3052,4456,78.008577299220,1,11,61,0,57621fa3605a3334,975.600,1107.300,13.500,0.500,0,1,437
4457,4457,78.026121865886,78.026125699220,3053,4457,78.026079765886,1,10,55,0,74673239861f6deb,989.500,1106.500,12.200,0.500,0,1,446
4458,4458,78.043624265886,78.043628099220,3054,4458,78.043582165886,1,11,75,3,86ebf20dbff76c76,978.200,1138.700,16.700,0.600,0,1,448
4459,4459,78.061126732553,78.061130565886,3055,4459,78.061084632553,1,9,66,4,d6ac4170adec6bb6,1014.600,1151.200,14.800,0.400,0,1,454
4460,4460,78.078629265886,78.078633099219,3056,4460,78.078587165886,1,12,74,4,49cd9682f3e4303e,991.000,1128.000,16.400,1.000,0,1,458
4461,4461,78.096143065886,78.096146899219,3057,4461,78.096100965886,1,11,49,4,6478686c0202c78e,998.000,1127.500,10.900,0.400,0,1,466
4462,4462,78.113634132552,78.113637965886,3058,4462,78.113592032552,1,9,45,7,615a9244ffcb3160,1020.000,1133.800,10.000,0.500,0,1,470
4463,4463,78.131136999219,78.131140832552,3059,4463,78.131094899219,1,11,60,8,cffc8f593629c7f6,997.000,1252.200,13.400,0.400,0,1,474
4464,4464,78.148676565885,78.148680665885,3060,4464,78.148596999219,1,8,54,8,282cbfea6fbde0e3,1001.900,1155.500,12.000,0.400,0,1,482
4465,4465,78.166178965885,78.166183065885,3061,4465,78.166099399218,1,8,64,8,7e49ae118db575eb,1041.100,1232.000,14.200,0.600,0,1,486
4466,4466,78.183677899218,78.183681732551,3062,4466,78.183601965885,1,8,67,12,dc190d2e3f13a08d,1050.900,1203.000,14.800,0.900,0,1,492
4467,4467,78.201180365885,78.201184199218,3063,4467,78.201104432551,1,7,50,14,1dec14987a19df5e,995.600,1182.400,11.200,0.400,0,1,496
4468,4468,78.218682799218,78.218686632551,3064,4468,78.218606865884,1,10,76,15,7a1c0940e6bdc324,1044.500,1220.400,16.800,0.400,0,1,496
4469,4469,78.236185299218,78.236189132551,3065,4469,78.236109365884,1,9,94,17,921852aac14b6fc7,976.300,1194.000,20.800,0.600,0,1,497
4470,4470,78.253687832551,78.253691665884,3066,4470,78.253611899217,1,12,157,22,403a1b6e28936805,1155.600,1299.700,34.700,0.500,0,1,496
4471,4471,78.271190599217,78.271194432551,3067,4471,78.271114665884,1,11,260,23,f470085992f4d287,1009.500,1251.800,57.600,0.400,0,1,497
4472,4472,78.288692665884,78.288696499217,3068,4472,78.288616732550,1,10,196,30,b53a73fea97c7567,1015.700,1210.200,43.400,0.500,0,1,501
4473,4473,78.306195199217,78.306199032550,3069,4473,78.306119265884,1,9,153,44,67d2a49a6b096435,971.100,1202.000,33.900,0.500,0,1,503
4474,4474,78.323697632550,78.323701465883,3070,4474,78.323621699217,1,8,153,55,aa8a123014df0c60,981.300,1198.100,33.900,0.400,0,1,502
4475,4475,78.341200065883,78.341203899217,3071,4475,78.341124132550,1,11,191,68,fe341a245fd306af,1041.700,1237.400,42.600,0.500,0,1,501
4476,4476,78.358694399216,78.358698232550,3072,4476,78.358626632550,1,12,213,84,4fddb6b052124f6a,1012.800,1222.700,47.200,0.500,0,1,502
4477,4477,78.376196965883,78.376200799216,3073,4477,78.376129199216,1,17,249,97,e96e8ca4e0407631,1047.100,1236.900,55.100,0.400,0,1,499
4478,4478,78.393699399216,78.393703232549,3074,4478,78.393631632549,1,24,377,125,5ade9ce0a690cec0,983.300,1251.400,92.200,0.700,0,1,495
4479,4479,78.411202199216,78.411206032549,3075,4479,78.411134432549,1,31,390,158,e72c971fed49c4d6,1040.800,1249.000,86.300,0.400,0,1,489
4480,4480,78.428712665882,78.428716499216,3076,4480,78.428636499216,1,58,662,339,2c3b6b8b7e4470e7,1409.300,1435.300,155.000,0.400,0,1,469
4481,4481,78.446215265882,78.446219099216,3077,4481,78.446139099216,1,72,629,500,547d7f09c6b82cb1,980.400,1332.100,140.300,0.500,0,1,453
4482,4482,78.463671899215,78.463684565882,3078,4482,78.463641565882,1,87,745,582,e6d7b791be19b46f,1012.000,1359.100,164.800,0.400,0,1,438
4483,4483,78.481216332549,78.481220432549,3079,4483,78.481143999215,1,97,755,625,4c7882a7d2bbdc9c,988.000,1389.900,172.900,0.600,0,1,431
4484,4484,78.498718832548,78.498722932548,3080,4484,78.498646499215,1,104,852,675,90e32a11c95fcb69,983.600,1362.800,188.500,0.400,0,1,427
4485,4485,78.516221232548,78.516225332548,3081,4485,78.516148899215,1,111,884,706,ce490eebe88eaf25,990.100,1376.200,195.600,0.500,0,1,422
4486,4486,78.533715532548,78.533719632548,3082,4486,78.533651365881,1,116,945,711,ee0ef03755dc07df,1011.300,1400.600,209.100,0.800,0,1,422
4487,4487,78.551218399214,78.551222499214,3083,4487,78.551154232548,1,118,970,738,797fcee6b6db939c,985.200,1423.300,214.600,0.600,0,1,422
4488,4488,78.568720499214,78.568724599214,3084,4488,78.568656332548,1,116,896,762,fc81e650c545d1d2,976.800,1419.700,200.300,0.900,0,1,429
4489,4489,78.586222899214,78.586226999214,3085,4489,78.586158732547,1,124,934,788,fd19eeedcfa85c49,1018.400,1443.500,206.700,0.500,0,1,429
4490,4490,78.603725499214,78.603729599214,3086,4490,78.603661332547,1,123,912,782,8b0355e4cf54df46,983.600,1381.300,207.100,1.200,0,1,433
4491,4491,78.621227932547,78.621232032547,3087,4491,78.621163765880,1,122,886,795,ec7fa0a766747418,980.200,1395.500,196.300,0.600,0,1,437
4492,4492,78.638730432547,78.638734532547,3088,4492,78.638666265880,1,129,983,805,9ec22ae7624cc174,977.000,1401.100,217.500,0.600,0,1,437
4493,4493,78.656232865880,78.656236965880,3089,4493,78.656168699213,1,131,1003,811,6ffab70bc459812c,1021.600,1450.200,221.900,0.700,0,1,439
4494,4494,78.673735399213,78.673739499213,3090,4494,78.673671232547,1,132,1011,816,a5192fa752c223f0,1004.000,1489.000,224.600,0.400,0,1,439
4495,4495,78.691238165880,78.691242265880,3091,4495,78.691173999213,1,131,990,819,f3e8eed37a337bd4,1078.400,1421.700,219.000,0.400,0,1,440
4496,4496,78.708740265880,78.708744365880,3092,4496,78.708676099213,1,132,1018,845,c8111c8f6cfcf203,1007.600,1513.300,225.500,0.500,0,1,440
4497,4497,78.726239199213,78.726243299213,3093,4497,78.726178532546,1,132,1020,845,1e6a833826770488,991.700,1505.000,226.200,0.400,0,1,440
4498,4498,78.743711432546,78.743724099213,3094,4498,78.743681099213,1,132,1021,846,4f9bb57b244e0833,1087.100,1559.600,225.900,0.400,0,1,440
4499,4499,78.761244099212,78.761248199212,3095,4499,78.761183432546,1,132,1022,849,cf6643c953b5db76,1012.500,1556.300,226.100,0.400,0,1,440
4500,4500,78.778746632546,78.778750732546,3096,4500,78.778685965879,1,132,1022,849,36d66531c8beed4c,989.200,1440.600,226.100,0.700,0,1,440
4501,4501,78.796249132545,78.796253232545,3097,4501,78.796188465879,1,132,1021,849,960e8c857dbac22d,1026.500,1488.200,232.000,0.500,0,1,440
4502,4502,78.813751632545,78.813755732545,3098,4502,78.813690965879,1,132,1018,849,9745604b5796d268,1040.200,1496.600,225.500,0.600,0,1,440
4503,4503,78.831254499212,78.831258599212,3099,4503,78.831193832545,1,133,1020,852,6dfa93e7b5b49b5a,1052.700,1483.300,226.000,0.400,0,1,440
4504,4504,78.848756599212,78.848760699212,3100,4504,78.848695932545,1,133,1020,851,84c8d6294a9a3156,976.300,1487.100,230.800,0.600,0,1,440
4505,4505,78.866258999211,78.866263099211,3101,4505,78.866198332545,1,135,1044,850,c1987c00965bb40b,1007.900,1578.500,231.000,0.500,0,1,438
4506,4506,78.883761565878,78.883765665878,3102,4506,78.883700899211,1,136,1065,873,8f82381b8fa5d656,1048.600,1556.500,235.600,0.600,0,1,438
4507,4507,78.901263999211,78.901268099211,3103,4507,78.901203332544,1,136,1065,871,f098b3efc5df35e5,996.300,1542.500,240.900,0.500,0,1,439
4509,4509,78.936273532544,78.936277632544,3104,4509,78.936208199211,1,134,1049,868,6dbc76facfa86679,1008.500,1505.400,233.300,0.400,0,1,439
4510,4510,78.953776065877,78.953780165877,3105,4510,78.953710732544,1,132,1040,867,f92e5916eaa79c13,1004.900,1454.900,230.100,0.400,0,1,438
4511,4511,78.971278865877,78.971282965877,3106,4511,78.971213532544,1,131,1026,868,7cbbc91bc2a1323e,988.800,1551.600,227.000,0.500,0,1,438
4512,4512,78.988780965877,78.988785065877,3107,4512,78.988715632543,1,131,1027,868,82a3f4dbe5657403,988.800,1527.800,227.400,0.300,0,1,437
4513,4513,79.006283465877,79.006287565877,3108,4513,79.006218132543,1,129,1006,869,7aaffaf3d4d0a4e8,992.300,1422.800,223.800,0.600,0,1,437
4514,4514,79.023785932543,79.023790032543,3109,4514,79.023720599210,1,129,1023,888,8f10c52dc6762cdf,1061.200,1459.700,227.100,1.300,0,1,437
4515,4515,79.041288399210,79.041292499210,3110,4515,79.041223065876,1,127,983,896,85936174fd057263,967.400,1524.200,425.900,1.000,0,1,439
4516,4516,79.058790799209,79.058794899209,3111,4516,79.058725465876,1,129,1004,892,914f3fc310c1faed,1056.900,1519.500,222.200,0.500,0,1,436
4517,4517,79.076293399209,79.076297499209,3112,4517,79.076228065876,1,129,1018,891,d96a20396f9ba286,967.700,1434.300,225.200,0.400,0,1,434
4518,4518,79.093807199209,79.093811299209,3113,4518,79.093741865876,1,127,1005,884,fb6da25c15f0e8f7,980.000,1410.000,222.400,0.500,0,1,434
4519,4519,79.111298665876,79.111302765876,3114,4519,79.111233332542,1,127,1004,877,ac091cc2995d41c0,997.100,1514.300,223.200,0.500,0,1,431
4520,4520,79.128800765875,79.128804865875,3115,4520,79.128735432542,1,127,1019,868,3e9573c767c00907,1246.400,1454.700,225.500,0.700,0,1,431
4521,4521,79.146303265875,79.146307365875,3116,4521,79.146237932542,1,123,996,858,36d674b0db4a56d5,996.800,1489.600,221.300,0.500,0,1,432
4522,4522,79.163805632542,79.163809732542,3117,4522,79.163740299208,1,130,1123,842,9efce52ae07c54c8,1017.000,1517.600,248.400,0.500,0,1,423
4523,4523,79.181308232542,79.181312332542,3118,4523,79.181242899208,1,124,1066,826,224c3b1dcaeed58a,988.700,1439.800,236.400,0.300,0,1,426
4524,4524,79.198810699208,79.198814799208,3119,4524,79.198745365875,1,123,1104,812,584b57a0f86f59f1,1040.600,1486.500,244.200,0.600,0,1,421
4525,4525,79.216313065875,79.216317165875,3120,4525,79.216247732541,1,120,1033,797,01c0f0513bd4d726,1024.700,1564.300,228.500,0.500,0,1,426
4526,4526,79.233815632541,79.233819732541,3121,4526,79.233750299208,1,120,1027,797,67f3791dc073d6e2,1004.000,1474.300,227.900,0.600,0,1,423
4527,4527,79.251318432541,79.251322532541,3122,4527,79.251253099207,1,115,1026,779,7dc2d350499a8b2b,965.900,1402.500,227.000,0.400,0,1,424
4528,4528,79.268820699207,79.268824532541,3123,4528,79.268755265874,1,112,1004,767,ae8bedca85a28ee7,988.600,1466.600,222.200,0.400,0,1,425
4529,4529,79.286326632540,79.286330465874,3124,4529,79.286257699207,1,8,151,5,fd7338fcc237262b,1065.900,1133.200,33.400,0.400,0,1,428
4530,4530,79.303829099207,79.303832932540,3125,4530,79.303760165874,1,8,134,3,cf87adc2a5453974,1040.900,1188.600,29.700,0.400,0,1,427
4531,4531,79.321292999207,79.321305632540,3126,4531,79.321262665873,1,7,137,2,a62d715f8df69f5b,1019.200,1185.100,30.400,0.500,0,1,425
4532,4532,79.338833865873,79.338837965873,3127,4532,79.338765032540,1,9,157,1,098b2b5001b3a2c3,1008.400,1164.900,34.800,0.300,0,1,421
4533,4533,79.356336365873,79.356340465873,3128,4533,79.356267532540,1,9,147,0,fcf0beba7794eb75,1277.000,1147.200,32.600,0.800,0,1,422
4534,4534,79.373838799206,79.373842899206,3129,4534,79.373769965873,1,7,109,0,8907b961e70eb04b,1018.900,1126.000,24.200,0.300,0,1,424
4535,4535,79.391341765873,79.391345865873,3130,4535,79.391272932539,1,4,69,0,931c8da35495607a,992.300,1169.000,26.200,0.700,0,1,426
4536,4536,79.408843765873,79.408847865873,3131,4536,79.408774932539,1,3,58,0,5c162057fd22a68e,990.300,1098.900,12.900,0.400,0,1,426
4537,4537,79.426346232539,79.426350332539,3132,4537,79.426277399206,1,4,62,0,fbd28f8d020b176f,1010.000,1115.000,13.800,0.500,0,1,425
4538,4538,79.443848665872,79.443852765872,3133,4538,79.443779832539,1,4,60,0,b11c44a0abaee0eb,974.600,1103.200,13.300,0.500,0,1,425
4539,4539,79.461358299205,79.461362399205,3134,4539,79.461282465872,1,6,141,0,321d85f3d386705a,1018.700,1108.900,31.200,0.500,0,1,422
4540,4540,79.478860699205,79.478864799205,3135,4540,79.478784865872,1,8,170,0,dfdcdf1a2cf90c21,991.600,1111.800,37.600,0.700,0,1,419
4541,4541,79.496317665872,79.496330232538,3136,4541,79.496287332538,1,7,124,0,62f86bc68616644b,988.400,1107.000,27.500,0.900,0,1,419
4542,4542,79.513867465872,79.513871565872,3137,4542,79.513789765872,1,5,81,0,dd7b0282d205ea1d,991.200,1076.100,17.900,0.500,0,1,417
4543,4543,79.531370299205,79.531374399205,3138,4543,79.531292599205,1,8,143,0,29f391d7f8b30de9,1000.700,1135.200,31.700,0.400,0,1,413
4544,4544,79.548872465871,79.548876565871,3139,4544,79.548794765871,1,6,100,0,dd8891a6665695fe,985.300,1118.800,22.200,0.600,0,1,412
4545,4545,79.566374865871,79.566378965871,3140,4545,79.566297165871,1,6,153,0,46c88f5947c5aa28,998.400,1298.500,33.900,0.600,0,1,411
4546,4546,79.583877399204,79.583881499204,3141,4546,79.583799699204,1,6,125,0,982e3fa0163048bd,1009.200,1087.900,27.700,0.500,0,1,410
4547,4547,79.601383665871,79.601387765871,3142,4547,79.601302232537,1,3,60,0,27c1a76243f7238e,1003.700,1092.700,13.300,0.500,0,1,410
4548,4548,79.618885999204,79.618890099204,3143,4548,79.618804565870,1,4,66,0,3f7bbec7f7c932a0,1029.500,1092.500,14.700,0.500,0,1,409
4549,4549,79.636395832537,79.636399932537,3144,4549,79.636307165870,1,4,62,0,280d3bcd97df142a,997.200,1113.900,14.000,0.600,0,1,409
4550,4550,79.653903865870,79.653907965870,3145,4550,79.653809599203,1,4,60,0,146b7613b55dc20d,1018.300,1093.400,13.400,0.400,0,1,407
4551,4551,79.671406732537,79.671410832537,3146,4551,79.671312465870,1,4,37,0,8c032b3912bdd7fa,983.700,1091.500,8.200,0.500,0,1,406
4552,4552,79.688844832536,79.688857499203,3147,4552,79.688814499203,1,4,36,0,ed944215a3e48aa6,993.600,1119.500,8.400,1.100,0,1,406
4553,4553,79.706398232536,79.706402332536,3148,4553,79.706317032536,1,3,29,0,52ea3b9d4498341b,988.300,1055.300,6.400,0.400,0,1,406
4554,4554,79.723908165869,79.723912265869,3149,4554,79.723819499203,1,3,28,0,75ebdb4655e47625,985.400,1056.300,6.300,1.400,0,1,406
4555,4555,79.741412499203,79.741416599203,3150,4555,79.741321965869,1,3,27,0,bc2658d9739f26a2,980.800,1054.100,6.000,0.400,0,1,406
4556,4556,79.758918665869,79.758922765869,3151,4556,79.758824399202,1,5,56,0,780d7e417e2a0c1e,974.000,1074.400,12.400,1.000,0,1,404
4557,4557,79.776424799202,79.776428899202,3152,4557,79.776326799202,1,5,56,0,13a43ca4775fe15c,1052.800,1051.300,12.400,0.400,0,1,404
4558,4558,79.793931032535,79.793935132535,3153,4558,79.793829299202,1,6,89,0,b374c200a0362e03,980.700,1060.700,19.700,0.500,0,1,403
4559,4559,79.811439899202,79.811443999202,3154,4559,79.811332099202,1,6,83,0,e8c69ba14191bdd4,968.500,1083.100,18.400,0.400,0,1,403
4560,4560,79.828942099202,79.828946199202,3155,4560,79.828834299202,1,4,41,0,77b231f258ec4acf,1064.700,1093.200,9.100,0.400,0,1,403
4561,4561,79.846446432535,79.846450532535,3156,4561,79.846336765868,1,4,41,0,6687a5f45fa90dc5,1002.200,1339.700,9.100,0.500,0,1,403
4562,4562,79.863950765868,79.863954865868,3157,4562,79.863839232535,1,5,114,0,87dd203ad4eac99a,1240.600,1124.300,25.200,0.400,0,1,401
4563,4563,79.881455032535,79.881459132535,3158,4563,79.881341632535,1,6,114,0,38b303f42312c29b,1003.000,1093.500,25.300,0.400,0,1,400
4564,4564,79.898959432534,79.898963532534,3159,4564,79.898844165868,1,6,111,0,47daa57c6549b5a5,1029.300,1120.800,24.600,0.800,0,1,400
4565,4565,79.916465632534,79.916469732534,3160,4565,79.916346632534,1,8,142,0,0c108a3b5cc56c9a,1019.700,1084.500,31.500,0.600,0,1,398
4566,4566,79.933968165867,79.933972265867,3161,4566,79.933849165867,1,8,132,0,47fa1c19481a6f12,984.500,1097.900,29.300,0.500,0,1,398
4567,4567,79.951476565867,79.951480665867,3162,4567,79.951351965867,1,8,125,0,ce8643b685476d8b,1017.700,1079.100,27.700,0.400,0,1,398
4568,4568,79.968981232534,79.968985332534,3163,4568,79.968854065867,1,8,112,0,6b306afb5e0e62f6,989.500,1080.600,24.800,0.600,0,1,397
4569,4569,79.986489265867,79.986493365867,3164,4569,79.986356499200,1,8,103,0,360095c47dd10c8b,975.500,1104.000,22.800,0.400,0,1,397
4570,4570,80.003993565867,80.003997665867,3165,4570,80.003858932533,1,6,60,0,bd0045781312342c,996.800,1066.100,13.300,0.500,0,1,397
4571,4571,80.021501665866,80.021505765866,3166,4571,80.021361432533,1,6,54,0,ab3b38dbac19d2d5,977.900,1072.700,12.000,0.400,0,1,397
4572,4572,80.039007832533,80.039011932533,3167,4572,80.038863865866,1,6,54,0,22c8fca4d30ecbe0,993.100,1057.300,12.000,0.400,0,1,397
4573,4573,80.056514165866,80.056518265866,3168,4573,80.056366465866,1,7,48,0,e2b3ac34aed5fd74,966.000,1072.300,10.700,0.900,0,1,396
4574,4574,80.074035299199,80.074039132533,3169,4574,80.073868832533,1,6,45,0,b535309a504f1631,975.900,1063.600,10.000,0.400,0,1,395
4575,4575,80.091556832532,80.091560665866,3170,4575,80.091382899199,1,4,27,0,4435a2f069fc0e11,1010.200,1044.500,6.000,0.500,0,1,395
4576,4576,80.109051432532,80.109055265866,3171,4576,80.108873765866,1,5,28,0,21ded26b29140dc3,1013.800,1055.800,6.300,1.000,0,1,393
4577,4577,80.126556599199,80.126560432532,3172,4577,80.126376365865,1,6,46,0,56b31a6916bca753,1033.000,1086.200,10.200,1.100,0,1,390
4578,4578,80.144077632532,80.144081465865,3173,4578,80.143878732532,1,9,108,0,a6d7675941827f29,1013.300,1219.000,23.900,0.900,0,1,385
4579,4579,80.161593199198,80.161597032532,3174,4579,80.161381232532,1,8,46,0,0fa68cd5d0345ad5,1081.400,1040.800,10.200,0.600,0,1,382
4580,4580,80.179103099198,80.179106932532,3175,4580,80.178883665865,1,10,110,0,09eb18da405d6357,977.900,1155.400,24.400,0.500,0,1,378
4581,4581,80.196613065865,80.196616899198,3176,4581,80.196386165865,1,8,40,0,afdd43b4647b96cc,986.400,1087.900,8.900,1.000,0,1,375
4582,4582,80.214122999198,80.214126832531,3177,4582,80.213888632531,1,7,35,0,1f5aac6ff148c2e3,982.800,1065.400,7.800,0.500,0,1,372
4583,4583,80.231639032531,80.231642865864,3178,4583,80.231391599198,1,9,39,0,41d994406237b51c,979.100,1161.300,8.700,0.400,0,1,368
4584,4584,80.249154132531,80.249157965864,3179,4584,80.248893632531,1,10,48,0,a31d13f3c07d420a,1015.800,1027.000,10.700,0.400,0,1,365
4585,4585,80.266658365864,80.266662199197,3180,4585,80.266395999197,1,9,33,0,6627cbb9437648bb,1008.400,1012.500,7.300,0.600,0,1,361
4586,4586,80.284162832530,80.284166665864,3181,4586,80.283898599197,1,10,43,0,50de7a569cee1c90,973.300,1016.900,9.600,0.600,0,1,359
4587,4587,80.301678699197,80.301682532530,3182,4587,80.301400932530,1,10,45,0,8f7429534e79d123,977.000,1055.700,10.000,0.400,0,1,356
4588,4588,80.319181165863,80.319184999197,3183,4588,80.318903399197,1,10,70,0,507497a93b3e063b,977.600,1099.500,15.600,0.600,0,1,353
4589,4589,80.336683765863,80.336687599197,3184,4589,80.336405999197,1,7,58,0,ca7ff45ebcbfce21,1000.700,1063.700,12.900,0.400,0,1,353
4590,4590,80.354187999196,80.354191832530,3185,4590,80.353908365863,1,6,57,0,6cea96d1fe3fbbda,989.600,1028.700,12.700,0.500,0,1,349
4591,4591,80.371694532530,80.371698365863,3186,4591,80.371411165863,1,5,54,0,e571a3768a69b223,989.800,1019.700,12.000,0.400,0,1,348
4592,4592,80.389196732529,80.389200565863,3187,4592,80.388913365863,1,5,53,0,002c627b9af946e0,973.700,1001.900,11.700,0.400,0,1,346
4593,4593,80.406699199196,80.406703032529,3188,4593,80.406415832529,1,6,46,0,4452b1cedf08e805,1006.800,997.800,10.200,0.300,0,1,343
4594,4594,80.424201632529,80.424205465862,3189,4594,80.423918265862,1,9,67,0,a8cc4c5625b22777,1050.100,993.200,14.800,0.500,0,1,340
4595,4595,80.441706032529,80.441709865862,3190,4595,80.441420799196,1,10,69,0,a8212d83ae43c58f,969.000,1036.600,15.300,0.600,0,1,339
4596,4596,80.459207232529,80.459211065862,3191,4596,80.458923165862,1,9,64,0,5d6804030075874d,975.800,1029.300,14.200,0.600,0,1,335
4597,4597,80.476711732529,80.476715565862,3192,4597,80.476425799195,1,8,57,0,b2d04b73b2e865e9,1018.400,998.500,12.600,0.800,0,1,335
4598,4598,80.494214099195,80.494217932528,3193,4598,80.493928165862,1,8,50,0,c8ee6bf0e0ba0c74,983.700,1044.000,11.100,0.400,0,1,333
4599,4599,80.511717032528,80.511720865862,3194,4599,80.511431099195,1,11,66,0,b308ce8bc297e48e,1032.800,1002.000,14.600,0.500,0,1,330
4600,4600,80.529218999195,80.529222832528,3195,4600,80.528933065861,1,13,92,0,26bcd51be038305e,1011.900,1011.900,20.400,0.400,0,1,327
4601,4601,80.546721432528,80.546725265861,3196,4601,80.546435499195,1,12,82,0,06f849dd26a0f20a,1023.500,997.100,18.200,0.400,0,1,326
4602,4602,80.564223999194,80.564227832528,3197,4602,80.563938065861,1,11,63,0,7fd419b6de773360,973.700,982.100,14.000,0.500,0,1,325
4603,4603,80.581726499194,80.581730332528,3198,4603,80.581440565861,1,10,56,0,8b6d056bad15ba7f,987.000,1006.800,12.400,0.600,0,1,325
4604,4604,80.599230832527,80.599234665861,3199,4604,80.598943032527,1,10,55,0,5b307cfd2b6d7e96,996.100,1010.800,12.200,0.500,0,1,325
4605,4605,80.616735632527,80.616739465861,3200,4605,80.616445499194,1,9,47,0,85bc6f017851ef5e,1010.600,988.800,10.500,1.100,0,1,325
4606,4606,80.634238099194,80.634241932527,3201,4606,80.633947965860,1,9,47,0,5d5d81a28dc4c5ab,997.700,987.900,10.500,0.300,0,1,325
4607,4607,80.651740799193,80.651744632527,3202,4607,80.651450665860,1,9,47,0,4c6ccf604783382f,1075.700,993.700,10.400,0.500,0,1,325
4608,4608,80.669243032527,80.669246865860,3203,4608,80.668952899193,1,9,47,0,d7aea22f4418446e,979.800,989.400,10.400,0.500,0,1,325
4609,4609,80.686745499193,80.686749332526,3204,4609,80.686455365860,1,9,47,0,7d025b97a9ea7db6,1042.100,1000.100,10.500,0.600,0,1,325
4610,4610,80.704247999193,80.704251832526,3205,4610,80.703957865860,1,10,56,0,241197bbc2142c1f,1019.600,1005.300,12.500,0.500,0,1,325
4611,4611,80.721750499193,80.721754332526,3206,4611,80.721460365859,1,11,63,0,c7587e51435a346a,1033.300,1001.500,14.000,0.500,0,1,325
4612,4612,80.739252899193,80.739256732526,3207,4612,80.738962765859,1,12,82,0,f763279314650a06,1007.700,1009.600,18.200,0.700,0,1,326
4613,4613,80.756755432526,80.756759265859,3208,4613,80.756465299192,1,10,64,0,7f3a1707679d8f51,991.600,1063.600,17.100,0.700,0,1,331
4614,4614,80.774258965859,80.774262799192,3209,4614,80.773967665859,1,7,48,0,dea118b36e166c53,998.200,998.600,10.600,1.300,0,1,335
4615,4615,80.791761899192,80.791765732525,3210,4615,80.791470599192,1,9,64,0,fb07feb4cedc7beb,1006.600,1028.300,14.200,0.500,0,1,336
4616,4616,80.809263932525,80.809267765859,3211,4616,80.808972632525,1,10,72,0,baf6302691f6145d,1019.000,1060.600,16.000,0.600,0,1,339
4617,4617,80.826766465858,80.826770299192,3212,4617,80.826475165858,1,6,52,0,a760a08ab306fdeb,990.500,991.500,11.600,0.400,0,1,343
4618,4618,80.844268832525,80.844272665858,3213,4618,80.843977532525,1,6,59,0,370892b50f6f0946,989.700,1043.500,13.100,0.700,0,1,345
4619,4619,80.861771332525,80.861775165858,3214,4619,80.861480032525,1,7,65,0,217f2ee840605d40,1030.200,1021.600,14.400,0.500,0,1,350
4620,4620,80.879273899191,80.879277732525,3215,4620,80.878982599191,1,9,67,0,90daa8f02cf2b3e1,1032.000,1016.900,14.800,0.700,0,1,353
4621,4621,80.896772565858,80.896776399191,3216,4621,80.896484999191,1,10,47,0,370e7a44a91170cc,1001.800,1034.800,10.400,0.400,0,1,356
4622,4622,80.914275099191,80.914278932524,3217,4622,80.913987532524,1,10,46,0,c6136f101ee3c3a6,993.100,1028.400,10.200,1.400,0,1,359
4623,4623,80.931778899191,80.931782732524,3218,4623,80.931490165857,1,10,43,0,5af287319e9ad5c5,997.000,1024.400,9.600,0.300,0,1,361
4624,4624,80.949264399190,80.949268232524,3219,4624,80.948992465857,1,12,62,0,acca99efc3971694,1043.000,1068.700,13.800,0.500,0,1,364
4625,4625,80.966766832524,80.966770665857,3220,4625,80.966494899190,1,8,36,0,6d73cff0950fa807,992.200,1015.700,8.000,0.400,0,1,370
4626,4626,80.984269365857,80.984273199190,3221,4626,80.983997432523,1,8,43,0,a156b1334d23db38,1013.200,1030.900,9.600,0.600,0,1,373
4627,4627,81.001771765857,81.001775599190,3222,4627,81.001499832523,1,9,100,0,32cc0b65175c3e08,1001.400,1075.900,22.100,1.200,0,1,377
4628,4628,81.019274299190,81.019278132523,3223,4628,81.019002365856,1,10,49,0,e728f9a76316e7be,998.400,1052.800,10.900,0.500,0,1,380
4629,4629,81.036776665856,81.036780499190,3224,4629,81.036504732523,1,10,102,0,6db1d7ebdf7b29d3,1007.200,1057.900,22.600,0.400,0,1,384
4630,4630,81.054279099189,81.054282932523,3225,4630,81.054007165856,1,7,30,0,10376e0183a161c2,1001.800,1098.300,10.500,0.500,0,1,389
4631,4631,81.071781999189,81.071785832523,3226,4631,81.071510065856,1,6,38,0,c66bc61128d6c6d0,985.400,1053.600,8.400,0.500,0,1,392
4632,4632,81.089295365856,81.089299199189,3227,4632,81.089023432522,1,6,38,0,c10210553259bed5,1007.200,1067.600,8.400,0.300,0,1,394
4633,4633,81.106785399189,81.106789232522,3228,4633,81.106514632522,1,6,49,0,86c2f59ca51cae7c,989.500,1061.800,10.900,0.600,0,1,395
4634,4634,81.124287899189,81.124291732522,3229,4634,81.124017132522,1,7,65,0,07ce540d217ee976,997.300,1066.000,14.400,0.400,0,1,397
4635,4635,81.141790365855,81.141794199189,3230,4635,81.141519599189,1,9,124,0,d3d422bd22be2f7c,1010.100,1108.200,27.500,0.600,0,1,397
4636,4636,81.159293632522,81.159297465855,3231,4636,81.159022865855,1,8,125,0,26108f844cb18005,1004.400,1125.500,27.700,0.400,0,1,398
4637,4637,81.176795365855,81.176799199188,3232,4637,81.176524599188,1,7,80,0,f1cfa88340118227,984.100,1156.300,17.700,0.400,0,1,402
4638,4638,81.194297699188,81.194301532521,3233,4638,81.194026932521,1,5,59,0,e28012a384c166c0,1055.800,1130.700,13.100,0.400,0,1,404
4639,4639,81.211800499188,81.211804332521,3234,4639,81.211529732521,1,5,40,0,1e11bd233dddd804,976.500,1147.300,8.900,0.400,0,1,405
4640,4640,81.229302732521,81.229306565854,3235,4640,81.229031965854,1,5,64,0,5103be782ce3240f,993.400,1160.400,14.300,0.300,0,1,408
4641,4641,81.246805232521,81.246809065854,3236,4641,81.246534465854,1,5,72,0,c51a7f3757fa09ba,1013.700,1066.900,16.000,0.500,0,1,408
4642,4642,81.264193365854,81.264197199187,3237,4642,81.264036932521,1,4,103,0,ba7f77078f2ac793,978.100,1091.500,22.900,0.300,0,1,410
4643,4643,81.281695799187,81.281699632521,3238,4643,81.281539365854,1,6,143,0,05ed3cb89e4cd295,1007.400,1085.500,31.700,0.400,0,1,411
4644,4644,81.299198232520,81.299202065854,3239,4644,81.299041799187,1,6,97,0,165c30dbc1bc0b5d,1033.600,1099.400,21.500,0.500,0,1,412
4645,4645,81.316700799187,81.316704632520,3240,4645,81.316544365854,1,7,90,0,7873fb972222c456,1012.000,1091.300,19.900,0.400,0,1,414
4646,4646,81.334203132520,81.334206965853,3241,4646,81.334046699187,1,7,95,0,d6d63600727861fd,1009.900,1165.600,21.100,0.600,0,1,417
4647,4647,81.351706032520,81.351709865853,3242,4647,81.351549599186,1,9,160,0,d32c0a1fbda68d56,1007.900,1140.800,35.400,0.400,0,1,418
4648,4648,81.369208165853,81.369211999186,3243,4648,81.369051732520,1,8,147,0,0ecae6a56ec1d525,994.300,1105.500,32.600,0.400,0,1,421
4649,4649,81.386710665853,81.386714499186,3244,4649,81.386554232519,1,7,150,0,4ffe494bb6f62d75,1010.900,1137.400,33.300,0.300,0,1,422
4650,4650,81.404213099186,81.404216932519,3245,4650,81.404056665853,1,7,127,0,b0ebd85a248be7d6,1000.600,1116.100,33.600,0.400,0,1,423
4651,4651,81.421715532519,81.421719365852,3246,4651,81.421559099186,1,6,83,0,92c088943e93b357,979.600,1107.500,18.400,0.800,0,1,425
4652,4652,81.439213432519,81.439217265852,3247,4652,81.439061665852,1,7,96,0,d2e48b98574fc496,1069.300,1142.300,21.300,0.500,0,1,425
4653,4653,81.456715899185,81.456719732519,3248,4653,81.456564132519,1,5,74,0,fc928582cf10fdff,1009.900,1143.900,16.500,0.400,0,1,428
4654,4654,81.474218265852,81.474222099185,3249,4654,81.474066499185,1,7,117,0,965a2b68eeaf8100,1017.200,1156.200,25.900,0.300,0,1,428
4655,4655,81.491721032518,81.491724865852,3250,4655,81.491569265852,1,7,121,0,5106cc2457a2e7fc,999.500,1121.500,26.800,0.400,0,1,428
4656,4656,81.509223199185,81.509227032518,3251,4656,81.509071432518,1,7,137,2,81d823c3444648de,998.300,1144.300,30.400,0.400,0,1,428
4657,4657,81.526725765851,81.526729599185,3252,4657,81.526573999185,1,7,132,6,1aa32b0c9a3ae118,992.800,1208.200,34.700,0.500,0,1,429
4658,4658,81.544228165851,81.544231999185,3253,4658,81.544076399185,1,11,192,7,8f2aeb3ba655b64c,1019.900,1252.700,42.500,1.300,0,1,431
4659,4659,81.561730699184,81.561734532518,3254,4659,81.561578932518,1,11,203,8,beaa0133273442aa,1074.300,1141.800,45.000,0.900,0,1,431
4660,4660,81.579233199184,81.579237032518,3255,4660,81.579081432518,1,12,232,11,3ac5b5e25438c522,1008.700,1155.300,51.300,1.100,0,1,434
4661,4661,81.596735565851,81.596739399184,3256,4661,81.596583799184,1,12,209,15,6e8aaf18aad20201,1029.000,1157.800,46.300,0.500,0,1,437
4662,4662,81.614213765851,81.614217599184,3257,4662,81.614086265851,1,13,193,18,8e32e9c1ccb75f5c,983.000,1139.500,43.300,0.500,0,1,441
4663,4663,81.631684465850,81.631688299184,3258,4663,81.631589165850,1,14,208,18,a3359c54f462b5b1,1049.300,1180.700,46.100,0.500,0,1,446
4664,4664,81.649186532517,81.649190365850,3259,4664,81.649091232517,1,12,223,20,8653ef38f938d611,982.200,1187.200,49.400,0.300,0,1,453
4665,4665,81.666689065850,81.666692899183,3260,4665,81.666593765850,1,16,221,25,e4a076f30cced8eb,974.500,1213.100,48.900,0.700,0,1,455
4666,4666,81.684191465850,81.684195299183,3261,4666,81.684096165850,1,13,181,29,e34f652b9e9449e6,1017.400,1187.600,40.000,0.700,0,1,462
4667,4667,81.701693999183,81.701697832516,3262,4667,81.701598699183,1,19,208,38,dfabb6bc29b8474d,986.600,1173.300,58.800,0.400,0,1,466
4668,4668,81.719196499183,81.719200332516,3263,4668,81.719101199183,1,21,227,45,9fa060f93c45ca6c,992.200,1193.800,50.300,0.500,0,1,473
4669,4669,81.736698932516,81.736702765849,3264,4669,81.736603632516,1,20,234,55,8bbb2968233ac8aa,1019.400,1191.500,51.800,0.400,0,1,477
4670,4670,81.754201432516,81.754205265849,3265,4670,81.754106132516,1,27,290,69,b9ede8a4d6dd1f5c,1033.000,1256.900,64.800,0.400,0,1,478
4671,4671,81.771704165849,81.771707999182,3266,4671,81.771608865849,1,29,305,79,df0baae304090239,1022.500,1298.600,67.500,0.600,0,1,483
4672,4672,81.789206399182,81.789210232515,3267,4672,81.789111099182,1,27,296,94,16d21c17022c35e2,1002.600,1258.600,65.600,0.400,0,1,491
4673,4673,81.806707632515,81.806711465849,3268,4673,81.806613499182,1,31,332,103,fa51a2f1fff3ca7e,1028.200,1287.700,73.500,1.300,0,1,490
4674,4674,81.824210099182,81.824213932515,3269,4674,81.824115965848,1,34,375,122,e69d542f4a4a80ab,1020.100,1326.700,83.500,0.400,0,1,499
4675,4675,81.841712532515,81.841716365848,3270,4675,81.841618399182,1,33,375,142,3f01ca9f3ab6c462,1055.600,1295.300,83.000,1.100,0,1,508
4676,4676,81.859215065848,81.859218899181,3271,4676,81.859120932515,1,36,391,152,ce25a35249571c73,1017.300,1315.900,86.600,0.600,0,1,512
4677,4677,81.876717532515,81.876721365848,3272,4677,81.876623399181,1,39,412,178,5bc476000b9cb29b,1059.000,1371.600,91.100,1.600,0,1,518
4678,4678,81.894219965848,81.894223799181,3273,4678,81.894125832514,1,41,456,199,a76d3d7a14a7d16f,994.400,1333.700,101.000,0.400,0,1,525
4679,4679,81.911722832514,81.911726665848,3274,4679,81.911628699181,1,41,496,223,5b5c0344605d4ab3,983.900,1378.000,109.800,0.900,0,1,535
4680,4680,81.929224965847,81.929228799181,3275,4680,81.929130832514,1,46,518,239,49f1b8ca7117d47b,1002.200,1363.100,114.700,0.400,0,1,545
4681,4681,81.946723932514,81.946727765847,3276,4681,81.946633265847,1,47,508,262,4ce8b7b3c4960dda,1013.900,1389.500,112.400,0.500,0,1,554
4682,4682,81.964209332514,81.964213165847,3277,4682,81.964135732514,1,54,539,289,79eb57d014c0b41a,994.700,1404.600,119.300,0.500,0,1,563
4683,4683,81.981708299180,81.981712132514,3278,4683,81.981638199180,1,54,576,322,07492349f35061bf,1018.700,1412.600,127.500,1.700,0,1,574
4684,4684,81.999210799180,81.999214632513,3279,4684,81.999140699180,1,52,560,350,de6243d66674e14a,1013.500,1412.700,124.100,0.600,0,1,581
4685,4685,82.016713299180,82.016717132513,3280,4685,82.016643199180,1,58,620,377,508255edaa47aeca,1071.400,1434.000,137.200,0.400,0,1,583
4686,4686,82.034215765846,82.034219599180,3281,4686,82.034145665846,1,57,617,408,6c842b525bacf5c5,991.600,1444.500,136.600,1.000,0,1,586
4687,4687,82.051718465846,82.051722299179,3282,4687,82.051648365846,1,56,617,446,a2e565a46dad3dd1,1057.900,1725.100,136.600,0.800,0,1,595
4688,4688,82.069220699179,82.069224532513,3283,4688,82.069150599179,1,60,682,476,2a32bc6962695766,1001.700,1501.100,151.000,0.500,0,1,599
4689,4689,82.086734365846,82.086738199179,3284,4689,82.086664265846,1,62,739,522,98b04887c33983a7,1012.100,1547.200,164.500,0.400,0,1,607
4690,4690,82.104225632512,82.104229465846,3285,4690,82.104155532512,1,64,747,561,6227d5f2c2e8d05a,989.500,1492.500,165.300,0.800,0,1,615
4691,4691,82.121728099179,82.121731932512,3286,4691,82.121657999179,1,69,808,611,67fcea08ff53db19,1011.500,1502.800,179.500,0.500,0,1,617
4692,4692,82.139228165845,82.139231999179,3287,4692,82.139160399179,1,66,762,664,4e5ea5845a2f11fa,1011.100,1655.500,169.600,0.400,0,1,623
4693,4693,82.156730699178,82.156734532512,3288,4693,82.156662932512,1,76,846,703,9b33723fbba844a9,1365.200,1599.900,188.000,0.600,0,1,620
4694,4694,82.174233165845,82.174236999178,3289,4694,82.174165399178,1,77,862,737,6b262b96e301b1c6,1066.600,1501.000,190.800,0.500,0,1,623
4695,4695,82.191736132511,82.191739965845,3290,4695,82.191668365845,1,85,914,784,21982627a8bb343e,1032.600,1533.600,208.700,0.600,0,1,622
4696,4696,82.209238165845,82.209241999178,3291,4696,82.209170399178,1,90,949,837,0e2af86403585b59,1003.000,1610.200,210.900,0.500,0,1,617
4697,4697,82.226740599178,82.226744432511,3292,4697,82.226672832511,1,96,1003,883,6d2248d85d963536,1051.800,1591.000,222.000,0.500,0,1,612
4698,4698,82.244243065844,82.244246899178,3293,4698,82.244175299178,1,108,1138,933,ea5d31f48d604aca,981.100,1685.400,252.200,0.300,0,1,644
4699,4699,82.261745465844,82.261749299177,3294,4699,82.261677699177,1,113,1171,975,d7d9745c9a633daa,1053.500,1750.800,259.200,0.500,0,1,692
4700,4700,82.279248032511,82.279251865844,3295,4700,82.279180265844,1,119,1212,1022,f6b1d2d9e8a2cfdb,974.200,1768.500,273.200,1.000,0,1,735
4701,4701,82.296712999177,82.296725665844,3296,4701,82.296682665844,1,131,1331,1076,fa52be7b6482122b,1014.000,1830.400,294.500,0.600,0,1,782
4702,4702,82.314246999177,82.314251099177,3297,4702,82.314185165844,1,133,1274,1089,89f17947463e9b7c,1018.700,1871.300,281.900,0.400,0,1,830
4703,4703,82.331749699177,82.331753799177,3298,4703,82.331687865843,1,153,1521,1146,3a61883f4306d554,993.400,1990.500,337.100,0.500,0,1,861
4704,4704,82.349251865843,82.349255965843,3299,4704,82.349190032510,1,149,1582,1203,c99e01cf9939e788,977.800,2125.200,371.500,0.900,0,1,921
4705,4705,82.366754432510,82.366758532510,3300,4705,82.366692599176,1,154,1575,1281,8becfaf88496abc9,1004.000,2087.500,348.500,0.500,0,1,982
4706,4706,82.384256932509,82.384261032509,3301,4706,82.384195099176,1,169,1728,1352,f1f852f53169d40e,1028.200,2225.000,382.500,0.600,0,1,1071
4707,4707,82.401759399176,82.401763499176,3302,4707,82.401697565843,1,187,1945,1385,d6d8fbbaef34cff6,1008.100,2361.900,430.300,0.500,0,1,1238
4708,4708,82.419261799176,82.419265899176,3303,4708,82.419199965842,1,166,1682,1322,943d589bd8a58b08,1116.400,2490.200,372.100,0.500,0,1,1420
4709,4709,82.436764332509,82.436768432509,3304,4709,82.436702499176,1,158,1484,1324,23e269c29ef45b87,1034.000,2526.300,329.200,0.600,0,1,1439
4710,4710,82.454266732509,82.454270832509,3305,4710,82.454204899175,1,157,1530,1301,2eb34952a59e9a2a,1031.500,2617.700,338.900,0.500,0,1,1434
4711,4711,82.471770765842,82.471774865842,3306,4711,82.471707765842,1,154,1534,1286,34c075ed52316388,995.200,2596.800,340.000,0.500,0,1,1424
4712,4712,82.489272899175,82.489276999175,3307,4712,82.489209932508,1,149,1460,1281,3a89c0659bfa7c0e,987.300,2539.300,323.000,0.900,0,1,1411
4713,4713,82.506775399175,82.506779499175,3308,4713,82.506712432508,1,147,1437,1266,e0f74f67b7dd28b3,1259.900,2760.400,322.800,0.600,0,1,1385
4714,4714,82.524277865841,82.524281965841,3309,4714,82.524214899175,1,146,1461,1230,ba0e205e47989421,1069.800,2640.600,331.900,1.500,0,1,1364
4715,4715,82.541780265841,82.541784365841,3310,4715,82.541717299175,1,144,1504,1226,03f5af9f74f8d73f,1022.700,2529.600,333.100,0.400,0,1,1354
4716,4716,82.559282732508,82.559286832508,3311,4716,82.559219765841,1,144,1422,1210,1b78fd9566234f8a,1019.900,2479.200,314.600,0.600,0,1,1342
4717,4717,82.576785232508,82.576789332508,3312,4717,82.576722265841,1,139,1292,1210,71f4a92fbb1401b0,1041.800,2422.300,286.300,0.600,0,1,1331
4718,4718,82.594287265841,82.594290965841,3313,4718,82.594224699174,1,144,1333,1202,017b1e2a0fb735d3,993.900,2349.500,295.900,0.600,0,1,1322
4719,4719,82.611792699174,82.611796799174,3314,4719,82.611727432507,1,143,1378,1202,7352b667829d2c2a,1058.000,2345.800,305.300,0.900,0,1,1311
4720,4720,82.629291032507,82.629294732507,3315,4720,82.629229632507,1,141,1434,1202,2bce3b86e65cb3b7,997.100,2365.600,328.800,0.500,0,1,1308
4721,4721,82.646796965840,82.646800665840,3316,4721,82.646732099174,1,143,1526,1202,1d615391b2029a65,1003.200,2484.100,337.700,0.500,0,1,1305
4722,4722,82.664295932507,82.664299632507,3317,4722,82.664234532507,1,145,1527,1210,c9430c36b4595350,1046.000,2471.700,346.400,0.600,0,1,1294
4723,4723,82.681805365840,82.681809065840,3318,4723,82.681737032507,1,148,1572,1222,a58b8d5a763cb63a,990.300,2375.700,351.900,0.500,0,1,1291
4724,4724,82.699300932506,82.699304632506,3319,4724,82.699239532506,1,147,1458,1238,b243e49919e953c3,1041.000,2467.400,322.900,0.400,0,1,1299
4725,4725,82.716810399173,82.716814099173,3320,4725,82.716742065839,1,149,1435,1262,61de05ec82afb392,995.200,2388.500,334.200,0.700,0,1,1300
4726,4726,82.734305965839,82.734309665839,3321,4726,82.734244565839,1,149,1490,1262,f5d63de02af78482,1016.600,2441.900,331.800,1.100,0,1,1300
4727,4727,82.751814499172,82.751818199172,3322,4727,82.751747332506,1,149,1488,1266,0b6109431141ca5b,983.000,2384.300,329.300,0.800,0,1,1300
4728,4728,82.769309732506,82.769313432506,3323,4728,82.769249499172,1,153,1550,1290,fe7a394a8ef3f38d,1005.400,2362.000,342.900,0.400,0,1,1298
4729,4729,82.786819099172,82.786822799172,3324,4729,82.786751932505,1,154,1544,1318,c5e177aeae10624b,1018.900,2359.000,341.600,0.500,0,1,1299
4730,4730,82.804321532505,82.804325232505,3325,4730,82.804254365839,1,157,1688,1318,4b0d430b7dedbc0d,1030.200,2668.000,373.900,0.400,0,1,1295
4731,4731,82.821818799172,82.821822499172,3326,4731,82.821756832505,1,150,1551,1318,a34fe50883041b6f,1024.500,2477.800,343.700,0.600,0,1,1300
4732,4732,82.839321332505,82.839325032505,3327,4732,82.839259365838,1,151,1511,1342,89fd7bbd085fcbc5,997.800,2425.600,334.500,0.300,0,1,1311
4733,4733,82.856823799171,82.856827499171,3328,4733,82.856761832505,1,154,1475,1366,2ef469f2917f2d75,1083.800,2464.300,327.100,0.600,0,1,1324
4734,4734,82.874326232505,82.874329932505,3329,4734,82.874264265838,1,159,1561,1390,e2a8e7b45a9c8936,1021.400,2426.100,351.400,0.800,0,1,1336
4735,4735,82.891826632504,82.891830332504,3330,4735,82.891766999171,1,158,1622,1439,faee457f40119705,1000.100,2471.000,359.500,0.900,0,1,1351
4736,4736,82.909328799171,82.909332499171,3331,4736,82.909269165838,1,160,1675,1462,b989578a732fbf19,1001.400,2474.900,377.800,0.700,0,1,1365
4737,4737,82.926831299171,82.926834999171,3332,4737,82.926771665837,1,161,1620,1497,b8a581a68b76fe60,1035.800,2629.300,359.000,0.700,0,1,1376
4738,4738,82.944333832504,82.944337532504,3333,4738,82.944274199171,1,165,1694,1513,52f4163e8ebfe963,976.700,2484.900,375.300,0.500,0,1,1388
4739,4739,82.961836332504,82.961840032504,3334,4739,82.961776699170,1,168,1727,1561,84afdc472506d075,1010.800,2516.200,387.900,0.500,0,1,1402
4740,4740,82.979345665837,82.979349365837,3335,4740,82.979279099170,1,171,1815,1592,2d66932c4acd3210,1008.600,2504.100,408.600,1.100,0,1,1411
4741,4741,82.996848132503,82.996851832503,3336,4741,82.996781565837,1,176,1823,1599,df18adebc4d20551,1226.600,2692.400,404.500,0.400,0,1,1418
4742,4742,83.014357532503,83.014361232503,3337,4742,83.014284032503,1,176,1841,1598,bce07d4ca572a2cd,1019.200,2566.300,415.400,0.800,0,1,1426
4743,4743,83.031879999170,83.031883832503,3338,4743,83.031786932503,1,179,1821,1622,1744ab2a81674cec,990.800,2612.100,407.800,1.100,0,1,1432
4744,4744,83.049385499170,83.049389332503,3339,4744,83.049288932503,1,177,1822,1599,2ffe1865b23eaf97,1062.100,2572.800,403.100,0.500,0,1,1448
4745,4745,83.066888099169,83.066891932503,3340,4745,83.066791532503,1,177,1800,1574,ab8fc097ece57444,1036.100,2580.400,398.600,0.600,0,1,1458
4746,4746,83.084401765836,83.084405599169,3341,4746,83.084305199169,1,181,1803,1554,83c3b46270d29a63,1003.200,2588.000,403.600,1.000,0,1,1465
4747,4747,83.101892965836,83.101896799169,3342,4747,83.101796365836,1,175,1785,1563,451043a46052abb1,1039.400,2650.600,426.800,0.600,0,1,1478
4748,4748,83.119329165835,83.119341832502,3343,4748,83.119298832502,1,172,1745,1550,57162aeedaa8e7d8,1114.000,2681.800,387.100,0.400,0,1,1490
4749,4749,83.136863065835,83.136867165835,3344,4749,83.136801232502,1,168,1718,1538,5414ab84c2ad6605,1098.200,2572.500,381.300,0.500,0,1,1496
4750,4750,83.154365799168,83.154369632502,3345,4750,83.154303865835,1,174,1793,1527,0d4c7ea6df15fd28,1029.100,2676.300,398.900,0.200,0,1,1502
4751,4751,83.171868465835,83.171872299168,3346,4751,83.171806532502,1,173,1783,1517,4c22854dbdab2ee5,1026.800,2672.100,443.700,1.200,0,1,1502
4752,4752,83.189370699168,83.189374532501,3347,4752,83.189308765835,1,179,1853,1520,790bc62d1c7b39a4,1026.500,2620.000,410.000,0.600,0,1,1505
4753,4753,83.206873199168,83.206877032501,3348,4753,83.206811265835,1,177,1844,1508,33319e227c098807,1006.900,2824.900,409.000,0.400,0,1,1510
4754,4754,83.224370965834,83.224374799168,3349,4754,83.224313699168,1,178,1849,1499,5caaa5ec0f570480,1089.100,2705.000,416.000,0.600,0,1,1512
4755,4755,83.241846565834,83.241859232501,3350,4755,83.241816232501,1,180,1843,1492,1f3dc3854fa23818,1107.700,2732.100,408.600,0.600,0,1,1515
4756,4756,83.259370099167,83.259373932501,3351,4756,83.259318665834,1,183,1918,1484,8e109bcbf588e389,997.700,2670.100,482.100,0.600,0,1,1511
4757,4757,83.276872599167,83.276876432501,3352,4757,83.276821165834,1,183,1901,1472,a09f0962ec2330e5,1006.200,2793.300,472.500,0.500,0,1,1509
4758,4758,83.294370299167,83.294374132500,3353,4758,83.294323532500,1,180,1894,1466,999beb2ccf87027d,999.200,2964.300,421.800,0.500,0,1,1512
4759,4759,83.311873199167,83.311877032500,3354,4759,83.311826432500,1,174,1864,1484,6acf6852493bd8b3,997.200,2621.600,412.400,0.500,0,1,1516
4760,4760,83.329375232500,83.329379065833,3355,4760,83.329328465833,1,170,1849,1474,7c18c52135f4cda3,1014.000,2612.400,409.700,0.400,0,1,1521
4761,4761,83.346877665833,83.346881499167,3356,4761,83.346830899167,1,173,1868,1469,09c59dd56c5d99a5,1003.800,2651.300,416.200,0.800,0,1,1520
4762,4762,83.364375499166,83.364379332500,3357,4762,83.364333399166,1,175,1943,1462,bdf6a6aae1efef23,984.600,2701.500,430.400,0.500,0,1,1514
4763,4763,83.381877965833,83.381881799166,3358,4763,83.381835865833,1,177,1962,1455,c0d50a87f7fc45a7,1089.800,2625.000,438.900,0.600,0,1,1513
4764,4764,83.399380432499,83.399384265833,3359,4764,83.399338332499,1,176,1944,1448,46eea4ed6d1e282a,979.300,2698.400,431.100,0.600,0,1,1511
4765,4765,83.416875999166,83.416883532499,3360,4765,83.416840899166,1,174,1977,1440,bc0b944fea6b791e,1031.200,2632.500,452.300,0.600,0,1,1510
4766,4766,83.434378432499,83.434385965832,3361,4766,83.434343332499,1,174,1966,1433,f52ac08634ef99a1,985.900,2719.300,435.400,0.500,0,1,1510
4767,4767,83.451881199165,83.451888732499,3362,4767,83.451846099165,1,172,1949,1424,33be77b62f730d6b,994.600,2670.500,483.700,0.500,0,1,1510
4768,4768,83.469383432499,83.469390965832,3363,4768,83.469348332499,1,170,1943,1414,6b36847e698613b4,997.800,2719.100,474.900,0.600,0,1,1510
4769,4769,83.486888199165,83.486893399165,3364,4769,83.486850765832,1,170,1933,1411,fca0dd6fa898dc61,1014.800,2753.600,428.400,0.800,0,1,1509
4770,4770,83.504390732498,83.504395932498,3365,4770,83.504353299165,1,164,1894,1402,55e59b98a36c6a6d,994.200,2594.400,419.500,0.300,0,1,1510
4771,4771,83.521893099165,83.521898299165,3366,4771,83.521855665831,1,165,1884,1395,cddf6b9235162952,1016.300,2702.100,418.500,0.800,0,1,1508
4772,4772,83.539388565831,83.539400765831,3367,4772,83.539358132498,1,166,1917,1383,426a423c5f02c6f5,990.200,2621.000,424.900,0.600,0,1,1506
4773,4773,83.556891132498,83.556903332498,3368,4773,83.556860699164,1,169,1959,1370,d4602cea1b2e8abc,1071.500,2657.000,433.700,0.400,0,1,1505
4774,4774,83.574393499164,83.574405699164,3369,4774,83.574363065831,1,168,1929,1341,a4bdf30568fc05b4,1023.500,2633.500,436.800,0.500,0,1,1503
4775,4775,83.591901132497,83.591908665831,3370,4775,83.591866032497,1,84,1063,508,394420771c05ad91,1035.600,2588.200,242.000,0.900,0,1,1502
4776,4776,83.609403932497,83.609410899164,3371,4776,83.609367999164,1,87,1076,508,b29e93ec9238d410,1010.200,2420.700,238.100,0.800,0,1,1500
4777,4777,83.626900832497,83.626913399164,3372,4777,83.626870499164,1,89,1088,499,27629a45cec3c937,1015.200,2419.800,240.700,0.500,0,1,1498
4778,4778,83.644403299164,83.644415865830,3373,4778,83.644372965830,1,91,1167,497,bdcca86e9bc465ff,1028.000,2462.400,258.200,0.700,0,1,1492
4779,4779,83.661905765830,83.661918332497,3374,4779,83.661875432497,1,94,1139,491,9c84b3c38019383e,1012.000,2422.100,252.000,0.500,0,1,1488
4781,4781,83.696910832496,83.696923399163,3375,4781,83.696880499163,1,102,1194,476,1542108c26ed56e2,996.500,2423.900,264.900,0.700,0,1,1475
4783,4783,83.731941665829,83.731945765829,3376,4783,83.731885665829,1,96,1106,466,98284cf04f41aced,999.900,2417.900,244.800,0.700,0,1,1465
4784,4784,83.749443832496,83.749447932496,3377,4784,83.749387832496,1,98,1159,456,8b713e0449a60d84,1014.700,2394.000,256.400,0.400,0,1,1457
4785,4785,83.766945099162,83.766949199162,3378,4785,83.766890265829,1,102,1184,451,5d89861fb03d760f,985.400,2377.600,267.200,0.600,0,1,1447
4786,4786,83.784447699162,83.784451799162,3379,4786,83.784392865829,1,104,1201,441,2b756b67f3909aa2,998.100,2443.000,267.500,0.500,0,1,1446
4787,4787,83.801925665829,83.801938332495,3380,4787,83.801895332495,1,104,1197,434,dfb78c4a267bb5fb,980.800,2432.100,269.400,0.500,0,1,1442
4788,4788,83.819428099162,83.819440732495,3381,4788,83.819397765828,1,106,1186,427,4bc0b952a39d0109,1014.800,2474.500,263.700,0.500,0,1,1436
4789,4789,83.836930465828,83.836943132495,3382,4789,83.836900132495,1,108,1219,420,7635ab42a9858d81,1021.400,2502.900,271.000,1.400,0,1,1429
4790,4790,83.854460932495,83.854465032495,3383,4790,83.854402632495,1,102,1124,416,61c0588071707ce4,1021.800,2393.100,249.200,0.500,0,1,1426
4791,4791,83.871967599161,83.871971699161,3384,4791,83.871905565828,1,101,1115,411,eda722be517f46a9,1046.800,2377.200,246.700,0.800,0,1,1423
4792,4792,83.889437865828,83.889450532494,3385,4792,83.889407532494,1,97,1088,401,4fa31f3f25f3e687,1043.300,2411.000,241.300,0.500,0,1,1420
4793,4793,83.906942232494,83.906952932494,3386,4793,83.906910032494,1,99,1180,396,5a7904d92f7b6db8,1010.600,2558.000,261.700,1.400,0,1,1414
4794,4794,83.924475832494,83.924479932494,3387,4794,83.924412599161,1,99,1149,393,1a1bd660bf4b110c,1072.500,2474.800,254.500,0.800,0,1,1407
4795,4795,83.941945299161,83.941957865827,3388,4795,83.941914965827,1,102,1214,391,c2212d5a718a3df1,1047.900,2509.300,268.600,0.700,0,1,1399
4796,4796,83.959479565827,83.959483665827,3389,4796,83.959417499160,1,109,1252,385,9116ec6f5bd72392,1016.900,2361.400,276.900,0.500,0,1,1386
4797,4797,83.976983965827,83.976988065827,3390,4797,83.976920032494,1,108,1238,381,779a24192ccce4af,1028.800,2367.800,274.600,0.800,0,1,1374
4798,4798,83.994486332493,83.994490432493,3391,4798,83.994422399160,1,109,1195,387,dbc1f9e83a2006e8,1026.100,2410.100,270.800,0.700,0,1,1360
4799,4799,84.011957399160,84.011968099160,3392,4799,84.011925199160,1,105,1177,384,53f2a3b5aac37307,997.100,2341.700,260.400,0.500,0,1,1354
4800,4800,84.029487532493,84.029491632493,3393,4800,84.029427332493,1,96,1087,374,806481f0c5419609,986.100,2298.500,240.400,0.500,0,1,1356
4801,4801,84.046988399160,84.046992499160,3394,4801,84.046929832493,1,94,970,367,077400c8048def6d,990.700,2312.100,215.100,0.300,0,1,1350
4802,4802,84.064492799159,84.064496899159,3395,4802,84.064432365826,1,97,953,364,882e0041b948f9fe,1016.000,2288.900,210.900,0.500,0,1,1340
4803,4803,84.081976432493,84.081989099159,3396,4803,84.081946099159,1,95,958,362,8a571f6f7bc0bfa4,1008.800,2269.100,211.900,0.700,0,1,1334
4804,4804,84.099492032492,84.099496132492,3397,4804,84.099437199159,1,94,945,354,62b0c00e30618dd6,988.600,2243.600,209.100,0.300,0,1,1332
4805,4805,84.116997632492,84.117001732492,3398,4805,84.116939765825,1,94,1009,348,b8c0eb2df33a52e6,994.800,2417.500,224.000,0.400,0,1,1325
4806,4806,84.134474432492,84.134485132492,3399,4806,84.134442232492,1,91,955,344,d23a1eb3e014e9b1,992.400,2347.600,216.700,0.300,0,1,1320
4807,4807,84.152004865825,84.152008965825,3400,4807,84.151945132492,1,90,968,340,58cd45ca65896ab9,1005.600,2300.500,224.900,0.600,0,1,1316
4808,4808,84.169507565825,84.169511665825,3401,4808,84.169447132492,1,85,953,332,57a39ea45cc1a366,1003.400,2279.200,210.800,0.600,0,1,1311
4809,4809,84.187010065825,84.187014165825,3402,4809,84.186949632491,1,84,933,325,1babdaf3dc9601dd,1025.700,2353.200,206.500,0.900,0,1,1307
4810,4810,84.204516332491,84.204520432491,3403,4810,84.204452165825,1,84,1059,322,6357700f729715ef,988.200,2230.400,234.300,0.800,0,1,1301
4811,4811,84.222015299158,84.222019399158,3404,4811,84.221954632491,1,85,1075,319,8e0acb48280ea03d,994.500,2239.400,238.100,0.600,0,1,1292
4812,4812,84.239521365824,84.239525465824,3405,4812,84.239456965824,1,86,1056,314,9dada8cfe38e3027,1001.700,2213.400,233.700,0.400,0,1,1288
4813,4813,84.257027699157,84.257031799157,3406,4813,84.256959565824,1,84,1025,307,705486161e8f54c8,1036.300,2337.100,228.000,0.400,0,1,1281
4814,4814,84.274494232491,84.274505032491,3407,4814,84.274462032491,1,79,908,302,b93916f165b7e769,1047.200,2267.100,201.100,0.400,0,1,1277
4815,4815,84.292019899157,84.292023999157,3408,4815,84.291964699157,1,75,888,297,48fc949a2c671f8e,974.500,2296.400,196.700,0.700,0,1,1273
4816,4816,84.309523099157,84.309527199157,3409,4816,84.309466865824,1,81,918,289,8f8fbee93ea7c94e,1004.300,2171.200,203.100,0.500,0,1,1266
4817,4817,84.327027465823,84.327031565823,3410,4817,84.326969365823,1,72,852,278,71bcd0c496ad79a7,997.400,2121.400,189.100,0.300,0,1,1265
4818,4818,84.344531865823,84.344535965823,3411,4818,84.344471899157,1,40,476,0,7056ebb29966fbb9,1049.300,1985.900,105.400,1.100,0,1,1215
4819,4819,84.362047432490,84.362051532490,3412,4819,84.361974399156,1,41,503,1,37d9a97b659c6228,1027.500,1965.600,111.400,0.300,0,1,1208
4820,4820,84.379551765823,84.379555865823,3413,4820,84.379476865823,1,38,427,1,46423c3ada0acb53,991.500,1913.200,94.500,0.400,0,1,1206
4821,4821,84.397064165823,84.397068265823,3414,4821,84.396979332489,1,39,457,0,f4d52c5b17ee9de9,1005.000,2045.400,150.200,0.600,0,1,1200
4822,4822,84.414565799156,84.414569899156,3415,4822,84.414481799156,1,35,456,0,528632bed2d4a405,1003.000,1935.100,100.900,0.700,0,1,1197
4823,4823,84.432072365822,84.432076465822,3416,4823,84.431984632489,1,35,481,0,2a64b43e9b3f2636,1063.900,1938.700,106.500,0.900,0,1,1193
4824,4824,84.449520799156,84.449529732489,3417,4824,84.449486732489,1,35,468,0,85b392d0b763a788,1010.500,2000.900,103.500,0.600,0,1,1188
4825,4825,84.467019432489,84.467031999155,3418,4825,84.466989099155,1,33,439,0,146af737a60abf60,1034.800,1959.100,97.200,1.400,0,1,1185
4826,4826,84.484548332488,84.484552432488,3419,4826,84.484491632488,1,34,448,0,b08abe1544d58495,1003.100,1938.800,99.200,0.500,0,1,1181
4827,4827,84.502050765822,84.502054865822,3420,4827,84.501994065822,1,35,399,0,ccd7e18bebdc5e8a,1002.900,1884.000,88.300,0.500,0,1,1179
4828,4828,84.519528665821,84.519539465821,3421,4828,84.519496465821,1,35,423,0,d8e2a292a08fddad,993.500,1896.200,93.600,0.500,0,1,1177
4829,4829,84.537055632488,84.537059732488,3422,4829,84.536998932488,1,34,415,0,3470f572d67f34d3,999.600,1898.700,91.900,0.500,0,1,1176
4830,4830,84.554560132488,84.554564232488,3423,4830,84.554501565821,1,35,449,0,f03552b333a63c15,1019.300,1926.600,99.600,0.400,0,1,1176
4831,4831,84.572062865821,84.572066965821,3424,4831,84.572004299154,1,34,440,0,1143fde258b01a44,1013.500,1933.300,97.900,0.400,0,1,1179
4832,4832,84.589566832487,84.589570932487,3425,4832,84.589506399154,1,34,485,0,05fd96d482eb0395,1015.800,1948.900,107.300,0.400,0,1,1183
4833,4833,84.607072332487,84.607076432487,3426,4833,84.607008865821,1,37,503,0,b807b0be88de0384,999.700,2012.300,111.500,0.300,0,1,1186
4834,4834,84.624576699154,84.624580799154,3427,4834,84.624511365820,1,36,512,0,457ae0584dee90a4,991.900,1960.500,113.300,0.400,0,1,1194
4835,4835,84.642082932487,84.642087032487,3428,4835,84.642013865820,1,40,539,0,94af18fefd99cb19,1082.500,1986.100,119.300,0.500,0,1,1200
4836,4836,84.659587265820,84.659591365820,3429,4836,84.659516332487,1,42,525,0,ab9d5202274a601f,1010.500,1964.500,116.200,0.500,0,1,1207
4837,4837,84.677095365820,84.677099465820,3430,4837,84.677018832487,1,46,618,0,70236e3ad4fdfa7d,997.000,2185.500,136.800,0.700,0,1,1217
4838,4838,84.694599699153,84.694603799153,3431,4838,84.694521299153,1,44,629,0,14f81e9431a89dd6,1016.300,2205.000,139.700,0.300,0,1,1228
4839,4839,84.712104465820,84.712108565820,3432,4839,84.712024199153,1,51,727,0,b1c391468493feb8,1025.000,2181.800,188.100,0.700,0,1,1244
4840,4840,84.729606399153,84.729610499153,3433,4840,84.729526132486,1,48,703,0,6a129dcda435fe0f,1000.200,2197.300,155.600,0.500,0,1,1265
4841,4841,84.747108965819,84.747113065819,3434,4841,84.747028732486,1,49,649,0,b30c9038e17caea1,1000.200,2058.000,143.600,0.400,0,1,1282
4842,4842,84.764616665819,84.764620765819,3435,4842,84.764531065819,1,57,661,0,9ecdf984039432a6,1029.200,2086.600,146.300,0.500,0,1,1295
4843,4843,84.782119265819,84.782123365819,3436,4843,84.782033665819,1,61,713,0,a41ff7d2853fb9d5,988.500,2133.500,157.800,0.500,0,1,1315
4844,4844,84.799566399152,84.799578965819,3437,4844,84.799536099152,1,52,625,0,658b60c665b7e8c8,1013.300,2117.700,138.300,0.300,0,1,1347
4845,4845,84.817099965818,84.817104065818,3438,4845,84.817038632485,1,56,760,0,5045c9188978ce0f,983.000,2217.500,168.100,0.900,0,1,1361
4846,4846,84.834602432485,84.834606532485,3439,4846,84.834541099152,1,56,696,0,1e00f74aa58f23b9,1030.800,2265.000,154.000,0.400,0,1,1373
4847,4847,84.852107065818,84.852111165818,3440,4847,84.852043865818,1,46,484,0,bf7b16cd6bf2e994,1040.000,2155.000,107.100,0.800,0,1,1403
4848,4848,84.869609232485,84.869613332485,3441,4848,84.869546032485,1,35,501,0,7482abcd75c831a2,984.000,2322.400,115.100,0.500,0,1,1433
4849,4849,84.887113532484,84.887117632484,3442,4849,84.887048465818,1,31,430,0,44e4eba444cb295a,1011.500,2191.300,95.500,0.500,0,1,1434
4850,4850,84.904614765818,84.904618865818,3443,4850,84.904550865818,1,34,446,0,9eb8afc4e9a8785e,997.300,2287.700,98.700,0.300,0,1,1439
4851,4851,84.922117299151,84.922121399151,3444,4851,84.922053399151,1,34,506,1,241f5acb55a977e3,1000.900,2199.300,111.900,0.700,0,1,1448
4852,4852,84.939621599151,84.939625699151,3445,4852,84.939555832484,1,30,379,1,1fcee321b060dc9a,1007.700,2165.800,83.900,1.700,0,1,1451
4853,4853,84.957124165817,84.957128265817,3446,4853,84.957058399150,1,29,386,1,72d2a9f2f2cbe138,1034.500,2177.300,85.500,0.600,0,1,1451
4854,4854,84.974626532484,84.974630632484,3447,4854,84.974560765817,1,26,295,1,b36af539902727bd,1023.200,2158.700,65.300,0.900,0,1,1455
4855,4855,84.992129465817,84.992133565817,3448,4855,84.992063699150,1,26,300,1,b018ac2787446312,1001.900,2140.800,66.500,0.400,0,1,1455
4856,4856,85.009633299150,85.009637399150,3449,4856,85.009565665817,1,30,268,1,82e566abb188f22f,1004.200,2166.200,59.300,0.400,0,1,1456
4857,4857,85.027135765816,85.027139865816,3450,4857,85.027068132483,1,25,232,2,27745086b5f39c37,1000.200,2220.500,51.300,0.500,0,1,1460
4858,4858,85.044638265816,85.044642365816,3451,4858,85.044570632483,1,17,127,2,f00257d68ac4abfb,993.200,2149.500,28.100,0.600,0,1,1467
4859,4859,85.062144499149,85.062148599149,3452,4859,85.062073132483,1,23,184,2,4a3fe9ea618b9668,1041.800,2261.200,40.700,0.400,0,1,1460
4860,4860,85.079658265816,85.079662365816,3453,4860,85.079586899149,1,24,181,3,c0055ce0a5a70955,1015.000,2154.300,40.100,0.400,0,1,1459
4861,4861,85.097151399149,85.097155499149,3454,4861,85.097078165816,1,21,165,3,94dc2acdb09f4480,1006.100,2205.600,36.500,0.400,0,1,1460
4862,4862,85.114653799149,85.114657899149,3455,4862,85.114580565816,1,23,195,3,2fc6658535e177c4,1013.700,2213.200,43.100,0.500,0,1,1459
4863,4863,85.132156532482,85.132160632482,3456,4863,85.132083299149,1,25,214,4,38336ac7a17d417f,1009.300,2190.100,47.300,0.600,0,1,1454
4864,4864,85.149662499149,85.149666599149,3457,4864,85.149585532482,1,22,199,4,21e38b21429b0f28,968.100,2146.900,44.100,0.400,0,1,1456
4865,4865,85.167164965815,85.167169065815,3458,4865,85.167087999148,1,24,205,4,b681b771fe50a956,986.000,2332.100,46.500,0.700,0,1,1454
4866,4866,85.184669999148,85.184674099148,3459,4866,85.184591165815,1,20,179,4,05d6733eec6f4a58,1008.800,2179.200,39.600,0.600,0,1,1452
4867,4867,85.202123232481,85.202135799148,3460,4867,85.202092932481,1,21,219,4,e86638b94e1e8d91,964.100,2140.800,48.500,0.400,0,1,1453
4868,4868,85.219650199148,85.219654299148,3461,4868,85.219595399148,1,24,251,4,37401c13fd75e19b,1002.900,2174.100,55.500,0.500,0,1,1449
4869,4869,85.237154499148,85.237158599148,3462,4869,85.237097832481,1,24,259,4,16b36e5a71db5d8c,985.500,2143.500,57.400,0.400,0,1,1448
4870,4870,85.254662699147,85.254666799147,3463,4870,85.254600432481,1,23,252,4,545500440517d002,1005.400,2238.400,55.800,0.300,0,1,1448
4871,4871,85.272167332481,85.272171432481,3464,4871,85.272103199147,1,22,244,4,7d19c0f52feabc11,1017.700,2347.200,54.000,1.200,0,1,1448
4872,4872,85.289673199147,85.289677299147,3465,4872,85.289605332480,1,20,215,4,98ceff8be23fedd4,1060.100,2266.700,47.600,0.700,0,1,1448
4873,4873,85.307175665814,85.307179765814,3466,4873,85.307107799147,1,20,216,4,2e88778c766dce3c,984.700,2187.800,47.900,0.300,0,1,1447
4874,4874,85.324678199147,85.324682299147,3467,4874,85.324610332480,1,21,216,4,39c30283730cc69f,1036.500,2166.400,47.800,0.500,0,1,1447
4876,4876,85.359689065813,85.359693165813,3468,4876,85.359615132480,1,23,223,4,8217b8ffa7cada20,1006.900,2163.400,49.300,0.500,0,1,1445
4877,4877,85.377191565813,85.377195665813,3469,4877,85.377117632480,1,24,229,3,3c4a968497035fa8,1034.700,2143.200,50.700,0.500,0,1,1444
4878,4878,85.394694099146,85.394698199146,3470,4878,85.394620165813,1,24,227,2,7f0ca0d157104868,1017.300,2114.800,50.200,0.500,0,1,1444
4879,4879,85.412196899146,85.412200999146,3471,4879,85.412122965813,1,25,242,2,acbc22e217502b92,1038.100,2176.000,53.600,0.500,0,1,1443
4880,4880,85.429699032479,85.429703132479,3472,4880,85.429625099146,1,23,230,2,bd206ed678251db1,1018.000,2160.800,51.000,0.500,0,1,1442
4881,4881,85.447205199146,85.447209299146,3473,4881,85.447127532479,1,21,205,2,9c391f69be8dde76,1040.600,2195.900,45.400,0.500,0,1,1442
4882,4882,85.464713299145,85.464717399145,3474,4882,85.464630032479,1,23,206,2,89771e19a643edb8,995.800,2206.300,45.700,0.500,0,1,1440
4883,4883,85.482215699145,85.482219799145,3475,4883,85.482132432479,1,21,231,1,e9ac53f331f8d9b4,1107.700,2134.600,51.100,0.400,0,1,1439
4884,4884,85.499720032478,85.499724132478,3476,4884,85.499634899145,1,23,234,1,d799a03b32f1a71e,997.100,2248.200,51.900,0.400,0,1,1439
4885,4885,85.517224365811,85.517228465811,3477,4885,85.517137365811,1,24,222,1,0112b3c54ddb1ddf,1000.300,2237.700,49.200,0.500,0,1,1437
4886,4886,85.534728099145,85.534732199145,3478,4886,85.534639932478,1,21,235,1,5ae59b927deac76d,994.400,2285.100,52.000,0.700,0,1,1436
4887,4887,85.552231032478,85.552235132478,3479,4887,85.552142865811,1,23,258,1,cf6a957d6836e253,975.000,2146.100,57.100,0.400,0,1,1436
4888,4888,85.569738665811,85.569742765811,3480,4888,85.569644899144,1,23,256,1,74911dd0eb2d46b5,1016.100,2123.800,57.000,0.400,0,1,1435
4889,4889,85.587244865811,85.587248965811,3481,4889,85.587147365811,1,22,258,1,fdab8b9748067451,1047.900,2191.100,57.100,0.400,0,1,1435
4890,4890,85.604747299144,85.604751399144,3482,4890,85.604649799144,1,21,245,0,289b82e13798d112,1021.900,2133.000,54.200,0.400,0,1,1436
4891,4891,85.622249799144,85.622253899144,3483,4891,85.622152299144,1,21,222,0,ffab2a62781d0aa5,1001.700,2109.700,49.200,0.500,0,1,1437
4892,4892,85.639685099144,85.639697765810,3484,4892,85.639654799144,1,20,213,0,7b98685c95d7f122,995.600,2152.300,47.800,0.600,0,1,1436
4893,4893,85.657217332477,85.657221432477,3485,4893,85.657157165810,1,22,232,0,57ee7d48a646b69e,1116.900,2223.800,51.400,0.400,0,1,1433
4894,4894,85.674723499143,85.674727599143,3486,4894,85.674659599143,1,22,233,0,fd806c19af9a850a,1030.100,2186.500,51.700,0.600,0,1,1432
4895,4895,85.692226299143,85.692230399143,3487,4895,85.692162399143,1,24,257,0,16165e2323cdfad1,1008.300,2185.900,56.900,0.400,0,1,1431
4896,4896,85.709730299143,85.709734399143,3488,4896,85.709664532476,1,23,252,0,7337910a783e4208,978.200,2127.700,55.700,0.400,0,1,1433
4897,4897,85.727234632476,85.727238732476,3489,4897,85.727166999143,1,22,249,0,32ae58e4b6cc6a7b,980.200,2116.400,55.200,0.800,0,1,1432
4898,4898,85.744742832476,85.744746932476,3490,4898,85.744669599143,1,23,250,0,756eef5e096d6b65,1011.300,2224.500,55.300,0.400,0,1,1431
4899,4899,85.762245232476,85.762249332476,3491,4899,85.762171999142,1,23,276,0,fb8ab18808ad3157,1015.800,2266.500,61.100,0.500,0,1,1430
4900,4900,85.779747699142,85.779751799142,3492,4900,85.779674465809,1,22,272,0,b3e1b89ccbee00b7,1003.400,2115.000,60.200,0.700,0,1,1428
4901,4901,85.797250799142,85.797254899142,3493,4901,85.797176865809,1,23,367,21,f7e73383bafa7cab,997.300,2127.600,81.200,0.800,0,1,1427
4902,4902,85.814753432475,85.814757532475,3494,4902,85.814679499142,1,24,407,21,c8a3b36fec4ff89d,989.800,2160.100,90.100,0.800,0,1,1427
4903,4903,85.832258165808,85.832262265808,3495,4903,85.832182365808,1,25,438,26,3038bc32fadfb586,990.100,2147.600,96.900,0.400,0,1,1425
4904,4904,85.849760099142,85.849764199142,3496,4904,85.849684299142,1,23,417,26,46690abcc02f99a5,968.100,2187.700,92.300,0.600,0,1,1423
4905,4905,85.867264499141,85.867268599141,3497,4905,85.867186832475,1,23,407,26,4c439a34fec41a0b,992.400,2166.700,90.100,0.600,0,1,1423
4906,4906,85.884770665808,85.884774765808,3498,4906,85.884689265808,1,25,418,26,3fbf948d69ad8ec8,988.400,2149.600,92.600,0.500,0,1,1421
4907,4907,85.902274965808,85.902279065808,3499,4907,85.902191699141,1,23,407,26,74637e327b641d0f,1021.100,2200.300,90.100,0.400,0,1,1422
4908,4908,85.919779399141,85.919783499141,3500,4908,85.919694265807,1,23,406,26,35c4cd719554a041,1036.100,2235.700,89.900,0.400,0,1,1422
4909,4909,85.937281765807,85.937285865807,3501,4909,85.937196632474,1,25,416,26,d935ba4cc3b545d9,979.400,2122.600,92.100,0.300,0,1,1421
4910,4910,85.954789032474,85.954793132474,3502,4910,85.954699232474,1,26,423,26,de97ca0942c488ca,990.900,2289.000,93.600,0.500,0,1,1420
4911,4911,85.972293665807,85.972297765807,3503,4911,85.972201999140,1,25,412,25,91c629c9be756e40,1019.200,2181.400,91.200,0.800,0,1,1419
4912,4912,85.989797665807,85.989801765807,3504,4912,85.989704132473,1,25,409,25,66718a6155313087,1077.600,2167.700,90.500,0.800,0,1,1419
4913,4913,86.007300132473,86.007304232473,3505,4913,86.007206599140,1,24,380,24,4849c5f9919c7fcf,1001.700,2156.800,84.200,0.500,0,1,1419
4914,4914,86.024804399140,86.024808499140,3506,4914,86.024708999140,1,25,382,24,3481d6e722a37825,1079.600,2257.900,84.600,0.700,0,1,1418
4915,4915,86.042306932473,86.042311032473,3507,4915,86.042211532473,1,26,370,22,8922c0edefc99169,974.600,2131.200,81.900,0.600,0,1,1417
4916,4916,86.059809332473,86.059813432473,3508,4916,86.059713932473,1,25,395,26,66421fae07ee8f28,984.300,2175.400,87.400,0.500,0,1,1416
4917,4917,86.077325065806,86.077329165806,3509,4917,86.077227799139,1,23,365,26,7e82dabdb2ec0c69,982.700,2126.300,80.800,0.400,0,1,1416
4918,4918,86.094821532472,86.094825632472,3510,4918,86.094718899139,1,22,354,26,8fd7781f79fdc2d1,1105.400,2146.200,78.300,0.700,0,1,1416
4919,4919,86.112324565806,86.112328665806,3511,4919,86.112221932472,1,22,357,21,5ecb0d71bb494510,972.100,2220.800,84.100,0.600,0,1,1415
4920,4920,86.129826499139,86.129830599139,3512,4920,86.129723865805,1,20,310,21,2a33c466cdf5adb9,994.000,2107.300,68.600,0.300,0,1,1414
4921,4921,86.147328932472,86.147333032472,3513,4921,86.147226299139,1,23,324,20,9dc32c7514f74b6e,990.600,2108.900,71.700,0.400,0,1,1411
4922,4922,86.164831599138,86.164835432472,3514,4922,86.164728865805,1,24,362,20,08657924145b1a0e,1224.600,2158.100,80.100,0.500,0,1,1409
4923,4923,86.182334032472,86.182337865805,3515,4923,86.182231299138,1,24,362,20,85f132914560585d,1146.500,2190.200,80.200,0.500,0,1,1409
4924,4924,86.199836532471,86.199840365805,3516,4924,86.199733799138,1,25,405,20,ea3d176997fac773,1033.900,2149.600,89.600,0.600,0,1,1407
4925,4925,86.217340865804,86.217344699138,3517,4925,86.217236265804,1,27,397,19,5b00063c9f67aa69,1119.100,2160.300,87.900,0.400,0,1,1405
4926,4926,86.234845665804,86.234849499138,3518,4926,86.234738732471,1,22,197,0,281115c0fbefc68f,984.200,1937.500,43.600,0.500,0,1,1300
4927,4927,86.252378265804,86.252382099137,3519,4927,86.252241465804,1,21,171,0,85fcdafc7c0750b9,1096.800,1976.500,37.800,0.500,0,1,1299
4928,4928,86.269882365804,86.269886199137,3520,4928,86.269743699137,1,22,200,0,dbee5412ea58149e,988.000,2029.600,44.300,0.500,0,1,1298
4929,4929,86.287386732470,86.287390565804,3521,4929,86.287246199137,1,23,207,0,e3f73a516aee056f,1010.900,2630.900,46.700,0.500,0,1,1297
4930,4930,86.304891032470,86.304894865804,3522,4930,86.304748632470,1,23,192,0,5f4b06d6ae471867,1016.800,1951.800,42.500,0.400,0,1,1297
4931,4931,86.322393499137,86.322397332470,3523,4931,86.322251099137,1,22,169,0,667765016ee8e6c9,1020.600,1936.300,37.400,0.300,0,1,1297
4932,4932,86.339899699137,86.339903532470,3524,4932,86.339753565803,1,21,125,0,e9c9502b947fd858,1034.200,1952.300,27.700,0.600,0,1,1296
4933,4933,86.357405999136,86.357409832470,3525,4933,86.357256132470,1,21,118,0,d6ddf893203ad759,994.100,2015.900,26.100,0.700,0,1,1294
4934,4934,86.374914465803,86.374918299136,3526,4934,86.374758532470,1,22,140,0,b00101161c3a2538,1026.000,1962.700,31.000,0.500,0,1,1292
4935,4935,86.392419299136,86.392423132469,3527,4935,86.392261499136,1,21,138,0,23f0d75ece7eca4c,1014.000,1927.500,30.500,0.500,0,1,1293
4936,4936,86.409928732469,86.409932565803,3528,4936,86.409763465803,1,21,135,0,9b3f52f48eef3bcd,1002.100,2019.900,29.900,0.400,0,1,1296
4937,4937,86.427431165802,86.427434999136,3529,4937,86.427265899136,1,23,141,0,42f308796b162051,1031.300,1916.000,31.300,0.500,0,1,1292
4938,4938,86.444937365802,86.444941199136,3530,4938,86.444768365802,1,26,194,0,af8a3fe18e77716a,996.100,1950.100,42.900,0.400,0,1,1291
4939,4939,86.462439932469,86.462443765802,3531,4939,86.462270932469,1,27,184,0,a3d68c501c9b3b51,1017.200,2078.000,40.700,0.600,0,1,1288
4940,4940,86.479946032469,86.479949865802,3532,4940,86.479773299135,1,27,179,0,70d8ebed1784318d,1029.300,1953.500,39.600,0.400,0,1,1290
4941,4941,86.497454165802,86.497457999135,3533,4941,86.497275832468,1,26,177,0,3bfaef6a8702137e,1003.300,2004.000,39.200,0.600,0,1,1289
4942,4942,86.514843865802,86.514847699135,3534,4942,86.514778232468,1,24,165,0,76cc463767317e7f,993.900,1915.400,36.600,0.400,0,1,1291
4943,4943,86.532343032468,86.532346865801,3535,4943,86.532281132468,1,24,154,0,a998649df2eec209,966.600,1915.300,34.100,1.000,0,1,1290
4944,4944,86.549846965801,86.549850799135,3536,4944,86.549783199134,1,22,141,0,e6ff779dcd18342f,1018.500,2122.800,31.300,0.500,0,1,1291
4945,4945,86.567355132468,86.567358965801,3537,4945,86.567285765801,1,23,124,0,afb7f2f9aa6e5a07,983.300,1914.000,27.500,0.400,0,1,1290
4946,4946,86.584851965801,86.584855799134,3538,4946,86.584788199134,1,23,110,0,e9f26d3c0f9befe1,1006.700,1929.300,24.300,0.500,0,1,1289
4947,4947,86.602360032467,86.602363865801,3539,4947,86.602290665801,1,23,105,0,a90ff158bde56969,976.500,1892.700,23.300,0.400,0,1,1288
4948,4948,86.619860599134,86.619864432467,3540,4948,86.619793099134,1,25,122,0,eda0890b0b135a87,991.800,2019.900,27.000,0.400,0,1,1286
4949,4949,86.637364932467,86.637368765800,3541,4949,86.637295565800,1,25,121,0,c0c14244cf81b3e4,999.100,1911.800,26.800,0.400,0,1,1286
4950,4950,86.655016699133,86.655020532467,3542,4950,86.654797999133,1,23,98,0,df1452584a7523ee,999.200,2014.700,21.800,0.500,0,1,1286
4951,4951,86.672525099133,86.672528932467,3543,4951,86.672301032467,1,23,96,0,e59c35f26fa0e6fb,996.600,1905.000,21.300,0.400,0,1,1285
4952,4952,86.690028932466,86.690032765800,3544,4952,86.689802999133,1,23,109,0,d265f99a8a3f7b2b,1045.200,1966.000,24.100,0.700,0,1,1285
4953,4953,86.707538932466,86.707542765800,3545,4953,86.707305532466,1,22,94,0,46c4d4be03be03b6,1026.100,1923.100,20.800,0.900,0,1,1281
4954,4954,86.725048799133,86.725052632466,3546,4954,86.724807932466,1,24,100,0,f646122a7cc346ef,1005.900,1952.500,22.200,0.900,0,1,1280
4955,4955,86.742556799133,86.742560632466,3547,4955,86.742310332466,1,24,109,0,727334e25d29b035,1021.000,1897.100,24.200,0.200,0,1,1281
4956,4956,86.760066765799,86.760070599132,3548,4956,86.759812832466,1,22,97,0,79aa35ac78035c49,994.300,1896.200,21.500,0.400,0,1,1281
4957,4957,86.777573065799,86.777576899132,3549,4957,86.777315399132,1,21,94,0,534a18fb6e4b6b3d,976.300,1915.700,20.800,0.400,0,1,1281
4958,4958,86.795075399132,86.795079232465,3550,4958,86.794817732465,1,22,95,0,d5080b2b1e186cd4,1004.500,1917.800,21.000,0.400,0,1,1280
4959,4959,86.812574799132,86.812578632465,3551,4959,86.812320632465,1,23,112,0,daebaf620c4d9893,996.500,1899.200,24.800,0.300,0,1,1278
4960,4960,86.830082499132,86.830086332465,3552,4960,86.829822732465,1,22,111,0,285bc7965e0fe54f,980.200,1943.200,24.600,0.500,0,1,1278
4961,4961,86.847584932465,86.847588765798,3553,4961,86.847325165798,1,24,119,0,607d83fcca3049e9,959.900,1895.400,26.400,0.300,0,1,1277
4962,4962,86.865091165798,86.865094999131,3554,4962,86.864827665798,1,24,121,0,46fcdb7d7bf4f7ac,980.000,1960.400,26.900,0.500,0,1,1275
4963,4963,86.882594865798,86.882598699131,3555,4963,86.882330199131,1,23,128,0,e8bdf2bcfd2084bd,993.200,1921.400,28.300,0.400,0,1,1273
4964,4964,86.900101065798,86.900104899131,3556,4964,86.899832665798,1,23,117,0,9e40a680c6aeb369,1012.400,1946.200,26.000,0.900,0,1,1272
4965,4965,86.917603565797,86.917607399131,3557,4965,86.917335165797,1,20,108,0,128550be9efb419f,1017.600,2010.400,24.000,0.800,0,1,1274
4966,4966,86.935105999131,86.935109832464,3558,4966,86.934837599131,1,24,121,0,71c30075227d8e90,1024.900,1942.200,26.800,0.700,0,1,1274
4967,4967,86.952611599130,86.952615432464,3559,4967,86.952340499130,1,24,142,0,dbb073c91aa01f38,1014.500,1958.700,31.500,0.400,0,1,1273
4968,4968,86.970115432464,86.970119265797,3560,4968,86.969842465797,1,24,146,0,87ff751fbb31b3ec,977.800,2110.200,32.400,0.400,0,1,1269
4969,4969,86.987619865797,86.987623699130,3561,4969,86.987345032463,1,22,130,0,f2a8c06cf748491d,1050.500,1937.400,28.800,0.300,0,1,1269
4970,4970,87.005123332463,87.005127165797,3562,4970,87.004847465797,1,23,146,0,2248dbc923f5339a,977.100,1967.000,32.400,0.700,0,1,1267
4971,4971,87.022424132463,87.022427965796,3563,4971,87.022349865796,1,26,166,0,3fbc8c705efe2b6c,1035.500,2036.000,37.000,1.000,0,1,1265
4972,4972,87.039926732463,87.039930565796,3564,4972,87.039852465796,1,25,158,0,16663818ff51a215,1014.800,1929.900,35.000,0.500,0,1,1264
4973,4973,87.057429165796,87.057432999129,3565,4973,87.057354899129,1,22,140,0,85da6eefdf2f5e78,988.700,1926.900,31.000,0.600,0,1,1265
4974,4974,87.074944799129,87.074948632463,3566,4974,87.074868665796,1,21,138,0,b9cc822c77ae3303,1015.300,1916.700,30.600,0.600,0,1,1265
4975,4975,87.092425032462,87.092428865796,3567,4975,87.092360099129,1,22,147,0,72ed5d0447310ed3,1008.200,2015.200,32.600,0.500,0,1,1263
4976,4976,87.109926499129,87.109930332462,3568,4976,87.109862265796,1,22,139,0,f3ab5b9ccc385c67,1035.900,1893.600,30.900,0.600,0,1,1261
4977,4977,87.127432699129,87.127436532462,3569,4977,87.127364732462,1,20,139,0,73c717db77d77cb0,1052.100,1895.200,30.800,0.700,0,1,1261
4978,4978,87.144931432462,87.144935265795,3570,4978,87.144867199129,1,21,147,0,a4714ce53f68bf87,1046.200,1982.900,32.600,0.400,0,1,1259
4979,4979,87.162427632462,87.162431465795,3571,4979,87.162369699128,1,19,131,0,be33a702cefa25f5,1111.000,1908.900,29.000,0.800,0,1,1259
4980,4980,87.179928199128,87.179932032462,3572,4980,87.179872132462,1,16,108,0,c8a80bd898ba224d,1068.500,2053.700,30.600,0.800,0,1,1259
4981,4981,87.197430665795,87.197434499128,3573,4981,87.197374599128,1,21,132,0,07a5ca087a2a98dd,1004.200,1958.900,29.200,0.600,0,1,1250
4982,4982,87.214933199128,87.214937032461,3574,4982,87.214877132461,1,20,118,0,3107ef27987ac1a7,986.600,1876.600,26.100,0.500,0,1,1246
4983,4983,87.232431399128,87.232435232461,3575,4983,87.232379999128,1,20,125,0,0059d460ffcd984d,980.200,1877.300,27.700,0.400,0,1,1246
4984,4984,87.249933499127,87.249937332461,3576,4984,87.249882099128,1,20,132,0,da23cbd63e6e70b9,992.500,2003.000,29.300,1.200,0,1,1245
4985,4985,87.267437765794,87.267441599127,3577,4985,87.267384499127,1,24,178,0,9995b069213d9a49,1003.100,1882.100,39.400,0.500,0,1,1242
4986,4986,87.284938432460,87.284942265794,3578,4986,87.284887032460,1,24,183,0,09f05505ff9386ab,1003.000,1874.500,40.500,0.400,0,1,1241
4987,4987,87.302433865794,87.302437699127,3579,4987,87.302389465794,1,24,172,0,9db26c7ca4015bd4,966.400,1938.500,38.100,0.400,0,1,1239
4988,4988,87.319936399127,87.319940232460,3580,4988,87.319891999127,1,24,165,0,103cd31fbcb3fb44,1001.500,1929.100,36.500,0.500,0,1,1238
4989,4989,87.337440765793,87.337444599127,3581,4989,87.337394499127,1,24,165,0,3e7319a6c61e1110,1005.200,1885.600,36.500,1.300,0,1,1238
4990,4990,87.354941332460,87.354945165793,3582,4990,87.354896932460,1,20,148,0,9461d385d5b951f2,983.600,1879.200,38.100,0.600,0,1,1237
4991,4991,87.372437099126,87.372442299126,3583,4991,87.372399699126,1,19,143,0,e1065d06664916db,976.900,1874.100,31.600,0.700,0,1,1237
4992,4992,87.389941199126,87.389945032459,3584,4992,87.389901932459,1,19,142,0,79619b5e74915abb,992.300,1850.500,31.400,0.400,0,1,1237
4993,4993,87.407441699126,87.407446899126,3585,4993,87.407404299126,1,19,141,0,f6645d73ff20ccaf,994.100,1925.400,31.300,0.400,0,1,1236
4994,4994,87.424946032459,87.424949865792,3586,4994,87.424906765792,1,19,136,0,0bc0aad8added40b,971.800,1896.300,30.200,0.500,0,1,1235
4995,4995,87.442464099126,87.442467932459,3587,4995,87.442409199126,1,20,141,0,2cdbd2799f813fb3,990.300,1870.600,31.200,0.500,0,1,1234
4996,4996,87.459966699125,87.459970532459,3588,4996,87.459911799125,1,21,170,0,f9840ca1452a55de,1038.100,1990.800,37.700,0.400,0,1,1234
4997,4997,87.477470999125,87.477474832459,3589,4997,87.477414232459,1,18,166,0,6a2c8e25556d2b99,985.000,1953.700,36.700,0.700,0,1,1234
4998,4998,87.494971599125,87.494975432458,3590,4998,87.494916699125,1,20,185,0,7c4be027a66684b2,984.100,1865.000,41.000,0.200,0,1,1232
4999,4999,87.512467465792,87.512471299125,3591,4999,87.512419565792,1,21,182,0,7abf76daa42b8985,975.100,1858.700,40.400,0.400,0,1,1232
5000,5000,87.529971365791,87.529975199125,3592,5000,87.529921599125,1,19,145,0,68979992804c5b22,1025.300,1894.700,32.200,0.500,0,1,1230
5001,5001,87.547472065791,87.547475899125,3593,5001,87.547424165791,1,17,121,0,ab33ef3ab0b321b8,975.000,1845.300,26.900,0.400,0,1,1231
5002,5002,87.564981732458,87.564985565791,3594,5002,87.564926599124,1,17,126,0,077ebf7a70e62119,979.300,1848.000,27.900,0.400,0,1,1232
5003,5003,87.582472199124,87.582476032458,3595,5003,87.582428965791,1,20,136,0,ddcb6c74fa80abce,969.500,1847.600,30.200,0.600,0,1,1229
5004,5004,87.599974732457,87.599978565791,3596,5004,87.599931499124,1,21,146,0,3c35a4db5da445eb,1000.000,1918.500,32.300,0.600,0,1,1227
5005,5005,87.617479032457,87.617482865790,3597,5005,87.617433932457,1,19,143,0,55db46516f97edf8,1006.300,1850.500,31.600,0.500,0,1,1229
5006,5006,87.634979632457,87.634983465790,3598,5006,87.634936399124,1,18,137,0,194b30ff4e9f7e78,1036.400,1904.000,30.600,0.400,0,1,1230
5007,5007,87.652480199123,87.652484032457,3599,5007,87.652439299123,1,16,132,0,f4689cadaca58dce,1094.400,1929.500,29.200,0.600,0,1,1229
5008,5008,87.669982232457,87.669986065790,3600,5008,87.669941332457,1,15,124,0,17f21acf69e29120,984.200,1841.700,27.400,0.400,0,1,1230
5009,5009,87.687484765790,87.687488599123,3601,5009,87.687443865790,1,13,100,0,a2a81db544f438fb,980.300,1820.200,22.200,0.400,0,1,1229
5010,5010,87.704987265790,87.704991099123,3602,5010,87.704946365790,1,14,114,0,3c6365153961feea,1007.600,1825.000,25.200,0.600,0,1,1228
5011,5011,87.722487265789,87.722491299123,3603,5011,87.722448699123,1,16,128,0,bfc893139b718673,994.400,1830.400,28.300,0.500,0,1,1227
5012,5012,87.739991699123,87.739995532456,3604,5012,87.739951265789,1,16,128,0,9133b8b775f94eb7,972.400,1943.500,28.300,0.400,0,1,1227
5013,5013,87.757494132456,87.757497965789,3605,5013,87.757453699122,1,15,127,0,8ed93f92890c385b,1008.500,1851.000,28.100,0.500,0,1,1227
5014,5014,87.774994699122,87.774998732456,3606,5014,87.774956132456,1,15,127,0,8f79d82941770db4,1078.500,1837.600,28.200,0.500,0,1,1226
5015,5015,87.792494099122,87.792501632455,3607,5015,87.792459032455,1,15,127,0,4c89eea4161f84e6,973.600,1875.200,28.200,0.500,0,1,1225
5016,5016,87.809996165789,87.810003699122,3608,5016,87.809961099122,1,13,112,0,e1c2baa151883ad3,977.700,1830.500,24.800,0.400,0,1,1226
5017,5017,87.827513899122,87.827517732455,3609,5017,87.827463665788,1,14,120,0,366a505b2c2c5236,977.500,1835.200,26.600,0.300,0,1,1224
5018,5018,87.845016332455,87.845020165788,3610,5018,87.844966099122,1,16,138,0,9a45219f3e23d7ff,1056.400,1902.500,30.500,0.400,0,1,1220
5019,5019,87.862512965788,87.862516799121,3611,5019,87.862468565788,1,16,122,0,6fff071879f5255c,985.300,1848.900,27.000,0.600,0,1,1218
5020,5020,87.880015465788,87.880019299121,3612,5020,87.879971065788,1,18,159,0,89fa432dc49b5d54,984.200,1871.900,35.200,0.500,0,1,1215
5021,5021,87.897759232454,87.897763065788,3613,5021,87.897473565788,1,18,157,0,5b5d7e53a684e2d7,970.000,1906.800,34.800,0.300,0,1,1211
5022,5022,87.915261665788,87.915265499121,3614,5022,87.914975999121,1,18,169,0,124cfe3c391a1043,989.200,1896.400,37.500,0.500,0,1,1210
5023,5023,87.932765532454,87.932769365787,3615,5023,87.932478699121,1,22,201,0,f13d5859dbe3fb7f,992.500,1920.200,44.500,0.500,0,1,1204
5024,5024,87.950267665787,87.950271499121,3616,5024,87.949980832454,1,15,156,0,c11e92ecae52f219,972.100,1884.600,34.600,0.400,0,1,1205
5025,5025,87.967770165787,87.967773999120,3617,5025,87.967483332454,1,18,178,0,364cdd3fae41d2f0,973.700,2027.100,39.500,0.600,0,1,1200
5026,5026,87.985272632453,87.985276465787,3618,5026,87.984985799120,1,19,178,0,28dca53424f372ed,1127.200,2453.700,39.400,0.800,0,1,1190
5027,5027,88.002775232453,88.002779065787,3619,5027,88.002488399120,1,18,177,0,c2c0f53cde740055,976.500,1845.000,39.200,0.400,0,1,1182
5028,5028,88.020277599120,88.020281432453,3620,5028,88.019990765786,1,17,151,0,45f408385642811a,973.500,1851.200,33.400,0.400,0,1,1173
5030,5030,88.055282532453,88.055286365786,3621,5030,88.054995699119,1,12,101,0,b4704dcda570f992,989.100,1861.500,23.000,0.600,0,1,1161
5032,5032,88.090249965786,88.090253799119,3622,5032,88.090000699119,1,19,166,0,2fc671f992664950,981.800,1835.700,36.800,0.600,0,1,1135
5033,5033,88.107752499119,88.107756332452,3623,5033,88.107503232452,1,19,180,0,b70e929e35ff5b46,1041.500,1955.000,39.800,0.400,0,1,1124
5034,5034,88.125254899119,88.125258732452,3624,5034,88.125005632452,1,16,131,0,27cefd34cbbc4a19,983.600,1926.500,29.000,0.500,0,1,1108
5035,5035,88.142757399119,88.142761232452,3625,5035,88.142508132452,1,13,144,0,421eb3e65afd5c39,1000.200,1972.500,31.900,2.100,0,1,1101
5036,5036,88.160259365785,88.160263199118,3626,5036,88.160010565785,1,19,158,0,5b16a2bc27ca3e89,1020.500,1835.200,35.000,0.600,0,1,1085
5037,5037,88.177761799118,88.177765632452,3627,5037,88.177512999118,1,27,284,0,475bc944bad204a8,1061.000,1910.700,62.800,0.700,0,1,1075
5038,5038,88.195264265785,88.195268099118,3628,5038,88.195015465785,1,18,283,0,822c4a5d666439c1,986.400,1818.400,62.700,0.300,0,1,1054
5039,5039,88.212767065785,88.212770899118,3629,5039,88.212518265785,1,19,196,0,c16098a3fef1fec0,1130.700,1870.400,43.500,0.600,0,1,1013
5040,5040,88.230269232451,88.230273065784,3630,5040,88.230020432451,1,15,168,0,609a9e6878bc67f0,982.400,1718.800,37.200,0.500,0,1,967
5041,5041,88.247775265784,88.247779099118,3631,5041,88.247522965784,1,14,152,0,650f19a2494c38df,978.300,1776.100,33.600,1.600,0,1,934
5042,5042,88.265277732451,88.265281565784,3632,5042,88.265025432451,1,18,97,0,475008e9c2da70d3,1098.600,1708.200,21.500,0.400,0,1,932
5043,5043,88.282780199117,88.282784032451,3633,5043,88.282527899117,1,19,164,0,9390acc3ff8dff87,1013.000,2123.200,36.400,0.500,0,1,916
5044,5044,88.300282565784,88.300286399117,3634,5044,88.300030265784,1,20,222,0,318d53ad79d895f1,997.500,1740.700,49.100,0.500,0,1,933
5045,5045,88.317587165783,88.317590999117,3635,5045,88.317532732450,1,25,212,0,254422dcfcab22b3,978.700,1794.000,46.900,0.500,0,1,962
5046,5046,88.335089932450,88.335093765783,3636,5046,88.335035232450,1,20,176,0,860a8912e5144fac,1116.800,1920.500,39.000,0.500,0,1,1010
5047,5047,88.352592899116,88.352596732450,3637,5047,88.352538199116,1,18,162,0,0112f506124dd49d,1005.900,1902.900,35.900,0.500,0,1,1044
5048,5048,88.370094932450,88.370098765783,3638,5048,88.370040232450,1,18,285,0,a41d34f07abd5d0b,990.300,1899.100,63.100,0.500,0,1,1081
5049,5049,88.387597365783,88.387601199116,3639,5049,88.387542665783,1,14,146,0,c377b9bdd6b34679,1003.200,1978.700,32.400,0.500,0,1,1111
5050,5050,88.405095132449,88.405098965783,3640,5050,88.405045099116,1,8,114,0,73ac4600063a82eb,1031.200,1934.600,25.300,1.800,0,1,1134
5051,5051,88.422597632449,88.422601465782,3641,5051,88.422547599116,1,10,185,0,0133a983f15f4df5,974.700,1934.700,41.700,0.600,0,1,1140
5052,5052,88.440241165782,88.440244999116,3642,5052,88.440050032449,1,11,143,0,4ddd7c6c982747e2,965.300,1939.500,31.700,0.600,0,1,1138
5053,5053,88.457743632449,88.457747465782,3643,5053,88.457552499115,1,8,156,0,5f4796b0d989ad9d,1012.000,1983.700,34.500,0.600,0,1,1129
5054,5054,88.475246199115,88.475250032449,3644,5054,88.475055065782,1,4,83,0,1b971dba2269a6ec,1010.900,1893.400,18.400,0.500,0,1,1117
5055,5055,88.492656765782,88.492660599115,3645,5055,88.492557799115,1,5,13,0,65bbc6b0817cdc4c,975.300,1852.500,2.900,0.500,0,1,1099
5056,5056,88.510158999115,88.510162832448,3646,5056,88.510060032448,1,9,51,0,5698a92028b1f501,970.500,1846.900,11.300,0.500,0,1,1073
5057,5057,88.527661465781,88.527665299115,3647,5057,88.527562499115,1,9,41,0,0363685fb885c2d3,965.400,1849.300,9.100,0.400,0,1,1072
5058,5058,88.545163865781,88.545167699115,3648,5058,88.545064899115,1,11,62,0,e66b6fe997367043,968.600,1858.500,13.800,0.800,0,1,1077
5059,5059,88.562666432448,88.562670265781,3649,5059,88.562567465781,1,14,110,0,9bc5cafb3bead5b7,1007.000,1950.100,24.400,0.500,0,1,1082
5060,5060,88.580124332448,88.580128165781,3650,5060,88.580069899114,1,12,63,2,73072a31a83df695,1378.000,2857.000,14.000,0.600,0,1,1096
5061,5061,88.597626732447,88.597630565781,3651,5061,88.597572299114,1,24,47,7,63db4574d983351f,987.800,1863.200,10.500,0.400,0,1,1096
5062,5062,88.615128499114,88.615132332447,3652,5062,88.615074765781,1,14,50,12,a09df2a34b96fa8b,984.200,1811.900,11.100,0.700,0,1,1065
5063,5063,88.632631399114,88.632635232447,3653,5063,88.632577665780,1,9,33,18,79f223180897de82,1000.700,1746.000,7.300,0.400,0,1,1021
5064,5064,88.650133432447,88.650137265780,3654,5064,88.650079699114,1,12,51,30,4e96cbd8a28b2262,1041.700,1701.200,11.300,0.500,0,1,954
5065,5065,88.667635999113,88.667639832447,3655,5065,88.667582265780,1,27,284,199,b59ea1a533c143ae,1328.600,2034.200,72.900,0.800,0,1,875
5066,5066,88.685134899113,88.685138732446,3656,5066,88.685084665780,1,34,328,259,f41494cdd3d926f7,1268.800,1937.500,81.400,1.300,0,1,799
5067,5067,88.702637399113,88.702641232446,3657,5067,88.702587165780,1,41,330,284,d4982bdccb874d08,1193.200,1829.100,84.900,1.000,0,1,744
5068,5068,88.720139799113,88.720143632446,3658,5068,88.720089565779,1,47,335,295,38368a5efb3382f3,1312.800,1786.800,85.600,0.500,0,1,699
5069,5069,88.737642332446,88.737646165779,3659,5069,88.737592099113,1,54,337,296,57b9636945daadb6,1477.500,1459.900,74.600,1.000,0,1,660
5070,5070,88.755144899112,88.755148732446,3660,5070,88.755094665779,1,65,352,316,abf5af886d6d014d,1042.800,1498.300,88.100,0.700,0,1,597
5071,5071,88.772640665779,88.772644499112,3661,5071,88.772597432446,1,73,379,330,c5f2c691c31d0f90,1166.400,1460.500,84.800,1.000,0,1,559
5072,5072,88.790158399112,88.790162232445,3662,5072,88.790099532445,1,79,386,340,c6f4421db173c849,1088.900,1394.700,85.700,656845.400,0,1,530
5073,5073,88.807660899112,88.807664732445,3663,5073,88.807602032445,1,89,487,353,367f439629c82639,1089.100,1373.900,107.800,0.500,0,1,502
5074,5074,88.825163365778,88.825167199112,3664,5074,88.825104499112,1,94,500,417,56949537d90947e4,1184.500,1372.400,110.700,0.400,0,1,483
5075,5075,88.842665832445,88.842669665778,3665,5075,88.842606965778,1,102,529,469,7d0e962c36266636,1065.200,1324.700,163.700,0.600,0,1,454
5076,5076,88.860168332445,88.860172165778,3666,5076,88.860109465778,1,106,536,478,1f32290fb342a693,1027.100,1316.500,118.700,0.600,0,1,430
5077,5077,88.877671932445,88.877675765778,3667,5077,88.877611899111,1,111,580,519,d8bfa938b1999d44,1070.500,1366.100,128.600,1.100,0,1,407
5078,5078,88.895167232444,88.895171065778,3668,5078,88.895114399111,1,114,720,533,462b2bcfdadf2fea,1013.000,1332.200,160.000,0.400,0,1,387
5079,5079,88.912669865778,88.912673699111,3669,5079,88.912617299111,1,113,716,619,4542f29afe320055,1108.900,1382.100,158.500,0.700,0,1,372
5080,5080,88.930171865777,88.930175699111,3670,5080,88.930119299111,1,115,753,647,52be99d865a4d2ae,991.500,1247.500,166.600,0.400,0,1,349
5081,5081,88.947674299111,88.947678132444,3671,5081,88.947621732444,1,116,753,688,dd2708827363c494,1046.500,1248.500,167.100,0.600,0,1,326
5082,5082,88.965176732444,88.965180565777,3672,5082,88.965124165777,1,117,758,717,0754124a0c6021ca,1053.500,1239.200,167.900,1.000,0,1,304
5083,5083,88.982676865777,88.982680699110,3673,5083,88.982626632444,1,4,134,107,ab13815f8b77a619,1038.500,879.300,29.800,0.300,0,1,279
5084,5084,89.000179399110,89.000183232443,3674,5084,89.000129165777,1,2,35,35,2713d4833ed13547,972.300,807.600,7.800,0.300,0,1,245
5085,5085,89.017681865776,89.017685699110,3675,5085,89.017631632443,1,2,35,35,0c19183ce3710a1f,1029.400,799.300,7.700,0.500,0,1,217
5086,5086,89.035184299110,89.035188132443,3676,5086,89.035134065776,1,2,35,35,e1c1d7a5b54af56d,1139.200,725.500,7.800,0.600,0,1,182
5087,5087,89.052687199109,89.052691032443,3677,5087,89.052636965776,1,2,35,35,6cf7ccf2754a4637,983.800,716.200,7.800,0.300,0,1,164
5088,5088,89.070195932443,89.070199765776,3678,5088,89.070150365776,1,1,2,2,9754a5b22eee0405,1038.300,709.800,0.500,0.500,0,1,142
5089,5089,89.087687099109,89.087690932442,3679,5089,89.087641532442,1,1,2,2,c6d1623628ce3c5e,1212.600,642.300,0.400,0.700,0,1,123
5090,5090,89.105189599109,89.105193432442,3680,5090,89.105144032442,1,1,2,2,be1e2caec8b4e418,1025.300,661.700,0.500,0.300,0,1,104
5091,5091,89.122692065775,89.122695899109,3681,5091,89.122646499109,1,1,2,2,582ec08cf288cf37,1002.200,600.600,0.500,0.200,0,1,89
5092,5092,89.140194465775,89.140198299109,3682,5092,89.140148899109,1,1,2,2,07718ecfca598b48,1106.200,613.500,0.600,0.400,0,1,67
5093,5093,89.157696932442,89.157700765775,3683,5093,89.157651365775,1,1,2,2,b926cd29125353ca,1075.800,585.000,0.500,0.500,0,1,44
5094,5094,89.175194732442,89.175198565775,3684,5094,89.175153832442,1,0,0,0,cbf29ce484222325,1046.400,627.900,0.100,0.300,0,1,20
5095,5095,89.192697665775,89.192701499108,3685,5095,89.192656765775,1,0,0,0,cbf29ce484222325,994.500,496.800,0.100,0.300,0,1,8
5096,5096,89.210199665775,89.210203499108,3686,5096,89.210158765775,1,0,0,0,cbf29ce484222325,1094.400,474.300,0.100,0.600,0,1,4
5097,5097,89.227702899108,89.227706732441,3687,5097,89.227661999108,1,0,0,0,cbf29ce484222325,996.400,475.500,0.100,0.200,0,1,3
5098,5098,89.245204632441,89.245208465774,3688,5098,89.245163732441,1,0,0,0,cbf29ce484222325,982.900,471.800,0.100,0.400,0,1,3
5099,5099,89.262707132441,89.262710965774,3689,5099,89.262666232441,1,0,0,0,cbf29ce484222325,1243.600,477.200,0.500,0.500,0,1,3
5100,5100,89.280207232441,89.280211265774,3690,5100,89.280168665774,1,0,0,0,cbf29ce484222325,1019.800,480.100,0.600,0.600,0,1,3
5101,5101,89.297709732440,89.297713765774,3691,5101,89.297671165774,1,0,0,0,cbf29ce484222325,1266.400,470.800,0.100,0.600,0,1,3
5102,5102,89.315212299107,89.315216332440,3692,5102,89.315173732440,1,0,0,0,cbf29ce484222325,1022.900,474.400,0.200,0.400,0,1,2
5103,5103,89.332715065773,89.332719099107,3693,5103,89.332676499107,1,0,0,0,cbf29ce484222325,1008.500,477.900,0.100,0.300,0,1,2
5104,5104,89.350217099107,89.350221132440,3694,5104,89.350178532440,1,0,0,0,cbf29ce484222325,1042.700,470.300,0.100,1.000,0,1,2
5105,5105,89.367719599106,89.367723632440,3695,5105,89.367681032440,1,0,0,0,cbf29ce484222325,1010.200,475.200,0.100,0.400,0,1,2
5106,5106,89.385273732439,89.385277565773,3696,5106,89.385183599106,1,0,0,0,cbf29ce484222325,1046.800,474.700,0.100,0.400,0,1,2
5107,5107,89.402742699106,89.402746399106,3697,5107,89.402686032439,1,0,0,0,cbf29ce484222325,1043.700,477.200,0.100,0.400,0,1,2
5108,5108,89.420280365772,89.420284199106,3698,5108,89.420188499106,1,0,0,0,cbf29ce484222325,1048.400,476.800,0.100,0.400,0,1,2
5109,5109,89.437747599106,89.437751299106,3699,5109,89.437690932439,1,0,0,0,cbf29ce484222325,1061.800,528.100,0.100,0.400,0,1,2
5110,5110,89.455286432439,89.455290265772,3700,5110,89.455193399105,1,0,0,0,cbf29ce484222325,992.100,485.600,0.100,1.000,0,1,2
5111,5111,89.472752965772,89.472756665772,3701,5111,89.472696299105,1,0,0,0,cbf29ce484222325,1120.100,493.700,0.100,0.400,0,1,2
5112,5112,89.490292465772,89.490296299105,3702,5112,89.490198299105,1,0,0,0,cbf29ce484222325,1104.600,478.200,0.100,0.200,0,1,2
5113,5113,89.507757565772,89.507761265772,3703,5113,89.507700899105,1,0,0,0,cbf29ce484222325,993.300,475.300,0.100,0.200,0,1,2
5114,5114,89.525299265771,89.525303099105,3704,5114,89.525203332438,1,0,0,0,cbf29ce484222325,1074.400,484.400,0.100,0.300,0,1,2
5115,5115,89.542762499105,89.542766199105,3705,5115,89.542705832438,1,0,0,0,cbf29ce484222325,1035.300,478.800,0.100,0.400,0,1,2
5116,5116,89.560301932438,89.560305765771,3706,5116,89.560208332438,1,0,0,0,cbf29ce484222325,1034.800,478.800,0.100,0.600,0,1,2
5117,5117,89.577765132438,89.577768832438,3707,5117,89.577710799104,1,0,0,0,cbf29ce484222325,1057.600,485.300,0.100,0.400,0,1,2
5118,5118,89.595303265771,89.595307099104,3708,5118,89.595213165771,1,0,0,0,cbf29ce484222325,1135.800,482.300,0.100,1.100,0,1,2
5119,5119,89.612770365771,89.612774065771,3709,5119,89.612716032437,1,0,0,0,cbf29ce484222325,990.800,485.900,0.100,0.400,0,1,2
5120,5120,89.630307665770,89.630311499104,3710,5120,89.630218132437,1,1,8,0,9c15a035abec3969,1021.400,485.800,1.800,0.400,0,1,1
5121,5121,89.647775065770,89.647778765770,3711,5121,89.647720732437,1,1,8,0,4f1e3aeb6e009ba5,1062.800,539.700,2.000,0.800,0,1,1
5122,5122,89.665310365770,89.665314199103,3712,5122,89.665223132437,1,1,8,0,39de2e27bc00d583,994.500,516.100,1.800,0.600,0,1,1
5123,5123,89.682779232437,89.682782932437,3713,5123,89.682725599103,1,1,8,0,4d25d8355a9f7ece,987.200,489.600,1.800,0.400,0,1,1
5124,5124,89.700310099103,89.700313932436,3714,5124,89.700228032436,1,1,8,0,86e5603f13422dcd,997.200,490.000,1.800,0.400,0,1,1
5125,5125,89.717809899103,89.717813732436,3715,5125,89.717730599103,1,1,8,0,dd68c94d708e4921,1109.000,487.700,1.800,0.400,0,1,1
5126,5126,89.735308199103,89.735312032436,3716,5126,89.735232965769,1,1,8,0,a7a9fad397c46aa9,999.500,482.600,1.900,0.300,0,1,1
5127,5127,89.752808799102,89.752812632436,3717,5127,89.752735832436,1,1,8,0,ce00140447998e0a,977.400,487.500,1.800,0.300,0,1,1
5128,5128,89.770286565769,89.770290399102,3718,5128,89.770237965769,1,1,8,0,a7d2693e9eb2aa0d,980.900,484.000,1.800,0.400,0,1,1
5129,5129,89.787789032435,89.787792865769,3719,5129,89.787740432435,1,1,8,0,ca57ebbcaeb3a4c1,997.100,488.500,1.800,0.400,0,1,1
5130,5130,89.805291565769,89.805295399102,3720,5130,89.805242965769,1,1,8,0,7377b5942365e7e6,1019.300,487.100,1.800,0.800,0,1,1
5131,5131,89.822793232435,89.822797065768,3721,5131,89.822745332435,1,1,8,0,564c3dae5eab52e2,999.500,485.600,1.800,0.200,0,1,1
5132,5132,89.840295699102,89.840299532435,3722,5132,89.840247799102,1,1,8,0,b794ec159acc3ec3,993.900,482.100,1.900,0.700,0,1,1
5133,5133,89.857798132435,89.857801965768,3723,5133,89.857750232435,1,0,0,0,cbf29ce484222325,1022.200,488.800,0.100,0.900,0,1,2
5134,5134,89.875300599101,89.875304432435,3724,5134,89.875252699101,1,0,0,0,cbf29ce484222325,997.300,487.200,0.100,0.400,0,1,2
5135,5135,89.892803432434,89.892807265768,3725,5135,89.892755532434,1,0,0,0,cbf29ce484222325,989.800,477.200,0.000,0.300,0,1,2
5136,5136,89.910305632434,89.910309465768,3726,5136,89.910257732434,1,0,0,0,cbf29ce484222325,971.700,475.000,0.100,0.400,0,1,2
5137,5137,89.927808032434,89.927811865767,3727,5137,89.927760132434,1,0,0,0,cbf29ce484222325,992.900,485.000,0.100,0.900,0,1,2
5138,5138,89.945310532434,89.945314365767,3728,5138,89.945262632434,1,0,0,0,cbf29ce484222325,992.000,479.900,0.100,0.300,0,1,2
5139,5139,89.962809565767,89.962813399100,3729,5139,89.962765165767,1,0,0,0,cbf29ce484222325,1010.500,482.200,0.100,0.300,0,1,2
5140,5140,89.980311999100,89.980315832434,3730,5140,89.980267599100,1,1,2,2,59b2d9ede6e22982,988.300,480.900,0.500,0.400,0,1,2
5141,5141,89.997814432433,89.997818265767,3731,5141,89.997770032433,1,1,2,2,5a3f95f8577c2e01,1018.400,482.800,0.500,0.500,0,1,2
5142,5142,90.015316965767,90.015320799100,3732,5142,90.015272565767,1,1,2,2,4571e6824c8bab0f,978.500,511.500,0.500,0.700,0,1,2
5143,5143,90.032819899100,90.032823732433,3733,5143,90.032775499100,1,1,2,2,c9ab0ca256b0d8cd,1006.300,477.000,0.500,0.600,0,1,2
5144,5144,90.050321965766,90.050325799099,3734,5144,90.050277565766,1,1,2,2,33d9160f6fa48f51,993.600,484.300,0.500,0.300,0,1,2
5145,5145,90.067835699099,90.067839532433,3735,5145,90.067791299099,1,1,2,2,f8028d2d9faa618e,1006.400,487.000,0.500,0.400,0,1,2
5146,5146,90.085326832432,90.085330665766,3736,5146,90.085282432432,1,2,14,2,5dd09b33d2e57e4f,1055.900,492.700,3.100,0.700,0,1,2
5147,5147,90.102829332432,90.102833165766,3737,5147,90.102784932432,1,3,47,35,0a0a4f452b1d1202,989.400,510.600,10.400,0.300,0,1,2
5148,5148,90.120339932432,90.120343765765,3738,5148,90.120287365765,1,3,47,35,98780f3e6a0a56b8,982.400,507.300,10.500,0.400,0,1,2
5149,5149,90.137841165765,90.137844999099,3739,5149,90.137789765765,1,2,35,35,df42e893d7aa93e2,1003.900,508.900,7.800,0.400,0,1,3
5150,5150,90.155343765765,90.155347599098,3740,5150,90.155292365765,1,2,35,35,73569fea3d673bf2,994.300,499.200,7.800,0.800,0,1,3
5151,5151,90.172846532432,90.172850365765,3741,5151,90.172795132432,1,2,35,35,ecec7333e0a6c852,982.900,493.500,7.800,0.300,0,1,3
5152,5152,90.190348699098,90.190352532431,3742,5152,90.190297299098,1,3,107,107,e14e373ea52bf802,1021.400,513.900,23.700,0.500,0,1,3
5153,5153,90.207851199098,90.207855032431,3743,5153,90.207799799098,1,3,107,107,7822ed06041a9b19,1015.600,510.400,23.800,0.200,0,1,3
5154,5154,90.225353632431,90.225357465764,3744,5154,90.225302232431,1,3,107,107,a378620caf7af1e5,986.000,525.200,23.700,0.500,0,1,3
5155,5155,90.242855999098,90.242859832431,3745,5155,90.242804599098,1,3,107,107,e1f966dc56170983,989.000,530.900,23.700,0.900,0,1,3
5156,5156,90.260358499097,90.260362332431,3746,5156,90.260307099097,1,3,107,107,1485215a6c32e491,984.900,563.600,23.700,0.800,0,1,3
5157,5157,90.277860999097,90.277864832431,3747,5157,90.277809599097,1,3,107,107,e3541a6a644e0377,1001.600,522.800,23.700,0.400,0,1,3
5158,5158,90.295363499097,90.295367332430,3748,5158,90.295312099097,1,3,107,107,cd1b9736bbe339f1,978.600,522.200,23.700,0.500,0,1,3
5159,5159,90.312862865764,90.312866699097,3749,5159,90.312814965764,1,4,113,113,45b71adbe5d003a1,972.500,526.100,25.000,0.400,0,1,3
5160,5160,90.330364932430,90.330368765763,3750,5160,90.330317032430,1,4,113,113,ee3e436538a32d85,978.000,512.200,25.100,0.400,0,1,3
5161,5161,90.347867465763,90.347871299097,3751,5161,90.347819565763,1,4,113,113,204f36f3173193e4,1073.000,516.800,25.100,0.300,0,1,3
5162,5162,90.365369899096,90.365373732430,3752,5162,90.365321999096,1,4,113,113,0a5cb39a82582c9e,979.600,514.000,25.000,0.400,0,1,3
5163,5163,90.382872265763,90.382876099096,3753,5163,90.382824365763,1,5,146,146,46d999dde80a7822,996.700,528.100,37.800,0.400,0,1,3
5164,5164,90.400374765763,90.400378599096,3754,5164,90.400326865763,1,5,146,146,0ff531bd99b0d5ba,974.100,547.600,32.400,0.500,0,1,3
5165,5165,90.417877232429,90.417881065762,3755,5165,90.417829332429,1,6,174,169,5b53e1d4a9b2d7c1,1002.100,561.400,38.500,0.400,0,1,3
5166,5166,90.435379799096,90.435383632429,3756,5166,90.435331899096,1,6,174,169,5c379f025020d749,995.800,537.300,38.500,0.400,0,1,3
5167,5167,90.452882565762,90.452886399095,3757,5167,90.452834665762,1,8,195,175,3c61b8735299a229,985.600,543.200,43.200,0.200,0,1,3
5168,5168,90.470384665762,90.470388499095,3758,5168,90.470336765762,1,8,195,175,2fe04f849ca9b959,985.700,532.400,43.200,0.200,0,1,3
5169,5169,90.487887132428,90.487890965762,3759,5169,90.487839232428,1,8,195,175,3663ddc29efbd1c7,1003.400,537.400,43.200,0.300,0,1,3
5170,5170,90.505389665762,90.505393499095,3760,5170,90.505341765762,1,8,195,175,4a282a9e741320f5,998.800,539.100,43.200,0.500,0,1,3
5171,5171,90.522892032428,90.522895865761,3761,5171,90.522844132428,1,8,195,175,942d07554fdc6e3a,1006.400,535.600,43.200,0.400,0,1,3
5172,5172,90.540394599095,90.540398432428,3762,5172,90.540346699095,1,8,195,175,90b63dc88c67b45b,1028.000,572.000,43.100,0.400,0,1,3
5173,5173,90.557897132428,90.557900965761,3763,5173,90.557849232428,1,8,195,175,5af147585fff88aa,1025.300,555.900,43.200,0.300,0,1,3
5174,5174,90.575381965761,90.575394632428,3764,5174,90.575351665761,1,8,195,175,e142a00fa0f9e5c5,974.700,592.500,54.200,0.500,0,1,3
5175,5175,90.592902365761,90.592906465761,3765,5175,90.592854565761,1,8,195,175,cfdd0e2b45001f8c,978.500,534.000,43.200,0.700,0,1,3
5176,5176,90.610404432427,90.610408532427,3766,5176,90.610356632427,1,8,195,174,0c2d16f2a1a73979,961.300,545.000,43.200,0.300,0,1,3
5177,5177,90.627906799094,90.627910899094,3767,5177,90.627858999094,1,8,195,174,f994a5505a9a7f5d,969.200,560.700,43.200,0.400,0,1,4
5178,5178,90.645409232427,90.645413332427,3768,5178,90.645361432427,1,8,195,174,1bf68f149c6e713e,1001.600,564.500,43.200,0.400,0,1,4
5179,5179,90.662917665760,90.662921765760,3769,5179,90.662864032427,1,8,195,174,fbd862800ac69359,997.600,544.000,43.200,0.300,0,1,4
5180,5180,90.680420099093,90.680424199093,3770,5180,90.680366465760,1,8,195,174,d46f15c749555c6b,982.700,565.600,43.300,0.500,0,1,4
5181,5181,90.697922465760,90.697926565760,3771,5181,90.697868832426,1,8,195,174,d604b1e6600aa476,999.400,556.900,43.200,0.400,0,1,4
5182,5182,90.715401732426,90.715414399093,3772,5182,90.715371432426,1,8,194,173,e83e8b4b4f19c18e,998.800,540.100,43.000,0.200,0,1,4
5183,5183,90.732929765759,90.732933865759,3773,5183,90.732874132426,1,8,195,172,89346aa184033e44,1004.200,538.100,43.200,0.400,0,1,4
5184,5184,90.750431865759,90.750435965759,3774,5184,90.750376232426,1,8,195,172,60594a913e93caa5,1002.100,543.500,43.200,0.500,0,1,6
5185,5185,90.767909132426,90.767921799092,3775,5185,90.767878832426,1,10,205,182,d24ed06b67ecf478,990.200,557.300,45.400,0.800,0,1,6
5186,5186,90.785434899092,90.785438999092,3776,5186,90.785381265759,1,10,205,182,c2d89ca10b526f62,1053.000,571.000,45.500,0.600,0,1,7
5187,5187,90.802914065759,90.802926732425,3777,5187,90.802883765759,1,10,205,182,a73612f72ef327f4,1008.900,621.000,45.300,0.500,0,1,7
5188,5188,90.820442099092,90.820446199092,3778,5188,90.820386132425,1,10,205,182,acd259117de0d725,1002.800,550.600,45.400,0.300,0,1,7
5189,5189,90.837944665758,90.837948765758,3779,5189,90.837888699092,1,11,206,183,aace1f362f908593,1011.400,563.100,45.800,0.400,0,1,7
5190,5190,90.855447132425,90.855451232425,3780,5190,90.855391165758,1,11,206,183,a1581bbda0c75087,1015.100,561.900,45.700,0.500,0,1,8
5191,5191,90.872949965758,90.872954065758,3781,5191,90.872893999091,1,12,239,216,21352c5842ce948b,1024.200,589.800,52.900,0.400,0,1,9
5192,5192,90.890452099091,90.890456199091,3782,5192,90.890396132424,1,13,240,217,e4a7b739bf4c4ef8,1078.300,597.800,53.100,0.800,0,1,9
5193,5193,90.907954532424,90.907958632424,3783,5193,90.907898565758,1,13,240,217,81cf37438da89e7a,1085.200,569.500,53.100,0.500,0,1,9
5194,5194,90.925457065757,90.925461165757,3784,5194,90.925401099091,1,14,242,219,b6a0746f4504ef56,1021.200,575.900,53.700,0.800,0,1,9
5195,5195,90.942959565757,90.942963665757,3785,5195,90.942903599091,1,14,242,217,bcc491fd57b5d237,1010.900,562.900,53.600,0.400,0,1,9
5197,5197,90.977938799090,90.977951365757,3786,5197,90.977908499090,1,17,254,229,836bc06dc7d64434,1013.700,564.100,56.200,0.300,0,1,10
5198,5198,90.995466832423,90.995470932423,3787,5198,90.995410865757,1,17,254,229,373968533d1b4e9c,981.700,585.500,56.200,0.500,0,1,11
5199,5199,91.012969665757,91.012973765757,3788,5199,91.012913699090,1,17,254,229,906cd962a852fc28,1046.100,650.400,56.200,0.500,0,1,12
5200,5200,91.030471832423,91.030475932423,3789,5200,91.030415865756,1,17,254,229,ffecab65c9ee0556,1035.900,578.700,56.300,0.200,0,1,12
5201,5201,91.047948699090,91.047961365756,3790,5201,91.047918399090,1,17,254,229,d961d9c46e518b51,1040.900,595.400,56.200,0.700,0,1,17
5202,5202,91.065488032423,91.065492132423,3791,5202,91.065432065756,1,17,254,229,920fb25a7f79350c,1007.400,630.400,56.300,0.500,0,1,21
5203,5203,91.082979332422,91.082983432423,3792,5203,91.082923365756,1,17,254,229,83956fee3aaea0bf,976.100,600.400,56.200,0.500,0,1,24
5204,5204,91.100481699089,91.100485799089,3793,5204,91.100425732422,1,18,279,254,e043cc134910586c,978.500,607.300,62.600,0.500,0,1,25
5205,5205,91.117984265755,91.117988365755,3794,5205,91.117928299089,1,20,385,360,ae5cc518f1b3ca62,1193.900,744.500,85.400,0.300,0,1,29
5206,5206,91.135486699089,91.135490799089,3795,5206,91.135430732422,1,21,387,362,5ea5e85d0424e784,1022.800,774.200,85.600,0.600,0,1,31
5207,5207,91.152989632422,91.152993732422,3796,5207,91.152933665755,1,21,387,362,801cbca4ac361ee5,987.900,644.500,85.700,0.500,0,1,32
5208,5208,91.170465965755,91.170478632422,3797,5208,91.170435665755,1,21,387,362,5f19b187130e6709,1021.800,689.400,85.600,0.500,0,1,34
5209,5209,91.187968499088,91.187981165755,3798,5209,91.187938199088,1,21,387,362,13ffce904c7cdcdd,1001.200,646.300,85.600,0.400,0,1,37
5210,5210,91.205496565755,91.205500665755,3799,5210,91.205440599088,1,21,387,362,a3eba882be51dd31,998.000,658.300,85.600,0.400,0,1,39
5211,5211,91.222998999088,91.223003099088,3800,5211,91.222943032421,1,21,388,363,5c5317490baacd26,1040.800,655.500,85.900,0.400,0,1,40
5212,5212,91.240501499088,91.240505599088,3801,5212,91.240445532421,1,21,388,361,fafbdb7329d614f1,1003.500,697.800,86.700,0.400,0,1,43
5213,5213,91.258003965754,91.258008065754,3802,5213,91.257947999087,1,21,388,360,371579dbff8e2986,1027.200,688.500,85.900,0.200,0,1,48
5214,5214,91.275482665754,91.275493365754,3803,5214,91.275450499087,1,21,388,360,3c1d02d7830413bd,989.900,667.100,85.900,0.300,0,1,49
5215,5215,91.293013032420,91.293017132420,3804,5215,91.292953332420,1,21,388,360,18306d59e0037d8f,993.900,714.500,86.500,0.400,0,1,50
5216,5216,91.310485665754,91.310498332420,3805,5216,91.310455365754,1,21,388,360,209fdf4b48d8a4b7,1022.000,681.900,85.800,0.600,0,1,51
5217,5217,91.328013832420,91.328017932420,3806,5217,91.327957865753,1,21,388,360,19fc0c614ad6a6ae,1027.900,672.600,85.800,0.400,0,1,55
5218,5218,91.345490565753,91.345503132420,3807,5218,91.345460265753,1,21,388,360,ab219243782bee5f,1042.500,680.100,85.900,0.300,0,1,58
5219,5219,91.362993065753,91.363005632420,3808,5219,91.362962765753,1,21,388,360,37974ea53f7b9449,999.700,696.100,85.900,0.300,0,1,62
5220,5220,91.380494032420,91.380508199086,3809,5220,91.380465332420,1,21,388,360,af52bbf773dc9ff0,1008.100,684.800,85.900,0.200,0,1,66
5221,5221,91.397998065753,91.398010732419,3810,5221,91.397967765753,1,21,388,360,8613de2c9a4fc832,981.800,848.800,85.900,0.400,0,1,67
5222,5222,91.415531465753,91.415535565753,3811,5222,91.415470132419,1,22,438,410,c6913164b82fb388,1006.900,736.900,97.000,0.600,0,1,69
5223,5223,91.433007165752,91.433015999086,3812,5223,91.432973132419,1,22,438,409,0a17c9852e61c62c,1020.800,747.000,96.900,0.500,0,1,72
5224,5224,91.450505532419,91.450518199085,3813,5224,91.450475232419,1,22,439,410,3c5bc76a76431d8f,988.100,736.000,97.100,0.400,0,1,73
5225,5225,91.468037165752,91.468041265752,3814,5225,91.467977699085,1,22,439,410,6421b3ab563a62ee,1031.700,732.200,97.100,0.500,0,1,75
5226,5226,91.485510365752,91.485523032418,3815,5226,91.485480065752,1,22,439,410,35b1c3ea5fc0abdf,983.400,768.500,97.800,1.100,0,1,75
5227,5227,91.503012932418,91.503025599085,3816,5227,91.502982632418,1,22,439,410,51637e7aac2d0978,1007.700,724.800,97.200,0.300,0,1,78
5228,5228,91.520515332418,91.520527899085,3817,5228,91.520485032418,1,22,439,410,82c23ace2a10284d,988.100,712.500,97.100,0.500,0,1,78
5229,5229,91.538016199085,91.538030365751,3818,5229,91.537987499085,1,23,440,410,6ed44c4e9dac8732,986.700,751.100,97.400,0.600,0,1,81
5230,5230,91.555547865751,91.555551965751,3819,5230,91.555489999084,1,23,440,410,26590b2ef0d53398,1047.800,749.200,97.800,0.500,0,1,83
5231,5231,91.573023032418,91.573035699084,3820,5231,91.572992732418,1,23,440,410,270ba762d6e94c4f,1110.800,735.800,102.200,0.500,0,1,85
5232,5232,91.590525299084,91.590537932417,3821,5232,91.590494999084,1,23,441,411,1d19aac0993ab1e3,969.000,761.300,97.700,0.400,0,1,88
5233,5233,91.608027665751,91.608040332417,3822,5233,91.607997365751,1,23,441,411,57b5ab8308756ba1,998.200,727.700,97.600,0.400,0,1,90
5234,5234,91.625559432417,91.625563532417,3823,5234,91.625499965750,1,24,442,412,ef21ec9fe2462cdd,989.900,759.400,98.200,0.400,0,1,92
5235,5235,91.643032732417,91.643045365750,3824,5235,91.643002432417,1,24,442,412,4000542efe4b4d70,1011.400,1087.000,97.800,0.400,0,1,93
5236,5236,91.660535065750,91.660547732417,3825,5236,91.660504765750,1,25,448,418,9763e04e6d37e3ea,1179.100,786.600,102.800,0.500,0,1,96
5237,5237,91.678037699083,91.678050365750,3826,5237,91.678007399083,1,25,448,418,4f72a01f9899f372,1058.200,754.300,99.100,0.300,0,1,99
5238,5238,91.695540132416,91.695552799083,3827,5238,91.695509832416,1,25,448,418,de067d0c37036731,969.800,752.500,99.100,0.400,0,1,102
5239,5239,91.713072232416,91.713076332416,3828,5239,91.713012765750,1,26,464,423,f6d99b3541647853,974.500,761.200,102.700,0.300,0,1,105
5240,5240,91.730544999083,91.730557665749,3829,5240,91.730514699083,1,27,475,434,a9ed379d0fc4c5ed,1064.800,794.900,105.200,0.500,0,1,107
5241,5241,91.748049332416,91.748060032416,3830,5241,91.748017165749,1,27,475,433,1ff60e3f707c0a39,974.100,754.400,105.100,0.400,0,1,108
5242,5242,91.765549932416,91.765562499082,3831,5242,91.765519632416,1,27,476,432,6b8e1fddb16ef9a6,1053.400,774.300,105.300,0.400,0,1,113
5244,5244,91.800554899082,91.800567465749,3832,5244,91.800524599082,1,27,476,432,a038aab1171b1385,1002.700,778.300,105.300,0.300,0,1,118
5246,5246,91.835593632415,91.835597732415,3833,5246,91.835529499082,1,27,476,432,5090adfa13cb03e3,993.800,781.600,105.300,0.200,0,1,121
5247,5247,91.853096499081,91.853100599081,3834,5247,91.853032365748,1,28,480,436,cd9fc8a6b4031a08,1155.000,793.800,106.200,0.600,0,1,123
5248,5248,91.870598632415,91.870602732415,3835,5248,91.870534499081,1,28,480,436,94d4a8f64c4855fb,985.300,767.300,106.200,0.300,0,1,125
5249,5249,91.888067299081,91.888079965748,3836,5249,91.888036999081,1,28,481,437,2a9b317e0ba9bd65,1015.400,790.900,106.500,0.700,0,1,129
5250,5250,91.905569732414,91.905582299081,3837,5250,91.905539432414,1,28,481,437,780953513dff23a7,1018.900,790.000,106.400,0.400,0,1,133
5251,5251,91.923105999081,91.923110099081,3838,5251,91.923041865747,1,28,481,437,4d49722ad7e356bc,1068.900,825.700,106.400,0.500,0,1,135
5252,5252,91.940574665747,91.940587299081,3839,5252,91.940544365747,1,28,481,436,d9320bae6b4a5d02,980.300,838.200,106.500,0.300,0,1,137
5253,5253,91.958077132414,91.958089799080,3840,5253,91.958046832414,1,28,481,435,4efcd404738cac75,1009.900,815.500,106.600,0.300,0,1,139
5254,5254,91.975579665747,91.975592332414,3841,5254,91.975549365747,1,28,481,434,027538c3da310535,998.200,826.600,106.400,0.600,0,1,140
5255,5255,91.993082532413,91.993095099080,3842,5255,91.993052232413,1,28,481,434,8670b098798df1b7,1139.100,818.000,106.400,0.600,0,1,143
5256,5256,92.010590199080,92.010597165747,3843,5256,92.010554299080,1,28,481,434,bf7ae3cc5eb6ab8b,1024.600,809.300,106.400,0.600,0,1,145
5257,5257,92.028086965746,92.028099632413,3844,5257,92.028056665746,1,28,481,434,9a9a5b27c1c8e162,1035.200,863.500,112.600,0.900,0,1,150
5258,5258,92.045626765746,92.045630865746,3845,5258,92.045559132413,1,28,481,433,8df3ae8661b0c05d,993.400,890.700,106.600,0.500,0,1,152
5259,5259,92.063106999079,92.063115932413,3846,5259,92.063072965746,1,28,481,433,7c19295aa097a152,1067.800,863.100,106.500,0.600,0,1,155
5260,5260,92.080592865746,92.080607032413,3847,5260,92.080564165746,1,29,553,502,5b57bbd4e228148c,998.000,901.200,122.400,0.400,0,1,157
5261,5261,92.098102832412,92.098109532412,3848,5261,92.098066665746,1,30,555,504,aac1c0f6b2ba6e24,995.700,861.600,122.800,0.500,0,1,161
5262,5262,92.115597765746,92.115611932412,3849,5262,92.115569065746,1,30,555,504,fd603a461734d362,1020.300,880.700,123.300,0.600,0,1,164
5263,5263,92.133103999079,92.133114699079,3850,5263,92.133071832412,1,30,555,501,54da5e2bb2ead8d4,1016.900,892.500,122.800,0.500,0,1,169
5264,5264,92.150604332412,92.150616999078,3851,5264,92.150574032412,1,30,555,498,826529c0f31a3276,1004.500,891.200,122.900,0.500,0,1,172
5265,5265,92.168140599078,92.168144699078,3852,5265,92.168076465745,1,31,562,496,124cab03aca584c7,1062.100,898.500,124.700,1.000,0,1,175
5266,5266,92.185613032411,92.185621965745,3853,5266,92.185578999078,1,31,562,496,f605d59d5f9e3d9d,972.000,906.600,124.400,0.300,0,1,177
5267,5267,92.203113865745,92.203124299078,3854,5267,92.203081432411,1,31,562,494,2d9e88607f91bc87,999.300,909.900,124.400,0.400,0,1,183
5268,5268,92.220653865744,92.220657965744,3855,5268,92.220583865744,1,31,562,490,6fb5d537ae7a57d6,1056.500,901.400,124.300,0.500,0,1,183
5269,5269,92.238115065744,92.238129232411,3856,5269,92.238086365744,1,31,562,489,289624480ea1d167,1396.700,907.900,124.400,0.400,0,1,187
5270,5270,92.255619199077,92.255631765744,3857,5270,92.255588899077,1,31,562,489,fbfa6877c69b3a71,1004.300,929.400,124.400,0.600,0,1,191
5271,5271,92.273155465744,92.273159565744,3858,5271,92.273091799077,1,31,562,486,e60a3ca314622075,1029.200,943.100,124.300,0.700,0,1,193
5272,5272,92.290657499077,92.290661599077,3859,5272,92.290593832410,1,31,562,486,7e407a74263eabd6,993.400,888.000,125.100,0.400,0,1,197
5273,5273,92.308167432410,92.308171532410,3860,5273,92.308096299077,1,31,562,486,770d9fa8814129bc,978.900,939.500,124.900,0.700,0,1,200
5274,5274,92.325631165743,92.325641599077,3861,5274,92.325598732410,1,31,562,486,774af667d9a31438,979.600,908.600,124.400,0.300,0,1,204
5275,5275,92.343165165743,92.343169265743,3862,5275,92.343101232410,1,32,571,493,5f70c9eeb22b37e9,988.200,902.200,126.400,0.600,0,1,206
5276,5276,92.360667699076,92.360671799076,3863,5276,92.360603765743,1,32,571,490,38da0f5145c70626,1028.600,924.100,131.600,0.600,0,1,209
5277,5277,92.378171999076,92.378176099076,3864,5277,92.378106199076,1,32,571,488,c8b9ac257fff1ef5,1014.400,918.300,126.300,0.300,0,1,213
5278,5278,92.395688632409,92.395692732409,3865,5278,92.395608599076,1,32,571,484,919774a87a6f3e52,1057.400,915.900,126.300,0.700,0,1,219
5279,5279,92.413141999076,92.413154299076,3866,5279,92.413111432409,1,32,572,485,8be72d2729cb671e,1064.500,922.700,126.600,0.400,0,1,223
5280,5280,92.430688065742,92.430692165742,3867,5280,92.430613632409,1,32,572,484,e2474004e0674c68,1218.200,984.000,126.600,0.500,0,1,225
5281,5281,92.448190465742,92.448194565742,3868,5281,92.448116032409,1,33,631,518,fe295156f6664b22,997.600,987.600,139.900,0.500,0,1,231
5282,5282,92.465692999075,92.465697099075,3869,5282,92.465618565742,1,34,646,533,55ba8c0a6a54c7fc,1051.700,1006.100,143.300,0.400,0,1,237
5283,5283,92.483153499075,92.483163932409,3870,5283,92.483121065742,1,34,646,523,5ac3bc3640fd0045,993.600,1083.800,142.900,0.300,0,1,239
5284,5284,92.500697965742,92.500702065742,3871,5284,92.500623532408,1,34,644,510,6c0698a670b399ab,1012.400,1075.900,142.800,1.000,0,1,241
5285,5285,92.518200399075,92.518204499075,3872,5285,92.518125965741,1,34,644,505,287ade4acae5eaae,1074.700,1043.500,142.800,0.500,0,1,242
5286,5286,92.535704665741,92.535708765741,3873,5286,92.535628365741,1,34,644,505,d91e2411d812fff3,985.100,980.400,142.500,0.500,0,1,244
5287,5287,92.553218165741,92.553222265741,3874,5287,92.553131365741,1,35,650,503,6f90ad32711c0650,982.300,1014.900,144.300,0.600,0,1,246
5288,5288,92.570662065741,92.570676232408,3875,5288,92.570633365741,1,35,650,498,e0b936cc16369297,1017.400,986.700,143.800,0.400,0,1,248
5289,5289,92.588166399074,92.588178699074,3876,5289,92.588135832407,1,38,695,539,4ace04aad6041748,1002.100,1016.500,159.300,0.400,0,1,252
5290,5290,92.605721365741,92.605725465741,3877,5290,92.605638299074,1,38,695,533,656e27a2b8986f23,984.400,1001.200,153.800,0.200,0,1,254
5291,5291,92.623171099074,92.623183765740,3878,5291,92.623140799074,1,37,633,538,8ed499d1cd42648d,978.300,989.400,140.000,0.400,0,1,260
5292,5292,92.640673599074,92.640686265740,3879,5292,92.640643299074,1,37,644,550,a95ecf1fa731a65c,997.000,1029.600,142.600,0.400,0,1,262
5293,5293,92.658228499073,92.658232599073,3880,5293,92.658145699073,1,37,644,549,be199a82f2e4983f,995.200,1023.500,142.500,0.500,0,1,268
5294,5294,92.675730932407,92.675735032407,3881,5294,92.675648132407,1,38,660,557,133d704cd8661596,1027.800,1000.400,146.100,0.300,0,1,269
5295,5295,92.693183099073,92.693193799073,3882,5295,92.693150932406,1,38,723,618,c42121e1d13145e2,987.300,1109.300,163.700,0.700,0,1,272
5296,5296,92.710740099073,92.710744199073,3883,5296,92.710653099073,1,39,726,613,24187a486390fc19,1007.300,1041.200,160.700,0.400,0,1,276
5297,5297,92.728242599073,92.728246699073,3884,5297,92.728155599073,1,39,732,613,7ac88470ae854641,1010.800,1047.400,162.100,0.500,0,1,281
5298,5298,92.745745032406,92.745749132406,3885,5298,92.745658032406,1,40,745,619,c595e4c22dc45c61,987.500,1064.800,165.000,0.400,0,1,285
5299,5299,92.763247499072,92.763251599072,3886,5299,92.763160499072,1,40,794,648,63beb323d1252b95,1024.100,1121.300,175.700,0.400,0,1,289
5300,5300,92.780749932406,92.780754032406,3887,5300,92.780662932406,1,41,811,647,367b6e63e4972426,992.300,1085.100,179.600,0.300,0,1,290
5301,5301,92.798252532405,92.798256632405,3888,5301,92.798165532405,1,42,817,644,f5bf5e2d8bc2b01d,998.600,1072.900,180.700,0.500,0,1,294
5302,5302,92.815698265739,92.815710932405,3889,5302,92.815667965739,1,42,817,638,02f942cf25fd61d0,1035.800,1096.700,180.800,0.600,0,1,296
5303,5303,92.833256032405,92.833260132405,3890,5303,92.833170899072,1,43,825,641,2466e664b4fb169a,1063.100,1132.400,187.800,0.400,0,1,302
5304,5304,92.850755699071,92.850759799071,3891,5304,92.850672899071,1,43,825,632,0fe74fe8e4543dd0,1013.800,1089.900,192.300,0.600,0,1,303
5305,5305,92.868258165738,92.868262265738,3892,5305,92.868175365738,1,43,825,621,c3ef712404f9a518,984.200,1098.300,195.900,0.500,0,1,305
5306,5306,92.885760699071,92.885764799071,3893,5306,92.885677899071,1,45,868,614,306fce6e3da19d51,983.200,1096.000,192.100,0.200,0,1,308
5307,5307,92.903263132404,92.903267232404,3894,5307,92.903180332404,1,44,852,608,b0c38b7953c8703a,1032.300,1157.100,195.500,0.500,0,1,310
5308,5308,92.920765565737,92.920769665737,3895,5308,92.920682765737,1,44,852,601,720ecfe29254046e,963.600,1111.700,188.500,0.400,0,1,312
5309,5309,92.938267965737,92.938272065737,3896,5309,92.938185165737,1,44,844,600,65dc1c0319ea8cbf,995.500,1195.600,187.800,0.500,0,1,315
5310,5310,92.955770599070,92.955774699070,3897,5310,92.955687799070,1,43,772,583,1196d463452031fe,982.900,1108.600,171.400,0.500,0,1,318
5311,5311,92.973273365737,92.973277465737,3898,5311,92.973190565737,1,42,756,565,5c3e1e2a0e2d6051,978.200,1083.800,167.800,0.400,0,1,322
5312,5312,92.990773199070,92.990777299070,3899,5312,92.990692732403,1,42,760,559,b69519466d24f25d,998.200,1277.200,168.400,0.500,0,1,326
5313,5313,93.008275599070,93.008279699070,3900,5313,93.008195132403,1,41,752,549,9121dc240d089ce4,1056.500,1108.500,166.400,0.400,0,1,332
5314,5314,93.025726332403,93.025740499070,3901,5314,93.025697632403,1,41,750,548,28337ed120d9a91b,1037.200,1125.500,166.000,0.400,0,1,335
5315,5315,93.043278899070,93.043282999070,3902,5315,93.043200032403,1,40,742,537,702699cc9e490ff3,998.100,1131.200,164.200,0.500,0,1,339
5316,5316,93.060744199069,93.060756865736,3903,5316,93.060713899069,1,40,744,534,e43f00d226bdefe8,1166.100,1164.200,164.700,0.800,0,1,341
5317,5317,93.078285432403,93.078289532403,3904,5317,93.078204965736,1,39,737,527,2d3851b478bdf9ae,1010.000,1139.600,217.100,0.700,0,1,344
5318,5318,93.095787932402,93.095792032402,3905,5318,93.095707465736,1,39,737,508,462bd97037746c6f,1076.100,1134.300,163.200,0.600,0,1,347
5319,5319,93.113290865736,93.113294965736,3906,5319,93.113210399069,1,39,737,495,fb2a8ea238f39178,1007.300,1119.300,163.500,1.400,0,1,347
5320,5320,93.130742699069,93.130755265735,3907,5320,93.130712399069,1,38,730,492,3d32f69267af6595,1016.900,1325.900,162.100,0.400,0,1,351
5321,5321,93.148298865735,93.148302965735,3908,5321,93.148214899069,1,39,758,507,e7ab5a3f5d44b91f,1029.500,1149.200,167.800,0.800,0,1,354
5322,5322,93.165801332402,93.165805432402,3909,5322,93.165717365735,1,39,756,501,279d852c5e62de57,1005.500,1157.900,169.000,1.100,0,1,357
5323,5323,93.183303799068,93.183307899068,3910,5323,93.183219832402,1,39,756,492,8b7f0cbb838b4529,1017.300,1115.200,167.500,0.400,0,1,357
5324,5324,93.200806232401,93.200810332401,3911,5324,93.200722265735,1,39,755,488,56d24549475ffd3b,989.100,1151.400,167.700,0.500,0,1,360
5325,5325,93.218308699068,93.218312799068,3912,5325,93.218224732401,1,38,688,482,79f9ba397f4e795c,1071.600,1192.000,152.300,0.600,0,1,365
5326,5326,93.235811232401,93.235815332401,3913,5326,93.235727265734,1,38,689,479,c43cd5a855711e16,1066.200,1186.300,152.600,0.600,0,1,368
5327,5327,93.253313965734,93.253318065734,3914,5327,93.253229999067,1,37,685,473,39a2d8fbf8cd5e63,1050.900,1174.800,161.300,0.500,0,1,372
5328,5328,93.270763165734,93.270775832401,3915,5328,93.270732865734,1,36,658,467,4298fe3630a35c95,1014.900,1123.400,152.600,0.500,0,1,375
5329,5329,93.288264932400,93.288277599067,3916,5329,93.288234632400,1,36,658,461,fcd0daf5c4df1fe1,1082.600,1125.000,145.800,0.800,0,1,375
5330,5330,93.305812932400,93.305817032400,3917,5330,93.305737132400,1,36,658,457,17ec6520af097c00,1121.400,1175.800,145.900,0.600,0,1,376
5331,5331,93.323315332400,93.323319432400,3918,5331,93.323239532400,1,37,662,451,9d9e2b8d8b910ed4,1022.500,1148.800,146.600,0.500,0,1,380
5332,5332,93.340817899067,93.340821999067,3919,5332,93.340742099067,1,37,662,449,504cf536b1015627,995.900,1145.300,146.500,0.300,0,1,382
5333,5333,93.358320365733,93.358324465733,3920,5333,93.358244565733,1,37,662,440,e614c34958be70b5,990.100,1129.300,146.500,0.300,0,1,384
5334,5334,93.375822732400,93.375826832400,3921,5334,93.375746932400,1,36,629,439,6b770ee0c5c4c896,989.000,1207.400,139.300,0.400,0,1,386
5335,5335,93.393325665733,93.393329765733,3922,5335,93.393249865733,1,36,629,437,6daf9388cd24c224,988.600,1142.500,139.200,0.500,0,1,391
5336,5336,93.410827732399,93.410831832399,3923,5336,93.410751932399,1,37,632,437,587a82f642c9be62,980.400,1145.700,140.500,0.500,0,1,393
5337,5337,93.428318599066,93.428322699066,3924,5337,93.428254465732,1,2,7,6,901e8cdad563b7b8,1007.800,1008.900,1.600,0.500,0,1,384
5338,5338,93.445845299066,93.445849399066,3925,5338,93.445756899066,1,2,7,6,16ff210a799cc7c1,973.700,955.700,1.600,0.600,0,1,388
5339,5339,93.463347765732,93.463351865732,3926,5339,93.463259365732,1,2,7,6,2f31cfa877a8e17d,1097.800,953.100,1.700,0.400,0,1,390
5340,5340,93.480852165732,93.480856265732,3927,5340,93.480761899065,1,2,7,6,51ddc554d8d264c7,978.200,962.100,1.600,0.400,0,1,391
5341,5341,93.498354532398,93.498358632398,3928,5341,93.498264265732,1,2,7,6,9e613325446757e2,989.700,952.000,1.700,0.400,0,1,393
5342,5342,93.515856965732,93.515861065732,3929,5342,93.515766699065,1,3,27,14,6c6172edd6f49b7e,1032.300,973.300,6.000,0.400,0,1,394
5343,5343,93.533359765731,93.533363865731,3930,5343,93.533269499065,1,3,27,14,df6ee0640fed7e2e,1104.400,1036.800,6.000,0.600,0,1,398
5344,5344,93.550861932398,93.550866032398,3931,5344,93.550771665731,1,3,27,14,8dc84687650316be,980.300,1074.100,6.000,0.700,0,1,401
5345,5345,93.568366332398,93.568370432398,3932,5345,93.568274199064,1,3,27,14,3c7d98fa9ebec061,990.500,976.000,6.000,0.200,0,1,403
5346,5346,93.585868899064,93.585872999064,3933,5346,93.585776765731,1,4,33,20,a546c3911cb36bd7,1026.600,1023.200,7.400,0.300,0,1,409
5347,5347,93.603371232397,93.603375332397,3934,5347,93.603279099064,1,4,33,20,0b6ce7e602fc833e,996.600,1046.900,7.400,0.200,0,1,412
5348,5348,93.620873732397,93.620877832397,3935,5348,93.620781599064,1,5,36,23,8e604d5bdd928141,1028.700,1018.600,7.900,0.700,0,1,413
5349,5349,93.638378065730,93.638382165730,3936,5349,93.638284065730,1,6,38,25,63097e260f8dde21,1015.800,998.900,8.500,0.300,0,1,415
5350,5350,93.655880565730,93.655884665730,3937,5350,93.655786565730,1,6,38,25,956c6d0e03272a8e,1003.800,999.000,8.500,0.300,0,1,416
5351,5351,93.673385265730,93.673389365730,3938,5351,93.673289399063,1,6,38,25,9f9a26807d6b2294,1047.100,987.300,8.400,0.400,0,1,418
5352,5352,93.690889165730,93.690893265730,3939,5352,93.690791432396,1,6,38,24,a1fa90d683e86404,984.900,1051.500,8.500,0.600,0,1,422
5353,5353,93.708391799063,93.708395899063,3940,5353,93.708294065730,1,6,38,24,b288ac2966b1552f,1056.000,1055.100,8.500,0.400,0,1,424
5354,5354,93.725894265729,93.725898365729,3941,5354,93.725796532396,1,6,38,24,b8294b15ba01147d,1070.200,1412.700,8.500,0.400,0,1,427
5355,5355,93.743394365729,93.743398465729,3942,5355,93.743298965729,1,6,38,23,93b3d89bda4486f0,1047.900,1014.400,8.500,0.500,0,1,431
5356,5356,93.760896799062,93.760900899062,3943,5356,93.760801399062,1,6,38,20,7cf69e19dfbac38c,982.800,995.800,8.400,0.300,0,1,433
5357,5357,93.778399265729,93.778403365729,3944,5357,93.778303865729,1,7,42,24,62fcc49811eec1e1,989.600,1011.000,9.400,0.400,0,1,433
5358,5358,93.795901765729,93.795905865729,3945,5358,93.795806365729,1,7,42,24,d7263624b2a65b23,985.700,1019.800,9.300,0.500,0,1,436
5359,5359,93.813406365729,93.813410199062,3946,5359,93.813308999062,1,7,42,23,625c43bd7c63eeff,990.600,1028.500,9.300,1.000,0,1,439
5360,5360,93.830912299062,93.830916132395,3947,5360,93.830811199062,1,7,42,23,33dee9d5064a7485,1006.100,1031.100,9.600,0.500,0,1,442
5361,5361,93.848416665728,93.848420499062,3948,5361,93.848313699062,1,7,42,23,8e5dbc29ab5e3d3a,998.700,1051.600,18.400,0.500,0,1,445
5362,5362,93.865919132395,93.865922965728,3949,5362,93.865816165728,1,7,42,20,9723b5a448983b6f,975.400,1019.500,9.400,0.300,0,1,447
5363,5363,93.883423465728,93.883427299061,3950,5363,93.883318632395,1,7,42,19,daf22a50f145dea4,1006.700,1094.200,9.400,0.400,0,1,450
5364,5364,93.900926032394,93.900929865728,3951,5364,93.900821199061,1,7,42,19,af2917f20c7c7eb0,989.100,1038.200,9.300,0.500,0,1,452
5365,5365,93.918430365727,93.918434199061,3952,5365,93.918323665727,1,7,42,19,6f8fc20e119b4e86,1118.600,1066.800,9.300,0.500,0,1,456
5366,5366,93.935934632394,93.935938465727,3953,5366,93.935826065727,1,8,62,20,e1cbc127f61ba8c1,1001.500,1067.000,13.900,1.000,0,1,457
5367,5367,93.953437565727,93.953441399060,3954,5367,93.953328999060,1,7,58,19,4f182e57652226fc,1037.700,1049.900,12.900,0.500,0,1,462
5368,5368,93.970943332394,93.970947165727,3955,5368,93.970831032394,1,6,56,17,32d420cd4e2a3540,1083.700,1045.000,12.500,0.500,0,1,464
5369,5369,93.988447665727,93.988451499060,3956,5369,93.988333499060,1,6,56,17,138941f0e4466bd4,1051.500,1058.500,12.500,0.500,0,1,465
5370,5370,94.005951999060,94.005955832393,3957,5370,94.005835965727,1,6,56,17,60cdf6a921b8d0d1,983.200,1053.700,12.400,0.400,0,1,468
5371,5371,94.023454432393,94.023458265726,3958,5371,94.023338399060,1,6,56,17,134fbfa2707d2a6e,1037.200,1045.100,12.400,0.400,0,1,471
5372,5372,94.040956965726,94.040960799060,3959,5372,94.040840932393,1,6,56,17,f5026e0a2c777142,1304.500,1066.000,12.400,0.600,0,1,473
5373,5373,94.058470665726,94.058474499059,3960,5373,94.058354632393,1,6,56,16,f1b809524f2c1518,984.900,1059.900,12.400,0.500,0,1,476
5374,5374,94.075961932393,94.075965765726,3961,5374,94.075845899059,1,6,56,16,17281372e41ec5d3,994.000,1064.500,12.400,0.300,0,1,478
5375,5375,94.093464665726,94.093468499059,3962,5375,94.093348632392,1,6,56,16,dc5d3f99dcbbefa7,1003.700,1054.000,12.400,0.400,0,1,482
5376,5376,94.110966799059,94.110970632392,3963,5376,94.110850765726,1,7,58,17,3269e4fc1a6a2921,999.000,1085.000,12.900,0.500,0,1,483
5377,5377,94.128469265725,94.128473099059,3964,5377,94.128353232392,1,7,58,16,4e5ca7fd15637df4,1017.100,1126.000,13.500,0.600,0,1,485
5378,5378,94.145975232392,94.145979065725,3965,5378,94.145855699059,1,7,58,14,17295a0ed17d6884,1153.200,1116.600,12.900,0.600,0,1,491
5379,5379,94.163477732392,94.163481565725,3966,5379,94.163358199058,1,7,58,14,a56f5840bb890b01,1008.900,1087.800,12.900,0.300,0,1,492
5380,5380,94.180980299058,94.180984132392,3967,5380,94.180860765725,1,7,58,12,3dc1590b3b65da61,979.200,1099.800,12.800,0.400,0,1,494
5381,5381,94.198482765725,94.198486599058,3968,5381,94.198363232391,1,7,58,11,15223b857d2faf0e,983.100,1077.500,12.800,0.700,0,1,496
5382,5382,94.215986965725,94.215990799058,3969,5382,94.215865565725,1,8,61,14,6cffbba0dc2c9760,985.500,1104.500,13.600,0.400,0,1,498
5383,5383,94.233489999058,94.233493832391,3970,5383,94.233368599058,1,9,67,19,2f7ea2e12be56c74,997.500,1099.900,14.800,0.400,0,1,498
5384,5384,94.250992032391,94.250995865724,3971,5384,94.250870632391,1,6,54,17,e0ba5aa6a4c23289,1043.400,1144.500,12.000,0.700,0,1,504
5385,5385,94.268405299057,94.268415999057,3972,5385,94.268373132391,1,7,56,16,b17bc55c525686c8,992.700,1160.100,12.500,0.600,0,1,508
5386,5386,94.285946232390,94.285950332390,3973,5386,94.285875565724,1,7,56,16,aa241793f3d31de7,1045.200,1110.200,12.400,0.600,0,1,509
5387,5387,94.303448632390,94.303452732390,3974,5387,94.303377965724,1,7,56,16,8e3c07f5579c1c64,991.300,1097.200,12.400,0.400,0,1,513
5388,5388,94.320951199057,94.320955299057,3975,5388,94.320880532390,1,7,56,15,f971ef9997bc39e1,996.200,1104.900,12.400,0.400,0,1,516
5389,5389,94.338455499057,94.338459599057,3976,5389,94.338382965723,1,8,61,16,0947a47744bbc19a,1007.000,1112.800,13.500,0.500,0,1,516
5390,5390,94.355957965723,94.355962065723,3977,5390,94.355885432390,1,9,81,16,189c148c9a194b4c,1096.500,1187.100,18.000,0.400,0,1,520
5391,5391,94.373460732390,94.373464832390,3978,5391,94.373388199056,1,9,81,16,6cef641203559689,1026.100,1166.000,18.000,0.300,0,1,522
5392,5392,94.390962832389,94.390966932389,3979,5392,94.390890299056,1,9,81,16,922656a3f28882f3,1043.200,1110.300,17.900,0.500,0,1,526
5393,5393,94.408465299056,94.408469399056,3980,5393,94.408392765723,1,8,79,14,c3164e7c0b628ae9,992.700,1115.700,17.500,0.400,0,1,528
5394,5394,94.425964365722,94.425968465722,3981,5394,94.425895332389,1,8,79,14,856370a49703e4a3,1005.400,1141.300,17.500,0.400,0,1,532
5395,5395,94.443466799056,94.443470899056,3982,5395,94.443397765722,1,8,79,14,95ac93b6a4556ff9,1025.200,1201.600,17.500,0.400,0,1,534
5396,5396,94.460969199055,94.460973299055,3983,5396,94.460900165722,1,8,79,14,ea3f413f85bcbc75,991.300,1130.200,17.600,0.400,0,1,536
5397,5397,94.478471699055,94.478475799055,3984,5397,94.478402665722,1,8,79,14,687d9395e26f82ee,993.800,1152.700,17.700,0.300,0,1,537
5398,5398,94.495971899055,94.495975999055,3985,5398,94.495905199055,1,8,79,13,4adb5c5055bbf396,989.000,1139.700,17.500,0.400,0,1,540
5399,5399,94.513476632388,94.513480732388,3986,5399,94.513408065722,1,8,79,13,6a64bb03fc29b56e,1099.800,1146.600,17.500,0.400,0,1,544
5400,5400,94.530978632388,94.530982732388,3987,5400,94.530910065721,1,8,79,13,f31d8c036b523d2c,1240.100,1189.100,17.500,0.400,0,1,545
5401,5401,94.548481199055,94.548485299055,3988,5401,94.548412632388,1,8,79,13,9f9cf6bda527ad1b,1103.300,1254.700,17.500,0.500,0,1,545
5402,5402,94.565993632388,94.565997732388,3989,5402,94.565915032388,1,8,79,13,66dac58321aee37e,1073.100,1221.800,17.900,1.100,0,1,549
5403,5403,94.583496165721,94.583500265721,3990,5403,94.583417565721,1,8,79,11,7baa7a5d63fc4f11,1135.100,1173.300,17.500,0.600,0,1,550
5404,5404,94.600998632387,94.601002732387,3991,5404,94.600920032387,1,8,79,11,ffeb68095bec563a,987.100,1180.600,17.600,0.300,0,1,555
5405,5405,94.618501165720,94.618505265720,3992,5405,94.618422565720,1,8,79,11,d310e5e4c5ee37b0,1027.500,1186.200,17.500,0.400,0,1,556
5406,5406,94.636013665720,94.636017765720,3993,5406,94.635925032387,1,8,79,10,eab41bcaa67d84eb,999.400,1181.500,17.500,0.500,0,1,561
5407,5407,94.653516265720,94.653520365720,3994,5407,94.653427632387,1,8,79,10,d1882f6b02a9e715,1025.600,1160.300,17.600,0.200,0,1,563
5408,5408,94.671018532387,94.671022632387,3995,5408,94.670929899053,1,8,79,10,4e179dcc02840c1b,1054.700,1217.700,17.600,0.700,0,1,565
5409,5409,94.688522865720,94.688526965720,3996,5409,94.688432365720,1,8,79,10,db6941a90d21cc91,994.600,1213.100,17.600,0.600,0,1,566
5410,5410,94.706009099053,94.706012932386,3997,5410,94.705934832386,1,0,0,0,cbf29ce484222325,1042.900,1022.900,0.100,0.800,0,1,445
5411,5411,94.723513399053,94.723517232386,3998,5411,94.723437265719,1,0,0,0,cbf29ce484222325,1042.600,973.700,0.100,0.500,0,1,447
5412,5412,94.741015832386,94.741019665719,3999,5412,94.740939699053,1,0,0,0,cbf29ce484222325,1014.400,1006.000,0.500,0.300,0,1,448
5413,5413,94.758516465719,94.758520299052,4000,5413,94.758442199052,1,0,0,0,cbf29ce484222325,1014.100,1021.500,0.100,0.800,0,1,451
5414,5414,94.776012365719,94.776016199052,4001,5414,94.775944632386,1,0,0,0,cbf29ce484222325,999.200,1013.700,0.200,0.700,0,1,452
5415,5415,94.793515299052,94.793519132385,4002,5415,94.793447565719,1,0,0,0,cbf29ce484222325,983.300,998.700,0.100,0.400,0,1,453
5416,5416,94.811017432385,94.811021265719,4003,5416,94.810949699052,1,0,0,0,cbf29ce484222325,1035.400,977.900,0.100,0.400,0,1,455
5417,5417,94.828519799052,94.828523632385,4004,5417,94.828452065718,1,0,0,0,cbf29ce484222325,998.700,984.300,0.100,0.500,0,1,457
5418,5418,94.846017599052,94.846021432385,4005,5418,94.845954532385,1,0,0,0,cbf29ce484222325,964.000,1031.800,0.100,0.200,0,1,457
5419,5419,94.863521965718,94.863525799051,4006,5419,94.863457032385,1,0,0,0,cbf29ce484222325,1018.400,1082.000,0.200,1.000,0,1,459
5420,5420,94.881022665718,94.881026499051,4007,5420,94.880959599051,1,0,0,0,cbf29ce484222325,971.600,1062.100,0.100,0.300,0,1,461
5421,5421,94.898525065718,94.898528899051,4008,5421,94.898461999051,1,0,0,0,cbf29ce484222325,986.300,1014.200,0.100,0.400,0,1,462
5422,5422,94.916024699051,94.916028532384,4009,5422,94.915964432384,1,0,0,0,cbf29ce484222325,962.500,1054.500,0.100,0.500,0,1,462
5423,5423,94.933525565717,94.933529399051,4010,5423,94.933467165717,1,0,0,0,cbf29ce484222325,1006.500,979.700,0.100,0.800,0,1,463
5424,5424,94.951027799050,94.951031632384,4011,5424,94.950969399050,1,0,0,0,cbf29ce484222325,987.200,1025.000,0.100,0.500,0,1,464
5425,5425,94.968530199050,94.968534032384,4012,5425,94.968471799050,1,0,0,0,cbf29ce484222325,971.900,995.700,0.100,0.300,0,1,464
5426,5426,94.986052999050,94.986056832383,4013,5426,94.985974299050,1,0,0,0,cbf29ce484222325,987.900,1044.200,0.100,0.300,0,1,464
5427,5427,95.003557399050,95.003561232383,4014,5427,95.003476832383,1,0,0,0,cbf29ce484222325,995.000,1043.400,0.100,0.400,0,1,463
5428,5428,95.021059899050,95.021063732383,4015,5428,95.020979332383,1,0,0,0,cbf29ce484222325,979.400,990.600,0.100,0.400,0,1,463
5429,5429,95.038564265716,95.038568099050,4016,5429,95.038481832383,1,0,0,0,cbf29ce484222325,1052.400,1057.800,0.200,0.600,0,1,463
5430,5430,95.056043465716,95.056047299049,4017,5430,95.055995565716,1,0,0,0,cbf29ce484222325,1029.700,993.200,0.100,0.600,0,1,462
5431,5431,95.073534965716,95.073538799049,4018,5431,95.073487065716,1,0,0,0,cbf29ce484222325,976.700,1022.700,0.100,1.100,0,1,460
5432,5432,95.091037065716,95.091040899049,4019,5432,95.090989165716,1,0,0,0,cbf29ce484222325,1010.700,1009.900,0.100,0.400,0,1,459
5433,5433,95.108539565716,95.108543399049,4020,5433,95.108491665716,1,0,0,0,cbf29ce484222325,992.200,1000.500,0.200,0.700,0,1,458
5434,5434,95.126033899049,95.126037732382,4021,5434,95.125994165715,1,0,0,0,cbf29ce484222325,977.200,987.000,0.200,0.800,0,1,457
5435,5435,95.143536299049,95.143540132382,4022,5435,95.143496565715,1,0,0,0,cbf29ce484222325,988.300,1000.000,0.100,0.400,0,1,455
5436,5436,95.161038732382,95.161042565715,4023,5436,95.160998999048,1,0,0,0,cbf29ce484222325,999.200,986.700,0.100,0.400,0,1,451
5437,5437,95.178541299048,95.178545132382,4024,5437,95.178501565715,1,0,0,0,cbf29ce484222325,983.300,980.100,0.100,1.000,0,1,447
5438,5438,95.196043765715,95.196047599048,4025,5438,95.196004032381,1,0,0,0,cbf29ce484222325,988.000,992.000,0.200,0.600,0,1,443
5439,5439,95.213542999048,95.213549365715,4026,5439,95.213506765715,1,0,0,0,cbf29ce484222325,1076.900,996.700,0.100,0.400,0,1,440
5440,5440,95.231045199048,95.231051565714,4027,5440,95.231008965714,1,0,0,0,cbf29ce484222325,1075.300,1102.000,0.100,0.300,0,1,432
5441,5441,95.248547665714,95.248554032381,4028,5441,95.248511432381,1,0,0,0,cbf29ce484222325,1015.300,966.500,0.100,0.500,0,1,426
5442,5442,95.266050199047,95.266056565714,4029,5442,95.266013965714,1,0,0,0,cbf29ce484222325,1057.300,961.100,0.100,0.500,0,1,422
5443,5443,95.283551465714,95.283558999047,4030,5443,95.283516399047,1,0,0,0,cbf29ce484222325,974.800,948.700,0.200,0.400,0,1,416
5444,5444,95.301053965714,95.301061499047,4031,5444,95.301018899047,1,0,0,0,cbf29ce484222325,997.600,922.800,0.100,0.500,0,1,410
5445,5445,95.318556399047,95.318563932380,4032,5445,95.318521332380,1,0,0,0,cbf29ce484222325,1073.100,916.500,0.100,0.400,0,1,400
5446,5446,95.336058899047,95.336066432380,4033,5446,95.336023832380,1,0,0,0,cbf29ce484222325,995.700,913.700,0.100,0.300,0,1,394
5447,5447,95.353559399046,95.353569265713,4034,5447,95.353526665713,1,0,0,0,cbf29ce484222325,995.000,901.600,0.100,0.400,0,1,389
5448,5448,95.371061532380,95.371071399046,4035,5448,95.371028799046,1,0,0,0,cbf29ce484222325,985.500,947.800,0.100,1.400,0,1,384
5449,5449,95.388563932379,95.388573799046,4036,5449,95.388531199046,1,0,0,0,cbf29ce484222325,1004.100,900.200,0.100,0.400,0,1,373
5450,5450,95.406066465713,95.406076332379,4037,5450,95.406033732379,1,0,0,0,cbf29ce484222325,999.800,884.400,0.100,0.400,0,1,366
5451,5451,95.423567765712,95.423578799046,4038,5451,95.423536199046,1,0,0,0,cbf29ce484222325,986.500,892.400,0.100,0.500,0,1,358
5452,5452,95.441070099046,95.441081132379,4039,5452,95.441038532379,1,0,0,0,cbf29ce484222325,1002.300,859.800,0.100,0.500,0,1,352
5453,5453,95.458572665712,95.458583699045,4040,5453,95.458541099045,1,2,9,0,800e8cde01b7b324,993.900,868.000,2.000,0.400,0,1,342
5454,5454,95.476075132379,95.476086165712,4041,5454,95.476043565712,1,2,11,3,a664311f61e1d980,994.400,944.800,2.500,0.500,0,1,333
5455,5455,95.493577932378,95.493588965712,4042,5455,95.493546365712,1,2,11,6,b744a1b7cdbbaaf1,982.200,846.300,2.500,0.300,0,1,327
5456,5456,95.511088232378,95.511092065712,4043,5456,95.511048499045,1,3,17,9,5bd7b85e265e021b,1006.000,861.300,3.800,0.500,0,1,317
5457,5457,95.528590665711,95.528594499045,4044,5457,95.528550932378,1,4,24,12,6b59a124952c359f,1006.300,883.400,5.500,0.700,0,1,311
5458,5458,95.546093165711,95.546096999045,4045,5458,95.546053432378,1,3,18,18,842895f0d3e1674a,1029.600,868.000,4.100,0.500,0,1,300
5459,5459,95.563595632378,95.563599465711,4046,5459,95.563555899044,1,2,15,15,e1b6e8ebfa84742c,1088.900,851.100,3.400,1.900,0,1,293
5460,5460,95.581093399044,95.581100932378,4047,5460,95.581058332378,1,1,3,3,56799139bc6db657,998.300,801.200,0.800,0.400,0,1,284
5461,5461,95.598602865711,95.598606699044,4048,5461,95.598560799044,1,1,3,3,379ab297f3be5af0,1001.600,793.100,0.700,1.000,0,1,277
5462,5462,95.616105365711,95.616109199044,4049,5462,95.616063299044,1,0,0,0,cbf29ce484222325,1010.100,786.600,0.100,0.500,0,1,270
5463,5463,95.633608265710,95.633612099044,4050,5463,95.633566199044,1,0,0,0,cbf29ce484222325,1011.200,776.000,0.100,0.600,0,1,262
5464,5464,95.651110399043,95.651114232377,4051,5464,95.651068332377,1,0,0,0,cbf29ce484222325,996.400,786.100,0.100,0.700,0,1,250
5465,5465,95.668609332377,95.668613365710,4052,5465,95.668570765710,1,0,0,0,cbf29ce484222325,993.100,737.300,0.100,0.400,0,1,240
5466,5466,95.686111799043,95.686115832376,4053,5466,95.686073232376,1,0,0,0,cbf29ce484222325,990.200,737.700,0.100,0.500,0,1,231
5467,5467,95.703614299043,95.703618332376,4054,5467,95.703575732376,1,0,0,0,cbf29ce484222325,992.500,722.400,0.100,0.500,0,1,212
5468,5468,95.721116732376,95.721120765709,4055,5468,95.721078165709,1,0,0,0,cbf29ce484222325,1103.000,687.200,0.100,0.700,0,1,182
5469,5469,95.738616899043,95.738623265709,4056,5469,95.738580665709,1,0,0,0,cbf29ce484222325,1006.200,643.600,0.100,0.400,0,1,159
5470,5470,95.756119332376,95.756125699042,4057,5470,95.756083099042,1,0,0,0,cbf29ce484222325,1034.600,612.200,0.100,0.600,0,1,120
5471,5471,95.773622065709,95.773628432376,4058,5471,95.773585832376,1,0,0,0,cbf29ce484222325,1001.000,560.800,0.100,0.700,0,1,63
5472,5472,95.791124232375,95.791130599042,4059,5472,95.791087999042,1,0,0,0,cbf29ce484222325,1082.700,498.000,0.200,0.400,0,1,39
5473,5473,95.808626765709,95.808633132375,4060,5473,95.808590532375,1,0,0,0,cbf29ce484222325,976.800,478.900,0.100,0.600,0,1,25
5474,5474,95.826125699042,95.826135565708,4061,5474,95.826092965708,1,0,0,0,cbf29ce484222325,994.800,475.800,0.100,0.500,0,1,12
5475,5475,95.843628099042,95.843637965708,4062,5475,95.843595365708,1,0,0,0,cbf29ce484222325,1013.500,462.700,0.100,0.400,0,1,9
5476,5476,95.861151365708,95.861155199041,4063,5476,95.861097865708,1,0,0,0,cbf29ce484222325,960.500,453.500,0.100,0.300,0,1,8
5477,5477,95.878653865708,95.878657699041,4064,5477,95.878600365708,1,0,0,0,cbf29ce484222325,959.900,455.700,0.200,0.300,0,1,8
5478,5478,95.896159932374,95.896163765708,4065,5478,95.896102932374,1,0,0,0,cbf29ce484222325,954.200,414.700,0.100,0.300,0,1,8
5479,5479,95.913662699041,95.913666532374,4066,5479,95.913605699041,1,0,0,0,cbf29ce484222325,981.300,418.000,0.100,0.900,0,1,7
5480,5480,95.931164799041,95.931168632374,4067,5480,95.931107799041,1,0,0,0,cbf29ce484222325,957.500,414.700,0.100,0.400,0,1,7
5481,5481,95.948667332374,95.948671165707,4068,5481,95.948610332374,1,0,0,0,cbf29ce484222325,965.100,411.700,0.100,0.400,0,1,5
5482,5482,95.966169699040,95.966173532374,4069,5482,95.966112699040,1,0,0,0,cbf29ce484222325,946.500,416.800,0.100,0.300,0,1,5
5483,5483,95.983674565707,95.983678399040,4070,5483,95.983615132374,1,1,0,0,cbf29ce484222325,943.000,410.500,0.000,0.300,0,1,3
5484,5484,96.001177165707,96.001180999040,4071,5484,96.001117732373,1,0,0,0,cbf29ce484222325,969.900,414.200,0.100,0.400,0,1,3
5485,5485,96.018678699040,96.018682532373,4072,5485,96.018620099040,1,0,0,0,cbf29ce484222325,966.500,414.700,0.100,0.400,0,1,3
5486,5486,96.036181199040,96.036185032373,4073,5486,96.036122599040,1,0,0,0,cbf29ce484222325,998.500,438.400,0.200,0.500,0,1,3
5487,5487,96.053695299039,96.053699132373,4074,5487,96.053636699039,1,0,0,0,cbf29ce484222325,964.100,428.900,0.100,0.300,0,1,3
5488,5488,96.071181499039,96.071185332373,4075,5488,96.071127565706,1,0,0,0,cbf29ce484222325,961.100,419.500,0.000,0.800,0,1,3
5489,5489,96.088683732372,96.088687565706,4076,5489,96.088630065706,1,0,0,0,cbf29ce484222325,972.600,414.000,0.100,0.500,0,1,3
5490,5490,96.106186132372,96.106189965706,4077,5490,96.106132465706,1,0,0,0,cbf29ce484222325,978.100,414.900,0.100,0.300,0,1,2
5491,5491,96.123688565705,96.123692399039,4078,5491,96.123634899039,1,0,0,0,cbf29ce484222325,998.900,435.100,0.100,1.000,0,1,1
5492,5492,96.141191165705,96.141194999039,4079,5492,96.141137499039,1,0,0,0,cbf29ce484222325,975.800,416.800,0.100,0.700,0,1,1
5493,5493,96.158691299038,96.158695132372,4080,5493,96.158639965705,1,0,0,0,cbf29ce484222325,960.200,415.300,0.100,0.400,0,1,1
5494,5494,96.176193699038,96.176197532372,4081,5494,96.176142365705,1,0,0,0,cbf29ce484222325,952.400,418.100,0.200,0.300,0,1,1
5496,5496,96.211198699038,96.211202532371,4082,5496,96.211147365705,1,0,0,0,cbf29ce484222325,966.600,412.900,0.200,0.500,0,1,1
5497,5497,96.228701165704,96.228704999038,4083,5497,96.228649832371,1,0,0,0,cbf29ce484222325,958.800,413.100,0.100,0.200,0,1,1
5498,5498,96.246199432371,96.246203265704,4084,5498,96.246152299038,1,0,0,0,cbf29ce484222325,980.900,429.200,0.100,0.500,0,1,1
5499,5499,96.263701865704,96.263705699037,4085,5499,96.263654732371,1,1,0,0,cbf29ce484222325,1001.600,422.500,0.200,0.300,0,1,0
5500,5500,96.281204399037,96.281208232371,4086,5500,96.281157265704,1,1,0,0,cbf29ce484222325,982.100,426.300,0.200,0.300,0,1,0
5501,5501,96.298706832370,96.298710665704,4087,5501,96.298659699037,1,1,0,0,cbf29ce484222325,953.900,445.700,0.200,0.600,0,1,0
5502,5502,96.316208799037,96.316212632370,4088,5502,96.316162099037,1,0,0,0,cbf29ce484222325,977.400,408.500,0.100,0.300,0,1,0
5503,5503,96.333708099037,96.333711932370,4089,5503,96.333664899037,1,0,0,0,cbf29ce484222325,963.900,409.400,0.100,0.400,0,1,0
5504,5504,96.351209899036,96.351213732370,4090,5504,96.351167132370,1,0,0,0,cbf29ce484222325,960.900,404.700,0.100,0.300,0,1,0
5505,5505,96.368712332370,96.368716165703,4091,5505,96.368669565703,1,0,0,0,cbf29ce484222325,1011.500,399.900,0.100,0.600,0,1,0
5506,5506,96.386214799036,96.386218632369,4092,5506,96.386172032369,1,0,0,0,cbf29ce484222325,976.900,409.100,0.100,0.300,0,1,0
5507,5507,96.403734832369,96.403738665703,4093,5507,96.403674565703,1,0,0,0,cbf29ce484222325,1021.800,395.500,0.100,0.500,0,1,0
5508,5508,96.421234965702,96.421238799036,4094,5508,96.421177032369,1,0,0,0,cbf29ce484222325,975.100,404.900,0.100,0.500,0,1,0
5509,5509,96.438737399036,96.438741232369,4095,5509,96.438679465702,1,0,0,0,cbf29ce484222325,978.300,442.400,0.100,0.500,0,1,0
5510,5510,96.456239799035,96.456243632369,4096,5510,96.456181865702,1,0,0,0,cbf29ce484222325,968.900,407.500,0.100,1.000,0,1,0
5511,5511,96.473742832369,96.473746665702,4097,5511,96.473684899035,1,0,0,0,cbf29ce484222325,971.100,424.500,0.100,0.500,0,1,0
5512,5512,96.491244832368,96.491248665702,4098,5512,96.491186899035,1,0,0,0,cbf29ce484222325,983.400,409.600,0.100,0.600,0,1,0
5513,5513,96.508740665702,96.508744499035,4099,5513,96.508689299035,1,0,0,0,cbf29ce484222325,977.200,417.100,0.100,0.600,0,1,0
5514,5514,96.526243232368,96.526247065701,4100,5514,96.526191865701,1,0,0,0,cbf29ce484222325,1013.600,431.100,0.100,0.500,0,1,0
5515,5515,96.543745732368,96.543749565701,4101,5515,96.543694365701,1,0,0,0,cbf29ce484222325,1092.000,412.200,0.100,0.400,0,1,0
5516,5516,96.561248065701,96.561251899034,4102,5516,96.561196699034,1,0,0,0,cbf29ce484222325,1066.000,421.000,0.100,1.300,0,1,0
5517,5517,96.578729565701,96.578742232368,4103,5517,96.578699299034,1,0,0,0,cbf29ce484222325,1001.700,416.000,0.100,0.600,0,1,0
5518,5518,96.596247265701,96.596251099034,4104,5518,96.596201732367,1,0,0,0,cbf29ce484222325,980.200,405.500,0.200,0.400,0,1,0
5519,5519,96.613750032367,96.613753865701,4105,5519,96.613704499034,1,0,0,0,cbf29ce484222325,968.700,405.300,0.100,0.600,0,1,0
5520,5520,96.631254199034,96.631258032367,4106,5520,96.631206665700,1,0,0,0,cbf29ce484222325,990.100,401.100,0.100,0.300,0,1,0
5521,5521,96.648754632367,96.648758465700,4107,5521,96.648709099034,1,0,0,0,cbf29ce484222325,991.600,402.700,0.100,0.400,0,1,0
5522,5522,96.666253565700,96.666257399033,4108,5522,96.666211532367,1,0,0,0,cbf29ce484222325,978.100,402.400,0.100,0.600,0,1,0
5523,5523,96.683756032366,96.683759865700,4109,5523,96.683713999033,1,0,0,0,cbf29ce484222325,983.600,405.800,0.100,0.300,0,1,0
5524,5524,96.701258599033,96.701262432366,4110,5524,96.701216565700,1,0,0,0,cbf29ce484222325,978.300,407.100,0.100,0.400,0,1,0
5525,5525,96.718761032366,96.718764865699,4111,5525,96.718718999033,1,0,0,0,cbf29ce484222325,985.200,415.800,0.100,0.600,0,1,0
5526,5526,96.736281032366,96.736285132366,4112,5526,96.736221499033,1,0,0,0,cbf29ce484222325,999.800,464.000,0.100,0.400,0,1,0
5527,5527,96.753778432366,96.753782265699,4113,5527,96.753724299032,1,0,0,0,cbf29ce484222325,1007.800,416.400,0.100,0.500,0,1,0
5528,5528,96.771280565699,96.771284399032,4114,5528,96.771226432366,1,0,0,0,cbf29ce484222325,971.700,405.000,0.100,1.000,0,1,0
5529,5529,96.788792599032,96.788796699032,4115,5529,96.788728865699,1,0,0,0,cbf29ce484222325,995.600,411.000,0.100,0.300,0,1,0
5530,5530,96.806295032365,96.806299132365,4116,5530,96.806231299032,1,0,0,0,cbf29ce484222325,978.700,420.400,0.100,0.600,0,1,0
5531,5531,96.823797599032,96.823801699032,4117,5531,96.823733865698,1,0,0,0,cbf29ce484222325,985.600,419.300,0.200,0.200,0,1,0
5532,5532,96.841303299032,96.841307132365,4118,5532,96.841236299032,1,0,0,0,cbf29ce484222325,1035.500,412.800,0.100,0.500,0,1,0
5533,5533,96.858801799031,96.858805632365,4119,5533,96.858738799031,1,0,0,0,cbf29ce484222325,959.200,405.400,0.100,0.300,0,1,0
5534,5534,96.876306332365,96.876310165698,4120,5534,96.876241332365,1,0,0,0,cbf29ce484222325,980.500,406.600,0.200,0.300,0,1,0
5535,5535,96.893806965698,96.893810799031,4121,5535,96.893743965698,1,0,0,0,cbf29ce484222325,975.600,407.100,0.100,0.300,0,1,0
5536,5536,96.911309265698,96.911313099031,4122,5536,96.911246265698,1,0,0,0,cbf29ce484222325,975.500,412.800,0.100,0.900,0,1,0
5537,5537,96.928808199031,96.928812032364,4123,5537,96.928748699031,1,0,0,0,cbf29ce484222325,1061.000,427.500,0.100,0.500,0,1,0
5538,5538,96.946310665697,96.946314499031,4124,5538,96.946251165697,1,0,0,0,cbf29ce484222325,993.900,401.500,0.100,0.400,0,1,0
5539,5539,96.963815065697,96.963818899030,4125,5539,96.963753565697,1,0,0,0,cbf29ce484222325,978.900,399.100,0.100,0.300,0,1,0
5540,5540,96.981315599030,96.981319432364,4126,5540,96.981256099030,1,0,0,0,cbf29ce484222325,1004.800,402.100,0.200,0.600,0,1,0
5541,5541,96.998820132363,96.998823965697,4127,5541,96.998758632363,1,0,0,0,cbf29ce484222325,978.900,407.100,0.100,0.200,0,1,0
5542,5542,97.016314665696,97.016318499030,4128,5542,97.016260999030,1,0,0,0,cbf29ce484222325,976.800,406.800,0.200,0.400,0,1,0
5543,5543,97.033817599030,97.033821432363,4129,5543,97.033763932363,1,0,0,0,cbf29ce484222325,1047.800,401.100,0.100,0.300,0,1,0
5544,5544,97.051330965696,97.051334799029,4130,5544,97.051277299029,1,0,0,0,cbf29ce484222325,1001.400,412.100,0.100,0.500,0,1,0
5545,5545,97.068822199029,97.068826032363,4131,5545,97.068768532363,1,0,0,0,cbf29ce484222325,1020.800,404.600,0.100,0.400,0,1,0
5546,5546,97.086324565696,97.086328399029,4132,5546,97.086270899029,1,0,0,0,cbf29ce484222325,993.900,400.700,0.100,0.400,0,1,0
5547,5547,97.103820099029,97.103823932362,4133,5547,97.103773432362,1,0,0,0,cbf29ce484222325,980.000,412.800,0.100,0.400,0,1,0
5548,5548,97.121322465695,97.121326299029,4134,5548,97.121275799029,1,0,0,0,cbf29ce484222325,972.800,405.800,0.100,0.400,0,1,0
5549,5549,97.138824965695,97.138828799029,4135,5549,97.138778299029,1,0,0,0,cbf29ce484222325,1020.900,403.500,0.100,1.000,0,1,0
5550,5550,97.156327432362,97.156331265695,4136,5550,97.156280765695,1,0,0,0,cbf29ce484222325,1006.100,405.300,0.100,0.400,0,1,0
5551,5551,97.173839565695,97.173843399028,4137,5551,97.173783565695,1,0,0,0,cbf29ce484222325,977.900,402.200,0.100,0.100,0,1,0
5552,5552,97.191337899028,97.191341732361,4138,5552,97.191285832361,1,0,0,0,cbf29ce484222325,981.600,400.800,0.100,0.300,0,1,0
5553,5553,97.208840365695,97.208844199028,4139,5553,97.208788299028,1,0,0,0,cbf29ce484222325,1355.000,409.200,0.100,0.600,0,1,0
5554,5554,97.226342732361,97.226346565694,4140,5554,97.226290665694,1,0,0,0,cbf29ce484222325,1019.500,409.100,0.100,0.300,0,1,0
5555,5555,97.243844465694,97.243848299028,4141,5555,97.243793099028,1,0,0,0,cbf29ce484222325,1170.100,429.100,0.200,0.600,0,1,0
5556,5556,97.261346932361,97.261350765694,4142,5556,97.261295565694,1,0,0,0,cbf29ce484222325,1046.900,410.800,0.100,0.500,0,1,0
5557,5557,97.278843199027,97.278847032361,4143,5557,97.278798832361,1,0,0,0,cbf29ce484222325,967.400,400.300,0.100,0.400,0,1,0
5558,5558,97.296345765694,97.296349599027,4144,5558,97.296300565694,1,0,0,0,cbf29ce484222325,990.600,377.600,0.100,0.500,0,1,0
5559,5559,97.313848632360,97.313852465694,4145,5559,97.313803432360,1,0,0,0,cbf29ce484222325,1003.100,387.600,0.200,0.400,0,1,0
5560,5560,97.331350732360,97.331354565693,4146,5560,97.331305532360,1,0,0,0,cbf29ce484222325,1019.000,383.300,0.100,0.500,0,1,0
5561,5561,97.348853232360,97.348857065693,4147,5561,97.348808032360,1,0,0,0,cbf29ce484222325,970.600,387.000,0.100,0.400,0,1,0
5562,5562,97.366348632360,97.366352999026,4148,5562,97.366310432360,1,0,0,0,cbf29ce484222325,980.100,387.000,0.100,0.400,0,1,0
5563,5563,97.383851132359,97.383855499026,4149,5563,97.383812932359,1,1,0,0,cbf29ce484222325,1055.500,395.400,0.100,0.500,0,1,0
5564,5564,97.401353599026,97.401357965693,4150,5564,97.401315399026,1,1,0,0,cbf29ce484222325,1000.000,397.500,0.100,0.400,0,1,0
5565,5565,97.418856032359,97.418860399026,4151,5565,97.418817832359,1,1,0,0,cbf29ce484222325,988.900,397.400,0.100,0.400,0,1,0
5566,5566,97.436358632359,97.436362999026,4152,5566,97.436320432359,1,2,0,0,cbf29ce484222325,979.600,390.800,0.100,0.300,0,1,0
5567,5567,97.453861265692,97.453865632359,4153,5567,97.453823065692,1,3,0,0,cbf29ce484222325,984.600,433.000,0.100,0.500,0,1,1
5568,5568,97.471363565692,97.471367932359,4154,5568,97.471325365692,1,1,0,0,cbf29ce484222325,985.000,398.600,0.100,0.400,0,1,3
5569,5569,97.488863599025,97.488870299025,4155,5569,97.488827732358,1,2,0,0,cbf29ce484222325,973.200,407.200,0.200,0.300,0,1,4
5570,5570,97.506366065692,97.506372765692,4156,5570,97.506330199025,1,1,0,0,cbf29ce484222325,1029.300,409.500,0.100,0.500,0,1,7
5571,5571,97.523862899025,97.523875465691,4157,5571,97.523832632358,1,1,0,0,cbf29ce484222325,1003.400,420.800,0.100,0.600,0,1,9
5572,5572,97.541365499025,97.541378065691,4158,5572,97.541335232358,1,1,0,0,cbf29ce484222325,985.600,429.200,0.100,0.400,0,1,27
5573,5573,97.558867999024,97.558880565691,4159,5573,97.558837732358,1,2,0,0,cbf29ce484222325,1000.600,505.900,0.100,0.600,0,1,80
5574,5574,97.576372332358,97.576383032358,4160,5574,97.576340165691,1,1,0,0,cbf29ce484222325,1015.200,577.700,0.100,0.600,0,1,134
5575,5575,97.593880999024,97.593885599024,4161,5575,97.593842999024,1,1,0,0,cbf29ce484222325,982.200,667.500,0.100,0.400,0,1,187
5576,5576,97.611386799024,97.611390632357,4162,5576,97.611345065691,1,0,0,0,cbf29ce484222325,966.300,696.000,0.100,0.400,0,1,227
5577,5577,97.628883599024,97.628890165690,4163,5577,97.628847465690,1,0,0,0,cbf29ce484222325,1019.000,718.500,0.100,0.300,0,1,251
5578,5578,97.646386165690,97.646392732357,4164,5578,97.646350032357,1,0,0,0,cbf29ce484222325,980.200,745.700,0.000,0.300,0,1,265
5579,5579,97.663890465690,97.663895065690,4165,5579,97.663852465690,1,0,0,0,cbf29ce484222325,1104.900,746.900,0.100,1.200,0,1,275
5580,5580,97.681392899023,97.681397499023,4166,5580,97.681354899023,1,0,0,0,cbf29ce484222325,1057.600,758.900,0.100,0.500,0,1,281
5581,5581,97.698893565690,97.698900132356,4167,5581,97.698857432356,1,0,0,0,cbf29ce484222325,1224.200,777.300,0.100,0.500,0,1,286
5582,5582,97.716551932356,97.716555765690,4168,5582,97.716359832356,1,0,0,0,cbf29ce484222325,989.100,910.500,0.200,1.400,0,1,293
5583,5583,97.734056665689,97.734060499023,4169,5583,97.733862699023,1,0,0,0,cbf29ce484222325,983.800,778.500,0.100,0.300,0,1,297
5584,5584,97.751560699022,97.751564532356,4170,5584,97.751364865689,1,0,0,0,cbf29ce484222325,1011.000,779.100,0.100,0.400,0,1,301
5585,5585,97.769064899022,97.769068732356,4171,5585,97.768867199022,1,0,0,0,cbf29ce484222325,1018.400,814.700,0.400,0.400,0,1,304
5586,5586,97.786568232355,97.786572065689,4172,5586,97.786369799022,1,0,0,0,cbf29ce484222325,971.300,777.800,0.100,0.400,0,1,305
5587,5587,97.804072532355,97.804076365689,4173,5587,97.803872232355,1,0,0,0,cbf29ce484222325,988.500,777.400,0.100,0.400,0,1,305
5588,5588,97.821576265688,97.821580099022,4174,5588,97.821374665688,1,0,0,0,cbf29ce484222325,1023.800,788.500,0.100,0.400,0,1,305
5589,5589,97.838933565688,97.838937399022,4175,5589,97.838877232355,1,0,0,0,cbf29ce484222325,1001.500,782.300,0.100,0.400,0,1,305
5590,5590,97.856435999021,97.856439832355,4176,5590,97.856379665688,1,0,0,0,cbf29ce484222325,979.100,775.800,0.100,0.500,0,1,305
5591,5591,97.873938865688,97.873942699021,4177,5591,97.873882532355,1,0,0,0,cbf29ce484222325,1007.700,763.400,0.100,0.200,0,1,304
5592,5592,97.891440965688,97.891444799021,4178,5592,97.891384632354,1,0,0,0,cbf29ce484222325,982.200,767.500,0.000,0.400,0,1,304
5593,5593,97.908943365688,97.908947199021,4179,5593,97.908887032354,1,0,0,0,cbf29ce484222325,973.300,768.500,0.100,0.400,0,1,304
5594,5594,97.926445865687,97.926449699021,4180,5594,97.926389532354,1,0,0,0,cbf29ce484222325,987.400,764.700,0.100,0.400,0,1,304
5595,5595,97.943948332354,97.943952165687,4181,5595,97.943891999021,1,0,0,0,cbf29ce484222325,979.900,778.000,0.100,0.500,0,1,303
5596,5596,97.961450799020,97.961454632354,4182,5596,97.961394465687,1,0,0,0,cbf29ce484222325,985.500,815.500,0.100,0.600,0,1,303
5597,5597,97.978953199020,97.978957032354,4183,5597,97.978896865687,1,0,0,0,cbf29ce484222325,989.200,776.100,0.100,0.400,0,1,303
5598,5598,97.996455732353,97.996459565687,4184,5598,97.996399399020,1,0,0,0,cbf29ce484222325,1060.800,781.500,0.100,0.400,0,1,302
5599,5599,98.013958465687,98.013962299020,4185,5599,98.013902132353,1,0,0,0,cbf29ce484222325,992.500,772.300,0.100,0.500,0,1,301
5600,5600,98.031460632353,98.031464465686,4186,5600,98.031404299020,1,0,0,0,cbf29ce484222325,1150.400,784.400,0.100,0.400,0,1,301
5601,5601,98.048974532353,98.048978365686,4187,5601,98.048918199020,1,0,0,0,cbf29ce484222325,987.600,800.100,0.200,0.600,0,1,301
5602,5602,98.066465699019,98.066469532353,4188,5602,98.066409365686,1,0,0,0,cbf29ce484222325,1068.900,790.200,0.300,0.300,0,1,300
5603,5603,98.083968165686,98.083971999019,4189,5603,98.083911832352,1,0,0,0,cbf29ce484222325,972.100,775.300,0.100,0.300,0,1,299
5604,5604,98.101474899019,98.101478732352,4190,5604,98.101414232352,1,0,0,0,cbf29ce484222325,1051.600,798.900,0.200,0.300,0,1,299
5605,5605,98.118977432352,98.118981265685,4191,5605,98.118916765685,1,0,0,0,cbf29ce484222325,980.400,798.000,0.100,0.500,0,1,299
5606,5606,98.136479832352,98.136483665685,4192,5606,98.136419165685,1,0,0,0,cbf29ce484222325,998.500,760.700,0.100,0.300,0,1,299
5607,5607,98.153982765685,98.153986599018,4193,5607,98.153922099018,1,0,0,0,cbf29ce484222325,993.600,774.500,0.100,0.400,0,1,298
5608,5608,98.171484865685,98.171488699018,4194,5608,98.171424199018,1,0,0,0,cbf29ce484222325,979.000,766.700,0.100,0.400,0,1,298
5609,5609,98.188987299018,98.188991132351,4195,5609,98.188926632351,1,0,0,0,cbf29ce484222325,995.900,772.600,0.100,0.700,0,1,298
5610,5610,98.206489699018,98.206493532351,4196,5610,98.206429032351,1,0,0,0,cbf29ce484222325,992.400,770.600,0.100,0.300,0,1,298
5611,5611,98.223992165684,98.223995999018,4197,5611,98.223931499018,1,0,0,0,cbf29ce484222325,973.500,768.200,0.100,0.300,0,1,298
5612,5612,98.241494665684,98.241498499018,4198,5612,98.241433999018,1,0,0,0,cbf29ce484222325,1041.700,760.800,0.100,0.600,0,1,297
5613,5613,98.258997065684,98.259000899017,4199,5613,98.258936399017,1,0,0,0,cbf29ce484222325,996.200,793.900,0.100,0.900,0,1,295
5614,5614,98.276499599017,98.276503432351,4200,5614,98.276438932351,1,0,0,0,cbf29ce484222325,987.200,814.300,0.100,0.400,0,1,295
5615,5615,98.294002365684,98.294006199017,4201,5615,98.293941699017,1,0,0,0,cbf29ce484222325,979.800,759.000,0.100,0.300,0,1,295
5616,5616,98.311505365684,98.311509199017,4202,5616,98.311443865684,1,0,0,0,cbf29ce484222325,997.300,762.400,0.300,0.400,0,1,295
5617,5617,98.329007832350,98.329011665683,4203,5617,98.328946332350,1,0,0,0,cbf29ce484222325,981.400,757.600,0.100,0.300,0,1,295
5618,5618,98.346509432350,98.346513265683,4204,5618,98.346448799017,1,1,0,0,cbf29ce484222325,1009.400,575.400,0.100,0.500,0,1,141
5619,5619,98.364011899016,98.364015732350,4205,5619,98.363951265683,1,1,0,0,cbf29ce484222325,967.300,419.100,0.200,0.800,0,1,7
5620,5620,98.381513499016,98.381517332350,4206,5620,98.381453699016,1,3,0,0,cbf29ce484222325,984.900,403.100,0.100,0.500,0,1,1
5621,5621,98.399015999016,98.399019832349,4207,5621,98.398956199016,1,2,0,0,cbf29ce484222325,993.900,401.400,0.100,1.000,0,1,0
5622,5622,98.416517599016,98.416521432349,4208,5622,98.416458632349,1,1,0,0,cbf29ce484222325,1018.100,395.000,0.100,0.300,0,1,0
5623,5623,98.434020565682,98.434024399016,4209,5623,98.433961599016,1,1,0,0,cbf29ce484222325,992.200,394.300,0.100,0.400,0,1,0
5625,5625,98.469016132349,98.469019965682,4210,5625,98.468966165682,1,0,0,0,cbf29ce484222325,1025.800,407.100,0.100,0.400,0,1,0
5626,5626,98.486517799015,98.486521632348,4211,5626,98.486468665682,1,0,0,0,cbf29ce484222325,999.400,390.200,0.100,0.200,0,1,0
5627,5627,98.504019832348,98.504023665682,4212,5627,98.503971132348,1,0,0,0,cbf29ce484222325,984.400,445.500,0.100,0.500,0,1,0
5628,5628,98.521521332348,98.521525165681,4213,5628,98.521473465681,1,0,0,0,cbf29ce484222325,999.200,389.300,0.100,0.900,0,1,0
5629,5629,98.539023799015,98.539027632348,4214,5629,98.538975932348,1,0,0,0,cbf29ce484222325,973.500,391.300,0.100,0.400,0,1,0
5630,5630,98.556526299014,98.556530132348,4215,5630,98.556478432348,1,0,0,0,cbf29ce484222325,997.100,388.800,0.100,0.300,0,1,0
5631,5631,98.574029199014,98.574033032348,4216,5631,98.573981332348,1,0,0,0,cbf29ce484222325,991.400,389.200,0.100,0.900,0,1,0
5632,5632,98.591538832347,98.591542665681,4217,5632,98.591483465681,1,0,0,0,cbf29ce484222325,1007.700,390.600,0.100,0.300,0,1,0
5633,5633,98.609037799014,98.609041632347,4218,5633,98.608985932347,1,0,0,0,cbf29ce484222325,1008.300,406.600,0.100,1.300,0,1,0
5634,5634,98.626536232347,98.626540065680,4219,5634,98.626488365680,1,0,0,0,cbf29ce484222325,995.900,394.800,0.100,0.300,0,1,0
5635,5635,98.644038665680,98.644042499014,4220,5635,98.643990799014,1,0,0,0,cbf29ce484222325,1048.000,388.700,0.100,0.500,0,1,0
5636,5636,98.661543232347,98.661547065680,4221,5636,98.661493365680,1,0,0,0,cbf29ce484222325,960.600,387.400,0.100,0.300,0,1,0
5637,5637,98.679043699013,98.679047532347,4222,5637,98.678995832347,1,0,0,0,cbf29ce484222325,1038.700,409.000,0.100,0.400,0,1,0
5638,5638,98.696546232346,98.696550065680,4223,5638,98.696498365680,1,0,0,0,cbf29ce484222325,1006.600,403.300,0.100,0.500,0,1,0
5639,5639,98.714049032346,98.714052865680,4224,5639,98.714001165680,1,0,0,0,cbf29ce484222325,968.700,399.500,0.100,0.400,0,1,0
5640,5640,98.731551065679,98.731554899013,4225,5640,98.731503199013,1,0,0,0,cbf29ce484222325,1049.400,398.000,0.100,0.500,0,1,0
5641,5641,98.749047799013,98.749051632346,4226,5641,98.749005765679,1,0,0,0,cbf29ce484222325,978.800,384.200,0.100,0.200,0,1,0
5642,5642,98.766550199012,98.766554032346,4227,5642,98.766508165679,1,0,0,0,cbf29ce484222325,1071.000,393.200,0.100,0.500,0,1,0
5643,5643,98.784052599012,98.784056432345,4228,5643,98.784010565679,1,0,0,0,cbf29ce484222325,1016.500,389.000,0.100,0.900,0,1,0
5644,5644,98.801555232345,98.801559065679,4229,5644,98.801513199012,1,0,0,0,cbf29ce484222325,986.100,384.000,0.100,0.400,0,1,0
5645,5645,98.819068832345,98.819072665678,4230,5645,98.819015599012,1,0,0,0,cbf29ce484222325,993.800,389.200,0.100,0.400,0,1,0
5646,5646,98.836570565678,98.836574399012,4231,5646,98.836518032345,1,0,0,0,cbf29ce484222325,1021.000,407.400,0.100,0.400,0,1,0
5647,5647,98.854073399011,98.854077232345,4232,5647,98.854020865678,1,0,0,0,cbf29ce484222325,1016.700,395.600,0.100,1.100,0,1,0
5648,5648,98.871575599011,98.871579432345,4233,5648,98.871523065678,1,0,0,0,cbf29ce484222325,1010.000,417.900,0.100,0.500,0,1,0
5649,5649,98.889075732344,98.889079565678,4234,5649,98.889025532344,1,0,0,0,cbf29ce484222325,1102.300,393.600,0.100,0.400,0,1,0
5650,5650,98.906578065678,98.906581899011,4235,5650,98.906527865678,1,1,0,0,cbf29ce484222325,991.400,398.700,0.200,0.400,0,1,0
5651,5651,98.924080565677,98.924084399011,4236,5651,98.924030365677,1,1,0,0,cbf29ce484222325,994.900,396.200,0.100,0.500,0,1,0
5652,5652,98.941583165677,98.941586999011,4237,5652,98.941532965677,1,1,0,0,cbf29ce484222325,988.600,394.600,0.100,0.400,0,1,0
5653,5653,98.959085532344,98.959089365677,4238,5653,98.959035332344,1,1,0,0,cbf29ce484222325,978.600,401.300,0.200,0.300,0,1,0
5654,5654,98.976587999010,98.976591832344,4239,5654,98.976537799010,1,2,0,0,cbf29ce484222325,964.300,398.000,0.100,0.400,0,1,0
5655,5655,98.994086332343,98.994090165677,4240,5655,98.994040799010,1,2,0,0,cbf29ce484222325,984.400,414.000,0.100,0.800,0,1,0
5656,5656,99.011599532343,99.011603365677,4241,5656,99.011542799010,1,2,0,0,cbf29ce484222325,981.400,403.500,0.100,0.300,0,1,0
5657,5657,99.029101999010,99.029105832343,4242,5657,99.029045265676,1,2,0,0,cbf29ce484222325,981.800,427.000,0.200,0.600,0,1,0
5658,5658,99.046615732343,99.046619565676,4243,5658,99.046558999010,1,2,0,0,cbf29ce484222325,984.200,409.000,0.100,0.500,0,1,0
5659,5659,99.064106932343,99.064110765676,4244,5659,99.064050199009,1,2,0,0,cbf29ce484222325,990.700,399.600,0.100,0.400,0,1,0
5660,5660,99.081609432343,99.081613265676,4245,5660,99.081552699009,1,3,0,0,cbf29ce484222325,992.500,406.800,0.100,0.400,0,1,0
5661,5661,99.099111899009,99.099115732342,4246,5661,99.099055165676,1,3,0,0,cbf29ce484222325,980.800,406.700,0.000,0.400,0,1,0
5662,5662,99.116608532342,99.116612365676,4247,5662,99.116557632342,1,3,0,0,cbf29ce484222325,995.800,399.500,0.100,0.400,0,1,0
5663,5663,99.134110632342,99.134114465675,4248,5663,99.134060432342,1,3,0,0,cbf29ce484222325,995.100,407.600,0.200,0.700,0,1,0
5664,5664,99.151612765675,99.151616599008,4249,5664,99.151562565675,1,4,3,0,f38b405ab65fd93a,988.300,424.200,0.800,0.400,0,1,0
5665,5665,99.169115199008,99.169119032342,4250,5665,99.169064999008,1,4,3,0,a9759b1003777d50,1016.300,407.200,0.700,0.500,0,1,0
5666,5666,99.186617665675,99.186621499008,4251,5666,99.186567465675,1,6,3,0,520b68b450e1b07d,981.200,427.400,0.800,0.500,0,1,0
5667,5667,99.204120099008,99.204123932341,4252,5667,99.204069899008,1,6,3,0,e8a6e218e048d4de,987.600,406.600,0.700,0.200,0,1,0
5668,5668,99.221622699008,99.221626532341,4253,5668,99.221572499008,1,5,0,0,cbf29ce484222325,985.200,404.100,0.100,1.000,0,1,1
5669,5669,99.239116932341,99.239120765674,4254,5669,99.239074899008,1,6,0,0,cbf29ce484222325,1288.000,415.200,0.100,0.400,0,1,1
5670,5670,99.256619465674,99.256623299007,4255,5670,99.256577432341,1,5,0,0,cbf29ce484222325,1173.200,445.600,0.100,0.500,0,1,3
5671,5671,99.274122299007,99.274126132341,4256,5671,99.274080265674,1,4,0,0,cbf29ce484222325,1056.700,403.600,0.100,0.300,0,1,5
5672,5672,99.291624365674,99.291628199007,4257,5672,99.291582332340,1,7,39,14,f6ebfe67faa3bfa7,975.700,426.300,8.600,0.400,0,1,5
5673,5673,99.309126732340,99.309130565674,4258,5673,99.309084699007,1,10,57,54,50a1cd8968e98ebf,986.400,460.100,12.700,0.700,0,1,16
5674,5674,99.326629365673,99.326633199007,4259,5674,99.326587332340,1,12,94,22,8e690cb7e38ebd53,975.100,503.500,20.800,0.400,0,1,40
5675,5675,99.344128332340,99.344132365673,4260,5675,99.344089799007,1,12,57,12,0842e833c9eec792,1029.400,545.100,12.700,0.500,0,1,76
5676,5676,99.361630765673,99.361634799006,4261,5676,99.361592232340,1,13,24,15,204bd3c02d15bcbe,1007.900,621.800,5.400,0.500,0,1,104
5677,5677,99.379133165673,99.379137199006,4262,5677,99.379094632340,1,9,18,4,78390c56a9f7609a,1002.600,591.100,4.000,0.300,0,1,132
5678,5678,99.396635632339,99.396639665673,4263,5678,99.396597099006,1,4,18,0,8e139861a8a68627,998.500,662.600,4.000,0.400,0,1,160
5679,5679,99.414138432339,99.414142465673,4264,5679,99.414099899006,1,3,0,0,cbf29ce484222325,983.600,625.400,0.100,0.400,0,1,182
5680,5680,99.431640599006,99.431644632339,4265,5680,99.431602065672,1,1,0,0,cbf29ce484222325,987.000,671.000,0.100,0.500,0,1,211
5681,5681,99.449133132339,99.449147399006,4266,5681,99.449104465672,1,1,0,0,cbf29ce484222325,991.100,709.400,0.200,0.400,0,1,232
5682,5682,99.466647499005,99.466651332339,4267,5682,99.466607065672,1,1,0,0,cbf29ce484222325,990.600,701.100,0.100,0.300,0,1,244
5683,5683,99.484147499005,99.484151999005,4268,5683,99.484109399005,1,1,0,0,cbf29ce484222325,992.900,731.000,0.100,0.400,0,1,253
5684,5684,99.501649965672,99.501654465672,4269,5684,99.501611865672,1,1,0,0,cbf29ce484222325,995.900,715.400,0.100,0.500,0,1,259
5685,5685,99.519154399005,99.519158232338,4270,5685,99.519114432338,1,1,0,0,cbf29ce484222325,989.200,773.500,0.100,0.500,0,1,265
5686,5686,99.536654899005,99.536659399005,4271,5686,99.536616799005,1,1,0,0,cbf29ce484222325,983.500,742.900,0.300,1.100,0,1,268
5687,5687,99.554157932338,99.554162432338,4272,5687,99.554119832338,1,0,0,0,cbf29ce484222325,1002.600,819.000,0.100,0.400,0,1,274
5688,5688,99.571658032338,99.571664399004,4273,5688,99.571621799004,1,0,0,0,cbf29ce484222325,1041.400,772.600,0.100,0.400,0,1,277
5689,5689,99.589162365671,99.589166865671,4274,5689,99.589124265671,1,0,0,0,cbf29ce484222325,982.400,752.100,0.400,0.400,0,1,277
5690,5690,99.606691532337,99.606695365671,4275,5690,99.606626799004,1,0,0,0,cbf29ce484222325,987.400,821.100,0.100,0.500,0,1,278
5691,5691,99.624193932337,99.624197765670,4276,5691,99.624129199004,1,0,0,0,cbf29ce484222325,970.300,754.400,0.100,0.300,0,1,278
5692,5692,99.641696399004,99.641700232337,4277,5692,99.641631665670,1,0,0,0,cbf29ce484222325,982.700,753.900,0.100,0.300,0,1,277
5693,5693,99.659198832337,99.659202665670,4278,5693,99.659134099003,1,0,0,0,cbf29ce484222325,983.900,753.000,0.100,0.400,0,1,277
5694,5694,99.676701299003,99.676705132337,4279,5694,99.676636565670,1,0,0,0,cbf29ce484222325,1002.600,741.100,0.100,0.300,0,1,274
5695,5695,99.694204199003,99.694208032336,4280,5695,99.694139465670,1,1,0,0,cbf29ce484222325,996.500,746.500,0.100,0.400,0,1,269
5696,5696,99.711706399003,99.711710232336,4281,5696,99.711641665670,1,1,0,0,cbf29ce484222325,993.300,723.500,0.100,0.200,0,1,266
5697,5697,99.729205232336,99.729209065669,4282,5697,99.729143999003,1,0,0,0,cbf29ce484222325,984.400,624.900,0.100,0.400,0,1,137
5698,5698,99.746710599003,99.746714432336,4283,5698,99.746646465669,1,0,0,0,cbf29ce484222325,1023.100,541.400,0.100,0.400,0,1,132
5699,5699,99.764209432336,99.764213265669,4284,5699,99.764149065669,1,0,0,0,cbf29ce484222325,1094.300,538.300,0.100,0.400,0,1,126
5700,5700,99.781711832336,99.781715665669,4285,5700,99.781651465669,1,0,0,0,cbf29ce484222325,976.500,528.600,0.100,0.200,0,1,119
5701,5701,99.799214365669,99.799218199002,4286,5701,99.799153999002,1,0,0,0,cbf29ce484222325,959.200,504.000,0.100,0.300,0,1,106
5702,5702,99.816716732335,99.816720565669,4287,5702,99.816656365669,1,0,0,0,cbf29ce484222325,977.600,493.800,0.100,0.400,0,1,90
5703,5703,99.834210599002,99.834214432335,4288,5703,99.834159399002,1,0,0,0,cbf29ce484222325,996.900,485.300,0.100,0.500,0,1,72
5704,5704,99.851712599001,99.851716432335,4289,5704,99.851661399001,1,0,0,0,cbf29ce484222325,1006.200,447.200,0.100,0.400,0,1,57
5705,5705,99.869214999001,99.869218832335,4290,5705,99.869163799001,1,0,0,0,cbf29ce484222325,991.100,426.000,0.100,0.400,0,1,41
5707,5707,99.904219065668,99.904222899001,4291,5707,99.904168699001,1,0,0,0,cbf29ce484222325,996.500,395.500,0.100,0.500,0,1,18
5708,5708,99.921721565667,99.921725399001,4292,5708,99.921671199001,1,0,0,0,cbf29ce484222325,993.000,391.100,0.100,0.300,0,1,8
5709,5709,99.939214299001,99.939218132334,4293,5709,99.939173765667,1,0,0,0,cbf29ce484222325,990.800,368.400,0.100,0.400,0,1,2
5710,5710,99.956716265667,99.956720099000,4294,5710,99.956676132334,1,0,0,0,cbf29ce484222325,973.300,369.400,0.100,0.400,0,1,1
5711,5711,99.974219099000,99.974222932334,4295,5711,99.974178965667,1,0,0,0,cbf29ce484222325,1029.600,382.600,0.500,0.600,0,1,0
5712,5712,99.991721232333,99.991725065667,4296,5712,99.991681099000,1,0,0,0,cbf29ce484222325,1048.700,374.100,0.100,0.600,0,1,0
5713,5713,100.009223765667,100.009227599000,4297,5713,100.009183632333,1,0,0,0,cbf29ce484222325,1032.000,365.500,0.100,0.400,0,1,0
5714,5714,100.026726232333,100.026730065666,4298,5714,100.026686099000,1,0,0,0,cbf29ce484222325,1027.700,357.700,0.100,0.600,0,1,0
5715,5715,100.044236465666,100.044242399000,4299,5715,100.044199832333,1,0,0,0,cbf29ce484222325,1025.700,370.700,0.100,0.600,0,1,0
5716,5716,100.061727565666,100.061733498999,4300,5716,100.061690932333,1,0,0,0,cbf29ce484222325,1039.400,362.400,0.100,1.100,0,1,0
5717,5717,100.079230098999,100.079236032333,4301,5717,100.079193465666,1,0,0,0,cbf29ce484222325,1017.800,364.400,0.100,0.200,0,1,0
5718,5718,100.096755598999,100.096759432332,4302,5718,100.096695965666,1,0,0,0,cbf29ce484222325,1015.600,360.600,0.100,0.600,0,1,0
5719,5719,100.114258532332,100.114262365666,4303,5719,100.114198898999,1,0,0,0,cbf29ce484222325,979.400,359.800,0.100,0.300,0,1,0
5720,5720,100.131760632332,100.131764465665,4304,5720,100.131700998999,1,0,0,0,cbf29ce484222325,966.700,366.500,0.100,0.300,0,1,0
5721,5721,100.149262998999,100.149266832332,4305,5721,100.149203365665,1,0,0,0,cbf29ce484222325,992.200,358.500,0.100,0.400,0,1,0
5722,5722,100.166761932332,100.166765765665,4306,5722,100.166705798998,1,0,0,0,cbf29ce484222325,991.100,361.400,0.100,0.400,0,1,0
5723,5723,100.184236932331,100.184251098998,4307,5723,100.184208265665,1,0,0,0,cbf29ce484222325,990.900,369.300,0.100,0.500,0,1,0
5725,5725,100.219269432331,100.219273265664,4308,5725,100.219213298998,1,0,0,0,cbf29ce484222325,992.100,380.600,0.100,0.600,0,1,0
5726,5726,100.236771832331,100.236775665664,4309,5726,100.236715698998,1,0,0,0,cbf29ce484222325,1003.600,365.800,0.100,0.400,0,1,0
5727,5727,100.254267232331,100.254271065664,4310,5727,100.254218532331,1,0,0,0,cbf29ce484222325,984.000,365.100,0.100,0.500,0,1,0
5728,5728,100.271769465664,100.271773298997,4311,5728,100.271720765664,1,0,0,0,cbf29ce484222325,979.300,366.000,0.100,0.300,0,1,0
5729,5729,100.289271898997,100.289275732330,4312,5729,100.289223198997,1,0,0,0,cbf29ce484222325,993.900,367.500,0.100,0.300,0,1,0
5730,5730,100.306755898997,100.306768465664,4313,5730,100.306725632330,1,0,0,0,cbf29ce484222325,1020.500,369.900,0.100,0.600,0,1,0
5731,5731,100.324276865663,100.324280698997,4314,5731,100.324228165663,1,0,0,0,cbf29ce484222325,1000.700,371.200,0.100,0.400,0,1,0
5732,5732,100.341778398997,100.341782232330,4315,5732,100.341730532330,1,0,0,0,cbf29ce484222325,1048.200,364.200,0.100,0.500,0,1,0
5733,5733,100.359280865663,100.359284698996,4316,5733,100.359232998996,1,0,0,0,cbf29ce484222325,1225.200,373.800,0.100,0.400,0,1,0
5734,5734,100.376788065663,100.376791898996,4317,5734,100.376735532330,1,0,0,0,cbf29ce484222325,980.600,366.400,0.100,0.400,0,1,0
5735,5735,100.394268765663,100.394281432329,4318,5735,100.394238498996,1,0,0,0,cbf29ce484222325,1012.600,407.300,0.100,0.300,0,1,0
5736,5736,100.411793032329,100.411796865663,4319,5736,100.411740498996,1,0,0,0,cbf29ce484222325,998.900,364.600,0.100,0.500,0,1,0
5737,5737,100.429273132329,100.429285798996,4320,5737,100.429242865662,1,0,0,0,cbf29ce484222325,1006.200,383.900,0.200,0.900,0,1,0
5738,5738,100.446775598996,100.446788265662,4321,5738,100.446745332329,1,0,0,0,cbf29ce484222325,1013.100,364.600,0.200,0.400,0,1,0
5739,5739,100.464309332329,100.464313432329,4322,5739,100.464247898995,1,0,0,0,cbf29ce484222325,1035.000,365.100,0.100,0.400,0,1,0
5740,5740,100.481811698995,100.481815798995,4323,5740,100.481750265662,1,0,0,0,cbf29ce484222325,1002.200,378.600,0.100,0.500,0,1,0
5741,5741,100.499314198995,100.499318298995,4324,5741,100.499252765662,1,0,0,0,cbf29ce484222325,1020.600,366.700,0.100,0.500,0,1,0
5742,5742,100.516785532328,100.516798098995,4325,5742,100.516755265662,1,0,0,0,cbf29ce484222325,982.600,409.200,0.100,0.400,0,1,0
5743,5743,100.534288332328,100.534300898995,4326,5743,100.534258065661,1,0,0,0,cbf29ce484222325,998.000,368.700,0.100,0.600,0,1,0
5744,5744,100.551820498994,100.551824598994,4327,5744,100.551760232328,1,0,0,0,cbf29ce484222325,1063.000,375.100,0.100,0.500,0,1,0
5745,5745,100.569292865661,100.569305432328,4328,5745,100.569262598994,1,0,0,0,cbf29ce484222325,1043.100,397.300,0.100,0.700,0,1,0
5746,5746,100.586793832327,100.586807998994,4329,5746,100.586765165661,1,0,0,0,cbf29ce484222325,989.900,361.400,0.100,0.300,0,1,0
5747,5747,100.604326365661,100.604330465661,4330,5747,100.604267698994,1,0,0,0,cbf29ce484222325,1012.700,368.200,0.100,0.600,0,1,0
5748,5748,100.621800432327,100.621812998994,4331,5748,100.621770165660,1,0,0,0,cbf29ce484222325,1006.700,364.800,0.100,0.300,0,1,0
5749,5749,100.639332798994,100.639336898994,4332,5749,100.639272532327,1,0,0,0,cbf29ce484222325,1022.500,367.500,0.200,0.600,0,1,0
5750,5750,100.656805298993,100.656817965660,4333,5750,100.656775032327,1,0,0,0,cbf29ce484222325,1022.000,366.800,0.100,0.300,0,1,0
5751,5751,100.674338198993,100.674342298993,4334,5751,100.674277932327,1,0,0,0,cbf29ce484222325,1001.000,364.800,0.000,0.400,0,1,0
5753,5753,100.709312732326,100.709325398993,4335,5753,100.709282465660,1,0,0,0,cbf29ce484222325,1010.700,369.800,0.100,0.300,0,1,0
5754,5754,100.726845198993,100.726849298993,4336,5754,100.726784932326,1,0,0,0,cbf29ce484222325,1047.300,362.600,0.100,0.300,0,1,0
5755,5755,100.744347732326,100.744351832326,4337,5755,100.744287465659,1,0,0,0,cbf29ce484222325,999.400,370.300,0.000,0.500,0,1,0
5756,5756,100.761820198992,100.761832765659,4338,5756,100.761789932326,1,0,0,0,cbf29ce484222325,1027.800,430.300,0.100,0.700,0,1,0
5757,5757,100.779322665659,100.779335232326,4339,5757,100.779292398992,1,0,0,0,cbf29ce484222325,985.300,373.900,0.100,0.300,0,1,0
5758,5758,100.796825032325,100.796837598992,4340,5758,100.796794765659,1,0,0,0,cbf29ce484222325,1006.400,368.000,0.100,0.400,0,1,0
5759,5759,100.814327898992,100.814340498992,4341,5759,100.814297632325,1,0,0,0,cbf29ce484222325,973.900,365.600,0.100,0.400,0,1,0
5760,5760,100.831829998992,100.831842632325,4342,5760,100.831799732325,1,0,0,0,cbf29ce484222325,1026.700,373.400,0.100,0.500,0,1,0
5761,5761,100.849358165658,100.849362265658,4343,5761,100.849302232325,1,0,0,0,cbf29ce484222325,1077.400,383.700,0.100,1.000,0,1,0
5762,5762,100.866860598991,100.866864698991,4344,5762,100.866804665658,1,0,0,0,cbf29ce484222325,973.500,370.800,0.100,0.400,0,1,0
5763,5763,100.884335898991,100.884350065658,4345,5763,100.884307232324,1,0,0,0,cbf29ce484222325,1071.600,366.000,0.100,0.500,0,1,0
5764,5764,100.901863965658,100.901868065658,4346,5764,100.901809632324,1,0,0,0,cbf29ce484222325,1010.500,386.800,0.100,0.600,0,1,0
5765,5765,100.919342298991,100.919354965657,4347,5765,100.919312032324,1,0,0,0,cbf29ce484222325,1005.800,374.600,0.100,0.500,0,1,0
5766,5766,100.936844832324,100.936857398991,4348,5766,100.936814565657,1,0,0,0,cbf29ce484222325,1024.200,371.800,0.100,0.400,0,1,0
5767,5767,100.954347698990,100.954360365657,4349,5767,100.954317432324,1,0,0,0,cbf29ce484222325,1080.300,372.500,0.100,0.600,0,1,0
5768,5768,100.971875532324,100.971879632324,4350,5768,100.971819598990,1,0,0,0,cbf29ce484222325,994.800,369.800,0.100,0.400,0,1,0
5769,5769,100.989352332323,100.989364998990,4351,5769,100.989322065657,1,1,4,3,549f3f496fa451fb,1004.300,380.500,1.000,0.600,0,1,0
5770,5770,101.006854698990,101.006867365657,4352,5770,101.006824432323,1,1,4,3,913ad901a28628e5,1028.500,382.100,0.900,0.400,0,1,0
5771,5771,101.024382832323,101.024386932323,4353,5771,101.024326898990,1,1,4,3,ccf687b61e9a880f,1059.700,384.700,1.000,0.400,0,1,0
5772,5772,101.041870898990,101.041883465656,4354,5772,101.041840632323,1,1,4,3,de15f52692176a09,999.800,385.300,0.900,0.300,0,1,0
5774,5774,101.076864565656,101.076877132323,4355,5774,101.076834298989,1,1,4,3,093965e971a47edd,1061.200,388.400,1.000,0.400,0,1,0
5775,5775,101.094393032322,101.094397132322,4356,5775,101.094337098989,1,1,4,3,5b7ae21e610ad4b3,981.400,373.300,0.900,0.500,0,1,0
5776,5776,101.111895165656,101.111899265656,4357,5776,101.111839232322,1,1,4,3,8f02bbd338197afd,981.300,374.800,1.000,0.400,0,1,0
5777,5777,101.129371965655,101.129384632322,4358,5777,101.129341698989,1,1,4,3,8e8cf5ccef3b1f70,1232.900,386.300,0.900,0.600,0,1,0
5778,5778,101.146900165655,101.146904265655,4359,5778,101.146844232322,1,1,4,3,b2ee64103950e40c,1002.100,370.800,0.900,0.400,0,1,0
5779,5779,101.164376932322,101.164389498988,4360,5779,101.164346665655,1,2,31,20,d6b98d626dd8e764,1063.700,408.300,6.900,0.400,0,1,0
5780,5780,101.181879498988,101.181892165655,4361,5780,101.181849232322,1,2,31,27,389f987084286ec4,1023.800,387.100,6.900,0.400,0,1,0
5781,5781,101.199407532321,101.199411632321,4362,5781,101.199351598988,1,2,31,29,561558a1fb51fb1a,1001.400,387.300,6.900,0.500,0,1,0
5782,5782,101.216884332321,101.216896998988,4363,5782,101.216854065655,1,2,31,29,48d59db3026c9ade,1020.600,403.700,6.900,0.500,0,1,0
5783,5783,101.234385732321,101.234399898988,4364,5783,101.234357065654,1,2,31,29,6158d4f65b34670f,995.700,387.500,6.900,0.400,0,1,0
5784,5784,101.251889365654,101.251902032321,4365,5784,101.251859098987,1,2,31,31,f0fe1ae3d2552f5a,1008.900,392.500,6.900,0.400,0,1,0
5785,5785,101.269391765654,101.269404332321,4366,5785,101.269361498987,1,2,31,31,6be9e2be9b8d1e05,1010.900,388.100,6.900,0.400,0,1,0
5786,5786,101.286894265654,101.286906898987,4367,5786,101.286863998987,1,2,31,31,e3c0be705b6764a1,1041.100,410.100,7.000,0.500,0,1,0
5787,5787,101.304396665654,101.304409332320,4368,5787,101.304366398987,1,3,31,31,f2881e4e95bb06b0,1198.600,520.600,6.900,0.400,0,1,0
5788,5788,101.321899198987,101.321911865653,4369,5788,101.321868932320,1,3,32,32,ebeb74eb1583fa47,1011.900,394.500,7.100,0.500,0,1,0
5789,5789,101.339427265653,101.339431365653,4370,5789,101.339371332320,1,3,32,32,f5e352f8c941d359,988.700,387.100,7.200,0.300,0,1,0
5790,5790,101.356930632320,101.356934732320,4371,5790,101.356874698986,1,3,32,32,31b1cbaae47ae3d5,972.500,397.900,7.100,0.500,0,1,0
5791,5791,101.374432532320,101.374436632320,4372,5791,101.374376598986,1,3,32,32,41461c8ede9ff8b7,997.100,444.700,7.200,0.500,0,1,0
5792,5792,101.391909132319,101.391921698986,4373,5792,101.391878865653,1,3,32,32,cf5cc86743ef3f39,1005.000,398.900,7.200,0.300,0,1,0
5793,5793,101.409437232319,101.409441332319,4374,5793,101.409381298986,1,3,32,32,91114c9d6f08e2c9,1036.200,398.900,7.100,0.900,0,1,0
5794,5794,101.426939698986,101.426943798986,4375,5794,101.426883765652,1,3,32,32,04527b6a08bba99b,1033.500,393.700,7.100,0.400,0,1,0
5795,5795,101.444416532319,101.444429198986,4376,5795,101.444386265652,1,3,32,32,05a826e8b7a5e657,1003.300,387.400,7.200,1.200,0,1,0
5796,5796,101.461919032319,101.461931598985,4377,5796,101.461888765652,1,3,32,32,632ef2afceaf48a1,986.300,388.400,7.100,0.400,0,1,0
5797,5797,101.479421432319,101.479434098985,4378,5797,101.479391165652,1,3,32,32,902e38176a8d7d16,975.900,388.000,7.100,0.400,0,1,0
5798,5798,101.496923965652,101.496936532318,4379,5798,101.496893698985,1,3,32,32,89079028edcabd2b,1038.000,393.400,7.100,0.800,0,1,0
5799,5799,101.514455932318,101.514460032318,4380,5799,101.514396498985,1,4,32,32,f5b1f8d38b65d833,1021.100,388.100,7.200,0.300,0,1,0
5800,5800,101.531928898985,101.531941465651,4381,5800,101.531898632318,1,3,32,32,5c845fa25bffc576,1106.400,447.000,7.100,0.800,0,1,0
5801,5801,101.549460465651,101.549464565651,4382,5801,101.549401032318,1,3,32,32,394402281dbb1de2,986.600,388.900,7.100,0.300,0,1,0
5802,5802,101.566933732318,101.566946365651,4383,5802,101.566903465651,1,3,32,32,caf85baa28e3b3e9,1070.100,392.700,7.100,0.600,0,1,0
5803,5803,101.584436198984,101.584448865651,4384,5803,101.584405932317,1,3,32,32,c69f28fffb5f84ae,1015.000,387.000,7.100,0.400,0,1,0
5804,5804,101.601938765651,101.601951432317,4385,5804,101.601908498984,1,3,32,32,a7658cfd7eb8c64d,1019.800,409.900,7.100,0.400,0,1,0
5805,5805,101.619441198984,101.619453865650,4386,5805,101.619410932317,1,3,32,32,3b85149f13d7d482,998.600,384.500,7.200,0.300,0,1,0
5806,5806,101.636943665650,101.636956232317,4387,5806,101.636913398984,1,2,32,32,c00d5344a7e079b6,1000.000,397.600,7.100,0.800,0,1,0
5807,5807,101.654446498983,101.654459065650,4388,5807,101.654416232317,1,2,32,32,05373c4e0560cc42,1009.400,384.800,7.100,0.800,0,1,0
5808,5808,101.671977732317,101.671981832317,4389,5808,101.671918298983,1,2,32,32,fd2faf00ac6adaec,1061.900,420.900,7.100,0.500,0,1,0
5809,5809,101.689451198983,101.689463765650,4390,5809,101.689420932316,1,1,4,4,99511310a53f49be,991.500,381.700,0.900,1.100,0,1,0
5810,5810,101.706953665650,101.706966332316,4391,5810,101.706923398983,1,1,4,4,098517b20d06924b,1101.200,385.800,0.900,0.500,0,1,0
5811,5811,101.724456098983,101.724468665649,4392,5811,101.724425832316,1,1,4,4,f9d423b628189fcc,1001.800,375.000,1.000,0.300,0,1,0
5812,5812,101.741987798983,101.741991898983,4393,5812,101.741928365649,1,1,4,4,4e36d8ee1d11f80b,999.500,372.300,0.900,0.400,0,1,0
5813,5813,101.759490198982,101.759494298982,4394,5813,101.759430765649,1,2,33,33,627323b662d37978,996.300,384.900,7.300,0.300,0,1,0
5814,5814,101.776992732316,101.776996832316,4395,5814,101.776933298982,1,2,33,33,9d4abebd3d3627a5,1004.500,433.400,10.600,0.600,0,1,0
5815,5815,101.794466332315,101.794478998982,4396,5815,101.794436065649,1,2,33,33,61a04e5401e067ac,1037.200,391.500,7.300,0.400,0,1,0
5816,5816,101.811997632315,101.812001732315,4397,5816,101.811938198982,1,3,33,33,42f725344e8a8441,1083.000,435.000,7.400,0.500,0,1,0
5817,5817,101.829470832315,101.829483498982,4398,5817,101.829440565648,1,3,33,33,997b7cb6010b5494,1100.300,410.100,7.300,0.500,0,1,0
5818,5818,101.846973332315,101.846985898982,4399,5818,101.846943065648,1,3,33,33,69ff80158612ea43,1046.000,408.600,7.300,0.400,0,1,0
5819,5819,101.864504965648,101.864509065648,4400,5819,101.864445532315,1,4,33,33,7d32b2c19721e79a,1137.800,390.100,7.300,0.400,0,1,0
5820,5820,101.882007498981,101.882011598981,4401,5820,101.881948065648,1,4,33,33,68f2654887985ded,1002.800,393.900,7.300,0.400,0,1,0
5821,5821,101.899480798981,101.899493465648,4402,5821,101.899450532314,1,6,36,36,8be1cef4d14c503e,982.800,409.400,8.000,0.500,0,1,0
5822,5822,101.917010165647,101.917014265647,4403,5822,101.916953065647,1,9,38,38,af075f4241c1be2f,993.200,416.700,8.400,0.300,0,1,0
5823,5823,101.934485998981,101.934498665647,4404,5823,101.934455732314,1,10,38,38,c1599a8e2903dc73,1006.300,406.300,8.500,0.300,0,1,0
5824,5824,101.952014965647,101.952019065647,4405,5824,101.951957865647,1,11,38,38,cfbbb25a5862d4db,1100.100,436.400,8.500,0.500,0,1,0
5825,5825,101.969490598980,101.969503165647,4406,5825,101.969460332314,1,13,74,74,69b6e4b86380a207,1010.400,436.400,16.400,0.400,0,1,0
5826,5826,101.986993132313,101.987005798980,4407,5826,101.986962865647,1,14,75,75,e31dce86b15eb986,989.300,438.700,16.700,0.300,0,1,0
5827,5827,102.004522432313,102.004526532313,4408,5827,102.004465332313,1,14,75,75,91bdd1b09b76fcea,1001.400,431.100,16.700,0.300,0,1,0
5828,5828,102.022024998980,102.022029098980,4409,5828,102.021967898980,1,15,75,75,c4ef03530975800e,1002.700,433.000,16.700,0.500,0,1,0
5829,5829,102.039538665646,102.039542765646,4410,5829,102.039481565646,1,16,88,88,5e4d15ece37f0a08,1014.500,446.200,19.500,0.500,0,1,0
5830,5830,102.057029832313,102.057033932313,4411,5830,102.056972732313,1,17,88,88,8a3b7278781c6584,1029.100,519.300,19.600,0.400,0,1,0
5831,5831,102.074505865646,102.074518432313,4412,5831,102.074475598979,1,18,89,89,6d4e4fac7344c753,992.700,455.700,19.800,0.300,0,1,0
5832,5832,102.092007865646,102.092020432312,4413,5832,102.091977598979,1,20,157,157,f2106fab5726bf06,989.100,460.300,34.700,0.300,0,1,0
5833,5833,102.109537332312,102.109541432312,4414,5833,102.109480232312,1,21,158,158,82a249d77ffed868,991.200,469.800,35.000,0.500,0,1,0
5834,5834,102.127012898979,102.127025565645,4415,5834,102.126982632312,1,22,158,158,d9ac6e1b6fa14735,1005.300,474.700,35.000,0.800,0,1,0
5835,5835,102.144515332312,102.144527998979,4416,5835,102.144485065645,1,24,184,184,3243fb93e1e44988,1013.600,477.500,40.700,0.500,0,1,0
5836,5836,102.162044632312,102.162048732312,4417,5836,102.161987532312,1,25,184,184,68686cba737c2a9e,1013.600,483.700,40.700,1.000,0,1,0
5837,5837,102.179518665645,102.179532832312,4418,5837,102.179489998978,1,26,185,185,a798fe10148a7856,998.400,477.300,41.000,0.400,0,1,0
5838,5838,102.197048032311,102.197052132311,4419,5838,102.196992532311,1,27,185,185,eaa0c0a5db79a5dd,979.500,471.700,40.900,0.600,0,1,0
5839,5839,102.214550798978,102.214554898978,4420,5839,102.214495298978,1,28,185,185,ccb0c8a7327fbfc6,1007.400,475.600,41.000,0.300,0,1,0
5840,5840,102.232027698978,102.232040365644,4421,5840,102.231997432311,1,29,198,178,1f19a601232df0bd,995.800,493.500,44.400,0.400,0,1,0
5841,5841,102.249530298978,102.249542865644,4422,5841,102.249500032311,1,30,198,154,0062a6fedd57e819,986.700,487.500,43.800,0.400,0,1,0
5842,5842,102.267032765644,102.267045432311,4423,5842,102.267002498977,1,32,132,132,832099ee46563137,1023.100,592.200,29.300,0.500,0,1,1
5843,5843,102.284535232310,102.284547898977,4424,5843,102.284504965644,1,34,145,145,29b8bc5f35d72049,1018.700,555.000,32.200,0.500,0,1,1
5844,5844,102.302064465644,102.302068565644,4425,5844,102.302007365644,1,37,159,157,ab2e71bc7db3b0e0,1004.800,509.000,35.200,0.400,0,1,1
5845,5845,102.319540098977,102.319552765643,4426,5845,102.319509832310,1,38,159,157,2a71dcc42611e9d7,993.300,512.200,35.200,0.400,0,1,1
5846,5846,102.337042632310,102.337055198977,4427,5846,102.337012365643,1,36,170,167,955dc73a9ccb1d95,993.700,575.200,37.700,0.500,0,1,7
5847,5847,102.354572332310,102.354576432310,4428,5847,102.354515232310,1,33,350,284,9bfbf24f66773315,996.900,588.900,77.700,0.500,0,1,12
5848,5848,102.372074365643,102.372078465643,4429,5848,102.372017265643,1,29,339,230,328358b778c6c697,1036.700,536.900,75.100,0.400,0,1,20
5849,5849,102.389576832309,102.389580932309,4430,5849,102.389519732309,1,26,372,209,e4e949c93956b6bb,1015.900,566.000,82.400,0.600,0,1,26
5850,5850,102.407052532309,102.407065198976,4431,5850,102.407022265643,1,15,288,134,cf66ad8fd0a7fb02,1003.500,525.800,63.700,0.500,0,1,41
5851,5851,102.424581832309,102.424585932309,4432,5851,102.424524732309,1,12,259,82,bc7839268f0117da,1022.400,576.700,57.500,0.500,0,1,48
5852,5852,102.442057332309,102.442069998976,4433,5852,102.442027065642,1,8,187,55,cb24ba4df237a56f,1066.300,518.600,41.400,0.400,0,1,53
5853,5853,102.459588565642,102.459592665642,4434,5853,102.459529598975,1,6,177,52,f8128064ec2f3792,999.500,490.800,39.200,0.300,0,1,56
5854,5854,102.477062265642,102.477074932309,4435,5854,102.477031998975,1,6,177,37,16ab172298fd310b,1075.800,504.300,39.300,0.400,0,1,57
5855,5855,102.494605998975,102.494610098975,4436,5855,102.494534898975,1,5,176,38,810a927f3e448c3c,1039.200,515.200,39.100,1.500,0,1,59
5856,5856,102.512067298975,102.512079865642,4437,5856,102.512037032308,1,5,176,38,62ea19e16ebcd4fc,986.900,499.900,39.000,0.400,0,1,59
5857,5857,102.529610532308,102.529614632308,4438,5857,102.529539432308,1,5,176,38,0e2995f8f48d6e37,1063.600,498.200,38.900,0.400,0,1,61
5858,5858,102.547072198975,102.547084832308,4439,5858,102.547041932308,1,5,176,38,ea73e346cc2890f8,998.400,489.900,39.000,0.300,0,1,61
5859,5859,102.564615532308,102.564619632308,4440,5859,102.564544432308,1,5,176,41,258f6f69d9a4efbd,991.100,495.600,39.000,0.400,0,1,61
5860,5860,102.582118032308,102.582122132308,4441,5860,102.582046932308,1,6,221,42,34e6127d86e19bbe,1008.700,495.500,48.900,0.500,0,1,60
5861,5861,102.599620498974,102.599624598974,4442,5861,102.599549398974,1,6,221,55,01bf99a89f3a6e85,1089.100,498.400,48.900,0.500,0,1,60
5862,5862,102.617082065640,102.617094732307,4443,5862,102.617051798974,1,7,229,62,14e80378031f3f76,987.600,539.200,50.700,0.400,0,1,59
5863,5863,102.634583332307,102.634597498974,4444,5863,102.634554665640,1,7,229,73,4ac0fbec72ad79ce,1066.300,513.200,50.700,0.500,0,1,59
5864,5864,102.652126265640,102.652130365640,4445,5864,102.652056765640,1,9,282,77,2c2de2d1278b903f,988.600,533.100,62.500,0.500,0,1,57
5865,5865,102.669589498973,102.669602165640,4446,5865,102.669559232307,1,10,327,90,349c25b668510b03,1007.000,514.300,72.400,0.400,0,1,56
5866,5866,102.687132798973,102.687136898973,4447,5866,102.687061698973,1,11,335,111,28d7762a049f9b2b,996.600,518.700,74.200,0.400,0,1,55
5867,5867,102.704594432306,102.704607098973,4448,5867,102.704564165640,1,12,368,128,00e328ab9dcf829c,1015.700,525.500,81.400,0.500,0,1,54
5868,5868,102.722137798973,102.722141898973,4449,5868,102.722066698973,1,13,376,141,9fe5af25e1abb5f1,1008.000,524.000,83.200,0.400,0,1,53
5869,5869,102.739599398973,102.739612065639,4450,5869,102.739569132306,1,13,376,149,015cbd598500debc,1008.300,535.400,83.200,0.500,0,1,53
5870,5870,102.757101932306,102.757114598972,4451,5870,102.757071665639,1,13,376,162,1d40d261a18734c5,977.800,566.600,83.200,0.500,0,1,53
5871,5871,102.774645432306,102.774649532306,4452,5871,102.774574332306,1,15,429,163,b6292ed39c1fcfeb,986.800,542.600,95.600,0.400,0,1,51
5872,5872,102.792106898972,102.792119565639,4453,5872,102.792076632305,1,15,429,175,7087d334780210f3,1056.600,549.700,94.900,0.300,0,1,51
5873,5873,102.809609365639,102.809622032305,4454,5873,102.809579098972,1,15,429,177,51bdeacd10f1d7cd,985.300,536.600,94.900,0.300,0,1,51
5874,5874,102.827110232305,102.827124398972,4455,5874,102.827081565638,1,15,429,177,5a98d1cbc20d6928,1007.500,534.300,94.900,0.700,0,1,53
5875,5875,102.844653498972,102.844657598972,4456,5875,102.844583998972,1,15,429,177,2aa06cfdd429767a,990.900,553.800,95.000,0.600,0,1,53
5876,5876,102.862116632305,102.862129298971,4457,5876,102.862086365638,1,15,429,175,0d85581724d20df2,1029.000,531.200,94.900,0.500,0,1,53
5877,5877,102.879619132305,102.879631798971,4458,5877,102.879588865638,1,15,429,163,8a53b41c797a40c2,990.700,610.000,95.100,0.800,0,1,53
5878,5878,102.897121665638,102.897134332304,4459,5878,102.897091398971,1,14,421,162,6c3ea4587b7c0e9b,986.900,534.000,93.200,0.400,0,1,55
5879,5879,102.914623032304,102.914637198971,4460,5879,102.914594365638,1,13,376,154,f8d431ebca563add,1101.500,571.000,83.300,0.300,0,1,56
5880,5880,102.932126565637,102.932139232304,4461,5880,102.932096298971,1,13,376,145,9aadeaeb03976564,1000.400,536.900,83.200,0.500,0,1,59
5881,5881,102.949669832304,102.949673932304,4462,5881,102.949598732304,1,12,368,138,40890399e0b12518,1012.700,522.900,93.000,0.500,0,1,60
5882,5882,102.967174265637,102.967178365637,4463,5882,102.967101298970,1,12,368,123,c28f2ae638589d24,997.100,522.600,81.400,0.300,0,1,60
5883,5883,102.984633998970,102.984646565637,4464,5883,102.984603732303,1,11,335,111,9333647f2d0f349f,1017.500,541.100,74.100,0.500,0,1,64
5884,5884,103.002136432303,103.002148998970,4465,5884,103.002106165637,1,10,327,98,30b795b096d85ef8,1004.700,533.300,72.400,0.400,0,1,66
5885,5885,103.019639032303,103.019651698970,4466,5885,103.019608765636,1,10,327,81,f5b2b1e17901c1a1,978.500,545.900,72.400,0.300,0,1,67
5886,5886,103.037151198970,103.037165365636,4467,5886,103.037122532303,1,9,319,75,ba82418bde2cdc88,983.400,530.900,70.600,0.400,0,1,68
5887,5887,103.054644265636,103.054656932303,4468,5887,103.054613998969,1,7,229,70,6fd72557ec4bb3ac,985.700,517.600,50.800,0.200,0,1,71
5888,5888,103.072146432303,103.072159098969,4469,5888,103.072116165636,1,6,221,56,65a6a01136af0755,1011.300,519.600,49.100,0.200,0,1,74
5889,5889,103.089689665636,103.089693765636,4470,5889,103.089618565636,1,6,221,45,41092682aa9fe47a,1002.300,515.700,48.900,0.600,0,1,74
5890,5890,103.107151332302,103.107163898969,4471,5890,103.107121065636,1,6,221,38,b1d703b076474dae,1030.300,546.900,48.900,0.500,0,1,77
5891,5891,103.124653732302,103.124666398969,4472,5891,103.124623465635,1,5,176,34,d844612d123546bf,1009.400,597.100,39.000,0.700,0,1,78
5892,5892,103.142156198969,103.142168765635,4473,5892,103.142125932302,1,5,176,25,b2692047ec795eda,1022.800,516.800,39.000,0.400,0,1,80
5893,5893,103.159658765635,103.159671432302,4474,5893,103.159628498968,1,5,176,16,905e639c45c49fb2,985.700,548.200,39.000,0.400,0,1,80
5894,5894,103.177202065635,103.177206165635,4475,5894,103.177130965635,1,5,176,15,06c2f2c365543442,984.600,512.100,39.000,0.700,0,1,81
5895,5895,103.194704932301,103.194709032301,4476,5895,103.194633832301,1,6,224,10,fb6a34f5bcfa4972,983.900,536.200,49.900,0.600,0,1,83
5896,5896,103.212166198968,103.212178765635,4477,5896,103.212135932301,1,3,128,1,99df1205bf5d3fac,1004.800,508.800,28.300,0.400,0,1,87
5897,5897,103.229668665634,103.229681332301,4478,5897,103.229638398968,1,2,83,0,2944bcd3995da414,988.500,507.200,18.400,0.400,0,1,90
5898,5898,103.247171098968,103.247183765634,4479,5898,103.247140832301,1,2,83,0,3caf18515ec176f2,996.500,507.400,18.500,0.300,0,1,92
5899,5899,103.264716965634,103.264721065634,4480,5899,103.264643298967,1,0,0,0,cbf29ce484222325,990.600,495.300,0.000,0.300,0,1,95
5900,5900,103.282219498967,103.282223598967,4481,5900,103.282145832301,1,0,0,0,cbf29ce484222325,1015.700,496.900,0.100,0.300,0,1,99
5901,5901,103.299678532300,103.299691165634,4482,5901,103.299648265634,1,0,0,0,cbf29ce484222325,1170.200,725.500,0.100,1.100,0,1,99
5902,5902,103.317180965633,103.317193598967,4483,5902,103.317150698967,1,0,0,0,cbf29ce484222325,1022.000,501.100,0.100,0.600,0,1,101
5903,5903,103.334683732300,103.334696398967,4484,5903,103.334653465633,1,0,0,0,cbf29ce484222325,1013.700,510.900,0.100,0.300,0,1,104
5904,5904,103.352229298966,103.352233398966,4485,5904,103.352155632300,1,0,0,0,cbf29ce484222325,1012.600,516.200,0.100,0.300,0,1,105
5905,5905,103.369686732300,103.369700998966,4486,5905,103.369658065633,1,0,0,0,cbf29ce484222325,1042.300,528.300,0.200,0.500,0,1,108
5906,5906,103.387232665633,103.387236765633,4487,5906,103.387160598966,1,0,0,0,cbf29ce484222325,1000.900,521.500,0.100,0.500,0,1,110
5907,5907,103.404693365633,103.404706032299,4488,5907,103.404663098966,1,0,0,0,cbf29ce484222325,1101.000,523.100,0.100,0.300,0,1,111
5908,5908,103.422239232299,103.422243332299,4489,5908,103.422165565632,1,0,0,0,cbf29ce484222325,1041.600,543.300,0.200,0.600,0,1,114
5909,5909,103.439698265632,103.439710832299,4490,5909,103.439667998966,1,0,0,0,cbf29ce484222325,1037.000,521.700,0.100,0.500,0,1,116
5910,5910,103.457200732299,103.457213298965,4491,5910,103.457170465632,1,0,0,0,cbf29ce484222325,1011.000,537.200,0.100,0.300,0,1,119
5911,5911,103.474703598965,103.474716165632,4492,5911,103.474673332299,1,0,0,0,cbf29ce484222325,1088.900,542.600,0.100,0.400,0,1,120
5912,5912,103.492207532298,103.492218232298,4493,5912,103.492175398965,1,0,0,0,cbf29ce484222325,1022.300,537.200,0.000,0.500,0,1,122
5914,5914,103.527210565631,103.527223165631,4494,5914,103.527180298965,1,0,0,0,cbf29ce484222325,1225.000,563.700,0.100,0.300,0,1,125
5915,5915,103.544752832298,103.544756932298,4495,5915,103.544682898965,1,0,0,0,cbf29ce484222325,1037.000,550.400,0.100,1.000,0,1,128
5916,5916,103.562215498964,103.562228065631,4496,5916,103.562185232298,1,0,0,0,cbf29ce484222325,1018.500,539.500,0.100,0.500,0,1,129
5918,5918,103.597220432297,103.597232998964,4497,5918,103.597190165631,1,0,0,0,cbf29ce484222325,1011.000,542.500,0.200,0.400,0,1,132
5919,5919,103.614762898964,103.614766998964,4498,5919,103.614692965631,1,0,0,0,cbf29ce484222325,1043.500,560.300,0.100,0.700,0,1,133
5920,5920,103.632227265630,103.632237965630,4499,5920,103.632195132297,1,0,0,0,cbf29ce484222325,979.900,556.300,0.100,0.500,0,1,135
5921,5921,103.649735365630,103.649740465630,4500,5921,103.649697632297,1,0,0,0,cbf29ce484222325,980.900,556.800,0.100,0.400,0,1,136
5922,5922,103.667230465630,103.667243132297,4501,5922,103.667200198963,1,0,0,0,cbf29ce484222325,1032.400,567.200,0.100,0.600,0,1,138
5923,5923,103.684736565630,103.684745398963,4502,5923,103.684702565630,1,0,0,0,cbf29ce484222325,1039.900,560.500,0.100,0.300,0,1,139
5924,5924,103.702235332296,103.702247898963,4503,5924,103.702205065630,1,0,0,0,cbf29ce484222325,997.100,563.700,0.100,0.400,0,1,139
5925,5925,103.719737765629,103.719750332296,4504,5925,103.719707498963,1,0,0,0,cbf29ce484222325,1033.700,554.700,0.100,0.400,0,1,140
5926,5926,103.737240298963,103.737252965629,4505,5926,103.737210032296,1,0,0,0,cbf29ce484222325,1006.100,554.100,0.100,0.400,0,1,141
5927,5927,103.754743232296,103.754755798962,4506,5927,103.754712965629,1,0,0,0,cbf29ce484222325,993.500,565.900,0.100,0.500,0,1,144
5928,5928,103.772292065629,103.772296165629,4507,5928,103.772214898962,1,0,0,0,cbf29ce484222325,984.700,566.000,0.100,0.300,0,1,147
5929,5929,103.789749632295,103.789760332295,4508,5929,103.789717498962,1,0,0,0,cbf29ce484222325,996.100,587.500,0.100,0.300,0,1,148
5930,5930,103.807250132295,103.807262698962,4509,5930,103.807219865629,1,0,0,0,cbf29ce484222325,1010.900,571.600,0.200,0.300,0,1,148
5931,5931,103.824754465628,103.824765165628,4510,5931,103.824722332295,1,0,0,0,cbf29ce484222325,1002.300,567.200,0.100,0.400,0,1,149
5932,5932,103.842253432295,103.842267632295,4511,5932,103.842224765628,1,0,0,0,cbf29ce484222325,989.100,563.500,0.100,0.400,0,1,149
5933,5933,103.859799165628,103.859803265628,4512,5933,103.859727332295,1,0,0,0,cbf29ce484222325,992.000,575.400,0.100,0.500,0,1,151
5934,5934,103.877260098961,103.877272765628,4513,5934,103.877229832295,1,0,0,0,cbf29ce484222325,1004.200,575.900,0.100,0.300,0,1,154
5935,5935,103.894807932294,103.894812032294,4514,5935,103.894732632294,1,0,0,0,cbf29ce484222325,983.400,578.400,0.100,0.400,0,1,156
5936,5936,103.912313765628,103.912317865628,4515,5936,103.912234732294,1,0,0,0,cbf29ce484222325,986.800,614.500,0.100,0.600,0,1,159
5937,5937,103.929818132294,103.929822232294,4516,5937,103.929737232294,1,0,0,0,cbf29ce484222325,1037.000,587.100,0.100,0.700,0,1,162
5938,5938,103.947322432294,103.947326532294,4517,5938,103.947239665627,1,0,0,0,cbf29ce484222325,985.000,576.900,0.100,0.400,0,1,164
5939,5939,103.964826798960,103.964830898960,4518,5939,103.964742165627,1,0,0,0,cbf29ce484222325,1117.400,582.500,0.100,0.300,0,1,174
5940,5940,103.982331032294,103.982335132294,4519,5940,103.982244532294,1,0,0,0,cbf29ce484222325,1080.000,804.500,0.100,0.600,0,1,177
5941,5941,103.999833532293,103.999837632293,4520,5941,103.999747032293,1,0,0,0,cbf29ce484222325,1011.400,661.500,0.100,0.300,0,1,182
5942,5942,104.017279765626,104.017292432293,4521,5942,104.017249498960,1,0,0,0,cbf29ce484222325,1063.000,623.400,0.100,1.200,0,1,184
5943,5943,104.034838998960,104.034843098960,4522,5943,104.034763698960,1,0,0,0,cbf29ce484222325,995.800,595.300,0.100,0.300,0,1,185
5944,5944,104.052329832293,104.052333932293,4523,5944,104.052254532293,1,0,0,0,cbf29ce484222325,1061.300,600.100,0.100,0.400,0,1,188
5945,5945,104.069834065626,104.069838165626,4524,5945,104.069756898959,1,0,0,0,cbf29ce484222325,1009.600,602.400,0.100,0.500,0,1,188
5946,5946,104.087336598959,104.087340698959,4525,5946,104.087259432292,1,0,0,0,cbf29ce484222325,989.300,664.000,0.400,0.400,0,1,188
5947,5947,104.104792232292,104.104804898959,4526,5947,104.104761965626,1,0,0,0,cbf29ce484222325,1045.700,643.800,0.100,0.700,0,1,188
5948,5948,104.122337698959,104.122341798959,4527,5948,104.122264265625,1,0,0,0,cbf29ce484222325,1007.100,601.500,0.100,0.600,0,1,187
5949,5949,104.139840232292,104.139844332292,4528,5949,104.139766798959,1,0,0,0,cbf29ce484222325,1032.000,644.000,0.100,0.600,0,1,185
5950,5950,104.157342732292,104.157346832292,4529,5950,104.157269298958,1,0,0,0,cbf29ce484222325,1005.500,605.000,0.100,0.500,0,1,185
5951,5951,104.174845532292,104.174849632292,4530,5951,104.174772098958,1,0,0,0,cbf29ce484222325,1006.700,614.400,0.100,0.200,0,1,184
5952,5952,104.192304465625,104.192317132291,4531,5952,104.192274198958,1,0,0,0,cbf29ce484222325,988.100,596.000,0.100,0.500,0,1,184
5953,5953,104.209850232291,104.209854332291,4532,5953,104.209776798958,1,0,0,0,cbf29ce484222325,1054.800,600.000,0.100,0.400,0,1,183
5954,5954,104.227352598958,104.227356698958,4533,5954,104.227279165624,1,0,0,0,cbf29ce484222325,999.700,593.500,0.100,0.700,0,1,182
5955,5955,104.244855032291,104.244859132291,4534,5955,104.244781598958,1,0,0,0,cbf29ce484222325,1035.300,589.700,0.100,0.200,0,1,182
5956,5956,104.262357632291,104.262361732291,4535,5956,104.262284198957,1,0,0,0,cbf29ce484222325,1007.800,617.900,0.100,0.800,0,1,181
5957,5957,104.279858898957,104.279862998957,4536,5957,104.279786632291,1,0,0,0,cbf29ce484222325,1007.500,601.000,0.100,0.300,0,1,180
5958,5958,104.297361432290,104.297365532290,4537,5958,104.297289165624,1,0,0,0,cbf29ce484222325,1052.000,602.100,0.100,0.400,0,1,180
5959,5959,104.314864298957,104.314868398957,4538,5959,104.314792032290,1,0,0,0,cbf29ce484222325,982.100,623.700,0.100,0.500,0,1,180
5960,5960,104.332366332290,104.332370432290,4539,5960,104.332294065623,1,0,0,0,cbf29ce484222325,1002.600,592.500,0.100,0.300,0,1,178
5961,5961,104.349826765623,104.349839432290,4540,5961,104.349796498957,1,0,0,0,cbf29ce484222325,992.700,597.200,0.100,0.400,0,1,177
5962,5962,104.367371198956,104.367375298956,4541,5962,104.367298932290,1,0,0,0,cbf29ce484222325,991.600,668.500,0.200,0.300,0,1,177
5963,5963,104.384873665623,104.384877765623,4542,5963,104.384801398956,1,0,0,0,cbf29ce484222325,992.200,591.100,0.100,0.200,0,1,177
5964,5964,104.402376198956,104.402380298956,4543,5964,104.402303932289,1,0,0,0,cbf29ce484222325,971.400,600.000,0.100,0.400,0,1,177
5965,5965,104.419881032289,104.419885132289,4544,5965,104.419806432289,1,0,0,0,cbf29ce484222325,1038.600,699.600,0.100,0.300,0,1,177
5966,5966,104.437383498956,104.437387598956,4545,5966,104.437308898956,1,0,0,0,cbf29ce484222325,1025.700,601.800,0.200,0.300,0,1,177
5967,5967,104.454886198955,104.454890298955,4546,5967,104.454811598955,1,0,0,0,cbf29ce484222325,1070.600,606.300,0.100,0.300,0,1,177
5968,5968,104.472343998955,104.472356665622,4547,5968,104.472313732289,1,0,0,0,cbf29ce484222325,987.200,597.400,0.100,0.400,0,1,178
5969,5969,104.489890765622,104.489894865622,4548,5969,104.489816165622,1,0,0,0,cbf29ce484222325,1035.900,602.000,0.100,0.400,0,1,179
5970,5970,104.507393365622,104.507397465622,4549,5970,104.507318765622,1,0,0,0,cbf29ce484222325,1055.100,602.600,0.100,0.500,0,1,180
5971,5971,104.524895765621,104.524899865621,4550,5971,104.524821165621,1,0,0,0,cbf29ce484222325,986.000,601.700,0.100,0.500,0,1,180
5972,5972,104.542398265621,104.542402365621,4551,5972,104.542323665621,1,0,0,0,cbf29ce484222325,995.000,607.300,0.100,0.500,0,1,180
5973,5973,104.559900665621,104.559904765621,4552,5973,104.559826065621,1,0,0,0,cbf29ce484222325,975.500,674.000,0.200,0.500,0,1,180
5974,5974,104.577406732288,104.577410832288,4553,5974,104.577328632288,1,0,0,0,cbf29ce484222325,986.400,655.300,0.600,1.000,0,1,181
5975,5975,104.594909632287,104.594913732287,4554,5975,104.594831532287,1,0,0,0,cbf29ce484222325,1005.400,612.800,0.100,0.300,0,1,182
5976,5976,104.612411598954,104.612415698954,4555,5976,104.612333498954,1,0,0,0,cbf29ce484222325,1049.400,628.700,0.100,0.400,0,1,182
5977,5977,104.629866232287,104.629878898954,4556,5977,104.629835965620,1,0,0,0,cbf29ce484222325,1059.100,665.300,0.200,0.500,0,1,182
5978,5978,104.647416598954,104.647420698954,4557,5978,104.647338498954,1,0,0,0,cbf29ce484222325,1010.000,607.000,0.100,0.400,0,1,184
5979,5979,104.664919032287,104.664923132287,4558,5979,104.664840932287,1,0,0,0,cbf29ce484222325,1000.400,604.500,0.100,0.800,0,1,184
5980,5980,104.682373732287,104.682386398953,4559,5980,104.682343465620,1,0,0,0,cbf29ce484222325,1000.500,630.600,0.100,0.800,0,1,184
5981,5981,104.699923965620,104.699928065620,4560,5981,104.699845865620,1,0,0,0,cbf29ce484222325,1002.300,618.900,0.100,1.000,0,1,184
5983,5983,104.734917565619,104.734921665619,4561,5983,104.734851132286,1,0,0,0,cbf29ce484222325,995.100,748.500,0.100,0.500,0,1,185
5984,5984,104.752419732286,104.752423832286,4562,5984,104.752353298952,1,0,0,0,cbf29ce484222325,998.900,614.200,0.100,0.500,0,1,185
5985,5985,104.769922198952,104.769926298952,4563,5985,104.769855765619,1,0,0,0,cbf29ce484222325,1015.700,617.800,0.100,0.400,0,1,188
5986,5986,104.787424765619,104.787428865619,4564,5986,104.787358332285,1,0,0,0,cbf29ce484222325,998.900,626.600,0.400,0.900,0,1,188
5987,5987,104.804927198952,104.804931298952,4565,5987,104.804860765619,1,0,0,0,cbf29ce484222325,1002.900,646.300,0.100,0.400,0,1,188
5988,5988,104.822429665618,104.822433765618,4566,5988,104.822363232285,1,0,0,0,cbf29ce484222325,1000.400,605.800,0.100,0.600,0,1,190
5989,5989,104.839942298952,104.839946398952,4567,5989,104.839865698952,1,0,0,0,cbf29ce484222325,993.900,617.400,0.100,0.400,0,1,190
5990,5990,104.857444732285,104.857448832285,4568,5990,104.857368132285,1,0,0,0,cbf29ce484222325,1230.500,693.200,0.100,0.500,0,1,190
