frame,emulated_seconds,host_seconds
1,0.017502471249,0.005127500
2,0.035004942498,0.029991800
3,0.052507413746,0.045764400
4,0.070009884995,0.071334400
5,0.087512356244,0.090282900
6,0.105014827493,0.107855400
7,0.122517298741,0.122847400
8,0.140019769990,0.145494600
9,0.157522241239,0.168742900
10,0.175024712488,0.184861100
11,0.192527183736,0.206214200
12,0.210029654985,0.220660500
13,0.227532126234,0.239347100
14,0.245034597483,0.254747500
15,0.262537068731,0.278794700
16,0.280039539980,0.300725500
17,0.297542011229,0.317152400
18,0.315044482478,0.333852100
19,0.332546953727,0.350169400
20,0.350049424975,0.369335500
21,0.367551896224,0.387949800
22,0.385054367473,0.404210700
23,0.402556838722,0.423835500
24,0.420059309970,0.441120600
25,0.437561781219,0.457783700
26,0.455064252468,0.474667800
27,0.472566723717,0.492111700
28,0.490069194965,0.510994800
29,0.507571666214,0.528722200
30,0.525074137463,0.545876200
31,0.542576608712,0.561694100
32,0.560079079960,0.580365400
33,0.577581551209,0.596131900
34,0.595084022458,0.616892000
35,0.612586493707,0.632448300
36,0.630088964956,0.651022300
37,0.647591436204,0.667308000
38,0.665093907453,0.683787800
39,0.682596378702,0.701603700
40,0.700098849951,0.718372100
41,0.717601321199,0.735573100
42,0.735103792448,0.754748800
43,0.752606263697,0.771113100
44,0.770108734946,0.788372000
45,0.787611206194,0.805665200
46,0.805113677443,0.823232700
47,0.822616148692,0.840972900
48,0.840118619941,0.859322100
49,0.857621091189,0.876956900
50,0.875123562438,0.894017000
51,0.892626033687,0.913242500
52,0.910128504936,0.929661700
53,0.927630976185,0.946864700
54,0.945133447433,0.963958800
55,0.962635918682,0.982117800
56,0.980138389931,0.999268500
57,0.997640861180,1.015858900
58,1.015143332428,1.033772400
59,1.032645803677,1.051815700
60,1.050148274926,1.068612100
61,1.067650746175,1.087213300
62,1.085153217423,1.103886600
63,1.102655688672,1.120938600
64,1.120158159921,1.138377800
65,1.137660631170,1.155859700
66,1.155163102418,1.173274800
67,1.172665573667,1.190868200
68,1.190168044916,1.208435000
69,1.207670516165,1.226038800
70,1.225172987414,1.244125400
71,1.242675458662,1.263150300
72,1.260177929911,1.279578900
73,1.277680401160,1.296965400
74,1.295182872409,1.313352100
75,1.312685343657,1.330782200
76,1.330187814906,1.348406200
77,1.347690286155,1.366219700
78,1.365192757404,1.383349800
79,1.382695228652,1.401342000
80,1.400197699901,1.418967700
81,1.417700171150,1.436729500
82,1.435202642399,1.453687000
83,1.452705113647,1.471217900
84,1.470207584896,1.488847300
85,1.487710056145,1.506362200
86,1.505212527394,1.524280200
87,1.522714998642,1.541725400
88,1.540217469891,1.558964500
89,1.557719941140,1.577141800
90,1.575222412389,1.596867000
91,1.592724883638,1.613936000
92,1.610227354886,1.629986100
93,1.627729826135,1.646862900
94,1.645232297384,1.663861900
95,1.662734768633,1.681071200
96,1.680237239881,1.698789600
97,1.697739711130,1.716052400
98,1.715242182379,1.733410900
99,1.732744653628,1.751256800
100,1.750247124876,1.768517800
101,1.767749596125,1.785961900
102,1.785252067374,1.803548300
103,1.802754538623,1.821974900
104,1.820257009871,1.838510900
105,1.837759481120,1.855798400
106,1.855261952369,1.873639100
107,1.872764423618,1.892817700
108,1.890266894867,1.909308600
109,1.907769366115,1.926656400
110,1.925271837364,1.944115000
111,1.942774308613,1.964779900
112,1.960276779862,1.980716200
113,1.977779251110,1.996781700
114,1.995281722359,2.014052500
115,2.012784193608,2.031403600
116,2.030286664857,2.048977900
117,2.047789136105,2.065859900
118,2.065291607354,2.083432300
119,2.082794078603,2.100985300
120,2.100296549852,2.118523100
121,2.117799021100,2.136811000
122,2.135301492349,2.153438500
123,2.152803963598,2.171216500
124,2.170306434847,2.188452100
125,2.187808906096,2.206587500
126,2.205311377344,2.223434600
127,2.222813848593,2.241770300
128,2.240316319842,2.258729400
129,2.257818791091,2.276578600
130,2.275321262339,2.296565500
131,2.292823733588,2.312924500
132,2.310326204837,2.329980300
133,2.327828676086,2.346452300
134,2.345331147334,2.363846500
135,2.362833618583,2.381095900
136,2.380336089832,2.399048400
137,2.397838561081,2.416406500
138,2.415341032329,2.433758600
139,2.432843503578,2.451395900
140,2.450345974827,2.468837400
141,2.467848446076,2.486481600
142,2.485350917325,2.505499300
143,2.502853388573,2.521215500
144,2.520355859822,2.539271900
145,2.537858331071,2.556108700
146,2.555360802320,2.574013700
147,2.572863273568,2.590939400
148,2.590365744817,2.608726800
149,2.607868216066,2.626681400
150,2.625370687315,2.644504600
151,2.642873158563,2.664450900
152,2.660375629812,2.681074200
153,2.677878101061,2.697362500
154,2.695380572310,2.714382400
155,2.712883043558,2.731670900
156,2.730385514807,2.748829300
157,2.747887986056,2.766427000
158,2.765390457305,2.783527300
159,2.782892928554,2.801131000
160,2.800395399802,2.818362400
161,2.817897871051,2.835997800
162,2.835400342300,2.853592300
163,2.852902813549,2.871157100
164,2.870405284797,2.888863900
165,2.887907756046,2.906732700
166,2.905410227295,2.924143800
167,2.922912698544,2.941998200
168,2.940415169792,2.959666100
169,2.957917641041,2.976823000
170,2.975420112290,2.994332300
171,2.992922583539,3.013309200
172,3.010425054787,3.030160600
173,3.027927526036,3.046829800
174,3.045429997285,3.063583700
175,3.062932468534,3.081354100
176,3.080434939783,3.099801000
177,3.097937411031,3.116659100
178,3.115439882280,3.133888500
179,3.132942353529,3.151166500
180,3.150444824778,3.168601300
181,3.167947296026,3.186105100
182,3.185449767275,3.203713100
183,3.202952238524,3.221165600
184,3.220454709773,3.239062900
185,3.237957181021,3.256205900
186,3.255459652270,3.273418100
187,3.272962123519,3.291088300
188,3.290464594768,3.308817200
189,3.307967066016,3.327292400
190,3.325469537265,3.344390900
191,3.342972008514,3.363566700
192,3.360474479763,3.379612400
193,3.377976951012,3.397850900
194,3.395479422260,3.414178000
195,3.412981893509,3.431554500
196,3.430484364758,3.448696400
197,3.447986836007,3.466793000
198,3.465489307255,3.484339000
199,3.482991778504,3.501099700
200,3.500494249753,3.519944600
201,3.517996721002,3.536553000
202,3.535499192250,3.554455200
203,3.553001663499,3.572251700
204,3.570504134748,3.588712400
205,3.588006605997,3.606398800
206,3.605509077245,3.623708900
207,3.623011548494,3.641716800
208,3.640514019743,3.659548800
209,3.658016490992,3.677152000
210,3.675518962241,3.694495400
211,3.693021433489,3.713479800
212,3.710523904738,3.729913700
213,3.728026375987,3.746935400
214,3.745528847236,3.763752900
215,3.763031318484,3.781171600
216,3.780533789733,3.799083500
217,3.798036260982,3.817042600
218,3.815538732231,3.833753800
219,3.833041203479,3.851737200
220,3.850543674728,3.869238600
221,3.868046145977,3.886796000
222,3.885548617226,3.904423600
223,3.903051088474,3.921802200
224,3.920553559723,3.940093400
225,3.938056030972,3.956680800
226,3.955558502221,3.974627200
227,3.973060973470,3.991463200
228,3.990563444718,4.008941800
229,4.008065915967,4.027760500
230,4.025568387216,4.046727400
231,4.043070858465,4.064327000
232,4.060573329713,4.080482700
233,4.078075800962,4.096960800
234,4.095578272211,4.113728500
235,4.113080743460,4.131287700
236,4.130583214708,4.149156200
237,4.148085685957,4.167273600
238,4.165588157206,4.183932000
239,4.183090628455,4.201176500
240,4.200593099703,4.218810800
241,4.218095570952,4.236352700
242,4.235598042201,4.253724100
243,4.253100513450,4.271247000
244,4.270602984699,4.288666000
245,4.288105455947,4.306468200
246,4.305607927196,4.324108600
247,4.323110398445,4.341666400
248,4.340612869694,4.359671200
249,4.358115340942,4.376565300
250,4.375617812191,4.396015200
251,4.393120283440,4.412140000
252,4.410622754689,4.429149800
253,4.428125225937,4.445594200
254,4.445627697186,4.463145000
255,4.463130168435,4.480676900
256,4.480632639684,4.498269900
257,4.498135110932,4.516437900
258,4.515637582181,4.532715300
259,4.533140053430,4.550843100
260,4.550642524679,4.567903900
261,4.568144995927,4.585432000
262,4.585647467176,4.602902600
263,4.603149938425,4.620132300
264,4.620652409674,4.637858600
265,4.638154880923,4.655613800
266,4.655657352171,4.673375200
267,4.673159823420,4.690717100
268,4.690662294669,4.708330900
269,4.708164765918,4.726439100
270,4.725667237166,4.743634800
271,4.743169708415,4.762149700
272,4.760672179664,4.778785800
273,4.778174650913,4.795861800
274,4.795677122161,4.813062700
275,4.813179593410,4.830471100
276,4.830682064659,4.847742800
277,4.848184535908,4.865305200
278,4.865687007156,4.883112900
279,4.883189478405,4.900721700
280,4.900691949654,4.917731000
281,4.918194420903,4.935736200
282,4.935696892152,4.953126300
283,4.953199363400,4.970571800
284,4.970701834649,4.988348300
285,4.988204305898,5.005290400
286,5.005706777147,5.022854300
287,5.023209248395,5.040610200
288,5.040711719644,5.058244700
289,5.058214190893,5.076939900
290,5.075716662142,5.097173000
291,5.093219133390,5.113151700
292,5.110721604639,5.129745900
293,5.128224075888,5.146080300
294,5.145726547137,5.163185900
295,5.163229018385,5.180599500
296,5.180731489634,5.198110500
297,5.198233960883,5.215468400
298,5.215736432132,5.233740500
299,5.233238903381,5.250715100
300,5.250741374629,5.267984100
301,5.268243845878,5.285641200
302,5.285746317127,5.303143900
303,5.303248788376,5.320649300
304,5.320751259624,5.337987500
305,5.338253730873,5.355724300
306,5.355756202122,5.373391700
307,5.373258673371,5.391845600
308,5.390761144619,5.408774400
309,5.408263615868,5.426341000
310,5.425766087117,5.445484200
311,5.443268558366,5.462294300
312,5.460771029614,5.478999200
313,5.478273500863,5.496280600
314,5.495775972112,5.513344700
315,5.513278443361,5.530658000
316,5.530780914610,5.548117900
317,5.548283385858,5.566180300
318,5.565785857107,5.583346500
319,5.583288328356,5.600604100
320,5.600790799605,5.618679300
321,5.618293270853,5.635893000
322,5.635795742102,5.654104100
323,5.653298213351,5.670653200
324,5.670800684600,5.688278000
325,5.688303155848,5.706104400
326,5.705805627097,5.723222700
327,5.723308098346,5.740516800
328,5.740810569595,5.758472900
329,5.758313040843,5.776402600
330,5.775815512092,5.795755700
331,5.793317983341,5.812296700
332,5.810820454590,5.829191000
333,5.828322925839,5.845660300
334,5.845825397087,5.863258100
335,5.863327868336,5.881025100
336,5.880830339585,5.898399800
337,5.898332810834,5.915640900
338,5.915835282082,5.933307500
339,5.933337753331,5.950856200
340,5.950840224580,5.968796200
341,5.968342695829,5.985770500
342,5.985845167077,6.003383100
343,6.003347638326,6.020705600
344,6.020850109575,6.038494600
345,6.038352580824,6.055706700
346,6.055855052072,6.073794200
347,6.073357523321,6.091726600
348,6.090859994570,6.108943700
349,6.108362465819,6.126648500
350,6.125864937068,6.145956600
351,6.143367408316,6.162247300
352,6.160869879565,6.179342300
353,6.178372350814,6.196191400
354,6.195874822063,6.213627300
355,6.213377293311,6.231943400
356,6.230879764560,6.249649700
357,6.248382235809,6.265997600
358,6.265884707058,6.283898100
359,6.283387178306,6.301261300
360,6.300889649555,6.318709100
361,6.318392120804,6.335706500
362,6.335894592053,6.353160900
363,6.353397063301,6.370857200
364,6.370899534550,6.388817100
365,6.388402005799,6.406097500
366,6.405904477048,6.423766600
367,6.423406948297,6.440767900
368,6.440909419545,6.458398800
369,6.458411890794,6.476375000
370,6.475914362043,6.495561000
371,6.493416833292,6.513746600
372,6.510919304540,6.529520300
373,6.528421775789,6.546620600
374,6.545924247038,6.563223500
375,6.563426718287,6.581044300
376,6.580929189535,6.598313400
377,6.598431660784,6.616338900
378,6.615934132033,6.634669100
379,6.633436603282,6.650759000
380,6.650939074530,6.668552800
381,6.668441545779,6.686753100
382,6.685944017028,6.703522400
383,6.703446488277,6.722979900
384,6.720948959526,6.738628600
385,6.738451430774,6.756513300
386,6.755953902023,6.773404600
387,6.773456373272,6.791258300
388,6.790958844521,6.809237800
389,6.808461315769,6.826864700
390,6.825963787018,6.845916300
391,6.843466258267,6.862679100
392,6.860968729516,6.879412700
393,6.878471200764,6.896246700
394,6.895973672013,6.914014800
395,6.913476143262,6.931386900
396,6.930978614511,6.948486600
397,6.948481085759,6.967184500
398,6.965983557008,6.984385500
399,6.983486028257,7.001062000
400,7.000988499506,7.018652800
401,7.018490970755,7.036061100
402,7.035993442003,7.053386100
403,7.053495913252,7.070944800
404,7.070998384501,7.088612500
405,7.088500855750,7.106647600
406,7.106003326998,7.124062100
407,7.123505798247,7.141171800
408,7.141008269496,7.159326000
409,7.158510740745,7.176486800
410,7.176013211993,7.195844600
411,7.193515683242,7.212602100
412,7.211018154491,7.229316600
413,7.228520625740,7.246351900
414,7.246023096988,7.263606700
415,7.263525568237,7.281128600
416,7.281028039486,7.299111600
417,7.298530510735,7.315718300
418,7.316032981984,7.333500300
419,7.333535453232,7.351356400
420,7.351037924481,7.368345800
421,7.368540395730,7.386193400
422,7.386042866979,7.404274200
423,7.403545338227,7.421467500
424,7.421047809476,7.439010000
425,7.438550280725,7.456792500
426,7.456052751974,7.474954300
427,7.473555223222,7.492142300
428,7.491057694471,7.509484800
429,7.508560165720,7.529883200
430,7.526062636969,7.547386800
431,7.543565108217,7.563709400
432,7.561067579466,7.579593700
433,7.578570050715,7.597781000
434,7.596072521964,7.614838400
435,7.613574993212,7.631835100
436,7.631077464461,7.649507800
437,7.648579935710,7.666983700
438,7.666082406959,7.683804400
439,7.683584878208,7.701203700
440,7.701087349456,7.718455600
441,7.718589820705,7.736066400
442,7.736092291954,7.753356400
443,7.753594763203,7.771507400
444,7.771097234451,7.788512600
445,7.788599705700,7.805820000
446,7.806102176949,7.823277500
447,7.823604648198,7.840932300
448,7.841107119446,7.858528900
449,7.858609590695,7.876752300
450,7.876112061944,7.895816700
451,7.893614533193,7.912140500
452,7.911117004441,7.929225700
453,7.928619475690,7.945994200
454,7.946121946939,7.964482200
455,7.963624418188,7.981067900
456,7.981126889437,7.999117900
457,7.998629360685,8.015973200
458,8.016131831934,8.033556900
459,8.033634303183,8.052336600
460,8.051136774432,8.068781900
461,8.068639245680,8.086391300
462,8.086141716929,8.103519400
463,8.103644188178,8.121729400
464,8.121146659427,8.139005800
465,8.138649130675,8.156120000
466,8.156151601924,8.173673700
467,8.173654073173,8.191612200
468,8.191156544422,8.209362800
469,8.208659015670,8.226840600
470,8.226161486919,8.245692900
471,8.243663958168,8.262387800
472,8.261166429417,8.279214800
473,8.278668900666,8.295968400
474,8.296171371914,8.313676600
475,8.313673843163,8.331226200
476,8.331176314412,8.348547400
477,8.348678785661,8.366355800
478,8.366181256909,8.383433900
479,8.383683728158,8.401375500
480,8.401186199407,8.418592500
481,8.418688670656,8.435854500
482,8.436191141904,8.453346700
483,8.453693613153,8.471223000
484,8.471196084402,8.488458400
485,8.488698555651,8.506419400
486,8.506201026899,8.523459900
487,8.523703498148,8.541143000
488,8.541205969397,8.559405900
489,8.558708440646,8.577478200
490,8.576210911895,8.596451400
491,8.593713383143,8.613569900
492,8.611215854392,8.629363100
493,8.628718325641,8.646216800
494,8.646220796890,8.663565000
495,8.663723268138,8.680499900
496,8.681225739387,8.699712700
497,8.698728210636,8.715132700
498,8.716230681885,8.732551700
499,8.733733153133,8.750046300
500,8.751235624382,8.767824300
501,8.768738095631,8.785356900
502,8.786240566880,8.802488400
503,8.803743038128,8.820213100
504,8.821245509377,8.837925000
505,8.838747980626,8.855471900
506,8.856250451875,8.872516700
507,8.873752923124,8.890306400
508,8.891255394372,8.908883200
509,8.908757865621,8.925755100
510,8.926260336870,8.944320800
511,8.943762808119,8.961333800
512,8.961265279367,8.978464900
513,8.978767750616,8.994954300
514,8.996270221865,9.012772300
515,9.013772693114,9.030225200
516,9.031275164362,9.048152600
517,9.048777635611,9.065640900
518,9.066280106860,9.082530800
519,9.083782578109,9.100105100
520,9.101285049357,9.117529200
521,9.118787520606,9.135375300
522,9.136289991855,9.153132300
523,9.153792463104,9.170124400
524,9.171294934353,9.187687800
525,9.188797405601,9.205461700
526,9.206299876850,9.223106300
527,9.223802348099,9.240684300
528,9.241304819348,9.258593700
529,9.258807290596,9.275935700
530,9.276309761845,9.295255500
531,9.293812233094,9.311576400
532,9.311314704343,9.327977100
533,9.328817175591,9.345979700
534,9.346319646840,9.362851700
535,9.363822118089,9.380286800
536,9.381324589338,9.397819400
537,9.398827060586,9.415358700
538,9.416329531835,9.432962200
539,9.433832003084,9.450336400
540,9.451334474333,9.467551300
541,9.468836945582,9.485244600
542,9.486339416830,9.502559300
543,9.503841888079,9.520098500
544,9.521344359328,9.537485400
545,9.538846830577,9.555388700
546,9.556349301825,9.572857600
547,9.573851773074,9.590256000
548,9.591354244323,9.608218200
549,9.608856715572,9.625892200
550,9.626359186820,9.644871400
551,9.643861658069,9.662910900
552,9.661364129318,9.678380100
553,9.678866600567,9.695165700
554,9.696369071815,9.712806500
555,9.713871543064,9.730057100
556,9.731374014313,9.747653000
557,9.748876485562,9.765372400
558,9.766378956811,9.783228600
559,9.783881428059,9.801890400
560,9.801383899308,9.818349800
561,9.818886370557,9.835438200
562,9.836388841806,9.854404600
563,9.853891313054,9.870090800
564,9.871393784303,9.887745800
565,9.888896255552,9.905233700
566,9.906398726801,9.922831900
567,9.923901198049,9.940285900
568,9.941403669298,9.958266800
569,9.958906140547,9.975669900
570,9.976408611796,9.994655100
571,9.993911083044,10.011245700
572,10.011413554293,10.028138200
573,10.028916025542,10.045273500
574,10.046418496791,10.062908000
575,10.063920968040,10.080257000
576,10.081423439288,10.098282900
577,10.098925910537,10.115204900
578,10.116428381786,10.132550200
579,10.133930853035,10.150477400
580,10.151433324283,10.168565600
581,10.168935795532,10.185312700
582,10.186438266781,10.202621500
583,10.203940738030,10.220583200
584,10.221443209278,10.238661400
585,10.238945680527,10.255861400
586,10.256448151776,10.272771200
587,10.273950623025,10.291216400
588,10.291453094273,10.308340800
589,10.308955565522,10.327864800
590,10.326458036771,10.344658700
591,10.343960508020,10.361244400
592,10.361462979269,10.378710800
593,10.378965450517,10.396004100
594,10.396467921766,10.412558000
595,10.413970393015,10.430204600
596,10.431472864264,10.447715600
597,10.448975335512,10.465231400
598,10.466477806761,10.482740100
599,10.483980278010,10.500543100
600,10.501482749259,10.517946000
601,10.518985220507,10.536122900
602,10.536487691756,10.552890400
603,10.553990163005,10.570364400
604,10.571492634254,10.588383900
605,10.588995105502,10.605702700
606,10.606497576751,10.623880100
607,10.624000048000,10.641692900
608,10.641502519249,10.659807200
609,10.659004990498,10.677663500
610,10.676507461746,10.695970200
611,10.694009932995,10.711572600
612,10.711512404244,10.727741400
613,10.729014875493,10.745707900
614,10.746517346741,10.763362700
615,10.764019817990,10.780315600
616,10.781522289239,10.798351000
617,10.799024760488,10.815582300
618,10.816527231736,10.832940600
619,10.834029702985,10.850329300
620,10.851532174234,10.867902600
621,10.869034645483,10.885278200
622,10.886537116731,10.903312800
623,10.904039587980,10.920691100
624,10.921542059229,10.938838400
625,10.939044530478,10.956046900
626,10.956547001726,10.973645700
627,10.974049472975,10.990814800
628,10.991551944224,11.009392800
629,11.009054415473,11.028508300
630,11.026556886722,11.045480000
631,11.044059357970,11.062052600
632,11.061561829219,11.079709000
633,11.079064300468,11.096648900
634,11.096566771717,11.113600300
635,11.114069242965,11.130661900
636,11.131571714214,11.147975100
637,11.149074185463,11.165581400
638,11.166576656712,11.182891800
639,11.184079127960,11.200997300
640,11.201581599209,11.218619500
641,11.219084070458,11.235745300
642,11.236586541707,11.253343000
643,11.254089012955,11.270855800
644,11.271591484204,11.288324800
645,11.289093955453,11.305906100
646,11.306596426702,11.323244500
647,11.324098897951,11.341248300
648,11.341601369199,11.358907400
649,11.359103840448,11.378013900
650,11.376606311697,11.395446900
651,11.394108782946,11.411759100
652,11.411611254194,11.428407700
653,11.429113725443,11.445641900
654,11.446616196692,11.463250600
655,11.464118667941,11.480505500
656,11.481621139189,11.498296900
657,11.499123610438,11.515485200
658,11.516626081687,11.533266600
659,11.534128552936,11.550294100
660,11.551631024184,11.567762300
661,11.569133495433,11.585760500
662,11.586635966682,11.603755400
663,11.604138437931,11.620961100
664,11.621640909180,11.640447200
665,11.639143380428,11.660195500
666,11.656645851677,11.676140600
667,11.674148322926,11.692426600
668,11.691650794175,11.709584500
669,11.709153265423,11.727831100
670,11.726655736672,11.744125500
671,11.744158207921,11.761945300
672,11.761660679170,11.779902600
673,11.779163150418,11.797660500
674,11.796665621667,11.816386500
675,11.814168092916,11.833303700
676,11.831670564165,11.850129500
677,11.849173035413,11.866872100
678,11.866675506662,11.884280800
679,11.884177977911,11.901480800
680,11.901680449160,11.919402600
681,11.919182920409,11.936478400
682,11.936685391657,11.953944200
683,11.954187862906,11.971630500
684,11.971690334155,11.989381500
685,11.989192805404,12.006786700
686,12.006695276652,12.024613900
687,12.024197747901,12.042035100
688,12.041700219150,12.059446700
689,12.059202690399,12.076648400
690,12.076705161647,12.094509900
691,12.094207632896,12.111842000
692,12.111710104145,12.130280300
693,12.129212575394,12.150213500
694,12.146715046642,12.166884100
695,12.164217517891,12.183325500
696,12.181719989140,12.200668700
697,12.199222460389,12.218950200
698,12.216724931638,12.234667100
699,12.234227402886,12.252122800
700,12.251729874135,12.269650100
701,12.269232345384,12.286929400
702,12.286734816633,12.304368200
703,12.304237287881,12.321639100
704,12.321739759130,12.339178600
705,12.339242230379,12.356801500
706,12.356744701628,12.374892300
707,12.374247172876,12.392281600
708,12.391749644125,12.409449200
709,12.409252115374,12.427222800
710,12.426754586623,12.445319200
711,12.444257057871,12.462337100
712,12.461759529120,12.479493600
713,12.479262000369,12.496997200
714,12.496764471618,12.514681200
715,12.514266942867,12.531950200
716,12.531769414115,12.549988500
717,12.549271885364,12.566750900
718,12.566774356613,12.584627700
719,12.584276827862,12.602219100
720,12.601779299110,12.619178600
721,12.619281770359,12.636920800
722,12.636784241608,12.655465700
723,12.654286712857,12.671804700
724,12.671789184105,12.690146800
725,12.689291655354,12.707114800
726,12.706794126603,12.724617200
727,12.724296597852,12.741753700
728,12.741799069100,12.760137200
729,12.759301540349,12.777133400
730,12.776804011598,12.794389000
731,12.794306482847,12.812085600
732,12.811808954096,12.829844000
733,12.829311425344,12.846974800
734,12.846813896593,12.864682100
735,12.864316367842,12.882042300
736,12.881818839091,12.899599200
737,12.899321310339,12.917007200
738,12.916823781588,12.934484000
739,12.934326252837,12.952516400
740,12.951828724086,12.969655800
741,12.969331195334,12.986874600
742,12.986833666583,13.004590000
743,13.004336137832,13.021638500
744,13.021838609081,13.039712900
745,13.039341080329,13.056755500
746,13.056843551578,13.074310000
747,13.074346022827,13.091970200
748,13.091848494076,13.109766400
749,13.109350965325,13.126803000
750,13.126853436573,13.144966500
751,13.144355907822,13.162633600
752,13.161858379071,13.179441800
753,13.179360850320,13.197501900
754,13.196863321568,13.214199400
755,13.214365792817,13.231920100
756,13.231868264066,13.250192900
757,13.249370735315,13.266864200
758,13.266873206563,13.284804300
759,13.284375677812,13.302196800
760,13.301878149061,13.319244000
761,13.319380620310,13.337415500
762,13.336883091558,13.355272500
763,13.354385562807,13.372554800
764,13.371888034056,13.390196700
765,13.389390505305,13.407174900
766,13.406892976554,13.425077700
767,13.424395447802,13.441844500
768,13.441897919051,13.459725100
769,13.459400390300,13.477023000
770,13.476902861549,13.494503500
771,13.494405332797,13.512043000
772,13.511907804046,13.529757400
773,13.529410275295,13.546676000
774,13.546912746544,13.564535700
775,13.564415217792,13.581659800
776,13.581917689041,13.599589900
777,13.599420160290,13.617544100
778,13.616922631539,13.634810100
779,13.634425102787,13.652054900
780,13.651927574036,13.669866700
781,13.669430045285,13.686902800
782,13.686932516534,13.704601200
783,13.704434987783,13.722331100
784,13.721937459031,13.739283600
785,13.739439930280,13.756820600
786,13.756942401529,13.774363700
787,13.774444872778,13.792668700
788,13.791947344026,13.809530400
789,13.809449815275,13.827381200
790,13.826952286524,13.844982800
791,13.844454757773,13.862123100
792,13.861957229021,13.880049500
793,13.879459700270,13.897184800
794,13.896962171519,13.914897300
795,13.914464642768,13.932067400
796,13.931967114016,13.949632800
797,13.949469585265,13.969984100
798,13.966972056514,13.985507300
799,13.984474527763,14.002099500
800,14.001976999011,14.019569500
801,14.019479470260,14.037496900
802,14.036981941509,14.054645500
803,14.054484412758,14.072550800
804,14.071986884007,14.089900800
805,14.089489355255,14.107381800
806,14.106991826504,14.124891100
807,14.124494297753,14.142970400
808,14.141996769002,14.162308800
809,14.159499240250,14.180290100
810,14.177001711499,14.195905000
811,14.194504182748,14.212609500
812,14.212006653997,14.230136800
813,14.229509125245,14.247392000
814,14.247011596494,14.264758700
815,14.264514067743,14.282822300
816,14.282016538992,14.299655800
817,14.299519010240,14.317120500
818,14.317021481489,14.334664000
819,14.334523952738,14.352262800
820,14.352026423987,14.370688200
821,14.369528895236,14.386938100
822,14.387031366484,14.404852600
823,14.404533837733,14.421761700
824,14.422036308982,14.440303300
825,14.439538780231,14.457127100
826,14.457041251479,14.474843500
827,14.474543722728,14.493310900
828,14.492046193977,14.509741900
829,14.509548665226,14.529546900
830,14.527051136474,14.547599400
831,14.544553607723,14.564330300
832,14.562056078972,14.581027800
833,14.579558550221,14.598018400
834,14.597061021469,14.615676200
835,14.614563492718,14.632270800
836,14.632065963967,14.649874000
837,14.649568435216,14.667695900
838,14.667070906465,14.684971600
839,14.684573377713,14.702846300
840,14.702075848962,14.719671200
841,14.719578320211,14.737289000
842,14.737080791460,14.754702000
843,14.754583262708,14.771891100
844,14.772085733957,14.789765700
845,14.789588205206,14.807085200
846,14.807090676455,14.824986400
847,14.824593147703,14.842129700
848,14.842095618952,14.860655700
849,14.859598090201,14.877153200
850,14.877100561450,14.895294100
851,14.894603032698,14.912240700
852,14.912105503947,14.930009900
853,14.929607975196,14.947308500
854,14.947110446445,14.965283600
855,14.964612917694,14.982918400
856,14.982115388942,14.999589900
857,14.999617860191,15.017324400
858,15.017120331440,15.035633400
859,15.034622802689,15.052605000
860,15.052125273937,15.069868500
861,15.069627745186,15.087491800
862,15.087130216435,15.104548500
863,15.104632687684,15.122301100
864,15.122135158932,15.140607600
865,15.139637630181,15.157221500
866,15.157140101430,15.175102800
867,15.174642572679,15.192595600
868,15.192145043927,15.210467800
869,15.209647515176,15.227471600
870,15.227149986425,15.244543700
871,15.244652457674,15.262194300
872,15.262154928923,15.280032500
873,15.279657400171,15.298061800
874,15.297159871420,15.314946900
875,15.314662342669,15.332616000
876,15.332164813918,15.349734100
877,15.349667285166,15.367304400
878,15.367169756415,15.385617200
879,15.384672227664,15.402310500
880,15.402174698913,15.419868200
881,15.419677170161,15.437042500
882,15.437179641410,15.454800000
883,15.454682112659,15.472251800
884,15.472184583908,15.489938500
885,15.489687055156,15.507670900
886,15.507189526405,15.524788400
887,15.524691997654,15.543570800
888,15.542194468903,15.560533300
889,15.559696940152,15.579043300
890,15.577199411400,15.597577200
891,15.594701882649,15.614749100
892,15.612204353898,15.630589900
893,15.629706825147,15.647607700
894,15.647209296395,15.664850400
895,15.664711767644,15.682953400
896,15.682214238893,15.700443900
897,15.699716710142,15.717825100
898,15.717219181390,15.736234000
899,15.734721652639,15.753779100
900,15.752224123888,15.770315500
901,15.769726595137,15.788636000
902,15.787229066385,15.805270900
903,15.804731537634,15.822708900
904,15.822234008883,15.839755200
905,15.839736480132,15.857437200
906,15.857238951381,15.875666300
907,15.874741422629,15.892185400
908,15.892243893878,15.909779400
909,15.909746365127,15.927103400
910,15.927248836376,15.944571300
911,15.944751307624,15.962452000
912,15.962253778873,15.980644000
913,15.979756250122,15.997387300
914,15.997258721371,16.014611200
915,16.014761192619,16.032335700
916,16.032263663868,16.050527300
917,16.049766135117,16.067231900
918,16.067268606366,16.084712500
919,16.084771077614,16.102363300
920,16.102273548863,16.120271300
921,16.119776020112,16.137169400
922,16.137278491361,16.154957600
923,16.154780962610,16.172153900
924,16.172283433858,16.189684700
925,16.189785905107,16.207179300
926,16.207288376356,16.224746900
927,16.224790847605,16.242913600
928,16.242293318853,16.259792700
929,16.259795790102,16.276993200
930,16.277298261351,16.294900100
931,16.294800732600,16.312672600
932,16.312303203848,16.330420800
933,16.329805675097,16.347323900
934,16.347308146346,16.364885100
935,16.364810617595,16.382188200
936,16.382313088843,16.399761100
937,16.399815560092,16.417580000
938,16.417318031341,16.435192300
939,16.434820502590,16.452133400
940,16.452322973839,16.470056900
941,16.469825445087,16.487566300
942,16.487327916336,16.504815900
943,16.504830387585,16.522143100
944,16.522332858834,16.540287300
945,16.539835330082,16.557363200
946,16.557337801331,16.574670100
947,16.574840272580,16.592675800
948,16.592342743829,16.609866700
949,16.609845215077,16.627595900
950,16.627347686326,16.644674800
951,16.644850157575,16.662643700
952,16.662352628824,16.680355900
953,16.679855100072,16.697536100
954,16.697357571321,16.716404300
955,16.714860042570,16.732821100
956,16.732362513819,16.749953000
957,16.749864985068,16.767382800
958,16.767367456316,16.785312600
959,16.784869927565,16.802718600
960,16.802372398814,16.820121500
961,16.819874870063,16.837316600
962,16.837377341311,16.855094100
963,16.854879812560,16.872872300
964,16.872382283809,16.890384300
965,16.889884755058,16.908174400
966,16.907387226306,16.925814500
967,16.924889697555,16.943667000
968,16.942392168804,16.960931200
969,16.959894640053,16.978681400
970,16.977397111301,16.996198100
971,16.994899582550,17.012707200
972,17.012402053799,17.030219100
973,17.029904525048,17.047673600
974,17.047406996296,17.064850500
975,17.064909467545,17.082263600
976,17.082411938794,17.099787100
977,17.099914410043,17.117563400
978,17.117416881292,17.134935600
979,17.134919352540,17.153023100
980,17.152421823789,17.170323600
981,17.169924295038,17.187762600
982,17.187426766287,17.204907000
983,17.204929237535,17.222467500
984,17.222431708784,17.240783300
985,17.239934180033,17.257625500
986,17.257436651282,17.275140200
987,17.274939122530,17.292557400
988,17.292441593779,17.310171900
989,17.309944065028,17.327784600
990,17.327446536277,17.345705700
991,17.344949007525,17.363017800
992,17.362451478774,17.380137700
993,17.379953950023,17.397782400
994,17.397456421272,17.415269000
995,17.414958892521,17.432606100
996,17.432461363769,17.450074700
997,17.449963835018,17.467615700
998,17.467466306267,17.485410700
999,17.484968777516,17.502575900
1000,17.502471248764,17.519945200
1001,17.519973720013,17.537714900
1002,17.537476191262,17.555449100
1003,17.554978662511,17.572748700
1004,17.572481133759,17.590100500
1005,17.589983605008,17.607682200
1006,17.607486076257,17.625091900
1007,17.624988547506,17.642661700
1008,17.642491018754,17.660373600
1009,17.659993490003,17.677892900
1010,17.677495961252,17.695373800
1011,17.694998432501,17.712935600
1012,17.712500903750,17.730286100
1013,17.730003374998,17.747800100
1014,17.747505846247,17.765281900
1015,17.765008317496,17.782615200
1016,17.782510788745,17.800189600
1017,17.800013259993,17.817574000
1018,17.817515731242,17.836280600
1019,17.835018202491,17.853190800
1020,17.852520673740,17.870307500
1021,17.870023144988,17.887510900
1022,17.887525616237,17.905182200
1023,17.905028087486,17.922697500
1024,17.922530558735,17.940043300
1025,17.940033029983,17.957964100
1026,17.957535501232,17.975148900
1027,17.975037972481,17.992927800
1028,17.992540443730,18.010310600
1029,18.010042914979,18.028201900
1030,18.027545386227,18.045113800
1031,18.045047857476,18.062688100
1032,18.062550328725,18.080121400
1033,18.080052799974,18.097983000
1034,18.097555271222,18.115254200
1035,18.115057742471,18.132812800
1036,18.132560213720,18.150349400
1037,18.150062684969,18.168274900
1038,18.167565156217,18.184975000
1039,18.185067627466,18.202584700
1040,18.202570098715,18.220254900
1041,18.220072569964,18.237931100
1042,18.237575041212,18.256152900
1043,18.255077512461,18.272666900
1044,18.272579983710,18.290359300
1045,18.290082454959,18.307550400
1046,18.307584926208,18.324954800
1047,18.325087397456,18.342432500
1048,18.342589868705,18.361555400
1049,18.360092339954,18.378473300
1050,18.377594811203,18.397518100
1051,18.395097282451,18.414634500
1052,18.412599753700,18.430774600
1053,18.430102224949,18.447695500
1054,18.447604696198,18.465040400
1055,18.465107167446,18.482499700
1056,18.482609638695,18.500538200
1057,18.500112109944,18.517853500
1058,18.517614581193,18.535271200
1059,18.535117052441,18.553147700
1060,18.552619523690,18.570084300
1061,18.570121994939,18.588322200
1062,18.587624466188,18.604866900
1063,18.605126937437,18.623229200
1064,18.622629408685,18.640379200
1065,18.640131879934,18.658098600
1066,18.657634351183,18.675360700
1067,18.675136822432,18.693285000
1068,18.692639293680,18.710245500
1069,18.710141764929,18.727916700
1070,18.727644236178,18.745911700
1071,18.745146707427,18.763205100
1072,18.762649178675,18.780685700
1073,18.780151649924,18.797974000
1074,18.797654121173,18.815470000
1075,18.815156592422,18.832763100
1076,18.832659063670,18.850210200
1077,18.850161534919,18.867547900
1078,18.867664006168,18.885808600
1079,18.885166477417,18.902992800
1080,18.902668948666,18.920427500
1081,18.920171419914,18.937825900
1082,18.937673891163,18.955281200
1083,18.955176362412,18.972644700
1084,18.972678833661,18.990673200
1085,18.990181304909,19.007932600
1086,19.007683776158,19.025659700
1087,19.025186247407,19.042788400
1088,19.042688718656,19.060348800
1089,19.060191189904,19.078446700
1090,19.077693661153,19.095489800
1091,19.095196132402,19.112888000
1092,19.112698603651,19.130550000
1093,19.130201074899,19.147606000
1094,19.147703546148,19.165379500
1095,19.165206017397,19.183260800
1096,19.182708488646,19.200203100
1097,19.200210959895,19.217711800
1098,19.217713431143,19.236690300
1099,19.235215902392,19.254675700
1100,19.252718373641,19.272043900
1101,19.270220844890,19.288547300
1102,19.287723316138,19.306592100
1103,19.305225787387,19.323883500
1104,19.322728258636,19.341623600
1105,19.340230729885,19.360205500
1106,19.357733201133,19.377747700
1107,19.375235672382,19.393898900
1108,19.392738143631,19.411254100
1109,19.410240614880,19.428406200
1110,19.427743086128,19.445248100
1111,19.445245557377,19.462631300
1112,19.462748028626,19.479887600
1113,19.480250499875,19.498187800
1114,19.497752971124,19.515243800
1115,19.515255442372,19.532741400
1116,19.532757913621,19.550046900
1117,19.550260384870,19.567825900
1118,19.567762856119,19.585419300
1119,19.585265327367,19.602829500
1120,19.602767798616,19.620344000
1121,19.620270269865,19.637871800
1122,19.637772741114,19.655302300
1123,19.655275212362,19.673061800
1124,19.672777683611,19.690231300
1125,19.690280154860,19.707918400
1126,19.707782626109,19.725101900
1127,19.725285097357,19.743045000
1128,19.742787568606,19.760518500
1129,19.760290039855,19.777844600
1130,19.777792511104,19.795363000
1131,19.795294982353,19.812987100
1132,19.812797453601,19.830298800
1133,19.830299924850,19.848405000
1134,19.847802396099,19.866246200
1135,19.865304867348,19.882696600
1136,19.882807338596,19.900574400
1137,19.900309809845,19.917789800
1138,19.917812281094,19.935678000
1139,19.935314752343,19.952738400
1140,19.952817223591,19.970126200
1141,19.970319694840,19.987967500
1142,19.987822166089,20.005175400
1143,20.005324637338,20.022748700
1144,20.022827108586,20.040062300
1145,20.040329579835,20.058004900
1146,20.057832051084,20.075911700
1147,20.075334522333,20.092834400
1148,20.092836993581,20.110880500
1149,20.110339464830,20.127711300
1150,20.127841936079,20.145967600
1151,20.145344407328,20.162919900
1152,20.162846878577,20.179653100
1153,20.180349349825,20.197406100
1154,20.197851821074,20.214853700
1155,20.215354292323,20.232104000
1156,20.232856763572,20.250062600
1157,20.250359234820,20.267113600
1158,20.267861706069,20.285072100
1159,20.285364177318,20.304334200
1160,20.302866648567,20.321062800
1161,20.320369119815,20.338883900
1162,20.337871591064,20.356205900
1163,20.355374062313,20.373999100
1164,20.372876533562,20.392201900
1165,20.390379004810,20.409439500
1166,20.407881476059,20.426370600
1167,20.425383947308,20.443958900
1168,20.442886418557,20.461729400
1169,20.460388889806,20.478724500
1170,20.477891361054,20.496371400
1171,20.495393832303,20.514135700
1172,20.512896303552,20.531344600
1173,20.530398774801,20.548729400
1174,20.547901246049,20.566117800
1175,20.565403717298,20.583598900
1176,20.582906188547,20.601126100
1177,20.600408659796,20.618606700
1178,20.617911131044,20.636065300
1179,20.635413602293,20.655087600
1180,20.652916073542,20.671508400
1181,20.670418544791,20.689306600
1182,20.687921016039,20.706606200
1183,20.705423487288,20.724468900
1184,20.722925958537,20.741226900
1185,20.740428429786,20.758615900
1186,20.757930901035,20.775996500
1187,20.775433372283,20.793986900
1188,20.792935843532,20.811405100
1189,20.810438314781,20.828990500
1190,20.827940786030,20.846048100
1191,20.845443257278,20.863805700
1192,20.862945728527,20.881155700
1193,20.880448199776,20.898767200
1194,20.897950671025,20.916174300
1195,20.915453142273,20.933807700
1196,20.932955613522,20.951668000
1197,20.950458084771,20.968860500
1198,20.967960556020,20.986358200
1199,20.985463027268,21.004028800
1200,21.002965498517,21.021289400
1201,21.020467969766,21.038861600
1202,21.037970441015,21.056418200
1203,21.055472912264,21.073996400
1204,21.072975383512,21.091308700
1205,21.090477854761,21.108801600
1206,21.107980326010,21.126288800
1207,21.125482797259,21.143914600
1208,21.142985268507,21.161180100
1209,21.160487739756,21.178878200
1210,21.177990211005,21.197198600
1211,21.195492682254,21.213783100
1212,21.212995153502,21.231462600
1213,21.230497624751,21.249141900
1214,21.248000096000,21.266271400
1215,21.265502567249,21.283877200
1216,21.283005038497,21.301301800
1217,21.300507509746,21.318948300
1218,21.318009980995,21.337098500
1219,21.335512452244,21.353723700
1220,21.353014923493,21.371408100
1221,21.370517394741,21.389361900
1222,21.388019865990,21.406322400
1223,21.405522337239,21.423818600
1224,21.423024808488,21.441749200
1225,21.440527279736,21.458876600
1226,21.458029750985,21.476068100
1227,21.475532222234,21.493896900
1228,21.493034693483,21.511467400
1229,21.510537164731,21.528580800
1230,21.528039635980,21.546303200
1231,21.545542107229,21.563908200
1232,21.563044578478,21.581412200
1233,21.580547049726,21.598811200
1234,21.598049520975,21.617361900
1235,21.615551992224,21.634472400
1236,21.633054463473,21.651843500
1237,21.650556934722,21.669674100
1238,21.668059405970,21.686555000
1239,21.685561877219,21.704326300
1240,21.703064348468,21.721267900
1241,21.720566819717,21.738775200
1242,21.738069290965,21.756270800
1243,21.755571762214,21.773809300
1244,21.773074233463,21.791411200
1245,21.790576704712,21.809046700
1246,21.808079175960,21.826486900
1247,21.825581647209,21.844206600
1248,21.843084118458,21.861223900
1249,21.860586589707,21.878974700
1250,21.878089060955,21.896672400
1251,21.895591532204,21.914257400
1252,21.913094003453,21.931496500
1253,21.930596474702,21.949071200
1254,21.948098945951,21.967452400
1255,21.965601417199,21.984186500
1256,21.983103888448,22.001804600
1257,22.000606359697,22.019250700
1258,22.018108830946,22.036357000
1259,22.035611302194,22.054096700
1260,22.053113773443,22.071963700
1261,22.070616244692,22.088889900
1262,22.088118715941,22.106702200
1263,22.105621187189,22.124934000
1264,22.123123658438,22.141792900
1265,22.140626129687,22.159585000
1266,22.158128600936,22.176281900
1267,22.175631072184,22.193772300
1268,22.193133543433,22.211907800
1269,22.210636014682,22.228981000
1270,22.228138485931,22.247237500
1271,22.245640957180,22.264121700
1272,22.263143428428,22.281813400
1273,22.280645899677,22.298816400
1274,22.298148370926,22.316268800
1275,22.315650842175,22.333876600
1276,22.333153313423,22.351605600
1277,22.350655784672,22.369233300
1278,22.368158255921,22.386519500
1279,22.385660727170,22.403822100
1280,22.403163198418,22.421480300
1281,22.420665669667,22.439087700
1282,22.438168140916,22.456150300
1283,22.455670612165,22.474444500
1284,22.473173083413,22.491687100
1285,22.490675554662,22.508848300
1286,22.508178025911,22.526336400
1287,22.525680497160,22.544319500
1288,22.543182968409,22.561923300
1289,22.560685439657,22.578947500
1290,22.578187910906,22.596524800
1291,22.595690382155,22.614155800
1292,22.613192853404,22.632567900
1293,22.630695324652,22.649244600
1294,22.648197795901,22.666770900
1295,22.665700267150,22.684558300
1296,22.683202738399,22.704118000
1297,22.700705209647,22.720777900
1298,22.718207680896,22.736558100
1299,22.735710152145,22.754057500
1300,22.753212623394,22.771580600
1301,22.770715094642,22.789405500
1302,22.788217565891,22.807947700
1303,22.805720037140,22.824299100
1304,22.823222508389,22.842112800
1305,22.840724979638,22.859538500
1306,22.858227450886,22.878083600
1307,22.875729922135,22.895072400
1308,22.893232393384,22.911686000
1309,22.910734864633,22.928962000
1310,22.928237335881,22.946386200
1311,22.945739807130,22.964027500
1312,22.963242278379,22.981729700
1313,22.980744749628,22.999619500
1314,22.998247220876,23.016939000
1315,23.015749692125,23.034284900
1316,23.033252163374,23.051596600
1317,23.050754634623,23.068983800
1318,23.068257105871,23.086656500
1319,23.085759577120,23.104879800
1320,23.103262048369,23.121978700
1321,23.120764519618,23.139345400
1322,23.138266990867,23.156616100
1323,23.155769462115,23.174597700
1324,23.173271933364,23.191715700
1325,23.190774404613,23.209275700
1326,23.208276875862,23.227054600
1327,23.225779347110,23.244309800
1328,23.243281818359,23.261709000
1329,23.260784289608,23.279488800
1330,23.278286760857,23.297583800
1331,23.295789232105,23.316667700
1332,23.313291703354,23.333384600
1333,23.330794174603,23.350224200
1334,23.348296645852,23.367279000
1335,23.365799117100,23.384478200
1336,23.383301588349,23.401809800
1337,23.400804059598,23.418982200
1338,23.418306530847,23.436749100
1339,23.435809002095,23.454629800
1340,23.453311473344,23.471710100
1341,23.470813944593,23.489402200
1342,23.488316415842,23.507990100
1343,23.505818887091,23.524428900
1344,23.523321358339,23.541687600
1345,23.540823829588,23.559123400
1346,23.558326300837,23.576538900
1347,23.575828772086,23.594684900
1348,23.593331243334,23.612078400
1349,23.610833714583,23.629014900
1350,23.628336185832,23.646830800
1351,23.645838657081,23.664815500
1352,23.663341128329,23.681746000
1353,23.680843599578,23.700538500
1354,23.698346070827,23.717333400
1355,23.715848542076,23.734091900
1356,23.733351013324,23.751690500
1357,23.750853484573,23.769044900
1358,23.768355955822,23.786447400
1359,23.785858427071,23.804382000
1360,23.803360898320,23.822094900
1361,23.820863369568,23.839564000
1362,23.838365840817,23.857421400
1363,23.855868312066,23.874706400
1364,23.873370783315,23.892158700
1365,23.890873254563,23.909394200
1366,23.908375725812,23.926769700
1367,23.925878197061,23.944592800
1368,23.943380668310,23.961793100
1369,23.960883139558,23.979840600
1370,23.978385610807,23.997680200
1371,23.995888082056,24.014881400
1372,24.013390553305,24.032621200
1373,24.030893024553,24.049823900
1374,24.048395495802,24.066677300
1375,24.065897967051,24.084063900
1376,24.083400438300,24.101571200
1377,24.100902909549,24.119266300
1378,24.118405380797,24.136786400
1379,24.135907852046,24.154322800
1380,24.153410323295,24.171394600
1381,24.170912794544,24.189627900
1382,24.188415265792,24.206484900
1383,24.205917737041,24.224105000
1384,24.223420208290,24.242271900
1385,24.240922679539,24.259543700
1386,24.258425150787,24.277122800
1387,24.275927622036,24.292412800
1388,24.293430093285,24.309565000
1389,24.310932564534,24.327458200
1390,24.328435035782,24.345120200
1391,24.345937507031,24.362362400
1392,24.363439978280,24.380229700
1393,24.380942449529,24.398278500
1394,24.398444920778,24.414641300
1395,24.415947392026,24.432300900
1396,24.433449863275,24.449926100
1397,24.450952334524,24.467348500
1398,24.468454805773,24.485176200
1399,24.485957277021,24.502686300
1400,24.503459748270,24.519971300
1401,24.520962219519,24.537588500
1402,24.538464690768,24.555416500
1403,24.555967162016,24.572347300
1404,24.573469633265,24.589794300
1405,24.590972104514,24.607548700
1406,24.608474575763,24.624873800
1407,24.625977047011,24.642357000
1408,24.643479518260,24.659993600
1409,24.660981989509,24.677148000
1410,24.678484460758,24.695441600
1411,24.695986932007,24.712483300
1412,24.713489403255,24.730131700
1413,24.730991874504,24.747552000
1414,24.748494345753,24.765168100
1415,24.765996817002,24.783575100
1416,24.783499288250,24.802202000
1417,24.801001759499,24.819140100
1418,24.818504230748,24.835557800
1419,24.836006701997,24.852590700
1420,24.853509173245,24.870644500
1421,24.871011644494,24.887650300
1422,24.888514115743,24.905442900
1423,24.906016586992,24.922606200
1424,24.923519058240,24.940098800
1425,24.941021529489,24.957372200
1426,24.958524000738,24.974732600
1427,24.976026471987,24.992346300
1428,24.993528943236,25.010314300
1429,25.011031414484,25.027561500
1430,25.028533885733,25.045106500
1431,25.046036356982,25.062802100
1432,25.063538828231,25.079945100
1433,25.081041299479,25.097682400
1434,25.098543770728,25.115110000
1435,25.116046241977,25.132371800
1436,25.133548713226,25.149964000
1437,25.151051184474,25.167565000
1438,25.168553655723,25.185604500
1439,25.186056126972,25.203241500
1440,25.203558598221,25.220319800
1441,25.221061069469,25.237718800
1442,25.238563540718,25.254892400
1443,25.256066011967,25.272330600
1444,25.273568483216,25.289915100
1445,25.291070954465,25.307185100
1446,25.308573425713,25.325257200
1447,25.326075896962,25.342298600
1448,25.343578368211,25.359836500
1449,25.361080839460,25.377278100
1450,25.378583310708,25.397854500
1451,25.396085781957,25.412988700
1452,25.413588253206,25.430352500
1453,25.431090724455,25.447836900
1454,25.448593195703,25.465086200
1455,25.466095666952,25.482598400
1456,25.483598138201,25.500349200
1457,25.501100609450,25.517338200
1458,25.518603080698,25.535705100
1459,25.536105551947,25.552529100
1460,25.553608023196,25.570474500
1461,25.571110494445,25.587651900
1462,25.588612965694,25.605274500
1463,25.606115436942,25.622336700
1464,25.623617908191,25.639989800
1465,25.641120379440,25.657739700
1466,25.658622850689,25.675326000
1467,25.676125321937,25.692698500
1468,25.693627793186,25.710114800
1469,25.711130264435,25.727684400
1470,25.728632735684,25.745540100
1471,25.746135206932,25.762421200
1472,25.763637678181,25.779838000
1473,25.781140149430,25.797466900
1474,25.798642620679,25.814877500
1475,25.816145091927,25.832680600
1476,25.833647563176,25.850538100
1477,25.851150034425,25.867490900
1478,25.868652505674,25.885100800
1479,25.886154976923,25.902604500
1480,25.903657448171,25.920376100
1481,25.921159919420,25.938000800
1482,25.938662390669,25.955008900
1483,25.956164861918,25.972609900
1484,25.973667333166,25.990474200
1485,25.991169804415,26.007392100
1486,26.008672275664,26.025024900
1487,26.026174746913,26.042568000
1488,26.043677218161,26.060624100
1489,26.061179689410,26.077830900
1490,26.078682160659,26.095035300
1491,26.096184631908,26.112700500
1492,26.113687103156,26.130716200
1493,26.131189574405,26.147469400
1494,26.148692045654,26.165045500
1495,26.166194516903,26.182668600
1496,26.183696988152,26.200176400
1497,26.201199459400,26.218006500
1498,26.218701930649,26.235164800
1499,26.236204401898,26.253625500
1500,26.253706873147,26.270696800
1501,26.271209344395,26.287447100
1502,26.288711815644,26.304894100
1503,26.306214286893,26.322466300
1504,26.323716758142,26.341085400
1505,26.341219229390,26.357966600
1506,26.358721700639,26.375114200
1507,26.376224171888,26.393238800
1508,26.393726643137,26.410256200
1509,26.411229114385,26.427491100
1510,26.428731585634,26.445083600
1511,26.446234056883,26.463042600
1512,26.463736528132,26.480499300
1513,26.481238999380,26.497832700
1514,26.498741470629,26.515551000
1515,26.516243941878,26.532406300
1516,26.533746413127,26.550136300
1517,26.551248884376,26.567615900
1518,26.568751355624,26.585233900
1519,26.586253826873,26.602754400
1520,26.603756298122,26.620461000
1521,26.621258769371,26.637450500
1522,26.638761240619,26.655664800
1523,26.656263711868,26.672714700
1524,26.673766183117,26.690487800
1525,26.691268654366,26.707692100
1526,26.708771125614,26.725494900
1527,26.726273596863,26.742652900
1528,26.743776068112,26.760483100
1529,26.761278539361,26.777745200
1530,26.778781010609,26.795331300
1531,26.796283481858,26.813089700
1532,26.813785953107,26.831720100
1533,26.831288424356,26.848044500
1534,26.848790895605,26.866616800
1535,26.866293366853,26.883449300
1536,26.883795838102,26.900806600
1537,26.901298309351,26.917995100
1538,26.918800780600,26.935970300
1539,26.936303251848,26.953092500
1540,26.953805723097,26.971257200
1541,26.971308194346,26.987776900
1542,26.988810665595,27.005312100
1543,27.006313136843,27.022914300
1544,27.023815608092,27.041104800
1545,27.041318079341,27.058274700
1546,27.058820550590,27.076260400
1547,27.076323021838,27.093480100
1548,27.093825493087,27.110197200
1549,27.111327964336,27.128047900
1550,27.128830435585,27.145204300
1551,27.146332906834,27.162531700
1552,27.163835378082,27.180345100
1553,27.181337849331,27.197546500
1554,27.198840320580,27.215201000
1555,27.216342791829,27.232584600
1556,27.233845263077,27.250428600
1557,27.251347734326,27.267878800
1558,27.268850205575,27.285574500
1559,27.286352676824,27.302805600
1560,27.303855148072,27.320154500
1561,27.321357619321,27.338065800
1562,27.338860090570,27.355411700
1563,27.356362561819,27.372580600
1564,27.373865033067,27.390368500
1565,27.391367504316,27.407570500
1566,27.408869975565,27.425439200
1567,27.426372446814,27.442839400
1568,27.443874918063,27.462371500
1569,27.461377389311,27.478929300
1570,27.478879860560,27.495652500
1571,27.496382331809,27.513590800
1572,27.513884803058,27.531629900
1573,27.531387274306,27.548453500
1574,27.548889745555,27.566984300
1575,27.566392216804,27.583826500
1576,27.583894688053,27.601663500
1577,27.601397159301,27.618260900
1578,27.618899630550,27.635384800
1579,27.636402101799,27.654373100
1580,27.653904573048,27.670688900
1581,27.671407044296,27.688742700
1582,27.688909515545,27.706180000
1583,27.706411986794,27.723098900
1584,27.723914458043,27.740407300
1585,27.741416929292,27.758064100
1586,27.758919400540,27.775929300
1587,27.776421871789,27.794061800
1588,27.793924343038,27.812958900
1589,27.811426814287,27.829674700
1590,27.828929285535,27.846803200
1591,27.846431756784,27.863191800
1592,27.863934228033,27.880965200
1593,27.881436699282,27.898277200
1594,27.898939170530,27.915784400
1595,27.916441641779,27.933274700
1596,27.933944113028,27.950348700
1597,27.951446584277,27.968628000
1598,27.968949055525,27.986008400
1599,27.986451526774,28.003049700
1600,28.003953998023,28.020550300
1601,28.021456469272,28.038345900
1602,28.038958940521,28.055640000
1603,28.056461411769,28.073347800
1604,28.073963883018,28.091356600
1605,28.091466354267,28.107980300
1606,28.108968825516,28.126275000
1607,28.126471296764,28.143194100
1608,28.143973768013,28.160597800
1609,28.161476239262,28.178491000
1610,28.178978710511,28.195860500
1611,28.196481181759,28.213353800
1612,28.213983653008,28.230639000
1613,28.231486124257,28.248279500
1614,28.248988595506,28.265767400
1615,28.266491066754,28.283078400
1616,28.283993538003,28.300558100
1617,28.301496009252,28.318209500
1618,28.318998480501,28.335827000
1619,28.336500951750,28.353438700
1620,28.354003422998,28.370947600
1621,28.371505894247,28.389300800
1622,28.389008365496,28.405707600
1623,28.406510836745,28.423148000
1624,28.424013307993,28.441235300
1625,28.441515779242,28.460427900
1626,28.459018250491,28.477117500
1627,28.476520721740,28.494186200
1628,28.494023192988,28.512036300
1629,28.511525664237,28.528977200
1630,28.529028135486,28.546095900
1631,28.546530606735,28.563649800
1632,28.564033077983,28.580657500
1633,28.581535549232,28.598597500
1634,28.599038020481,28.616312300
1635,28.616540491730,28.633281800
1636,28.634042962979,28.650860300
1637,28.651545434227,28.668775500
1638,28.669047905476,28.685926300
1639,28.686550376725,28.703757200
1640,28.704052847974,28.721827800
1641,28.721555319222,28.739226700
1642,28.739057790471,28.755776300
1643,28.756560261720,28.773395400
1644,28.774062732969,28.790680200
1645,28.791565204217,28.808688400
1646,28.809067675466,28.825549500
1647,28.826570146715,28.843069900
1648,28.844072617964,28.860629500
1649,28.861575089212,28.878094300
1650,28.879077560461,28.895828000
1651,28.896580031710,28.913187200
1652,28.914082502959,28.930763200
1653,28.931584974208,28.947954400
1654,28.949087445456,28.966084200
1655,28.966589916705,28.982916400
1656,28.984092387954,29.000626200
1657,29.001594859203,29.018016200
1658,29.019097330451,29.035933400
1659,29.036599801700,29.053381800
1660,29.054102272949,29.070546900
1661,29.071604744198,29.088818900
1662,29.089107215446,29.105707700
1663,29.106609686695,29.123617800
1664,29.124112157944,29.140863200
1665,29.141614629193,29.158349800
1666,29.159117100441,29.175842000
1667,29.176619571690,29.193453700
1668,29.194122042939,29.210803400
1669,29.211624514188,29.228306100
1670,29.229126985437,29.245794400
1671,29.246629456685,29.263255400
1672,29.264131927934,29.280704100
1673,29.281634399183,29.298892900
1674,29.299136870432,29.315613900
1675,29.316639341680,29.333265500
1676,29.334141812929,29.351213100
1677,29.351644284178,29.368516000
1678,29.369146755427,29.385914900
1679,29.386649226675,29.403050200
1680,29.404151697924,29.420513200
1681,29.421654169173,29.438263500
1682,29.439156640422,29.455637400
1683,29.456659111670,29.473198600
1684,29.474161582919,29.490756000
1685,29.491664054168,29.508301900
1686,29.509166525417,29.526132900
1687,29.526668996665,29.543157800
1688,29.544171467914,29.560500600
1689,29.561673939163,29.578922600
1690,29.579176410412,29.595490600
1691,29.596678881661,29.613088500
1692,29.614181352909,29.631025300
1693,29.631683824158,29.648478200
1694,29.649186295407,29.665883100
1695,29.666688766656,29.683193600
1696,29.684191237904,29.700710600
1697,29.701693709153,29.718531700
1698,29.719196180402,29.735700800
1699,29.736698651651,29.753022700
1700,29.754201122899,29.770535600
1701,29.771703594148,29.788433900
1702,29.789206065397,29.805529000
1703,29.806708536646,29.822903700
1704,29.824211007894,29.840581300
1705,29.841713479143,29.858293800
1706,29.859215950392,29.876172400
1707,29.876718421641,29.893490700
1708,29.894220892890,29.911351200
1709,29.911723364138,29.929017500
1710,29.929225835387,29.946163300
1711,29.946728306636,29.963552000
1712,29.964230777885,29.981080200
1713,29.981733249133,29.998835600
1714,29.999235720382,30.016250900
1715,30.016738191631,30.035073200
1716,30.034240662880,30.051858800
1717,30.051743134128,30.068987300
1718,30.069245605377,30.085690300
1719,30.086748076626,30.103088100
1720,30.104250547875,30.120566700
1721,30.121753019123,30.138683100
1722,30.139255490372,30.155883000
1723,30.156757961621,30.173183800
1724,30.174260432870,30.190962500
1725,30.191762904119,30.208124400
1726,30.209265375367,30.225812500
1727,30.226767846616,30.243373200
1728,30.244270317865,30.261036600
1729,30.261772789114,30.278401100
1730,30.279275260362,30.295697100
1731,30.296777731611,30.313158000
1732,30.314280202860,30.331163300
1733,30.331782674109,30.348274100
1734,30.349285145357,30.365679900
1735,30.366787616606,30.383570600
1736,30.384290087855,30.401244400
1737,30.401792559104,30.418604800
1738,30.419295030352,30.435405100
1739,30.436797501601,30.453094800
1740,30.454299972850,30.470702600
1741,30.471802444099,30.488530400
1742,30.489304915348,30.505622800
1743,30.506807386596,30.523631700
1744,30.524309857845,30.541303300
1745,30.541812329094,30.558176800
1746,30.559314800343,30.575780400
1747,30.576817271591,30.593222300
1748,30.594319742840,30.610897200
1749,30.611822214089,30.628668800
1750,30.629324685338,30.646165000
1751,30.646827156586,30.664157000
1752,30.664329627835,30.681331000
1753,30.681832099084,30.699095900
1754,30.699334570333,30.718300400
1755,30.716837041581,30.733351600
1756,30.734339512830,30.751634100
1757,30.751841984079,30.768831700
1758,30.769344455328,30.786325300
1759,30.786846926577,30.803608600
1760,30.804349397825,30.820727200
1761,30.821851869074,30.838604600
1762,30.839354340323,30.855740400
1763,30.856856811572,30.873798700
1764,30.874359282820,30.891077600
1765,30.891861754069,30.908975500
1766,30.909364225318,30.925867400
1767,30.926866696567,30.943395200
1768,30.944369167815,30.960792900
1769,30.961871639064,30.979147800
1770,30.979374110313,30.996324400
1771,30.996876581562,31.013369600
1772,31.014379052810,31.031069800
1773,31.031881524059,31.048941300
1774,31.049383995308,31.066741600
1775,31.066886466557,31.084043400
1776,31.084388937806,31.101017700
1777,31.101891409054,31.118595700
1778,31.119393880303,31.136752900
1779,31.136896351552,31.153731700
1780,31.154398822801,31.171210500
1781,31.171901294049,31.188441800
1782,31.189403765298,31.205673700
1783,31.206906236547,31.223393100
1784,31.224408707796,31.240993200
1785,31.241911179044,31.258400300
1786,31.259413650293,31.275892500
1787,31.276916121542,31.293630600
1788,31.294418592791,31.310963600
1789,31.311921064039,31.328433300
1790,31.329423535288,31.346573600
1791,31.346926006537,31.363453800
1792,31.364428477786,31.380884900
1793,31.381930949035,31.399043100
1794,31.399433420283,31.416159900
1795,31.416935891532,31.433568500
1796,31.434438362781,31.451098500
1797,31.451940834030,31.468434300
1798,31.469443305278,31.486345000
1799,31.486945776527,31.503349200
1800,31.504448247776,31.521200400
1801,31.521950719025,31.538673500
1802,31.539453190273,31.556338500
1803,31.556955661522,31.574101800
1804,31.574458132771,31.591004700
1805,31.591960604020,31.608372100
1806,31.609463075268,31.625834700
1807,31.626965546517,31.643472900
1808,31.644468017766,31.661740900
1809,31.661970489015,31.678501200
1810,31.679472960264,31.696146700
1811,31.696975431512,31.714023300
1812,31.714477902761,31.731235500
1813,31.731980374010,31.748523200
1814,31.749482845259,31.765870900
1815,31.766985316507,31.783709600
1816,31.784487787756,31.801702600
1817,31.801990259005,31.818895400
1818,31.819492730254,31.835831200
1819,31.836995201502,31.853669900
1820,31.854497672751,31.871007700
1821,31.872000144000,31.888359600
1822,31.889502615249,31.905995800
1823,31.907005086497,31.923738400
1824,31.924507557746,31.941827500
1825,31.942010028995,31.958588800
1826,31.959512500244,31.976371600
1827,31.977014971493,31.993780700
1828,31.994517442741,32.011259200
1829,32.012019913990,32.029175700
1830,32.029522385239,32.046018100
1831,32.047024856488,32.064598500
1832,32.064527327736,32.081591200
1833,32.082029798985,32.098749600
1834,32.099532270234,32.116272400
1835,32.117034741483,32.133609400
1836,32.134537212731,32.151759000
1837,32.152039683980,32.168862800
1838,32.169542155229,32.185915100
1839,32.187044626478,32.203942400
1840,32.204547097726,32.222065700
1841,32.222049568975,32.240157600
1842,32.239552040224,32.258754800
1843,32.257054511473,32.275263500
1844,32.274556982722,32.292740300
1845,32.292059453970,32.309342200
1846,32.309561925219,32.326410700
1847,32.327064396468,32.344074500
1848,32.344566867717,32.361678200
1849,32.362069338965,32.378590000
1850,32.379571810214,32.396237300
1851,32.397074281463,32.413949900
1852,32.414576752712,32.431263200
1853,32.432079223960,32.448597700
1854,32.449581695209,32.465986900
1855,32.467084166458,32.483691100
1856,32.484586637707,32.501087500
1857,32.502089108955,32.518658800
1858,32.519591580204,32.536556600
1859,32.537094051453,32.554071200
1860,32.554596522702,32.571203300
1861,32.572098993950,32.588652100
1862,32.589601465199,32.607155400
1863,32.607103936448,32.624061000
1864,32.624606407697,32.640986400
1865,32.642108878946,32.659120900
1866,32.659611350194,32.676292100
1867,32.677113821443,32.694683600
1868,32.694616292692,32.711928600
1869,32.712118763941,32.728871300
1870,32.729621235189,32.745978300
1871,32.747123706438,32.763984500
1872,32.764626177687,32.781550200
1873,32.782128648936,32.798575100
1874,32.799631120184,32.816480900
1875,32.817133591433,32.833746100
1876,32.834636062682,32.851627100
1877,32.852138533931,32.869153700
1878,32.869641005179,32.886249500
1879,32.887143476428,32.904042600
1880,32.904645947677,32.921490600
1881,32.922148418926,32.938652900
1882,32.939650890175,32.956004100
1883,32.957153361423,32.973630400
1884,32.974655832672,32.991176200
1885,32.992158303921,33.008620700
1886,33.009660775170,33.026102800
1887,33.027163246418,33.043847600
1888,33.044665717667,33.060962900
1889,33.062168188916,33.078765000
1890,33.079670660165,33.096769600
1891,33.097173131413,33.113698700
1892,33.114675602662,33.130905300
1893,33.132178073911,33.148780800
1894,33.149680545160,33.169012000
1895,33.167183016408,33.185178700
1896,33.184685487657,33.201217200
1897,33.202187958906,33.218685300
1898,33.219690430155,33.236319400
1899,33.237192901404,33.254352800
1900,33.254695372652,33.272971800
1901,33.272197843901,33.290044700
1902,33.289700315150,33.306614700
1903,33.307202786399,33.323675500
1904,33.324705257647,33.341399500
1905,33.342207728896,33.359078000
1906,33.359710200145,33.376015800
1907,33.377212671394,33.395834600
1908,33.394715142642,33.411619100
1909,33.412217613891,33.428987300
1910,33.429720085140,33.446921800
1911,33.447222556389,33.464454500
1912,33.464725027637,33.481621400
1913,33.482227498886,33.498881100
1914,33.499729970135,33.516202900
1915,33.517232441384,33.533572900
1916,33.534734912633,33.551254300
1917,33.552237383881,33.568770700
1918,33.569739855130,33.586794700
1919,33.587242326379,33.604916600
1920,33.604744797628,33.621178900
1921,33.622247268876,33.638774800
1922,33.639749740125,33.656404800
1923,33.657252211374,33.674209800
1924,33.674754682623,33.691445900
1925,33.692257153871,33.708897000
1926,33.709759625120,33.726382300
1927,33.727262096369,33.743809000
1928,33.744764567618,33.761141300
1929,33.762267038866,33.778834600
1930,33.779769510115,33.797041700
1931,33.797271981364,33.813877100
1932,33.814774452613,33.831408500
1933,33.832276923862,33.848717700
1934,33.849779395110,33.866551900
1935,33.867281866359,33.884723500
1936,33.884784337608,33.901993900
1937,33.902286808857,33.920758700
1938,33.919789280105,33.937586000
1939,33.937291751354,33.953878900
1940,33.954794222603,33.971369700
1941,33.972296693852,33.988854500
1942,33.989799165100,34.006439000
1943,34.007301636349,34.024012700
1944,34.024804107598,34.041694000
1945,34.042306578847,34.058964700
1946,34.059809050095,34.076788000
1947,34.077311521344,34.093693900
1948,34.094813992593,34.111392500
1949,34.112316463842,34.130929700
1950,34.129818935091,34.146849700
1951,34.147321406339,34.163967300
1952,34.164823877588,34.181444300
1953,34.182326348837,34.198592100
1954,34.199828820086,34.217036300
1955,34.217331291334,34.233789100
1956,34.234833762583,34.251480500
1957,34.252336233832,34.268907100
1958,34.269838705081,34.286119300
1959,34.287341176329,34.303769200
1960,34.304843647578,34.321125600
1961,34.322346118827,34.338724000
1962,34.339848590076,34.356212500
1963,34.357351061324,34.373837900
1964,34.374853532573,34.391245400
1965,34.392356003822,34.409100400
1966,34.409858475071,34.426762700
1967,34.427360946320,34.443837700
1968,34.444863417568,34.461703500
1969,34.462365888817,34.479389200
1970,34.479868360066,34.496640000
1971,34.497370831315,34.513876000
1972,34.514873302563,34.531336000
1973,34.532375773812,34.549001300
1974,34.549878245061,34.566625500
1975,34.567380716310,34.584131800
1976,34.584883187558,34.601660300
1977,34.602385658807,34.620106100
1978,34.619888130056,34.636808400
1979,34.637390601305,34.654300200
1980,34.654893072553,34.671770500
1981,34.672395543802,34.689407900
1982,34.689898015051,34.707077000
1983,34.707400486300,34.723922200
1984,34.724902957549,34.741491300
1985,34.742405428797,34.758913700
1986,34.759907900046,34.776232900
1987,34.777410371295,34.794180900
1988,34.794912842544,34.811604000
1989,34.812415313792,34.829243500
1990,34.829917785041,34.846722300
1991,34.847420256290,34.864208600
1992,34.864922727539,34.881325800
1993,34.882425198787,34.898923400
1994,34.899927670036,34.916378800
1995,34.917430141285,34.934013700
1996,34.934932612534,34.951362100
1997,34.952435083782,34.969116600
1998,34.969937555031,34.986756000
1999,34.987440026280,35.003916400
2000,35.004942497529,35.021338400
2001,35.022444968778,35.039041000
2002,35.039947440026,35.057241800
2003,35.057449911275,35.073838200
2004,35.074952382524,35.091528600
2005,35.092454853773,35.109104000
2006,35.109957325021,35.126871800
2007,35.127459796270,35.144001700
2008,35.144962267519,35.161795200
2009,35.162464738768,35.179092400
2010,35.179967210016,35.197613400
2011,35.197469681265,35.214320100
2012,35.214972152514,35.231499900
2013,35.232474623763,35.249710000
2014,35.249977095011,35.266632100
2015,35.267479566260,35.283980200
2016,35.284982037509,35.301330200
2017,35.302484508758,35.318930500
2018,35.319986980007,35.336797200
2019,35.337489451255,35.353909400
2020,35.354991922504,35.371716300
2021,35.372494393753,35.389255900
2022,35.389996865002,35.406536300
2023,35.407499336250,35.424632300
2024,35.425001807499,35.441619800
2025,35.442504278748,35.458828300
2026,35.460006749997,35.476462000
2027,35.477509221245,35.494418000
2028,35.495011692494,35.511478100
2029,35.512514163743,35.529117700
2030,35.530016634992,35.547638500
2031,35.547519106240,35.564036000
2032,35.565021577489,35.581761100
2033,35.582524048738,35.599271900
2034,35.600026519987,35.616928800
2035,35.617528991236,35.635088700
2036,35.635031462484,35.652224100
2037,35.652533933733,35.671250600
2038,35.670036404982,35.687369800
2039,35.687538876231,35.704527800
2040,35.705041347479,35.721346000
2041,35.722543818728,35.739514000
2042,35.740046289977,35.756329200
2043,35.757548761226,35.774263500
2044,35.775051232474,35.791721400
2045,35.792553703723,35.809656700
2046,35.810056174972,35.826703000
2047,35.827558646221,35.844233700
2048,35.845061117469,35.861625900
2049,35.862563588718,35.879381000
2050,35.880066059967,35.896614200
2051,35.897568531216,35.913887300
2052,35.915071002464,35.931788700
2053,35.932573473713,35.949471400
2054,35.950075944962,35.966264100
2055,35.967578416211,35.984229300
2056,35.985080887460,36.001593900
2057,36.002583358708,36.018906000
2058,36.020085829957,36.036552900
2059,36.037588301206,36.054033500
2060,36.055090772455,36.071611900
2061,36.072593243703,36.089096900
2062,36.090095714952,36.106533100
2063,36.107598186201,36.124667000
2064,36.125100657450,36.141360200
2065,36.142603128698,36.159092800
2066,36.160105599947,36.176724400
2067,36.177608071196,36.194217800
2068,36.195110542445,36.211753300
2069,36.212613013693,36.229284000
2070,36.230115484942,36.246755200
2071,36.247617956191,36.264905200
2072,36.265120427440,36.282006000
2073,36.282622898689,36.299527100
2074,36.300125369937,36.316528500
2075,36.317627841186,36.334131200
2076,36.335130312435,36.351991500
2077,36.352632783684,36.369460300
2078,36.370135254932,36.386794000
2079,36.387637726181,36.404277500
2080,36.405140197430,36.422150400
2081,36.422642668679,36.439253400
2082,36.440145139927,36.457122400
2083,36.457647611176,36.473917300
2084,36.475150082425,36.491942200
2085,36.492652553674,36.509670600
2086,36.510155024922,36.526655500
2087,36.527657496171,36.544303400
2088,36.545159967420,36.561831800
2089,36.562662438669,36.579125400
2090,36.580164909918,36.596753800
2091,36.597667381166,36.614137800
2092,36.615169852415,36.633021600
2093,36.632672323664,36.649453900
2094,36.650174794913,36.666505600
2095,36.667677266161,36.684492000
2096,36.685179737410,36.701955500
2097,36.702682208659,36.719422700
2098,36.720184679908,36.736896600
2099,36.737687151156,36.754648000
2100,36.755189622405,36.771650100
2101,36.772692093654,36.789068800
2102,36.790194564903,36.806777400
2103,36.807697036151,36.824254400
2104,36.825199507400,36.842187500
2105,36.842701978649,36.859282200
2106,36.860204449898,36.876705100
2107,36.877706921147,36.894224000
2108,36.895209392395,36.912170800
2109,36.912711863644,36.929258500
2110,36.930214334893,36.947248600
2111,36.947716806142,36.964701100
2112,36.965219277390,36.983123400
2113,36.982721748639,36.999635900
2114,37.000224219888,37.016784500
2115,37.017726691137,37.034374000
2116,37.035229162385,37.051933500
2117,37.052731633634,37.069309900
2118,37.070234104883,37.086922500
2119,37.087736576132,37.104549800
2120,37.105239047380,37.121669200
2121,37.122741518629,37.139855200
2122,37.140243989878,37.157795100
2123,37.157746461127,37.176486200
2124,37.175248932376,37.193040600
2125,37.192751403624,37.210303600
2126,37.210253874873,37.226677100
2127,37.227756346122,37.244479300
2128,37.245258817371,37.261891500
2129,37.262761288619,37.279709700
2130,37.280263759868,37.296994300
2131,37.297766231117,37.314443100
2132,37.315268702366,37.332269000
2133,37.332771173614,37.349139400
2134,37.350273644863,37.366949100
2135,37.367776116112,37.384209300
2136,37.385278587361,37.402695900
2137,37.402781058609,37.419494600
2138,37.420283529858,37.436696600
2139,37.437786001107,37.454205400
2140,37.455288472356,37.471883400
2141,37.472790943605,37.489025900
2142,37.490293414853,37.506978900
2143,37.507795886102,37.524462600
2144,37.525298357351,37.543799100
2145,37.542800828600,37.561360600
2146,37.560303299848,37.578668100
2147,37.577805771097,37.596240700
2148,37.595308242346,37.613738100
2149,37.612810713595,37.631606600
2150,37.630313184843,37.649088100
2151,37.647815656092,37.666422700
2152,37.665318127341,37.683950900
2153,37.682820598590,37.701127000
2154,37.700323069838,37.718451800
2155,37.717825541087,37.736052800
2156,37.735328012336,37.754151700
2157,37.752830483585,37.771425600
2158,37.770332954834,37.788837000
2159,37.787835426082,37.806175600
2160,37.805337897331,37.823506400
2161,37.822840368580,37.841089600
2162,37.840342839829,37.858590700
2163,37.857845311077,37.876191600
2164,37.875347782326,37.893356300
2165,37.892850253575,37.911127100
2166,37.910352724824,37.928461400
2167,37.927855196072,37.946250200
2168,37.945357667321,37.963660700
2169,37.962860138570,37.980940000
2170,37.980362609819,37.998372400
2171,37.997865081067,38.016300200
2172,38.015367552316,38.033328700
2173,38.032870023565,38.051269500
2174,38.050372494814,38.068417300
2175,38.067874966063,38.085841100
2176,38.085377437311,38.103200700
2177,38.102879908560,38.121089700
2178,38.120382379809,38.138995100
2179,38.137884851058,38.157061500
2180,38.155387322306,38.174557800
2181,38.172889793555,38.192019000
2182,38.190392264804,38.211221600
2183,38.207894736053,38.226744600
2184,38.225397207301,38.243942400
2185,38.242899678550,38.261244300
2186,38.260402149799,38.278693700
2187,38.277904621048,38.295735700
2188,38.295407092296,38.313529900
2189,38.312909563545,38.330928900
2190,38.330412034794,38.348408100
2191,38.347914506043,38.366473600
2192,38.365416977292,38.383562100
2193,38.382919448540,38.400657400
2194,38.400421919789,38.418465200
2195,38.417924391038,38.435910900
2196,38.435426862287,38.453292000
2197,38.452929333535,38.470733300
2198,38.470431804784,38.487436600
2199,38.487934276033,38.506129500
2200,38.505436747282,38.523577300
2201,38.522939218530,38.540790800
2202,38.540441689779,38.558496300
2203,38.557944161028,38.576016200
2204,38.575446632277,38.593759200
2205,38.592949103525,38.611681300
2206,38.610451574774,38.630872800
2207,38.627954046023,38.647315900
2208,38.645456517272,38.665677100
2209,38.662958988521,38.681713100
2210,38.680461459769,38.698288400
2211,38.697963931018,38.716383900
2212,38.715466402267,38.733625600
2213,38.732968873516,38.750967400
2214,38.750471344764,38.768192500
2215,38.767973816013,38.785685500
2216,38.785476287262,38.803595700
2217,38.802978758511,38.821103600
2218,38.820481229759,38.838877000
2219,38.837983701008,38.855483300
2220,38.855486172257,38.873615000
2221,38.872988643506,38.891149500
2222,38.890491114754,38.909286800
2223,38.907993586003,38.925894500
2224,38.925496057252,38.944259700
2225,38.942998528501,38.961237600
2226,38.960500999749,38.978810500
2227,38.978003470998,38.995913400
2228,38.995505942247,39.013603300
2229,39.013008413496,39.031015200
2230,39.030510884745,39.048744400
2231,39.048013355993,39.066159300
2232,39.065515827242,39.083613400
2233,39.083018298491,39.101038300
2234,39.100520769740,39.118455800
2235,39.118023240988,39.135269600
2236,39.135525712237,39.153995200
2237,39.153028183486,39.171134600
2238,39.170530654735,39.189205100
2239,39.188033125983,39.206462000
2240,39.205535597232,39.224174300
2241,39.223038068481,39.239511100
2242,39.240540539730,39.259408900
2243,39.258043010978,39.276173100
2244,39.275545482227,39.293419700
2245,39.293047953476,39.311412200
2246,39.310550424725,39.328821600
2247,39.328052895974,39.346311600
2248,39.345555367222,39.362774800
2249,39.363057838471,39.381183600
2250,39.380560309720,39.398955000
2251,39.398062780969,39.416127000
2252,39.415565252217,39.433378800
2253,39.433067723466,39.451117800
2254,39.450570194715,39.467414800
2255,39.468072665964,39.486046300
2256,39.485575137212,39.503255300
2257,39.503077608461,39.522119800
2258,39.520580079710,39.541439900
2259,39.538082550959,39.555803500
2260,39.555585022207,39.573382200
2261,39.573087493456,39.590543100
2262,39.590589964705,39.608430000
2263,39.608092435954,39.625662300
2264,39.625594907203,39.643480400
2265,39.643097378451,39.660911100
2266,39.660599849700,39.678498600
2267,39.678102320949,39.696986200
2268,39.695604792198,39.714185000
2269,39.713107263446,39.731011900
2270,39.730609734695,39.749116400
2271,39.748112205944,39.768435700
2272,39.765614677193,39.784932700
2273,39.783117148441,39.801982900
2274,39.800619619690,39.819088500
2275,39.818122090939,39.836121300
2276,39.835624562188,39.854352400
2277,39.853127033436,39.871176800
2278,39.870629504685,39.887658000
2279,39.888131975934,39.905759300
2280,39.905634447183,39.923843100
2281,39.923136918432,39.941192300
2282,39.940639389680,39.958553300
2283,39.958141860929,39.976492000
2284,39.975644332178,39.993891400
2285,39.993146803427,40.010631100
2286,40.010649274675,40.029303300
2287,40.028151745924,40.045423400
2288,40.045654217173,40.063880200
2289,40.063156688422,40.081303400
2290,40.080659159670,40.098629800
2291,40.098161630919,40.115842900
2292,40.115664102168,40.134061100
2293,40.133166573417,40.150384800
2294,40.150669044665,40.168748400
2295,40.168171515914,40.185965000
2296,40.185673987163,40.203727000
2297,40.203176458412,40.260715100
2298,40.220678929661,40.275747800
2299,40.238181400909,40.291048800
2300,40.255683872158,40.307431900
2301,40.273186343407,40.324131300
2302,40.290688814656,40.341271100
2303,40.308191285904,40.356533300
2304,40.325693757153,40.371690800
2305,40.343196228402,40.387270200
2306,40.360698699651,40.402272300
2307,40.378201170899,40.417209300
2308,40.395703642148,40.432563600
2309,40.413206113397,40.447120500
2310,40.430708584646,40.461692200
2311,40.448211055894,40.477432000
2312,40.465713527143,40.492027200
2313,40.483215998392,40.508288500
2314,40.500718469641,40.523603500
2315,40.518220940890,40.541253300
2316,40.535723412138,40.557947900
2317,40.553225883387,40.574381500
2318,40.570728354636,40.591138700
2319,40.588230825885,40.607460000
2320,40.605733297133,40.624311800
2321,40.623235768382,40.641451800
2322,40.640738239631,40.658755100
2323,40.658240710880,40.676419600
2324,40.675743182128,40.692787300
2325,40.693245653377,40.711546100
2326,40.710748124626,40.729331500
2327,40.728250595875,40.746474300
2328,40.745753067123,40.763870900
2329,40.763255538372,40.781052000
2330,40.780758009621,40.798793800
2331,40.798260480870,40.816345500
2332,40.815762952119,40.832512500
2333,40.833265423367,40.851854300
2334,40.850767894616,40.868797200
2335,40.868270365865,40.885697300
2336,40.885772837114,40.904504300
2337,40.903275308362,40.921901500
2338,40.920777779611,40.940445800
2339,40.938280250860,40.957577100
2340,40.955782722109,40.973889400
2341,40.973285193357,40.991136100
2342,40.990787664606,41.008462100
2343,41.008290135855,41.026321700
2344,41.025792607104,41.043765500
2345,41.043295078352,41.061134300
2346,41.060797549601,41.078745000
2347,41.078300020850,41.096424900
2348,41.095802492099,41.113993900
2349,41.113304963348,41.131614900
2350,41.130807434596,41.148971100
2351,41.148309905845,41.166250200
2352,41.165812377094,41.183682000
2353,41.183314848343,41.202571300
2354,41.200817319591,41.218660700
2355,41.218319790840,41.236349700
2356,41.235822262089,41.253809500
2357,41.253324733338,41.271230300
2358,41.270827204586,41.288692700
2359,41.288329675835,41.306363600
2360,41.305832147084,41.323967600
2361,41.323334618333,41.340048800
2362,41.340837089581,41.359330300
2363,41.358339560830,41.376695100
2364,41.375842032079,41.393730800
2365,41.393344503328,41.411214900
2366,41.410846974577,41.428994900
2367,41.428349445825,41.446951000
2368,41.445851917074,41.462818600
2369,41.463354388323,41.479832600
2370,41.480856859572,41.497385000
2371,41.498359330820,41.515170900
2372,41.515861802069,41.532598300
2373,41.533364273318,41.549752100
2374,41.550866744567,41.567904500
2375,41.568369215815,41.585513700
2376,41.585871687064,41.602447700
2377,41.603374158313,41.620131600
2378,41.620876629562,41.637797700
2379,41.638379100810,41.655217500
2380,41.655881572059,41.672328600
2381,41.673384043308,41.690724800
2382,41.690886514557,41.708176400
2383,41.708388985806,41.726506500
2384,41.725891457054,41.743259500
2385,41.743393928303,41.760029700
2386,41.760896399552,41.777543700
2387,41.778398870801,41.795438800
2388,41.795901342049,41.812398300
2389,41.813403813298,41.829798300
2390,41.830906284547,41.847377700
2391,41.848408755796,41.864891800
2392,41.865911227044,41.883208100
2393,41.883413698293,41.900137100
2394,41.900916169542,41.917226800
2395,41.918418640791,41.934992500
2396,41.935921112039,41.952432400
2397,41.953423583288,41.969797400
2398,41.970926054537,41.987834500
2399,41.988428525786,42.005255000
2400,42.005930997034,42.022403400
2401,42.023433468283,42.045730100
2402,42.040935939532,42.059356500
2403,42.058438410781,42.075157300
2404,42.075940882030,42.092486000
2405,42.093443353278,42.111177300
2406,42.110945824527,42.127945900
2407,42.128448295776,42.145599000
2408,42.145950767025,42.163358800
2409,42.163453238273,42.180209200
2410,42.180955709522,42.197886900
2411,42.198458180771,42.215376200
2412,42.215960652020,42.232953700
2413,42.233463123268,42.251138800
2414,42.250965594517,42.269640400
2415,42.268468065766,42.288143200
2416,42.285970537015,42.305358900
2417,42.303473008263,42.322021300
2418,42.320975479512,42.338699000
2419,42.338477950761,42.355938700
2420,42.355980422010,42.373546600
2421,42.373482893259,42.393046500
2422,42.390985364507,42.408434600
2423,42.408487835756,42.426205100
2424,42.425990307005,42.443415100
2425,42.443492778254,42.461808500
2426,42.460995249502,42.478822900
2427,42.478497720751,42.496177800
2428,42.496000192000,42.513902600
2429,42.513502663249,42.531422300
2430,42.531005134497,42.548413200
2431,42.548507605746,42.565920100
2432,42.566010076995,42.583467300
2433,42.583512548244,42.600900900
2434,42.601015019492,42.618438700
2435,42.618517490741,42.636088800
2436,42.636019961990,42.653628400
2437,42.653522433239,42.671481400
2438,42.671024904488,42.688292900
2439,42.688527375736,42.706726400
2440,42.706029846985,42.723580600
2441,42.723532318234,42.741648600
2442,42.741034789483,42.758302300
2443,42.758537260731,42.776002400
2444,42.776039731980,42.793351900
2445,42.793542203229,42.811002400
2446,42.811044674478,42.828433500
2447,42.828547145726,42.846174000
2448,42.846049616975,42.863921300
2449,42.863552088224,42.881291400
2450,42.881054559473,42.898809600
2451,42.898557030721,42.916723200
2452,42.916059501970,42.933857100
2453,42.933561973219,42.951282700
2454,42.951064444468,42.968477700
2455,42.968566915717,42.985803500
2456,42.986069386965,43.003341000
2457,43.003571858214,43.021054400
2458,43.021074329463,43.038751200
2459,43.038576800712,43.056638800
2460,43.056079271960,43.073314200
2461,43.073581743209,43.091157300
2462,43.091084214458,43.109147600
2463,43.108586685707,43.126016200
2464,43.126089156955,43.143753300
2465,43.143591628204,43.161076100
2466,43.161094099453,43.178406400
2467,43.178596570702,43.196021700
2468,43.196099041950,43.213530500
2469,43.213601513199,43.231156100
2470,43.231103984448,43.249390200
2471,43.248606455697,43.266172400
2472,43.266108926946,43.283443000
2473,43.283611398194,43.300947000
2474,43.301113869443,43.318472600
2475,43.318616340692,43.336188800
2476,43.336118811941,43.353292000
2477,43.353621283189,43.370908700
2478,43.371123754438,43.389067600
2479,43.388626225687,43.406196100
2480,43.406128696936,43.424339200
2481,43.423631168184,43.440887400
2482,43.441133639433,43.458759500
2483,43.458636110682,43.476360900
2484,43.476138581931,43.493682500
2485,43.493641053179,43.511399400
2486,43.511143524428,43.529043100
2487,43.528645995677,43.546093400
2488,43.546148466926,43.563694600
2489,43.563650938175,43.581395700
2490,43.581153409423,43.598696300
2491,43.598655880672,43.616445500
2492,43.616158351921,43.633973300
2493,43.633660823170,43.651313100
2494,43.651163294418,43.669412200
2495,43.668665765667,43.686358400
2496,43.686168236916,43.704439400
2497,43.703670708165,43.722210700
2498,43.721173179413,43.739410000
2499,43.738675650662,43.757014500
2500,43.756178121911,43.774082800
2501,43.773680593160,43.791189800
2502,43.791183064408,43.808653700
2503,43.808685535657,43.826141200
2504,43.826188006906,43.844286400
2505,43.843690478155,43.861419300
2506,43.861192949404,43.878609500
2507,43.878695420652,43.896743600
2508,43.896197891901,43.914637500
2509,43.913700363150,43.931253900
2510,43.931202834399,43.949326700
2511,43.948705305647,43.966258100
2512,43.966207776896,43.983826200
2513,43.983710248145,44.001056800
2514,44.001212719394,44.018668800
2515,44.018715190642,44.036254400
2516,44.036217661891,44.053700600
2517,44.053720133140,44.071509300
2518,44.071222604389,44.089697700
2519,44.088725075637,44.106464200
2520,44.106227546886,44.123945600
2521,44.123730018135,44.142022500
2522,44.141232489384,44.159356900
2523,44.158734960633,44.178034200
2524,44.176237431881,44.194906000
2525,44.193739903130,44.212038600
2526,44.211242374379,44.228759400
2527,44.228744845628,44.246149300
2528,44.246247316876,44.263890900
2529,44.263749788125,44.282620700
2530,44.281252259374,44.298710900
2531,44.298754730623,44.315922100
2532,44.316257201871,44.333482300
2533,44.333759673120,44.351001500
2534,44.351262144369,44.368635000
2535,44.368764615618,44.386313500
2536,44.386267086866,44.404119000
2537,44.403769558115,44.421160800
2538,44.421272029364,44.438674500
2539,44.438774500613,44.456502100
2540,44.456276971862,44.473839600
2541,44.473779443110,44.491313800
2542,44.491281914359,44.508798100
2543,44.508784385608,44.526085100
2544,44.526286856857,44.544083100
2545,44.543789328105,44.561144500
2546,44.561291799354,44.578526000
2547,44.578794270603,44.596464100
2548,44.596296741852,44.613624200
2549,44.613799213100,44.631328100
2550,44.631301684349,44.648713600
2551,44.648804155598,44.666249800
2552,44.666306626847,44.684415800
2553,44.683809098095,44.701889900
2554,44.701311569344,44.719327100
2555,44.718814040593,44.736335800
2556,44.736316511842,44.754089300
2557,44.753818983091,44.771804600
2558,44.771321454339,44.789015800
2559,44.788823925588,44.806258600
2560,44.806326396837,44.823852900
2561,44.823828868086,44.841307500
2562,44.841331339334,44.858703500
2563,44.858833810583,44.876496600
2564,44.876336281832,44.893735400
2565,44.893838753081,44.912169200
2566,44.911341224329,44.928734300
2567,44.928843695578,44.946646800
2568,44.946346166827,44.963997900
2569,44.963848638076,44.981846100
2570,44.981351109324,44.999211800
2571,44.998853580573,45.016100800
2572,45.016356051822,45.033813800
2573,45.033858523071,45.051214600
2574,45.051360994320,45.068806300
2575,45.068863465568,45.086376200
2576,45.086365936817,45.103629100
2577,45.103868408066,45.121289500
2578,45.121370879315,45.138982100
2579,45.138873350563,45.156678700
2580,45.156375821812,45.173848400
2581,45.173878293061,45.190921700
2582,45.191380764310,45.208948900
2583,45.208883235558,45.226659200
2584,45.226385706807,45.243855700
2585,45.243888178056,45.261767300
2586,45.261390649305,45.279516900
2587,45.278893120553,45.296710200
2588,45.296395591802,45.314141800
2589,45.313898063051,45.331236900
2590,45.331400534300,45.348844100
2591,45.348903005548,45.366312700
2592,45.366405476797,45.383645600
2593,45.383907948046,45.401752300
2594,45.401410419295,45.418732400
2595,45.418912890544,45.436823400
2596,45.436415361792,45.454383000
2597,45.453917833041,45.472452800
2598,45.471420304290,45.489452600
2599,45.488922775539,45.509654700
2600,45.506425246787,45.525699600
2601,45.523927718036,45.542436000
2602,45.541430189285,45.559142300
2603,45.558932660534,45.576362000
2604,45.576435131782,45.593949900
2605,45.593937603031,45.611544900
2606,45.611440074280,45.628789100
2607,45.628942545529,45.646376100
2608,45.646445016777,45.664177500
2609,45.663947488026,45.681317000
2610,45.681449959275,45.698578600
2611,45.698952430524,45.716444300
2612,45.716454901773,45.734120800
2613,45.733957373021,45.751486900
2614,45.751459844270,45.769003900
2615,45.768962315519,45.786925300
2616,45.786464786768,45.803997700
2617,45.803967258016,45.821478200
2618,45.821469729265,45.838721800
2619,45.838972200514,45.856563000
2620,45.856474671763,45.874441500
2621,45.873977143011,45.891532600
2622,45.891479614260,45.908918100
2623,45.908982085509,45.926310300
2624,45.926484556758,45.943807300
2625,45.943987028006,45.961558300
2626,45.961489499255,45.979510900
2627,45.978991970504,45.996359700
2628,45.996494441753,46.013903200
2629,46.013996913002,46.031576100
2630,46.031499384250,46.048648300
2631,46.049001855499,46.066287900
2632,46.066504326748,46.083795700
2633,46.084006797997,46.101594100
2634,46.101509269245,46.118602300
2635,46.119011740494,46.136324500
2636,46.136514211743,46.153922600
2637,46.154016682992,46.171201000
2638,46.171519154240,46.188856500
2639,46.189021625489,46.206241200
2640,46.206524096738,46.224660000
2641,46.224026567987,46.241447800
2642,46.241529039235,46.258891700
2643,46.259031510484,46.276502600
2644,46.276533981733,46.294924300
2645,46.294036452982,46.312343600
2646,46.311538924231,46.329339900
2647,46.329041395479,46.346553100
2648,46.346543866728,46.364496100
2649,46.364046337977,46.382285400
2650,46.381548809226,46.399609100
2651,46.399051280474,46.418837800
2652,46.416553751723,46.435416600
2653,46.434056222972,46.452443300
2654,46.451558694221,46.470618200
2655,46.469061165469,46.487113700
2656,46.486563636718,46.504073400
2657,46.504066107967,46.521667800
2658,46.521568579216,46.539491600
2659,46.539071050464,46.556198000
2660,46.556573521713,46.573768500
2661,46.574075992962,46.591464900
2662,46.591578464211,46.608911300
2663,46.609080935460,46.626442700
2664,46.626583406708,46.643683700
2665,46.644085877957,46.661654300
2666,46.661588349206,46.679059400
2667,46.679090820455,46.697037300
2668,46.696593291703,46.714130300
2669,46.714095762952,46.731467800
2670,46.731598234201,46.749515900
2671,46.749100705450,46.767317500
2672,46.766603176698,46.784337100
2673,46.784105647947,46.801623300
2674,46.801608119196,46.819819100
2675,46.819110590445,46.836500400
2676,46.836613061693,46.853952200
2677,46.854115532942,46.871414000
2678,46.871618004191,46.888965900
2679,46.889120475440,46.907022700
2680,46.906622946689,46.924559100
2681,46.924125417937,46.941563200
2682,46.941627889186,46.960172300
2683,46.959130360435,46.979571100
2684,46.976632831684,46.996921100
2685,46.994135302932,47.012897500
2686,47.011637774181,47.030129200
2687,47.029140245430,47.046660800
2688,47.046642716679,47.064288100
2689,47.064145187927,47.081824500
2690,47.081647659176,47.098998200
2691,47.099150130425,47.116755700
2692,47.116652601674,47.134047700
2693,47.134155072922,47.151721100
2694,47.151657544171,47.169219000
2695,47.169160015420,47.186512700
2696,47.186662486669,47.204146900
2697,47.204164957918,47.221986100
2698,47.221667429166,47.239243100
2699,47.239169900415,47.256635900
2700,47.256672371664,47.274888900
2701,47.274174842913,47.291774600
2702,47.291677314161,47.310009800
2703,47.309179785410,47.326859700
2704,47.326682256659,47.344370600
2705,47.344184727908,47.361733000
2706,47.361687199156,47.379740700
2707,47.379189670405,47.397937300
2708,47.396692141654,47.414284100
2709,47.414194612903,47.432064200
2710,47.431697084151,47.449420000
2711,47.449199555400,47.466341400
2712,47.466702026649,47.483977100
2713,47.484204497898,47.502422000
2714,47.501706969147,47.519063800
2715,47.519209440395,47.536656600
2716,47.536711911644,47.554191900
2717,47.554214382893,47.571706300
2718,47.571716854142,47.589320200
2719,47.589219325390,47.607160800
2720,47.606721796639,47.624292800
2721,47.624224267888,47.642232400
2722,47.641726739137,47.659573000
2723,47.659229210385,47.676971700
2724,47.676731681634,47.694141700
2725,47.694234152883,47.711751800
2726,47.711736624132,47.729662400
2727,47.729239095380,47.746695500
2728,47.746741566629,47.764954900
2729,47.764244037878,47.781781100
2730,47.781746509127,47.799293400
2731,47.799248980376,47.816731200
2732,47.816751451624,47.834295400
2733,47.834253922873,47.851513800
2734,47.851756394122,47.869024800
2735,47.869258865371,47.886837600
2736,47.886761336619,47.904426300
2737,47.904263807868,47.921633200
2738,47.921766279117,47.939235900
2739,47.939268750366,47.956583800
2740,47.956771221614,47.974346000
2741,47.974273692863,47.992390100
2742,47.991776164112,48.008907200
2743,48.009278635361,48.027349700
2744,48.026781106609,48.044601500
2745,48.044283577858,48.061653100
2746,48.061786049107,48.078986700
2747,48.079288520356,48.096541300
2748,48.096790991605,48.114004600
2749,48.114293462853,48.131512100
2750,48.131795934102,48.149102800
2751,48.149298405351,48.166658700
2752,48.166800876600,48.184290300
2753,48.184303347848,48.201666700
2754,48.201805819097,48.219654800
2755,48.219308290346,48.236423800
2756,48.236810761595,48.254084300
2757,48.254313232843,48.271545600
2758,48.271815704092,48.288843500
2759,48.289318175341,48.306447600
2760,48.306820646590,48.324194900
2761,48.324323117838,48.341876500
2762,48.341825589087,48.359188300
2763,48.359328060336,48.376606200
2764,48.376830531585,48.395805800
2765,48.394333002833,48.412233500
2766,48.411835474082,48.429093800
2767,48.429337945331,48.446566100
2768,48.446840416580,48.464164200
2769,48.464342887829,48.481461100
2770,48.481845359077,48.499606000
2771,48.499347830326,48.516367200
2772,48.516850301575,48.533999200
2773,48.534352772824,48.552270200
2774,48.551855244072,48.568884500
2775,48.569357715321,48.586417000
2776,48.586860186570,48.604286000
2777,48.604362657819,48.621717900
2778,48.621865129067,48.639028200
2779,48.639367600316,48.656797000
2780,48.656870071565,48.674726900
2781,48.674372542814,48.691529700
2782,48.691875014062,48.709099300
2783,48.709377485311,48.726760000
2784,48.726879956560,48.744092500
2785,48.744382427809,48.761882800
2786,48.761884899058,48.780275600
2787,48.779387370306,48.797713300
2788,48.796889841555,48.816159200
2789,48.814392312804,48.834424400
2790,48.831894784053,48.850880400
2791,48.849397255301,48.868052600
2792,48.866899726550,48.884409700
2793,48.884402197799,48.901731200
2794,48.901904669048,48.918964100
2795,48.919407140296,48.936773400
2796,48.936909611545,48.954212900
2797,48.954412082794,48.971859900
2798,48.971914554043,48.989543600
2799,48.989417025291,49.006796200
2800,49.006919496540,49.024649700
2801,49.024421967789,49.041944200
2802,49.041924439038,49.059165800
2803,49.059426910287,49.076671800
2804,49.076929381535,49.094006700
2805,49.094431852784,49.111971200
2806,49.111934324033,49.129268200
2807,49.129436795282,49.146909300
2808,49.146939266530,49.164627100
2809,49.164441737779,49.182177300
2810,49.181944209028,49.199388800
2811,49.199446680277,49.216811000
2812,49.216949151525,49.234311100
2813,49.234451622774,49.251496400
2814,49.251954094023,49.269242800
2815,49.269456565272,49.286672000
2816,49.286959036520,49.304117200
2817,49.304461507769,49.321815800
2818,49.321963979018,49.339703700
2819,49.339466450267,49.356796100
2820,49.356968921516,49.374145600
2821,49.374471392764,49.391668100
2822,49.391973864013,49.409128200
2823,49.409476335262,49.427140100
2824,49.426978806511,49.444050700
2825,49.444481277759,49.461486400
2826,49.461983749008,49.479293300
2827,49.479486220257,49.497364700
2828,49.496988691506,49.514350300
2829,49.514491162754,49.532332200
2830,49.531993634003,49.550640300
2831,49.549496105252,49.569102300
2832,49.566998576501,49.585901900
2833,49.584501047749,49.602364200
2834,49.602003518998,49.619599000
2835,49.619505990247,49.636711600
2836,49.637008461496,49.654203100
2837,49.654510932745,49.671852500
2838,49.672013403993,49.689409800
2839,49.689515875242,49.706755100
2840,49.707018346491,49.724432200
2841,49.724520817740,49.742014600
2842,49.742023288988,49.759231500
2843,49.759525760237,49.776507500
2844,49.777028231486,49.794756600
2845,49.794530702735,49.811693700
2846,49.812033173983,49.829093300
2847,49.829535645232,49.847148600
2848,49.847038116481,49.864478900
2849,49.864540587730,49.881593300
2850,49.882043058978,49.899234300
2851,49.899545530227,49.916891000
2852,49.917048001476,49.934433400
2853,49.934550472725,49.952043000
2854,49.952052943974,49.969628600
2855,49.969555415222,49.987690800
2856,49.987057886471,50.004727600
2857,50.004560357720,50.021804800
2858,50.022062828969,50.039886600
2859,50.039565300217,50.057662500
2860,50.057067771466,50.074156800
2861,50.074570242715,50.091603800
2862,50.092072713964,50.109258300
2863,50.109575185212,50.127478400
2864,50.127077656461,50.144370200
2865,50.144580127710,50.162205500
2866,50.162082598959,50.179827200
2867,50.179585070207,50.197551900
2868,50.197087541456,50.214072100
2869,50.214590012705,50.231852700
2870,50.232092483954,50.249077000
2871,50.249594955203,50.266472000
2872,50.267097426451,50.284374500
2873,50.284599897700,50.302940500
2874,50.302102368949,50.319632900
2875,50.319604840198,50.336837800
2876,50.337107311446,50.354217200
2877,50.354609782695,50.372199400
2878,50.372112253944,50.389955900
2879,50.389614725193,50.407055400
2880,50.407117196441,50.424170800
2881,50.424619667690,50.442267100
2882,50.442122138939,50.459130100
2883,50.459624610188,50.477091700
2884,50.477127081436,50.495151800
2885,50.494629552685,50.511765200
2886,50.512132023934,50.529528100
2887,50.529634495183,50.547373000
2888,50.547136966432,50.564230700
2889,50.564639437680,50.582018000
2890,50.582141908929,50.599616200
2891,50.599644380178,50.617857400
2892,50.617146851427,50.636893300
2893,50.634649322675,50.653403600
2894,50.652151793924,50.670377400
2895,50.669654265173,50.688035100
2896,50.687156736422,50.704104300
2897,50.704659207670,50.721922600
2898,50.722161678919,50.739253400
2899,50.739664150168,50.756722800
2900,50.757166621417,50.774394200
2901,50.774669092665,50.791876400
2902,50.792171563914,50.808879200
2903,50.809674035163,50.826264000
2904,50.827176506412,50.843926200
2905,50.844678977661,50.861315900
2906,50.862181448909,50.879311200
2907,50.879683920158,50.896797300
2908,50.897186391407,50.913706000
2909,50.914688862656,50.931619700
2910,50.932191333904,50.948782200
2911,50.949693805153,50.966398900
2912,50.967196276402,50.984091400
2913,50.984698747651,51.001134800
2914,51.002201218899,51.018632300
2915,51.019703690148,51.036782500
2916,51.037206161397,51.053826000
2917,51.054708632646,51.071810800
2918,51.072211103894,51.088822100
2919,51.089713575143,51.106259100
2920,51.107216046392,51.123976400
2921,51.124718517641,51.141206100
2922,51.142220988890,51.158900900
2923,51.159723460138,51.177163400
2924,51.177225931387,51.194119900
2925,51.194728402636,51.211561400
2926,51.212230873885,51.229206000
2927,51.229733345133,51.246797000
2928,51.247235816382,51.263756600
2929,51.264738287631,51.281902800
2930,51.282240758880,51.299117900
2931,51.299743230128,51.318740000
2932,51.317245701377,51.335707800
2933,51.334748172626,51.354171800
2934,51.352250643875,51.371246300
2935,51.369753115123,51.388813900
2936,51.387255586372,51.406780200
2937,51.404758057621,51.424154500
2938,51.422260528870,51.441282600
2939,51.439763000118,51.459003200
2940,51.457265471367,51.476245000
2941,51.474767942616,51.494045500
2942,51.492270413865,51.511447300
2943,51.509772885114,51.528675300
2944,51.527275356362,51.546306900
2945,51.544777827611,51.563843400
2946,51.562280298860,51.581884800
2947,51.579782770109,51.599167200
2948,51.597285241357,51.617278700
2949,51.614787712606,51.634303800
2950,51.632290183855,51.651279000
2951,51.649792655104,51.669205200
2952,51.667295126352,51.687212400
2953,51.684797597601,51.704092900
2954,51.702300068850,51.721671800
2955,51.719802540099,51.738877000
2956,51.737305011347,51.756296600
2957,51.754807482596,51.773647800
2958,51.772309953845,51.791180800
2959,51.789812425094,51.809167900
2960,51.807314896343,51.826524600
2961,51.824817367591,51.844254600
2962,51.842319838840,51.861610600
2963,51.859822310089,51.879395000
2964,51.877324781338,51.896668400
2965,51.894827252586,51.913915100
2966,51.912329723835,51.931645100
2967,51.929832195084,51.948986000
2968,51.947334666333,51.966610600
2969,51.964837137581,51.984335000
2970,51.982339608830,52.001923100
2971,51.999842080079,52.019781300
2972,52.017344551328,52.036920400
2973,52.034847022576,52.055863700
2974,52.052349493825,52.073452300
2975,52.069851965074,52.089650800
2976,52.087354436323,52.106449500
2977,52.104856907572,52.124010400
2978,52.122359378820,52.141439400
2979,52.139861850069,52.158976900
2980,52.157364321318,52.176941200
2981,52.174866792567,52.194329300
2982,52.192369263815,52.212134000
2983,52.209871735064,52.228819000
2984,52.227374206313,52.246768500
2985,52.244876677562,52.264533500
2986,52.262379148810,52.281461900
2987,52.279881620059,52.299218600
2988,52.297384091308,52.316851000
2989,52.314886562557,52.334120200
2990,52.332389033805,52.351769100
2991,52.349891505054,52.369642600
2992,52.367393976303,52.387209600
2993,52.384896447552,52.404442000
2994,52.402398918801,52.422257800
2995,52.419901390049,52.439136800
2996,52.437403861298,52.456820000
2997,52.454906332547,52.474263000
2998,52.472408803796,52.491654500
2999,52.489911275044,52.508965600
3000,52.507413746293,52.526445600
3001,52.524916217542,52.544310100
3002,52.542418688791,52.561928500
3003,52.559921160039,52.579452900
3004,52.577423631288,52.596790600
3005,52.594926102537,52.613960800
3006,52.612428573786,52.631790900
3007,52.629931045034,52.649038300
3008,52.647433516283,52.666621700
3009,52.664935987532,52.684391000
3010,52.682438458781,52.701724200
3011,52.699940930030,52.719038400
3012,52.717443401278,52.736643300
3013,52.734945872527,52.754083300
3014,52.752448343776,52.771625500
3015,52.769950815025,52.789016300
3016,52.787453286273,52.806693900
3017,52.804955757522,52.824078400
3018,52.822458228771,52.841668000
3019,52.839960700020,52.858917400
3020,52.857463171268,52.876758400
3021,52.874965642517,52.893932500
3022,52.892468113766,52.911711700
3023,52.909970585015,52.929101200
3024,52.927473056263,52.946691400
3025,52.944975527512,52.964063300
3026,52.962477998761,52.981848800
3027,52.979980470010,52.999736100
3028,52.997482941259,53.016901600
3029,53.014985412507,53.033940300
3030,53.032487883756,53.051535500
3031,53.049990355005,53.069075700
3032,53.067492826254,53.087159200
3033,53.084995297502,53.104342300
3034,53.102497768751,53.121724700
3035,53.120000240000,53.139553800
3036,53.137502711249,53.156802800
3037,53.155005182497,53.174022000
3038,53.172507653746,53.191980300
3039,53.190010124995,53.209416500
3040,53.207512596244,53.226557000
3041,53.225015067492,53.244142400
3042,53.242517538741,53.261835400
3043,53.260020009990,53.279142000
3044,53.277522481239,53.296928700
3045,53.295024952488,53.314309800
3046,53.312527423736,53.332354000
3047,53.330029894985,53.349369000
3048,53.347532366234,53.366848100
3049,53.365034837483,53.384892800
3050,53.382537308731,53.402179300
3051,53.400039779980,53.419364500
3052,53.417542251229,53.436738900
3053,53.435044722478,53.454161900
3054,53.452547193726,53.471725300
3055,53.470049664975,53.488956600
3056,53.487552136224,53.506995800
3057,53.505054607473,53.525006400
3058,53.522557078721,53.542438600
3059,53.540059549970,53.559810600
3060,53.557562021219,53.577353100
3061,53.575064492468,53.598913900
3062,53.592566963717,53.616319700
3063,53.610069434965,53.632237300
3064,53.627571906214,53.648689000
3065,53.645074377463,53.665383800
3066,53.662576848712,53.682123600
3067,53.680079319960,53.699706500
3068,53.697581791209,53.716919300
3069,53.715084262458,53.734240200
3070,53.732586733707,53.751659000
3071,53.750089204955,53.769156800
3072,53.767591676204,53.786799700
3073,53.785094147453,53.804172000
3074,53.802596618702,53.821657900
3075,53.820099089950,53.839279800
3076,53.837601561199,53.856939500
3077,53.855104032448,53.874395600
3078,53.872606503697,53.891718100
3079,53.890108974946,53.909760900
3080,53.907611446194,53.927652900
3081,53.925113917443,53.944984300
3082,53.942616388692,53.962284900
3083,53.960118859941,53.979764400
3084,53.977621331189,53.997528900
3085,53.995123802438,54.014916100
3086,54.012626273687,54.032253300
3087,54.030128744936,54.049580800
3088,54.047631216184,54.067392300
3089,54.065133687433,54.085584600
3090,54.082636158682,54.104370900
3091,54.100138629931,54.122422300
3092,54.117641101179,54.138845300
3093,54.135143572428,54.155107000
3094,54.152646043677,54.172213100
3095,54.170148514926,54.189911200
3096,54.187650986175,54.207231000
3097,54.205153457423,54.225354700
3098,54.222655928672,54.242283100
3099,54.240158399921,54.259981100
3100,54.257660871170,54.277732400
3101,54.275163342418,54.294660500
3102,54.292665813667,54.312305200
3103,54.310168284916,54.330054800
3104,54.327670756165,54.347333800
3105,54.345173227413,54.365213100
3106,54.362675698662,54.382492000
3107,54.380178169911,54.399967000
3108,54.397680641160,54.417174600
3109,54.415183112408,54.435445300
3110,54.432685583657,54.452264800
3111,54.450188054906,54.470000900
3112,54.467690526155,54.487018700
3113,54.485192997404,54.504603900
3114,54.502695468652,54.522728900
3115,54.520197939901,54.539654800
3116,54.537700411150,54.557349600
3117,54.555202882399,54.575112400
3118,54.572705353647,54.592181100
3119,54.590207824896,54.610167300
3120,54.607710296145,54.627286700
3121,54.625212767394,54.645155400
3122,54.642715238642,54.661962800
3123,54.660217709891,54.680524100
3124,54.677720181140,54.697450600
3125,54.695222652389,54.715599200
3126,54.712725123637,54.732665400
3127,54.730227594886,54.750207700
3128,54.747730066135,54.767851400
3129,54.765232537384,54.784948100
3130,54.782735008632,54.802102400
3131,54.800237479881,54.820116300
3132,54.817739951130,54.837667200
3133,54.835242422379,54.855752600
3134,54.852744893628,54.872892500
3135,54.870247364876,54.891555100
3136,54.887749836125,54.907996700
3137,54.905252307374,54.924861200
3138,54.922754778623,54.943017300
3139,54.940257249871,54.960011000
3140,54.957759721120,54.978201500
3141,54.975262192369,54.994660300
3142,54.992764663618,55.010896000
3143,55.010267134866,55.029948400
3144,55.027769606115,55.047230700
3145,55.045272077364,55.064859000
3146,55.062774548613,55.082376000
3147,55.080277019861,55.099656800
3148,55.097779491110,55.117614000
3149,55.115281962359,55.134926600
3150,55.132784433608,55.152350900
3151,55.150286904857,55.169911600
3152,55.167789376105,55.187286000
3153,55.185291847354,55.205418000
3154,55.202794318603,55.222602600
3155,55.220296789852,55.239786700
3156,55.237799261100,55.257422300
3157,55.255301732349,55.275381500
3158,55.272804203598,55.292257100
3159,55.290306674847,55.309865400
3160,55.307809146095,55.327207900
3161,55.325311617344,55.344760100
3162,55.342814088593,55.362392900
3163,55.360316559842,55.380250100
3164,55.377819031090,55.397488800
3165,55.395321502339,55.414932500
3166,55.412823973588,55.432510500
3167,55.430326444837,55.450751600
3168,55.447828916086,55.467277600
3169,55.465331387334,55.485088900
3170,55.482833858583,55.502401900
3171,55.500336329832,55.520227800
3172,55.517838801081,55.537085900
3173,55.535341272329,55.554745900
3174,55.552843743578,55.572308800
3175,55.570346214827,55.590207200
3176,55.587848686076,55.607512800
3177,55.605351157324,55.624889700
3178,55.622853628573,55.645269700
3179,55.640356099822,55.661251300
3180,55.657858571071,55.679294000
3181,55.675361042319,55.697844300
3182,55.692863513568,55.714227500
3183,55.710365984817,55.730248300
3184,55.727868456066,55.747372600
3185,55.745370927315,55.764665000
3186,55.762873398563,55.782378400
3187,55.780375869812,55.799921800
3188,55.797878341061,55.817069600
3189,55.815380812310,55.834613500
3190,55.832883283558,55.852838900
3191,55.850385754807,55.869977200
3192,55.867888226056,55.887493900
3193,55.885390697305,55.905089900
3194,55.902893168553,55.922461000
3195,55.920395639802,55.940786000
3196,55.937898111051,55.957747800
3197,55.955400582300,55.974888500
3198,55.972903053548,55.992538500
3199,55.990405524797,56.009632000
3200,56.007907996046,56.026818700
3201,56.025410467295,56.043252200
3202,56.042912938544,56.062153200
3203,56.060415409792,56.079809300
3204,56.077917881041,56.097847200
3205,56.095420352290,56.114529200
3206,56.112922823539,56.132837800
3207,56.130425294787,56.151639500
3208,56.147927766036,56.170421700
3209,56.165430237285,56.186590500
3210,56.182932708534,56.204237100
3211,56.200435179782,56.220244600
3212,56.217937651031,56.237810200
3213,56.235440122280,56.255042000
3214,56.252942593529,56.272715800
3215,56.270445064777,56.289946800
3216,56.287947536026,56.307488600
3217,56.305450007275,56.325334200
3218,56.322952478524,56.342971400
3219,56.340454949773,56.359918900
3220,56.357957421021,56.377487900
3221,56.375459892270,56.395152800
3222,56.392962363519,56.412423300
3223,56.410464834768,56.429842300
3224,56.427967306016,56.447818400
3225,56.445469777265,56.465528300
3226,56.462972248514,56.482213500
3227,56.480474719763,56.499903800
3228,56.497977191011,56.517310700
3229,56.515479662260,56.534945600
3230,56.532982133509,56.552671900
3231,56.550484604758,56.570117300
3232,56.567987076006,56.587579300
3233,56.585489547255,56.605031900
3234,56.602992018504,56.622438100
3235,56.620494489753,56.639914800
3236,56.637996961002,56.658733500
3237,56.655499432250,56.675163300
3238,56.673001903499,56.692876200
3239,56.690504374748,56.710123100
3240,56.708006845997,56.727439900
3241,56.725509317245,56.745255100
3242,56.743011788494,56.762496700
3243,56.760514259743,56.780289300
3244,56.778016730992,56.797531300
3245,56.795519202240,56.815004700
3246,56.813021673489,56.832717900
3247,56.830524144738,56.850099400
3248,56.848026615987,56.867609900
3249,56.865529087235,56.885658500
3250,56.883031558484,56.901989600
3251,56.900534029733,56.918721600
3252,56.918036500982,56.937487700
3253,56.935538972231,56.955618100
3254,56.953041443479,56.972873100
3255,56.970543914728,56.990111800
3256,56.988046385977,57.007531500
3257,57.005548857226,57.025446400
3258,57.023051328474,57.043035800
3259,57.040553799723,57.060033500
3260,57.058056270972,57.077666800
3261,57.075558742221,57.095687700
3262,57.093061213469,57.112709300
3263,57.110563684718,57.130523500
3264,57.128066155967,57.149041300
3265,57.145568627216,57.166476700
3266,57.163071098464,57.183637300
3267,57.180573569713,57.202388000
3268,57.198076040962,57.218974500
3269,57.215578512211,57.235689400
3270,57.233080983460,57.252865700
3271,57.250583454708,57.270457100
3272,57.268085925957,57.287566200
3273,57.285588397206,57.304813100
3274,57.303090868455,57.322654200
3275,57.320593339703,57.340022400
3276,57.338095810952,57.357234800
3277,57.355598282201,57.373467700
3278,57.373100753450,57.392785900
3279,57.390603224698,57.410268900
3280,57.408105695947,57.427624100
3281,57.425608167196,57.445340500
3282,57.443110638445,57.463010600
3283,57.460613109693,57.480328400
3284,57.478115580942,57.497671400
3285,57.495618052191,57.515576300
3286,57.513120523440,57.533070800
3287,57.530622994688,57.550093200
3288,57.548125465937,57.567393800
3289,57.565627937186,57.585530100
3290,57.583130408435,57.602751700
3291,57.600632879684,57.620031800
3292,57.618135350932,57.637803100
3293,57.635637822181,57.655234400
3294,57.653140293430,57.672706000
3295,57.670642764679,57.690378400
3296,57.688145235927,57.707981400
3297,57.705647707176,57.725360200
3298,57.723150178425,57.742684000
3299,57.740652649674,57.760064600
3300,57.758155120922,57.777683200
3301,57.775657592171,57.795381600
3302,57.793160063420,57.812448800
3303,57.810662534669,57.830101600
3304,57.828165005917,57.847737300
3305,57.845667477166,57.865197300
3306,57.863169948415,57.882811700
3307,57.880672419664,57.900492400
3308,57.898174890913,57.917705900
3309,57.915677362161,57.935265000
3310,57.933179833410,57.952797000
3311,57.950682304659,57.970963600
3312,57.968184775908,57.987632400
3313,57.985687247156,58.005121800
3314,58.003189718405,58.022853800
3315,58.020692189654,58.039952500
3316,58.038194660903,58.057486400
3317,58.055697132151,58.075077600
3318,58.073199603400,58.092736900
3319,58.090702074649,58.110117900
3320,58.108204545898,58.127402600
3321,58.125707017146,58.145272700
3322,58.143209488395,58.162551300
3323,58.160711959644,58.180224200
3324,58.178214430893,58.198159500
3325,58.195716902142,58.215345200
3326,58.213219373390,58.232627200
3327,58.230721844639,58.250148600
3328,58.248224315888,58.267932300
3329,58.265726787137,58.285990000
3330,58.283229258385,58.303603400
3331,58.300731729634,58.320334300
3332,58.318234200883,58.338009600
3333,58.335736672132,58.355369100
3334,58.353239143380,58.372690200
3335,58.370741614629,58.390873800
3336,58.388244085878,58.407762000
3337,58.405746557127,58.425604800
3338,58.423249028375,58.443239400
3339,58.440751499624,58.459951800
3340,58.458253970873,58.476287600
3341,58.475756442122,58.496237900
3342,58.493258913371,58.514814600
3343,58.510761384619,58.532724100
3344,58.528263855868,58.549686200
3345,58.545766327117,58.566402400
3346,58.563268798366,58.583166900
3347,58.580771269614,58.600431200
3348,58.598273740863,58.617868800
3349,58.615776212112,58.635449700
3350,58.633278683361,58.653303800
3351,58.650781154609,58.670675400
3352,58.668283625858,58.688044200
3353,58.685786097107,58.705676200
3354,58.703288568356,58.723307100
3355,58.720791039604,58.740188100
3356,58.738293510853,58.757858400
3357,58.755795982102,58.775585500
3358,58.773298453351,58.793041700
3359,58.790800924600,58.810240900
3360,58.808303395848,58.827961500
3361,58.825805867097,58.845631500
3362,58.843308338346,58.863852500
3363,58.860810809595,58.880414200
3364,58.878313280843,58.898131500
3365,58.895815752092,58.915594000
3366,58.913318223341,58.932875700
3367,58.930820694590,58.950533500
3368,58.948323165838,58.968313200
3369,58.965825637087,58.987230000
3370,58.983328108336,59.003951600
3371,59.000830579585,59.021184100
3372,59.018333050833,59.040177700
3373,59.035835522082,59.057113200
3374,59.053337993331,59.073661400
3375,59.070840464580,59.090778200
3376,59.088342935829,59.107801300
3377,59.105845407077,59.125381200
3378,59.123347878326,59.143132800
3379,59.140850349575,59.160364400
3380,59.158352820824,59.177664600
3381,59.175855292072,59.195283100
3382,59.193357763321,59.213594200
3383,59.210860234570,59.230469200
3384,59.228362705819,59.247685500
3385,59.245865177067,59.265623900
3386,59.263367648316,59.283721900
3387,59.280870119565,59.300370500
3388,59.298372590814,59.317922700
3389,59.315875062062,59.335781400
3390,59.333377533311,59.353600500
3391,59.350880004560,59.370347800
3392,59.368382475809,59.388259000
3393,59.385884947058,59.405629900
3394,59.403387418306,59.423074900
3395,59.420889889555,59.440298900
3396,59.438392360804,59.458778700
3397,59.455894832053,59.476092700
3398,59.473397303301,59.493442200
3399,59.490899774550,59.510760600
3400,59.508402245799,59.528646100
3401,59.525904717048,59.546012200
3402,59.543407188296,59.562821600
3403,59.560909659545,59.580347300
3404,59.578412130794,59.598020800
3405,59.595914602043,59.615431600
3406,59.613417073291,59.633014000
3407,59.630919544540,59.650662200
3408,59.648422015789,59.668149700
3409,59.665924487038,59.685996300
3410,59.683426958287,59.703994800
3411,59.700929429535,59.720965000
3412,59.718431900784,59.738335700
3413,59.735934372033,59.755345700
3414,59.753436843282,59.773108000
3415,59.770939314530,59.790782300
3416,59.788441785779,59.808181700
3417,59.805944257028,59.825698300
3418,59.823446728277,59.843407900
3419,59.840949199525,59.860829500
3420,59.858451670774,59.878046200
3421,59.875954142023,59.895945200
3422,59.893456613272,59.913780200
3423,59.910959084520,59.930784000
3424,59.928461555769,59.948075400
3425,59.945964027018,59.966062100
3426,59.963466498267,59.984522800
3427,59.980968969516,60.002180300
3428,59.998471440764,60.020709200
3429,60.015973912013,60.037170300
3430,60.033476383262,60.053786200
3431,60.050978854511,60.070502500
3432,60.068481325759,60.087999900
3433,60.085983797008,60.105821800
3434,60.103486268257,60.123616700
3435,60.120988739506,60.140717800
3436,60.138491210754,60.158116200
3437,60.155993682003,60.175363700
3438,60.173496153252,60.193156500
3439,60.190998624501,60.210692800
3440,60.208501095749,60.227991700
3441,60.226003566998,60.245617600
3442,60.243506038247,60.263622700
3443,60.261008509496,60.280505600
3444,60.278510980745,60.298119900
3445,60.296013451993,60.315474500
3446,60.313515923242,60.333172700
3447,60.331018394491,60.350427100
3448,60.348520865740,60.368124600
3449,60.366023336988,60.386096000
3450,60.383525808237,60.403209500
3451,60.401028279486,60.420469300
3452,60.418530750735,60.437795200
3453,60.436033221983,60.456018800
3454,60.453535693232,60.473866600
3455,60.471038164481,60.492445400
3456,60.488540635730,60.509328000
3457,60.506043106978,60.526493000
3458,60.523545578227,60.544587100
3459,60.541048049476,60.560314800
3460,60.558550520725,60.578198800
3461,60.576052991973,60.595912000
3462,60.593555463222,60.613291200
3463,60.611057934471,60.630254300
3464,60.628560405720,60.648628800
3465,60.646062876969,60.666792800
3466,60.663565348217,60.683241600
3467,60.681067819466,60.701259000
3468,60.698570290715,60.719357200
3469,60.716072761964,60.735772900
3470,60.733575233212,60.752962600
3471,60.751077704461,60.770300300
3472,60.768580175710,60.787899900
3473,60.786082646959,60.805650600
3474,60.803585118207,60.824139700
3475,60.821087589456,60.840574200
3476,60.838590060705,60.857943100
3477,60.856092531954,60.875139800
3478,60.873595003202,60.892759800
3479,60.891097474451,60.910632400
3480,60.908599945700,60.928107100
3481,60.926102416949,60.945456300
3482,60.943604888198,60.962934600
3483,60.961107359446,60.980837500
3484,60.978609830695,60.997582700
3485,60.996112301944,61.015384600
3486,61.013614773193,61.034077200
3487,61.031117244441,61.050392700
3488,61.048619715690,61.067577300
3489,61.066122186939,61.085456000
3490,61.083624658188,61.102736200
3491,61.101127129436,61.120183700
3492,61.118629600685,61.137937100
3493,61.136132071934,61.156192600
3494,61.153634543183,61.172761800
3495,61.171137014431,61.190406300
3496,61.188639485680,61.208000000
3497,61.206141956929,61.225738600
3498,61.223644428178,61.243698500
3499,61.241146899427,61.260709700
3500,61.258649370675,61.277789700
3501,61.276151841924,61.295538800
3502,61.293654313173,61.311088600
3503,61.311156784422,61.330720000
3504,61.328659255670,61.348089700
3505,61.346161726919,61.365406500
3506,61.363664198168,61.383328500
3507,61.381166669417,61.400695300
3508,61.398669140665,61.418025000
3509,61.416171611914,61.435265300
3510,61.433674083163,61.452917800
3511,61.451176554412,61.471561900
3512,61.468679025660,61.487383700
3513,61.486181496909,61.504097900
3514,61.503683968158,61.523205900
3515,61.521186439407,61.541932100
3516,61.538688910656,61.560527100
3517,61.556191381904,61.576872000
3518,61.573693853153,61.593736200
3519,61.591196324402,61.610805100
3520,61.608698795651,61.628088400
3521,61.626201266899,61.646007600
3522,61.643703738148,61.663375600
3523,61.661206209397,61.681008600
3524,61.678708680646,61.698177200
3525,61.696211151894,61.716786900
3526,61.713713623143,61.734044700
3527,61.731216094392,61.750993700
3528,61.748718565641,61.767792600
3529,61.766221036889,61.785866900
3530,61.783723508138,61.803328700
3531,61.801225979387,61.820741400
3532,61.818728450636,61.838161000
3533,61.836230921885,61.856005100
3534,61.853733393133,61.873080400
3535,61.871235864382,61.890819400
3536,61.888738335631,61.908240700
3537,61.906240806880,61.925585100
3538,61.923743278128,61.943363600
3539,61.941245749377,61.961349200
3540,61.958748220626,61.978587400
3541,61.976250691875,61.995864100
3542,61.993753163123,62.012687300
3543,62.011255634372,62.029370400
3544,62.028758105621,62.048212600
3545,62.046260576870,62.065953500
3546,62.063763048118,62.083549700
3547,62.081265519367,62.101074500
3548,62.098767990616,62.118760900
3549,62.116270461865,62.136146000
3550,62.133772933114,62.153392800
3551,62.151275404362,62.170651500
3552,62.168777875611,62.188056500
3553,62.186280346860,62.205571100
3554,62.203782818109,62.223517000
3555,62.221285289357,62.241645800
3556,62.238787760606,62.258393200
3557,62.256290231855,62.276188400
3558,62.273792703104,62.293761600
3559,62.291295174352,62.311029500
3560,62.308797645601,62.328592700
3561,62.326300116850,62.346516400
3562,62.343802588099,62.363399800
3563,62.361305059347,62.381082600
3564,62.378807530596,62.399123400
3565,62.396310001845,62.416015700
3566,62.413812473094,62.433477800
3567,62.431314944343,62.451006200
3568,62.448817415591,62.466327700
3569,62.466319886840,62.486100400
3570,62.483822358089,62.503669800
3571,62.501324829338,62.521214900
3572,62.518827300586,62.538677400
3573,62.536329771835,62.556621900
3574,62.553832243084,62.574254200
3575,62.571334714333,62.591193700
3576,62.588837185581,62.608607400
3577,62.606339656830,62.626165100
3578,62.623842128079,62.643325100
3579,62.641344599328,62.661219300
3580,62.658847070576,62.679667700
3581,62.676349541825,62.696997100
3582,62.693852013074,62.716635700
3583,62.711354484323,62.734434700
3584,62.728856955572,62.750438600
3585,62.746359426820,62.767590900
3586,62.763861898069,62.784248800
3587,62.781364369318,62.801521800
3588,62.798866840567,62.818642500
3589,62.816369311815,62.835843500
3590,62.833871783064,62.853624400
3591,62.851374254313,62.871131400
3592,62.868876725562,62.888710500
3593,62.886379196810,62.906482000
3594,62.903881668059,62.923659700
3595,62.921384139308,62.941350400
3596,62.938886610557,62.958703200
3597,62.956389081805,62.976824800
3598,62.973891553054,62.993896100
3599,62.991394024303,63.011506700
3600,63.008896495552,63.029040700
3601,63.026398966801,63.047188200
3602,63.043901438049,63.064117700
3603,63.061403909298,63.081387300
3604,63.078906380547,63.099404400
3605,63.096408851796,63.116158800
3606,63.113911323044,63.133455900
3607,63.131413794293,63.151217500
3608,63.148916265542,63.168619100
3609,63.166418736791,63.186317000
3610,63.183921208039,63.203686900
3611,63.201423679288,63.221445600
3612,63.218926150537,63.238953900
3613,63.236428621786,63.256137900
3614,63.253931093034,63.274417000
3615,63.271433564283,63.291683900
3616,63.288936035532,63.308637200
3617,63.306438506781,63.325868600
3618,63.323940978030,63.343652900
3619,63.341443449278,63.361049300
3620,63.358945920527,63.379111200
3621,63.376448391776,63.396555200
3622,63.393950863025,63.413944700
3623,63.411453334273,63.431462700
3624,63.428955805522,63.449213300
3625,63.446458276771,63.466559400
3626,63.463960748020,63.483412500
3627,63.481463219268,63.500937800
3628,63.498965690517,63.518641500
3629,63.516468161766,63.536937900
3630,63.533970633015,63.554275300
3631,63.551473104263,63.574070300
3632,63.568975575512,63.589981300
3633,63.586478046761,63.606404100
3634,63.603980518010,63.623519800
3635,63.621482989259,63.641237900
3636,63.638985460507,63.658645800
3637,63.656487931756,63.676630800
3638,63.673990403005,63.693964200
3639,63.691492874254,63.711114600
3640,63.708995345502,63.729022300
3641,63.726497816751,63.746278700
3642,63.744000288000,63.763583600
3643,63.761502759249,63.781038200
3644,63.779005230497,63.799262400
3645,63.796507701746,63.816143000
3646,63.814010172995,63.833350600
3647,63.831512644244,63.851115000
3648,63.849015115492,63.868864300
3649,63.866517586741,63.885872000
3650,63.884020057990,63.903055000
3651,63.901522529239,63.919411600
3652,63.919025000487,63.939646500
3653,63.936527471736,63.955771900
3654,63.954029942985,63.973415300
3655,63.971532414234,63.991411800
3656,63.989034885483,64.008994500
3657,64.006537356731,64.026675700
3658,64.024039827980,64.046003700
3659,64.041542299229,64.062819300
3660,64.059044770478,64.079385700
3661,64.076547241726,64.097672800
3662,64.094049712975,64.113788000
3663,64.111552184224,64.131233200
3664,64.129054655473,64.148789100
3665,64.146557126721,64.166498100
3666,64.164059597970,64.184004500
3667,64.181562069219,64.201408800
3668,64.199064540468,64.218796300
3669,64.216567011716,64.236359200
3670,64.234069482965,64.254155600
3671,64.251571954214,64.271545100
3672,64.269074425463,64.290001000
3673,64.286576896712,64.305977000
3674,64.304079367960,64.323211700
3675,64.321581839209,64.341012800
3676,64.339084310458,64.358623000
3677,64.356586781707,64.375823500
3678,64.374089252955,64.393216500
3679,64.391591724204,64.411130200
3680,64.409094195453,64.428631000
3681,64.426596666702,64.446029700
3682,64.444099137950,64.463171400
3683,64.461601609199,64.481214400
3684,64.479104080448,64.499040100
3685,64.496606551697,64.516032200
3686,64.514109022945,64.533853900
3687,64.531611494194,64.551025000
3688,64.549113965443,64.569446500
3689,64.566616436692,64.585793300
3690,64.584118907941,64.604697000
3691,64.601621379189,64.621043100
3692,64.619123850438,64.638548300
3693,64.636626321687,64.655843300
3694,64.654128792936,64.673871700
3695,64.671631264184,64.690914600
3696,64.689133735433,64.708500600
3697,64.706636206682,64.726020600
3698,64.724138677931,64.743647400
3699,64.741641149179,64.760980500
3700,64.759143620428,64.778724600
3701,64.776646091677,64.796238000
3702,64.794148562926,64.814027500
3703,64.811651034174,64.831410900
3704,64.829153505423,64.848924900
3705,64.846655976672,64.866468300
3706,64.864158447921,64.883834800
3707,64.881660919170,64.901156700
3708,64.899163390418,64.919743800
3709,64.916665861667,64.936138500
3710,64.934168332916,64.953517500
3711,64.951670804165,64.970899200
3712,64.969173275413,64.988573200
3713,64.986675746662,65.006066200
3714,65.004178217911,65.023412400
3715,65.021680689160,65.039703300
3716,65.039183160408,65.058499100
3717,65.056685631657,65.076082000
3718,65.074188102906,65.093785300
3719,65.091690574155,65.111289500
3720,65.109193045403,65.128655400
3721,65.126695516652,65.145929000
3722,65.144197987901,65.163904600
3723,65.161700459150,65.181411500
3724,65.179202930399,65.199300600
3725,65.196705401647,65.217130100
3726,65.214207872896,65.236184000
3727,65.231710344145,65.252850000
3728,65.249212815394,65.269528100
3729,65.266715286642,65.286311600
3730,65.284217757891,65.303723600
3731,65.301720229140,65.321025500
3732,65.319222700389,65.338686200
3733,65.336725171637,65.356143600
3734,65.354227642886,65.373810700
3735,65.371730114135,65.391401000
3736,65.389232585384,65.408591600
3737,65.406735056632,65.426498200
3738,65.424237527881,65.444120600
3739,65.441739999130,65.461852500
3740,65.459242470379,65.478884400
3741,65.476744941628,65.496093500
3742,65.494247412876,65.513572500
3743,65.511749884125,65.530896100
3744,65.529252355374,65.548893000
3745,65.546754826623,65.566108500
3746,65.564257297871,65.583339200
3747,65.581759769120,65.600926400
3748,65.599262240369,65.618682000
3749,65.616764711618,65.636008500
3750,65.634267182866,65.653969400
3751,65.651769654115,65.672345400
3752,65.669272125364,65.689194500
3753,65.686774596613,65.706196700
3754,65.704277067861,65.723675500
3755,65.721779539110,65.741154500
3756,65.739282010359,65.758722800
3757,65.756784481608,65.775983800
3758,65.774286952857,65.793757800
3759,65.791789424105,65.811136300
3760,65.809291895354,65.828829200
3761,65.826794366603,65.846419600
3762,65.844296837852,65.864019200
3763,65.861799309100,65.881409500
3764,65.879301780349,65.899490500
3765,65.896804251598,65.916838800
3766,65.914306722847,65.936273500
3767,65.931809194095,65.953138400
3768,65.949311665344,65.969605400
3769,65.966814136593,65.987721100
3770,65.984316607842,66.003747600
3771,66.001819079090,66.022448600
3772,66.019321550339,66.038591100
3773,66.036824021588,66.056236600
3774,66.054326492837,66.073741200
3775,66.071828964086,66.091203600
3776,66.089331435334,66.109031000
3777,66.106833906583,66.127042500
3778,66.124336377832,66.143956400
3779,66.141838849081,66.161042200
3780,66.159341320329,66.178644700
3781,66.176843791578,66.197450200
3782,66.194346262827,66.213759300
3783,66.211848734076,66.231265000
3784,66.229351205324,66.248952300
3785,66.246853676573,66.266156500
3786,66.264356147822,66.283805800
3787,66.281858619071,66.301723900
3788,66.299361090319,66.319441400
3789,66.316863561568,66.336878700
3790,66.334366032817,66.353915800
3791,66.351868504066,66.371344200
3792,66.369370975315,66.388928200
3793,66.386873446563,66.406302200
3794,66.404375917812,66.423899800
3795,66.421878389061,66.441480300
3796,66.439380860310,66.458698800
3797,66.456883331558,66.476149300
3798,66.474385802807,66.493827800
3799,66.491888274056,66.511208200
3800,66.509390745305,66.528373200
3801,66.526893216553,66.544943400
3802,66.544395687802,66.564265100
3803,66.561898159051,66.581596900
3804,66.579400630300,66.599174300
3805,66.596903101548,66.616799400
3806,66.614405572797,66.635224800
3807,66.631908044046,66.651175700
3808,66.649410515295,66.668855100
3809,66.666912986544,66.686368200
3810,66.684415457792,66.703939700
3811,66.701917929041,66.721448900
3812,66.719420400290,66.738956200
3813,66.736922871539,66.756338000
3814,66.754425342787,66.773961800
3815,66.771927814036,66.792280100
3816,66.789430285285,66.809649300
3817,66.806932756534,66.828148300
3818,66.824435227782,66.844993100
3819,66.841937699031,66.861555500
3820,66.859440170280,66.880093800
3821,66.876942641529,66.896390500
3822,66.894445112777,66.914118600
3823,66.911947584026,66.931749200
3824,66.929450055275,66.949133100
3825,66.946952526524,66.966692200
3826,66.964454997772,66.984257900
3827,66.981957469021,67.001686400
3828,66.999459940270,67.018811500
3829,67.016962411519,67.036589000
3830,67.034464882768,67.054162300
3831,67.051967354016,67.071552700
3832,67.069469825265,67.089050500
3833,67.086972296514,67.106476200
3834,67.104474767763,67.124382000
3835,67.121977239011,67.141370800
3836,67.139479710260,67.159889200
3837,67.156982181509,67.176455400
3838,67.174484652758,67.193999100
3839,67.191987124006,67.211703600
3840,67.209489595255,67.228884400
3841,67.226992066504,67.246459100
3842,67.244494537753,67.264117600
3843,67.261997009001,67.281479600
3844,67.279499480250,67.299513800
3845,67.297001951499,67.316471200
3846,67.314504422748,67.334290600
3847,67.332006893997,67.352335800
3848,67.349509365245,67.369520100
3849,67.367011836494,67.386907500
3850,67.384514307743,67.403936100
3851,67.402016778992,67.421832300
3852,67.419519250240,67.439113200
3853,67.437021721489,67.456693600
3854,67.454524192738,67.473951000
3855,67.472026663987,67.492008000
3856,67.489529135235,67.509136300
3857,67.507031606484,67.526642700
3858,67.524534077733,67.544250800
3859,67.542036548982,67.561980000
3860,67.559539020230,67.578917400
3861,67.577041491479,67.597467400
3862,67.594543962728,67.615382000
3863,67.612046433977,67.632569900
3864,67.629548905226,67.649373700
3865,67.647051376474,67.666771500
3866,67.664553847723,67.684466600
3867,67.682056318972,67.701451900
3868,67.699558790221,67.719104500
3869,67.717061261469,67.736819900
3870,67.734563732718,67.754623500
3871,67.752066203967,67.772969900
3872,67.769568675216,67.790345400
3873,67.787071146464,67.807140600
3874,67.804573617713,67.824873600
3875,67.822076088962,67.842056200
3876,67.839578560211,67.860423100
3877,67.857081031459,67.876804000
3878,67.874583502708,67.894373500
3879,67.892085973957,67.911890900
3880,67.909588445206,67.929656100
3881,67.927090916455,67.946677200
3882,67.944593387703,67.963947300
3883,67.962095858952,67.982370700
3884,67.979598330201,67.999110800
3885,67.997100801450,68.016567600
3886,68.014603272698,68.034994500
3887,68.032105743947,68.052452900
3888,68.049608215196,68.071857100
3889,68.067110686445,68.088501500
3890,68.084613157693,68.105352000
3891,68.102115628942,68.122199400
3892,68.119618100191,68.139068100
3893,68.137120571440,68.156724300
3894,68.154623042688,68.174299100
3895,68.172125513937,68.192153800
3896,68.189627985186,68.209338800
3897,68.207130456435,68.226588800
3898,68.224632927684,68.244644900
3899,68.242135398932,68.261708900
3900,68.259637870181,68.278970000
3901,68.277140341430,68.296722800
3902,68.294642812679,68.314493500
3903,68.312145283927,68.331740700
3904,68.329647755176,68.349425500
3905,68.347150226425,68.366783300
3906,68.364652697674,68.384339000
3907,68.382155168922,68.402008700
3908,68.399657640171,68.419330800
3909,68.417160111420,68.436804200
3910,68.434662582669,68.453869300
3911,68.452165053917,68.469554000
3912,68.469667525166,68.489465800
3913,68.487169996415,68.506687800
3914,68.504672467664,68.524019200
3915,68.522174938913,68.541658000
3916,68.539677410161,68.559326500
3917,68.557179881410,68.576648600
3918,68.574682352659,68.594063100
3919,68.592184823908,68.611719700
3920,68.609687295156,68.629541800
3921,68.627189766405,68.646740600
3922,68.644692237654,68.664281000
3923,68.662194708903,68.682113800
3924,68.679697180151,68.699261400
3925,68.697199651400,68.717087400
3926,68.714702122649,68.734160900
3927,68.732204593898,68.751882000
3928,68.749707065146,68.769360900
3929,68.767209536395,68.786626100
3930,68.784712007644,68.804558000
3931,68.802214478893,68.821820400
3932,68.819716950142,68.839464100
3933,68.837219421390,68.856891400
3934,68.854721892639,68.875246600
3935,68.872224363888,68.892649000
3936,68.889726835137,68.909280800
3937,68.907229306385,68.926707400
3938,68.924731777634,68.944132700
3939,68.942234248883,68.961685900
3940,68.959736720132,68.979458400
3941,68.977239191380,68.997300000
3942,68.994741662629,69.015367300
3943,69.012244133878,69.031882800
3944,69.029746605127,69.050185100
3945,69.047249076375,69.066840600
3946,69.064751547624,69.084313800
3947,69.082254018873,69.101832400
3948,69.099756490122,69.119157900
3949,69.117258961371,69.136991800
3950,69.134761432619,69.154334700
3951,69.152263903868,69.172173800
3952,69.169766375117,69.189896400
3953,69.187268846366,69.206948600
3954,69.204771317614,69.224613000
3955,69.222273788863,69.241923800
3956,69.239776260112,69.259578000
3957,69.257278731361,69.276902200
3958,69.274781202609,69.294225200
3959,69.292283673858,69.311887600
3960,69.309786145107,69.329396000
3961,69.327288616356,69.346704500
3962,69.344791087604,69.364850500
3963,69.362293558853,69.381950900
3964,69.379796030102,69.400809900
3965,69.397298501351,69.417563300
3966,69.414800972600,69.435248000
3967,69.432303443848,69.453937200
3968,69.449805915097,69.470505300
3969,69.467308386346,69.487424300
3970,69.484810857595,69.504392900
3971,69.502313328843,69.522183000
3972,69.519815800092,69.539314500
3973,69.537318271341,69.556924100
3974,69.554820742590,69.574640900
3975,69.572323213838,69.591804400
3976,69.589825685087,69.609160800
3977,69.607328156336,69.627389300
3978,69.624830627585,69.644270000
3979,69.642333098833,69.662027600
3980,69.659835570082,69.679964800
3981,69.677338041331,69.698153900
3982,69.694840512580,69.715184600
3983,69.712342983829,69.732071900
3984,69.729845455077,69.749858400
3985,69.747347926326,69.767013200
3986,69.764850397575,69.784465400
3987,69.782352868824,69.801798800
3988,69.799855340072,69.819731300
3989,69.817357811321,69.836894300
3990,69.834860282570,69.854299400
3991,69.852362753819,69.871882700
3992,69.869865225067,69.889281000
3993,69.887367696316,69.907472800
3994,69.904870167565,69.924892400
3995,69.922372638814,69.941862900
3996,69.939875110062,69.959235700
3997,69.957377581311,69.976791400
3998,69.974880052560,69.994091600
3999,69.992382523809,70.011621100
4000,70.009884995058,70.029327300
4001,70.027387466306,70.046785900
4002,70.044889937555,70.065167000
4003,70.062392408804,70.081934800
4004,70.079894880053,70.099027800
4005,70.097397351301,70.116883700
4006,70.114899822550,70.134464100
4007,70.132402293799,70.152179200
4008,70.149904765048,70.169468500
4009,70.167407236296,70.187685300
4010,70.184909707545,70.204626700
4011,70.202412178794,70.221944500
4012,70.219914650043,70.239342400
4013,70.237417121291,70.256802500
4014,70.254919592540,70.274297100
4015,70.272422063789,70.291674500
4016,70.289924535038,70.309673700
4017,70.307427006286,70.327056800
4018,70.324929477535,70.343996700
4019,70.342431948784,70.361589200
4020,70.359934420033,70.379742100
4021,70.377436891282,70.397439100
4022,70.394939362530,70.414502400
4023,70.412441833779,70.433003100
4024,70.429944305028,70.449271400
4025,70.447446776277,70.466803300
4026,70.464949247525,70.484169300
4027,70.482451718774,70.501921300
4028,70.499954190023,70.519066400
4029,70.517456661272,70.536515600
4030,70.534959132520,70.554918500
4031,70.552461603769,70.572557200
4032,70.569964075018,70.589271400
4033,70.587466546267,70.606828000
4034,70.604969017515,70.624419800
4035,70.622471488764,70.641936900
4036,70.639973960013,70.659381600
4037,70.657476431262,70.677232700
4038,70.674978902511,70.695394700
4039,70.692481373759,70.714905900
4040,70.709983845008,70.731607900
4041,70.727486316257,70.747516800
4042,70.744988787506,70.765060900
4043,70.762491258754,70.782012500
4044,70.779993730003,70.799262500
4045,70.797496201252,70.816888700
4046,70.814998672501,70.834473800
4047,70.832501143749,70.851646800
4048,70.850003614998,70.869236200
4049,70.867506086247,70.886915600
4050,70.885008557496,70.904466700
4051,70.902511028744,70.921743100
4052,70.920013499993,70.940708600
4053,70.937515971242,70.957161800
4054,70.955018442491,70.974411800
4055,70.972520913740,70.992067200
4056,70.990023384988,71.009384400
4057,71.007525856237,71.026835100
4058,71.025028327486,71.044817800
4059,71.042530798735,71.062182400
4060,71.060033269983,71.079482800
4061,71.077535741232,71.096869900
4062,71.095038212481,71.114641500
4063,71.112540683730,71.132375400
4064,71.130043154978,71.149410300
4065,71.147545626227,71.166589300
4066,71.165048097476,71.185132700
4067,71.182550568725,71.203160800
4068,71.200053039973,71.219336400
4069,71.217555511222,71.236669700
4070,71.235057982471,71.254510900
4071,71.252560453720,71.271784300
4072,71.270062924969,71.289738300
4073,71.287565396217,71.306758800
4074,71.305067867466,71.324494700
4075,71.322570338715,71.341975500
4076,71.340072809964,71.359602900
4077,71.357575281212,71.377034000
4078,71.375077752461,71.394682800
4079,71.392580223710,71.411849800
4080,71.410082694959,71.430213400
4081,71.427585166207,71.447582800
4082,71.445087637456,71.464922500
4083,71.462590108705,71.481947300
4084,71.480092579954,71.499219000
4085,71.497595051202,71.516681300
4086,71.515097522451,71.534073900
4087,71.532599993700,71.552036500
4088,71.550102464949,71.569362600
4089,71.567604936198,71.586888700
4090,71.585107407446,71.604266400
4091,71.602609878695,71.621806200
4092,71.620112349944,71.639768200
4093,71.637614821193,71.656469000
4094,71.655117292441,71.674399800
4095,71.672619763690,71.691855900
4096,71.690122234939,71.709766700
4097,71.707624706188,71.727885300
4098,71.725127177436,71.744495700
4099,71.742629648685,71.761854500
4100,71.760132119934,71.779215400
4101,71.777634591183,71.797512200
4102,71.795137062431,71.814654100
4103,71.812639533680,71.832104300
4104,71.830142004929,71.849734600
4105,71.847644476178,71.866876300
4106,71.865146947427,71.884429500
4107,71.882649418675,71.901701600
4108,71.900151889924,71.919293100
4109,71.917654361173,71.936782600
4110,71.935156832422,71.954350300
4111,71.952659303670,71.972471500
4112,71.970161774919,71.989281500
4113,71.987664246168,72.006691300
4114,72.005166717417,72.024230700
4115,72.022669188665,72.041799600
4116,72.040171659914,72.059126900
4117,72.057674131163,72.076798100
4118,72.075176602412,72.094224800
4119,72.092679073660,72.111856300
4120,72.110181544909,72.129303100
4121,72.127684016158,72.146942700
4122,72.145186487407,72.165132500
4123,72.162688958656,72.182320300
4124,72.180191429904,72.199574600
4125,72.197693901153,72.217533100
4126,72.215196372402,72.234415000
4127,72.232698843651,72.251968700
4128,72.250201314899,72.269220400
4129,72.267703786148,72.286983200
4130,72.285206257397,72.304159500
4131,72.302708728646,72.321910800
4132,72.320211199894,72.339352600
4133,72.337713671143,72.356249300
4134,72.355216142392,72.373216400
4135,72.372718613641,72.392237800
4136,72.390221084889,72.408026800
4137,72.407723556138,72.426960300
4138,72.425226027387,72.442895600
4139,72.442728498636,72.461345000
4140,72.460230969885,72.477950100
4141,72.477733441133,72.497245100
4142,72.495235912382,72.514735200
4143,72.512738383631,72.532277700
4144,72.530240854880,72.549659100
4145,72.547743326128,72.567442300
4146,72.565245797377,72.585003100
4147,72.582748268626,72.602272200
4148,72.600250739875,72.619389200
4149,72.617753211123,72.636958600
4150,72.635255682372,72.654280000
4151,72.652758153621,72.672653400
4152,72.670260624870,72.690284300
4153,72.687763096118,72.707929700
4154,72.705265567367,72.726787300
4155,72.722768038616,72.742036300
4156,72.740270509865,72.760905600
4157,72.757772981114,72.777041800
4158,72.775275452362,72.794903500
4159,72.792777923611,72.812514000
4160,72.810280394860,72.829852200
4161,72.827782866109,72.847499400
4162,72.845285337357,72.864491900
4163,72.862787808606,72.882241000
4164,72.880290279855,72.899728100
4165,72.897792751104,72.917694800
4166,72.915295222352,72.934721100
4167,72.932797693601,72.952465100
4168,72.950300164850,72.969846900
4169,72.967802636099,72.987788700
4170,72.985305107347,73.004807600
4171,73.002807578596,73.022149600
4172,73.020310049845,73.039852100
4173,73.037812521094,73.057053200
4174,73.055314992343,73.074900400
4175,73.072817463591,73.092716000
4176,73.090319934840,73.110189300
4177,73.107822406089,73.127198300
4178,73.125324877338,73.145400800
4179,73.142827348586,73.162566000
4180,73.160329819835,73.179876800
4181,73.177832291084,73.197619500
4182,73.195334762333,73.215670100
4183,73.212837233581,73.233595300
4184,73.230339704830,73.250401600
4185,73.247842176079,73.267878100
4186,73.265344647328,73.285358600
4187,73.282847118576,73.302363500
4188,73.300349589825,73.319891800
4189,73.317852061074,73.337528400
4190,73.335354532323,73.354932800
4191,73.352857003572,73.372406200
4192,73.370359474820,73.390421000
4193,73.387861946069,73.408195900
4194,73.405364417318,73.425040600
4195,73.422866888567,73.442594800
4196,73.440369359815,73.460344200
4197,73.457871831064,73.477782000
4198,73.475374302313,73.494974800
4199,73.492876773562,73.514143300
4200,73.510379244810,73.530299000
4201,73.527881716059,73.548438700
4202,73.545384187308,73.565029200
4203,73.562886658557,73.582575900
4204,73.580389129805,73.600130300
4205,73.597891601054,73.617073700
4206,73.615394072303,73.633002500
4207,73.632896543552,73.653486300
4208,73.650399014800,73.670822000
4209,73.667901486049,73.687523400
4210,73.685403957298,73.705479000
4211,73.702906428547,73.723389000
4212,73.720408899796,73.740397200
4213,73.737911371044,73.760637800
4214,73.755413842293,73.778239300
4215,73.772916313542,73.795290200
4216,73.790418784791,73.811079000
4217,73.807921256039,73.828058800
4218,73.825423727288,73.845032600
4219,73.842926198537,73.862777800
4220,73.860428669786,73.879764100
4221,73.877931141034,73.897638200
4222,73.895433612283,73.915031700
4223,73.912936083532,73.932578100
4224,73.930438554781,73.950067700
4225,73.947941026029,73.967809900
4226,73.965443497278,73.984991400
4227,73.982945968527,74.002578700
4228,74.000448439776,74.020470600
4229,74.017950911025,74.038351200
4230,74.035453382273,74.055818700
4231,74.052955853522,74.073503200
4232,74.070458324771,74.090659100
4233,74.087960796020,74.108023300
4234,74.105463267268,74.125280800
4235,74.122965738517,74.143118700
4236,74.140468209766,74.160150600
4237,74.157970681015,74.177720700
4238,74.175473152263,74.195157500
4239,74.192975623512,74.212830400
4240,74.210478094761,74.230067500
4241,74.227980566010,74.247699200
4242,74.245483037258,74.265266800
4243,74.262985508507,74.281131500
4244,74.280487979756,74.300328000
4245,74.297990451005,74.317775900
4246,74.315492922254,74.335151200
4247,74.332995393502,74.353121100
4248,74.350497864751,74.369995800
4249,74.368000336000,74.387822800
4250,74.385502807249,74.405136200
4251,74.403005278497,74.422490600
4252,74.420507749746,74.440066000
4253,74.438010220995,74.457892300
4254,74.455512692244,74.475220700
4255,74.473015163492,74.493001700
4256,74.490517634741,74.510651100
4257,74.508020105990,74.528631300
4258,74.525522577239,74.548617900
4259,74.543025048487,74.564622600
4260,74.560527519736,74.581138000
4261,74.578029990985,74.599449500
4262,74.595532462234,74.615497300
4263,74.613034933483,74.633218100
4264,74.630537404731,74.650359400
4265,74.648039875980,74.667781300
4266,74.665542347229,74.685488500
4267,74.683044818478,74.702804200
4268,74.700547289726,74.718738500
4269,74.718049760975,74.737524400
4270,74.735552232224,74.755094700
4271,74.753054703473,74.773231600
4272,74.770557174721,74.790119000
4273,74.788059645970,74.807681400
4274,74.805562117219,74.824979500
4275,74.823064588468,74.842729200
4276,74.840567059716,74.860062400
4277,74.858069530965,74.877911200
4278,74.875572002214,74.895403500
4279,74.893074473463,74.913053300
4280,74.910576944712,74.930427200
4281,74.928079415960,74.947776800
4282,74.945581887209,74.965748100
4283,74.963084358458,74.982866600
4284,74.980586829707,74.999847000
4285,74.998089300955,75.017352100
4286,75.015591772204,75.035026400
4287,75.033094243453,75.052448100
4288,75.050596714702,75.070427200
4289,75.068099185950,75.087732000
4290,75.085601657199,75.105160700
4291,75.103104128448,75.122210300
4292,75.120606599697,75.139900500
4293,75.138109070945,75.157627900
4294,75.155611542194,75.175066700
4295,75.173114013443,75.192551700
4296,75.190616484692,75.210641200
4297,75.208118955941,75.227619100
4298,75.225621427189,75.244868700
4299,75.243123898438,75.262843600
4300,75.260626369687,75.279849200
4301,75.278128840936,75.297685300
4302,75.295631312184,75.315642100
4303,75.313133783433,75.332829000
4304,75.330636254682,75.350163600
4305,75.348138725931,75.367273300
4306,75.365641197179,75.384760700
4307,75.383143668428,75.402532700
4308,75.400646139677,75.419890600
4309,75.418148610926,75.437242100
4310,75.435651082174,75.454905500
4311,75.453153553423,75.472878200
4312,75.470656024672,75.490329500
4313,75.488158495921,75.507278100
4314,75.505660967170,75.525139300
4315,75.523163438418,75.542511600
4316,75.540665909667,75.560175000
4317,75.558168380916,75.578539800
4318,75.575670852165,75.595434200
4319,75.593173323413,75.612989300
4320,75.610675794662,75.630346500
4321,75.628178265911,75.647998100
4322,75.645680737160,75.665392200
4323,75.663183208408,75.682798700
4324,75.680685679657,75.700076000
4325,75.698188150906,75.718064500
4326,75.715690622155,75.735692500
4327,75.733193093403,75.753368900
4328,75.750695564652,75.770585300
4329,75.768198035901,75.788068800
4330,75.785700507150,75.805823100
4331,75.803202978399,75.822908000
4332,75.820705449647,75.841499100
4333,75.838207920896,75.860725000
4334,75.855710392145,75.877993300
4335,75.873212863394,75.894261700
4336,75.890715334642,75.910746100
4337,75.908217805891,75.928016100
4338,75.925720277140,75.945131300
4339,75.943222748389,75.962927700
4340,75.960725219637,75.980948200
4341,75.978227690886,75.997948900
4342,75.995730162135,76.015416400
4343,76.013232633384,76.033709300
4344,76.030735104632,76.050643800
4345,76.048237575881,76.069457900
4346,76.065740047130,76.086120600
4347,76.083242518379,76.103287300
4348,76.100744989628,76.120751300
4349,76.118247460876,76.138155500
4350,76.135749932125,76.156433200
4351,76.153252403374,76.173780700
4352,76.170754874623,76.190412300
4353,76.188257345871,76.207970900
4354,76.205759817120,76.225380900
4355,76.223262288369,76.242978100
4356,76.240764759618,76.260611100
4357,76.258267230866,76.278452700
4358,76.275769702115,76.295467500
4359,76.293272173364,76.313702400
4360,76.310774644613,76.330509600
4361,76.328277115861,76.348040500
4362,76.345779587110,76.365570600
4363,76.363282058359,76.383048300
4364,76.380784529608,76.400715600
4365,76.398287000856,76.418047800
4366,76.415789472105,76.435649100
4367,76.433291943354,76.453205700
4368,76.450794414603,76.470405600
4369,76.468296885852,76.488011000
4370,76.485799357100,76.505273100
4371,76.503301828349,76.522792800
4372,76.520804299598,76.540659200
4373,76.538306770847,76.558011600
4374,76.555809242095,76.575909800
4375,76.573311713344,76.593600900
4376,76.590814184593,76.610463200
4377,76.608316655842,76.627800100
4378,76.625819127090,76.645471500
4379,76.643321598339,76.663231100
4380,76.660824069588,76.680548000
4381,76.678326540837,76.698269300
4382,76.695829012085,76.715847300
4383,76.713331483334,76.733223300
4384,76.730833954583,76.750678100
4385,76.748336425832,76.768274900
4386,76.765838897081,76.785583900
4387,76.783341368329,76.803629100
4388,76.800843839578,76.820148800
4389,76.818346310827,76.838082000
4390,76.835848782076,76.856087900
4391,76.853351253324,76.872976300
4392,76.870853724573,76.890923800
4393,76.888356195822,76.908208900
4394,76.905858667071,76.925584500
4395,76.923361138319,76.943967400
4396,76.940863609568,76.960875400
4397,76.958366080817,76.978374400
4398,76.975868552066,76.995505200
4399,76.993371023314,77.012848000
4400,77.010873494563,77.030233000
4401,77.028375965812,77.047776400
4402,77.045878437061,77.065554700
4403,77.063380908310,77.083198500
4404,77.080883379558,77.101611800
4405,77.098385850807,77.120022300
4406,77.115888322056,77.136854000
4407,77.133390793305,77.154058600
4408,77.150893264553,77.170623200
4409,77.168395735802,77.187740300
4410,77.185898207051,77.205361200
4411,77.203400678300,77.223178900
4412,77.220903149548,77.240379700
4413,77.238405620797,77.258208800
4414,77.255908092046,77.275735600
4415,77.273410563295,77.293301400
4416,77.290913034543,77.311046500
4417,77.308415505792,77.328456300
4418,77.325917977041,77.346021100
4419,77.343420448290,77.362833300
4420,77.360922919539,77.380397800
4421,77.378425390787,77.397951500
4422,77.395927862036,77.415507300
4423,77.413430333285,77.432874800
4424,77.430932804534,77.450303200
4425,77.448435275782,77.467767100
4426,77.465937747031,77.485311000
4427,77.483440218280,77.502675300
4428,77.500942689529,77.520113200
4429,77.518445160777,77.538146800
4430,77.535947632026,77.555366800
4431,77.553450103275,77.573422300
4432,77.570952574524,77.590630400
4433,77.588455045772,77.608480700
4434,77.605957517021,77.625710200
4435,77.623459988270,77.643191200
4436,77.640962459519,77.660332700
4437,77.658464930768,77.678338000
4438,77.675967402016,77.696010000
4439,77.693469873265,77.713807200
4440,77.710972344514,77.730686000
4441,77.728474815763,77.747919800
4442,77.745977287011,77.765287900
4443,77.763479758260,77.782813000
4444,77.780982229509,77.800429800
4445,77.798484700758,77.818315700
4446,77.815987172006,77.838115000
4447,77.833489643255,77.855567400
4448,77.850992114504,77.871724100
4449,77.868494585753,77.888306300
4450,77.885997057001,77.906024800
4451,77.903499528250,77.922737900
4452,77.921001999499,77.940357700
4453,77.938504470748,77.957834900
4454,77.956006941997,77.975525400
4455,77.973509413245,77.992770500
4456,77.991011884494,78.010360100
4457,78.008514355743,78.028141100
4458,78.026016826992,78.045454600
4459,78.043519298240,78.063527100
4460,78.061021769489,78.080654200
4461,78.078524240738,78.098447700
4462,78.096026711987,78.116274600
4463,78.113529183235,78.133442500
4464,78.131031654484,78.150942500
4465,78.148534125733,78.167978100
4466,78.166036596982,78.185777100
4467,78.183539068230,78.202889700
4468,78.201041539479,78.220596500
4469,78.218544010728,78.238445800
4470,78.236046481977,78.255896500
4471,78.253548953226,78.273915000
4472,78.271051424474,78.290840600
4473,78.288553895723,78.308304000
4474,78.306056366972,78.326117000
4475,78.323558838221,78.343756000
4476,78.341061309469,78.361361200
4477,78.358563780718,78.378871500
4478,78.376066251967,78.396206600
4479,78.393568723216,78.413338600
4480,78.411071194464,78.430652600
4481,78.428573665713,78.448914600
4482,78.446076136962,78.465942100
4483,78.463578608211,78.483704100
4484,78.481081079459,78.500945800
4485,78.498583550708,78.518890600
4486,78.516086021957,78.536346300
4487,78.533588493206,78.554089700
4488,78.551090964455,78.571489500
4489,78.568593435703,78.590805700
4490,78.586095906952,78.607523300
4491,78.603598378201,78.624125700
4492,78.621100849450,78.641424500
4493,78.638603320698,78.658801400
4494,78.656105791947,78.676292200
4495,78.673608263196,78.693295900
4496,78.691110734445,78.710949100
4497,78.708613205693,78.728735300
4498,78.726115676942,78.745699400
4499,78.743618148191,78.763327100
4500,78.761120619440,78.780797000
4501,78.778623090688,78.798866200
4502,78.796125561937,78.815592300
4503,78.813628033186,78.833330600
4504,78.831130504435,78.851131100
4505,78.848632975684,78.868263300
4506,78.866135446932,78.886161500
4507,78.883637918181,78.903779400
4508,78.901140389430,78.921063500
4509,78.918642860679,78.938434300
4510,78.936145331927,78.953828500
4511,78.953647803176,78.973514900
4512,78.971150274425,78.991070000
4513,78.988652745674,79.008275000
4514,79.006155216922,79.025880300
4515,79.023657688171,79.043241500
4516,79.041160159420,79.060629500
4517,79.058662630669,79.078469100
4518,79.076165101917,79.096101900
4519,79.093667573166,79.113529500
4520,79.111170044415,79.130781300
4521,79.128672515664,79.149178100
4522,79.146174986912,79.166322500
4523,79.163677458161,79.183277200
4524,79.181179929410,79.200626900
4525,79.198682400659,79.218276600
4526,79.216184871908,79.235990500
4527,79.233687343156,79.253190100
4528,79.251189814405,79.271108500
4529,79.268692285654,79.288601100
4530,79.286194756903,79.305990200
4531,79.303697228151,79.323513300
4532,79.321199699400,79.341116000
4533,79.338702170649,79.358821000
4534,79.356204641898,79.376721100
4535,79.373707113146,79.393760300
4536,79.391209584395,79.411095500
4537,79.408712055644,79.428397500
4538,79.426214526893,79.446015700
4539,79.443716998141,79.463220700
4540,79.461219469390,79.481184800
4541,79.478721940639,79.499122200
4542,79.496224411888,79.516019100
4543,79.513726883137,79.533755500
4544,79.531229354385,79.551022300
4545,79.548731825634,79.568905500
4546,79.566234296883,79.586580000
4547,79.583736768132,79.604044100
4548,79.601239239380,79.621558700
4549,79.618741710629,79.638513700
4550,79.636244181878,79.656356700
4551,79.653746653127,79.674425100
4552,79.671249124375,79.691182600
4553,79.688751595624,79.708760400
4554,79.706254066873,79.727576700
4555,79.723756538122,79.743472000
4556,79.741259009370,79.763260600
4557,79.758761480619,79.780094800
4558,79.776263951868,79.797391900
4559,79.793766423117,79.813415300
4560,79.811268894366,79.830621700
4561,79.828771365614,79.861299500
4562,79.846273836863,79.877844400
4563,79.863776308112,79.893632400
4564,79.881278779361,79.909361900
4565,79.898781250609,79.925202000
4566,79.916283721858,79.941321100
4567,79.933786193107,79.956989200
4568,79.951288664356,79.972630800
4569,79.968791135604,79.988407900
4570,79.986293606853,80.005618700
4571,80.003796078102,80.023138500
4572,80.021298549351,80.041252200
4573,80.038801020599,80.058248100
4574,80.056303491848,80.075947400
4575,80.073805963097,80.093168400
4576,80.091308434346,80.110923600
4577,80.108810905595,80.128683800
4578,80.126313376843,80.145956300
4579,80.143815848092,80.164376500
4580,80.161318319341,80.184335100
4581,80.178820790590,80.200725400
4582,80.196323261838,80.216867700
4583,80.213825733087,80.233749300
4584,80.231328204336,80.250669900
4585,80.248830675585,80.268494900
4586,80.266333146833,80.286135500
4587,80.283835618082,80.303433700
4588,80.301338089331,80.320682000
4589,80.318840560580,80.338327300
4590,80.336343031828,80.356007100
4591,80.353845503077,80.373732700
4592,80.371347974326,80.391391600
4593,80.388850445575,80.408684900
4594,80.406352916824,80.425876800
4595,80.423855388072,80.443069100
4596,80.441357859321,80.460478900
4597,80.458860330570,80.478275700
4598,80.476362801819,80.495786700
4599,80.493865273067,80.512900500
4600,80.511367744316,80.530380900
4601,80.528870215565,80.548828300
4602,80.546372686814,80.565658800
4603,80.563875158062,80.582943900
4604,80.581377629311,80.600517300
4605,80.598880100560,80.617916500
4606,80.616382571809,80.635661600
4607,80.633885043057,80.653239000
4608,80.651387514306,80.670622200
4609,80.668889985555,80.689104300
4610,80.686392456804,80.706673600
4611,80.703894928053,80.723665600
4612,80.721397399301,80.741227800
4613,80.738899870550,80.758696800
4614,80.756402341799,80.775882100
4615,80.773904813048,80.793535300
4616,80.791407284296,80.811201400
4617,80.808909755545,80.828468300
4618,80.826412226794,80.846250400
4619,80.843914698043,80.863559900
4620,80.861417169291,80.881287100
4621,80.878919640540,80.898831200
4622,80.896422111789,80.916754600
4623,80.913924583038,80.933998700
4624,80.931427054286,80.950926000
4625,80.948929525535,80.968210900
4626,80.966431996784,80.985559500
4627,80.983934468033,81.003410900
4628,81.001436939282,81.020432200
4629,81.018939410530,81.037999800
4630,81.036441881779,81.055600900
4631,81.053944353028,81.073002100
4632,81.071446824277,81.090551200
4633,81.088949295525,81.108575500
4634,81.106451766774,81.125988400
4635,81.123954238023,81.143272000
4636,81.141456709272,81.160699300
4637,81.158959180520,81.178401000
4638,81.176461651769,81.196113200
4639,81.193964123018,81.214383000
4640,81.211466594267,81.231798900
4641,81.228969065515,81.251104700
4642,81.246471536764,81.267686800
4643,81.263974008013,81.284141500
4644,81.281476479262,81.301179500
4645,81.298978950511,81.318368100
4646,81.316481421759,81.336081000
4647,81.333983893008,81.353377400
4648,81.351486364257,81.370988600
4649,81.368988835506,81.388408600
4650,81.386491306754,81.405933700
4651,81.403993778003,81.424310400
4652,81.421496249252,81.441219900
4653,81.438998720501,81.458554800
4654,81.456501191749,81.476374200
4655,81.474003662998,81.493588100
4656,81.491506134247,81.511144100
4657,81.509008605496,81.528677700
4658,81.526511076744,81.546390500
4659,81.544013547993,81.563672000
4660,81.561516019242,81.581105700
4661,81.579018490491,81.598623700
4662,81.596520961740,81.616983800
4663,81.614023432988,81.633634000
4664,81.631525904237,81.651204500
4665,81.649028375486,81.669951600
4666,81.666530846735,81.686525800
4667,81.684033317983,81.703875800
4668,81.701535789232,81.721547300
4669,81.719038260481,81.739129200
4670,81.736540731730,81.756413700
4671,81.754043202978,81.773672600
4672,81.771545674227,81.791167700
4673,81.789048145476,81.809136100
4674,81.806550616725,81.826225000
4675,81.824053087973,81.843674000
4676,81.841555559222,81.861398500
4677,81.859058030471,81.878729200
4678,81.876560501720,81.896844600
4679,81.894062972969,81.913724100
4680,81.911565444217,81.931256800
4681,81.929067915466,81.948865500
4682,81.946570386715,81.966584200
4683,81.964072857964,81.984662300
4684,81.981575329212,82.002425400
4685,81.999077800461,82.021931300
4686,82.016580271710,82.038628000
4687,82.034082742959,82.055598200
4688,82.051585214207,82.071718300
4689,82.069087685456,82.088958900
4690,82.086590156705,82.106296100
4691,82.104092627954,82.123876800
4692,82.121595099202,82.141508800
4693,82.139097570451,82.158898600
4694,82.156600041700,82.176929600
4695,82.174102512949,82.194359900
4696,82.191604984198,82.211399400
4697,82.209107455446,82.229203600
4698,82.226609926695,82.246708700
4699,82.244112397944,82.264552400
4700,82.261614869193,82.281658900
4701,82.279117340441,82.299105900
4702,82.296619811690,82.316851500
4703,82.314122282939,82.334883800
4704,82.331624754188,82.352422100
4705,82.349127225436,82.369143400
4706,82.366629696685,82.386769300
4707,82.384132167934,82.403908200
4708,82.401634639183,82.423599700
4709,82.419137110431,82.439735900
4710,82.436639581680,82.456821200
4711,82.454142052929,82.474923600
4712,82.471644524178,82.492283800
4713,82.489146995426,82.511483700
4714,82.506649466675,82.528240800
4715,82.524151937924,82.545646000
4716,82.541654409173,82.561682900
4717,82.559156880422,82.578992800
4718,82.576659351670,82.596645700
4719,82.594161822919,82.615294400
4720,82.611664294168,82.631743100
4721,82.629166765417,82.649519200
4722,82.646669236665,82.666626600
4723,82.664171707914,82.684468400
4724,82.681674179163,82.701509700
4725,82.699176650412,82.719224000
4726,82.716679121660,82.737436300
4727,82.734181592909,82.754331200
4728,82.751684064158,82.771765900
4729,82.769186535407,82.789141800
4730,82.786689006655,82.806888300
4731,82.804191477904,82.823928000
4732,82.821693949153,82.841174800
4733,82.839196420402,82.859231200
4734,82.856698891651,82.876993400
4735,82.874201362899,82.894016100
4736,82.891703834148,82.911577800
4737,82.909206305397,82.929834400
4738,82.926708776646,82.947644300
4739,82.944211247894,82.963924300
4740,82.961713719143,82.981918800
4741,82.979216190392,83.000170300
4742,82.996718661641,83.016763000
4743,83.014221132889,83.034246500
4744,83.031723604138,83.051431700
4745,83.049226075387,83.069053600
4746,83.066728546636,83.086592800
4747,83.084231017884,83.104885600
4748,83.101733489133,83.124310800
4749,83.119235960382,83.141194400
4750,83.136738431631,83.158174400
4751,83.154240902880,83.174800400
4752,83.171743374128,83.191961600
4753,83.189245845377,83.209531800
4754,83.206748316626,83.226963500
4755,83.224250787875,83.244144100
4756,83.241753259123,83.261313900
4757,83.259255730372,83.278791400
4758,83.276758201621,83.296396700
4759,83.294260672870,83.313879100
4760,83.311763144118,83.331440100
4761,83.329265615367,83.348951700
4762,83.346768086616,83.366629200
4763,83.364270557865,83.384220400
4764,83.381773029113,83.401523500
4765,83.399275500362,83.418716000
4766,83.416777971611,83.436445900
4767,83.434280442860,83.454849200
4768,83.451782914109,83.471199400
4769,83.469285385357,83.489093400
4770,83.486787856606,83.506287900
4771,83.504290327855,83.523662600
4772,83.521792799104,83.541416100
4773,83.539295270352,83.558970500
4774,83.556797741601,83.576253700
4775,83.574300212850,83.593520900
4776,83.591802684099,83.611128800
4777,83.609305155347,83.628659400
4778,83.626807626596,83.646074900
4779,83.644310097845,83.663986700
4780,83.661812569094,83.681766100
4781,83.679315040342,83.698385300
4782,83.696817511591,83.715162500
4783,83.714319982840,83.732915400
4784,83.731822454089,83.750837800
4785,83.749324925338,83.769282000
4786,83.766827396586,83.786568700
4787,83.784329867835,83.804080700
4788,83.801832339084,83.821596100
4789,83.819334810333,83.839090700
4790,83.836837281581,83.856354800
4791,83.854339752830,83.874333200
4792,83.871842224079,83.891749900
4793,83.889344695328,83.909658800
4794,83.906847166576,83.928870600
4795,83.924349637825,83.945971300
4796,83.941852109074,83.962308700
4797,83.959354580323,83.979907300
4798,83.976857051571,83.997335400
4799,83.994359522820,84.014083100
4800,84.011861994069,84.031592400
4801,84.029364465318,84.048812300
4802,84.046866936567,84.066782600
4803,84.064369407815,84.083849200
4804,84.081871879064,84.101408900
4805,84.099374350313,84.119032600
4806,84.116876821562,84.136714100
4807,84.134379292810,84.153910900
4808,84.151881764059,84.171411300
4809,84.169384235308,84.189351000
4810,84.186886706557,84.206557700
4811,84.204389177805,84.223894800
4812,84.221891649054,84.242657500
4813,84.239394120303,84.259413600
4814,84.256896591552,84.276518600
4815,84.274399062800,84.293993900
4816,84.291901534049,84.312089600
4817,84.309404005298,84.329344900
4818,84.326906476547,84.346556200
4819,84.344408947796,84.364183100
4820,84.361911419044,84.381913900
4821,84.379413890293,84.399105900
4822,84.396916361542,84.416451000
4823,84.414418832791,84.434208100
4824,84.431921304039,84.451540500
4825,84.449423775288,84.469362600
4826,84.466926246537,84.486468300
4827,84.484428717786,84.504160100
4828,84.501931189034,84.521273700
4829,84.519433660283,84.538889100
4830,84.536936131532,84.556578900
4831,84.554438602781,84.573876500
4832,84.571941074029,84.591630300
4833,84.589443545278,84.609273200
4834,84.606946016527,84.626999500
4835,84.624448487776,84.644415700
4836,84.641950959025,84.661238300
4837,84.659453430273,84.679309400
4838,84.676955901522,84.696698600
4839,84.694458372771,84.714155400
4840,84.711960844020,84.731549900
4841,84.729463315268,84.748934800
4842,84.746965786517,84.766829700
4843,84.764468257766,84.784342800
4844,84.781970729015,84.801367600
4845,84.799473200263,84.818962300
4846,84.816975671512,84.836427400
4847,84.834478142761,84.853778000
4848,84.851980614010,84.871674100
4849,84.869483085258,84.889019700
4850,84.886985556507,84.906832500
4851,84.904488027756,84.924042200
4852,84.921990499005,84.941813100
4853,84.939492970254,84.959228600
4854,84.956995441502,84.976636800
4855,84.974497912751,84.994002200
4856,84.992000384000,85.011678500
4857,85.009502855249,85.029103100
4858,85.027005326497,85.046228700
4859,85.044507797746,85.063856800
4860,85.062010268995,85.081480800
4861,85.079512740244,85.099137600
4862,85.097015211492,85.116862100
4863,85.114517682741,85.133811400
4864,85.132020153990,85.151690700
4865,85.149522625239,85.168880900
4866,85.167025096487,85.186460900
4867,85.184527567736,85.203844700
4868,85.202030038985,85.221305700
4869,85.219532510234,85.239132900
4870,85.237034981483,85.256431000
4871,85.254537452731,85.274807200
4872,85.272039923980,85.291456700
4873,85.289542395229,85.309165600
4874,85.307044866478,85.326401200
4875,85.324547337726,85.344219300
4876,85.342049808975,85.361613200
4877,85.359552280224,85.377391900
4878,85.377054751473,85.396550200
4879,85.394557222721,85.413768500
4880,85.412059693970,85.431486100
4881,85.429562165219,85.449082200
4882,85.447064636468,85.466633600
4883,85.464567107716,85.485078200
4884,85.482069578965,85.504512600
4885,85.499572050214,85.522126500
4886,85.517074521463,85.538348100
4887,85.534576992712,85.554415000
4888,85.552079463960,85.571981200
4889,85.569581935209,85.589593000
4890,85.587084406458,85.606865000
4891,85.604586877707,85.624240100
4892,85.622089348955,85.641487500
4893,85.639591820204,85.658941300
4894,85.657094291453,85.676931900
4895,85.674596762702,85.694099400
4896,85.692099233950,85.711575300
4897,85.709601705199,85.728946700
4898,85.727104176448,85.746204000
4899,85.744606647697,85.764201800
4900,85.762109118945,85.781625500
4901,85.779611590194,85.799204800
4902,85.797114061443,85.816732400
4903,85.814616532692,85.834079600
4904,85.832119003940,85.851407100
4905,85.849621475189,85.869140500
4906,85.867123946438,85.886602000
4907,85.884626417687,85.904158000
4908,85.902128888936,85.921341800
4909,85.919631360184,85.938885900
4910,85.937133831433,85.956498800
4911,85.954636302682,85.973723500
4912,85.972138773931,85.991751700
4913,85.989641245179,86.009362200
4914,86.007143716428,86.026441500
4915,86.024646187677,86.044071400
4916,86.042148658926,86.061628600
4917,86.059651130174,86.078966200
4918,86.077153601423,86.096453400
4919,86.094656072672,86.114860500
4920,86.112158543921,86.131955900
4921,86.129661015169,86.149612000
4922,86.147163486418,86.166805200
4923,86.164665957667,86.183845500
4924,86.182168428916,86.201773800
4925,86.199670900165,86.218803800
4926,86.217173371413,86.236535100
4927,86.234675842662,86.254077000
4928,86.252178313911,86.271540400
4929,86.269680785160,86.288974900
4930,86.287183256408,86.306919700
4931,86.304685727657,86.324372200
4932,86.322188198906,86.342943900
4933,86.339690670155,86.361747100
4934,86.357193141403,86.378321400
4935,86.374695612652,86.394972700
4936,86.392198083901,86.411377500
4937,86.409700555150,86.428689600
4938,86.427203026398,86.447146800
4939,86.444705497647,86.464452300
4940,86.462207968896,86.481447300
4941,86.479710440145,86.498848600
4942,86.497212911394,86.516539800
4943,86.514715382642,86.533853200
4944,86.532217853891,86.552527300
4945,86.549720325140,86.568812300
4946,86.567222796389,86.586892100
4947,86.584725267637,86.603751100
4948,86.602227738886,86.621615400
4949,86.619730210135,86.638775100
4950,86.637232681384,86.656506400
4951,86.654735152632,86.674140800
4952,86.672237623881,86.692440000
4953,86.689740095130,86.709380400
4954,86.707242566379,86.726935300
4955,86.724745037627,86.744322600
4956,86.742247508876,86.761673000
4957,86.759749980125,86.778868600
4958,86.777252451374,86.796496500
4959,86.794754922623,86.814287600
4960,86.812257393871,86.831431300
4961,86.829759865120,86.848912000
4962,86.847262336369,86.866745000
4963,86.864764807618,86.884227800
4964,86.882267278866,86.901643900
4965,86.899769750115,86.918867500
4966,86.917272221364,86.936485200
4967,86.934774692613,86.953815700
4968,86.952277163861,86.971182000
4969,86.969779635110,86.989800900
4970,86.987282106359,87.009863100
4971,87.004784577608,87.027031200
4972,87.022287048856,87.042674700
4973,87.039789520105,87.059375900
4974,87.057291991354,87.076807700
4975,87.074794462603,87.094169600
4976,87.092296933852,87.111706100
4977,87.109799405100,87.129425300
4978,87.127301876349,87.147556300
4979,87.144804347598,87.164310000
4980,87.162306818847,87.181863000
4981,87.179809290095,87.199437000
4982,87.197311761344,87.216721300
4983,87.214814232593,87.234001300
4984,87.232316703842,87.251599700
4985,87.249819175090,87.269320000
4986,87.267321646339,87.286841700
4987,87.284824117588,87.304106200
4988,87.302326588837,87.321743300
4989,87.319829060085,87.339933100
4990,87.337331531334,87.356748200
4991,87.354834002583,87.374207900
4992,87.372336473832,87.391689600
4993,87.389838945081,87.409310900
4994,87.407341416329,87.426760300
4995,87.424843887578,87.444336900
4996,87.442346358827,87.461717900
4997,87.459848830076,87.479384900
4998,87.477351301324,87.496759100
4999,87.494853772573,87.514550900
5000,87.512356243822,87.531740700
5001,87.529858715071,87.549599800
5002,87.547361186319,87.566487100
5003,87.564863657568,87.584029800
5004,87.582366128817,87.601122900
5005,87.599868600066,87.618662600
5006,87.617371071314,87.636895800
5007,87.634873542563,87.653887300
5008,87.652376013812,87.671429200
5009,87.669878485061,87.689812400
5010,87.687380956310,87.706408800
5011,87.704883427558,87.723805400
5012,87.722385898807,87.741097700
5013,87.739888370056,87.758835700
5014,87.757390841305,87.776518900
5015,87.774893312553,87.793829800
5016,87.792395783802,87.811177300
5017,87.809898255051,87.829538200
5018,87.827400726300,87.846440800
5019,87.844903197548,87.864270000
5020,87.862405668797,87.881827900
5021,87.879908140046,87.899248200
5022,87.897410611295,87.916854200
5023,87.914913082543,87.934499600
5024,87.932415553792,87.951747600
5025,87.949918025041,87.968868400
5026,87.967420496290,87.986337900
5027,87.984922967539,88.003641500
5028,88.002425438787,88.021431000
5029,88.019927910036,88.039217900
5030,88.037430381285,88.056682700
5031,88.054932852534,88.072896900
5032,88.072435323782,88.091105400
5033,88.089937795031,88.107518500
5034,88.107440266280,88.126368600
5035,88.124942737529,88.143682500
5036,88.142445208777,88.161648500
5037,88.159947680026,88.178601200
5038,88.177450151275,88.196448700
5039,88.194952622524,88.214017300
5040,88.212455093772,88.231663600
5041,88.229957565021,88.249044300
5042,88.247460036270,88.266893200
5043,88.264962507519,88.283954100
5044,88.282464978768,88.301468300
5045,88.299967450016,88.318910800
5046,88.317469921265,88.337194800
5047,88.334972392514,88.354422900
5048,88.352474863763,88.371249400
5049,88.369977335011,88.389224500
5050,88.387479806260,88.406777300
5051,88.404982277509,88.423881300
5052,88.422484748758,88.441536800
5053,88.439987220006,88.459301700
5054,88.457489691255,88.476632700
5055,88.474992162504,88.493831400
5056,88.492494633753,88.512105800
5057,88.509997105001,88.529364600
5058,88.527499576250,88.546869500
5059,88.545002047499,88.564356100
5060,88.562504518748,88.582040500
5061,88.580006989997,88.599318400
5062,88.597509461245,88.617412500
5063,88.615011932494,88.637200000
5064,88.632514403743,88.653718800
5065,88.650016874992,88.670450800
5066,88.667519346240,88.687218100
5067,88.685021817489,88.704454100
5068,88.702524288738,88.722352100
5069,88.720026759987,88.739722600
5070,88.737529231235,88.757617700
5071,88.755031702484,88.775264900
5072,88.772534173733,88.791830900
5073,88.790036644982,88.809382900
5074,88.807539116230,88.827422700
5075,88.825041587479,88.845016500
5076,88.842544058728,88.862285500
5077,88.860046529977,88.880564300
5078,88.877549001226,88.897495800
5079,88.895051472474,88.914852000
5080,88.912553943723,88.931995200
5081,88.930056414972,88.949897200
5082,88.947558886221,88.967573100
5083,88.965061357469,88.984744400
5084,88.982563828718,89.002369000
5085,89.000066299967,89.019631100
5086,89.017568771216,89.037485900
5087,89.035071242464,89.055016300
5088,89.052573713713,89.072747000
5089,89.070076184962,89.090068400
5090,89.087578656211,89.107460100
5091,89.105081127459,89.125319300
5092,89.122583598708,89.142733600
5093,89.140086069957,89.159955400
5094,89.157588541206,89.176985500
5095,89.175091012454,89.194607700
5096,89.192593483703,89.212088000
5097,89.210095954952,89.229730100
5098,89.227598426201,89.247336800
5099,89.245100897450,89.264792700
5100,89.262603368698,89.283326400
5101,89.280105839947,89.301511700
5102,89.297608311196,89.317005200
5103,89.315110782445,89.334762100
5104,89.332613253693,89.352267000
5105,89.350115724942,89.369517900
5106,89.367618196191,89.387438700
5107,89.385120667440,89.405249200
5108,89.402623138688,89.422218500
5109,89.420125609937,89.439676300
5110,89.437628081186,89.457303500
5111,89.455130552435,89.475292100
5112,89.472633023683,89.492059200
5113,89.490135494932,89.509778500
5114,89.507637966181,89.527328100
5115,89.525140437430,89.544935800
5116,89.542642908679,89.562345500
5117,89.560145379927,89.580151700
5118,89.577647851176,89.597441900
5119,89.595150322425,89.614943600
5120,89.612652793674,89.632490200
5121,89.630155264922,89.649866100
5122,89.647657736171,89.667333200
5123,89.665160207420,89.684745000
5124,89.682662678669,89.702820900
5125,89.700165149917,89.719944500
5126,89.717667621166,89.736922100
5127,89.735170092415,89.754581700
5128,89.752672563664,89.772730900
5129,89.770175034912,89.789987200
5130,89.787677506161,89.807054200
5131,89.805179977410,89.824723600
5132,89.822682448659,89.842295600
5133,89.840184919908,89.859583800
5134,89.857687391156,89.877277300
5135,89.875189862405,89.894913100
5136,89.892692333654,89.912330600
5137,89.910194804903,89.929467300
5138,89.927697276151,89.947058600
5139,89.945199747400,89.964793900
5140,89.962702218649,89.983102400
5141,89.980204689898,90.000280500
5142,89.997707161146,90.017578000
5143,90.015209632395,90.034890900
5144,90.032712103644,90.052510400
5145,90.050214574893,90.070617800
5146,90.067717046141,90.088092900
5147,90.085219517390,90.104663500
5148,90.102721988639,90.122377500
5149,90.120224459888,90.139607000
5150,90.137726931137,90.157584500
5151,90.155229402385,90.174862600
5152,90.172731873634,90.192082300
5153,90.190234344883,90.210330400
5154,90.207736816132,90.227465300
5155,90.225239287380,90.244901300
5156,90.242741758629,90.262572900
5157,90.260244229878,90.280007400
5158,90.277746701127,90.297718100
5159,90.295249172375,90.315376200
5160,90.312751643624,90.332650900
5161,90.330254114873,90.350618000
5162,90.347756586122,90.367603600
5163,90.365259057370,90.385196600
5164,90.382761528619,90.402934100
5165,90.400263999868,90.419358500
5166,90.417766471117,90.437615100
5167,90.435268942366,90.454919800
5168,90.452771413614,90.472208200
5169,90.470273884863,90.490689100
5170,90.487776356112,90.507998900
5171,90.505278827361,90.526816800
5172,90.522781298609,90.544313400
5173,90.540283769858,90.560320500
5174,90.557786241107,90.577750100
5175,90.575288712356,90.594645200
5176,90.592791183604,90.613034900
5177,90.610293654853,90.629480000
5178,90.627796126102,90.647664000
5179,90.645298597351,90.664540200
5180,90.662801068599,90.682942100
5181,90.680303539848,90.699826500
5182,90.697806011097,90.717245000
5183,90.715308482346,90.734810100
5184,90.732810953595,90.752348800
5185,90.750313424843,90.769503700
5186,90.767815896092,90.786983300
5187,90.785318367341,90.804630400
5188,90.802820838590,90.822119900
5189,90.820323309838,90.839642600
5190,90.837825781087,90.857082600
5191,90.855328252336,90.875310000
5192,90.872830723585,90.892293300
5193,90.890333194833,90.910397600
5194,90.907835666082,90.927031000
5195,90.925338137331,90.944994700
5196,90.942840608580,90.962267100
5197,90.960343079828,90.979671700
5198,90.977845551077,90.995168000
5199,90.995348022326,91.014679500
5200,91.012850493575,91.032408600
5201,91.030352964824,91.049641800
5202,91.047855436072,91.067120600
5203,91.065357907321,91.084732600
5204,91.082860378570,91.102834900
5205,91.100362849819,91.119606600
5206,91.117865321067,91.136940000
5207,91.135367792316,91.154789400
5208,91.152870263565,91.172212400
5209,91.170372734814,91.189618600
5210,91.187875206062,91.207396700
5211,91.205377677311,91.225793900
5212,91.222880148560,91.244571400
5213,91.240382619809,91.261145900
5214,91.257885091057,91.278200600
5215,91.275387562306,91.294817100
5216,91.292890033555,91.312041400
5217,91.310392504804,91.329773600
5218,91.327894976053,91.347640000
5219,91.345397447301,91.364804700
5220,91.362899918550,91.382877000
5221,91.380402389799,91.401410400
5222,91.397904861048,91.417744300
5223,91.415407332296,91.435082000
5224,91.432909803545,91.452485600
5225,91.450412274794,91.470286800
5226,91.467914746043,91.487580100
5227,91.485417217291,91.505219000
5228,91.502919688540,91.522334400
5229,91.520422159789,91.539884000
5230,91.537924631038,91.557186700
5231,91.555427102286,91.574742700
5232,91.572929573535,91.592252900
5233,91.590432044784,91.610127900
5234,91.607934516033,91.627701400
5235,91.625436987282,91.645895400
5236,91.642939458530,91.662733400
5237,91.660441929779,91.680094200
5238,91.677944401028,91.697607700
5239,91.695446872277,91.715408300
5240,91.712949343525,91.732693200
5241,91.730451814774,91.749838300
5242,91.747954286023,91.767595200
5243,91.765456757272,91.784987800
5244,91.782959228520,91.801349200
5245,91.800461699769,91.818496400
5246,91.817964171018,91.837361900
5247,91.835466642267,91.853901000
5248,91.852969113515,91.872304800
5249,91.870471584764,91.890094800
5250,91.887974056013,91.908629200
5251,91.905476527262,91.925682100
5252,91.922978998511,91.942591900
5253,91.940481469759,91.960750600
5254,91.957983941008,91.977551200
5255,91.975486412257,91.995119900
5256,91.992988883506,92.012485000
5257,92.010491354754,92.030239100
5258,92.027993826003,92.048594300
5259,92.045496297252,92.067792100
5260,92.062998768501,92.084681400
5261,92.080501239749,92.101371100
5262,92.098003710998,92.118239800
5263,92.115506182247,92.135148200
5264,92.133008653496,92.152557900
5265,92.150511124744,92.169903500
5266,92.168013595993,92.187381500
5267,92.185516067242,92.205032300
5268,92.203018538491,92.222611100
5269,92.220521009739,92.240235000
5270,92.238023480988,92.257421600
5271,92.255525952237,92.275620100
5272,92.273028423486,92.293261000
5273,92.290530894735,92.310148400
5274,92.308033365983,92.327468700
5275,92.325535837232,92.345158400
5276,92.343038308481,92.362652600
5277,92.360540779730,92.379866600
5278,92.378043250978,92.397665500
5279,92.395545722227,92.415847400
5280,92.413048193476,92.433245200
5281,92.430550664725,92.450403300
5282,92.448053135973,92.467732200
5283,92.465555607222,92.485317500
5284,92.483058078471,92.502450800
5285,92.500560549720,92.520111200
5286,92.518063020968,92.537825700
5287,92.535565492217,92.554770500
5288,92.553067963466,92.572633400
5289,92.570570434715,92.590406600
5290,92.588072905964,92.608210100
5291,92.605575377212,92.625977600
5292,92.623077848461,92.642937900
5293,92.640580319710,92.660250600
5294,92.658082790959,92.677527000
5295,92.675585262207,92.695466200
5296,92.693087733456,92.713007100
5297,92.710590204705,92.730008900
5298,92.728092675954,92.747533500
5299,92.745595147202,92.765106900
5300,92.763097618451,92.782712100
5301,92.780600089700,92.799913900
5302,92.798102560949,92.817405300
5303,92.815605032197,92.835910900
5304,92.833107503446,92.855039000
5305,92.850609974695,92.871926100
5306,92.868112445944,92.888515800
5307,92.885614917193,92.905404900
5308,92.903117388441,92.922649800
5309,92.920619859690,92.940980100
5310,92.938122330939,92.957860600
5311,92.955624802188,92.975559600
5312,92.973127273436,92.992714000
5313,92.990629744685,93.010371400
5314,93.008132215934,93.027688200
5315,93.025634687183,93.045177900
5316,93.043137158431,93.062500000
5317,93.060639629680,93.080294300
5318,93.078142100929,93.098117800
5319,93.095644572178,93.115578100
5320,93.113147043426,93.132679300
5321,93.130649514675,93.150976500
5322,93.148151985924,93.167836900
5323,93.165654457173,93.185002900
5324,93.183156928422,93.202883500
5325,93.200659399670,93.220155700
5326,93.218161870919,93.237753200
5327,93.235664342168,93.255258600
5328,93.253166813417,93.272769600
5329,93.270669284665,93.290271900
5330,93.288171755914,93.307362200
5331,93.305674227163,93.325316000
5332,93.323176698412,93.342720000
5333,93.340679169660,93.360114800
5334,93.358181640909,93.377359600
5335,93.375684112158,93.394921900
5336,93.393186583407,93.412531400
5337,93.410689054655,93.430218000
5338,93.428191525904,93.447928900
5339,93.445693997153,93.465397700
5340,93.463196468402,93.482899100
5341,93.480698939651,93.500301100
5342,93.498201410899,93.517580000
5343,93.515703882148,93.535049600
5344,93.533206353397,93.552560400
5345,93.550708824646,93.570285200
5346,93.568211295894,93.587693400
5347,93.585713767143,93.605240100
5348,93.603216238392,93.622756700
5349,93.620718709641,93.640295500
5350,93.638221180889,93.658483300
5351,93.655723652138,93.675831200
5352,93.673226123387,93.692915000
5353,93.690728594636,93.711087500
5354,93.708231065884,93.728131100
5355,93.725733537133,93.745341100
5356,93.743236008382,93.763345100
5357,93.760738479631,93.781109800
5358,93.778240950880,93.798141300
5359,93.795743422128,93.815779600
5360,93.813245893377,93.833138400
5361,93.830748364626,93.851635400
5362,93.848250835875,93.868687000
5363,93.865753307123,93.887806800
5364,93.883255778372,93.904656200
5365,93.900758249621,93.921502600
5366,93.918260720870,93.937674900
5367,93.935763192118,93.955448000
5368,93.953265663367,93.972839500
5369,93.970768134616,93.990455300
5370,93.988270605865,94.008155200
5371,94.005773077113,94.025504000
5372,94.023275548362,94.042703200
5373,94.040778019611,94.060548300
5374,94.058280490860,94.078153400
5375,94.075782962109,94.095599600
5376,94.093285433357,94.113867700
5377,94.110787904606,94.130130800
5378,94.128290375855,94.148016300
5379,94.145792847104,94.165393100
5380,94.163295318352,94.182684900
5381,94.180797789601,94.200240400
5382,94.198300260850,94.217748600
5383,94.215802732099,94.235551400
5384,94.233305203347,94.252664900
5385,94.250807674596,94.270403000
5386,94.268310145845,94.287716000
5387,94.285812617094,94.305145700
5388,94.303315088342,94.322693900
5389,94.320817559591,94.340827600
5390,94.338320030840,94.358401700
5391,94.355822502089,94.375369700
5392,94.373324973338,94.392481600
5393,94.390827444586,94.410138000
5394,94.408329915835,94.427719200
5395,94.425832387084,94.445121700
5396,94.443334858333,94.462656400
5397,94.460837329581,94.480985600
5398,94.478339800830,94.497947800
5399,94.495842272079,94.515133700
5400,94.513344743328,94.532589400
5401,94.530847214576,94.550509400
5402,94.548349685825,94.569997000
5403,94.565852157074,94.588265700
5404,94.583354628323,94.604721300
5405,94.600857099571,94.621607900
5406,94.618359570820,94.638015900
5407,94.635862042069,94.655280800
5408,94.653364513318,94.672972100
5409,94.670866984567,94.690057700
5410,94.688369455815,94.707573200
5411,94.705871927064,94.725615300
5412,94.723374398313,94.742518500
5413,94.740876869562,94.759991000
5414,94.758379340810,94.777729100
5415,94.775881812059,94.794957700
5416,94.793384283308,94.812137900
5417,94.810886754557,94.829836800
5418,94.828389225805,94.847586900
5419,94.845891697054,94.865010400
5420,94.863394168303,94.882346100
5421,94.880896639552,94.900482300
5422,94.898399110800,94.917336400
5423,94.915901582049,94.935243200
5424,94.933404053298,94.952812200
5425,94.950906524547,94.970770500
5426,94.968408995795,94.988251500
5427,94.985911467044,95.005412900
5428,95.003413938293,95.022876500
5429,95.020916409542,95.040276900
5430,95.038418880791,95.057691800
5431,95.055921352039,95.075909500
5432,95.073423823288,95.092468600
5433,95.090926294537,95.110200900
5434,95.108428765786,95.127469600
5435,95.125931237034,95.144965100
5436,95.143433708283,95.162837300
5437,95.160936179532,95.180598500
5438,95.178438650781,95.197616600
5439,95.195941122029,95.214881400
5440,95.213443593278,95.232932400
5441,95.230946064527,95.250105600
5442,95.248448535776,95.267633600
5443,95.265951007024,95.285710500
5444,95.283453478273,95.302609800
5445,95.300955949522,95.320398300
5446,95.318458420771,95.337563200
5447,95.335960892020,95.355529800
5448,95.353463363268,95.372596700
5449,95.370965834517,95.390459200
5450,95.388468305766,95.407647400
5451,95.405970777015,95.425184300
5452,95.423473248263,95.442867800
5453,95.440975719512,95.460065000
5454,95.458478190761,95.478097100
5455,95.475980662010,95.495713100
5456,95.493483133258,95.512620300
5457,95.510985604507,95.530120200
5458,95.528488075756,95.547745700
5459,95.545990547005,95.565134900
5460,95.563493018253,95.582645700
5461,95.580995489502,95.600275900
5462,95.598497960751,95.617726400
5463,95.616000432000,95.635542700
5464,95.633502903249,95.652663600
5465,95.651005374497,95.670357100
5466,95.668507845746,95.687936200
5467,95.686010316995,95.705331500
5468,95.703512788244,95.723114000
5469,95.721015259492,95.740654500
5470,95.738517730741,95.757607100
5471,95.756020201990,95.775281700
5472,95.773522673239,95.792861000
5473,95.791025144487,95.810154400
5474,95.808527615736,95.827596900
5475,95.826030086985,95.845624500
5476,95.843532558234,95.862967600
5477,95.861035029482,95.880708600
5478,95.878537500731,95.897785800
5479,95.896039971980,95.915601000
5480,95.913542443229,95.933207200
5481,95.931044914478,95.950250400
5482,95.948547385726,95.967685300
5483,95.966049856975,95.985398200
5484,95.983552328224,96.003070700
5485,96.001054799473,96.020234100
5486,96.018557270721,96.038189800
5487,96.036059741970,96.055494500
5488,96.053562213219,96.072754000
5489,96.071064684468,96.091125900
5490,96.088567155716,96.109125400
5491,96.106069626965,96.125882700
5492,96.123572098214,96.143083500
5493,96.141074569463,96.161167000
5494,96.158577040711,96.178572600
5495,96.176079511960,96.196024000
5496,96.193581983209,96.213341600
5497,96.211084454458,96.228956400
5498,96.228586925707,96.248898200
5499,96.246089396955,96.265454000
5500,96.263591868204,96.283425400
5501,96.281094339453,96.300886000
5502,96.298596810702,96.318244400
5503,96.316099281950,96.335697200
5504,96.333601753199,96.353326200
5505,96.351104224448,96.370607100
5506,96.368606695697,96.388062300
5507,96.386109166945,96.405747000
5508,96.403611638194,96.423285300
5509,96.421114109443,96.441317200
5510,96.438616580692,96.458671900
5511,96.456119051940,96.477671900
5512,96.473621523189,96.494104800
5513,96.491123994438,96.511487400
5514,96.508626465687,96.528093200
5515,96.526128936936,96.546024600
5516,96.543631408184,96.563417600
5517,96.561133879433,96.580616500
5518,96.578636350682,96.598401600
5519,96.596138821931,96.615601100
5520,96.613641293179,96.633103100
5521,96.631143764428,96.650541200
5522,96.648646235677,96.668450000
5523,96.666148706926,96.685796300
5524,96.683651178174,96.703121300
5525,96.701153649423,96.720685000
5526,96.718656120672,96.738422100
5527,96.736158591921,96.755509900
5528,96.753661063169,96.772982700
5529,96.771163534418,96.790852200
5530,96.788666005667,96.807927200
5531,96.806168476916,96.825451000
5532,96.823670948165,96.843166900
5533,96.841173419413,96.860516400
5534,96.858675890662,96.878972600
5535,96.876178361911,96.897750700
5536,96.893680833160,96.914621500
5537,96.911183304408,96.931681300
5538,96.928685775657,96.948464400
5539,96.946188246906,96.965660600
5540,96.963690718155,96.983282700
5541,96.981193189403,97.000536800
5542,96.998695660652,97.017975900
5543,97.016198131901,97.036007200
5544,97.033700603150,97.053259100
5545,97.051203074398,97.071044100
5546,97.068705545647,97.087780900
5547,97.086208016896,97.105299500
5548,97.103710488145,97.123103500
5549,97.121212959394,97.140938100
5550,97.138715430642,97.158105000
5551,97.156217901891,97.176111800
5552,97.173720373140,97.193283700
5553,97.191222844389,97.210574400
5554,97.208725315637,97.228212700
5555,97.226227786886,97.245929600
5556,97.243730258135,97.263035600
5557,97.261232729384,97.280477100
5558,97.278735200632,97.298730600
5559,97.296237671881,97.315852400
5560,97.313740143130,97.333921700
5561,97.331242614379,97.351668200
5562,97.348745085627,97.370814400
5563,97.366247556876,97.387630400
5564,97.383750028125,97.403905400
5565,97.401252499374,97.420479300
5566,97.418754970623,97.437785100
5567,97.436257441871,97.455801300
5568,97.453759913120,97.473000800
5569,97.471262384369,97.490380200
5570,97.488764855618,97.507913400
5571,97.506267326866,97.525447000
5572,97.523769798115,97.543205000
5573,97.541272269364,97.560342300
5574,97.558774740613,97.578360200
5575,97.576277211861,97.595505200
5576,97.593779683110,97.612965900
5577,97.611282154359,97.630387500
5578,97.628784625608,97.647962100
5579,97.646287096856,97.665489000
5580,97.663789568105,97.683337400
5581,97.681292039354,97.700223900
5582,97.698794510603,97.718511300
5583,97.716296981852,97.735774700
5584,97.733799453100,97.752747700
5585,97.751301924349,97.769976200
5586,97.768804395598,97.787935800
5587,97.786306866847,97.805262100
5588,97.803809338095,97.823396200
5589,97.821311809344,97.840127400
5590,97.838814280593,97.857812000
5591,97.856316751842,97.875456300
5592,97.873819223090,97.892876800
5593,97.891321694339,97.910339300
5594,97.908824165588,97.928630900
5595,97.926326636837,97.945779400
5596,97.943829108085,97.963124300
5597,97.961331579334,97.981346500
5598,97.978834050583,97.998129500
5599,97.996336521832,98.015450100
5600,98.013838993080,98.033203900
5601,98.031341464329,98.050421400
5602,98.048843935578,98.068037400
5603,98.066346406827,98.085342000
5604,98.083848878076,98.103228500
5605,98.101351349324,98.120699300
5606,98.118853820573,98.138317100
5607,98.136356291822,98.155638400
5608,98.153858763071,98.173009500
5609,98.171361234319,98.190579200
5610,98.188863705568,98.207917500
5611,98.206366176817,98.225493800
5612,98.223868648066,98.243547900
5613,98.241371119314,98.260415000
5614,98.258873590563,98.277957300
5615,98.276376061812,98.295508200
5616,98.293878533061,98.312865000
5617,98.311381004309,98.330653400
5618,98.328883475558,98.348358000
5619,98.346385946807,98.365585700
5620,98.363888418056,98.383821900
5621,98.381390889305,98.401139800
5622,98.398893360553,98.418167000
5623,98.416395831802,98.435702900
5624,98.433898303051,98.453057300
5625,98.451400774300,98.470318500
5626,98.468903245548,98.486563200
5627,98.486405716797,98.506062500
5628,98.503908188046,98.523453900
5629,98.521410659295,98.541105500
5630,98.538913130543,98.559169500
5631,98.556415601792,98.578292300
5632,98.573918073041,98.594863200
5633,98.591420544290,98.611677800
5634,98.608923015538,98.628377200
5635,98.626425486787,98.645527300
5636,98.643927958036,98.663135800
5637,98.661430429285,98.681520600
5638,98.678932900534,98.698969200
5639,98.696435371782,98.715654000
5640,98.713937843031,98.734067700
5641,98.731440314280,98.751260100
5642,98.748942785529,98.768096200
5643,98.766445256777,98.785669600
5644,98.783947728026,98.803191200
5645,98.801450199275,98.820899400
5646,98.818952670524,98.838225200
5647,98.836455141772,98.855807600
5648,98.853957613021,98.873274400
5649,98.871460084270,98.890733100
5650,98.888962555519,98.908054800
5651,98.906465026767,98.925796900
5652,98.923967498016,98.943450300
5653,98.941469969265,98.960628900
5654,98.958972440514,98.978302700
5655,98.976474911763,98.995982900
5656,98.993977383011,99.013651700
5657,99.011479854260,99.030889300
5658,99.028982325509,99.048247100
5659,99.046484796758,99.066544200
5660,99.063987268006,99.083456900
5661,99.081489739255,99.100767500
5662,99.098992210504,99.118647500
5663,99.116494681753,99.135917000
5664,99.133997153001,99.153341600
5665,99.151499624250,99.171064900
5666,99.169002095499,99.188566600
5667,99.186504566748,99.205810800
5668,99.204007037996,99.223600900
5669,99.221509509245,99.241160800
5670,99.239011980494,99.258635500
5671,99.256514451743,99.276878200
5672,99.274016922992,99.293735800
5673,99.291519394240,99.311460000
5674,99.309021865489,99.328504800
5675,99.326524336738,99.345854700
5676,99.344026807987,99.363597700
5677,99.361529279235,99.381033600
5678,99.379031750484,99.398972200
5679,99.396534221733,99.416126500
5680,99.414036692982,99.433535600
5681,99.431539164230,99.451018900
5682,99.449041635479,99.468161300
5683,99.466544106728,99.485871900
5684,99.484046577977,99.503352700
5685,99.501549049225,99.521456500
5686,99.519051520474,99.538933300
5687,99.536553991723,99.555770700
5688,99.554056462972,99.573358300
5689,99.571558934221,99.590431900
5690,99.589061405469,99.608017800
5691,99.606563876718,99.626118800
5692,99.624066347967,99.643316000
5693,99.641568819216,99.660950200
5694,99.659071290464,99.678916100
5695,99.676573761713,99.696364100
5696,99.694076232962,99.713649900
5697,99.711578704211,99.731574100
5698,99.729081175459,99.749538700
5699,99.746583646708,99.767541300
5700,99.764086117957,99.785742700
5701,99.781588589206,99.803259700
5702,99.799091060454,99.818988500
5703,99.816593531703,99.836390700
5704,99.834096002952,99.853875100
5705,99.851598474201,99.871210700
5706,99.869100945450,99.888778200
5707,99.886603416698,99.905528000
5708,99.904105887947,99.922042200
5709,99.921608359196,99.941107600
5710,99.939110830445,99.958384100
5711,99.956613301693,99.975845300
5712,99.974115772942,99.993382000
5713,99.991618244191,100.010906700
5714,100.009120715440,100.028771300
5715,100.026623186688,100.046924400
5716,100.044125657937,100.064731600
5717,100.061628129186,100.083573800
5718,100.079130600435,100.099016000
5719,100.096633071683,100.116028900
5720,100.114135542932,100.133518800
5721,100.131638014181,100.151009700
5722,100.149140485430,100.168545700
5723,100.166642956679,100.186130800
5724,100.184145427927,100.203759400
5725,100.201647899176,100.220637400
5726,100.219150370425,100.237322500
5727,100.236652841674,100.255951300
5728,100.254155312922,100.273436500
5729,100.271657784171,100.291267200
5730,100.289160255420,100.309331100
5731,100.306662726669,100.325846100
5732,100.324165197917,100.343316700
5733,100.341667669166,100.360783300
5734,100.359170140415,100.378268800
5735,100.376672611664,100.395954800
5736,100.394175082912,100.413910300
5737,100.411677554161,100.431599400
5738,100.429180025410,100.448972800
5739,100.446682496659,100.465610200
5740,100.464184967908,100.483505500
5741,100.481687439156,100.501027300
5742,100.499189910405,100.518559700
5743,100.516692381654,100.535850000
5744,100.534194852903,100.553455600
5745,100.551697324151,100.571050700
5746,100.569199795400,100.588108700
5747,100.586702266649,100.606098000
5748,100.604204737898,100.623079700
5749,100.621707209146,100.641169200
5750,100.639209680395,100.658350300
5751,100.656712151644,100.676354100
5752,100.674214622893,100.693380100
5753,100.691717094141,100.710457700
5754,100.709219565390,100.726947500
5755,100.726722036639,100.745782500
5756,100.744224507888,100.764128300
5757,100.761726979137,100.781118900
5758,100.779229450385,100.799074400
5759,100.796731921634,100.816008400
5760,100.814234392883,100.833343500
5761,100.831736864132,100.851003200
5762,100.849239335380,100.868825800
5763,100.866741806629,100.886302000
5764,100.884244277878,100.904038300
5765,100.901746749127,100.921310200
5766,100.919249220375,100.938915600
5767,100.936751691624,100.955991600
5768,100.954254162873,100.973616000
5769,100.971756634122,100.991085600
5770,100.989259105370,101.008359200
5771,101.006761576619,101.025935100
5772,101.024264047868,101.043208500
5773,101.041766519117,101.061064000
5774,101.059268990365,101.077673200
5775,101.076771461614,101.094770800
5776,101.094273932863,101.113586700
5777,101.111776404112,101.131179300
5778,101.129278875361,101.148778000
5779,101.146781346609,101.165994800
5780,101.164283817858,101.184045900
5781,101.181786289107,101.200936400
5782,101.199288760356,101.218452600
5783,101.216791231604,101.235936300
5784,101.234293702853,101.254236400
5785,101.251796174102,101.271303400
5786,101.269298645351,101.288864600
5787,101.286801116599,101.306403800
5788,101.304303587848,101.324098500
5789,101.321806059097,101.341427100
5790,101.339308530346,101.358865400
5791,101.356811001594,101.376964800
5792,101.374313472843,101.393966300
5793,101.391815944092,101.410946800
5794,101.409318415341,101.428610300
5795,101.426820886590,101.446619300
5796,101.444323357838,101.463716000
5797,101.461825829087,101.481322200
5798,101.479328300336,101.499672300
5799,101.496830771585,101.517003200
5800,101.514333242833,101.535413400
5801,101.531835714082,101.554752200
5802,101.549338185331,101.572006600
5803,101.566840656580,101.589124800
5804,101.584343127828,101.605190700
5805,101.601845599077,101.621573100
5806,101.619348070326,101.639123400
5807,101.636850541575,101.656025600
5808,101.654353012823,101.673980600
5809,101.671855484072,101.691576400
5810,101.689357955321,101.709493700
5811,101.706860426570,101.726057500
5812,101.724362897819,101.743958500
5813,101.741865369067,101.761221900
5814,101.759367840316,101.779082100
5815,101.776870311565,101.795928200
5816,101.794372782814,101.814256100
5817,101.811875254062,101.833116700
5818,101.829377725311,101.848779500
5819,101.846880196560,101.866188300
5820,101.864382667809,101.884296800
5821,101.881885139057,101.901959800
5822,101.899387610306,101.918821800
5823,101.916890081555,101.936731800
5824,101.934392552804,101.954325700
5825,101.951895024052,101.971567500
5826,101.969397495301,101.988828200
5827,101.986899966550,102.006529300
5828,102.004402437799,102.024135000
5829,102.021904909048,102.041483000
5830,102.039407380296,102.059446100
5831,102.056909851545,102.077929600
5832,102.074412322794,102.094803800
5833,102.091914794043,102.113850000
5834,102.109417265291,102.130967300
5835,102.126919736540,102.147097000
5836,102.144422207789,102.163784000
5837,102.161924679038,102.181444100
5838,102.179427150286,102.199815900
5839,102.196929621535,102.216586200
5840,102.214432092784,102.233730200
5841,102.231934564033,102.251461100
5842,102.249437035281,102.269038000
5843,102.266939506530,102.286557700
5844,102.284441977779,102.304295400
5845,102.301944449028,102.322190300
5846,102.319446920277,102.338965800
5847,102.336949391525,102.356419400
5848,102.354451862774,102.373840100
5849,102.371954334023,102.391607200
5850,102.389456805272,102.409380900
5851,102.406959276520,102.426787900
5852,102.424461747769,102.444272500
5853,102.441964219018,102.461849800
5854,102.459466690267,102.479163800
5855,102.476969161515,102.496510000
5856,102.494471632764,102.514629500
5857,102.511974104013,102.532156400
5858,102.529476575262,102.551039400
5859,102.546979046510,102.568210700
5860,102.564481517759,102.584496300
5861,102.581983989008,102.601466200
5862,102.599486460257,102.619387000
5863,102.616988931506,102.636474900
5864,102.634491402754,102.653917600
5865,102.651993874003,102.671236000
5866,102.669496345252,102.689000400
5867,102.686998816501,102.706582300
5868,102.704501287749,102.724123100
5869,102.722003758998,102.741540500
5870,102.739506230247,102.759178800
5871,102.757008701496,102.776278400
5872,102.774511172744,102.793733100
5873,102.792013643993,102.811443000
5874,102.809516115242,102.828854700
5875,102.827018586491,102.847374700
5876,102.844521057739,102.864161600
5877,102.862023528988,102.881912500
5878,102.879526000237,102.898934600
5879,102.897028471486,102.916521700
5880,102.914530942735,102.933844400
5881,102.932033413983,102.951463300
5882,102.949535885232,102.969078300
5883,102.967038356481,102.986300000
5884,102.984540827730,103.003997400
5885,103.002043298978,103.021448800
5886,103.019545770227,103.038665600
5887,103.037048241476,103.056351200
5888,103.054550712725,103.074045200
5889,103.072053183973,103.091627900
5890,103.089555655222,103.109045200
5891,103.107058126471,103.126960600
5892,103.124560597720,103.144118300
5893,103.142063068968,103.161368000
5894,103.159565540217,103.179144000
5895,103.177068011466,103.196952200
5896,103.194570482715,103.214970600
5897,103.212072953964,103.232137800
5898,103.229575425212,103.249816300
5899,103.247077896461,103.267128400
5900,103.264580367710,103.284141200
5901,103.282082838959,103.302297700
5902,103.299585310207,103.319043600
5903,103.317087781456,103.337401200
5904,103.334590252705,103.353934500
5905,103.352092723954,103.371488800
5906,103.369595195202,103.389613100
5907,103.387097666451,103.407270800
5908,103.404600137700,103.426664000
5909,103.422102608949,103.443893500
5910,103.439605080197,103.460813700
5911,103.457107551446,103.477405800
5912,103.474610022695,103.494406300
5913,103.492112493944,103.512013500
5914,103.509614965193,103.528408800
5915,103.527117436441,103.545392000
5916,103.544619907690,103.564724700
5917,103.562122378939,103.581829500
5918,103.579624850188,103.598598600
5919,103.597127321436,103.616398900
5920,103.614629792685,103.635483500
5921,103.632132263934,103.652770500
5922,103.649634735183,103.669135200
5923,103.667137206431,103.687079100
5924,103.684639677680,103.704330200
5925,103.702142148929,103.721669700
5926,103.719644620178,103.739218600
5927,103.737147091426,103.756817200
5928,103.754649562675,103.774461100
5929,103.772152033924,103.791872500
5930,103.789654505173,103.809075000
5931,103.807156976422,103.826641800
5932,103.824659447670,103.844596600
5933,103.842161918919,103.861736100
5934,103.859664390168,103.879218400
5935,103.877166861417,103.896751700
5936,103.894669332665,103.914164900
5937,103.912171803914,103.931769700
5938,103.929674275163,103.949341900
5939,103.947176746412,103.966632400
5940,103.964679217660,103.984099600
5941,103.982181688909,104.002379700
5942,103.999684160158,104.019257800
5943,104.017186631407,104.036680000
5944,104.034689102655,104.054412900
5945,104.052191573904,104.071718400
5946,104.069694045153,104.089644700
5947,104.087196516402,104.107306300
5948,104.104698987651,104.124205500
5949,104.122201458899,104.142305100
5950,104.139703930148,104.159643300
5951,104.157206401397,104.177111100
5952,104.174708872646,104.194901600
5953,104.192211343894,104.212121200
5954,104.209713815143,104.229301800
5955,104.227216286392,104.246770600
5956,104.244718757641,104.265170500
5957,104.262221228889,104.282204200
5958,104.279723700138,104.299778900
5959,104.297226171387,104.317642700
5960,104.314728642636,104.335380000
5961,104.332231113884,104.352427000
5962,104.349733585133,104.369320200
5963,104.367236056382,104.387366300
5964,104.384738527631,104.404645500
5965,104.402240998879,104.422332600
5966,104.419743470128,104.440366100
5967,104.437245941377,104.458089300
5968,104.454748412626,104.476665200
5969,104.472250883875,104.493343100
5970,104.489753355123,104.510024600
5971,104.507255826372,104.526824500
5972,104.524758297621,104.544571900
5973,104.542260768870,104.561518500
5974,104.559763240118,104.579163800
5975,104.577265711367,104.596730800
5976,104.594768182616,104.614430400
5977,104.612270653865,104.631978700
5978,104.629773125113,104.650391300
5979,104.647275596362,104.666823800
5980,104.664778067611,104.684575600
5981,104.682280538860,104.702363800
5982,104.699783010108,104.719354000
5983,104.717285481357,104.735866700
5984,104.734787952606,104.752539700
5985,104.752290423855,104.771541300
5986,104.769792895104,104.789269500
5987,104.787295366352,104.806484800
5988,104.804797837601,104.824274400
5989,104.822300308850,104.841660500
5990,104.839802780099,104.858895600
5991,104.857305251347,104.877394000
5992,104.874807722596,104.894272600
5993,104.892310193845,104.911649600
5994,104.909812665094,104.928868700
5995,104.927315136342,104.946707200
5996,104.944817607591,104.964182000
5997,104.962320078840,104.982051300
5998,104.979822550089,104.999079800
5999,104.997325021337,105.016682000
6000,105.014827492586,105.033784700
6001,105.032329963835,105.051690800
6002,105.049832435084,105.069041900
6003,105.067334906333,105.086654700
6004,105.084837377581,105.104124900
6005,105.102339848830,105.121566800
6006,105.119842320079,105.139771700
6007,105.137344791328,105.156906400
6008,105.154847262576,105.173915200
6009,105.172349733825,105.192538500
6010,105.189852205074,105.209339100
6011,105.207354676323,105.226788000
6012,105.224857147571,105.244177400
6013,105.242359618820,105.261943500
6014,105.259862090069,105.279488300
6015,105.277364561318,105.296712600
6016,105.294867032566,105.314169100
6017,105.312369503815,105.332098900
6018,105.329871975064,105.350495600
6019,105.347374446313,105.368880900
6020,105.364876917562,105.386291200
6021,105.382379388810,105.403076100
6022,105.399881860059,105.419924100
6023,105.417384331308,105.437404500
6024,105.434886802557,105.454558800
6025,105.452389273805,105.471906800
6026,105.469891745054,105.489242000
6027,105.487394216303,105.507169300
6028,105.504896687552,105.524892600
6029,105.522399158800,105.541634200
6030,105.539901630049,105.559750200
6031,105.557404101298,105.577808700
6032,105.574906572547,105.594611700
6033,105.592409043795,105.611718600
6034,105.609911515044,105.629950200
6035,105.627413986293,105.648132200
6036,105.644916457542,105.664219800
6037,105.662418928791,105.681755600
6038,105.679921400039,105.699704500
6039,105.697423871288,105.716814900
6040,105.714926342537,105.733937500
6041,105.732428813786,105.751452300
6042,105.749931285034,105.769103900
6043,105.767433756283,105.786473400
6044,105.784936227532,105.803875700
6045,105.802438698781,105.821845100
6046,105.819941170029,105.838931500
6047,105.837443641278,105.856416600
6048,105.854946112527,105.874718800
6049,105.872448583776,105.891765300
6050,105.889951055024,105.909668500
6051,105.907453526273,105.926337000
6052,105.924955997522,105.943975800
6053,105.942458468771,105.961650800
6054,105.959960940020,105.979233200
6055,105.977463411268,105.996377900
6056,105.994965882517,106.014585800
6057,106.012468353766,106.031714900
6058,106.029970825015,106.048711200
6059,106.047473296263,106.066739700
6060,106.064975767512,106.083906600
6061,106.082478238761,106.101107100
6062,106.099980710010,106.118654700
6063,106.117483181258,106.136570000
6064,106.134985652507,106.153908400
6065,106.152488123756,106.171718100
6066,106.169990595005,106.188931200
6067,106.187493066253,106.206912500
6068,106.204995537502,106.224305500
6069,106.222498008751,106.241549400
6070,106.240000480000,106.259528700
6071,106.257502951249,106.276422500
6072,106.275005422497,106.293838600
6073,106.292507893746,106.311343500
6074,106.310010364995,106.328902600
6075,106.327512836244,106.346586200
6076,106.345015307492,106.364431700
6077,106.362517778741,106.381605200
6078,106.380020249990,106.399876000
6079,106.397522721239,106.416296400
6080,106.415025192487,106.434691500
6081,106.432527663736,106.451707100
6082,106.450030134985,106.469250600
6083,106.467532606234,106.486723000
6084,106.485035077482,106.504611800
6085,106.502537548731,106.521764800
6086,106.520040019980,106.538898000
6087,106.537542491229,106.556589100
6088,106.555044962478,106.574055300
6089,106.572547433726,106.591876300
6090,106.590049904975,106.609042200
6091,106.607552376224,106.627589900
6092,106.625054847473,106.644446700
6093,106.642557318721,106.662006800
6094,106.660059789970,106.681007900
6095,106.677562261219,106.697456200
6096,106.695064732468,106.715095800
6097,106.712567203716,106.731934200
6098,106.730069674965,106.749805300
6099,106.747572146214,106.767515400
6100,106.765074617463,106.784499300
6101,106.782577088711,106.802146800
6102,106.800079559960,106.819487500
6103,106.817582031209,106.836900800
6104,106.835084502458,106.854103400
6105,106.852586973707,106.872151700
6106,106.870089444955,106.889349100
6107,106.887591916204,106.906552400
6108,106.905094387453,106.924775600
6109,106.922596858702,106.942601100
6110,106.940099329950,106.961938200
6111,106.957601801199,106.978661200
6112,106.975104272448,106.995267600
6113,106.992606743697,107.011958700
6114,107.010109214945,107.029317400
6115,107.027611686194,107.046603600
6116,107.045114157443,107.064285100
6117,107.062616628692,107.081782000
6118,107.080119099940,107.099850100
6119,107.097621571189,107.116683400
6120,107.115124042438,107.134399500
6121,107.132626513687,107.170365300
6122,107.150128984936,107.185600900
6123,107.167631456184,107.200580100
6124,107.185133927433,107.218126600
6125,107.202636398682,107.233828700
6126,107.220138869931,107.250656700
6127,107.237641341179,107.266877400
6128,107.255143812428,107.283645700
6129,107.272646283677,107.300356500
6130,107.290148754926,107.317128800
6131,107.307651226174,107.333867700
6132,107.325153697423,107.350709100
6133,107.342656168672,107.366801200
6134,107.360158639921,107.383602700
6135,107.377661111169,107.400142800
6136,107.395163582418,107.417312400
6137,107.412666053667,107.433360900
6138,107.430168524916,107.450678200
6139,107.447670996165,107.467246300
6140,107.465173467413,107.484046200
6141,107.482675938662,107.501688700
6142,107.500178409911,107.519380300
6143,107.517680881160,107.537128500
6144,107.535183352408,107.553998900
6145,107.552685823657,107.571916100
6146,107.570188294906,107.589278800
6147,107.587690766155,107.606609400
6148,107.605193237403,107.624676100
6149,107.622695708652,107.641676600
6150,107.640198179901,107.659941900
6151,107.657700651150,107.678097000
6152,107.675203122398,107.694143100
6153,107.692705593647,107.712001900
6154,107.710208064896,107.729411100
6155,107.727710536145,107.746451100
6156,107.745213007393,107.764246500
6157,107.762715478642,107.781915700
6158,107.780217949891,107.799663100
6159,107.797720421140,107.816751400
6160,107.815222892389,107.834641400
6161,107.832725363637,107.851700500
6162,107.850227834886,107.869143000
6163,107.867730306135,107.886813600
6164,107.885232777384,107.904477000
6165,107.902735248632,107.921493800
6166,107.920237719881,107.939760200
6167,107.937740191130,107.956993100
6168,107.955242662379,107.974334500
6169,107.972745133627,107.991707000
6170,107.990247604876,108.009508900
6171,108.007750076125,108.027067300
6172,108.025252547374,108.044144700
6173,108.042755018622,108.061681600
6174,108.060257489871,108.079108500
6175,108.077759961120,108.096763800
6176,108.095262432369,108.114102500
6177,108.112764903618,108.131434400
6178,108.130267374866,108.149140900
6179,108.147769846115,108.166724200
6180,108.165272317364,108.184012200
6181,108.182774788613,108.201281600
6182,108.200277259861,108.218192400
6183,108.217779731110,108.236981500
6184,108.235282202359,108.252912900
6185,108.252784673608,108.271880200
6186,108.270287144856,108.289581200
6187,108.287789616105,108.306491200
6188,108.305292087354,108.324087700
6189,108.322794558603,108.341653700
6190,108.340297029851,108.359171800
6191,108.357799501100,108.376648800
6192,108.375301972349,108.394281200
6193,108.392804443598,108.411725000
6194,108.410306914847,108.429014000
6195,108.427809386095,108.446783300
6196,108.445311857344,108.464590200
6197,108.462814328593,108.481890000
6198,108.480316799842,108.499277400
6199,108.497819271090,108.516766700
6200,108.515321742339,108.534497400
6201,108.532824213588,108.551657700
6202,108.550326684837,108.568973300
6203,108.567829156085,108.586487400
6204,108.585331627334,108.602698600
6205,108.602834098583,108.621200500
6206,108.620336569832,108.637534600
6207,108.637839041080,108.656720700
6208,108.655341512329,108.674797500
6209,108.672843983578,108.691671000
6210,108.690346454827,108.707710600
6211,108.707848926076,108.727653700
6212,108.725351397324,108.744278800
6213,108.742853868573,108.762349400
6214,108.760356339822,108.781643700
6215,108.777858811071,108.798724100
6216,108.795361282319,108.815216600
6217,108.812863753568,108.831858400
6218,108.830366224817,108.849319100
6219,108.847868696066,108.866786800
6220,108.865371167314,108.884042600
6221,108.882873638563,108.901689800
6222,108.900376109812,108.919143300
6223,108.917878581061,108.937013500
6224,108.935381052309,108.954083400
6225,108.952883523558,108.971963900
6226,108.970385994807,108.990865000
6227,108.987888466056,109.006805000
6228,109.005390937305,109.024139000
6229,109.022893408553,109.041722000
6230,109.040395879802,109.059222500
6231,109.057898351051,109.077115100
6232,109.075400822300,109.094499500
6233,109.092903293548,109.111849200
6234,109.110405764797,109.129918000
6235,109.127908236046,109.147293800
6236,109.145410707295,109.164896200
6237,109.162913178543,109.182149700
6238,109.180415649792,109.199577500
6239,109.197918121041,109.217934500
6240,109.215420592290,109.235524300
6241,109.232923063538,109.252278900
6242,109.250425534787,109.269589700
6243,109.267928006036,109.287280000
6244,109.285430477285,109.304469400
6245,109.302932948534,109.320774400
6246,109.320435419782,109.340367000
6247,109.337937891031,109.359361800
6248,109.355440362280,109.376418100
6249,109.372942833529,109.392797800
6250,109.390445304777,109.409643600
6251,109.407947776026,109.426830900
6252,109.425450247275,109.444835700
6253,109.442952718524,109.462107400
6254,109.460455189772,109.479842300
6255,109.477957661021,109.496882600
6256,109.495460132270,109.514891400
6257,109.512962603519,109.532574800
6258,109.530465074767,109.549432800
6259,109.547967546016,109.567281800
6260,109.565470017265,109.584422700
6261,109.582972488514,109.602064600
6262,109.600474959763,109.619892600
6263,109.617977431011,109.636856500
6264,109.635479902260,109.654795800
6265,109.652982373509,109.672733300
6266,109.670484844758,109.689468600
6267,109.687987316006,109.707057900
6268,109.705489787255,109.726187700
6269,109.722992258504,109.742616800
6270,109.740494729753,109.759858100
6271,109.757997201001,109.777543500
6272,109.775499672250,109.794497800
6273,109.793002143499,109.811953700
6274,109.810504614748,109.830132000
6275,109.828007085996,109.847251800
6276,109.845509557245,109.864784000
6277,109.863012028494,109.882137300
6278,109.880514499743,109.900040300
6279,109.898016970992,109.917646200
6280,109.915519442240,109.934856600
6281,109.933021913489,109.952057500
6282,109.950524384738,109.969799700
6283,109.968026855987,109.987246500
6284,109.985529327235,110.005244300
6285,110.003031798484,110.022233600
6286,110.020534269733,110.039827600
6287,110.038036740982,110.057145400
6288,110.055539212230,110.074642200
6289,110.073041683479,110.092522400
6290,110.090544154728,110.109794400
6291,110.108046625977,110.127134600
6292,110.125549097225,110.145033800
6293,110.143051568474,110.162331200
6294,110.160554039723,110.180465200
6295,110.178056510972,110.197595600
6296,110.195558982221,110.215007300
6297,110.213061453469,110.232226300
6298,110.230563924718,110.250375800
6299,110.248066395967,110.267654900
6300,110.265568867216,110.284951100
6301,110.283071338464,110.302101400
6302,110.300573809713,110.319794300
6303,110.318076280962,110.337752800
6304,110.335578752211,110.355410900
6305,110.353081223459,110.372466700
6306,110.370583694708,110.391537600
6307,110.388086165957,110.407456600
6308,110.405588637206,110.424297800
6309,110.423091108454,110.440243200
6310,110.440593579703,110.459729800
6311,110.458096050952,110.477854000
6312,110.475598522201,110.494833700
6313,110.493100993450,110.514169000
6314,110.510603464698,110.530611800
6315,110.528105935947,110.547764700
6316,110.545608407196,110.564695600
6317,110.563110878445,110.582353700
6318,110.580613349693,110.600024400
6319,110.598115820942,110.617159700
6320,110.615618292191,110.635432900
6321,110.633120763440,110.653187000
6322,110.650623234688,110.671938300
6323,110.668125705937,110.689214300
6324,110.685628177186,110.705826800
6325,110.703130648435,110.722751700
6326,110.720633119683,110.740259400
6327,110.738135590932,110.756875900
6328,110.755638062181,110.774857100
6329,110.773140533430,110.792394600
6330,110.790643004679,110.809677800
6331,110.808145475927,110.827164200
6332,110.825647947176,110.844636600
6333,110.843150418425,110.862337200
6334,110.860652889674,110.879727100
6335,110.878155360922,110.897501500
6336,110.895657832171,110.914853000
6337,110.913160303420,110.932658800
6338,110.930662774669,110.949503200
6339,110.948165245917,110.967021500
6340,110.965667717166,110.984779500
6341,110.983170188415,111.002752700
6342,111.000672659664,111.019478700
6343,111.018175130912,111.037206700
6344,111.035677602161,111.054867900
6345,111.053180073410,111.071745600
6346,111.070682544659,111.088095900
6347,111.088185015907,111.107312100
6348,111.105687487156,111.124578700
6349,111.123189958405,111.142425500
6350,111.140692429654,111.159652000
6351,111.158194900903,111.178023700
6352,111.175697372151,111.194631000
6353,111.193199843400,111.212293200
6354,111.210702314649,111.230142700
6355,111.228204785898,111.247211400
6356,111.245707257146,111.264658300
6357,111.263209728395,111.282468500
6358,111.280712199644,111.299354100
6359,111.298214670893,111.315485800
6360,111.315717142141,111.334837200
6361,111.333219613390,111.352493500
6362,111.350722084639,111.369723100
6363,111.368224555888,111.387159800
6364,111.385727027136,111.404680100
6365,111.403229498385,111.422627700
6366,111.420731969634,111.439442200
6367,111.438234440883,111.456829400
6368,111.455736912132,111.474601800
6369,111.473239383380,111.492492500
6370,111.490741854629,111.510142100
6371,111.508244325878,111.527416300
6372,111.525746797127,111.544818200
6373,111.543249268375,111.562484600
6374,111.560751739624,111.579934500
6375,111.578254210873,111.597252600
6376,111.595756682122,111.614739200
6377,111.613259153370,111.632059500
6378,111.630761624619,111.649469600
6379,111.648264095868,111.666980000
6380,111.665766567117,111.684818600
6381,111.683269038365,111.702220300
6382,111.700771509614,111.719750200
6383,111.718273980863,111.736943800
6384,111.735776452112,111.754858800
6385,111.753278923361,111.772329800
6386,111.770781394609,111.789644300
6387,111.788283865858,111.806985600
6388,111.805786337107,111.824889800
6389,111.823288808356,111.841940700
6390,111.840791279604,111.859720500
6391,111.858293750853,111.877852900
6392,111.875796222102,111.894914400
6393,111.893298693351,111.912288100
6394,111.910801164599,111.929771600
6395,111.928303635848,111.947122900
6396,111.945806107097,111.964831600
6397,111.963308578346,111.982597500
6398,111.980811049594,112.000598900
6399,111.998313520843,112.017432900
6400,112.015815992092,112.034893300
6401,112.033318463341,112.053090900
6402,112.050820934590,112.069732000
6403,112.068323405838,112.087449300
6404,112.085825877087,112.104716700
6405,112.103328348336,112.122244100
6406,112.120830819585,112.139673600
6407,112.138333290833,112.157600700
6408,112.155835762082,112.175028600
6409,112.173338233331,112.192907000
6410,112.190840704580,112.210409600
6411,112.208343175828,112.227448400
6412,112.225845647077,112.244761100
6413,112.243348118326,112.262433100
6414,112.260850589575,112.280721300
6415,112.278353060823,112.297654700
6416,112.295855532072,112.314951300
6417,112.313358003321,112.332556100
6418,112.330860474570,112.349797500
6419,112.348362945819,112.367360700
6420,112.365865417067,112.385045300
6421,112.383367888316,112.402754100
6422,112.400870359565,112.419919000
6423,112.418372830814,112.437161400
6424,112.435875302062,112.455066200
6425,112.453377773311,112.472571800
6426,112.470880244560,112.489873700
6427,112.488382715809,112.507315200
6428,112.505885187057,112.525297400
6429,112.523387658306,112.544124200
6430,112.540890129555,112.559995800
6431,112.558392600804,112.577467200
6432,112.575895072052,112.594970600
6433,112.593397543301,112.612636100
6434,112.610900014550,112.630102900
6435,112.628402485799,112.647463300
6436,112.645904957048,112.665247000
6437,112.663407428296,112.683430700
6438,112.680909899545,112.701255100
6439,112.698412370794,112.717938600
6440,112.715914842043,112.735407400
6441,112.733417313291,112.752734700
6442,112.750919784540,112.770090900
6443,112.768422255789,112.788300200
6444,112.785924727038,112.805300600
6445,112.803427198286,112.822531400
6446,112.820929669535,112.839980600
6447,112.838432140784,112.857750600
6448,112.855934612033,112.875175900
6449,112.873437083281,112.892418200
6450,112.890939554530,112.910724800
6451,112.908442025779,112.927706000
6452,112.925944497028,112.945053500
6453,112.943446968277,112.962705500
6454,112.960949439525,112.980366100
6455,112.978451910774,112.997747000
6456,112.995954382023,113.015678000
6457,113.013456853272,113.032932600
6458,113.030959324520,113.050746400
6459,113.048461795769,113.067608400
6460,113.065964267018,113.085028100
6461,113.083466738267,113.102794000
6462,113.100969209515,113.120457700
6463,113.118471680764,113.137502500
6464,113.135974152013,113.154932800
6465,113.153476623262,113.172760100
6466,113.170979094510,113.190231000
6467,113.188481565759,113.207792400
6468,113.205984037008,113.225182700
6469,113.223486508257,113.242971700
6470,113.240988979506,113.260032500
6471,113.258491450754,113.278150600
6472,113.275993922003,113.295635600
6473,113.293496393252,113.313167200
6474,113.310998864501,113.330381900
6475,113.328501335749,113.348008200
6476,113.346003806998,113.365233600
6477,113.363506278247,113.382904400
6478,113.381008749496,113.400314700
6479,113.398511220744,113.417975400
6480,113.416013691993,113.435160200
6481,113.433516163242,113.452537100
6482,113.451018634491,113.470894000
6483,113.468521105739,113.487805300
6484,113.486023576988,113.505054700
6485,113.503526048237,113.523024300
6486,113.521028519486,113.540447300
6487,113.538530990735,113.557927300
6488,113.556033461983,113.575148400
6489,113.573535933232,113.592833700
6490,113.591038404481,113.610420000
6491,113.608540875730,113.628180100
6492,113.626043346978,113.646216600
6493,113.643545818227,113.662935200
6494,113.661048289476,113.680953400
6495,113.678550760725,113.697651600
6496,113.696053231973,113.715495700
6497,113.713555703222,113.732935700
6498,113.731058174471,113.750260400
6499,113.748560645720,113.767643800
6500,113.766063116968,113.786020200
6501,113.783565588217,113.803132300
6502,113.801068059466,113.820052000
6503,113.818570530715,113.837667400
6504,113.836073001963,113.855147700
6505,113.853575473212,113.873498500
6506,113.871077944461,113.890714900
6507,113.888580415710,113.908037400
6508,113.906082886959,113.925851400
6509,113.923585358207,113.943120500
6510,113.941087829456,113.960318300
6511,113.958590300705,113.978346400
6512,113.976092771954,113.995629500
6513,113.993595243202,114.012624100
6514,114.011097714451,114.030487300
6515,114.028600185700,114.047720400
6516,114.046102656949,114.065091500
6517,114.063605128197,114.082618800
6518,114.081107599446,114.100071900
6519,114.098610070695,114.117689200
6520,114.116112541944,114.135254400
6521,114.133615013192,114.152945900
6522,114.151117484441,114.170468200
6523,114.168619955690,114.187656800
6524,114.186122426939,114.205241600
6525,114.203624898188,114.223518800
6526,114.221127369436,114.240182200
6527,114.238629840685,114.258030900
6528,114.256132311934,114.275195500
6529,114.273634783183,114.293606300
6530,114.291137254431,114.310411200
6531,114.308639725680,114.327809400
6532,114.326142196929,114.344971400
6533,114.343644668178,114.362936600
6534,114.361147139426,114.380349800
6535,114.378649610675,114.397613100
6536,114.396152081924,114.415185500
6537,114.413654553173,114.433123200
6538,114.431157024421,114.450425700
6539,114.448659495670,114.467512400
6540,114.466161966919,114.485218700
6541,114.483664438168,114.502699700
6542,114.501166909417,114.519922200
6543,114.518669380665,114.537702000
6544,114.536171851914,114.555664300
6545,114.553674323163,114.572635600
6546,114.571176794412,114.590819800
6547,114.588679265660,114.607559800
6548,114.606181736909,114.625076100
6549,114.623684208158,114.642523200
6550,114.641186679407,114.660068400
6551,114.658689150655,114.677990900
6552,114.676191621904,114.694924800
6553,114.693694093153,114.712862400
6554,114.711196564402,114.730627400
6555,114.728699035650,114.747675800
6556,114.746201506899,114.765471600
6557,114.763703978148,114.782356500
6558,114.781206449397,114.800021600
6559,114.798708920646,114.818103200
6560,114.816211391894,114.835199500
6561,114.833713863143,114.852477600
6562,114.851216334392,114.870169000
6563,114.868718805641,114.887381200
6564,114.886221276889,114.905008400
6565,114.903723748138,114.922548700
6566,114.921226219387,114.940101700
6567,114.938728690636,114.957374400
6568,114.956231161884,114.975308800
6569,114.973733633133,114.992612200
6570,114.991236104382,115.010216400
6571,115.008738575631,115.028014400
6572,115.026241046879,115.045446600
6573,115.043743518128,115.063216600
6574,115.061245989377,115.080617900
6575,115.078748460626,115.097982200
6576,115.096250931875,115.115589700
6577,115.113753403123,115.132604200
6578,115.131255874372,115.150187900
6579,115.148758345621,115.167677200
6580,115.166260816870,115.185135900
6581,115.183763288118,115.203164700
6582,115.201265759367,115.219861900
6583,115.218768230616,115.237747700
6584,115.236270701865,115.255030000
6585,115.253773173113,115.272844500
6586,115.271275644362,115.290398400
6587,115.288778115611,115.308488600
6588,115.306280586860,115.326365600
6589,115.323783058108,115.344772100
6590,115.341285529357,115.361639500
6591,115.358788000606,115.378008600
6592,115.376290471855,115.395145200
6593,115.393792943104,115.412481800
6594,115.411295414352,115.430285800
6595,115.428797885601,115.447990100
6596,115.446300356850,115.465174100
6597,115.463802828099,115.482631800
6598,115.481305299347,115.500282700
6599,115.498807770596,115.518690000
6600,115.516310241845,115.535245600
6601,115.533812713094,115.552694300
6602,115.551315184342,115.570655400
6603,115.568817655591,115.587876500
6604,115.586320126840,115.605673700
6605,115.603822598089,115.622603600
6606,115.621325069337,115.640296900
6607,115.638827540586,115.657532800
6608,115.656330011835,115.675325700
6609,115.673832483084,115.693516700
6610,115.691334954333,115.710244900
6611,115.708837425581,115.727880600
6612,115.726339896830,115.745251600
6613,115.743842368079,115.762396700
6614,115.761344839328,115.780344400
6615,115.778847310576,115.798016700
6616,115.796349781825,115.815390300
6617,115.813852253074,115.833160100
6618,115.831354724323,115.850642900
6619,115.848857195571,115.867889500
6620,115.866359666820,115.885169700
6621,115.883862138069,115.902774200
6622,115.901364609318,115.920325900
6623,115.918867080566,115.937417500
6624,115.936369551815,115.953870700
6625,115.953872023064,115.973195600
6626,115.971374494313,115.990417100
6627,115.988876965562,116.007807200
6628,116.006379436810,116.025291400
6629,116.023881908059,116.042627400
6630,116.041384379308,116.060122200
6631,116.058886850557,116.078446800
6632,116.076389321805,116.095661100
6633,116.093891793054,116.112823700
6634,116.111394264303,116.131262600
6635,116.128896735552,116.147662200
6636,116.146399206800,116.165201000
6637,116.163901678049,116.182573400
6638,116.181404149298,116.200397000
6639,116.198906620547,116.218162300
6640,116.216409091795,116.235342700
6641,116.233911563044,116.253103300
6642,116.251414034293,116.270481800
6643,116.268916505542,116.287892100
6644,116.286418976791,116.305161600
6645,116.303921448039,116.322725400
6646,116.321423919288,116.339971200
6647,116.338926390537,116.357749800
6648,116.356428861786,116.375473700
6649,116.373931333034,116.392536100
6650,116.391433804283,116.410143100
6651,116.408936275532,116.427828800
6652,116.426438746781,116.445378600
6653,116.443941218029,116.462784600
6654,116.461443689278,116.480487500
6655,116.478946160527,116.498070300
6656,116.496448631776,116.515096100
6657,116.513951103024,116.532787500
6658,116.531453574273,116.550223800
6659,116.548956045522,116.568203900
6660,116.566458516771,116.585837000
6661,116.583960988019,116.604056900
6662,116.601463459268,116.620283900
6663,116.618965930517,116.637574600
6664,116.636468401766,116.655222700
6665,116.653970873015,116.672515500
6666,116.671473344263,116.690732500
6667,116.688975815512,116.707777400
6668,116.706478286761,116.725362800
6669,116.723980758010,116.742783500
6670,116.741483229258,116.760073700
6671,116.758985700507,116.777609200
6672,116.776488171756,116.795187700
6673,116.793990643005,116.812778000
6674,116.811493114253,116.830170000
6675,116.828995585502,116.847761000
6676,116.846498056751,116.865312600
6677,116.864000528000,116.882867200
6678,116.881502999248,116.900289400
6679,116.899005470497,116.917834800
6680,116.916507941746,116.935330700
6681,116.934010412995,116.952894600
6682,116.951512884244,116.970179700
6683,116.969015355492,116.987617100
6684,116.986517826741,117.005215500
6685,117.004020297990,117.022686200
6686,117.021522769239,117.040076300
6687,117.039025240487,117.058441600
6688,117.056527711736,117.075444100
6689,117.074030182985,117.093181600
6690,117.091532654234,117.110664700
6691,117.109035125482,117.127866800
6692,117.126537596731,117.145280200
6693,117.144040067980,117.163420800
6694,117.161542539229,117.182722300
6695,117.179045010477,117.197974200
6696,117.196547481726,117.216246000
6697,117.214049952975,117.233042100
6698,117.231552424224,117.250658700
6699,117.249054895473,117.268417100
6700,117.266557366721,117.285272900
6701,117.284059837970,117.302733100
6702,117.301562309219,117.320312100
6703,117.319064780468,117.337795700
6704,117.336567251716,117.355840400
6705,117.354069722965,117.373352100
6706,117.371572194214,117.390645900
6707,117.389074665463,117.408491400
6708,117.406577136711,117.425642300
6709,117.424079607960,117.443304300
6710,117.441582079209,117.460603700
6711,117.459084550458,117.478201700
6712,117.476587021706,117.495577100
6713,117.494089492955,117.512904500
6714,117.511591964204,117.530433000
6715,117.529094435453,117.548174900
6716,117.546596906702,117.565827700
6717,117.564099377950,117.582854100
6718,117.581601849199,117.600363500
6719,117.599104320448,117.618385400
6720,117.616606791697,117.635595700
6721,117.634109262945,117.652874500
6722,117.651611734194,117.670511400
6723,117.669114205443,117.687902600
6724,117.686616676692,117.705695700
6725,117.704119147940,117.723368500
6726,117.721621619189,117.740266500
6727,117.739124090438,117.757925400
6728,117.756626561687,117.775359000
6729,117.774129032935,117.793410000
6730,117.791631504184,117.810728800
6731,117.809133975433,117.828181700
6732,117.826636446682,117.845608600
6733,117.844138917931,117.863415600
6734,117.861641389179,117.880535500
6735,117.879143860428,117.898010700
6736,117.896646331677,117.915607800
6737,117.914148802926,117.933299700
6738,117.931651274174,117.950738900
6739,117.949153745423,117.967821000
6740,117.966656216672,117.985630600
6741,117.984158687921,118.003218200
6742,118.001661159169,118.020653800
6743,118.019163630418,118.037814900
6744,118.036666101667,118.055663800
6745,118.054168572916,118.073338100
6746,118.071671044164,118.090354400
6747,118.089173515413,118.108204000
6748,118.106675986662,118.126597800
6749,118.124178457911,118.143029200
6750,118.141680929160,118.160552700
6751,118.159183400408,118.178760500
6752,118.176685871657,118.195636100
6753,118.194188342906,118.213057800
6754,118.211690814155,118.230302300
6755,118.229193285403,118.248394900
6756,118.246695756652,118.265808100
6757,118.264198227901,118.283285900
6758,118.281700699150,118.300640900
6759,118.299203170398,118.318882100
6760,118.316705641647,118.336183000
6761,118.334208112896,118.355225600
6762,118.351710584145,118.371850100
6763,118.369213055393,118.389324200
6764,118.386715526642,118.406609500
6765,118.404217997891,118.423362600
6766,118.421720469140,118.440657700
6767,118.439222940389,118.457969100
6768,118.456725411637,118.475286400
6769,118.474227882886,118.491834800
6770,118.491730354135,118.510783300
6771,118.509232825384,118.528243300
6772,118.526735296632,118.546729600
6773,118.544237767881,118.563200300
6774,118.561740239130,118.579524300
6775,118.579242710379,118.598575900
6776,118.596745181627,118.616933900
6777,118.614247652876,118.634460100
6778,118.631750124125,118.651012200
6779,118.649252595374,118.668258100
6780,118.666755066622,118.686737200
6781,118.684257537871,118.704369800
6782,118.701760009120,118.720884500
6783,118.719262480369,118.738286900
6784,118.736764951618,118.755869600
6785,118.754267422866,118.773506000
6786,118.771769894115,118.790741600
6787,118.789272365364,118.808393100
6788,118.806774836613,118.826284000
6789,118.824277307861,118.843775700
6790,118.841779779110,118.861612100
6791,118.859282250359,118.880644900
6792,118.876784721608,118.897440100
6793,118.894287192856,118.913893800
6794,118.911789664105,118.931309200
6795,118.929292135354,118.948443000
6796,118.946794606603,118.965649000
6797,118.964297077851,118.982077400
6798,118.981799549100,119.002281800
6799,118.999302020349,119.018187600
6800,119.016804491598,119.035898800
6801,119.034306962847,119.053389500
6802,119.051809434095,119.070955700
6803,119.069311905344,119.088117700
6804,119.086814376593,119.105770400
6805,119.104316847842,119.124039200
6806,119.121819319090,119.140983500
6807,119.139321790339,119.158645400
6808,119.156824261588,119.175651700
6809,119.174326732837,119.193322500
6810,119.191829204085,119.209316000
6811,119.209331675334,119.228135700
6812,119.226834146583,119.245898900
6813,119.244336617832,119.264256800
6814,119.261839089080,119.280917500
6815,119.279341560329,119.298619000
6816,119.296844031578,119.315975500
6817,119.314346502827,119.333213700
6818,119.331848974076,119.350684100
6819,119.349351445324,119.369710200
6820,119.366853916573,119.385154500
6821,119.384356387822,119.403099600
6822,119.401858859071,119.420913300
6823,119.419361330319,119.438660800
6824,119.436863801568,119.455652700
6825,119.454366272817,119.474267800
6826,119.471868744066,119.491005200
6827,119.489371215314,119.508570100
6828,119.506873686563,119.526220600
6829,119.524376157812,119.543311300
6830,119.541878629061,119.561237700
6831,119.559381100309,119.578358800
6832,119.576883571558,119.596189000
6833,119.594386042807,119.613358100
6834,119.611888514056,119.630770700
6835,119.629390985305,119.649260100
6836,119.646893456553,119.667554600
6837,119.664395927802,119.684814400
6838,119.681898399051,119.703574300
6839,119.699400870300,119.719777000
6840,119.716903341548,119.736900000
6841,119.734405812797,119.754399300
6842,119.751908284046,119.771035600
6843,119.769410755295,119.788762000
6844,119.786913226543,119.806217000
6845,119.804415697792,119.823700900
6846,119.821918169041,119.840718500
6847,119.839420640290,119.858142600
6848,119.856923111538,119.877120400
6849,119.874425582787,119.893823500
6850,119.891928054036,119.910974800
6851,119.909430525285,119.928632300
6852,119.926932996533,119.945954000
6853,119.944435467782,119.963421700
6854,119.961937939031,119.981661600
6855,119.979440410280,119.998358900
6856,119.996942881529,120.015922400
6857,120.014445352777,120.033407700
6858,120.031947824026,120.051162800
6859,120.049450295275,120.068365300
6860,120.066952766524,120.086291900
6861,120.084455237772,120.103999800
6862,120.101957709021,120.121589400
6863,120.119460180270,120.140406400
6864,120.136962651519,120.157550400
6865,120.154465122767,120.173850100
6866,120.171967594016,120.190854400
6867,120.189470065265,120.208641100
6868,120.206972536514,120.226102600
6869,120.224475007762,120.243353200
6870,120.241977479011,120.261130700
6871,120.259479950260,120.279030300
6872,120.276982421509,120.295541200
6873,120.294484892758,120.313205600
6874,120.311987364006,120.331238400
6875,120.329489835255,120.348653400
6876,120.346992306504,120.365737700
6877,120.364494777753,120.383692100
6878,120.381997249001,120.401764000
6879,120.399499720250,120.418239500
6880,120.417002191499,120.435878800
6881,120.434504662748,120.453359400
6882,120.452007133996,120.470840900
6883,120.469509605245,120.488230900
6884,120.487012076494,120.505985100
6885,120.504514547743,120.524332500
6886,120.522017018991,120.541336600
6887,120.539519490240,120.558229900
6888,120.557021961489,120.575839200
6889,120.574524432738,120.593474500
6890,120.592026903987,120.611074200
6891,120.609529375235,120.628263100
6892,120.627031846484,120.646001000
6893,120.644534317733,120.663744300
6894,120.662036788982,120.681494700
6895,120.679539260230,120.699183400
6896,120.697041731479,120.716139500
6897,120.714544202728,120.734129700
6898,120.732046673977,120.750973900
6899,120.749549145225,120.768697700
6900,120.767051616474,120.785967600
6901,120.784554087723,120.803279900
6902,120.802056558972,120.821174800
6903,120.819559030220,120.838758100
6904,120.837061501469,120.856012800
6905,120.854563972718,120.873380600
6906,120.872066443967,120.891853800
6907,120.889568915216,120.909786100
6908,120.907071386464,120.926190900
6909,120.924573857713,120.943760400
6910,120.942076328962,120.961872300
6911,120.959578800211,120.979182500
6912,120.977081271459,120.996734400
6913,120.994583742708,121.013741800
6914,121.012086213957,121.031501400
6915,121.029588685206,121.048527900
6916,121.047091156454,121.066682500
6917,121.064593627703,121.083741200
6918,121.082096098952,121.101265300
6919,121.099598570201,121.118644200
6920,121.117101041449,121.136645800
6921,121.134603512698,121.153833700
6922,121.152105983947,121.171829400
6923,121.169608455196,121.188938700
6924,121.187110926445,121.206368400
6925,121.204613397693,121.223633900
6926,121.222115868942,121.241194400
6927,121.239618340191,121.260048100
6928,121.257120811440,121.276187500
6929,121.274623282688,121.293722700
6930,121.292125753937,121.311148500
6931,121.309628225186,121.329458400
6932,121.327130696435,121.346793100
6933,121.344633167683,121.363883700
6934,121.362135638932,121.381767200
6935,121.379638110181,121.400089200
6936,121.397140581430,121.417070500
6937,121.414643052678,121.434103900
6938,121.432145523927,121.451926600
6939,121.449647995176,121.469036900
6940,121.467150466425,121.486745100
6941,121.484652937674,121.503971300
6942,121.502155408922,121.521302300
6943,121.519657880171,121.538928900
6944,121.537160351420,121.556325100
6945,121.554662822669,121.574312200
6946,121.572165293917,121.591536800
6947,121.589667765166,121.608694800
6948,121.607170236415,121.624760200
6949,121.624672707664,121.644046100
6950,121.642175178912,121.661586400
6951,121.659677650161,121.679434400
6952,121.677180121410,121.697219300
6953,121.694682592659,121.714227600
6954,121.712185063907,121.731462500
6955,121.729687535156,121.748950900
6956,121.747190006405,121.766532900
6957,121.764692477654,121.783817000
6958,121.782194948903,121.801437400
6959,121.799697420151,121.820973900
6960,121.817199891400,121.839442300
6961,121.834702362649,121.856454200
6962,121.852204833898,121.872560100
6963,121.869707305146,121.889528900
6964,121.887209776395,121.907444000
6965,121.904712247644,121.923727100
6966,121.922214718893,121.941516400
6967,121.939717190141,121.959123700
6968,121.957219661390,121.976382100
6969,121.974722132639,121.994222000
6970,121.992224603888,122.011314100
6971,122.009727075136,122.028775100
6972,122.027229546385,122.046198600
6973,122.044732017634,122.064854900
6974,122.062234488883,122.081715800
6975,122.079736960132,122.099286600
6976,122.097239431380,122.116339400
6977,122.114741902629,122.134006300
6978,122.132244373878,122.151604300
6979,122.149746845127,122.168758100
6980,122.167249316375,122.186413600
6981,122.184751787624,122.203831400
6982,122.202254258873,122.221557100
6983,122.219756730122,122.238635800
6984,122.237259201370,122.256021700
6985,122.254761672619,122.273665700
6986,122.272264143868,122.290992800
6987,122.289766615117,122.308504000
6988,122.307269086365,122.326239000
6989,122.324771557614,122.343597100
6990,122.342274028863,122.361392100
6991,122.359776500112,122.379473600
6992,122.377278971361,122.397085100
6993,122.394781442609,122.414356400
6994,122.412283913858,122.431599400
6995,122.429786385107,122.448925800
6996,122.447288856356,122.466205600
6997,122.464791327604,122.483518000
6998,122.482293798853,122.501089100
6999,122.499796270102,122.518597200
7000,122.517298741351,122.536245900
7001,122.534801212599,122.553830600
7002,122.552303683848,122.571030400
7003,122.569806155097,122.588567500
7004,122.587308626346,122.605967100
7005,122.604811097594,122.623640600
7006,122.622313568843,122.641413900
7007,122.639816040092,122.658581100
7008,122.657318511341,122.676700200
7009,122.674820982590,122.694297600
7010,122.692323453838,122.711576200
7011,122.709825925087,122.728975300
7012,122.727328396336,122.746092200
7013,122.744830867585,122.763862300
7014,122.762333338833,122.781649400
7015,122.779835810082,122.799225400
7016,122.797338281331,122.816296000
7017,122.814840752580,122.833760400
7018,122.832343223828,122.851104700
7019,122.849845695077,122.868803900
7020,122.867348166326,122.886664200
7021,122.884850637575,122.904134600
7022,122.902353108823,122.921107500
7023,122.919855580072,122.940065100
7024,122.937358051321,122.956624800
7025,122.954860522570,122.973808300
7026,122.972362993819,122.991212900
7027,122.989865465067,123.008691400
7028,123.007367936316,123.026198100
7029,123.024870407565,123.043910900
7030,123.042372878814,123.061970700
7031,123.059875350062,123.078989600
7032,123.077377821311,123.096715000
7033,123.094880292560,123.114249300
7034,123.112382763809,123.131594200
7035,123.129885235057,123.149640500
7036,123.147387706306,123.166234900
7037,123.164890177555,123.183687000
7038,123.182392648804,123.201437800
7039,123.199895120052,123.218887300
7040,123.217397591301,123.236155400
7041,123.234900062550,123.254321300
7042,123.252402533799,123.271773600
7043,123.269905005047,123.289497200
7044,123.287407476296,123.307086200
7045,123.304909947545,123.324354500
7046,123.322412418794,123.341785100
7047,123.339914890043,123.359104100
7048,123.357417361291,123.376552100
7049,123.374919832540,123.394683600
7050,123.392422303789,123.412085200
7051,123.409924775038,123.428967100
7052,123.427427246286,123.446865200
7053,123.444929717535,123.464005200
7054,123.462432188784,123.481719200
7055,123.479934660033,123.499445400
7056,123.497437131281,123.516567800
7057,123.514939602530,123.534093300
7058,123.532442073779,123.551695400
7059,123.549944545028,123.568867000
7060,123.567447016276,123.586932500
7061,123.584949487525,123.604276800
7062,123.602451958774,123.621575700
7063,123.619954430023,123.639241000
7064,123.637456901272,123.656675500
7065,123.654959372520,123.674245600
7066,123.672461843769,123.692236800
7067,123.689964315018,123.710036900
7068,123.707466786267,123.727119100
7069,123.724969257515,123.744290800
7070,123.742471728764,123.761814800
7071,123.759974200013,123.779213600
7072,123.777476671262,123.796682000
7073,123.794979142510,123.814277100
7074,123.812481613759,123.832025800
7075,123.829984085008,123.849424900
7076,123.847486556257,123.866613900
7077,123.864989027505,123.884262200
7078,123.882491498754,123.901918600
7079,123.899993970003,123.919849100
7080,123.917496441252,123.938136600
7081,123.934998912501,123.955768800
7082,123.952501383749,123.971898100
7083,123.970003854998,123.989543600
7084,123.987506326247,124.007200100
7085,124.005008797496,124.024741700
7086,124.022511268744,124.042171400
7087,124.040013739993,124.059329000
7088,124.057516211242,124.076769900
7089,124.075018682491,124.094615900
7090,124.092521153739,124.111966000
7091,124.110023624988,124.130192600
7092,124.127526096237,124.147795700
7093,124.145028567486,124.166776300
7094,124.162531038734,124.183490600
7095,124.180033509983,124.200263700
7096,124.197535981232,124.216916100
7097,124.215038452481,124.234641000
7098,124.232540923730,124.252092000
7099,124.250043394978,124.269581500
7100,124.267545866227,124.286938400
7101,124.285048337476,124.304832400
7102,124.302550808725,124.321886100
7103,124.320053279973,124.339564400
7104,124.337555751222,124.357028300
7105,124.355058222471,124.374093200
7106,124.372560693720,124.392683800
7107,124.390063164968,124.409431300
7108,124.407565636217,124.426673700
7109,124.425068107466,124.444249500
7110,124.442570578715,124.463125600
7111,124.460073049963,124.480657600
7112,124.477575521212,124.497015500
7113,124.495077992461,124.514891000
7114,124.512580463710,124.532279200
7115,124.530082934959,124.549487700
7116,124.547585406207,124.567328300
7117,124.565087877456,124.584394300
7118,124.582590348705,124.601986200
7119,124.600092819954,124.619197500
7120,124.617595291202,124.636633700
7121,124.635097762451,124.654944900
7122,124.652600233700,124.673004700
7123,124.670102704949,124.689420000
7124,124.687605176197,124.706909500
7125,124.705107647446,124.724647100
7126,124.722610118695,124.741672600
7127,124.740112589944,124.759812200
7128,124.757615061192,124.777298500
7129,124.775117532441,124.794365600
7130,124.792620003690,124.811793700
7131,124.810122474939,124.829680900
7132,124.827624946188,124.846751700
7133,124.845127417436,124.864987000
7134,124.862629888685,124.881716700
7135,124.880132359934,124.899362100
7136,124.897634831183,124.916786200
7137,124.915137302431,124.935069300
7138,124.932639773680,124.952913400
7139,124.950142244929,124.969331500
7140,124.967644716178,124.986810300
7141,124.985147187426,125.004214500
7142,125.002649658675,125.021938300
7143,125.020152129924,125.039352900
7144,125.037654601173,125.056644000
7145,125.055157072421,125.074237800
7146,125.072659543670,125.092141500
7147,125.090162014919,125.109428200
7148,125.107664486168,125.127116400
7149,125.125166957417,125.144575800
7150,125.142669428665,125.162215300
7151,125.160171899914,125.179664500
7152,125.177674371163,125.197023500
7153,125.195176842412,125.214740800
7154,125.212679313660,125.232634800
7155,125.230181784909,125.250726000
7156,125.247684256158,125.267162100
7157,125.265186727407,125.284603200
7158,125.282689198655,125.301712600
7159,125.300191669904,125.319273900
7160,125.317694141153,125.336724100
7161,125.335196612402,125.354722100
7162,125.352699083650,125.372228100
7163,125.370201554899,125.389728000
7164,125.387704026148,125.407273600
7165,125.405206497397,125.424385900
7166,125.422708968646,125.441765800
7167,125.440211439894,125.459867800
7168,125.457713911143,125.476913500
7169,125.475216382392,125.494931700
7170,125.492718853641,125.512259100
7171,125.510221324889,125.529776800
7172,125.527723796138,125.547708700
7173,125.545226267387,125.564696000
7174,125.562728738636,125.581949300
7175,125.580231209884,125.599303400
7176,125.597733681133,125.616895500
7177,125.615236152382,125.634457500
7178,125.632738623631,125.652694000
7179,125.650241094879,125.669772600
7180,125.667743566128,125.687830800
7181,125.685246037377,125.704808500
7182,125.702748508626,125.722508300
7183,125.720250979875,125.739987200
7184,125.737753451123,125.757847400
7185,125.755255922372,125.774443900
7186,125.772758393621,125.792297400
7187,125.790260864870,125.809458900
7188,125.807763336118,125.827053900
7189,125.825265807367,125.844499800
7190,125.842768278616,125.861912400
7191,125.860270749865,125.879643400
7192,125.877773221113,125.896940300
7193,125.895275692362,125.914658700
7194,125.912778163611,125.931810400
7195,125.930280634860,125.949744500
7196,125.947783106108,125.967131300
7197,125.965285577357,125.985231000
7198,125.982788048606,126.002623300
7199,126.000290519855,126.019419200
7200,126.017792991104,126.037451400
7201,126.035295462352,126.054816800
7202,126.052797933601,126.072566000
7203,126.070300404850,126.090099600
7204,126.087802876099,126.107471800
7205,126.105305347347,126.124485800
7206,126.122807818596,126.142008900
7207,126.140310289845,126.159540600
7208,126.157812761094,126.176818600
7209,126.175315232342,126.194473200
7210,126.192817703591,126.212063400
7211,126.210320174840,126.229911800
7212,126.227822646089,126.247674700
7213,126.245325117337,126.265041700
7214,126.262827588586,126.282975300
7215,126.280330059835,126.300187900
7216,126.297832531084,126.317695500
7217,126.315335002333,126.335242500
7218,126.332837473581,126.352385800
7219,126.350339944830,126.370042400
7220,126.367842416079,126.387701300
7221,126.385344887328,126.405347800
7222,126.402847358576,126.422635100
7223,126.420349829825,126.439722200
7224,126.437852301074,126.457074200
7225,126.455354772323,126.474780500
7226,126.472857243571,126.493177500
7227,126.490359714820,126.510840800
7228,126.507862186069,126.529013100
7229,126.525364657318,126.546837300
7230,126.542867128566,126.562269100
7231,126.560369599815,126.580095300
7232,126.577872071064,126.597161900
7233,126.595374542313,126.614867100
7234,126.612877013561,126.632166400
7235,126.630379484810,126.650010200
7236,126.647881956059,126.667605000
7237,126.665384427308,126.684660500
7238,126.682886898557,126.702309300
7239,126.700389369805,126.719812100
7240,126.717891841054,126.737307200
7241,126.735394312303,126.754922800
7242,126.752896783552,126.772395700
7243,126.770399254800,126.789909300
7244,126.787901726049,126.806957100
7245,126.805404197298,126.825009000
7246,126.822906668547,126.842647500
7247,126.840409139795,126.859958400
7248,126.857911611044,126.877364300
7249,126.875414082293,126.895347800
7250,126.892916553542,126.912931600
7251,126.910419024790,126.930338800
7252,126.927921496039,126.947769500
7253,126.945423967288,126.964872900
7254,126.962926438537,126.983508100
7255,126.980428909786,127.000782500
7256,126.997931381034,127.017389600
7257,127.015433852283,127.034766100
7258,127.032936323532,127.052330200
7259,127.050438794781,127.069740200
7260,127.067941266029,127.087703400
7261,127.085443737278,127.106033900
7262,127.102946208527,127.125047700
7263,127.120448679776,127.141725300
7264,127.137951151024,127.158549200
7265,127.155453622273,127.175429500
7266,127.172956093522,127.192563000
7267,127.190458564771,127.210166800
7268,127.207961036019,127.227695200
7269,127.225463507268,127.245102400
7270,127.242965978517,127.262509900
7271,127.260468449766,127.279829200
7272,127.277970921015,127.297348000
7273,127.295473392263,127.315206200
7274,127.312975863512,127.332393900
7275,127.330478334761,127.349960900
7276,127.347980806010,127.367634000
7277,127.365483277258,127.385390300
7278,127.382985748507,127.402624500
7279,127.400488219756,127.419972000
7280,127.417990691005,127.437336400
7281,127.435493162253,127.454763500
7282,127.452995633502,127.472318200
7283,127.470498104751,127.490419100
7284,127.488000576000,127.507338400
7285,127.505503047248,127.525183000
7286,127.523005518497,127.542805600
7287,127.540507989746,127.559762300
7288,127.558010460995,127.577535100
7289,127.575512932244,127.595304800
7290,127.593015403492,127.612606000
7291,127.610517874741,127.629901700
7292,127.628020345990,127.647702600
7293,127.645522817239,127.665095200
7294,127.663025288487,127.682771200
7295,127.680527759736,127.700646700
7296,127.698030230985,127.717810600
7297,127.715532702234,127.735595500
7298,127.733035173482,127.752811300
7299,127.750537644731,127.770031200
7300,127.768040115980,127.787598300
7301,127.785542587229,127.805312100
7302,127.803045058477,127.822718700
7303,127.820547529726,127.839870600
7304,127.838050000975,127.857386900
7305,127.855552472224,127.874796700
7306,127.873054943473,127.892316500
7307,127.890557414721,127.910511300
7308,127.908059885970,127.927671900
7309,127.925562357219,127.944951100
7310,127.943064828468,127.963660100
7311,127.960567299716,127.980833800
7312,127.978069770965,127.997505000
7313,127.995572242214,128.015085800
7314,128.013074713463,128.033355700
7315,128.030577184711,128.050678900
7316,128.048079655960,128.067595100
7317,128.065582127209,128.085088600
7318,128.083084598458,128.103305400
7319,128.100587069706,128.120182800
7320,128.118089540955,128.137374100
7321,128.135592012204,128.154962200
7322,128.153094483453,128.172692100
7323,128.170596954702,128.190093600
7324,128.188099425950,128.207581300
7325,128.205601897199,128.224888400
7326,128.223104368448,128.242071400
7327,128.240606839697,128.258284100
7328,128.258109310945,128.277591000
7329,128.275611782194,128.294992200
7330,128.293114253443,128.312800500
7331,128.310616724692,128.330981500
7332,128.328119195940,128.348306000
7333,128.345621667189,128.365247600
7334,128.363124138438,128.382479400
7335,128.380626609687,128.399979900
7336,128.398129080935,128.417657700
7337,128.415631552184,128.435275100
7338,128.433134023433,128.452975000
7339,128.450636494682,128.470406200
7340,128.468138965931,128.488226000
7341,128.485641437179,128.505388400
7342,128.503143908428,128.522676200
7343,128.520646379677,128.540879000
7344,128.538148850926,128.557966600
7345,128.555651322174,128.575235900
7346,128.573153793423,128.592497300
7347,128.590656264672,128.610246100
7348,128.608158735921,128.628072400
7349,128.625661207169,128.645404200
7350,128.643163678418,128.662604100
7351,128.660666149667,128.680287000
7352,128.678168620916,128.698070900
7353,128.695671092164,128.715261400
7354,128.713173563413,128.733222500
7355,128.730676034662,128.750629100
7356,128.748178505911,128.767834300
7357,128.765680977160,128.785107300
7358,128.783183448408,128.802850200
7359,128.800685919657,128.820260400
7360,128.818188390906,128.837536100
7361,128.835690862155,128.855938200
7362,128.853193333403,128.872801500
7363,128.870695804652,128.890170600
7364,128.888198275901,128.908198900
7365,128.905700747150,128.926150800
7366,128.923203218398,128.943981700
7367,128.940705689647,128.962305500
7368,128.958208160896,128.979592800
7369,128.975710632145,128.995985100
7370,128.993213103393,129.012878900
7371,129.010715574642,129.030396300
7372,129.028218045891,129.048290900
7373,129.045720517140,129.065259800
7374,129.063222988389,129.082546400
7375,129.080725459637,129.100071600
7376,129.098227930886,129.117744900
7377,129.115730402135,129.134999700
7378,129.133232873384,129.152554700
7379,129.150735344632,129.170364500
7380,129.168237815881,129.188114200
7381,129.185740287130,129.205930300
7382,129.203242758379,129.223109500
7383,129.220745229627,129.240989100
7384,129.238247700876,129.257880600
7385,129.255750172125,129.275382400
7386,129.273252643374,129.292840400
7387,129.290755114622,129.310240100
7388,129.308257585871,129.327782200
7389,129.325760057120,129.345131300
7390,129.343262528369,129.362726000
7391,129.360764999617,129.379958400
7392,129.378267470866,129.397710300
7393,129.395769942115,129.415196200
7394,129.413272413364,129.432546400
7395,129.430774884613,129.450002200
7396,129.448277355861,129.468476900
7397,129.465779827110,129.487564100
7398,129.483282298359,129.504347800
7399,129.500784769608,129.520917700
7400,129.518287240856,129.537872700
7401,129.535789712105,129.555526000
7402,129.553292183354,129.572655000
7403,129.570794654603,129.589922700
7404,129.588297125851,129.607724300
7405,129.605799597100,129.624896200
7406,129.623302068349,129.642766900
7407,129.640804539598,129.660323200
7408,129.658307010846,129.677597600
7409,129.675809482095,129.695139400
7410,129.693311953344,129.712698400
7411,129.710814424593,129.730693400
7412,129.728316895842,129.747820400
7413,129.745819367090,129.765307700
7414,129.763321838339,129.783214000
7415,129.780824309588,129.800079300
7416,129.798326780837,129.817577000
7417,129.815829252085,129.834900600
7418,129.833331723334,129.853197600
7419,129.850834194583,129.870353600
7420,129.868336665832,129.887759600
7421,129.885839137080,129.904953200
7422,129.903341608329,129.922782000
7423,129.920844079578,129.940207400
7424,129.938346550827,129.957685800
7425,129.955849022075,129.975279600
7426,129.973351493324,129.992679300
7427,129.990853964573,130.009865800
7428,130.008356435822,130.027953800
7429,130.025858907071,130.045112000
7430,130.043361378319,130.063080300
7431,130.060863849568,130.080256900
7432,130.078366320817,130.097595400
7433,130.095868792066,130.115291700
7434,130.113371263314,130.132530600
7435,130.130873734563,130.150345500
7436,130.148376205812,130.168322700
7437,130.165878677061,130.185498400
7438,130.183381148309,130.202835100
7439,130.200883619558,130.220142600
7440,130.218386090807,130.237661300
7441,130.235888562056,130.255068900
7442,130.253391033304,130.272291700
7443,130.270893504553,130.290056700
7444,130.288395975802,130.308773700
7445,130.305898447051,130.327874100
7446,130.323400918300,130.344462200
7447,130.340903389548,130.362348400
7448,130.358405860797,130.378395200
7449,130.375908332046,130.395384500
7450,130.393410803295,130.413234600
7451,130.410913274543,130.430462500
7452,130.428415745792,130.448145300
7453,130.445918217041,130.465692300
7454,130.463420688290,130.483323000
7455,130.480923159538,130.500883000
7456,130.498425630787,130.518226200
7457,130.515928102036,130.535782600
7458,130.533430573285,130.554296200
7459,130.550933044533,130.570286100
7460,130.568435515782,130.587563700
7461,130.585937987031,130.605109200
7462,130.603440458280,130.622734100
7463,130.620942929529,130.639784300
7464,130.638445400777,130.658055400
7465,130.655947872026,130.675286000
7466,130.673450343275,130.692658300
7467,130.690952814524,130.710356700
7468,130.708455285772,130.727739400
7469,130.725957757021,130.745474800
7470,130.743460228270,130.762352500
7471,130.760962699519,130.780607400
7472,130.778465170767,130.798028600
7473,130.795967642016,130.815240900
7474,130.813470113265,130.832291000
7475,130.830972584514,130.849789300
7476,130.848475055762,130.867833900
7477,130.865977527011,130.885711900
7478,130.883479998260,130.902644800
7479,130.900982469509,130.920283400
7480,130.918484940758,130.937660400
7481,130.935987412006,130.955005600
7482,130.953489883255,130.973407300
7483,130.970992354504,130.991174400
7484,130.988494825753,131.008284700
7485,131.005997297001,131.025199500
7486,131.023499768250,131.043707800
7487,131.041002239499,131.060673300
7488,131.058504710748,131.078377200
7489,131.076007181996,131.095379800
7490,131.093509653245,131.113008800
7491,131.111012124494,131.130413700
7492,131.128514595743,131.148084400
7493,131.146017066991,131.165597800
7494,131.163519538240,131.183047100
7495,131.181022009489,131.200897900
7496,131.198524480738,131.218424600
7497,131.216026951987,131.235374400
7498,131.233529423235,131.252924300
7499,131.251031894484,131.269969900
7500,131.268534365733,131.287609700
7501,131.286036836982,131.305282000
7502,131.303539308230,131.322747900
7503,131.321041779479,131.340380800
7504,131.338544250728,131.357785800
7505,131.356046721977,131.375552600
7506,131.373549193225,131.393140600
7507,131.391051664474,131.410473700
7508,131.408554135723,131.428126800
7509,131.426056606972,131.445832500
7510,131.443559078220,131.464915700
7511,131.461061549469,131.481512200
7512,131.478564020718,131.498639700
7513,131.496066491967,131.515286000
7514,131.513568963216,131.532804000
7515,131.531071434464,131.550452500
7516,131.548573905713,131.568738900
7517,131.566076376962,131.585670400
7518,131.583578848211,131.603629400
7519,131.601081319459,131.620866700
7520,131.618583790708,131.637831500
7521,131.636086261957,131.655195700
7522,131.653588733206,131.672762100
7523,131.671091204454,131.690545000
7524,131.688593675703,131.707742700
7525,131.706096146952,131.725258500
7526,131.723598618201,131.743015900
7527,131.741101089449,131.760191300
7528,131.758603560698,131.777629900
7529,131.776106031947,131.795849600
7530,131.793608503196,131.813168800
7531,131.811110974445,131.830443100
7532,131.828613445693,131.848447800
7533,131.846115916942,131.866506800
7534,131.863618388191,131.883696000
7535,131.881120859440,131.902338100
7536,131.898623330688,131.919350300
7537,131.916125801937,131.936219100
7538,131.933628273186,131.952958900
7539,131.951130744435,131.970192100
7540,131.968633215683,131.988183300
7541,131.986135686932,132.005600000
7542,132.003638158181,132.022696500
7543,132.021140629430,132.040191600
7544,132.038643100678,132.058156300
7545,132.056145571927,132.075568500
7546,132.073648043176,132.092687300
7547,132.091150514425,132.110467700
7548,132.108652985674,132.128036200
7549,132.126155456922,132.145038300
7550,132.143657928171,132.162943000
7551,132.161160399420,132.180565200
7552,132.178662870669,132.198121400
7553,132.196165341917,132.215686700
7554,132.213667813166,132.232992600
7555,132.231170284415,132.250542300
7556,132.248672755664,132.270226000
7557,132.266175226912,132.287942900
7558,132.283677698161,132.306018500
7559,132.301180169410,132.324001100
7560,132.318682640659,132.343034400
7561,132.336185111907,132.360484400
7562,132.353687583156,132.379789800
7563,132.371190054405,132.397046600
7564,132.388692525654,132.413253000
7565,132.406194996903,132.430160400
7566,132.423697468151,132.447502400
7567,132.441199939400,132.465428300
7568,132.458702410649,132.482317300
7569,132.476204881898,132.499935900
7570,132.493707353146,132.517358900
7571,132.511209824395,132.535150000
7572,132.528712295644,132.552522000
7573,132.546214766893,132.571003800
7574,132.563717238141,132.587799700
7575,132.581219709390,132.605089400
7576,132.598722180639,132.622502100
7577,132.616224651888,132.641248900
7578,132.633727123136,132.657759800
7579,132.651229594385,132.675139200
7580,132.668732065634,132.694201500
7581,132.686234536883,132.711189500
7582,132.703737008131,132.729740500
7583,132.721239479380,132.746948300
7584,132.738741950629,132.762993000
7585,132.756244421878,132.780286300
7586,132.773746893127,132.798075000
7587,132.791249364375,132.816107000
7588,132.808751835624,132.832885300
7589,132.826254306873,132.850268800
7590,132.843756778122,132.867565700
7591,132.861259249370,132.886803500
7592,132.878761720619,132.902791400
7593,132.896264191868,132.920063100
7594,132.913766663117,132.938040000
7595,132.931269134365,132.955332700
7596,132.948771605614,132.972962600
7597,132.966274076863,132.990285300
7598,132.983776548112,133.008040400
7599,133.001279019360,133.025481900
7600,133.018781490609,133.043716700
7601,133.036283961858,133.061291800
7602,133.053786433107,133.080083000
7603,133.071288904356,133.096356600
7604,133.088791375604,133.113622300
7605,133.106293846853,133.130536800
7606,133.123796318102,133.147999100
7607,133.141298789351,133.165607100
7608,133.158801260599,133.182778000
7609,133.176303731848,133.200622700
7610,133.193806203097,133.217918900
7611,133.211308674346,133.235969900
7612,133.228811145594,133.253135400
7613,133.246313616843,133.270636500
7614,133.263816088092,133.287718700
7615,133.281318559341,133.305522000
7616,133.298821030589,133.322928300
7617,133.316323501838,133.340639400
7618,133.333825973087,133.358400300
7619,133.351328444336,133.375632900
7620,133.368830915585,133.394393100
7621,133.386333386833,133.413296800
7622,133.403835858082,133.430799300
7623,133.421338329331,133.446651100
7624,133.438840800580,133.463294800
7625,133.456343271828,133.480657300
7626,133.473845743077,133.498130200
7627,133.491348214326,133.515722600
7628,133.508850685575,133.533583600
7629,133.526353156823,133.551236500
7630,133.543855628072,133.568439000
7631,133.561358099321,133.585697000
7632,133.578860570570,133.603253100
7633,133.596363041818,133.620519800
7634,133.613865513067,133.638417200
7635,133.631367984316,133.655993600
7636,133.648870455565,133.673477200
7637,133.666372926814,133.690947200
7638,133.683875398062,133.708156400
7639,133.701377869311,133.725842500
7640,133.718880340560,133.743867400
7641,133.736382811809,133.761085300
7642,133.753885283057,133.780081200
7643,133.771387754306,133.797102100
7644,133.788890225555,133.813625700
7645,133.806392696804,133.831604000
7646,133.823895168052,133.848078500
7647,133.841397639301,133.865899800
7648,133.858900110550,133.883107300
7649,133.876402581799,133.901481600
7650,133.893905053047,133.918286000
7651,133.911407524296,133.935916000
7652,133.928909995545,133.953334000
7653,133.946412466794,133.970936100
7654,133.963914938043,133.988766300
7655,133.981417409291,134.005578500
7656,133.998919880540,134.023027700
7657,134.016422351789,134.040340100
7658,134.033924823038,134.058367300
7659,134.051427294286,134.075850300
7660,134.068929765535,134.093319000
7661,134.086432236784,134.110917100
7662,134.103934708033,134.128113800
7663,134.121437179281,134.145622300
7664,134.138939650530,134.162621900
7665,134.156442121779,134.181400600
7666,134.173944593028,134.198179200
7667,134.191447064276,134.215765900
7668,134.208949535525,134.233721600
7669,134.226452006774,134.251297900
7670,134.243954478023,134.269731200
7671,134.261456949272,134.286402900
7672,134.278959420520,134.302953700
7673,134.296461891769,134.320301000
7674,134.313964363018,134.338265100
7675,134.331466834267,134.355410300
7676,134.348969305515,134.372680900
7677,134.366471776764,134.390612900
7678,134.383974248013,134.408282200
7679,134.401476719262,134.426688300
7680,134.418979190510,134.442655400
7681,134.436481661759,134.460044000
7682,134.453984133008,134.477661000
7683,134.471486604257,134.495025500
7684,134.488989075505,134.513067400
7685,134.506491546754,134.530100600
7686,134.523994018003,134.547563600
7687,134.541496489252,134.565079500
7688,134.558998960501,134.582644700
7689,134.576501431749,134.600214500
7690,134.594003902998,134.618400200
7691,134.611506374247,134.635337400
7692,134.629008845496,134.652641800
7693,134.646511316744,134.670664500
7694,134.664013787993,134.688832100
7695,134.681516259242,134.706692700
7696,134.699018730491,134.724975600
7697,134.716521201739,134.742140400
7698,134.734023672988,134.757638100
7699,134.751526144237,134.775086500
7700,134.769028615486,134.793161400
7701,134.786531086734,134.810766900
7702,134.804033557983,134.827911200
7703,134.821536029232,134.845697400
7704,134.839038500481,134.862709400
7705,134.856540971730,134.880757500
7706,134.874043442978,134.898064900
7707,134.891545914227,134.915473300
7708,134.909048385476,134.932930800
7709,134.926550856725,134.950528800
7710,134.944053327973,134.968237600
7711,134.961555799222,134.985956000
7712,134.979058270471,135.002813100
7713,134.996560741720,135.020760600
7714,135.014063212968,135.037825800
7715,135.031565684217,135.055491000
7716,135.049068155466,135.073340700
7717,135.066570626715,135.090794100
7718,135.084073097963,135.108225000
7719,135.101575569212,135.126148000
7720,135.119078040461,135.143376200
7721,135.136580511710,135.160835500
7722,135.154082982958,135.178819600
7723,135.171585454207,135.196575700
7724,135.189087925456,135.213792300
7725,135.206590396705,135.230854800
7726,135.224092867954,135.248377200
7727,135.241595339202,135.265690800
7728,135.259097810451,135.283125600
7729,135.276600281700,135.300474500
7730,135.294102752949,135.318349000
7731,135.311605224197,135.335947800
7732,135.329107695446,135.353716100
7733,135.346610166695,135.371381200
7734,135.364112637944,135.389810600
7735,135.381615109192,135.405692600
7736,135.399117580441,135.422991900
7737,135.416620051690,135.440913300
7738,135.434122522939,135.458276300
7739,135.451624994188,135.475641300
7740,135.469127465436,135.493231600
7741,135.486629936685,135.511641200
7742,135.504132407934,135.528929800
7743,135.521634879183,135.547738000
7744,135.539137350431,135.564995300
7745,135.556639821680,135.580958000
7746,135.574142292929,135.598019500
7747,135.591644764178,135.615641100
7748,135.609147235426,135.633184200
7749,135.626649706675,135.650405500
7750,135.644152177924,135.668589700
7751,135.661654649173,135.685704100
7752,135.679157120421,135.703764500
7753,135.696659591670,135.720863900
7754,135.714162062919,135.738009800
7755,135.731664534168,135.756056000
7756,135.749167005416,135.773105600
7757,135.766669476665,135.790695400
7758,135.784171947914,135.807966700
7759,135.801674419163,135.825950800
7760,135.819176890412,135.843230200
7761,135.836679361660,135.860555700
7762,135.854181832909,135.878333600
7763,135.871684304158,135.895784600
7764,135.889186775407,135.913215800
7765,135.906689246655,135.930901700
7766,135.924191717904,135.948741100
7767,135.941694189153,135.966071300
7768,135.959196660402,135.983399800
7769,135.976699131650,136.000940100
7770,135.994201602899,136.018347300
7771,136.011704074148,136.035655000
7772,136.029206545397,136.053017800
7773,136.046709016645,136.071501700
7774,136.064211487894,136.088293200
7775,136.081713959143,136.105703000
7776,136.099216430392,136.123003800
7777,136.116718901641,136.141141100
7778,136.134221372889,136.158191300
7779,136.151723844138,136.175694200
7780,136.169226315387,136.193602400
7781,136.186728786636,136.210977000
7782,136.204231257884,136.228152200
7783,136.221733729133,136.245763900
7784,136.239236200382,136.263181600
7785,136.256738671631,136.280861400
7786,136.274241142879,136.298466300
7787,136.291743614128,136.316072800
7788,136.309246085377,136.333641200
7789,136.326748556626,136.350973700
7790,136.344251027874,136.368287400
7791,136.361753499123,136.385761500
7792,136.379255970372,136.402924400
7793,136.396758441621,136.420558600
7794,136.414260912870,136.438265600
7795,136.431763384118,136.455929000
7796,136.449265855367,136.473980900
7797,136.466768326616,136.490946400
7798,136.484270797865,136.507907900
7799,136.501773269113,136.524458400
7800,136.519275740362,136.543070900
7801,136.536778211611,136.560656500
7802,136.554280682860,136.578683800
7803,136.571783154108,136.595918500
7804,136.589285625357,136.613047400
7805,136.606788096606,136.631506500
7806,136.624290567855,136.648290500
7807,136.641793039103,136.665804500
7808,136.659295510352,136.683135700
7809,136.676797981601,136.701053000
7810,136.694300452850,136.718345200
7811,136.711802924099,136.736278200
7812,136.729305395347,136.753420300
7813,136.746807866596,136.770887400
7814,136.764310337845,136.788070100
7815,136.781812809094,136.805636100
7816,136.799315280342,136.823036100
7817,136.816817751591,136.840711400
7818,136.834320222840,136.858271800
7819,136.851822694089,136.876432000
7820,136.869325165337,136.893409900
7821,136.886827636586,136.910587400
7822,136.904330107835,136.928462200
7823,136.921832579084,136.945943000
7824,136.939335050332,136.963322900
7825,136.956837521581,136.981265300
7826,136.974339992830,136.998169600
7827,136.991842464079,137.015603700
7828,137.009344935328,137.033604300
7829,137.026847406576,137.050616200
7830,137.044349877825,137.069805400
7831,137.061852349074,137.086509000
7832,137.079354820323,137.103306200
7833,137.096857291571,137.120738500
7834,137.114359762820,137.138774900
7835,137.131862234069,137.155811300
7836,137.149364705318,137.173610600
7837,137.166867176566,137.190918700
7838,137.184369647815,137.209204700
7839,137.201872119064,137.225885400
7840,137.219374590313,137.243094600
7841,137.236877061561,137.260864800
7842,137.254379532810,137.278703200
7843,137.271882004059,137.296091900
7844,137.289384475308,137.313698900
7845,137.306886946557,137.331063100
7846,137.324389417805,137.348818300
7847,137.341891889054,137.365903100
7848,137.359394360303,137.383640900
7849,137.376896831552,137.401321400
7850,137.394399302800,137.418323100
7851,137.411901774049,137.435926700
7852,137.429404245298,137.453340900
7853,137.446906716547,137.471081200
7854,137.464409187795,137.489047200
7855,137.481911659044,137.506431200
7856,137.499414130293,137.523784100
7857,137.516916601542,137.541218300
7858,137.534419072790,137.558758300
7859,137.551921544039,137.576123500
7860,137.569424015288,137.593677500
7861,137.586926486537,137.611183000
7862,137.604428957786,137.628276700
7863,137.621931429034,137.645955100
7864,137.639433900283,137.663261800
7865,137.656936371532,137.681106400
7866,137.674438842781,137.698727900
7867,137.691941314029,137.716390800
7868,137.709443785278,137.734229600
7869,137.726946256527,137.751706000
7870,137.744448727776,137.768961400
7871,137.761951199024,137.785972300
7872,137.779453670273,137.803347100
7873,137.796956141522,137.820787300
7874,137.814458612771,137.837549500
7875,137.831961084019,137.856023900
7876,137.849463555268,137.874351500
7877,137.866966026517,137.891719600
7878,137.884468497766,137.909062300
7879,137.901970969015,137.925976900
7880,137.919473440263,137.943631300
7881,137.936975911512,137.961294500
7882,137.954478382761,137.979272500
7883,137.971980854010,137.996299500
7884,137.989483325258,138.013780100
7885,138.006985796507,138.030833000
7886,138.024488267756,138.048352500
7887,138.041990739005,138.066194500
7888,138.059493210253,138.083493300
7889,138.076995681502,138.101851800
7890,138.094498152751,138.119332100
7891,138.112000624000,138.138188300
7892,138.129503095248,138.154619400
7893,138.147005566497,138.171645500
7894,138.164508037746,138.189092000
7895,138.182010508995,138.205839500
7896,138.199512980243,138.223397800
7897,138.217015451492,138.241610900
7898,138.234517922741,138.258425700
7899,138.252020393990,138.276042100
7900,138.269522865239,138.293404700
7901,138.287025336487,138.310817500
7902,138.304527807736,138.328635300
7903,138.322030278985,138.346678000
7904,138.339532750234,138.363915000
7905,138.357035221482,138.381015700
7906,138.374537692731,138.398812800
7907,138.392040163980,138.415895800
7908,138.409542635229,138.433352400
7909,138.427045106477,138.450756100
7910,138.444547577726,138.468583300
7911,138.462050048975,138.486171800
7912,138.479552520224,138.503180300
7913,138.497054991473,138.520959000
7914,138.514557462721,138.538608000
7915,138.532059933970,138.555862900
7916,138.549562405219,138.573468900
7917,138.567064876468,138.590760000
7918,138.584567347716,138.608137700
7919,138.602069818965,138.625875900
7920,138.619572290214,138.643497100
7921,138.637074761463,138.661025600
7922,138.654577232711,138.678698000
7923,138.672079703960,138.696006800
7924,138.689582175209,138.714299700
7925,138.707084646458,138.731248700
7926,138.724587117706,138.749077400
7927,138.742089588955,138.766228300
7928,138.759592060204,138.783585500
7929,138.777094531453,138.800817100
7930,138.794597002701,138.818515000
7931,138.812099473950,138.835838600
7932,138.829601945199,138.853287700
7933,138.847104416448,138.871130900
7934,138.864606887697,138.888886200
7935,138.882109358945,138.906042800
7936,138.899611830194,138.923273500
7937,138.917114301443,138.940773600
7938,138.934616772692,138.958764600
7939,138.952119243940,138.976635000
7940,138.969621715189,138.993356800
7941,138.987124186438,139.011463900
7942,139.004626657687,139.029863400
7943,139.022129128935,139.046125700
7944,139.039631600184,139.063833400
7945,139.057134071433,139.081713400
7946,139.074636542682,139.099158800
7947,139.092139013930,139.116345500
7948,139.109641485179,139.133600600
7949,139.127143956428,139.151274400
7950,139.144646427677,139.169565000
7951,139.162148898926,139.186877400
7952,139.179651370174,139.203858500
7953,139.197153841423,139.221354500
7954,139.214656312672,139.238541000
7955,139.232158783921,139.256609600
7956,139.249661255169,139.274324700
7957,139.267163726418,139.291445700
7958,139.284666197667,139.308628200
7959,139.302168668916,139.326333000
7960,139.319671140164,139.343725400
7961,139.337173611413,139.361115900
7962,139.354676082662,139.378892300
7963,139.372178553911,139.397041700
7964,139.389681025159,139.413833300
7965,139.407183496408,139.431179600
7966,139.424685967657,139.448716100
7967,139.442188438906,139.466111700
7968,139.459690910155,139.483636400
7969,139.477193381403,139.501648000
7970,139.494695852652,139.518848600
7971,139.512198323901,139.536480300
7972,139.529700795150,139.553760400
7973,139.547203266398,139.571342900
7974,139.564705737647,139.588805800
7975,139.582208208896,139.606257800
7976,139.599710680145,139.623702000
7977,139.617213151393,139.641672000
7978,139.634715622642,139.661283600
7979,139.652218093891,139.679283900
7980,139.669720565140,139.696047300
7981,139.687223036388,139.713677400
7982,139.704725507637,139.731211300
7983,139.722227978886,139.748669200
7984,139.739730450135,139.765824100
7985,139.757232921384,139.783575400
7986,139.774735392632,139.800909700
7987,139.792237863881,139.817169600
7988,139.809740335130,139.836226000
7989,139.827242806379,139.853954900
7990,139.844745277627,139.871319200
7991,139.862247748876,139.888790600
7992,139.879750220125,139.907126100
7993,139.897252691374,139.923846600
7994,139.914755162622,139.941359400
7995,139.932257633871,139.958382100
7996,139.949760105120,139.976218100
7997,139.967262576369,139.993380900
7998,139.984765047617,140.010824100
7999,140.002267518866,140.029265000
8000,140.019769990115,140.046041400
8001,140.037272461364,140.063430200
8002,140.054774932613,140.081091900
8003,140.072277403861,140.098509100
8004,140.089779875110,140.115940000
8005,140.107282346359,140.133623000
8006,140.124784817608,140.151253200
8007,140.142287288856,140.168742200
8008,140.159789760105,140.186161700
8009,140.177292231354,140.203710600
8010,140.194794702603,140.221405600
8011,140.212297173851,140.239429400
8012,140.229799645100,140.256233500
8013,140.247302116349,140.273389200
8014,140.264804587598,140.291627200
8015,140.282307058846,140.309084600
8016,140.299809530095,140.325922900
8017,140.317312001344,140.343582700
8018,140.334814472593,140.360982600
8019,140.352316943842,140.378726700
8020,140.369819415090,140.396213500
8021,140.387321886339,140.413820700
8022,140.404824357588,140.431367600
8023,140.422326828837,140.448605000
8024,140.439829300085,140.466005100
8025,140.457331771334,140.483783000
8026,140.474834242583,140.500932500
8027,140.492336713832,140.518908600
8028,140.509839185080,140.537264400
8029,140.527341656329,140.556299200
8030,140.544844127578,140.573133900
8031,140.562346598827,140.589962000
8032,140.579849070075,140.606322300
8033,140.597351541324,140.623291500
8034,140.614854012573,140.640681400
8035,140.632356483822,140.658684900
8036,140.649858955071,140.676210000
8037,140.667361426319,140.693910400
8038,140.684863897568,140.711627200
8039,140.702366368817,140.729327000
8040,140.719868840066,140.747179600
8041,140.737371311314,140.764533700
8042,140.754873782563,140.781126000
8043,140.772376253812,140.798996900
8044,140.789878725061,140.817222100
8045,140.807381196309,140.834115800
8046,140.824883667558,140.851568600
8047,140.842386138807,140.869002500
8048,140.859888610056,140.886503600
8049,140.877391081304,140.904083300
8050,140.894893552553,140.921625600
8051,140.912396023802,140.938797400
8052,140.929898495051,140.955917600
8053,140.947400966300,140.974274400
8054,140.964903437548,140.991445300
8055,140.982405908797,141.008904400
8056,140.999908380046,141.026650700
8057,141.017410851295,141.043870100
8058,141.034913322543,141.061199800
8059,141.052415793792,141.079271000
8060,141.069918265041,141.096758400
8061,141.087420736290,141.114000900
8062,141.104923207538,141.131447300
8063,141.122425678787,141.148726700
8064,141.139928150036,141.166355800
8065,141.157430621285,141.183943100
8066,141.174933092533,141.201043500
8067,141.192435563782,141.218807600
8068,141.209938035031,141.236353600
8069,141.227440506280,141.253886400
8070,141.244942977529,141.271361400
8071,141.262445448777,141.289453100
8072,141.279947920026,141.306358100
8073,141.297450391275,141.322216100
8074,141.314952862524,141.341161900
8075,141.332455333772,141.358676900
8076,141.349957805021,141.375942900
8077,141.367460276270,141.393772100
8078,141.384962747519,141.411142500
8079,141.402465218767,141.428776100
8080,141.419967690016,141.446462700
8081,141.437470161265,141.463721200
8082,141.454972632514,141.481154400
8083,141.472475103762,141.498572300
8084,141.489977575011,141.516011900
8085,141.507480046260,141.533602700
8086,141.524982517509,141.551712300
8087,141.542484988758,141.569695100
8088,141.559987460006,141.586425200
8089,141.577489931255,141.603910600
8090,141.594992402504,141.621352900
8091,141.612494873753,141.639092000
8092,141.629997345001,141.656675200
8093,141.647499816250,141.673708700
8094,141.665002287499,141.691498100
8095,141.682504758748,141.708776100
8096,141.700007229996,141.726169700
8097,141.717509701245,141.743573700
8098,141.735012172494,141.760911600
8099,141.752514643743,141.778565000
8100,141.770017114991,141.796267500
8101,141.787519586240,141.813842100
8102,141.805022057489,141.831262800
8103,141.822524528738,141.848715800
8104,141.840026999986,141.864879300
8105,141.857529471235,141.883835200
8106,141.875031942484,141.899585800
8107,141.892534413733,141.918899700
8108,141.910036884982,141.936602000
8109,141.927539356230,141.952126300
8110,141.945041827479,141.971319700
8111,141.962544298728,141.987127100
8112,141.980046769977,142.006415100
8113,141.997549241225,142.023660700
8114,142.015051712474,142.041643000
8115,142.032554183723,142.059351900
8116,142.050056654972,142.076110500
8117,142.067559126220,142.093601500
8118,142.085061597469,142.110933400
8119,142.102564068718,142.128552000
8120,142.120066539967,142.145856300
8121,142.137569011216,142.164052900
8122,142.155071482464,142.181018900
8123,142.172573953713,142.198589400
8124,142.190076424962,142.216593400
8125,142.207578896211,142.233775600
8126,142.225081367459,142.251402200
8127,142.242583838708,142.268788500
8128,142.260086309957,142.286116800
8129,142.277588781206,142.304013400
8130,142.295091252454,142.321078700
8131,142.312593723703,142.338543300
8132,142.330096194952,142.356207900
8133,142.347598666201,142.373613900
8134,142.365101137449,142.391670100
8135,142.382603608698,142.408941000
8136,142.400106079947,142.426198300
8137,142.417608551196,142.443585200
8138,142.435111022444,142.461036900
8139,142.452613493693,142.478922700
8140,142.470115964942,142.496144200
8141,142.487618436191,142.513922700
8142,142.505120907440,142.531733700
8143,142.522623378688,142.547833600
8144,142.540125849937,142.566697000
8145,142.557628321186,142.584502100
8146,142.575130792435,142.603672900
8147,142.592633263683,142.620547200
8148,142.610135734932,142.637185200
8149,142.627638206181,142.654126000
8150,142.645140677430,142.671611600
8151,142.662643148678,142.688662100
8152,142.680145619927,142.706939900
8153,142.697648091176,142.723811400
8154,142.715150562425,142.741212200
8155,142.732653033673,142.758458900
8156,142.750155504922,142.776044200
8157,142.767657976171,142.793654300
8158,142.785160447420,142.811072100
8159,142.802662918669,142.828636700
8160,142.820165389917,142.846912200
8161,142.837667861166,142.864344700
8162,142.855170332415,142.881438100
8163,142.872672803664,142.898899400
8164,142.890175274912,142.916587900
8165,142.907677746161,142.934265800
8166,142.925180217410,142.951208800
8167,142.942682688659,142.969045700
8168,142.960185159907,142.986539000
8169,142.977687631156,143.003861400
8170,142.995190102405,143.021185100
8171,143.012692573654,143.038982000
8172,143.030195044902,143.056537100
8173,143.047697516151,143.073642900
8174,143.065199987400,143.091497400
8175,143.082702458649,143.109089300
8176,143.100204929898,143.126163600
8177,143.117707401146,143.144284900
8178,143.135209872395,143.161810900
8179,143.152712343644,143.179104600
8180,143.170214814893,143.196964300
8181,143.187717286141,143.213806500
8182,143.205219757390,143.231597400
8183,143.222722228639,143.248726800
8184,143.240224699888,143.266598900
8185,143.257727171136,143.283886300
8186,143.275229642385,143.301676000
8187,143.292732113634,143.318906700
8188,143.310234584883,143.336691400
8189,143.327737056131,143.354628400
8190,143.345239527380,143.372147100
8191,143.362741998629,143.390023600
8192,143.380244469878,143.406438200
8193,143.397746941127,143.424480400
8194,143.415249412375,143.441856800
8195,143.432751883624,143.459573500
8196,143.450254354873,143.477148500
8197,143.467756826122,143.494979000
8198,143.485259297370,143.511712300
8199,143.502761768619,143.529179100
8200,143.520264239868,143.546809700
8201,143.537766711117,143.564170900
8202,143.555269182365,143.582468500
8203,143.572771653614,143.599264100
8204,143.590274124863,143.616774500
8205,143.607776596112,143.634136000
8206,143.625279067360,143.651330500
8207,143.642781538609,143.669415300
8208,143.660284009858,143.686413500
8209,143.677786481107,143.704667500
8210,143.695288952356,143.721739300
8211,143.712791423604,143.739448100
8212,143.730293894853,143.756589200
8213,143.747796366102,143.773864600
8214,143.765298837351,143.791692100
8215,143.782801308599,143.809541700
8216,143.800303779848,143.826657000
8217,143.817806251097,143.844432000
8218,143.835308722346,143.863320600
8219,143.852811193594,143.882332000
8220,143.870313664843,143.898688000
8221,143.887816136092,143.916201400
8222,143.905318607341,143.932099400
8223,143.922821078589,143.949387900
8224,143.940323549838,143.966535200
8225,143.957826021087,143.984070100
8226,143.975328492336,144.001265800
8227,143.992830963585,144.018860700
8228,144.010333434833,144.036987400
8229,144.027835906082,144.054539000
8230,144.045338377331,144.071633600
8231,144.062840848580,144.089164800
8232,144.080343319828,144.106699200
8233,144.097845791077,144.124607800
8234,144.115348262326,144.141339100
8235,144.132850733575,144.158871000
8236,144.150353204823,144.176648700
8237,144.167855676072,144.193705900
8238,144.185358147321,144.211374700
8239,144.202860618570,144.229328300
8240,144.220363089818,144.246628100
8241,144.237865561067,144.263553600
8242,144.255368032316,144.281419600
8243,144.272870503565,144.298847700
8244,144.290372974814,144.316084900
8245,144.307875446062,144.334453600
8246,144.325377917311,144.351691500
8247,144.342880388560,144.369466700
8248,144.360382859809,144.386407000
8249,144.377885331057,144.403687000
8250,144.395387802306,144.421312600
8251,144.412890273555,144.438613700
8252,144.430392744804,144.456136900
8253,144.447895216052,144.473791800
8254,144.465397687301,144.491403400
8255,144.482900158550,144.508666600
8256,144.500402629799,144.526600200
8257,144.517905101047,144.544704500
8258,144.535407572296,144.561456600
8259,144.552910043545,144.579067700
8260,144.570412514794,144.596326700
8261,144.587914986043,144.614318700
8262,144.605417457291,144.631610900
8263,144.622919928540,144.648977500
8264,144.640422399789,144.667132700
8265,144.657924871038,144.685306300
8266,144.675427342286,144.701695700
8267,144.692929813535,144.718855800
8268,144.710432284784,144.736494400
8269,144.727934756033,144.754377800
8270,144.745437227281,144.771391600
8271,144.762939698530,144.789614900
8272,144.780442169779,144.808633500
8273,144.797944641028,144.825261000
8274,144.815447112276,144.842624600
8275,144.832949583525,144.859603100
8276,144.850452054774,144.877999900
8277,144.867954526023,144.894566800
8278,144.885456997271,144.911517800
8279,144.902959468520,144.929680900
8280,144.920461939769,144.946900200
8281,144.937964411018,144.965142500
8282,144.955466882267,144.982573300
8283,144.972969353515,144.999681100
8284,144.990471824764,145.017287400
8285,145.007974296013,145.034748600
8286,145.025476767262,145.052035400
8287,145.042979238510,145.069798900
8288,145.060481709759,145.087632500
8289,145.077984181008,145.105595900
8290,145.095486652257,145.121930400
8291,145.112989123505,145.140346100
8292,145.130491594754,145.156291800
8293,145.147994066003,145.174976600
8294,145.165496537252,145.191732700
8295,145.182999008501,145.209362200
8296,145.200501479749,145.226883500
8297,145.218003950998,145.245230800
8298,145.235506422247,145.261762700
8299,145.253008893496,145.278966800
8300,145.270511364744,145.296710000
8301,145.288013835993,145.313918100
8302,145.305516307242,145.332375100
8303,145.323018778491,145.350020600
8304,145.340521249739,145.372432400
8305,145.358023720988,145.389072500
8306,145.375526192237,145.405206000
8307,145.393028663486,145.421707300
8308,145.410531134734,145.437759200
8309,145.428033605983,145.455081100
8310,145.445536077232,145.473373900
8311,145.463038548481,145.490476600
8312,145.480541019729,145.507683300
8313,145.498043490978,145.524287700
8314,145.515545962227,145.541968000
8315,145.533048433476,145.559537400
8316,145.550550904725,145.578327500
8317,145.568053375973,145.595219800
8318,145.585555847222,145.612090800
8319,145.603058318471,145.631581100
8320,145.620560789720,145.649368200
8321,145.638063260968,145.665271200
8322,145.655565732217,145.682377500
8323,145.673068203466,145.699780600
8324,145.690570674715,145.718309700
8325,145.708073145963,145.735078900
8326,145.725575617212,145.751824400
8327,145.743078088461,145.770279000
8328,145.760580559710,145.787016800
8329,145.778083030958,145.805040400
8330,145.795585502207,145.822659800
8331,145.813087973456,145.839626700
8332,145.830590444705,145.857321400
8333,145.848092915954,145.875425300
8334,145.865595387202,145.895502300
8335,145.883097858451,145.912464800
8336,145.900600329700,145.928838400
8337,145.918102800949,145.944875300
8338,145.935605272197,145.961982300
8339,145.953107743446,145.979954400
8340,145.970610214695,145.996960800
8341,145.988112685944,146.014078200
8342,146.005615157192,146.031471600
8343,146.023117628441,146.049099700
8344,146.040620099690,146.066713400
8345,146.058122570939,146.084103700
8346,146.075625042187,146.102695100
8347,146.093127513436,146.119108500
8348,146.110629984685,146.136715200
8349,146.128132455934,146.154789500
8350,146.145634927183,146.171651400
8351,146.163137398431,146.189422600
8352,146.180639869680,146.206471100
8353,146.198142340929,146.224108800
8354,146.215644812178,146.241889800
8355,146.233147283426,146.259263100
8356,146.250649754675,146.276493900
8357,146.268152225924,146.293967700
8358,146.285654697173,146.311677100
8359,146.303157168421,146.328977300
8360,146.320659639670,146.346400700
8361,146.338162110919,146.364107400
8362,146.355664582168,146.383004000
8363,146.373167053416,146.400403800
8364,146.390669524665,146.417054000
8365,146.408171995914,146.434814300
8366,146.425674467163,146.451769900
8367,146.443176938412,146.469176900
8368,146.460679409660,146.486938400
8369,146.478181880909,146.504296000
8370,146.495684352158,146.521971300
8371,146.513186823407,146.539822900
8372,146.530689294655,146.556817600
8373,146.548191765904,146.574213600
8374,146.565694237153,146.591878400
8375,146.583196708402,146.611684600
8376,146.600699179650,146.627692300
8377,146.618201650899,146.646586600
8378,146.635704122148,146.663740500
8379,146.653206593397,146.680057200
8380,146.670709064645,146.697425800
8381,146.688211535894,146.715049400
8382,146.705714007143,146.731909900
8383,146.723216478392,146.749149900
8384,146.740718949641,146.766843400
8385,146.758221420889,146.784265600
8386,146.775723892138,146.802497700
8387,146.793226363387,146.819381200
8388,146.810728834636,146.836693500
8389,146.828231305884,146.854084900
8390,146.845733777133,146.872094900
8391,146.863236248382,146.889100000
8392,146.880738719631,146.906780800
8393,146.898241190879,146.924311100
8394,146.915743662128,146.942715400
8395,146.933246133377,146.959257900
8396,146.950748604626,146.977172100
8397,146.968251075874,146.995105400
8398,146.985753547123,147.011818300
8399,147.003256018372,147.030167000
8400,147.020758489621,147.047172500
8401,147.038260960870,147.064624400
8402,147.055763432118,147.081819300
8403,147.073265903367,147.099650100
8404,147.090768374616,147.117523500
8405,147.108270845865,147.134264900
8406,147.125773317113,147.151643000
8407,147.143275788362,147.169210300
8408,147.160778259611,147.187434000
8409,147.178280730860,147.205317600
8410,147.195783202108,147.224596600
8411,147.213285673357,147.242625900
8412,147.230788144606,147.258008700
8413,147.248290615855,147.276229300
8414,147.265793087103,147.292421300
8415,147.283295558352,147.310019700
8416,147.300798029601,147.326575400
8417,147.318300500850,147.344281000
8418,147.335802972099,147.361468900
8419,147.353305443347,147.379090200
8420,147.370807914596,147.397139800
8421,147.388310385845,147.414605800
8422,147.405812857094,147.432131700
8423,147.423315328342,147.449362700
8424,147.440817799591,147.466817700
8425,147.458320270840,147.484450600
8426,147.475822742089,147.502060400
8427,147.493325213337,147.519292000
8428,147.510827684586,147.537043100
8429,147.528330155835,147.554682600
8430,147.545832627084,147.571681800
8431,147.563335098332,147.589360000
8432,147.580837569581,147.606864500
8433,147.598340040830,147.624792100
8434,147.615842512079,147.642272400
8435,147.633344983328,147.659623600
8436,147.650847454576,147.676811600
8437,147.668349925825,147.694747500
8438,147.685852397074,147.711862300
8439,147.703354868323,147.729193100
8440,147.720857339571,147.746889500
8441,147.738359810820,147.764155300
8442,147.755862282069,147.781701400
8443,147.773364753318,147.799948300
8444,147.790867224566,147.816812000
8445,147.808369695815,147.832847400
8446,147.825872167064,147.851877700
8447,147.843374638313,147.872179900
8448,147.860877109561,147.888211300
8449,147.878379580810,147.905338900
8450,147.895882052059,147.922499700
8451,147.913384523308,147.940048700
8452,147.930886994556,147.957165700
8453,147.948389465805,147.973970200
8454,147.965891937054,147.991623700
8455,147.983394408303,148.009333600
8456,148.000896879552,148.026948700
8457,148.018399350800,148.044393400
8458,148.035901822049,148.061933100
8459,148.053404293298,148.078448100
8460,148.070906764547,148.097020800
8461,148.088409235795,148.113752700
8462,148.105911707044,148.133620000
8463,148.123414178293,148.150063600
8464,148.140916649542,148.166160000
8465,148.158419120790,148.184488300
8466,148.175921592039,148.202148200
8467,148.193424063288,148.219585300
8468,148.210926534537,148.237511100
8469,148.228429005786,148.253122300
8470,148.245931477034,148.271338300
8471,148.263433948283,148.288271800
8472,148.280936419532,148.305912100
8473,148.298438890781,148.324302600
8474,148.315941362029,148.341682400
8475,148.333443833278,148.359421000
8476,148.350946304527,148.377120700
8477,148.368448775776,148.395709000
8478,148.385951247024,148.412335300
8479,148.403453718273,148.428831700
8480,148.420956189522,148.447173100
8481,148.438458660771,148.465003600
8482,148.455961132019,148.482272600
8483,148.473463603268,148.499506200
8484,148.490966074517,148.517751500
8485,148.508468545766,148.536065400
8486,148.525971017014,148.551735800
8487,148.543473488263,148.568446500
8488,148.560975959512,148.585419000
8489,148.578478430761,148.602182300
8490,148.595980902010,148.619833800
8491,148.613483373258,148.637167500
8492,148.630985844507,148.654971000
8493,148.648488315756,148.672753400
8494,148.665990787005,148.690064700
8495,148.683493258253,148.708152100
8496,148.700995729502,148.725095700
8497,148.718498200751,148.742553500
8498,148.736000672000,148.760714900
8499,148.753503143248,148.777286900
8500,148.771005614497,148.795421100
8501,148.788508085746,148.812729700
8502,148.806010556995,148.829882900
8503,148.823513028243,148.847195800
8504,148.841015499492,148.865383700
8505,148.858517970741,148.882374100
8506,148.876020441990,148.899722800
8507,148.893522913239,148.917328500
8508,148.911025384487,148.935175300
8509,148.928527855736,148.952773500
8510,148.946030326985,148.970657100
8511,148.963532798234,148.987500000
8512,148.981035269482,149.005220800
8513,148.998537740731,149.022272500
8514,149.016040211980,149.039937600
8515,149.033542683229,149.057474500
8516,149.051045154477,149.075035100
8517,149.068547625726,149.092775100
8518,149.086050096975,149.110186300
8519,149.103552568224,149.127516400
8520,149.121055039472,149.145326600
8521,149.138557510721,149.162520900
8522,149.156059981970,149.181539200
8523,149.173562453219,149.197991600
8524,149.191064924468,149.214763000
8525,149.208567395716,149.232582700
8526,149.226069866965,149.249791600
8527,149.243572338214,149.267843500
8528,149.261074809463,149.284977200
8529,149.278577280711,149.302454700
8530,149.296079751960,149.320128100
8531,149.313582223209,149.337479700
8532,149.331084694458,149.355153900
8533,149.348587165706,149.373361600
8534,149.366089636955,149.390143200
8535,149.383592108204,149.408079600
8536,149.401094579453,149.425226800
8537,149.418597050701,149.442566000
8538,149.436099521950,149.460458400
8539,149.453601993199,149.477424300
8540,149.471104464448,149.495849300
8541,149.488606935697,149.512662900
8542,149.506109406945,149.529937000
8543,149.523611878194,149.547177200
8544,149.541114349443,149.564926400
8545,149.558616820692,149.582242200
8546,149.576119291940,149.599766400
8547,149.593621763189,149.617778900
8548,149.611124234438,149.635276000
8549,149.628626705687,149.652768500
8550,149.646129176935,149.670205000
8551,149.663631648184,149.688052100
8552,149.681134119433,149.705678700
8553,149.698636590682,149.723518600
8554,149.716139061930,149.743350300
8555,149.733641533179,149.757954800
8556,149.751144004428,149.776282500
8557,149.768646475677,149.793971100
8558,149.786148946926,149.810078200
8559,149.803651418174,149.827761400
8560,149.821153889423,149.845074500
8561,149.838656360672,149.862697400
8562,149.856158831921,149.880159400
8563,149.873661303169,149.898478200
8564,149.891163774418,149.915688600
8565,149.908666245667,149.932856700
8566,149.926168716916,149.950231400
8567,149.943671188164,149.968428400
8568,149.961173659413,149.986566200
8569,149.978676130662,150.002642800
8570,149.996178601911,150.020175300
8571,150.013681073159,150.037596900
8572,150.031183544408,150.055479600
8573,150.048686015657,150.072931300
8574,150.066188486906,150.090205700
8575,150.083690958155,150.107735100
8576,150.101193429403,150.125474600
8577,150.118695900652,150.142890700
8578,150.136198371901,150.160102000
8579,150.153700843150,150.177527400
8580,150.171203314398,150.196107800
8581,150.188705785647,150.212521100
8582,150.206208256896,150.230644100
8583,150.223710728145,150.247739500
8584,150.241213199393,150.265350300
8585,150.258715670642,150.282485800
8586,150.276218141891,150.300117500
8587,150.293720613140,150.317678000
8588,150.311223084388,150.335467900
8589,150.328725555637,150.352919400
8590,150.346228026886,150.370166000
8591,150.363730498135,150.388200100
8592,150.381232969384,150.405107900
8593,150.398735440632,150.422809800
8594,150.416237911881,150.440652200
8595,150.433740383130,150.457851700
8596,150.451242854379,150.475993300
8597,150.468745325627,150.493618900
8598,150.486247796876,150.510696600
8599,150.503750268125,150.528836000
8600,150.521252739374,150.546609000
8601,150.538755210622,150.563915100
8602,150.556257681871,150.581849400
8603,150.573760153120,150.601064300
8604,150.591262624369,150.617519000
8605,150.608765095617,150.633696100
8606,150.626267566866,150.650803000
8607,150.643770038115,150.668177600
8608,150.661272509364,150.685748000
8609,150.678774980613,150.702910800
8610,150.696277451861,150.721062700
8611,150.713779923110,150.738152000
8612,150.731282394359,150.755836000
8613,150.748784865608,150.773029500
8614,150.766287336856,150.790304100
8615,150.783789808105,150.808035400
8616,150.801292279354,150.825389600
8617,150.818794750603,150.842992300
8618,150.836297221851,150.860359400
8619,150.853799693100,150.877807900
8620,150.871302164349,150.895508800
8621,150.888804635598,150.912790500
8622,150.906307106846,150.930348400
8623,150.923809578095,150.947885500
8624,150.941312049344,150.966054800
8625,150.958814520593,150.983240200
8626,150.976316991842,151.000669000
8627,150.993819463090,151.018357800
8628,151.011321934339,151.036320900
8629,151.028824405588,151.053276700
8630,151.046326876837,151.070722300
8631,151.063829348085,151.088360700
8632,151.081331819334,151.105671000
8633,151.098834290583,151.123059800
8634,151.116336761832,151.140946200
8635,151.133839233080,151.158258800
8636,151.151341704329,151.175815600
8637,151.168844175578,151.193316200
8638,151.186346646827,151.210840400
8639,151.203849118075,151.228586200
8640,151.221351589324,151.246475100
8641,151.238854060573,151.263584000
8642,151.256356531822,151.280712000
8643,151.273859003070,151.298065400
8644,151.291361474319,151.315777900
8645,151.308863945568,151.333686500
8646,151.326366416817,151.351265200
8647,151.343868888066,151.368593100
8648,151.361371359314,151.387013500
8649,151.378873830563,151.403227800
8650,151.396376301812,151.421090300
8651,151.413878773061,151.439159400
8652,151.431381244309,151.455962700
8653,151.448883715558,151.473203500
8654,151.466386186807,151.490309400
8655,151.483888658056,151.508678700
8656,151.501391129304,151.525657900
8657,151.518893600553,151.543097600
8658,151.536396071802,151.560842800
8659,151.553898543051,151.577930800
8660,151.571401014299,151.596062000
8661,151.588903485548,151.613250600
8662,151.606405956797,151.630518300
8663,151.623908428046,151.648819800
8664,151.641410899295,151.665838400
8665,151.658913370543,151.683061200
8666,151.676415841792,151.700656800
8667,151.693918313041,151.719049600
8668,151.711420784290,151.736723700
8669,151.728923255538,151.754003100
8670,151.746425726787,151.771206800
8671,151.763928198036,151.788231600
8672,151.781430669285,151.805915100
8673,151.798933140533,151.823454600
8674,151.816435611782,151.840315800
8675,151.833938083031,151.858154200
8676,151.851440554280,151.875262600
8677,151.868943025528,151.892931100
8678,151.886445496777,151.910438000
8679,151.903947968026,151.928106000
8680,151.921450439275,151.945857100
8681,151.938952910524,151.963059800
8682,151.956455381772,151.982087700
8683,151.973957853021,151.998621600
8684,151.991460324270,152.016035600
8685,152.008962795519,152.033050000
8686,152.026465266767,152.050973400
8687,152.043967738016,152.068268500
8688,152.061470209265,152.085958000
8689,152.078972680514,152.103124600
8690,152.096475151762,152.120408000
8691,152.113977623011,152.138665200
8692,152.131480094260,152.156076200
8693,152.148982565509,152.173590300
8694,152.166485036757,152.192887700
8695,152.183987508006,152.209380400
8696,152.201489979255,152.226162100
8697,152.218992450504,152.243582800
8698,152.236494921753,152.260521600
8699,152.253997393001,152.278298200
8700,152.271499864250,152.295414600
8701,152.289002335499,152.332832600
8702,152.306504806748,152.347247000
8703,152.324007277996,152.363163100
8704,152.341509749245,152.377218300
8705,152.359012220494,152.391528700
8706,152.376514691743,152.404898000
8707,152.394017162991,152.418151600
8708,152.411519634240,152.435978100
8709,152.429022105489,152.453752800
8710,152.446524576738,152.470656600
8711,152.464027047986,152.487972100
8712,152.481529519235,152.505460300
8713,152.499031990484,152.523143800
8714,152.516534461733,152.541496100
8715,152.534036932982,152.557962400
8716,152.551539404230,152.575808000
8717,152.569041875479,152.593816600
8718,152.586544346728,152.613121900
8719,152.604046817977,152.629801300
8720,152.621549289225,152.646693000
8721,152.639051760474,152.663077900
8722,152.656554231723,152.680808200
8723,152.674056702972,152.698602700
8724,152.691559174220,152.715895500
8725,152.709061645469,152.734248400
8726,152.726564116718,152.750763600
8727,152.744066587967,152.768275300
8728,152.761569059215,152.785412400
8729,152.779071530464,152.802866600
8730,152.796574001713,152.821100900
8731,152.814076472962,152.838112100
8732,152.831578944211,152.855973300
8733,152.849081415459,152.873057500
8734,152.866583886708,152.891160200
8735,152.884086357957,152.908403400
8736,152.901588829206,152.925888500
8737,152.919091300454,152.943647700
8738,152.936593771703,152.960977900
8739,152.954096242952,152.978670500
8740,152.971598714201,152.995776600
8741,152.989101185449,153.013177700
8742,153.006603656698,153.031066700
8743,153.024106127947,153.048153100
8744,153.041608599196,153.065651200
8745,153.059111070444,153.083331000
8746,153.076613541693,153.100343100
8747,153.094116012942,153.117932200
8748,153.111618484191,153.136144200
8749,153.129120955440,153.153331000
8750,153.146623426688,153.170714400
8751,153.164125897937,153.188287700
8752,153.181628369186,153.205990500
8753,153.199130840435,153.223565400
8754,153.216633311683,153.241139000
8755,153.234135782932,153.258150300
8756,153.251638254181,153.275952700
8757,153.269140725430,153.293165700
8758,153.286643196678,153.311275900
8759,153.304145667927,153.328388200
8760,153.321648139176,153.345759200
8761,153.339150610425,153.363158000
8762,153.356653081673,153.381419800
8763,153.374155552922,153.398188100
8764,153.391658024171,153.415604700
8765,153.409160495420,153.433537100
8766,153.426662966669,153.450773500
8767,153.444165437917,153.469624800
8768,153.461667909166,153.485818700
8769,153.479170380415,153.503157000
8770,153.496672851664,153.521090600
8771,153.514175322912,153.538274000
8772,153.531677794161,153.555474800
8773,153.549180265410,153.573245000
8774,153.566682736659,153.590871900
8775,153.584185207907,153.608267800
8776,153.601687679156,153.625803100
8777,153.619190150405,153.643410900
8778,153.636692621654,153.660781200
8779,153.654195092902,153.678559600
8780,153.671697564151,153.695832000
8781,153.689200035400,153.714028200
8782,153.706702506649,153.730973900
8783,153.724204977898,153.748462400
8784,153.741707449146,153.766103700
8785,153.759209920395,153.783171600
8786,153.776712391644,153.800866800
8787,153.794214862893,153.818277700
8788,153.811717334141,153.836021700
8789,153.829219805390,153.853392900
8790,153.846722276639,153.870587700
8791,153.864224747888,153.888595600
8792,153.881727219136,153.906088300
8793,153.899229690385,153.923098900
8794,153.916732161634,153.940883700
8795,153.934234632883,153.958469000
8796,153.951737104131,153.975544900
8797,153.969239575380,153.993570900
8798,153.986742046629,154.010966300
8799,154.004244517878,154.029018800
8800,154.021746989127,154.045972500
8801,154.039249460375,154.063293900
8802,154.056751931624,154.081211000
8803,154.074254402873,154.098737600
8804,154.091756874122,154.116482700
8805,154.109259345370,154.133675300
8806,154.126761816619,154.150938400
8807,154.144264287868,154.168104800
8808,154.161766759117,154.185778000
8809,154.179269230365,154.203632100
8810,154.196771701614,154.220812700
8811,154.214274172863,154.238336600
8812,154.231776644112,154.256073700
8813,154.249279115360,154.274230500
8814,154.266781586609,154.290930600
8815,154.284284057858,154.308391800
8816,154.301786529107,154.325921100
8817,154.319289000355,154.343418200
8818,154.336791471604,154.361269100
8819,154.354293942853,154.378637400
8820,154.371796414102,154.395902400
8821,154.389298885351,154.413491900
8822,154.406801356599,154.430864300
8823,154.424303827848,154.448496000
8824,154.441806299097,154.466210900
8825,154.459308770346,154.483300400
8826,154.476811241594,154.500692700
8827,154.494313712843,154.518940100
8828,154.511816184092,154.536675300
8829,154.529318655341,154.555610200
8830,154.546821126589,154.572317200
8831,154.564323597838,154.589180200
8832,154.581826069087,154.605684800
8833,154.599328540336,154.623093800
8834,154.616831011584,154.641533700
8835,154.634333482833,154.658479600
8836,154.651835954082,154.675613900
8837,154.669338425331,154.694187900
8838,154.686840896580,154.712172000
8839,154.704343367828,154.728879400
8840,154.721845839077,154.746400300
8841,154.739348310326,154.764279500
8842,154.756850781575,154.780934400
8843,154.774353252823,154.798456200
8844,154.791855724072,154.815788700
8845,154.809358195321,154.833666900
8846,154.826860666570,154.850813000
8847,154.844363137818,154.868323700
8848,154.861865609067,154.886240000
8849,154.879368080316,154.903397600
8850,154.896870551565,154.920692800
8851,154.914373022813,154.938256200
8852,154.931875494062,154.956363300
8853,154.949377965311,154.973206100
8854,154.966880436560,154.990998700
8855,154.984382907809,155.008532700
8856,155.001885379057,155.025936900
8857,155.019387850306,155.043908000
8858,155.036890321555,155.061000900
8859,155.054392792804,155.079231100
8860,155.071895264052,155.096859500
